group	x	y
32535	-1304337600	11.4
32535	-1301745600	4.3
32535	-1299067200	-0.6
32535	-1296475200	-6
32535	-1293796800	-17.7
32535	-1291118400	-15.9
32535	-1288699200	0.8
32535	-1286020800	1.9
32535	-1283428800	9.5
32535	-1280750400	14.5
32535	-1278158400	19.7
32535	-1275480000	20.6
32535	-1272801600	9.8
32535	-1270209600	7.6
32535	-1267531200	-2.4
32535	-1264939200	-11.3
32535	-1262260800	-19.8
32535	-1259582400	-3.4
32535	-1257163200	-3.1
32535	-1254484800	7.9
32535	-1251892800	10.1
32535	-1249214400	15.3
32535	-1246622400	21
32535	-1243944000	20.6
32535	-1241265600	12.4
32535	-1238673600	2.6
32535	-1235995200	-2.7
32535	-1233403200	-4.9
32535	-1230724800	-4.6
32535	-1228046400	-0.7
32535	-1225627200	-1.3
32535	-1222948800	5.9
32535	-1220356800	11.9
32535	-1217678400	17.4
32535	-1215086400	19.3
32535	-1212408000	18.6
32535	-1209729600	12.5
32535	-1207137600	7
32535	-1204459200	-5
32535	-1201867200	-7.4
32535	-1199188800	-10.3
32535	-1196510400	-9.3
32535	-1194004800	-7.3
32535	-1191326400	6.4
32535	-1188734400	11.8
32535	-1186056000	16
32535	-1183464000	19.8
32535	-1180785600	19
32535	-1178107200	12.4
32535	-1175515200	4.1
32535	-1172836800	-3.1
32535	-1170244800	-9.3
32535	-1167566400	-8.9
32535	-1164888000	-11.5
32535	-1162468800	-0.9
32535	-1159790400	3.5
32535	-1157198400	10.9
32535	-1154520000	18.2
32535	-1151928000	20.2
32535	-1149249600	19.1
32535	-1146571200	11.8
32535	-1143979200	4.2
32535	-1141300800	0
32535	-1138708800	-13.4
32535	-1136030400	-5.2
32535	-1133352000	-3.3
32535	-1130932800	-2.8
32535	-1128254400	8.2
32535	-1125662400	14.1
32535	-1122984000	14.2
32535	-1120392000	19.8
32535	-1117713600	18.7
32535	-1115035200	8.9
32535	-1112443200	7.3
32535	-1109764800	0
32535	-1107172800	-9.3
32535	-1104494400	-16.4
32535	-1101816000	-5.8
32535	-1099396800	-5.9
32535	-1096718400	1.6
32535	-1094126400	9.1
32535	-1091448000	14.9
32535	-1088856000	20.6
32535	-1086177600	17.7
32535	-1083499200	13.7
32535	-1080907200	5.8
32535	-1078228800	-5.2
32535	-1075636800	-6.3
32535	-1072958400	-14.7
32535	-1070280000	-26.2
32535	-1067774400	-3.2
32535	-1065096000	3.4
32535	-1062504000	15.8
32535	-1059825600	17.6
32535	-1057233600	24.8
32535	-1054555200	19.3
32535	-1051876800	13.1
32535	-1049284800	7.6
32535	-1046606400	-0.5
32535	-1044014400	-9.8
32535	-1041336000	-21.8
32535	-1038657600	-13.4
32535	-1036238400	-3.4
32535	-1033560000	6.1
32535	-1030968000	12.3
32535	-1028289600	16.4
32535	-1025697600	20.9
32535	-1023019200	18.3
32535	-1020340800	13.5
32535	-1017748800	8
32535	-1015070400	-3.8
32535	-1012478400	-10.4
32535	-1009800000	-6.1
32535	-1007121600	-15.9
32535	-1004702400	-2.4
32535	-1002024000	5.5
32535	-999432000	10.1
32535	-996753600	16.9
32535	-994161600	20.4
32535	-991483200	18.5
32535	-988804800	18
32535	-986212800	8.5
32535	-983534400	-3.3
32535	-980942400	-6
32535	-978264000	-4.8
32535	-975585600	-14.7
32535	-973166400	-3.2
32535	-970488000	6.6
32535	-967896000	13.8
32535	-965217600	13.1
32535	-962625600	21.2
32535	-959947200	19.9
32535	-957268800	13.6
32535	-954676800	4
32535	-951998400	2.6
32535	-949406400	-2.6
32535	-946728000	-15.6
32535	-944049600	-11.1
32535	-941544000	-3.2
32535	-938865600	2.1
32535	-936273600	13.5
32535	-933595200	16.7
32535	-931003200	20
32535	-928324800	20.2
32535	-925646400	16.9
32535	-923054400	9.5
32535	-920376000	-8.7
32535	-917784000	-4.8
32535	-915105600	-9
32535	-912427200	-7.5
32535	-910008000	-1.8
32535	-907329600	7.1
32535	-904737600	12.5
32535	-902059200	16.9
32535	-899467200	21.6
32535	-896788800	19.6
32535	-894110400	10.3
32535	-891518400	6.7
32535	-888840000	0.8
32535	-886248000	-5
32535	-883569600	-7.6
32535	-880891200	-10.7
32535	-878472000	-2.2
32535	-875793600	7
32535	-873201600	10.1
32535	-870523200	13
32535	-867931200	19
32535	-865252800	18
32535	-862574400	12.5
32535	-859982400	6.1
32535	-857304000	-5.4
32535	-854712000	-9.1
32535	-852033600	-18
32535	-849355200	-6.8
32535	-846936000	-9.8
32535	-844257600	8.6
32535	-841665600	9.2
32535	-838987200	13.8
32535	-836395200	19.7
32535	-833716800	18.7
32535	-831038400	12.9
32535	-828446400	9.2
32535	-825768000	-0.7
32535	-823176000	-4.6
32535	-820497600	-4.4
32535	-817819200	-7.3
32535	-815313600	-6.4
32535	-812635200	7.4
32535	-810043200	13.4
32535	-807364800	14.4
32535	-804772800	19.6
32535	-802094400	17.1
32535	-799416000	13.7
32535	-796824000	10.4
32535	-794145600	-5.6
32535	-791553600	-8.9
32535	-788875200	-9.8
32535	-786196800	-10
32535	-783777600	-0.7
32535	-781099200	2.7
32535	-778507200	9.6
32535	-775828800	13.9
32535	-773236800	20.9
32535	-770558400	19.4
32535	-767880000	10.7
32535	-765288000	7.8
32535	-762609600	-6.6
32535	-760017600	-10.8
32535	-757339200	-7.6
32535	-754660800	-8.2
32535	-752241600	3.1
32535	-749563200	9.2
32535	-746971200	9.9
32535	-744292800	15.3
32535	-741700800	20.7
32535	-739022400	17.8
32535	-736344000	12.3
32535	-733752000	3.6
32535	-731073600	-6.8
32535	-728481600	-8.3
32535	-725803200	-7.7
32535	-723124800	-11.4
32535	-720705600	-7
32535	-718027200	6.4
32535	-715435200	11.2
32535	-712756800	14.5
32535	-710164800	22.4
32535	-707486400	18.7
32535	-704808000	12.4
32535	-702216000	8.7
32535	-699537600	-5
32535	-696945600	-5.5
32535	-694267200	-6
32535	-691588800	-14
32535	-689083200	-7.9
32535	-686404800	3.7
32535	-683812800	11.9
32535	-681134400	16.4
32535	-678542400	19
32535	-675864000	19.9
32535	-673185600	14.8
32535	-670593600	7.4
32535	-667915200	-1.1
32535	-665323200	-13.9
32535	-662644800	-18.3
32535	-659966400	-16.5
32535	-657547200	-4.5
32535	-654868800	9.6
32535	-652276800	13.5
32535	-649598400	16.2
32535	-647006400	19.1
32535	-644328000	20.9
32535	-641649600	13.6
32535	-639057600	4.1
32535	-636379200	4.5
32535	-633787200	-14.6
32535	-631108800	-26.3
32535	-628430400	-9
32535	-626011200	-6.1
32535	-623332800	3.2
32535	-620740800	9.9
32535	-618062400	14.7
32535	-615470400	18.7
32535	-612792000	17.4
32535	-610113600	13.2
32535	-607521600	5.7
32535	-604843200	-4.5
32535	-602251200	-6.9
32535	-599572800	-14.9
32535	-596894400	-12.9
32535	-594475200	-12.3
32535	-591796800	3.2
32535	-589204800	11.9
32535	-586526400	12.5
32535	-583934400	19.6
32535	-581256000	16.3
32535	-578577600	10.2
32535	-575985600	2.5
32535	-573307200	-2.5
32535	-570715200	-13.2
32535	-568036800	-16
32535	-565358400	-8
32535	-562852800	-9.1
32535	-560174400	8.1
32535	-557582400	11.2
32535	-554904000	15.1
32535	-552312000	17.2
32535	-549633600	17.6
32535	-546955200	14.1
32535	-544363200	7.2
32535	-541684800	-2.6
32535	-539092800	-7.7
32535	-536414400	-8.5
32535	-533736000	-5.6
32535	-531316800	-2.4
32535	-528638400	1.3
32535	-526046400	9
32535	-523368000	13.7
32535	-520776000	19
32535	-518097600	19
32535	-515419200	13.6
32535	-512827200	9.8
32535	-510148800	1.3
32535	-507556800	-4.8
32535	-504878400	-18.9
32535	-502200000	-0.5
32535	-499780800	-7.1
32535	-497102400	0
32535	-494510400	9.6
32535	-491832000	13.2
32535	-489240000	19.8
32535	-486561600	18
32535	-483883200	12.4
32535	-481291200	6.4
32535	-478612800	4.2
32535	-476020800	-2.2
32535	-473342400	-9.4
32535	-470664000	-11.2
32535	-468244800	-9
32535	-465566400	3.3
32535	-462974400	9.4
32535	-460296000	15.1
32535	-457704000	18.2
32535	-455025600	19
32535	-452347200	11.1
32535	-449755200	7.7
32535	-447076800	-11.5
32535	-444484800	-13.6
32535	-441806400	-15.6
32535	-439128000	-13.8
32535	-436622400	-4.7
32535	-433944000	3.4
32535	-431352000	11.4
32535	-428673600	16.7
32535	-426081600	18.7
32535	-423403200	17.6
32535	-420724800	13
32535	-418132800	6.4
32535	-415454400	-0.1
32535	-412862400	-6.2
32535	-410184000	-16.9
32535	-407505600	-10.7
32535	-405086400	-3
32535	-402408000	4.7
32535	-399816000	13.2
32535	-397137600	15.2
32535	-394545600	20.6
32535	-391867200	17.2
32535	-389188800	13.2
32535	-386596800	2.6
32535	-383918400	-0.9
32535	-381326400	-1.8
32535	-378648000	-3.3
32535	-375969600	-10.8
32535	-373550400	-7.1
32535	-370872000	5.7
32535	-368280000	14.9
32535	-365601600	14.7
32535	-363009600	17.7
32535	-360331200	20.9
32535	-357652800	13.2
32535	-355060800	7.6
32535	-352382400	-2.9
32535	-349790400	-6.8
32535	-347112000	-13.6
32535	-344433600	-14.4
32535	-342014400	1
32535	-339336000	4.8
32535	-336744000	8.5
32535	-334065600	16.4
32535	-331473600	19.9
32535	-328795200	17.1
32535	-326116800	11.2
32535	-323524800	4
32535	-320846400	-5.1
32535	-318254400	-2
32535	-315576000	-11.3
32535	-312897600	-10.2
32536	-2145873600	-4.2
32536	-2143195200	-7.4
32536	-2140776000	-1.3
32536	-2138097600	5.5
32536	-2135505600	11
32536	-2132827200	11.6
32536	-2130235200	15.3
32536	-2127556800	16.1
32536	-2124878400	11.3
32536	-2122286400	8.5
32536	-2119608000	-3.1
32536	-2117016000	-7.7
32536	-2114337600	-5.1
32536	-2111659200	-5.8
32536	-2109240000	-7.8
32536	-2106561600	5
32536	-2103969600	8.6
32536	-2101291200	15.8
32536	-2098699200	16
32536	-2096020800	15
32536	-2093342400	10.1
32536	-2090750400	9.4
32536	-2088072000	-3.1
32536	-2085480000	-0.3
32536	-2082801600	-5.9
32536	-2080123200	-16
32536	-2077617600	-8.9
32536	-2074939200	7.5
32536	-2072347200	11
32536	-2069668800	14.4
32536	-2067076800	18.6
32536	-2064398400	17.1
32536	-2061720000	12.9
32536	-2059128000	8.8
32536	-2056449600	5.7
32536	-2053857600	-4
32536	-2051179200	-9.9
32536	-2048500800	-9.2
32536	-2046081600	3.8
32536	-2043403200	6.2
32536	-2040811200	9.7
32536	-2038132800	13.7
32536	-2035540800	18.4
32536	-2032862400	18.8
32536	-2030184000	13.2
32536	-2027592000	4.3
32536	-2024913600	2.2
32536	-2022321600	-1.4
32536	-2019643200	-6.2
32536	-2016964800	-3.4
32536	-2014545600	-3.5
32536	-2011867200	9.7
32536	-2009275200	9
32536	-2006596800	14.2
32536	-2004004800	19.6
32536	-2001326400	17.1
32536	-1998648000	13.1
32536	-1996056000	9.2
32536	-1993377600	-1.2
32536	-1990785600	-9.2
32536	-1988107200	-19.4
32536	-1985428800	-4.1
32536	-1983009600	-2.8
32536	-1980331200	3.1
32536	-1977739200	8.6
32536	-1975060800	13.8
32536	-1972468800	17
32536	-1969790400	15.1
32536	-1967112000	10.7
32536	-1964520000	10.7
32536	-1961841600	3.3
32536	-1959249600	-1.9
32536	-1956571200	-2.1
32536	-1953892800	-5
32536	-1951387200	-5.6
32536	-1948708800	7
32536	-1946116800	10.3
32536	-1943438400	12.9
32536	-1940846400	17.6
32536	-1938168000	15.2
32536	-1935489600	12.6
32536	-1932897600	5.7
32536	-1930219200	1.9
32536	-1927627200	-4.4
32536	-1924948800	-14.1
32536	-1922270400	-7.4
32536	-1919851200	0.2
32536	-1917172800	0.6
32536	-1914580800	8.5
32536	-1911902400	14.3
32536	-1909310400	17.3
32536	-1906632000	16.9
32536	-1903953600	14.4
32536	-1901361600	6.7
32536	-1898683200	-4.1
32536	-1896091200	-10.1
32536	-1893412800	-4.4
32536	-1890734400	-12.7
32536	-1888315200	5.9
32536	-1885636800	10.1
32536	-1883044800	12
32536	-1880366400	15.3
32536	-1877774400	19.1
32536	-1875096000	14.9
32536	-1872417600	11.1
32536	-1869825600	9
32536	-1867147200	-1.2
32536	-1864555200	-3.7
32536	-1861876800	-9.5
32536	-1859198400	-9
32536	-1856779200	3.5
32536	-1854100800	3.2
32536	-1851508800	9.4
32536	-1848830400	16.6
32536	-1846238400	15.6
32536	-1843560000	14.5
32536	-1840881600	10.2
32536	-1838289600	6.1
32536	-1835611200	-6
32536	-1833019200	-5
32536	-1830340800	-9.9
32536	-1827662400	-2.2
32536	-1825156800	-7.2
32536	-1822478400	6.9
32536	-1819886400	11.2
32536	-1817208000	16.9
32536	-1814616000	14.8
32536	-1811937600	15.9
32536	-1809259200	8.5
32536	-1806667200	5.8
32536	-1803988800	1.4
32536	-1801396800	-2.7
32536	-1798718400	-13.7
32536	-1796040000	-10
32536	-1793620800	-7.3
32536	-1790942400	6.6
32536	-1788350400	9.2
32536	-1785672000	16.1
32536	-1783080000	16.3
32536	-1780401600	17.4
32536	-1777723200	12.7
32536	-1775131200	4
32536	-1772452800	1.7
32536	-1769860800	-2.2
32536	-1767182400	-8.3
32536	-1764504000	-11.7
32536	-1762084800	-1.5
32536	-1759406400	5.8
32536	-1756814400	10.7
32536	-1754136000	14.4
32536	-1751544000	19.7
32536	-1748865600	16.7
32536	-1746187200	11.6
32536	-1743595200	6.1
32536	-1740916800	2.2
32536	-1738324800	-12.6
32536	-1735646400	-8.2
32536	-1732968000	-6.7
32536	-1730548800	-1.8
32536	-1727870400	9.7
32536	-1725278400	10.1
32536	-1722600000	12.1
32536	-1720008000	14.9
32536	-1717329600	19.3
32536	-1714651200	9.7
32536	-1712059200	8.6
32536	-1709380800	-1.5
32536	-1706788800	-4
32536	-1704110400	-22.8
32536	-1701432000	-7.6
32536	-1698926400	-0.1
32536	-1696248000	6.9
32536	-1693656000	8.3
32536	-1690977600	13.4
32536	-1688385600	17.4
32536	-1685707200	15.8
32536	-1683028800	11.6
32536	-1680436800	4.5
32536	-1677758400	0.2
32536	-1675166400	-11.1
32536	-1672488000	-10.4
32536	-1669809600	-12.1
32536	-1667390400	-3.1
32536	-1664712000	3.4
32536	-1662120000	9.6
32536	-1659441600	13.3
32536	-1656849600	19.3
32536	-1654171200	16.4
32536	-1651492800	12.5
32536	-1648900800	5.3
32536	-1646222400	7
32536	-1643630400	-14.2
32536	-1640952000	-10
32536	-1638273600	-8
32536	-1635854400	0.3
32536	-1633176000	5.6
32536	-1630584000	9.4
32536	-1627905600	16.6
32536	-1625313600	17.9
32536	-1622635200	17.1
32536	-1619956800	12.6
32536	-1617364800	8.2
32536	-1614686400	0.5
32536	-1612094400	-1.6
32536	-1609416000	1.3
32536	-1606737600	-10.4
32536	-1604318400	-8.6
32536	-1601640000	7.3
32536	-1599048000	10.4
32536	-1596369600	15.4
32536	-1593777600	18.2
32536	-1591099200	18.3
32536	-1588420800	11.9
32536	-1585828800	0
32536	-1583150400	-5.9
32536	-1580558400	-7.6
32536	-1577880000	-11.5
32536	-1575201600	-4.2
32536	-1572696000	-3
32536	-1570017600	-0.7
32536	-1567425600	8.4
32536	-1564747200	13.2
32536	-1562155200	19.5
32536	-1559476800	17.9
32536	-1556798400	11.7
32536	-1554206400	6
32536	-1551528000	-0.4
32536	-1548936000	-5.6
32536	-1546257600	-5.2
32536	-1543579200	-4.3
32536	-1541160000	-4.4
32536	-1538481600	5
32536	-1535889600	9.6
32536	-1533211200	16.5
32536	-1530619200	18
32536	-1527940800	16.7
32536	-1525262400	9.8
32536	-1522670400	9.5
32536	-1519992000	-5.2
32536	-1517400000	-6
32536	-1514721600	-8.3
32536	-1512043200	-15.1
32536	-1509624000	-2.6
32536	-1506945600	2.6
32536	-1504353600	10.3
32536	-1501675200	16.4
32536	-1499083200	16.9
32536	-1496404800	17.9
32536	-1493726400	14.2
32536	-1491134400	8
32536	-1488456000	0.8
32536	-1485864000	-10.2
32536	-1483185600	-5.8
32536	-1480507200	-8.3
32536	-1478088000	-1
32536	-1475409600	4.9
32536	-1472817600	10.4
32536	-1470139200	15.1
32536	-1467547200	18.6
32536	-1464868800	16.4
32536	-1462190400	12.5
32536	-1459598400	6.7
32536	-1456920000	4.8
32536	-1454328000	-3.3
32536	-1451649600	-10.2
32536	-1448971200	-0.8
32536	-1446465600	-1.4
32536	-1443787200	4.2
32536	-1441195200	11.2
32536	-1438516800	12.9
32536	-1435924800	18.1
32536	-1433246400	15.7
32536	-1430568000	12.8
32536	-1427976000	8.4
32536	-1425297600	-2.8
32536	-1422705600	-12.4
32536	-1420027200	-8.2
32536	-1417348800	-6.8
32536	-1414929600	-2.8
32536	-1412251200	6.7
32536	-1409659200	11.5
32536	-1406980800	15.6
32536	-1404388800	18.2
32536	-1401710400	16.5
32536	-1399032000	10.1
32536	-1396440000	0.1
32536	-1393761600	1
32536	-1391169600	-0.4
32536	-1388491200	-2
32536	-1385812800	-1.3
32536	-1383393600	1.8
32536	-1380715200	6.8
32536	-1378123200	11.8
32536	-1375444800	14.4
32536	-1372852800	18.8
32536	-1370174400	15
32536	-1367496000	6.2
32536	-1364904000	7.5
32536	-1362225600	-2.9
32536	-1359633600	-6.9
32536	-1356955200	-7.6
32536	-1354276800	-7.3
32536	-1351857600	-0.2
32536	-1349179200	3.2
32536	-1346587200	7.4
32536	-1343908800	14.7
32536	-1341316800	16.5
32536	-1338638400	15.8
32536	-1335960000	10.8
32536	-1333368000	8.1
32536	-1330689600	-7.7
32536	-1328097600	-14
32536	-1325419200	-5.4
32536	-1322740800	-3.3
32536	-1320235200	0.1
32536	-1317556800	3.1
32536	-1314964800	13.6
32536	-1312286400	13.1
32536	-1309694400	17.4
32536	-1307016000	15
32536	-1304337600	11.6
32536	-1301745600	3.9
32536	-1299067200	1
32536	-1296475200	-3.5
32536	-1293796800	-14.9
32536	-1291118400	-13.2
32536	-1288699200	1.5
32536	-1286020800	2
32536	-1283428800	9.3
32536	-1280750400	14.5
32536	-1278158400	17.8
32536	-1275480000	18.8
32536	-1272801600	9.5
32536	-1270209600	8.2
32536	-1267531200	0.4
32536	-1264939200	-8.3
32536	-1262260800	-15.4
32536	-1259582400	0.4
32536	-1257163200	-0.7
32536	-1254484800	8.4
32536	-1251892800	9.9
32536	-1249214400	14.1
32536	-1246622400	18.2
32536	-1243944000	18.5
32536	-1241265600	12.2
32536	-1238673600	4.4
32536	-1235995200	1.2
32536	-1233403200	1.8
32536	-1230724800	1.8
32536	-1228046400	1.5
32536	-1225627200	-0.4
32536	-1222948800	6.3
32536	-1220356800	11.7
32536	-1217678400	15.9
32536	-1215086400	18.1
32536	-1212408000	18
32536	-1209729600	12.1
32536	-1207137600	8.6
32536	-1204459200	-2.3
32536	-1201867200	-2.4
32536	-1199188800	-8.3
32536	-1196510400	-6.7
32536	-1194004800	-6.7
32536	-1191326400	6.9
32536	-1188734400	11.2
32536	-1186056000	15.8
32536	-1183464000	18.3
32536	-1180785600	17.3
32536	-1178107200	12.8
32536	-1175515200	5.5
32536	-1172836800	-1
32536	-1170244800	-6.4
32536	-1167566400	-4.9
32536	-1164888000	-7.9
32536	-1162468800	-1
32536	-1159790400	3.5
32536	-1157198400	10.2
32536	-1154520000	16.7
32536	-1151928000	18.8
32536	-1149249600	17.4
32536	-1146571200	11
32536	-1143979200	4.7
32536	-1141300800	2.4
32536	-1138708800	-13.3
32536	-1136030400	-0.2
32536	-1133352000	-0.6
32536	-1130932800	-0.2
32536	-1128254400	9.1
32536	-1125662400	14
32536	-1122984000	14
32536	-1120392000	18
32536	-1117713600	17
32536	-1115035200	8.7
32536	-1112443200	8.3
32536	-1109764800	2.5
32536	-1107172800	-5.6
32536	-1104494400	-11.6
32536	-1101816000	0
32536	-1099396800	-4.8
32536	-1096718400	1.3
32536	-1094126400	9.1
32536	-1091448000	14.5
32536	-1088856000	18.5
32536	-1086177600	16.4
32536	-1083499200	12.9
32536	-1080907200	5.7
32536	-1078228800	-3.3
32536	-1075636800	-1.1
32536	-1072958400	-11.3
32536	-1070280000	-23.4
32536	-1067774400	-1.9
32536	-1065096000	4.2
32536	-1062504000	14.4
32536	-1059825600	16.1
32536	-1057233600	21.3
32536	-1054555200	18.1
32536	-1051876800	12.8
32536	-1049284800	8.8
32536	-1046606400	2.7
32536	-1044014400	-8.1
32536	-1041336000	-18.8
32536	-1038657600	-11.4
32536	-1036238400	-1.7
32536	-1033560000	7
32536	-1030968000	11.4
32536	-1028289600	14.7
32536	-1025697600	18.7
32536	-1023019200	16.2
32536	-1020340800	12.9
32536	-1017748800	9
32536	-1015070400	-3
32536	-1012478400	-5.9
32536	-1009800000	-3.5
32536	-1007121600	-13.4
32536	-1004702400	-0.3
32536	-1002024000	5.4
32536	-999432000	10.2
32536	-996753600	15.8
32536	-994161600	19.1
32536	-991483200	16.2
32536	-988804800	17
32536	-986212800	8.9
32536	-983534400	-1.6
32536	-980942400	-3.4
32536	-978264000	-1
32536	-975585600	-13.1
32536	-973166400	-1.7
32536	-970488000	6.7
32536	-967896000	12.7
32536	-965217600	11.9
32536	-962625600	19.3
32536	-959947200	17.5
32536	-957268800	12.4
32536	-954676800	4.9
32536	-951998400	5.7
32536	-949406400	0.6
32536	-946728000	-9.3
32536	-944049600	-9.8
32536	-941544000	1
32536	-938865600	3.6
32536	-936273600	13.1
32536	-933595200	16
32536	-931003200	18.5
32536	-928324800	18.1
32536	-925646400	15.1
32536	-923054400	9.1
32536	-920376000	-5.6
32536	-917784000	-1.5
32536	-915105600	-5.3
32536	-912427200	-4.2
32536	-910008000	0.4
32536	-907329600	7.4
32536	-904737600	10.9
32536	-902059200	15.5
32536	-899467200	19.9
32536	-896788800	16.6
32536	-894110400	9.4
32536	-891518400	7
32536	-888840000	2.7
32536	-886248000	-4.5
32536	-883569600	-2
32536	-880891200	-8.1
32536	-878472000	1.2
32536	-875793600	6.7
32536	-873201600	9.6
32536	-870523200	13
32536	-867931200	17.7
32536	-865252800	16.7
32536	-862574400	12.2
32536	-859982400	7.8
32536	-857304000	-4.3
32536	-854712000	-7.7
32536	-852033600	-17
32536	-849355200	-2.4
32536	-846936000	-6.7
32536	-844257600	7.9
32536	-841665600	9.1
32536	-838987200	12.5
32536	-836395200	19.1
32536	-833716800	17.1
32536	-831038400	12.2
32536	-828446400	8.2
32536	-825768000	1.8
32536	-823176000	-1.2
32536	-820497600	-2.8
32536	-817819200	-6.6
32536	-815313600	-5.4
32536	-812635200	7.5
32536	-810043200	12.6
32536	-807364800	14.1
32536	-804772800	18.3
32536	-802094400	16.1
32536	-799416000	13.2
32536	-796824000	10.8
32536	-794145600	-2.1
32536	-791553600	-3.8
32536	-788875200	-6.1
32536	-786196800	-6.8
32536	-783777600	1
32536	-781099200	1.7
32536	-778507200	9.3
32536	-775828800	13.2
32536	-773236800	18.9
32536	-770558400	17.8
32536	-767880000	10.2
32536	-765288000	8.5
32536	-762609600	-6.6
32536	-760017600	-8.7
32536	-757339200	-2.8
32536	-754660800	-3.3
32536	-752241600	3.8
32536	-749563200	9
32536	-746971200	9.9
32536	-744292800	13.9
32536	-741700800	19
32536	-739022400	16.8
32536	-736344000	12.3
32536	-733752000	3.7
32536	-731073600	-6
32536	-728481600	-6.6
32536	-725803200	-5.9
32536	-723124800	-9.5
32536	-720705600	-5.8
32536	-718027200	6.8
32536	-715435200	11.2
32536	-712756800	14.1
32536	-710164800	19.7
32536	-707486400	15.9
32536	-704808000	11
32536	-702216000	8.5
32536	-699537600	-3.2
32536	-696945600	-2.7
32536	-694267200	-2.5
32536	-691588800	-12
32536	-689083200	-6.1
32536	-686404800	1.9
32536	-683812800	10.9
32536	-681134400	15.6
32536	-678542400	17
32536	-675864000	17.4
32536	-673185600	12.8
32536	-670593600	8.4
32536	-667915200	0.8
32536	-665323200	-11
32536	-662644800	-14.5
32536	-659966400	-14.1
32536	-657547200	-3.2
32536	-654868800	9.2
32536	-652276800	11.8
32536	-649598400	14.1
32536	-647006400	17.6
32536	-644328000	18.1
32536	-641649600	12.6
32536	-639057600	4
32536	-636379200	6.5
32536	-633787200	-12.1
32536	-631108800	-26
32536	-628430400	-3.5
32536	-626011200	-4.6
32536	-623332800	3.9
32536	-620740800	9.5
32536	-618062400	14.3
32536	-615470400	17.4
32536	-612792000	16.3
32536	-610113600	12.7
32536	-607521600	5.5
32536	-604843200	-4.5
32536	-602251200	-3
32536	-599572800	-11.5
32536	-596894400	-8
32536	-594475200	-8.7
32536	-591796800	4.4
32536	-589204800	11.1
32536	-586526400	11.3
32536	-583934400	17.7
32536	-581256000	14.7
32536	-578577600	9.8
32536	-575985600	2
32536	-573307200	-0.5
32536	-570715200	-11.3
32536	-568036800	-13.4
32536	-565358400	-3.6
32536	-562852800	-4.3
32536	-560174400	8.1
32536	-557582400	11.2
32536	-554904000	14
32536	-552312000	16.5
32536	-549633600	16
32536	-546955200	14.1
32536	-544363200	8.8
32536	-541684800	0.2
32536	-539092800	-1.7
32536	-536414400	-6.6
32536	-533736000	-2.9
32536	-531316800	-0.9
32536	-528638400	1.8
32536	-526046400	9.5
32536	-523368000	13.5
32536	-520776000	17.7
32536	-518097600	17.7
32536	-515419200	12.9
32536	-512827200	10
32536	-510148800	3.5
32536	-507556800	-2.2
32536	-504878400	-17.6
32536	-502200000	1.8
32536	-499780800	-6.4
32536	-497102400	-0.8
32536	-494510400	10.7
32536	-491832000	12.7
32536	-489240000	18
32536	-486561600	15.8
32536	-483883200	11.3
32536	-481291200	6.6
32536	-478612800	6
32536	-476020800	-0.2
32536	-473342400	-6.2
32536	-470664000	-8.4
32536	-468244800	-6.9
32536	-465566400	4.2
32536	-462974400	7.9
32536	-460296000	15.1
32536	-457704000	17.5
32536	-455025600	17.3
32536	-452347200	11.1
32536	-449755200	7.3
32536	-447076800	-10.5
32536	-444484800	-11.8
32536	-441806400	-12.4
32536	-439128000	-10.2
32536	-436622400	-1.5
32536	-433944000	3.6
32536	-431352000	11
32536	-428673600	15
32536	-426081600	18.1
32536	-423403200	16.6
32536	-420724800	12.3
32536	-418132800	6.3
32536	-415454400	2.2
32536	-412862400	-4.4
32536	-410184000	-15.2
32536	-407505600	-7.3
32536	-405086400	0.1
32536	-402408000	5
32536	-399816000	12.3
32536	-397137600	14.8
32536	-394545600	18.4
32536	-391867200	15.6
32536	-389188800	13.6
32536	-386596800	2.3
32536	-383918400	0.2
32536	-381326400	-0.3
32536	-378648000	-0.2
32536	-375969600	-9
32536	-373550400	-6.4
32536	-370872000	5.6
32536	-368280000	14.4
32536	-365601600	14.8
32536	-363009600	17
32536	-360331200	19.2
32536	-357652800	12.7
32536	-355060800	8.9
32536	-352382400	-1.7
32536	-349790400	-3.2
32536	-347112000	-12.1
32536	-344433600	-10.2
32536	-342014400	1.9
32536	-339336000	5.1
32536	-336744000	8.1
32536	-334065600	15.3
32536	-331473600	18.9
32536	-328795200	15.8
32536	-326116800	10.5
32536	-323524800	5.3
32536	-320846400	-3.6
32536	-318254400	-0.2
32536	-315576000	-9.6
32536	-312897600	-6.4
32536	-310392000	-3.1
32536	-307713600	5.3
32536	-305121600	9.7
32536	-302443200	15
32536	-299851200	21
32536	-297172800	16.7
32536	-294494400	13.1
32536	-291902400	8.6
32536	-289224000	-0.7
32536	-286632000	-4
32536	-283953600	-2.6
32536	-281275200	-1.9
32536	-278856000	1.4
32536	-276177600	4
32536	-273585600	11.2
32536	-270907200	19
32536	-268315200	18.6
32536	-265636800	19.6
32536	-262958400	9.2
32536	-260366400	6
32536	-257688000	-2.6
32536	-255096000	-9.5
32536	-252417600	-8.4
32536	-249739200	-9.3
32536	-247320000	-5.2
32536	-244641600	8.7
32536	-242049600	10.3
32536	-239371200	15.4
32536	-236779200	16.6
32536	-234100800	17.2
32536	-231422400	12
32536	-228830400	9
32536	-226152000	2.6
32536	-223560000	-3
32536	-220881600	-12.9
32536	-218203200	-1.6
32536	-215784000	2.3
32536	-213105600	5.9
32536	-210513600	10.7
32536	-207835200	15.2
32536	-205243200	17.6
32536	-202564800	17.6
32536	-199886400	16.2
32536	-197294400	10
32536	-194616000	-0.3
32536	-192024000	-7.5
32536	-189345600	-4.8
32536	-186667200	0.7
32536	-184161600	-4.2
32536	-181483200	4.8
32536	-178891200	10.3
32536	-176212800	15
32536	-173620800	18.5
32536	-170942400	15.6
32536	-168264000	9.3
32536	-165672000	9.8
32536	-162993600	-2
32536	-160401600	-15.7
32536	-157723200	-10.2
32536	-155044800	-5.9
32536	-152625600	-6.6
32536	-149947200	5.3
32536	-147355200	10.1
32536	-144676800	13.8
32536	-142084800	18.5
32536	-139406400	17.9
32536	-136728000	6
32536	-134136000	10.6
32536	-131457600	-4.5
32536	-128865600	-6.4
32536	-126187200	-15.4
32536	-123508800	-6.3
32536	-121089600	1.1
32536	-118411200	3.6
32536	-115819200	11.5
32536	-113140800	14.1
32536	-110548800	17.2
32536	-107870400	15.8
32536	-105192000	14.7
32536	-102600000	7
32536	-99921600	-4.7
32536	-97329600	-5.3
32536	-94651200	-8.7
32536	-91972800	-4
32536	-89553600	-5
32536	-86875200	-0.7
32536	-84283200	8.5
32536	-81604800	14
32536	-79012800	19.1
32536	-76334400	19
32536	-73656000	17
32536	-71064000	8.2
32536	-68385600	-0.2
32536	-65793600	-6.6
32536	-63115200	-9.9
32536	-60436800	-3.3
32536	-57931200	3.6
32536	-55252800	4.2
32536	-52660800	9.4
32536	-49982400	14.5
32536	-47390400	17.2
32536	-44712000	15.2
32536	-42033600	12.4
32536	-39441600	6.8
32536	-36763200	0.1
32536	-34171200	-12.8
32536	-31492800	-23.8
32536	-28814400	-11.7
32536	-26395200	-4.1
32536	-23716800	8.5
32536	-21124800	12.1
32536	-18446400	14.3
32536	-15854400	16.9
32536	-13176000	18.7
32536	-10497600	13.2
32536	-7905600	3
32536	-5227200	3.8
32536	-2635200	-3
32536	43200	-12.3
32536	2721600	-2.5
32536	5140800	-2.7
32536	7819200	3.9
32536	10411200	11.7
32536	13089600	18
32536	15681600	19.9
32536	18360000	18.7
32536	21038400	11.4
32536	23630400	5.7
32536	26308800	-4.4
32536	28900800	-8.9
32536	31579200	-12.8
32536	34257600	-2.6
32536	36676800	-3
32536	39355200	6.5
32536	41947200	11.6
32536	44625600	14.9
32536	47217600	17.6
32536	49896000	21
32536	52574400	10.6
32536	55166400	5.5
32536	57844800	-1.1
32536	60436800	-12.6
32536	63115200	-14.6
32536	65793600	-10.3
32536	68299200	-1.4
32536	70977600	4
32536	73569600	11.3
32536	76248000	16.5
32536	78840000	16
32536	81518400	19
32536	84196800	8.5
32536	86788800	3.8
32536	89467200	0.5
32536	92059200	-10
32536	94737600	-5
32536	97416000	-5.4
32536	99835200	2.9
32536	102513600	4.3
32536	105105600	12
32536	107784000	15.5
32536	110376000	18.5
32536	113054400	18.2
32536	115732800	12.3
32536	118324800	7
32536	121003200	-8.5
32536	123595200	-5.2
32536	126273600	-10.5
32536	128952000	-2
32536	131371200	-2.7
32536	134049600	7.1
32536	136641600	9.1
32536	139320000	17.6
32536	141912000	18.3
32536	144590400	15
32536	147268800	11.7
32536	149860800	9.2
32536	152539200	1.7
32536	155131200	-1.3
32536	157809600	-7.5
32536	160488000	-11.9
32536	162907200	-4.6
32536	165585600	-0.5
32536	168177600	9.8
32536	170856000	14.2
32536	173448000	20
32536	176126400	15.2
32536	178804800	12.8
32536	181396800	5.8
32536	184075200	-1.8
32536	186667200	-3.7
32536	189345600	-4.6
32536	192024000	-2.7
32536	194529600	-1.4
32536	197208000	7.3
32536	199800000	13.1
32536	202478400	13.2
32536	205070400	18.1
32536	207748800	17.5
32536	210427200	14.8
32536	213019200	5.5
32536	215697600	0.7
32536	218289600	-2.2
32536	220968000	-9
32536	223646400	3.3
32536	226065600	0.1
32536	228744000	8.7
32536	231336000	11.5
32536	234014400	17
32536	236606400	17.3
32536	239284800	14.9
32536	241963200	11.2
32536	244555200	7
32536	247233600	-2.8
32536	249825600	-10.7
32536	252504000	-14.6
32536	255182400	-10.8
32536	257601600	-0.9
32536	260280000	5.1
32536	262872000	10.2
32536	265550400	15.7
32536	268142400	17.8
32536	270820800	16
32536	273499200	12.7
32536	276091200	8.4
32536	278769600	-5.1
32536	281361600	-8.5
32536	284040000	-14.2
32536	286718400	-14.2
32536	289137600	1.2
32536	291816000	3.3
32536	294408000	9.5
32536	297086400	15.6
32536	299678400	18.1
32536	302356800	18
32536	305035200	14.8
32536	307627200	8.6
32536	310305600	0.5
32536	312897600	-0.6
32536	315576000	-10.8
32536	318254400	-5.1
32536	320760000	-1.8
32536	323438400	9.3
32536	326030400	12.8
32536	328708800	15.3
32536	331300800	18.1
32536	333979200	14.8
32536	336657600	12.6
32536	339249600	8.9
32536	341928000	2.9
32536	344520000	-7.2
32536	347198400	-0.6
32536	349876800	-2.7
32536	352296000	2.6
32536	354974400	7.6
32536	357566400	11.4
32536	360244800	13.8
32536	362836800	17.3
32536	365515200	18.8
32536	368193600	14
32536	370785600	6.6
32536	373464000	3.8
32536	376056000	-6.4
32536	378734400	-17.3
32536	381412800	-8.7
32536	383832000	-3.9
32536	386510400	2.8
32536	389102400	9.9
32536	391780800	15.5
32536	394372800	17.8
32536	397051200	16.8
32536	399729600	12.1
32536	402321600	7.5
32536	4.05e+08	-3.7
32536	407592000	-3.6
32536	410270400	-2.3
32536	412948800	0.7
32536	415368000	-0.1
32536	418046400	5
32536	420638400	11
32536	423316800	15.1
32536	425908800	17.5
32536	428587200	20
32536	431265600	11.4
32536	433857600	8.6
32536	436536000	0
32536	439128000	-16.4
32536	441806400	-1.9
32536	444484800	3
32536	446990400	0.2
32536	449668800	6.7
32536	452260800	10.7
32536	454939200	15
32536	457531200	19.2
32536	460209600	19.4
32536	462888000	9.3
32536	465480000	3.8
32536	468158400	-1.3
32536	470750400	-11.8
32536	473428800	-5.5
32536	476107200	-7.6
32536	478526400	1
32536	481204800	7.5
32536	483796800	13.2
32536	486475200	14.5
32536	489067200	19.5
32536	491745600	15.6
32536	494424000	8
32536	497016000	6.1
32536	499694400	-12.8
32536	502286400	-3.1
32536	504964800	1.1
32536	507643200	-9.2
32536	510062400	4.9
32536	512740800	6
32536	515332800	12
32536	518011200	17.4
32536	520603200	16.6
32536	523281600	18.4
32536	525960000	9
32536	528552000	8.9
32536	531230400	-3.3
32536	533822400	0
32536	536500800	-0.4
32536	539179200	0.5
32536	541598400	0
32536	544276800	9.5
32536	546868800	13.3
32536	549547200	17.7
32536	552139200	17.7
32536	554817600	14.8
32536	557496000	14.9
32536	560088000	8.7
32536	562766400	4.1
32537	-2348395200	16.1
32537	-2345716800	7.9
32537	-2343124800	6.4
32537	-2340446400	-0.3
32537	-2337854400	-4.1
32537	-2335176000	-10.6
32537	-2332497600	-0.5
32537	-2329992000	-4
32537	-2327313600	4.1
32537	-2324721600	9.1
32537	-2322043200	16.8
32537	-2319451200	20.9
32537	-2316772800	17.7
32537	-2314094400	11.4
32537	-2311502400	8.5
32537	-2308824000	-15.1
32537	-2306232000	0.6
32537	-2303553600	-7.5
32537	-2300875200	-4.2
32537	-2298456000	-7.8
32537	-2295777600	8
32537	-2293185600	15.6
32537	-2290507200	15.2
32537	-2287915200	17.1
32537	-2285236800	19.7
32537	-2282558400	14.2
32537	-2279966400	8.7
32537	-2277288000	-7.8
32537	-2274696000	-5.7
32537	-2272017600	-2.7
32537	-2269339200	-5.5
32537	-2266920000	-7.1
32537	-2264241600	6.2
32537	-2261649600	10.7
32537	-2258971200	14.6
32537	-2256379200	19.3
32537	-2253700800	19.6
32537	-2251022400	13.9
32537	-2248430400	4.8
32537	-2245752000	-2.2
32537	-2243160000	-3.7
32537	-2240481600	-7.4
32537	-2237803200	-14.4
32537	-2235384000	-9.8
32537	-2232705600	3
32537	-2230113600	8.1
32537	-2227435200	14
32537	-2224843200	18.5
32537	-2222164800	14.2
32537	-2219486400	14.2
32537	-2216894400	4.5
32537	-2214216000	5.9
32537	-2211624000	-6
32537	-2208945600	-2.2
32537	-2206267200	-9.5
32537	-2203848000	-0.8
32537	-2201169600	8.4
32537	-2198577600	13
32537	-2195899200	16.9
32537	-2193307200	17.5
32537	-2190628800	15.6
32537	-2187950400	11
32537	-2185358400	6.2
32537	-2182680000	-3.5
32537	-2180088000	1.2
32537	-2177409600	-7
32537	-2174731200	-8.1
32537	-2172312000	1
32537	-2169633600	5.1
32537	-2167041600	12.9
32537	-2164363200	11.2
32537	-2161771200	17.7
32537	-2159092800	18
32537	-2156414400	8.1
32537	-2153822400	10.3
32537	-2151144000	1.8
32537	-2148552000	-1.8
32537	-2145873600	-4.6
32537	-2143195200	-6.9
32537	-2140776000	-1.4
32537	-2138097600	5.3
32537	-2135505600	11.3
32537	-2132827200	12.3
32537	-2130235200	17
32537	-2127556800	17.2
32537	-2124878400	12.1
32537	-2122286400	8.9
32538	-1041336000	-18.4
32538	-1038657600	-11.1
32538	-1036238400	-1.7
32538	-1033560000	7.9
32538	-1030968000	12.2
32538	-1028289600	15.5
32538	-1025697600	21.6
32539	-2411467200	17
32539	-2408788800	10.5
32539	-2406196800	4
32539	-2403518400	-6.2
32539	-2400926400	-5.1
32539	-2398248000	-10.9
32539	-2395569600	-7.7
32539	-2393150400	-3.2
32539	-2390472000	5.2
32539	-2387880000	10
32539	-2385201600	12.3
32539	-2382609600	17.1
32539	-2379931200	17.4
32540	-1746187200	10.6
32540	-1743595200	5.3
32540	-1740916800	0.9
32540	-1738324800	-10.6
32540	-1735646400	-5.9
32540	-1732968000	-4
32540	-1730548800	-0.3
32540	-1727870400	7.8
32540	-1725278400	7.7
32540	-1722600000	10.3
32540	-1720008000	13
32540	-1717329600	16.9
32540	-1714651200	7.7
32540	-1712059200	7.3
32540	-1709380800	-2
32540	-1706788800	-4.2
32540	-1704110400	-22.6
32540	-1701432000	-8.1
32540	-1698926400	-0.3
32540	-1696248000	4.6
32540	-1693656000	5.7
32540	-1690977600	11.3
32540	-1688385600	14.7
32540	-1685707200	14
32540	-1683028800	9.1
32540	-1680436800	2.8
32540	-1677758400	-1.6
32540	-1675166400	-11.9
32540	-1672488000	-10.8
32540	-1669809600	-11.3
32540	-1667390400	-6.4
32540	-1664712000	0.6
32540	-1662120000	8
32540	-1659441600	11.6
32540	-1656849600	17
32540	-1654171200	14.5
32540	-1651492800	10.5
32540	-1648900800	4.8
32540	-1646222400	5.8
32540	-1643630400	-11.7
32540	-1640952000	-8.4
32540	-1638273600	-7.4
32540	-1635854400	0
32540	-1633176000	3.5
32540	-1630584000	6.5
32540	-1627905600	14.9
32540	-1625313600	16.2
32540	-1622635200	14
32540	-1619956800	10.6
32540	-1617364800	7.1
32540	-1614686400	-0.1
32540	-1612094400	-2.3
32540	-1609416000	-0.3
32540	-1606737600	-10.6
32540	-1604318400	-6.4
32540	-1601640000	6
32540	-1599048000	8.8
32540	-1596369600	14.1
32540	-1593777600	17.5
32540	-1591099200	16.4
32540	-1588420800	9.9
32540	-1585828800	-0.7
32540	-1583150400	-5.6
32540	-1580558400	-7
32540	-1577880000	-9
32540	-1575201600	-4.5
32540	-1572696000	-4.2
32540	-1570017600	-1.3
32540	-1567425600	6.5
32540	-1564747200	11.9
32540	-1562155200	17.5
32540	-1559476800	15.4
32540	-1556798400	11
32540	-1554206400	4.4
32540	-1551528000	-0.7
32540	-1548936000	-5.4
32540	-1546257600	-4.2
32540	-1543579200	-3.1
32540	-1541160000	-4.5
32540	-1538481600	3.3
32540	-1535889600	8.3
32540	-1533211200	13.8
32540	-1530619200	16
32540	-1527940800	15.5
32540	-1525262400	7.2
32540	-1522670400	7.9
32540	-1519992000	-3.9
32540	-1517400000	-6.4
32540	-1514721600	-10.1
32540	-1512043200	-14.9
32540	-1509624000	-3.7
32540	-1506945600	1.6
32540	-1504353600	8.7
32540	-1501675200	14.4
32540	-1499083200	15.2
32540	-1496404800	16.8
32540	-1493726400	13.1
32540	-1491134400	7.2
32540	-1488456000	-1
32540	-1485864000	-11.1
32540	-1483185600	-6.4
32540	-1480507200	-8.8
32540	-1478088000	-4
32540	-1475409600	3.2
32540	-1472817600	9
32540	-1470139200	12.8
32540	-1467547200	16.4
32540	-1464868800	14.8
32540	-1462190400	10.9
32540	-1459598400	4.7
32540	-1456920000	2.9
32540	-1454328000	-5.8
32540	-1451649600	-8.5
32540	-1448971200	-1.7
32540	-1446465600	-4.4
32540	-1443787200	3.2
32540	-1441195200	10.2
32540	-1438516800	10.5
32540	-1435924800	15.9
32540	-1433246400	13.3
32540	-1430568000	11.2
32540	-1427976000	6.1
32540	-1425297600	-2.9
32540	-1422705600	-12.3
32540	-1420027200	-6.6
32540	-1417348800	-3.1
32540	-1414929600	-2.4
32540	-1412251200	4.8
32541	-2427105600	-10.9
32541	-2424686400	-1.8
32541	-2422008000	2.3
32541	-2419416000	9.7
32541	-2416737600	13
32541	-2414145600	18.3
32541	-2411467200	17.1
32541	-2408788800	11.6
32541	-2406196800	4.9
32541	-2403518400	-2.4
32541	-2400926400	-1.7
32541	-2398248000	-8
32541	-2395569600	-7.9
32541	-2393150400	-1.9
32541	-2390472000	4.8
32541	-2387880000	10.7
32541	-2385201600	13.9
32541	-2382609600	18.3
32541	-2379931200	18.7
32541	-2377252800	10.1
32541	-2374660800	7.4
32541	-2371982400	4.5
32541	-2369390400	-2.1
32541	-2366712000	-9.7
32541	-2364033600	-6.7
32541	-2361614400	-0.6
32541	-2358936000	7.5
32541	-2356344000	9.5
32541	-2353665600	12.6
32541	-2351073600	16.6
32541	-2348395200	16.4
32541	-2345716800	10.6
32541	-2343124800	9.2
32541	-2340446400	0.6
32541	-2337854400	-4
32541	-2335176000	-7.1
32541	-2332497600	0.7
32541	-2329992000	-2.9
32541	-2327313600	2.8
32541	-2324721600	7.6
32541	-2322043200	15.7
32541	-2319451200	18.5
32541	-2316772800	16
32541	-2314094400	9.8
32541	-2311502400	8.3
32541	-2308824000	-8.8
32541	-2306232000	1.9
32541	-2303553600	-5.2
32541	-2300875200	-4
32541	-2298456000	-6.2
32541	-2295777600	7
32541	-2293185600	14.4
32541	-2290507200	13.9
32541	-2287915200	16.2
32541	-2285236800	18.3
32541	-2282558400	13.6
32541	-2279966400	8.2
32541	-2277288000	-3.6
32541	-2274696000	-3.6
32541	-2272017600	-3.5
32541	-2269339200	-0.1
32541	-2266920000	-6.1
32541	-2264241600	6
32541	-2261649600	9.3
32541	-2258971200	13.5
32541	-2256379200	16.2
32541	-2253700800	18.1
32541	-2251022400	11.7
32541	-2248430400	4.2
32541	-2245752000	-2.7
32541	-2243160000	-4.4
32541	-2240481600	-7
32541	-2237803200	-13.1
32541	-2235384000	-6.3
32541	-2232705600	3.6
32541	-2230113600	7.7
32541	-2227435200	13
32541	-2224843200	17.5
32541	-2222164800	14.2
32541	-2219486400	13.4
32541	-2216894400	5.4
32541	-2214216000	4.2
32541	-2211624000	-3.4
32541	-2208945600	-0.8
32541	-2206267200	-6.8
32541	-2203848000	2.5
32541	-2201169600	7.3
32541	-2198577600	12.2
32541	-2195899200	18.2
32541	-2193307200	17.9
32541	-2190628800	15.3
32541	-2187950400	10.3
32541	-2185358400	7.6
32541	-2182680000	-1.9
32541	-2180088000	0.6
32541	-2177409600	-5.6
32541	-2174731200	-6.6
32541	-2172312000	1.7
32541	-2169633600	4.5
32541	-2167041600	12.8
32541	-2164363200	11.1
32541	-2161771200	19
32541	-2159092800	17.8
32541	-2156414400	8.7
32541	-2153822400	9.2
32541	-2151144000	3.4
32541	-2148552000	-2.5
32541	-2145873600	-4.7
32541	-2143195200	-2.2
32541	-2140776000	-0.5
32541	-2138097600	4.6
32541	-2135505600	11.1
32541	-2132827200	12.1
32541	-2130235200	15.3
32541	-2127556800	16.5
32541	-2124878400	10.1
32541	-2122286400	7.5
32541	-2119608000	-2.1
32541	-2117016000	-4.5
32541	-2114337600	-1.3
32541	-2111659200	-4.5
32541	-2109240000	-3.6
32541	-2106561600	4.2
32541	-2103969600	8.9
32541	-2101291200	16
32541	-2098699200	16
32541	-2096020800	16.1
32541	-2093342400	10.6
32541	-2090750400	9.3
32541	-2088072000	-3.3
32541	-2085480000	0.6
32541	-2082801600	-3
32541	-2080123200	-9.1
32541	-2077617600	-4.8
32541	-2074939200	7.3
32541	-2072347200	10.1
32541	-2069668800	14.1
32541	-2067076800	17.5
32541	-2064398400	16.3
32541	-2061720000	13.4
32541	-2059128000	8.8
32541	-2056449600	5.6
32541	-2053857600	-1.4
32541	-2051179200	-8.2
32541	-2048500800	-7.5
32541	-2046081600	2.9
32541	-2043403200	5.4
32541	-2040811200	8.7
32541	-2038132800	12.6
32541	-2035540800	17.1
32541	-2032862400	17.5
32541	-2030184000	12.8
32541	-2027592000	4.9
32541	-2024913600	1.1
32541	-2022321600	0
32541	-2019643200	-2.4
32541	-2016964800	-1.2
32541	-2014545600	-3.8
32541	-2011867200	8
32541	-2009275200	9
32541	-2006596800	12.5
32541	-2004004800	18.3
32541	-2001326400	16.4
32541	-1998648000	13.1
32541	-1996056000	7.7
32541	-1993377600	-1.8
32541	-1990785600	-3
32541	-1988107200	-15.2
32541	-1985428800	0.1
32541	-1983009600	0
32541	-1980331200	4.1
32541	-1977739200	8.4
32541	-1975060800	13.1
32541	-1972468800	16.2
32541	-1969790400	15
32541	-1967112000	10.5
32541	-1964520000	9.7
32541	-1961841600	2.8
32541	-1959249600	-0.2
32541	-1956571200	-1.8
32541	-1953892800	-2.5
32541	-1951387200	-2.1
32541	-1948708800	8.6
32541	-1946116800	8.4
32541	-1943438400	12.7
32541	-1940846400	18.2
32541	-1938168000	15.3
32541	-1935489600	12.8
32541	-1932897600	5.3
32541	-1930219200	1.9
32541	-1927627200	-2.8
32541	-1924948800	-11.7
32541	-1922270400	-4.7
32541	-1919851200	0.7
32541	-1917172800	1.6
32541	-1914580800	9.3
32541	-1911902400	14
32541	-1909310400	16.6
32541	-1906632000	16.1
32541	-1903953600	13.2
32541	-1901361600	7.5
32541	-1898683200	0.6
32541	-1896091200	-8.2
32541	-1893412800	-4.5
32541	-1890734400	-9.1
32541	-1888315200	6.4
32541	-1885636800	10.5
32541	-1883044800	11.8
32541	-1880366400	15.4
32541	-1877774400	18.1
32541	-1875096000	15.1
32541	-1872417600	10.5
32541	-1869825600	9
32541	-1867147200	0.3
32541	-1864555200	-2.3
32541	-1861876800	-9.6
32541	-1859198400	-7.7
32541	-1856779200	2.4
32541	-1854100800	3.4
32541	-1851508800	9.2
32541	-1848830400	15.6
32541	-1846238400	15.7
32541	-1843560000	14.8
32541	-1840881600	9.7
32541	-1838289600	5.2
32541	-1835611200	-5.7
32541	-1833019200	-6.3
32541	-1830340800	-6.1
32541	-1827662400	-0.8
32541	-1825156800	-5.7
32541	-1822478400	7.2
32541	-1819886400	11.2
32541	-1817208000	15.7
32541	-1814616000	15.7
32541	-1811937600	15.3
32541	-1809259200	9
32541	-1806667200	5.1
32541	-1803988800	3.4
32541	-1801396800	-1.5
32541	-1798718400	-10.3
32541	-1796040000	-8.2
32541	-1793620800	-4.6
32541	-1790942400	6.2
32541	-1788350400	10.3
32541	-1785672000	15.7
32541	-1783080000	16.9
32541	-1780401600	17.2
32541	-1777723200	13.2
32541	-1775131200	4.9
32541	-1772452800	2.9
32541	-1769860800	-2
32541	-1767182400	-3
32541	-1764504000	-5.2
32541	-1762084800	1.8
32541	-1759406400	5.3
32541	-1756814400	11.1
32541	-1754136000	14
32541	-1751544000	20.2
32541	-1748865600	16.5
32541	-1746187200	12.7
32541	-1743595200	6.4
32541	-1740916800	3.8
32541	-1738324800	-8.4
32541	-1735646400	-4.5
32541	-1732968000	-1.3
32541	-1730548800	2.1
32541	-1727870400	10.1
32541	-1725278400	10.4
32541	-1722600000	12.9
32541	-1720008000	15.5
32541	-1717329600	19.1
32541	-1714651200	10.1
32541	-1712059200	10.1
32541	-1709380800	-0.4
32541	-1706788800	-2.6
32541	-1704110400	-20.9
32541	-1701432000	-4.9
32541	-1698926400	2.2
32541	-1696248000	6.7
32541	-1693656000	7.4
32541	-1690977600	12.3
32541	-1688385600	17.5
32541	-1685707200	16.1
32541	-1683028800	11.4
32541	-1680436800	5.4
32541	-1677758400	-2
32541	-1675166400	-10.1
32541	-1672488000	-8
32541	-1669809600	-8.6
32541	-1667390400	-3.7
32541	-1664712000	2.9
32541	-1662120000	9.1
32541	-1659441600	13.4
32541	-1656849600	20.3
32541	-1654171200	17.7
32541	-1651492800	13.2
32541	-1648900800	6
32541	-1646222400	5.6
32541	-1643630400	-7.7
32541	-1640952000	-8
32541	-1638273600	-6.6
32541	-1635854400	3.4
32541	-1633176000	4.6
32541	-1630584000	8.5
32541	-1627905600	18
32541	-1625313600	17.5
32541	-1622635200	16
32541	-1619956800	12.4
32541	-1617364800	9.2
32541	-1614686400	-0.8
32541	-1612094400	-1.4
32541	-1609416000	1.4
32541	-1606737600	-7.7
32541	-1604318400	-3
32541	-1601640000	7.8
32541	-1599048000	12
32541	-1596369600	17
32541	-1593777600	20.1
32541	-1591099200	18.9
32541	-1588420800	12
32541	-1585828800	0.8
32541	-1583150400	-4.1
32541	-1580558400	-7.5
32541	-1577880000	-5.3
32541	-1575201600	-3.4
32541	-1572696000	-1.4
32541	-1570017600	0.7
32541	-1567425600	9
32541	-1564747200	14.4
32541	-1562155200	19.3
32541	-1559476800	17
32541	-1556798400	12.9
32541	-1554206400	7.5
32541	-1551528000	-0.8
32541	-1548936000	-2.7
32541	-1546257600	-3
32541	-1543579200	-0.4
32541	-1541160000	-0.2
32541	-1538481600	4.4
32541	-1535889600	10.1
32541	-1533211200	16.1
32541	-1530619200	18.5
32541	-1527940800	17.7
32541	-1525262400	9.7
32541	-1522670400	10.6
32541	-1519992000	-1.4
32541	-1517400000	-5.8
32541	-1514721600	-7.9
32541	-1512043200	-12.3
32541	-1509624000	-1
32541	-1506945600	4.4
32541	-1504353600	10.2
32541	-1501675200	16.4
32541	-1499083200	17
32541	-1496404800	18.3
32541	-1493726400	14.7
32541	-1491134400	9.1
32541	-1488456000	-1
32541	-1485864000	-9.5
32541	-1483185600	-3.3
32541	-1480507200	-7.2
32541	-1478088000	-0.5
32541	-1475409600	4.8
32541	-1472817600	10.8
32541	-1470139200	14.6
32541	-1467547200	18.9
32541	-1464868800	15.9
32541	-1462190400	12.6
32541	-1459598400	4.7
32541	-1456920000	3.2
32541	-1454328000	-2.5
32541	-1451649600	-7.5
32541	-1448971200	0.8
32541	-1446465600	-1.6
32541	-1443787200	5.2
32541	-1441195200	11.4
32541	-1438516800	12.7
32541	-1435924800	18.2
32541	-1433246400	15
32541	-1430568000	13.1
32541	-1427976000	8.1
32541	-1425297600	-0.5
32541	-1422705600	-10
32541	-1420027200	-4.1
32541	-1417348800	-0.5
32541	-1414929600	1.2
32541	-1412251200	6.8
32541	-1409659200	11.2
32541	-1406980800	14.6
32541	-1404388800	19
32541	-1401710400	16.2
32541	-1399032000	10.3
32541	-1396440000	1.1
32541	-1393761600	1.3
32541	-1391169600	1.7
32541	-1388491200	-0.6
32541	-1385812800	0.6
32541	-1383393600	1.2
32541	-1380715200	6.2
32541	-1378123200	10.8
32541	-1375444800	14.8
32541	-1372852800	19.2
32541	-1370174400	16.6
32541	-1367496000	7.7
32541	-1364904000	8.9
32541	-1362225600	1.1
32541	-1359633600	-3.2
32541	-1356955200	-6.9
32541	-1354276800	-5.4
32541	-1351857600	1.1
32541	-1349179200	4
32541	-1346587200	6.5
32541	-1343908800	13.7
32541	-1341316800	16.6
32541	-1338638400	15.9
32541	-1335960000	11.1
32541	-1333368000	7.7
32541	-1330689600	-4.7
32541	-1328097600	-9.8
32541	-1325419200	-3.4
32541	-1322740800	-3
32541	-1320235200	2
32541	-1317556800	2.9
32541	-1314964800	12.9
32541	-1312286400	12.4
32541	-1309694400	18
32541	-1307016000	15.8
32541	-1304337600	12.4
32541	-1301745600	5.4
32541	-1299067200	1.6
32541	-1296475200	-1.2
32541	-1293796800	-13.2
32541	-1291118400	-9.6
32541	-1288699200	1.2
32541	-1286020800	2.5
32541	-1283428800	9.5
32541	-1280750400	14.3
32541	-1278158400	19.9
32541	-1275480000	20.6
32541	-1272801600	9.7
32541	-1270209600	8.6
32541	-1267531200	2
32541	-1264939200	-6
32541	-1262260800	-15.2
32541	-1259582400	1.1
32541	-1257163200	-2.2
32541	-1254484800	8.7
32541	-1251892800	9.7
32541	-1249214400	14.3
32541	-1246622400	18.5
32541	-1243944000	18.9
32541	-1241265600	13.3
32541	-1238673600	3.7
32541	-1235995200	1.3
32541	-1233403200	1.2
32541	-1230724800	0.6
32541	-1228046400	-0.4
32541	-1225627200	0.3
32541	-1222948800	3.9
32541	-1220356800	10.2
32541	-1217678400	16.6
32541	-1215086400	18.9
32541	-1212408000	18.6
32541	-1209729600	12.7
32541	-1207137600	8
32541	-1204459200	-2.3
32541	-1201867200	-2.2
32541	-1199188800	-6.8
32541	-1196510400	-2.5
32541	-1194004800	-5.2
32541	-1191326400	6.2
32541	-1188734400	11
32541	-1186056000	15
32541	-1183464000	18.3
32541	-1180785600	17.4
32541	-1178107200	13.2
32541	-1175515200	6.3
32541	-1172836800	2.1
32541	-1170244800	-7
32541	-1167566400	-4.3
32541	-1164888000	-6.6
32541	-1162468800	1.6
32541	-1159790400	3.4
32541	-1157198400	8.8
32541	-1154520000	16.6
32541	-1151928000	19
32541	-1149249600	16.8
32541	-1146571200	10.8
32541	-1143979200	7.4
32541	-1141300800	4.3
32541	-1138708800	-5.4
32541	-1136030400	0.7
32541	-1133352000	-0.2
32541	-1130932800	2
32541	-1128254400	7.3
32541	-1125662400	13.4
32541	-1122984000	13.2
32541	-1120392000	18
32541	-1117713600	17.2
32541	-1115035200	9.4
32541	-1112443200	8.9
32541	-1109764800	3.7
32541	-1107172800	-3.8
32541	-1104494400	-6.5
32541	-1101816000	0.9
32541	-1099396800	-2.7
32541	-1096718400	-0.8
32541	-1094126400	8.7
32541	-1091448000	13.3
32541	-1088856000	17.7
32541	-1086177600	17.1
32541	-1083499200	13.2
32541	-1080907200	7.1
32541	-1078228800	-1.2
32541	-1075636800	-1.6
32541	-1072958400	-7.5
32541	-1070280000	-19.1
32541	-1067774400	-1.5
32541	-1065096000	4.8
32541	-1062504000	14.2
32541	-1059825600	16.8
32541	-1057233600	21.7
32541	-1054555200	18.7
32541	-1051876800	13.2
32541	-1049284800	9
32541	-1046606400	2.3
32541	-1044014400	-4.2
32541	-1041336000	-16.3
32541	-1038657600	-7.8
32541	-1036238400	-1.2
32541	-1033560000	5.9
32541	-1030968000	11.7
32541	-1028289600	14.2
32541	-1025697600	19.9
32541	-1023019200	17.4
32541	-1020340800	13.3
32541	-1017748800	8.9
32541	-1015070400	-0.6
32541	-1012478400	-2.7
32541	-1009800000	-2.5
32541	-1007121600	-8.8
32541	-1004702400	0.6
32541	-1002024000	5.8
32541	-999432000	9.3
32541	-996753600	14.6
32541	-994161600	17.7
32541	-991483200	16.5
32541	-988804800	15.4
32541	-986212800	7.7
32541	-983534400	-1.2
32541	-980942400	-2.8
32541	-978264000	-1.4
32541	-975585600	-8.6
32541	-973166400	0.4
32541	-970488000	7.2
32541	-967896000	12.3
32541	-965217600	11.8
32541	-962625600	19.3
32541	-959947200	18.2
32541	-957268800	13.1
32541	-954676800	6.2
32541	-951998400	4
32541	-949406400	0.7
32541	-946728000	-9.2
32541	-944049600	-4.9
32541	-941544000	2.4
32541	-938865600	4.2
32541	-936273600	13
32541	-933595200	15.3
32541	-931003200	18.9
32541	-928324800	18.6
32541	-925646400	15.3
32541	-923054400	9
32541	-920376000	-2.5
32541	-917784000	0.1
32541	-915105600	-2.2
32541	-912427200	-2.4
32541	-910008000	1.4
32541	-907329600	5.8
32541	-904737600	11.5
32541	-902059200	14.7
32541	-899467200	18.9
32541	-896788800	17.7
32541	-894110400	9.6
32541	-891518400	6.3
32541	-888840000	3.2
32541	-886248000	-2.9
32541	-883569600	-4.3
32541	-880891200	-6.4
32541	-878472000	0.7
32541	-875793600	6.8
32541	-873201600	8.8
32541	-870523200	12.3
32541	-867931200	18
32541	-865252800	17.2
32541	-862574400	12.6
32541	-859982400	8.2
32541	-857304000	-1.5
32541	-854712000	-2.8
32541	-852033600	-11.6
32541	-849355200	-2.1
32541	-846936000	-5.5
32541	-844257600	7.8
32541	-841665600	8.5
32541	-838987200	11
32541	-836395200	17.6
32541	-833716800	17.5
32541	-831038400	13.7
32541	-828446400	8.6
32541	-825768000	2.4
32541	-823176000	-2
32541	-820497600	-1.5
32541	-817819200	-5.4
32541	-815313600	-4.3
32541	-812635200	6.1
32541	-810043200	11.7
32541	-807364800	12.9
32541	-804772800	16.9
32541	-802094400	15.4
32541	-799416000	12.7
32541	-796824000	10.5
32541	-794145600	-0.7
32541	-791553600	-4.3
32541	-788875200	-2.8
32541	-786196800	-4.8
32541	-783777600	1.1
32541	-781099200	1.9
32541	-778507200	9
32541	-775828800	12.1
32541	-773236800	18.5
32541	-770558400	18.1
32541	-767880000	10.4
32541	-765288000	9
32541	-762609600	-0.7
32541	-760017600	-4.3
32541	-757339200	-1.1
32541	-754660800	-0.8
32541	-752241600	3
32541	-749563200	7.5
32541	-746971200	9.1
32541	-744292800	13.5
32541	-741700800	18.3
32541	-739022400	16.5
32541	-736344000	11.4
32541	-733752000	2.6
32541	-731073600	-3.1
32541	-728481600	-3.6
32541	-725803200	-4.3
32541	-723124800	-4.2
32541	-720705600	-2.2
32541	-718027200	6.5
32541	-715435200	10.7
32541	-712756800	12.6
32541	-710164800	19.1
32541	-707486400	16.1
32541	-704808000	11.9
32541	-702216000	8.6
32541	-699537600	-3
32541	-696945600	-1.6
32541	-694267200	-2.4
32541	-691588800	-7.4
32541	-689083200	-5.4
32541	-686404800	4
32541	-683812800	9.5
32541	-681134400	14.3
32541	-678542400	16.4
32541	-675864000	16.9
32541	-673185600	12.6
32541	-670593600	7.8
32541	-667915200	0.4
32541	-665323200	-9
32541	-662644800	-14.4
32541	-659966400	-9.3
32541	-657547200	-1.2
32541	-654868800	8.4
32541	-652276800	11.2
32541	-649598400	15.1
32541	-647006400	18.1
32541	-644328000	19.1
32541	-641649600	12.7
32541	-639057600	4.4
32541	-636379200	5.8
32541	-633787200	-7.3
32541	-631108800	-20
32541	-628430400	0.5
32541	-626011200	-2.8
32541	-623332800	3.4
32541	-620740800	8.5
32541	-618062400	12.9
32541	-615470400	16.8
32541	-612792000	16.4
32541	-610113600	11.8
32541	-607521600	7.1
32541	-604843200	-3.1
32541	-602251200	-1.1
32541	-599572800	-9
32541	-596894400	-5.2
32541	-594475200	-6.8
32541	-591796800	3.6
32541	-589204800	10.4
32541	-586526400	10.8
32541	-583934400	17.5
32541	-581256000	15.6
32541	-578577600	10.2
32541	-575985600	4.4
32541	-573307200	-0.1
32541	-570715200	-9.2
32541	-568036800	-8.9
32541	-565358400	-3.4
32541	-562852800	-3.5
32541	-560174400	8
32541	-557582400	11.3
32541	-554904000	14.5
32541	-552312000	17.1
32541	-549633600	17.1
32541	-546955200	14.4
32541	-544363200	8.3
32541	-541684800	-1.2
32541	-539092800	-1.2
32541	-536414400	0.3
32541	-533736000	-1.4
32541	-531316800	0.8
32541	-528638400	1.7
32541	-526046400	8.1
32541	-523368000	12.7
32541	-520776000	18.6
32541	-518097600	18.2
32541	-515419200	13.9
32541	-512827200	10
32541	-510148800	4
32541	-507556800	-0.8
32541	-504878400	-13.2
32541	-502200000	2.8
32541	-499780800	-4.6
32541	-497102400	1.9
32541	-494510400	10.3
32541	-491832000	12.2
32541	-489240000	19.6
32541	-486561600	16.8
32541	-483883200	12
32541	-481291200	6.3
32541	-478612800	5.5
32541	-476020800	0.2
32541	-473342400	-4.3
32541	-470664000	-6.7
32541	-468244800	-5.9
32541	-465566400	4.1
32541	-462974400	8.8
32541	-460296000	14.5
32541	-457704000	16.8
32541	-455025600	18.5
32541	-452347200	12.3
32541	-449755200	9
32541	-447076800	-7.6
32541	-444484800	-5.1
32541	-441806400	-6.6
32541	-439128000	-5.1
32541	-436622400	0.9
32541	-433944000	4.7
32541	-431352000	10.8
32541	-428673600	15.6
32541	-426081600	18.6
32541	-423403200	16.7
32541	-420724800	13.2
32541	-418132800	6.9
32541	-415454400	2.3
32541	-412862400	-1.4
32541	-410184000	-13.6
32541	-407505600	-5.6
32541	-405086400	-0.3
32541	-402408000	4.6
32541	-399816000	11.8
32541	-397137600	15.1
32541	-394545600	19.1
32541	-391867200	16.4
32541	-389188800	13.2
32541	-386596800	3.9
32541	-383918400	-0.4
32541	-381326400	0.9
32541	-378648000	0.6
32541	-375969600	-4
32541	-373550400	-2.9
32541	-370872000	4.9
32541	-368280000	14.6
32541	-365601600	13.7
32541	-363009600	16.1
32541	-360331200	19.1
32541	-357652800	12.1
32541	-355060800	7.7
32541	-352382400	-1
32541	-349790400	-2.5
32541	-347112000	-7.1
32541	-344433600	-8.9
32541	-342014400	1
32541	-339336000	4.1
32541	-336744000	7.4
32541	-334065600	15.2
32541	-331473600	18.6
32541	-328795200	16.4
32541	-326116800	11.2
32541	-323524800	5.2
32541	-320846400	-2.3
32541	-318254400	0.8
32541	-315576000	-6.6
32541	-312897600	-5.5
32541	-310392000	-1.7
32541	-307713600	3.5
32541	-305121600	9
32541	-302443200	14.6
32541	-299851200	20.7
32541	-297172800	16.2
32541	-294494400	11.4
32541	-291902400	8.1
32541	-289224000	0
32541	-286632000	-2.4
32541	-283953600	-1.1
32541	-281275200	1.3
32541	-278856000	1.3
32541	-276177600	3.3
32541	-273585600	11.3
32541	-270907200	18.5
32541	-268315200	19.2
32541	-265636800	20.3
32541	-262958400	9.9
32541	-260366400	7
32541	-257688000	-1.9
32541	-255096000	-7.1
32541	-252417600	-6.8
32541	-249739200	-6.1
32541	-247320000	-2.3
32541	-244641600	7.4
32541	-242049600	9.4
32541	-239371200	14.4
32541	-236779200	16.3
32541	-234100800	17.5
32541	-231422400	12.5
32541	-228830400	9.2
32541	-226152000	2.2
32541	-223560000	-0.8
32541	-220881600	-11.5
32541	-218203200	2.1
32541	-215784000	2.3
32541	-213105600	4.4
32541	-210513600	10.2
32541	-207835200	14.5
32541	-205243200	18.1
32541	-202564800	18.5
32541	-199886400	15.3
32541	-197294400	10.8
32541	-194616000	1.7
32541	-192024000	-5.7
32541	-189345600	-3.6
32541	-186667200	-0.6
32541	-184161600	-3
32541	-181483200	4.3
32541	-178891200	10
32541	-176212800	14.3
32541	-173620800	19.5
32541	-170942400	16.3
32541	-168264000	10.4
32541	-165672000	9.9
32541	-162993600	0.4
32541	-160401600	-9.6
32541	-157723200	-4.3
32541	-155044800	-5.9
32541	-152625600	-6.6
32541	-149947200	4.5
32541	-147355200	9.5
32541	-144676800	13.1
32541	-142084800	18
32541	-139406400	17.7
32541	-136728000	6.4
32541	-134136000	10.7
32541	-131457600	0
32541	-128865600	-2.4
32541	-126187200	-9.6
32541	-123508800	-3.1
32541	-121089600	1.7
32541	-118411200	4.1
32541	-115819200	12.2
32541	-113140800	13.6
32541	-110548800	19.1
32541	-107870400	16.9
32541	-105192000	15.8
32541	-102600000	6.9
32541	-99921600	-1.5
32541	-97329600	-2.7
32541	-94651200	-2.7
32541	-91972800	-0.3
32541	-89553600	-3.1
32541	-86875200	1.4
32541	-84283200	7.9
32541	-81604800	13
32541	-79012800	19.2
32541	-76334400	19.5
32541	-73656000	16.6
32541	-71064000	8.5
32541	-68385600	-0.3
32541	-65793600	-6.3
32541	-63115200	-5.9
32541	-60436800	0
32541	-57931200	3.4
32541	-55252800	3.5
32541	-52660800	8.4
32541	-49982400	13.6
32541	-47390400	18.2
32541	-44712000	15.6
32541	-42033600	13
32541	-39441600	6.8
32541	-36763200	0.8
32541	-34171200	-10.2
32541	-31492800	-20
32541	-28814400	-6
32541	-26395200	-1.1
32541	-23716800	8.5
32541	-21124800	11.5
32541	-18446400	13.9
32541	-15854400	17.9
32541	-13176000	19.5
32541	-10497600	13.1
32541	-7905600	4.1
32541	-5227200	2.5
32541	-2635200	-0.7
32541	43200	-6.6
32541	2721600	0.8
32541	5140800	-2.9
32541	7819200	2.5
32541	10411200	10.4
32541	13089600	17.3
32541	15681600	20
32541	18360000	18.7
32541	21038400	11
32541	23630400	5.7
32541	26308800	-1.3
32541	28900800	-6
32541	31579200	-9.2
32541	34257600	-1.6
32541	36676800	-0.6
32541	39355200	5.8
32541	41947200	10.6
32541	44625600	14.2
32541	47217600	17.7
32541	49896000	21.4
32541	52574400	10.5
32541	55166400	4.9
32541	57844800	0.1
32541	60436800	-8.6
32541	63115200	-11.6
32541	65793600	-2.8
32541	68299200	2.8
32541	70977600	4.6
32541	73569600	9.7
32541	76248000	16.4
32541	78840000	16.4
32541	81518400	17.6
32541	84196800	9.7
32541	86788800	5.5
32541	89467200	0.9
32541	92059200	-9.2
32541	94737600	-5.3
32541	97416000	-2.1
32541	99835200	1.8
32541	102513600	3.7
32541	105105600	10.8
32541	107784000	15.5
32541	110376000	19
32541	113054400	18.6
32541	115732800	12.1
32541	118324800	7.9
32541	121003200	-4.2
32541	123595200	-1.2
32541	126273600	-8.1
32541	128952000	-0.2
32541	131371200	0.1
32541	134049600	6.5
32541	136641600	8.5
32541	139320000	17.4
32541	141912000	19.8
32541	144590400	15.8
32541	147268800	11.4
32541	149860800	9
32541	152539200	1.8
32541	155131200	-0.8
32541	157809600	-5.6
32541	160488000	-10.4
32541	162907200	-2.5
32541	165585600	-1.3
32541	168177600	8.4
32541	170856000	13.5
32541	173448000	19.9
32541	176126400	15.8
32541	178804800	12
32541	181396800	6.3
32541	184075200	0.3
32541	186667200	-1
32541	189345600	-2.8
32541	192024000	-1.5
32541	194529600	-0.8
32541	197208000	5.6
32541	199800000	11.9
32541	202478400	12.9
32541	205070400	18.3
32541	207748800	17.6
32541	210427200	13.8
32541	213019200	7.1
32541	215697600	1.9
32541	218289600	0
32541	220968000	-5.9
32541	223646400	2.9
32541	226065600	1.2
32541	228744000	7.4
32541	231336000	9.6
32541	234014400	16.6
32541	236606400	17.8
32541	239284800	15.2
32541	241963200	11.5
32541	244555200	7.1
32541	247233600	-2.5
32541	249825600	-8.4
32541	252504000	-11.8
32541	255182400	-6.6
32541	257601600	2
32541	260280000	5.5
32541	262872000	8.8
32541	265550400	15.4
32541	268142400	17.4
32541	270820800	16.5
32541	273499200	13.6
32541	276091200	8.8
32541	278769600	-4.8
32541	281361600	-9.5
32541	284040000	-15.2
32541	286718400	-7.2
32541	289137600	1.3
32541	291816000	3.7
32541	294408000	10.1
32541	297086400	15.7
32541	299678400	18.2
32541	302356800	18.3
32541	305035200	15.3
32541	307627200	8.8
32541	310305600	-1.3
32541	312897600	0.3
32541	315576000	-9.8
32541	318254400	-2.8
32541	320760000	-0.8
32541	323438400	8
32541	326030400	12.1
32541	328708800	13.7
32541	331300800	18.2
32541	333979200	15.5
32541	336657600	13.3
32541	339249600	8.5
32541	341928000	1.9
32541	344520000	-4.5
32541	347198400	-0.9
32541	349876800	-1.3
32541	352296000	2.7
32541	354974400	6.8
32541	357566400	10.9
32541	360244800	13.7
32541	362836800	18.3
32541	365515200	18.9
32541	368193600	13.4
32541	370785600	6
32541	373464000	3.3
32541	376056000	-4.3
32541	378734400	-12.7
32541	381412800	-5.7
32541	383832000	-2
32541	386510400	3.2
32541	389102400	9.5
32541	391780800	15
32541	394372800	17.7
32541	397051200	19.1
32541	399729600	11.9
32541	402321600	7.2
32541	4.05e+08	-2
32541	407592000	-3.1
32541	410270400	-0.6
32541	412948800	1.3
32541	415368000	1.1
32541	418046400	4.1
32541	420638400	9.5
32541	423316800	14.2
32541	425908800	17
32541	428587200	19.8
32541	431265600	11.4
32541	433857600	7.7
32541	436536000	0.4
32541	439128000	-15.4
32541	441806400	-1.2
32541	444484800	2.3
32541	446990400	1.7
32541	449668800	4.8
32541	452260800	9.8
32541	454939200	14.6
32541	457531200	19.2
32541	460209600	19.2
32541	462888000	9.4
32541	465480000	4
32541	468158400	0.6
32541	470750400	-10.2
32541	473428800	-6.5
32541	476107200	-5.8
32541	478526400	0.3
32541	481204800	7.9
32541	483796800	12.3
32541	486475200	15.2
32541	489067200	21.1
32541	491745600	15.6
32541	494424000	7.9
32541	497016000	5.7
32541	499694400	-11.2
32541	502286400	-3
32541	504964800	1.3
32541	507643200	-6.4
32541	510062400	5.7
32541	512740800	5
32541	515332800	11.5
32541	518011200	17.8
32541	520603200	16.4
32541	523281600	18
32541	525960000	9.3
32541	528552000	7.8
32541	531230400	-2.1
32541	533822400	-0.8
32541	536500800	-2
32541	539179200	0.2
32541	541598400	0.8
32541	544276800	9.5
32541	546868800	12.5
32541	549547200	16.8
32541	552139200	17.8
32541	554817600	15
32541	557496000	14.2
32541	560088000	8.1
32541	562766400	3.1
32541	565358400	-2.5
32541	568036800	-5.5
32541	570715200	-2.7
32541	573220800	2.6
32541	575899200	7.6
32541	578491200	12.1
32541	581169600	18.8
32541	583761600	19.4
32541	586440000	17.9
32541	589118400	12.8
32541	591710400	8.5
32541	594388800	0.2
32541	596980800	-2.1
32541	599659200	-2.7
32541	602337600	-8.1
32541	604756800	-2.3
32541	607435200	5.8
32541	610027200	9.7
32541	612705600	15.1
32541	615297600	19.4
32541	617976000	15.4
32541	620654400	12
32541	623246400	6.5
32541	625924800	2
32541	628516800	-1.6
32541	631195200	-2.3
32541	633873600	-2.7
32541	636292800	1.4
32541	638971200	6.1
32541	641563200	9.2
32541	644241600	14.4
32541	646833600	18
32541	649512000	18
32541	652190400	15.5
32541	654782400	6.8
32541	657460800	1.5
32541	660052800	-7.5
32541	662731200	-6.9
32541	665409600	3.3
32541	667828800	0.2
32541	670507200	5
32541	673099200	9.4
32541	675777600	13.5
32541	678369600	18.8
32541	681048000	19.5
32541	683726400	13.3
32541	686318400	6
32541	688996800	-1
32541	691588800	0.1
32541	694267200	0.5
32541	696945600	2.1
32541	699451200	4.2
32541	702129600	7.5
32541	704721600	11.8
32541	707400000	16.7
32541	709992000	15.6
32541	712670400	16.4
32541	715348800	13.3
32541	717940800	7.8
32541	720619200	0.8
32541	723211200	-9
32541	725889600	-10.5
32541	728568000	-8.5
32541	730987200	2.5
32541	733665600	6.1
32541	736257600	12.4
32541	738936000	13.2
32541	741528000	13.8
32541	744206400	14.9
32541	746884800	11.5
32541	749476800	6.9
32541	752155200	-2.4
32541	754747200	0.9
32541	757425600	-1.4
32541	760104000	-7.6
32541	762523200	3.9
32541	765201600	5.9
32541	767793600	11.6
32541	770472000	14.4
32541	773064000	18.6
32541	775742400	18.2
32541	778420800	15.1
32541	781012800	6.3
32541	783691200	-1.3
32541	786283200	-2.2
32541	788961600	-3.4
32541	791640000	-1.7
32541	794059200	-0.9
32541	796737600	4.5
32541	799329600	8.9
32541	802008000	13.4
32541	804600000	16.8
32541	807278400	17
32541	809956800	12.5
32541	812548800	5.8
32541	815227200	0.8
32541	817819200	-3.9
32541	820497600	-10.4
32541	823176000	-3.4
32541	825681600	-3.5
32541	828360000	5.7
32541	830952000	7.5
32541	833630400	15.3
32541	836222400	18.6
32541	838900800	18.3
32541	841579200	11.5
32541	844171200	6.4
32541	846849600	-6.1
32541	849441600	-8.4
32541	852120000	-7.4
32541	854798400	-0.5
32541	857217600	1
32541	859896000	2.3
32541	862488000	11.2
32541	865166400	15.1
32541	867758400	17.5
32541	870436800	17.4
32541	873115200	13.8
32541	875707200	7.2
32541	878385600	0.3
32541	880977600	-0.5
32541	883656000	-5
32541	886334400	-0.7
32541	888753600	-0.5
32541	891432000	6.4
32541	894024000	11.9
32541	896702400	13.1
32541	899294400	19.9
32541	901972800	19.5
32541	904651200	16.3
32541	907243200	7.3
32541	909921600	0.6
32541	912513600	-4
32541	915192000	-3
32541	917870400	1.4
32541	920289600	3
32541	922968000	4.1
32541	925560000	9.2
32541	928238400	13.6
32541	930830400	17.1
32541	933508800	19.5
32541	936187200	11.4
32541	938779200	7.6
32541	941457600	5.1
32541	944049600	1.6
32541	946728000	-3.5
32541	949406400	-2.8
32541	951912000	3.3
32541	954590400	7.4
32541	957182400	10.9
32541	959860800	14.3
32541	962452800	19.8
32541	965131200	18.9
32541	967809600	12.3
32541	970401600	6.1
32541	973080000	-3.8
32541	975672000	-7.1
32541	978350400	-0.2
32541	981028800	-9.8
32541	983448000	1.9
32541	986126400	4.9
32541	988718400	12.4
32541	991396800	14
32541	993988800	19
32541	996667200	19.8
32541	999345600	15.5
32541	1001937600	7.6
32541	1004616000	3.7
32541	1007208000	-3.3
32541	1009886400	-3.1
32541	1012564800	-0.3
32541	1014984000	-7.7
32541	1017662400	2
32541	1020254400	9
32541	1022932800	15.3
32541	1025524800	20.8
32541	1028203200	15.9
32541	1030881600	14
32541	1033473600	3
32541	1036152000	3
32541	1038744000	-0.5
32541	1041422400	-0.6
32541	1044100800	-3.3
32541	1046520000	-0.3
32541	1049198400	6.8
32541	1051790400	11.4
32541	1054468800	15.5
32541	1057060800	21.7
32541	1059739200	20.2
32541	1062417600	13.7
32541	1065009600	8.9
32541	1067688000	-3
32541	1070280000	-0.8
32541	1072958400	-7.1
32541	1075636800	-0.2
32541	1078142400	4
32541	1080820800	6.8
32541	1083412800	8.4
32541	1086091200	13
32541	1088683200	18.9
32541	1091361600	16.8
32541	1094040000	11.8
32541	1096632000	6.3
32541	1099310400	2.3
32541	1101902400	-0.5
32541	1104580800	-6.8
32541	1107259200	0.8
32541	1109678400	1.6
32541	1112356800	5.9
32541	1114948800	9.5
32541	1117627200	14
32541	1120219200	19.8
32541	1122897600	17.5
32541	1125576000	12.8
32541	1128168000	8.3
32541	1130846400	2.2
32541	1133438400	-3.5
32541	1136116800	3.2
32541	1138795200	-2.5
32541	1141214400	-0.5
32541	1143892800	6.5
32541	1146484800	11.9
32541	1149163200	15.7
32541	1151755200	21
32541	1154433600	17.3
32541	1157112000	12.5
32541	1159704000	5.9
32541	1162382400	-0.7
32541	1164974400	-0.4
32541	1167652800	-2.7
32541	1170331200	-3.4
32541	1172750400	5.2
32541	1175428800	4.5
32541	1178020800	11.7
32541	1180699200	15.7
32541	1183291200	23.1
32541	1185969600	17.7
32541	1188648000	12.3
32541	1191240000	7.9
32541	1193918400	0.5
32541	1196510400	-3
32541	1199188800	-5.2
32541	1201867200	-1.1
32541	1204372800	0.9
32541	1207051200	3.2
32541	1209643200	10
32541	1212321600	13.7
32541	1214913600	18.9
32541	1217592000	18.1
32541	1220270400	11.8
32541	1222862400	7.4
32541	1225540800	3.8
32541	1228132800	-8.3
32541	1230811200	-2.8
32541	1233489600	-0.9
32541	1235908800	-1.1
32541	1238587200	4.3
32541	1241179200	10.2
32541	1243857600	13.5
32541	1246449600	18.3
32541	1249128000	18.2
32541	1251806400	16.5
32541	1254398400	2.9
32541	1257076800	3.5
32541	1259668800	-7.2
32541	1262347200	-2.2
32541	1265025600	-1.1
32541	1267444800	4.9
32541	1270123200	4.9
32541	1272715200	7.5
32541	1275393600	13.5
32541	1277985600	17
32541	1280664000	16.7
32541	1283342400	11.5
32541	1285934400	9.2
32541	1288612800	-0.4
32541	1291204800	-4.1
32541	1293883200	-3
32541	1296561600	-5.4
32541	1298980800	0.2
32541	1301659200	3.1
32541	1304251200	8.4
32541	1306929600	12.6
32541	1309521600	17.6
32541	1312200000	18.8
32541	1314878400	14.8
32541	1317470400	7.1
32541	1320148800	0.6
32541	1322740800	-0.8
32541	1325419200	-3.1
32541	1328097600	-2.7
32541	1330603200	3.7
32541	1333281600	7.9
32541	1335873600	9.6
32541	1338552000	14.5
32541	1341144000	20.2
32541	1343822400	18.8
32541	1346500800	14.4
32541	1349092800	5.5
32541	1351771200	2.8
32541	1354363200	-4.7
32541	1357041600	-2
32541	1359720000	0.1
32541	1362139200	1
32541	1364817600	3.2
32541	1367409600	10.6
32541	1370088000	14.2
32541	1372680000	19.8
32541	1375358400	19.6
32541	1378036800	15.2
32541	1380628800	5.1
32541	1383307200	1
32541	1385899200	-5.1
32541	1388577600	-0.9
32541	1391256000	-7.3
32541	1393675200	-1.5
32542	-2427105600	-6.5
32542	-2424686400	-1.7
32542	-2422008000	1.7
32542	-2419416000	8.1
32543	-2429784000	-3
32543	-2427105600	-7.2
32543	-2424686400	-0.5
32543	-2422008000	3.7
32543	-2419416000	10.5
32543	-2416737600	15.4
32543	-2414145600	20.9
32543	-2411467200	20
32543	-2408788800	13.3
32543	-2406196800	6.8
32543	-2403518400	1.1
32543	-2400926400	0
32543	-2398248000	-4.8
32543	-2395569600	-6.8
32543	-2393150400	0.8
32543	-2390472000	6.1
32543	-2387880000	12.7
32543	-2385201600	15.1
32543	-2382609600	21.6
32543	-2379931200	22.3
32543	-2377252800	12.6
32543	-2374660800	8
32543	-2371982400	6
32543	-2369390400	-3
32543	-2366712000	-4.8
32543	-2364033600	-3.5
32543	-2361614400	0.5
32543	-2358936000	8.4
32543	-2356344000	11.5
32543	-2353665600	13.9
32543	-2351073600	19.5
32543	-2348395200	19.9
32543	-2345716800	13.1
32543	-2343124800	9.1
32543	-2340446400	0
32543	-2337854400	-3.6
32543	-2335176000	-1.2
32543	-2332497600	0.9
32543	-2329992000	-0.8
32543	-2327313600	4
32543	-2324721600	9
32543	-2322043200	17.7
32543	-2319451200	21.6
32543	-2316772800	20
32543	-2314094400	12.9
32543	-2311502400	8.8
32543	-2308824000	-3
32543	-2306232000	2.5
32543	-2303553600	-5.9
32543	-2300875200	-2.7
32543	-2298456000	-3.5
32543	-2295777600	6.9
32543	-2293185600	15.2
32543	-2290507200	16.3
32543	-2287915200	19
32543	-2285236800	21.4
32543	-2282558400	16.6
32543	-2279966400	8.3
32543	-2277288000	1.5
32543	-2274696000	-3.3
32543	-2272017600	-5.2
32543	-2269339200	0.5
32543	-2266920000	-3.7
32543	-2264241600	7.7
32543	-2261649600	10.9
32543	-2258971200	16.5
32543	-2256379200	19.9
32543	-2253700800	21.4
32543	-2251022400	14.3
32543	-2248430400	5.7
32543	-2245752000	-0.2
32543	-2243160000	-4.3
32543	-2240481600	-3
32543	-2237803200	-9.1
32543	-2235384000	-2.3
32543	-2232705600	5.5
32543	-2230113600	8.8
32543	-2227435200	15.3
32543	-2224843200	20.5
32543	-2222164800	18
32543	-2219486400	16.1
32543	-2216894400	6.6
32543	-2214216000	5.9
32543	-2211624000	-2.8
32543	-2208945600	-0.2
32543	-2206267200	-3.2
32543	-2203848000	3.8
32543	-2201169600	8.5
32543	-2198577600	14.2
32543	-2195899200	20.1
32543	-2193307200	20.2
32543	-2190628800	19.1
32543	-2187950400	14
32543	-2185358400	8.7
32543	-2182680000	1.7
32543	-2180088000	1.2
32543	-2177409600	-2.9
32543	-2174731200	-4.4
32543	-2172312000	0.9
32543	-2169633600	5.4
32543	-2167041600	14.6
32543	-2164363200	13.6
32543	-2161771200	22.9
32543	-2159092800	21.5
32543	-2156414400	11.6
32543	-2153822400	11.3
32543	-2151144000	5.9
32543	-2148552000	-1.9
32543	-2145873600	-5.4
32543	-2143195200	0.4
32543	-2140776000	-0.1
32543	-2138097600	5.8
32543	-2135505600	12.9
32543	-2132827200	15.6
32543	-2130235200	18.9
32543	-2127556800	19.3
32543	-2124878400	14.2
32543	-2122286400	10.6
32543	-2119608000	1.7
32543	-2117016000	-2.6
32543	-2114337600	-2.3
32543	-2111659200	-6.6
32543	-2109240000	-0.2
32543	-2106561600	5.6
32543	-2103969600	10.1
32543	-2101291200	15.5
32543	-2098699200	18.7
32543	-2096020800	19.5
32543	-2093342400	13.4
32543	-2090750400	11.1
32543	-2088072000	2
32543	-2085480000	-0.6
32543	-2082801600	-2
32543	-2080123200	-2.9
32543	-2077617600	-0.4
32543	-2074939200	8
32543	-2072347200	11.4
32543	-2069668800	15.6
32543	-2067076800	19.8
32543	-2064398400	20.9
32543	-2061720000	15.5
32543	-2059128000	10.2
32543	-2056449600	6.6
32543	-2053857600	-0.5
32543	-2051179200	-3.7
32543	-2048500800	-3.9
32543	-2046081600	4.5
32543	-2043403200	7.1
32543	-2040811200	9.8
32543	-2038132800	14.2
32543	-2035540800	20.3
32543	-2032862400	20.5
32543	-2030184000	16.3
32543	-2027592000	5
32543	-2024913600	2.7
32543	-2022321600	-1.9
32543	-2019643200	-1.5
32543	-2016964800	0.2
32543	-2014545600	-2.7
32543	-2011867200	7.9
32543	-2009275200	10.5
32543	-2006596800	14.2
32543	-2004004800	21.9
32543	-2001326400	19.4
32543	-1998648000	15.5
32543	-1996056000	9.5
32543	-1993377600	1.1
32543	-1990785600	1
32543	-1988107200	-9.3
32543	-1985428800	0.9
32543	-1983009600	2.4
32543	-1980331200	5.5
32543	-1977739200	9.9
32543	-1975060800	12.9
32543	-1972468800	18.7
32543	-1969790400	17.1
32543	-1967112000	13.9
32543	-1964520000	10.2
32543	-1961841600	3.8
32543	-1959249600	-0.6
32543	-1956571200	-1.1
32543	-1953892800	-0.8
32543	-1951387200	1.7
32543	-1948708800	9.6
32543	-1946116800	9.9
32543	-1943438400	13.4
32543	-1940846400	21.6
32543	-1938168000	18.7
32543	-1935489600	15.2
32543	-1932897600	6.5
32543	-1930219200	2.8
32543	-1927627200	-2.6
32543	-1924948800	-5.3
32543	-1922270400	-1.9
32543	-1919851200	1.9
32543	-1917172800	4.1
32543	-1914580800	9.1
32543	-1911902400	17.4
32543	-1909310400	19.7
32543	-1906632000	20.3
32543	-1903953600	14
32543	-1901361600	8.5
32543	-1898683200	1.4
32543	-1896091200	-8.5
32543	-1893412800	-6.5
32543	-1890734400	-5.4
32543	-1888315200	7
32543	-1885636800	9.9
32543	-1883044800	12.8
32543	-1880366400	18.2
32543	-1877774400	22
32543	-1875096000	19.1
32543	-1872417600	11.9
32543	-1869825600	11
32543	-1867147200	3.2
32543	-1864555200	-0.9
32543	-1861876800	-2.7
32543	-1859198400	-4
32543	-1856779200	5.2
32543	-1854100800	5.8
32543	-1851508800	10.4
32543	-1848830400	16.5
32543	-1846238400	18.8
32543	-1843560000	17.2
32543	-1840881600	12.8
32543	-1838289600	6.3
32543	-1835611200	-0.6
32543	-1833019200	-3.9
32543	-1830340800	-3
32543	-1827662400	-0.6
32543	-1825156800	-5.2
32543	-1822478400	6.2
32543	-1819886400	11.1
32543	-1817208000	17.1
32543	-1814616000	18.6
32543	-1811937600	18.3
32543	-1809259200	10.7
32543	-1806667200	6.3
32543	-1803988800	5
32543	-1801396800	-2.5
32543	-1798718400	-3.8
32543	-1796040000	-7.7
32543	-1793620800	-1.1
32543	-1790942400	8
32543	-1788350400	11.7
32543	-1785672000	16.3
32543	-1783080000	19.7
32543	-1780401600	20.6
32543	-1777723200	14.3
32543	-1775131200	6
32543	-1772452800	4.2
32543	-1769860800	-2.8
32543	-1767182400	1
32543	-1764504000	-1.8
32543	-1762084800	4.1
32543	-1759406400	7
32543	-1756814400	12.4
32543	-1754136000	15.2
32543	-1751544000	21.3
32543	-1748865600	20.2
32543	-1746187200	14.6
32543	-1743595200	9.3
32543	-1740916800	6.3
32543	-1738324800	-4.9
32543	-1735646400	-2.4
32543	-1732968000	2.1
32543	-1730548800	3.4
32543	-1727870400	10.6
32543	-1725278400	9.9
32543	-1722600000	13.5
32543	-1720008000	16.7
32543	-1717329600	20.3
32543	-1714651200	11.8
32543	-1712059200	11.1
32543	-1709380800	2.3
32543	-1706788800	-1.2
32543	-1704110400	-12
32543	-1701432000	-0.7
32543	-1698926400	4.7
32543	-1696248000	7.6
32543	-1693656000	8.5
32543	-1690977600	14.5
32543	-1688385600	21.1
32543	-1685707200	19.4
32543	-1683028800	14.3
32543	-1680436800	5
32543	-1677758400	0.8
32543	-1675166400	-6
32543	-1672488000	-6
32543	-1669809600	-3.1
32543	-1667390400	-3
32543	-1664712000	3.8
32543	-1662120000	9.7
32543	-1659441600	15.4
32543	-1656849600	22.5
32543	-1654171200	19.9
32543	-1651492800	16
32543	-1648900800	9.1
32543	-1646222400	6.1
32543	-1643630400	0.9
32543	-1640952000	-4.2
32543	-1638273600	-2.9
32543	-1635854400	5
32543	-1633176000	4.4
32543	-1630584000	9.8
32543	-1627905600	19.6
32543	-1625313600	19.6
32543	-1622635200	18.4
32543	-1619956800	12.4
32543	-1617364800	9.7
32543	-1614686400	1
32543	-1612094400	-1.9
32543	-1609416000	-0.7
32543	-1606737600	-2.8
32543	-1604318400	2.1
32543	-1601640000	7
32543	-1599048000	12.6
32543	-1596369600	19.3
32543	-1593777600	22.9
32543	-1591099200	21.4
32543	-1588420800	15.2
32543	-1585828800	4.1
32543	-1583150400	-0.9
32543	-1580558400	-5.7
32543	-1577880000	-1.4
32543	-1575201600	-2.3
32543	-1572696000	-1.1
32543	-1570017600	2.8
32543	-1567425600	10.1
32543	-1564747200	15.1
32543	-1562155200	21.2
32543	-1559476800	19.6
32543	-1556798400	15
32543	-1554206400	7.3
32543	-1551528000	0.9
32543	-1548936000	-1.3
32543	-1546257600	-1.2
32543	-1543579200	0.6
32543	-1541160000	3.2
32543	-1538481600	5.1
32543	-1535889600	9.4
32543	-1533211200	16.4
32543	-1530619200	20.4
32543	-1527940800	21.4
32543	-1525262400	11.7
32543	-1522670400	11.2
32543	-1519992000	2.9
32543	-1517400000	-2.9
32543	-1514721600	-7.4
32543	-1512043200	-6.4
32543	-1509624000	1.9
32543	-1506945600	5.2
32543	-1504353600	11.2
32543	-1501675200	19.1
32543	-1499083200	20.5
32543	-1496404800	21.9
32543	-1493726400	17.8
32543	-1491134400	11
32543	-1488456000	0.6
32543	-1485864000	-5.1
32543	-1483185600	-2.1
32543	-1480507200	-4.4
32543	-1478088000	0.5
32543	-1475409600	5.9
32543	-1472817600	11.9
32543	-1470139200	16.2
32543	-1467547200	21.9
32543	-1464868800	19.7
32543	-1462190400	15.8
32543	-1459598400	5.9
32543	-1456920000	4.1
32543	-1454328000	-3.3
32543	-1451649600	-4.8
32543	-1448971200	1.5
32543	-1446465600	-1
32543	-1443787200	4.5
32543	-1441195200	12.2
32543	-1438516800	15
32543	-1435924800	19.6
32543	-1433246400	19.9
32543	-1430568000	14.5
32543	-1427976000	8.4
32543	-1425297600	1.7
32543	-1422705600	-7.5
32543	-1420027200	-2.1
32543	-1417348800	2.1
32543	-1414929600	2.8
32543	-1412251200	7.7
32543	-1409659200	13.4
32543	-1406980800	15.5
32543	-1404388800	22
32543	-1401710400	19.6
32543	-1399032000	12.8
32543	-1396440000	3.8
32543	-1393761600	2.3
32543	-1391169600	-0.1
32543	-1388491200	-3.1
32543	-1385812800	1.5
32543	-1383393600	2.9
32543	-1380715200	9
32543	-1378123200	12.8
32543	-1375444800	17.7
32543	-1372852800	21.8
32543	-1370174400	19.5
32543	-1367496000	10.3
32543	-1364904000	9.9
32543	-1362225600	3.4
32543	-1359633600	-3
32543	-1356955200	-3.3
32543	-1354276800	-1.1
32543	-1351857600	1.8
32543	-1349179200	5
32543	-1346587200	8.3
32543	-1343908800	16.7
32543	-1341316800	20.5
32543	-1338638400	18
32543	-1335960000	13.3
32543	-1333368000	10.2
32543	-1330689600	5
32543	-1328097600	-8.6
32543	-1325419200	-4.2
32543	-1322740800	-3.7
32543	-1320235200	2.8
32543	-1317556800	4.8
32543	-1314964800	14.5
32543	-1312286400	14.1
32543	-1309694400	20.4
32543	-1307016000	18.9
32543	-1304337600	14.5
32543	-1301745600	7.5
32543	-1299067200	1.9
32543	-1296475200	-3.2
32543	-1293796800	-9.7
32543	-1291118400	-6.8
32543	-1288699200	1.6
32543	-1286020800	3.9
32543	-1283428800	10.6
32543	-1280750400	15.6
32543	-1278158400	21.4
32543	-1275480000	23.1
32543	-1272801600	11.3
32543	-1270209600	8.9
32543	-1267531200	-0.5
32543	-1264939200	0.4
32543	-1262260800	-14.5
32543	-1259582400	1.7
32543	-1257163200	0.2
32543	-1254484800	10.3
32543	-1251892800	12
32543	-1249214400	16.6
32543	-1246622400	21.8
32543	-1243944000	20.7
32543	-1241265600	15.2
32543	-1238673600	6.1
32543	-1235995200	1.2
32543	-1233403200	-2.7
32543	-1230724800	-1.5
32543	-1228046400	0.2
32543	-1225627200	1.8
32543	-1222948800	6.8
32543	-1220356800	12.5
32543	-1217678400	18.9
32543	-1215086400	22.4
32543	-1212408000	22
32543	-1209729600	14.9
32543	-1207137600	8.7
32543	-1204459200	-1
32543	-1201867200	-1.7
32543	-1199188800	-6.4
32543	-1196510400	-2.2
32543	-1194004800	-2.1
32543	-1191326400	6.3
32543	-1188734400	13.1
32543	-1186056000	16.6
32543	-1183464000	20.7
32543	-1180785600	20.3
32543	-1178107200	14.9
32543	-1175515200	7.3
32543	-1172836800	5.1
32543	-1170244800	-8.2
32543	-1167566400	-2.6
32543	-1164888000	-7.7
32543	-1162468800	2.2
32543	-1159790400	5.6
32543	-1157198400	9.5
32543	-1154520000	19.3
32543	-1151928000	23
32543	-1149249600	19.2
32543	-1146571200	15
32543	-1143979200	11.3
32543	-1141300800	4.3
32543	-1138708800	2.6
32543	-1136030400	1.7
32543	-1133352000	2
32543	-1130932800	6
32543	-1128254400	10.9
32543	-1125662400	16.2
32543	-1122984000	16.6
32543	-1120392000	22.5
32543	-1117713600	21.8
32543	-1115035200	13.1
32543	-1112443200	10.6
32543	-1109764800	5.6
32543	-1107172800	-1.9
32543	-1104494400	-3
32543	-1101816000	-0.4
32543	-1099396800	0.5
32543	-1096718400	4.8
32543	-1094126400	10
32543	-1091448000	16.6
32543	-1088856000	22.1
32543	-1086177600	20.8
32543	-1083499200	16.8
32543	-1080907200	8.1
32543	-1078228800	-0.5
32543	-1075636800	-1.3
32543	-1072958400	-4.1
32543	-1070280000	-11.5
32543	-1067774400	1.8
32543	-1065096000	7.6
32543	-1062504000	16.2
32543	-1059825600	19.6
32543	-1057233600	24.7
32543	-1054555200	20.6
32543	-1051876800	14.5
32543	-1049284800	9.6
32543	-1046606400	3.4
32543	-1044014400	-1.1
32543	-1041336000	-15.1
32543	-1038657600	-3.2
32543	-1036238400	1.7
32543	-1033560000	6.1
32543	-1030968000	14.2
32543	-1028289600	16.6
32543	-1025697600	22.2
32543	-1023019200	21.4
32543	-1020340800	16.6
32543	-1017748800	11.1
32543	-1015070400	3.3
32543	-1012478400	-1.6
32543	-1009800000	-2.1
32543	-1007121600	-1.7
32543	-1004702400	0.8
32543	-1002024000	7
32543	-999432000	10.8
32543	-996753600	17.5
32543	-994161600	20.6
32543	-991483200	20.6
32543	-988804800	19
32543	-986212800	8.9
32543	-983534400	-0.7
32543	-980942400	-0.3
32543	-978264000	-0.7
32543	-975585600	-6.5
32543	-973166400	2.7
32543	-970488000	9.2
32543	-967896000	14.2
32543	-965217600	14.4
32543	-962625600	22.4
32543	-959947200	21.1
32543	-957268800	16.3
32543	-954676800	9.5
32543	-951998400	5.8
32543	-949406400	2.2
32543	-946728000	-7
32543	-944049600	-1
32543	-941544000	4.5
32543	-938865600	6.8
32543	-936273600	14.8
32543	-933595200	18.5
32543	-931003200	22.4
32543	-928324800	22.2
32543	-925646400	17
32543	-923054400	11.9
32543	-920376000	0.3
32543	-917784000	0.2
32543	-915105600	-0.9
32543	-912427200	0.7
32543	-910008000	3.8
32543	-907329600	7
32543	-904737600	13.5
32543	-902059200	16.7
32543	-899467200	21.4
32543	-896788800	20.2
32543	-894110400	11.5
32543	-891518400	8.5
32543	-888840000	4.2
32543	-886248000	-1.8
32543	-883569600	-5.1
32543	-880891200	-5.6
32543	-878472000	0.9
32543	-875793600	8.4
32543	-873201600	9.6
32543	-870523200	14.3
32543	-867931200	21.8
32543	-865252800	20.8
32543	-862574400	15
32543	-859982400	9.2
32543	-857304000	2.4
32543	-854712000	-0.2
32543	-852033600	-7
32543	-849355200	-0.5
32543	-846936000	-2.1
32543	-844257600	9.9
32543	-841665600	9.9
32543	-838987200	14.8
32543	-836395200	21.3
32543	-833716800	21.1
32543	-831038400	15.8
32543	-828446400	10.9
32543	-825768000	3.5
32543	-823176000	-0.8
32543	-820497600	-1.9
32543	-817819200	-1.9
32543	-815313600	-0.6
32543	-812635200	7.2
32543	-810043200	13.3
32543	-807364800	14.3
32543	-804772800	19.4
32543	-802094400	19.3
32543	-799416000	15.4
32543	-796824000	11.5
32543	-794145600	1.8
32543	-791553600	-2.9
32543	-788875200	-1.2
32543	-786196800	-0.1
32543	-783777600	2.5
32543	-781099200	4.6
32543	-778507200	11.2
32543	-775828800	13.8
32543	-773236800	21.7
32543	-770558400	20.8
32543	-767880000	13.8
32543	-765288000	11.5
32543	-762609600	2.3
32543	-760017600	-2.3
32543	-757339200	-1.7
32543	-754660800	-0.8
32543	-752241600	4.2
32543	-749563200	10.1
32543	-746971200	10.3
32543	-744292800	16.6
32543	-741700800	21.9
32543	-739022400	20.5
32543	-736344000	14.4
32543	-733752000	4.6
32543	-731073600	0.7
32543	-728481600	0.5
32543	-725803200	-4.8
32543	-723124800	-1.1
32543	-720705600	2.2
32543	-718027200	6.6
32543	-715435200	13.8
32543	-712756800	13.4
32543	-710164800	22.5
32543	-707486400	20.5
32543	-704808000	14.5
32543	-702216000	11
32543	-699537600	-0.6
32543	-696945600	-1.6
32543	-694267200	-2.8
32543	-691588800	-4.5
32543	-689083200	-2.1
32543	-686404800	6.6
32543	-683812800	12.8
32543	-681134400	16.7
32543	-678542400	19.1
32543	-675864000	19.9
32543	-673185600	16
32543	-670593600	10.1
32543	-667915200	0
32543	-665323200	-5.9
32543	-662644800	-13.3
32543	-659966400	-5.1
32543	-657547200	0.7
32543	-654868800	9.7
32543	-652276800	13.4
32543	-649598400	16.6
32543	-647006400	21.1
32543	-644328000	21.6
32543	-641649600	14.8
32543	-639057600	5.8
32543	-636379200	7.6
32543	-633787200	-2.5
32543	-631108800	-8.2
32543	-628430400	1.6
32543	-626011200	0.5
32543	-623332800	6.1
32543	-620740800	10
32543	-618062400	15.5
32543	-615470400	18.9
32543	-612792000	19
32543	-610113600	13.3
32543	-607521600	10.9
32543	-604843200	2.3
32543	-602251200	1.5
32543	-599572800	-5.3
32543	-596894400	-0.3
32543	-594475200	-2.1
32543	-591796800	6.3
32543	-589204800	12.6
32543	-586526400	13.2
32543	-583934400	21.3
32543	-581256000	19.2
32543	-578577600	13.2
32543	-575985600	6.6
32543	-573307200	1.9
32543	-570715200	-5.5
32543	-568036800	-4.6
32543	-565358400	-2
32543	-562852800	-0.5
32543	-560174400	8.8
32543	-557582400	12.1
32543	-554904000	16.8
32543	-552312000	20
32543	-549633600	20.3
32543	-546955200	17.2
32543	-544363200	11.6
32543	-541684800	0.5
32543	-539092800	-0.4
32543	-536414400	3.4
32543	-533736000	-1
32543	-531316800	3.8
32543	-528638400	4.6
32543	-526046400	9.5
32543	-523368000	16
32543	-520776000	23.1
32543	-518097600	21.9
32543	-515419200	18
32543	-512827200	11.6
32543	-510148800	6
32543	-507556800	-0.1
32543	-504878400	-2.8
32543	-502200000	4.2
32543	-499780800	-1
32543	-497102400	8.2
32543	-494510400	12
32543	-491832000	14.3
32543	-489240000	23.1
32543	-486561600	19.6
32543	-483883200	15.3
32543	-481291200	8.5
32543	-478612800	6.3
32543	-476020800	-1.1
32543	-473342400	-5.6
32543	-470664000	-4.9
32543	-468244800	-2.2
32543	-465566400	3.8
32543	-462974400	11.3
32543	-460296000	15.4
32543	-457704000	20.5
32543	-455025600	22.1
32543	-452347200	14.7
32543	-449755200	10.3
32543	-447076800	-2.6
32543	-444484800	-2.8
32543	-441806400	-2.7
32543	-439128000	-4.1
32543	-436622400	1.7
32543	-433944000	6.6
32543	-431352000	12.8
32543	-428673600	18.3
32543	-426081600	21.5
32543	-423403200	19.3
32543	-420724800	16.5
32543	-418132800	9.6
32543	-415454400	0
32543	-412862400	-1.3
32543	-410184000	-10.3
32543	-407505600	-0.8
32543	-405086400	1.6
32543	-402408000	5.4
32543	-399816000	13.3
32543	-397137600	16.5
32543	-394545600	21.3
32543	-391867200	20.9
32543	-389188800	15.1
32543	-386596800	7.6
32543	-383918400	0
32543	-381326400	1.6
32543	-378648000	-1
32543	-375969600	2.1
32543	-373550400	-0.2
32543	-370872000	5.7
32543	-368280000	16.3
32543	-365601600	16.6
32543	-363009600	19.2
32543	-360331200	22
32543	-357652800	15.1
32543	-355060800	11.3
32543	-352382400	1.9
32543	-349790400	0.4
32543	-347112000	-1
32543	-344433600	-5
32543	-342014400	2.3
32543	-339336000	6.8
32543	-336744000	9.6
32543	-334065600	18.1
32543	-331473600	21.1
32543	-328795200	20.2
32543	-326116800	13.8
32543	-323524800	8.2
32543	-320846400	-0.1
32543	-318254400	0
32543	-315576000	-4.5
32543	-312897600	-4.3
32543	-310392000	1
32543	-307713600	6.2
32543	-305121600	11.4
32543	-302443200	17.7
32543	-299851200	23.5
32543	-297172800	19.4
32543	-294494400	15.9
32543	-291902400	9.8
32543	-289224000	2.5
32543	-286632000	-1.9
32543	-283953600	0
32543	-281275200	3.1
32543	-278856000	3.5
32543	-276177600	5.7
32543	-273585600	12.5
32543	-270907200	20.3
32543	-268315200	23.1
32543	-265636800	23.1
32543	-262958400	10.7
32543	-260366400	7.3
32543	-257688000	1.1
32543	-255096000	-2.6
32543	-252417600	-6.9
32543	-249739200	-2.2
32543	-247320000	0.4
32543	-244641600	8.8
32543	-242049600	11.6
32543	-239371200	16.7
32543	-236779200	19.7
32543	-234100800	19.2
32543	-231422400	14
32543	-228830400	11
32543	-226152000	3.9
32543	-223560000	0.7
32543	-220881600	-9.3
32543	-218203200	3
32543	-215784000	2.5
32543	-213105600	6
32543	-210513600	12.4
32543	-207835200	15.5
32543	-205243200	21.1
32543	-202564800	21.2
32543	-199886400	17.6
32543	-197294400	12.4
32543	-194616000	3.1
32543	-192024000	-2.9
32543	-189345600	-3.3
32543	-186667200	-2.8
32543	-184161600	-2
32543	-181483200	5.4
32543	-178891200	11.7
32543	-176212800	15.2
32543	-173620800	22.8
32543	-170942400	18.9
32543	-168264000	13.7
32543	-165672000	10.7
32543	-162993600	1.8
32543	-160401600	-1.8
32543	-157723200	-0.2
32543	-155044800	-0.2
32543	-152625600	-2.8
32543	-149947200	7.1
32543	-147355200	9.8
32543	-144676800	16
32543	-142084800	20.8
32543	-139406400	19.4
32543	-136728000	8.3
32543	-134136000	11.7
32543	-131457600	5.5
32543	-128865600	-0.2
32543	-126187200	-2.2
32543	-123508800	-1.3
32543	-121089600	2.9
32543	-118411200	5.7
32543	-115819200	14.6
32543	-113140800	15.7
32543	-110548800	23.1
32543	-107870400	20.3
32543	-105192000	17.6
32543	-102600000	9.1
32543	-99921600	3.3
32543	-97329600	-1.7
32543	-94651200	-0.3
32543	-91972800	0.8
32543	-89553600	1.3
32543	-86875200	3.8
32543	-84283200	11.1
32543	-81604800	14.7
32543	-79012800	21.6
32543	-76334400	21.3
32543	-73656000	17.8
32543	-71064000	9.3
32543	-68385600	2.5
32543	-65793600	-5.8
32543	-63115200	-4.2
32543	-60436800	0.4
32543	-57931200	4.6
32543	-55252800	4.9
32543	-52660800	10.1
32543	-49982400	15.8
32543	-47390400	21.2
32543	-44712000	17.9
32543	-42033600	14
32543	-39441600	9.5
32543	-36763200	1
32543	-34171200	-4.1
32543	-31492800	-6.5
32543	-28814400	-1.8
32543	-26395200	-0.3
32543	-23716800	8.4
32543	-21124800	13.4
32543	-18446400	14.5
32543	-15854400	20.1
32543	-13176000	21.4
32543	-10497600	16.3
32543	-7905600	4.6
32543	-5227200	4
32543	-2635200	-0.2
32543	43200	-2.4
32543	2721600	2.9
32543	5140800	0.4
32543	7819200	3
32543	10411200	12.2
32543	13089600	17.4
32543	15681600	20.7
32543	18360000	21.6
32543	21038400	12
32543	23630400	6.4
32543	26308800	2.8
32543	28900800	-2.1
32543	31579200	-2.8
32543	34257600	-0.5
32543	36676800	0.9
32543	39355200	6.2
32543	41947200	12
32543	44625600	15.7
32543	47217600	19.9
32543	49896000	23.3
32543	52574400	12.1
32543	55166400	7.5
32543	57844800	3.1
32543	60436800	-4
32543	63115200	-4.6
32543	65793600	1.5
32543	68299200	6.2
32543	70977600	6.5
32543	73569600	12
32543	76248000	17.3
32543	78840000	19
32543	81518400	21
32543	84196800	12.5
32543	86788800	7
32543	89467200	2.4
32543	92059200	-6.3
32543	94737600	-4.6
32543	97416000	-1.1
32543	99835200	1.9
32543	102513600	4.5
32543	105105600	11.4
32543	107784000	16.7
32543	110376000	21.3
32543	113054400	20.6
32543	115732800	13.1
32543	118324800	10
32543	121003200	0.7
32543	123595200	-0.1
32543	126273600	-4.5
32543	128952000	0.7
32543	131371200	2
32543	134049600	7.7
32543	136641600	10.3
32543	139320000	19.2
32543	141912000	22.4
32543	144590400	18.9
32543	147268800	14.5
32543	149860800	10.3
32543	152539200	3.4
32543	155131200	-1.9
32543	157809600	-4
32543	160488000	-3.7
32543	162907200	-0.2
32543	165585600	1.5
32543	168177600	9.5
32543	170856000	14.8
32543	173448000	21.6
32543	176126400	18
32543	178804800	14.4
32543	181396800	8.6
32543	184075200	1
32543	186667200	0.2
32543	189345600	-1.2
32543	192024000	0.6
32543	194529600	-0.6
32543	197208000	6.4
32543	199800000	13.7
32543	202478400	15.7
32543	205070400	21.2
32543	207748800	19.2
32543	210427200	15.7
32543	213019200	8.8
32543	215697600	3.5
32543	218289600	0.1
32543	220968000	-4.6
32543	223646400	2.1
32543	226065600	0.2
32543	228744000	9.1
32543	231336000	10.7
32543	234014400	18.8
32543	236606400	20
32543	239284800	19.2
32543	241963200	14.5
32543	244555200	9.6
32543	247233600	1.4
32543	249825600	-1.1
32543	252504000	-2.6
32543	255182400	-1.2
32543	257601600	4.5
32543	260280000	7.7
32543	262872000	10.3
32543	265550400	16.2
32543	268142400	19.6
32543	270820800	18.8
32543	273499200	14.9
32543	276091200	10.1
32543	278769600	-2.4
32543	281361600	-6.6
32543	284040000	-11.4
32543	286718400	-2.2
32543	289137600	2.4
32543	291816000	5.8
32543	294408000	11.7
32543	297086400	16.8
32543	299678400	21
32543	302356800	19.6
32543	305035200	17.6
32543	307627200	10.5
32543	310305600	-0.6
32543	312897600	1.6
32543	315576000	-5.8
32543	318254400	-0.1
32543	320760000	0.6
32543	323438400	9.1
32543	326030400	12.4
32543	328708800	16.2
32543	331300800	20.8
32543	333979200	18.2
32543	336657600	15.1
32543	339249600	9.7
32543	341928000	2.2
32543	344520000	2.4
32543	347198400	1.2
32543	349876800	-0.3
32543	352296000	4.1
32543	354974400	8
32543	357566400	11.1
32543	360244800	15.4
32543	362836800	21
32543	365515200	21.6
32543	368193600	16.4
32543	370785600	7
32543	373464000	4.8
32543	376056000	-0.3
32543	378734400	-4.7
32543	381412800	-1.8
32543	383832000	2.1
32543	386510400	4.3
32543	389102400	10.3
32543	391780800	15.5
32543	394372800	20
32543	397051200	21.5
32543	399729600	13.5
32543	402321600	7.8
32543	4.05e+08	0.6
32543	407592000	-2.4
32543	410270400	1.4
32543	412948800	2.2
32543	415368000	4
32543	418046400	5
32543	420638400	10.6
32543	423316800	15.7
32543	425908800	19.6
32543	428587200	21.9
32543	431265600	13.9
32543	433857600	10.1
32543	436536000	2.6
32543	439128000	-9.1
32543	441806400	-2.4
32543	444484800	0.3
32543	446990400	2.8
32543	449668800	5.8
32543	452260800	11.9
32543	454939200	14.7
32543	457531200	20.8
32543	460209600	21.3
32543	462888000	12.4
32543	465480000	6
32543	468158400	3
32543	470750400	-3.4
32543	473428800	-4.5
32543	476107200	-3.9
32543	478526400	1.5
32543	481204800	9.3
32543	483796800	13.9
32543	486475200	17.6
32543	489067200	23.4
32543	491745600	18.4
32543	494424000	11.1
32543	497016000	8
32543	499694400	-5.2
32543	502286400	-3.8
32543	504964800	2
32543	507643200	0.6
32543	510062400	7.3
32543	512740800	7.3
32543	515332800	12.1
32543	518011200	19.2
32543	520603200	18.9
32543	523281600	21
32543	525960000	11.3
32543	528552000	9
32543	531230400	1.4
32543	533822400	-1.7
32543	536500800	-2.6
32543	539179200	1.3
32543	541598400	3.9
32543	544276800	11.4
32543	546868800	14.3
32543	549547200	18.2
32543	552139200	19
32543	554817600	18
32543	557496000	16.4
32543	560088000	10.1
32543	562766400	3.8
32543	565358400	-2.1
32543	568036800	-4.3
32543	570715200	1.1
32543	573220800	2.3
32543	575899200	9.4
32543	578491200	13.3
32543	581169600	20.5
32543	583761600	22.9
32543	586440000	21.1
32543	589118400	14.5
32543	591710400	12
32543	594388800	1.5
32543	596980800	-2.8
32543	599659200	-2.8
32543	602337600	-8.8
32543	604756800	1.5
32543	607435200	7.7
32543	610027200	11.4
32543	612705600	16.7
32543	615297600	22.6
32543	617976000	19
32543	620654400	15
32543	623246400	8.6
32543	625924800	4.2
32543	628516800	-1.8
32543	631195200	-0.9
32543	633873600	-0.9
32543	636292800	2.7
32543	638971200	8.7
32543	641563200	10.6
32543	644241600	16.3
32543	646833600	21.1
32543	649512000	20.7
32543	652190400	18.6
32543	654782400	9.4
32543	657460800	4.8
32543	660052800	-7.7
32543	662731200	-3.9
32543	665409600	4.3
32543	667828800	1.9
32543	670507200	5.7
32543	673099200	10.4
32543	675777600	15.6
32543	678369600	22.2
32543	681048000	22.8
32543	683726400	15.8
32543	686318400	8.4
32543	688996800	0.1
32543	691588800	0.4
32543	694267200	0.3
32543	696945600	3.1
32543	699451200	7
32543	702129600	9.5
32543	704721600	14.9
32543	707400000	17.7
32543	709992000	18.4
32543	712670400	19.3
32543	715348800	15.2
32543	717940800	10.8
32543	720619200	0.6
32543	723211200	-6
32543	725889600	-5.6
32543	728568000	-5.4
32543	730987200	3.9
32543	733665600	6.7
32543	736257600	14.1
32543	738936000	14.8
32543	741528000	15.3
32543	744206400	17.2
32543	746884800	14.2
32543	749476800	9.2
32543	752155200	-1
32543	754747200	-0.7
32543	757425600	1
32543	760104000	-2.8
32543	762523200	5.2
32543	765201600	8.3
32543	767793600	14.2
32543	770472000	17.5
32543	773064000	21.2
32543	775742400	22.9
32543	778420800	18
32543	781012800	7.8
32543	783691200	-0.8
32543	786283200	-0.9
32543	788961600	-3
32543	791640000	2.1
32543	794059200	1.9
32543	796737600	5.5
32543	799329600	10.6
32543	802008000	15.5
32543	804600000	20.7
32543	807278400	20.8
32543	809956800	15.4
32543	812548800	7.7
32543	815227200	4.9
32543	817819200	-0.5
32543	820497600	-4.2
32543	823176000	-1.4
32543	825681600	0.1
32543	828360000	7.9
32543	830952000	9.5
32543	833630400	17.7
32543	836222400	22.1
32543	838900800	21.5
32543	841579200	14.6
32543	844171200	8.7
32543	846849600	1.2
32543	849441600	-2.6
32543	852120000	-4.2
32543	854798400	-1
32543	857217600	4.3
32543	859896000	4
32543	862488000	13.5
32543	865166400	16.3
32543	867758400	19.3
32543	870436800	19.2
32543	873115200	15.9
32543	875707200	7.8
32543	878385600	1.9
32543	880977600	-2.8
32543	883656000	-2.5
32543	886334400	0.6
32543	888753600	2.2
32543	891432000	6.9
32543	894024000	13.1
32543	896702400	13
32543	899294400	21.9
32543	901972800	21.9
32543	904651200	18.6
32543	907243200	8.4
32543	909921600	4.1
32543	912513600	-2.5
32543	915192000	-0.1
32543	917870400	0.9
32543	920289600	3.9
32543	922968000	5
32543	925560000	10.8
32543	928238400	15.6
32543	930830400	20.7
32543	933508800	21
32543	936187200	13.7
32543	938779200	11
32543	941457600	8.4
32543	944049600	-1.1
32543	946728000	-0.6
32543	949406400	2.7
32543	951912000	3.8
32543	954590400	8.5
32543	957182400	12.6
32543	959860800	17.3
32543	962452800	23
32543	965131200	23
32543	967809600	15.7
32543	970401600	8.5
32543	973080000	-2.5
32543	975672000	-2
32543	978350400	-1.9
32543	981028800	-2
32543	983448000	4.1
32543	986126400	6.5
32543	988718400	14.6
32543	991396800	16.6
32543	993988800	21.9
32543	996667200	23.2
32543	999345600	18.2
32543	1001937600	9.7
32543	1004616000	6.8
32543	1007208000	-2.5
32543	1009886400	-1.9
32543	1012564800	-0.9
32543	1014984000	-0.8
32543	1017662400	6.3
32543	1020254400	11.5
32543	1022932800	17.3
32543	1025524800	23
32543	1028203200	19
32543	1030881600	16.4
32543	1033473600	6.3
32543	1036152000	2.4
32543	1038744000	0.5
32543	1041422400	1.4
32543	1044100800	-2.8
32543	1046520000	3.7
32543	1049198400	7.8
32543	1051790400	11.7
32543	1054468800	16.9
32543	1057060800	24.7
32543	1059739200	23.7
32543	1062417600	16.8
32543	1065009600	10.9
32543	1067688000	-0.6
32543	1070280000	1
32543	1072958400	-2
32543	1075636800	-0.2
32543	1078142400	6.5
32543	1080820800	9.2
32543	1083412800	11.4
32543	1086091200	15.8
32543	1088683200	21.6
32543	1091361600	19.3
32543	1094040000	14.3
32543	1096632000	10
32543	1099310400	3.6
32543	1101902400	1.6
32543	1104580800	-2.8
32543	1107259200	1.8
32543	1109678400	3.3
32543	1112356800	7.1
32543	1114948800	11
32543	1117627200	15
32543	1120219200	22.2
32543	1122897600	20.2
32543	1125576000	15.1
32543	1128168000	10.6
32543	1130846400	3.2
32543	1133438400	-2.7
32543	1136116800	0.9
32543	1138795200	-1.4
32543	1141214400	2.7
32543	1143892800	8.4
32543	1146484800	12.6
32543	1149163200	18
32543	1151755200	23.1
32543	1154433600	20.3
32543	1157112000	15
32543	1159704000	8.2
32543	1162382400	4.4
32543	1164974400	1.2
32543	1167652800	-3
32543	1170331200	1.1
32543	1172750400	7.3
32543	1175428800	7.9
32543	1178020800	13.5
32543	1180699200	18.4
32543	1183291200	25
32543	1185969600	21.2
32543	1188648000	15.6
32543	1191240000	9.2
32543	1193918400	4.2
32543	1196510400	-1.2
32543	1199188800	-2.2
32543	1201867200	2.3
32543	1204372800	2.3
32543	1207051200	5.3
32543	1209643200	11.5
32543	1212321600	15.9
32543	1214913600	21.6
32543	1217592000	21.1
32543	1220270400	14.9
32543	1222862400	9.6
32543	1225540800	7.2
32543	1228132800	-4.2
32543	1230811200	-0.1
32543	1233489600	2.5
32543	1235908800	1.9
32543	1238587200	5.5
32543	1241179200	13.2
32543	1243857600	15.1
32543	1246449600	20.2
32543	1249128000	19.8
32543	1251806400	17.9
32543	1254398400	4.4
32543	1257076800	4.4
32543	1259668800	-5.2
32543	1262347200	0.1
32543	1265025600	0.7
32543	1267444800	5
32543	1270123200	6.8
32543	1272715200	9.7
32543	1275393600	15.2
32543	1277985600	20
32543	1280664000	19.6
32543	1283342400	15.9
32543	1285934400	12
32543	1288612800	0.8
32543	1291204800	-0.5
32543	1293883200	-0.4
32543	1296561600	-2
32543	1298980800	4.4
32543	1301659200	5.8
32543	1304251200	9.9
32543	1306929600	14.8
32543	1309521600	21
32543	1312200000	21.3
32543	1314878400	17.2
32543	1317470400	10.7
32543	1320148800	2.6
32543	1322740800	-0.6
32543	1325419200	1.1
32543	1328097600	0.3
32543	1330603200	6.5
32543	1333281600	9.1
32543	1335873600	11.6
32543	1338552000	18
32543	1341144000	23.1
32543	1343822400	21.5
32543	1346500800	17.6
32543	1349092800	9.3
32543	1351771200	5.6
32543	1354363200	0
32543	1357041600	-1.6
32543	1359720000	0.7
32543	1362139200	4
32543	1364817600	5.8
32543	1367409600	12.1
32543	1370088000	17
32543	1372680000	22.4
32543	1375358400	21.8
32543	1378036800	16.5
32543	1380628800	6.4
32543	1383307200	4
32543	1385899200	-2.7
32543	1388577600	1.4
32543	1391256000	-2.3
32543	1393675200	2.7
32544	-2272017600	-6.6
32544	-2269339200	-5.4
32544	-2266920000	-3.3
32544	-2264241600	4.2
32544	-2261649600	10
32544	-2258971200	14.7
32544	-2256379200	17
32544	-2253700800	21.8
32544	-2251022400	11.7
32544	-2248430400	6.3
32544	-2245752000	1.9
32544	-2243160000	-3.1
32544	-2240481600	-5
32544	-2237803200	-3.8
32544	-2235384000	-0.7
32544	-2232705600	5
32544	-2230113600	8.3
32544	-2227435200	13.8
32544	-2224843200	17.9
32544	-2222164800	15.2
32544	-2219486400	11.7
32544	-2216894400	7.2
32544	-2214216000	1.8
32544	-2211624000	-6
32544	-2208945600	-0.4
32544	-2206267200	-2.9
32544	-2203848000	2.3
32544	-2201169600	7.7
32544	-2198577600	13.6
32544	-2195899200	18.1
32544	-2193307200	16.4
32544	-2190628800	15.4
32544	-2187950400	11.2
32544	-2185358400	6.6
32544	-2182680000	-0.4
32544	-2180088000	-0.4
32544	-2177409600	-3.6
32544	-2174731200	-5
32544	-2172312000	1.7
32544	-2169633600	6.5
32544	-2167041600	15.8
32544	-2164363200	14.4
32544	-2161771200	21.9
32544	-2159092800	20.6
32544	-2156414400	10.3
32544	-2153822400	9.4
32544	-2151144000	2.8
32544	-2148552000	-2.9
32544	-2145873600	-6.3
32544	-2143195200	-0.2
32544	-2140776000	-0.6
32544	-2138097600	4.5
32544	-2135505600	11.2
32544	-2132827200	13.4
32544	-2130235200	15.9
32544	-2127556800	14.8
32544	-2124878400	10.6
32544	-2122286400	7.4
32544	-2119608000	-0.7
32544	-2117016000	-3.4
32544	-2114337600	-2.4
32544	-2111659200	-5.9
32544	-2109240000	-1.6
32544	-2106561600	3.8
32544	-2103969600	9.1
32544	-2101291200	14.7
32544	-2098699200	15.2
32544	-2096020800	16.9
32544	-2093342400	10.4
32544	-2090750400	9.2
32544	-2088072000	-0.3
32544	-2085480000	-2.6
32544	-2082801600	-3.6
32544	-2080123200	-2
32544	-2077617600	-0.9
32544	-2074939200	7.3
32544	-2072347200	11.1
32544	-2069668800	13.4
32544	-2067076800	16.4
32544	-2064398400	15.9
32544	-2061720000	12
32544	-2059128000	7.8
32544	-2056449600	4.6
32544	-2053857600	-2.1
32544	-2051179200	-4.2
32544	-2048500800	-6.4
32544	-2046081600	3.4
32544	-2043403200	5.7
32544	-2040811200	8.9
32544	-2038132800	13.2
32544	-2035540800	17.4
32544	-2032862400	17.7
32544	-2030184000	14.3
32544	-2027592000	4.6
32544	-2024913600	1.2
32544	-2022321600	-3.4
32544	-2019643200	-2.7
32544	-2016964800	-0.4
32544	-2014545600	-3.3
32544	-2011867200	8.2
32544	-2009275200	10.5
32544	-2006596800	13.4
32544	-2004004800	19.4
32544	-2001326400	16.6
32544	-1998648000	13.1
32544	-1996056000	10.1
32544	-1993377600	0.1
32544	-1990785600	0.3
32544	-1988107200	-10.1
32544	-1985428800	0.5
32544	-1983009600	2.4
32544	-1980331200	6.7
32544	-1977739200	10.4
32544	-1975060800	13.4
32544	-1972468800	16.9
32544	-1969790400	15.1
32544	-1967112000	12.9
32544	-1964520000	9.8
32544	-1961841600	2.9
32544	-1959249600	-2.4
32544	-1956571200	-3.7
32544	-1953892800	-1.7
32544	-1951387200	3
32544	-1948708800	7.4
32544	-1946116800	9.9
32544	-1943438400	12.3
32544	-1940846400	18.7
32544	-1938168000	16.1
32544	-1935489600	12.8
32544	-1932897600	6.8
32544	-1930219200	2.9
32544	-1927627200	-4.8
32544	-1924948800	-5.2
32544	-1922270400	-1.4
32544	-1919851200	2.5
32544	-1917172800	5.1
32544	-1914580800	10.2
32544	-1911902400	17.4
32544	-1909310400	19.1
32544	-1906632000	17
32544	-1903953600	13.2
32544	-1901361600	10.8
32544	-1898683200	2.9
32544	-1896091200	-7.1
32544	-1893412800	-6.8
32544	-1890734400	-4.6
32544	-1888315200	5.3
32544	-1885636800	8.7
32544	-1883044800	11.3
32544	-1880366400	15.2
32544	-1877774400	20.5
32544	-1875096000	15.7
32544	-1872417600	12.8
32544	-1869825600	9.9
32544	-1867147200	3.9
32544	-1864555200	-0.2
32544	-1861876800	-3.9
32544	-1859198400	-2.7
32544	-1856779200	4
32544	-1854100800	7.1
32544	-1851508800	10.2
32544	-1848830400	15.8
32544	-1846238400	17
32544	-1843560000	15.6
32544	-1840881600	12.3
32544	-1838289600	8.9
32544	-1835611200	0.1
32544	-1833019200	-2.3
32544	-1830340800	-2.4
32544	-1827662400	1.6
32544	-1825156800	-5.1
32544	-1822478400	7.7
32544	-1819886400	11.4
32544	-1817208000	17.3
32544	-1814616000	16.3
32544	-1811937600	15.2
32544	-1809259200	10.4
32544	-1806667200	6.1
32544	-1803988800	5.2
32544	-1801396800	-3.4
32544	-1798718400	-4.7
32544	-1796040000	-5.9
32544	-1793620800	-3.2
32544	-1790942400	3
32544	-1788350400	10.1
32544	-1785672000	13.9
32544	-1783080000	14.8
32544	-1780401600	15.8
32544	-1777723200	11.7
32544	-1775131200	8.2
32544	-1772452800	2.6
32544	-1769860800	-3.2
32544	-1767182400	-0.8
32544	-1764504000	-3.2
32544	-1762084800	2.9
32544	-1759406400	7.9
32544	-1756814400	10.9
32544	-1754136000	14.5
32544	-1751544000	18.9
32544	-1748865600	16.2
32544	-1746187200	10
32544	-1743595200	9.1
32544	-1740916800	4
32544	-1738324800	-5.5
32544	-1735646400	-2.4
32544	-1732968000	0.6
32544	-1730548800	1.4
32544	-1727870400	7.7
32544	-1725278400	10.7
32544	-1722600000	10.6
32544	-1720008000	15.8
32544	-1717329600	16.8
32544	-1714651200	9.8
32544	-1712059200	7.7
32544	-1709380800	2.2
32544	-1706788800	-2.3
32544	-1704110400	-13.9
32544	-1701432000	-3
32544	-1698926400	4.4
32544	-1696248000	6.8
32544	-1693656000	7.6
32544	-1690977600	12.2
32544	-1688385600	16.4
32544	-1685707200	16
32544	-1683028800	12.9
32544	-1680436800	6.1
32544	-1677758400	0.3
32544	-1675166400	-4.4
32544	-1672488000	-5.8
32544	-1669809600	0.3
32544	-1667390400	-0.4
32544	-1664712000	4.8
32544	-1662120000	8.1
32544	-1659441600	13.9
32544	-1656849600	18.7
32544	-1654171200	16.8
32544	-1651492800	13.1
32544	-1648900800	7
32544	-1646222400	4.6
32544	-1643630400	0.2
32544	-1640952000	-3
32544	-1638273600	-0.6
32544	-1635854400	3.8
32544	-1633176000	4
32544	-1630584000	8.6
32544	-1627905600	17.8
32544	-1625313600	16.1
32544	-1622635200	14.3
32544	-1619956800	9.7
32544	-1617364800	9.3
32544	-1614686400	1.1
32544	-1612094400	-2
32544	-1609416000	-1.6
32544	-1606737600	-2.7
32544	-1604318400	0.8
32544	-1601640000	3.2
32544	-1599048000	10.9
32544	-1596369600	17.2
32544	-1593777600	19.9
32544	-1591099200	18.2
32544	-1588420800	14.6
32544	-1585828800	4.3
32544	-1583150400	-1.9
32544	-1580558400	-7.4
32544	-1577880000	-3.4
32544	-1575201600	-1.6
32544	-1572696000	-1.2
32544	-1570017600	1
32544	-1567425600	9.4
32544	-1564747200	14.1
32544	-1562155200	17.2
32544	-1559476800	16.2
32544	-1556798400	10.1
32544	-1554206400	5
32544	-1551528000	-0.9
32544	-1548936000	-2.3
32544	-1546257600	-1.9
32544	-1543579200	0.4
32544	-1541160000	2.8
32544	-1538481600	4.1
32544	-1535889600	9.9
32544	-1533211200	15.4
32544	-1530619200	18.4
32544	-1527940800	17
32544	-1525262400	9.2
32544	-1522670400	10.3
32544	-1519992000	1.1
32544	-1517400000	-5.3
32544	-1514721600	-6.9
32544	-1512043200	-5.9
32544	-1509624000	-0.2
32544	-1506945600	4.8
32544	-1504353600	8.8
32544	-1501675200	15.4
32544	-1499083200	16.6
32544	-1496404800	16.6
32544	-1493726400	13
32544	-1491134400	10.3
32544	-1488456000	-0.9
32544	-1485864000	-5.7
32544	-1483185600	-1.7
32544	-1480507200	-5.2
32544	-1478088000	-0.4
32544	-1475409600	4.6
32544	-1472817600	6.2
32544	-1470139200	11.2
32544	-1467547200	19.7
32544	-1464868800	16.7
32544	-1462190400	13.2
32544	-1459598400	5.1
32544	-1456920000	3.9
32544	-1454328000	-4.6
32544	-1451649600	-4.7
32544	-1448971200	-0.1
32544	-1446465600	-0.8
32544	-1443787200	5.4
32544	-1441195200	11.1
32544	-1438516800	13.7
32544	-1435924800	17.8
32544	-1433246400	17.3
32544	-1430568000	13.3
32544	-1427976000	7.7
32544	-1425297600	0.9
32544	-1422705600	-7.9
32544	-1420027200	-1.1
32544	-1417348800	2.2
32544	-1414929600	2.7
32544	-1412251200	7.9
32544	-1409659200	12.4
32544	-1406980800	14.3
32544	-1404388800	20.2
32544	-1401710400	17.3
32544	-1399032000	11.8
32544	-1396440000	4.7
32544	-1393761600	1.8
32544	-1391169600	0.6
32544	-1388491200	-3.4
32544	-1385812800	-0.5
32544	-1383393600	3.9
32544	-1380715200	8.3
32544	-1378123200	10.4
32544	-1375444800	14.7
32544	-1372852800	20.1
32544	-1370174400	18.1
32544	-1367496000	9.1
32544	-1364904000	7.6
32544	-1362225600	3.1
32544	-1359633600	-4.2
32544	-1356955200	-3.4
32544	-1354276800	-1.8
32544	-1351857600	1.7
32544	-1349179200	5.6
32544	-1346587200	9.5
32544	-1343908800	15.7
32544	-1341316800	19.7
32544	-1338638400	17.6
32544	-1335960000	13.8
32544	-1333368000	9.8
32544	-1330689600	2.7
32544	-1328097600	-8.4
32544	-1325419200	-2.6
32544	-1322740800	-3.3
32544	-1320235200	3
32544	-1317556800	5.3
32544	-1314964800	14.2
32544	-1312286400	14.2
32544	-1309694400	19.6
32544	-1307016000	17.5
32544	-1304337600	13.3
32544	-1301745600	6.9
32544	-1299067200	1.4
32544	-1296475200	-3.8
32544	-1293796800	-9.3
32544	-1291118400	-6.9
32544	-1288699200	1.7
32544	-1286020800	4.7
32544	-1283428800	10.6
32544	-1280750400	14.7
32544	-1278158400	20.7
32544	-1275480000	21.6
32544	-1272801600	11.6
32544	-1270209600	9.2
32544	-1267531200	-0.4
32544	-1264939200	0.6
32544	-1262260800	-14.4
32544	-1259582400	2.3
32544	-1257163200	0.7
32544	-1254484800	11
32544	-1251892800	11.2
32544	-1249214400	15.9
32544	-1246622400	21.6
32544	-1243944000	19.9
32544	-1241265600	14.1
32544	-1238673600	5.6
32544	-1235995200	0.2
32544	-1233403200	-3.2
32544	-1230724800	0
32544	-1228046400	1.2
32544	-1225627200	4
32544	-1222948800	7.7
32544	-1220356800	11.9
32544	-1217678400	18.2
32544	-1215086400	20.8
32544	-1212408000	20.6
32544	-1209729600	14.2
32544	-1207137600	9.8
32544	-1204459200	-0.9
32544	-1201867200	-2.7
32544	-1199188800	-6.2
32544	-1196510400	-1.2
32544	-1194004800	-1.4
32544	-1191326400	8
32544	-1188734400	11.6
32544	-1186056000	16.8
32544	-1183464000	19.9
32544	-1180785600	18.4
32544	-1178107200	12.8
32544	-1175515200	6.7
32544	-1172836800	3.8
32544	-1170244800	-7.8
32544	-1167566400	-2.5
32544	-1164888000	-8.4
32544	-1162468800	2.8
32544	-1159790400	5.7
32544	-1157198400	10.4
32544	-1154520000	19.8
32544	-1151928000	21.8
32544	-1149249600	17.8
32544	-1146571200	13.2
32544	-1143979200	9.7
32544	-1141300800	4.7
32544	-1138708800	0.9
32544	-1136030400	0.3
32544	-1133352000	1.6
32544	-1130932800	5.3
32544	-1128254400	10.1
32544	-1125662400	16.3
32544	-1122984000	15.1
32544	-1120392000	20.6
32544	-1117713600	20.8
32544	-1115035200	12.8
32544	-1112443200	9.1
32544	-1109764800	3.4
32544	-1107172800	-3.6
32544	-1104494400	-4.3
32544	-1101816000	-1.3
32544	-1099396800	-1.1
32544	-1096718400	3.4
32544	-1094126400	7.9
32544	-1091448000	13.6
32544	-1088856000	17.9
32544	-1086177600	17.2
32544	-1083499200	12.9
32544	-1080907200	4.8
32544	-1078228800	-3.7
32544	-1075636800	-3.2
32544	-1072958400	-4.7
32544	-1070280000	-13.9
32544	-1067774400	0.6
32544	-1065096000	6.3
32544	-1062504000	9.9
32544	-1059825600	15.4
32544	-1057233600	22.1
32544	-1054555200	18.4
32544	-1051876800	13.4
32544	-1049284800	8.3
32544	-1046606400	-0.1
32544	-1044014400	-3.3
32544	-1041336000	-17.4
32544	-1038657600	-5
32544	-1036238400	0.2
32544	-1033560000	5.1
32544	-1030968000	11.7
32544	-1028289600	14.1
32544	-1025697600	19.4
32544	-1023019200	17.6
32544	-1020340800	12.9
32544	-1017748800	7.9
32544	-1015070400	1.1
32544	-1012478400	-3.8
32544	-1009800000	-3.6
32544	-1007121600	-3
32544	-1004702400	0.6
32544	-1002024000	5.8
32544	-999432000	9.3
32544	-996753600	14.9
32544	-994161600	18.1
32544	-991483200	17
32544	-988804800	15.7
32544	-986212800	6.2
32544	-983534400	-2.9
32544	-980942400	-2
32544	-978264000	-2
32544	-975585600	-8.2
32544	-973166400	1.3
32544	-970488000	7.5
32544	-967896000	12
32544	-965217600	12.6
32544	-962625600	18.8
32544	-959947200	17.2
32544	-957268800	13.7
32544	-954676800	8.1
32544	-951998400	3.7
32544	-949406400	0.6
32544	-946728000	-8.6
32544	-944049600	-3.4
32544	-941544000	3.7
32544	-938865600	6.2
32544	-936273600	12.6
32544	-933595200	16.4
32544	-931003200	19.8
32544	-928324800	18.3
32544	-925646400	13.8
32544	-923054400	9.3
32544	-920376000	-2.4
32544	-917784000	-2.3
32544	-915105600	-2.9
32544	-912427200	-1.8
32544	-910008000	2.7
32544	-907329600	4.8
32544	-904737600	11.2
32544	-902059200	14.8
32544	-899467200	18.6
32544	-896788800	17.7
32544	-894110400	9.6
32544	-891518400	6.1
32544	-888840000	1.8
32544	-886248000	-3.7
32544	-883569600	-8.4
32544	-880891200	-8.8
32544	-878472000	-0.7
32544	-875793600	7.2
32544	-873201600	7.8
32544	-870523200	12.3
32544	-867931200	18.6
32544	-865252800	17.8
32544	-862574400	12.6
32544	-859982400	7.8
32544	-857304000	0.6
32544	-854712000	-2.3
32544	-852033600	-7.8
32544	-849355200	-2.4
32544	-846936000	-3.1
32544	-844257600	8.6
32544	-841665600	8.4
32544	-838987200	13
32544	-836395200	18.4
32544	-833716800	17.6
32544	-831038400	13.9
32544	-828446400	8.7
32544	-825768000	2
32544	-823176000	-3.8
32544	-820497600	-4.3
32544	-817819200	-4.3
32544	-815313600	-1.3
32544	-812635200	6.1
32544	-810043200	11.2
32544	-807364800	13.4
32544	-804772800	17.1
32544	-802094400	16
32544	-799416000	13.1
32544	-796824000	9.8
32544	-794145600	-0.2
32544	-791553600	-6.1
32544	-788875200	-3.6
32544	-786196800	-1.6
32544	-783777600	0.8
32544	-781099200	3.6
32544	-778507200	10
32544	-775828800	12.9
32544	-773236800	18.6
32544	-770558400	18.4
32544	-767880000	11.4
32544	-765288000	9
32544	-762609600	-0.2
32544	-760017600	-4.9
32544	-757339200	-2.6
32544	-754660800	-2.4
32544	-752241600	3.1
32544	-749563200	7.7
32544	-746971200	9
32544	-744292800	14.6
32544	-741700800	18.3
32544	-739022400	16.4
32544	-736344000	11.7
32544	-733752000	4.2
32544	-731073600	-0.3
32544	-728481600	-1.1
32544	-725803200	-6.7
32544	-723124800	-2.1
32544	-720705600	2.1
32544	-718027200	5.9
32544	-715435200	11.8
32544	-712756800	12.3
32544	-710164800	19.3
32544	-707486400	17
32544	-704808000	13.1
32544	-702216000	9.7
32544	-699537600	-0.3
32544	-696945600	-2.9
32544	-694267200	-3.4
32544	-691588800	-5.4
32544	-689083200	-2.6
32544	-686404800	5.7
32544	-683812800	11
32544	-681134400	15.8
32544	-678542400	17.3
32544	-675864000	17.3
32544	-673185600	13.2
32544	-670593600	8
32544	-667915200	-1.2
32544	-665323200	-9.4
32544	-662644800	-15.9
32544	-659966400	-6.7
32544	-657547200	0
32544	-654868800	8.8
32544	-652276800	12.2
32544	-649598400	14.8
32544	-647006400	18.5
32544	-644328000	18.7
32544	-641649600	13.2
32544	-639057600	4.4
32544	-636379200	5.8
32544	-633787200	-4.3
32544	-631108800	-9.1
32544	-628430400	-0.1
32544	-626011200	-0.8
32544	-623332800	4.8
32544	-620740800	8.5
32544	-618062400	13.4
32544	-615470400	17.1
32544	-612792000	16.4
32544	-610113600	11.2
32544	-607521600	9.1
32544	-604843200	0.8
32544	-602251200	0.1
32544	-599572800	-6.8
32544	-596894400	-2.7
32544	-594475200	-3.9
32544	-591796800	5.6
32544	-589204800	10.6
32544	-586526400	11.3
32544	-583934400	18.1
32544	-581256000	15.8
32544	-578577600	11.3
32544	-575985600	6.1
32544	-573307200	0.2
32544	-570715200	-7.1
32544	-568036800	-6.8
32544	-565358400	-4.2
32544	-562852800	-2.9
32544	-560174400	7.6
32544	-557582400	11
32544	-554904000	15.3
32544	-552312000	17.7
32544	-549633600	17.6
32544	-546955200	14.5
32544	-544363200	9.6
32544	-541684800	-3
32544	-539092800	-3.6
32544	-536414400	1.6
32544	-533736000	-2.6
32544	-531316800	2
32544	-528638400	3.9
32544	-526046400	8.1
32544	-523368000	13.8
32544	-520776000	18.9
32544	-518097600	17.7
32544	-515419200	14.7
32544	-512827200	9.6
32544	-510148800	3.3
32544	-507556800	-1.4
32544	-504878400	-4.6
32544	-502200000	2.9
32544	-499780800	-2.1
32544	-497102400	6.9
32544	-494510400	10.9
32544	-491832000	12.6
32544	-489240000	19.8
32544	-486561600	16.2
32544	-483883200	12.7
32544	-481291200	6.6
32544	-478612800	4.9
32544	-476020800	-3.9
32544	-473342400	-7.4
32544	-470664000	-6.8
32544	-468244800	-2.8
32544	-465566400	3.1
32544	-462974400	9.7
32544	-460296000	13.7
32544	-457704000	17.7
32544	-455025600	18.9
32544	-452347200	12.3
32544	-449755200	8.9
32544	-447076800	-4.1
32544	-444484800	-5
32544	-441806400	-5
32544	-439128000	-6.1
32544	-436622400	0.4
32544	-433944000	5.8
32544	-431352000	11.4
32544	-428673600	15.3
32544	-426081600	18.3
32544	-423403200	16
32544	-420724800	13.4
32544	-418132800	6.9
32544	-415454400	-0.3
32544	-412862400	-1.8
32544	-410184000	-12.1
32544	-407505600	-2.4
32544	-405086400	0.7
32544	-402408000	4.5
32544	-399816000	11.7
32544	-397137600	14.8
32544	-394545600	18.4
32544	-391867200	17.7
32544	-389188800	13.3
32544	-386596800	6.5
32544	-383918400	-0.8
32544	-381326400	-0.6
32544	-378648000	-2.9
32544	-375969600	1.3
32544	-373550400	-1.5
32544	-370872000	4.9
32544	-368280000	14.3
32544	-365601600	14.9
32544	-363009600	17
32544	-360331200	19.6
32544	-357652800	13.2
32544	-355060800	9.6
32544	-352382400	1
32544	-349790400	0.2
32544	-347112000	-2.7
32544	-344433600	-5.9
32544	-342014400	1.7
32544	-339336000	6.1
32544	-336744000	8.3
32544	-334065600	16.1
32544	-331473600	18.6
32544	-328795200	16.9
32544	-326116800	11.8
32544	-323524800	7.3
32544	-320846400	-1.5
32544	-318254400	-2.3
32544	-315576000	-7.4
32544	-312897600	-5.9
32544	-310392000	0
32544	-307713600	5.8
32544	-305121600	9.6
32544	-302443200	15.3
32544	-299851200	20.1
32544	-297172800	15.8
32544	-294494400	13.3
32544	-291902400	7.8
32544	-289224000	1.1
32544	-286632000	-3.2
32544	-283953600	-1.1
32544	-281275200	1.8
32544	-278856000	2.2
32544	-276177600	4.8
32544	-273585600	10.4
32544	-270907200	17.9
32544	-268315200	19.2
32544	-265636800	19.9
32544	-262958400	9.7
32544	-260366400	6.2
32544	-257688000	0.4
32544	-255096000	-4.9
32544	-252417600	-8.1
32544	-249739200	-2.6
32544	-247320000	-0.3
32544	-244641600	8
32544	-242049600	10.2
32544	-239371200	14.7
32544	-236779200	16.9
32544	-234100800	16.2
32544	-231422400	12.6
32544	-228830400	9.3
32544	-226152000	1.9
32544	-223560000	-0.1
32544	-220881600	-9
32544	-218203200	2.2
32544	-215784000	1.5
32544	-213105600	4.4
32544	-210513600	11.2
32544	-207835200	13.7
32544	-205243200	17.5
32544	-202564800	17.4
32544	-199886400	15.5
32544	-197294400	10.4
32544	-194616000	1.8
32544	-192024000	-4.6
32544	-189345600	-4.3
32544	-186667200	-3
32544	-184161600	-1.7
32544	-181483200	4.7
32544	-178891200	10.3
32544	-176212800	13.3
32544	-173620800	19.1
32544	-170942400	16.1
32544	-168264000	11.7
32544	-165672000	8.9
32544	-162993600	0.3
32544	-160401600	-3.4
32544	-157723200	-0.8
32544	-155044800	-0.8
32544	-152625600	-3.6
32544	-149947200	6.6
32544	-147355200	8.2
32544	-144676800	13.7
32544	-142084800	17.6
32544	-139406400	16.9
32544	-136728000	7.7
32544	-134136000	10.5
32544	-131457600	3.4
32544	-128865600	-2.6
32544	-126187200	-3.9
32544	-123508800	-2.8
32544	-121089600	1.6
32544	-118411200	5.2
32544	-115819200	12.6
32544	-113140800	14
32544	-110548800	19.2
32544	-107870400	17.2
32544	-105192000	14.8
32544	-102600000	7.9
32544	-99921600	1.6
32544	-97329600	-3
32544	-94651200	-1.8
32544	-91972800	0.2
32544	-89553600	0.8
32544	-86875200	2.8
32544	-84283200	9.7
32544	-81604800	13.7
32544	-79012800	19.1
32544	-76334400	18.9
32544	-73656000	15.6
32544	-71064000	8.3
32544	-68385600	1.3
32544	-65793600	-6.9
32544	-63115200	-5.2
32544	-60436800	-0.6
32544	-57931200	3
32544	-55252800	4
32544	-52660800	8.6
32544	-49982400	14.4
32544	-47390400	18.8
32544	-44712000	15.8
32544	-42033600	12.6
32544	-39441600	8
32544	-36763200	-0.6
32544	-34171200	-5.8
32544	-31492800	-7.3
32544	-28814400	-5.7
32544	-26395200	-3.1
32544	-23716800	7.7
32544	-21124800	12.2
32544	-18446400	13.7
32544	-15854400	18.1
32544	-13176000	19.4
32544	-10497600	14.5
32544	-7905600	4.6
32544	-5227200	2.9
32544	-2635200	-1.9
32544	43200	-3.4
32544	2721600	2.3
32544	5140800	-0.1
32544	7819200	3
32544	10411200	11.1
32544	13089600	16.4
32544	15681600	19.7
32544	18360000	19.5
32544	21038400	10.8
32544	23630400	5.7
32544	26308800	1.4
32544	28900800	-5
32544	31579200	-3.6
32544	34257600	-1.8
32544	36676800	0.3
32544	39355200	5.1
32544	41947200	10.6
32544	44625600	13.9
32544	47217600	17.4
32544	49896000	19.2
32544	52574400	11.4
32544	55166400	6.3
32544	57844800	1.4
32544	60436800	-6.6
32544	63115200	-5.6
32544	65793600	0.1
32544	68299200	4.9
32544	70977600	5.2
32544	73569600	10.5
32544	76248000	16.2
32544	78840000	17.8
32544	81518400	18.7
32544	84196800	11.7
32544	86788800	7.2
32544	89467200	0.9
32544	92059200	-7.8
32544	94737600	-7.1
32544	97416000	-2.9
32544	99835200	1.3
32544	102513600	4.6
32544	105105600	10.9
32544	107784000	15.3
32544	110376000	19.2
32544	113054400	18.7
32544	115732800	12.1
32544	118324800	8.7
32544	121003200	-0.8
32544	123595200	-1.8
32544	126273600	-5.5
32544	128952000	-0.1
32544	131371200	1.6
32544	134049600	7.2
32544	136641600	8.9
32544	139320000	17.4
32544	141912000	19.8
32544	144590400	16.9
32544	147268800	13.1
32544	149860800	9.4
32544	152539200	1.9
32544	155131200	-3.6
32544	157809600	-5.4
32544	160488000	-5.6
32544	162907200	0
32544	165585600	1.2
32544	168177600	8.9
32544	170856000	13.7
32544	173448000	20.1
32544	176126400	16.6
32544	178804800	13.3
32544	181396800	7.7
32544	184075200	-0.6
32544	186667200	-1.5
32544	189345600	-1.9
32544	192024000	-1.3
32544	194529600	-1.5
32544	197208000	5.7
32544	199800000	12.3
32544	202478400	14.2
32544	205070400	19.2
32544	207748800	16.4
32544	210427200	14.1
32544	213019200	7.9
32544	215697600	2.3
32544	218289600	-0.2
32544	220968000	-5.1
32544	223646400	1.5
32544	226065600	-0.6
32544	228744000	8.3
32544	231336000	9.4
32544	234014400	16.9
32544	236606400	17.6
32544	239284800	16.4
32544	241963200	11.7
32544	244555200	7.3
32544	247233600	-1.1
32544	249825600	-3.5
32544	252504000	-4.6
32544	255182400	-2.6
32544	257601600	3.9
32544	260280000	6.4
32544	262872000	9.9
32544	265550400	14.7
32544	268142400	17.9
32544	270820800	16.4
32545	-2466676800	1
32545	-2464084800	-2
32545	-2461406400	-6.1
32545	-2458728000	0.1
32545	-2456222400	2.2
32545	-2453544000	4.4
32545	-2450952000	8.6
32545	-2448273600	14.1
32545	-2445681600	18.2
32545	-2443003200	18.8
32545	-2440324800	15.9
32545	-2437732800	8.4
32545	-2435054400	2.6
32545	-2432462400	-4.1
32545	-2429784000	-5.7
32545	-2427105600	-11.1
32545	-2424686400	-1
32545	-2422008000	3.7
32545	-2419416000	10.6
32545	-2416737600	13.7
32545	-2414145600	20.7
32545	-2411467200	19
32545	-2408788800	12.4
32545	-2406196800	5.6
32545	-2403518400	-0.6
32545	-2400926400	-0.6
32545	-2398248000	-7.5
32545	-2395569600	-8.8
32545	-2393150400	-0.7
32545	-2390472000	7.2
32545	-2387880000	12.6
32545	-2385201600	14.9
32545	-2382609600	20.5
32545	-2379931200	21.2
32545	-2377252800	12.1
32545	-2374660800	8.1
32545	-2371982400	4.9
32545	-2369390400	-4.5
32545	-2366712000	-8.3
32545	-2364033600	-6.3
32545	-2361614400	0.1
32545	-2358936000	8.5
32545	-2356344000	11.1
32545	-2353665600	13.6
32545	-2351073600	18.6
32545	-2348395200	18.9
32545	-2345716800	11.4
32545	-2343124800	8.4
32545	-2340446400	0.1
32545	-2337854400	-4.8
32545	-2335176000	-4.8
32545	-2332497600	1.4
32545	-2329992000	-2
32545	-2327313600	4.1
32545	-2324721600	8
32545	-2322043200	17.5
32545	-2319451200	20.2
32545	-2316772800	18.4
32545	-2314094400	10.9
32545	-2311502400	8.7
32545	-2308824000	-7.7
32545	-2306232000	2.1
32545	-2303553600	-6.3
32545	-2300875200	-4
32545	-2298456000	-6
32545	-2295777600	7.2
32545	-2293185600	15.5
32545	-2290507200	14.8
32545	-2287915200	17.5
32545	-2285236800	20.1
32545	-2282558400	14.3
32545	-2279966400	7.9
32545	-2277288000	-2.2
32545	-2274696000	-4.7
32545	-2272017600	-5
32545	-2269339200	1.1
32545	-2266920000	-4.9
32545	-2264241600	7.3
32545	-2261649600	9.6
32545	-2258971200	14.6
32545	-2256379200	18.4
32545	-2253700800	20.5
32545	-2251022400	13.6
32545	-2248430400	4.8
32545	-2245752000	-1.7
32545	-2243160000	-6.4
32545	-2240481600	-5.5
32545	-2237803200	-12.4
32545	-2235384000	-5.3
32545	-2232705600	4.9
32545	-2230113600	8.4
32545	-2227435200	14.4
32545	-2224843200	19.7
32545	-2222164800	15.9
32545	-2219486400	15.4
32545	-2216894400	5.1
32545	-2214216000	4.5
32545	-2211624000	-3.7
32545	-2208945600	-0.6
32545	-2206267200	-5.7
32545	-2203848000	3.6
32545	-2201169600	8.4
32545	-2198577600	12.9
32545	-2195899200	18.9
32545	-2193307200	19.5
32545	-2190628800	17.6
32545	-2187950400	11.6
32545	-2185358400	7.6
32545	-2182680000	-1.5
32545	-2180088000	0.3
32545	-2177409600	-4.9
32545	-2174731200	-5.7
32545	-2172312000	1.8
32545	-2169633600	6
32545	-2167041600	13.3
32545	-2164363200	12.1
32545	-2161771200	21.5
32545	-2159092800	20.3
32545	-2156414400	9.7
32545	-2153822400	10.4
32545	-2151144000	4.3
32545	-2148552000	-2.9
32545	-2145873600	-5.3
32545	-2143195200	-1.5
32545	-2140776000	0.3
32545	-2138097600	5.4
32545	-2135505600	11.4
32545	-2132827200	13.8
32545	-2130235200	17.2
32545	-2127556800	18.2
32545	-2124878400	12.9
32545	-2122286400	9.6
32545	-2119608000	-0.7
32545	-2117016000	-5.6
32545	-2114337600	-1.7
32545	-2111659200	-5.1
32545	-2109240000	-1.6
32545	-2106561600	5.5
32545	-2103969600	9.5
32545	-2101291200	17.2
32545	-2098699200	17.4
32545	-2096020800	18.8
32545	-2093342400	12.5
32545	-2090750400	10.3
32545	-2088072000	-2.4
32545	-2085480000	-1.3
32545	-2082801600	-1.6
32545	-2080123200	-6.1
32545	-2077617600	-2.3
32545	-2074939200	8.3
32545	-2072347200	10.9
32545	-2069668800	15.4
32545	-2067076800	19.2
32545	-2064398400	20.2
32545	-2061720000	15.2
32545	-2059128000	9.1
32545	-2056449600	4.9
32545	-2053857600	-1.8
32545	-2051179200	-6.1
32545	-2048500800	-7.8
32545	-2046081600	3.4
32545	-2043403200	6.2
32545	-2040811200	9.3
32545	-2038132800	13.1
32545	-2035540800	19.7
32545	-2032862400	20.1
32545	-2030184000	15.1
32545	-2027592000	4.2
32545	-2024913600	0.1
32545	-2022321600	-4.1
32545	-2019643200	-2.5
32545	-2016964800	-1.3
32545	-2014545600	-3.8
32545	-2011867200	8.5
32545	-2009275200	9.3
32545	-2006596800	13.4
32545	-2004004800	21.2
32545	-2001326400	18.4
32545	-1998648000	14.3
32545	-1996056000	8.7
32545	-1993377600	-1.7
32545	-1990785600	-3.8
32545	-1988107200	-14
32545	-1985428800	-2.6
32545	-1983009600	0.8
32545	-1980331200	4.3
32545	-1977739200	9.4
32545	-1975060800	13.6
32545	-1972468800	17.9
32545	-1969790400	16.4
32545	-1967112000	12.4
32545	-1964520000	9.8
32545	-1961841600	3.5
32545	-1959249600	-2
32545	-1956571200	-3.5
32545	-1953892800	-2.3
32545	-1951387200	0.2
32545	-1948708800	8.2
32545	-1946116800	9.4
32545	-1943438400	13.3
32545	-1940846400	20.2
32545	-1938168000	17.1
32545	-1935489600	14.1
32545	-1932897600	5.2
32545	-1930219200	1
32545	-1927627200	-3.6
32545	-1924948800	-11.3
32545	-1922270400	-4.3
32545	-1919851200	0.6
32545	-1917172800	2.1
32545	-1914580800	9.2
32545	-1911902400	14.7
32545	-1909310400	18.6
32545	-1906632000	19.3
32545	-1903953600	13.4
32545	-1901361600	7.8
32545	-1898683200	2.2
32545	-1896091200	-9.5
32545	-1893412800	-7.1
32545	-1890734400	-8.7
32545	-1888315200	7.1
32545	-1885636800	11.1
32545	-1883044800	12.7
32545	-1880366400	16.6
32545	-1877774400	20.2
32545	-1875096000	16.8
32545	-1872417600	11.1
32545	-1869825600	9.1
32545	-1867147200	1
32545	-1864555200	-4.4
32545	-1861876800	-8
32545	-1859198400	-7.8
32545	-1856779200	3.8
32545	-1854100800	4.2
32545	-1851508800	9.7
32545	-1848830400	16.2
32545	-1846238400	17.4
32545	-1843560000	16.5
32545	-1840881600	10.6
32545	-1838289600	4.7
32545	-1835611200	-2.6
32545	-1833019200	-5.1
32545	-1830340800	-5.5
32545	-1827662400	-1.1
32545	-1825156800	-5.8
32545	-1822478400	6.8
32545	-1819886400	10.6
32545	-1817208000	16.8
32545	-1814616000	17.2
32545	-1811937600	16.9
32545	-1809259200	9.4
32545	-1806667200	5.5
32545	-1803988800	4.2
32545	-1801396800	-1
32545	-1798718400	-7
32545	-1796040000	-8.6
32545	-1793620800	-3.3
32545	-1790942400	7.2
32545	-1788350400	10.7
32545	-1785672000	16.3
32545	-1783080000	17.9
32545	-1780401600	19.9
32545	-1777723200	14.2
32545	-1775131200	5.3
32545	-1772452800	3.2
32545	-1769860800	-4.4
32545	-1767182400	-0.6
32545	-1764504000	-4.6
32545	-1762084800	1.7
32545	-1759406400	6.6
32545	-1756814400	11.5
32545	-1754136000	14.5
32545	-1751544000	20.7
32545	-1748865600	18.6
32545	-1746187200	13.5
32545	-1743595200	6.9
32545	-1740916800	3.8
32545	-1738324800	-6.8
32545	-1735646400	-4.8
32545	-1732968000	-0.5
32545	-1730548800	3.1
32545	-1727870400	10.9
32545	-1725278400	10.3
32545	-1722600000	12.8
32545	-1720008000	16.1
32545	-1717329600	20.7
32545	-1714651200	11
32545	-1712059200	9.7
32545	-1709380800	1.3
32545	-1706788800	-2.5
32545	-1704110400	-18.5
32545	-1701432000	-4.5
32545	-1698926400	3.6
32545	-1696248000	6.7
32545	-1693656000	8.3
32545	-1690977600	13.9
32545	-1688385600	19.5
32545	-1685707200	18.3
32545	-1683028800	12.8
32545	-1680436800	5
32545	-1677758400	-1.8
32545	-1675166400	-8.5
32545	-1672488000	-7
32545	-1669809600	-8.1
32545	-1667390400	-4.5
32545	-1664712000	3.7
32545	-1662120000	9.2
32545	-1659441600	14.2
32545	-1656849600	22.2
32545	-1654171200	18.9
32545	-1651492800	14.2
32545	-1648900800	7
32545	-1646222400	4.7
32545	-1643630400	-4.5
32545	-1640952000	-6.2
32545	-1638273600	-4.7
32545	-1635854400	3.9
32545	-1633176000	4.6
32545	-1630584000	9.1
32545	-1627905600	18.9
32545	-1625313600	18.7
32545	-1622635200	17.3
32545	-1619956800	13.2
32545	-1617364800	9.9
32545	-1614686400	0.1
32545	-1612094400	-2
32545	-1609416000	0.1
32545	-1606737600	-6.6
32545	-1604318400	-1
32545	-1601640000	8.4
32545	-1599048000	12.4
32545	-1596369600	18.6
32545	-1593777600	22.1
32545	-1591099200	20.9
32545	-1588420800	13.8
32545	-1585828800	2
32545	-1583150400	-4.1
32545	-1580558400	-8.9
32545	-1577880000	-4.1
32545	-1575201600	-3.7
32545	-1572696000	-1.8
32545	-1570017600	3
32545	-1567425600	9.5
32545	-1564747200	14.4
32545	-1562155200	20.7
32545	-1559476800	19.2
32545	-1556798400	13.7
32545	-1554206400	6.1
32545	-1551528000	-0.7
32545	-1548936000	-2.1
32545	-1546257600	-1.2
32545	-1543579200	0.9
32545	-1541160000	1.2
32545	-1538481600	5.3
32545	-1535889600	10.8
32545	-1533211200	17.5
32545	-1530619200	20.6
32545	-1527940800	19.9
32545	-1525262400	10.4
32545	-1522670400	10.7
32545	-1519992000	-0.5
32545	-1517400000	-5.7
32545	-1514721600	-5.4
32545	-1512043200	-10.3
32545	-1509624000	-0.6
32545	-1506945600	4.4
32545	-1504353600	10.4
32545	-1501675200	17.4
32545	-1499083200	18.8
32545	-1496404800	20.2
32545	-1493726400	15.8
32545	-1491134400	9.8
32545	-1488456000	-1.5
32545	-1485864000	-7.7
32545	-1483185600	-2.4
32545	-1480507200	-7.9
32545	-1478088000	0.6
32545	-1475409600	5.5
32545	-1472817600	10.5
32545	-1470139200	14.9
32545	-1467547200	20.9
32545	-1464868800	18.2
32545	-1462190400	14.5
32545	-1459598400	5.2
32545	-1456920000	3.3
32545	-1454328000	-4.1
32545	-1451649600	-7.9
32545	-1448971200	1.1
32545	-1446465600	-0.6
32545	-1443787200	5.6
32545	-1441195200	12.1
32545	-1438516800	14.5
32545	-1435924800	19.9
32545	-1433246400	18.5
32545	-1430568000	14
32545	-1427976000	8.3
32545	-1425297600	0.3
32545	-1422705600	-10.4
32545	-1420027200	-1.6
32545	-1417348800	1.6
32545	-1414929600	2.7
32545	-1412251200	7.8
32545	-1409659200	12.4
32545	-1406980800	15.4
32545	-1404388800	21.1
32545	-1401710400	18.3
32545	-1399032000	11.9
32545	-1396440000	1.3
32545	-1393761600	0.6
32545	-1391169600	1.1
32545	-1388491200	-2.3
32545	-1385812800	1.5
32545	-1383393600	2.9
32545	-1380715200	8
32545	-1378123200	12
32545	-1375444800	16.4
32545	-1372852800	20.7
32545	-1370174400	17.9
32545	-1367496000	7.9
32545	-1364904000	9.6
32545	-1362225600	1.3
32545	-1359633600	-4.1
32545	-1356955200	-6.9
32545	-1354276800	-3.2
32545	-1351857600	2
32545	-1349179200	5.1
32545	-1346587200	7.3
32545	-1343908800	15.8
32545	-1341316800	19.6
32545	-1338638400	16.8
32545	-1335960000	12.3
32545	-1333368000	9.4
32545	-1330689600	0.3
32545	-1328097600	-11.4
32545	-1325419200	-4.5
32545	-1322740800	-4.9
32545	-1320235200	3
32545	-1317556800	5.2
32545	-1314964800	14.4
32545	-1312286400	13.5
32545	-1309694400	19.4
32545	-1307016000	17.2
32545	-1304337600	13.3
32545	-1301745600	6.8
32545	-1299067200	2.3
32545	-1296475200	-4.7
32545	-1293796800	-12.6
32545	-1291118400	-9
32545	-1288699200	2.3
32545	-1286020800	3.7
32545	-1283428800	10.3
32545	-1280750400	15.2
32545	-1278158400	21.4
32545	-1275480000	22.3
32545	-1272801600	10.3
32545	-1270209600	8.6
32545	-1267531200	-0.3
32545	-1264939200	-3.3
32545	-1262260800	-15.7
32545	-1259582400	2.1
32545	-1257163200	-1
32545	-1254484800	10.5
32545	-1251892800	11.2
32545	-1249214400	15.9
32545	-1246622400	21.3
32545	-1243944000	20.7
32545	-1241265600	14.2
32545	-1238673600	5.4
32545	-1235995200	1
32545	-1233403200	-1.5
32545	-1230724800	-0.2
32545	-1228046400	0.6
32545	-1225627200	2
32545	-1222948800	6.8
32545	-1220356800	12.1
32545	-1217678400	17.5
32545	-1215086400	20.8
32545	-1212408000	20.9
32545	-1209729600	13.6
32545	-1207137600	8.4
32545	-1204459200	-1.5
32545	-1201867200	-3.6
32545	-1199188800	-6.5
32545	-1196510400	-1.6
32545	-1194004800	-3.8
32545	-1191326400	6.7
32545	-1188734400	12
32545	-1186056000	16.6
32545	-1183464000	20.3
32545	-1180785600	19.4
32545	-1178107200	14.6
32545	-1175515200	6.1
32545	-1172836800	4.4
32545	-1170244800	-7.8
32545	-1167566400	-3.3
32545	-1164888000	-7.6
32545	-1162468800	2.4
32545	-1159790400	5
32545	-1157198400	9.7
32545	-1154520000	18.9
32545	-1151928000	22
32545	-1149249600	18.4
32545	-1146571200	12.7
32545	-1143979200	9.3
32545	-1141300800	4.2
32545	-1138708800	-1.1
32545	-1136030400	0.7
32545	-1133352000	0
32545	-1130932800	3.2
32545	-1128254400	9.9
32545	-1125662400	15.2
32545	-1122984000	15.2
32545	-1120392000	20.8
32545	-1117713600	20.4
32545	-1115035200	10.9
32545	-1112443200	9.2
32545	-1109764800	4
32545	-1107172800	-5.3
32545	-1104494400	-6.7
32545	-1101816000	-0.8
32545	-1099396800	-1.1
32545	-1096718400	2.6
32545	-1094126400	9.5
32545	-1091448000	15
32545	-1088856000	20.3
32545	-1086177600	19.1
32545	-1083499200	14.8
32545	-1080907200	6.6
32545	-1078228800	-0.3
32545	-1075636800	-2.4
32545	-1072958400	-5
32545	-1070280000	-16.8
32545	-1067774400	-0.2
32545	-1065096000	6.4
32545	-1062504000	14.9
32545	-1059825600	16.9
32545	-1057233600	23.6
32545	-1054555200	19.7
32545	-1051876800	13.5
32545	-1049284800	8.6
32545	-1046606400	-2.5
32545	-1044014400	-2.7
32545	-1041336000	-19.2
32545	-1038657600	-5.2
32545	-1036238400	0.1
32545	-1033560000	6.3
32545	-1030968000	12.5
32545	-1028289600	14.7
32545	-1025697600	21.5
32545	-1023019200	19.3
32545	-1020340800	14.7
32545	-1017748800	9.9
32545	-1015070400	1.7
32545	-1012478400	-2.2
32545	-1009800000	-3.1
32545	-1007121600	-6.4
32545	-1004702400	1.3
32545	-1002024000	7.1
32545	-999432000	10.4
32545	-996753600	16.2
32545	-994161600	19.6
32545	-991483200	18.9
32545	-988804800	17.3
32545	-986212800	7
32545	-983534400	-0.9
32545	-980942400	-2.8
32545	-978264000	-1.1
32545	-975585600	-7.5
32545	-973166400	1.6
32545	-970488000	8.1
32545	-967896000	13.8
32545	-965217600	13.8
32545	-962625600	21.4
32545	-959947200	19.6
32545	-957268800	14
32545	-954676800	7.7
32545	-951998400	2.2
32545	-949406400	-0.3
32545	-946728000	-9.6
32545	-944049600	-3.5
32545	-941544000	4.1
32545	-938865600	6
32545	-936273600	14.1
32545	-933595200	17.9
32545	-931003200	21.5
32545	-928324800	21.2
32545	-925646400	15.9
32545	-923054400	9.8
32545	-920376000	-4.9
32545	-917784000	-1.7
32545	-915105600	-4.9
32545	-912427200	-2.2
32545	-910008000	2.7
32545	-907329600	6.9
32545	-904737600	12.6
32545	-902059200	16.6
32545	-899467200	20.8
32545	-896788800	19.6
32545	-894110400	10.4
32545	-891518400	5.9
32545	-888840000	2.1
32545	-886248000	-4.1
32545	-883569600	-12.2
32545	-880891200	-9
32545	-878472000	0.4
32545	-875793600	7.7
32545	-873201600	9.3
32545	-870523200	13.4
32545	-867931200	20.4
32545	-865252800	18.9
32545	-862574400	13.5
32545	-859982400	8.3
32545	-857304000	-0.6
32545	-854712000	-2.3
32545	-852033600	-14.1
32545	-849355200	-5.6
32545	-846936000	-6
32545	-844257600	8.6
32545	-841665600	9.6
32545	-838987200	13.6
32545	-836395200	19.9
32545	-833716800	19.3
32545	-831038400	14.3
32545	-828446400	8.7
32545	-825768000	0.6
32545	-823176000	-4.7
32545	-820497600	-4.7
32545	-817819200	-4.8
32545	-815313600	-2.8
32545	-812635200	7
32545	-810043200	12.1
32545	-807364800	13.3
32545	-804772800	18.3
32545	-802094400	17.1
32545	-799416000	13.6
32545	-796824000	9.4
32545	-794145600	-0.6
32545	-791553600	-8.8
32545	-788875200	-2.9
32545	-786196800	-2.8
32545	-783777600	0.9
32545	-781099200	4.2
32545	-778507200	10.8
32545	-775828800	13.5
32545	-773236800	20.7
32545	-770558400	20
32545	-767880000	11.9
32545	-765288000	9.7
32545	-762609600	-0.1
32545	-760017600	-5.8
32545	-757339200	-1.9
32545	-754660800	-0.7
32545	-752241600	4.5
32545	-749563200	9
32545	-746971200	10.3
32545	-744292800	15.4
32545	-741700800	20.5
32545	-739022400	19
32545	-736344000	12.8
32545	-733752000	3.9
32545	-731073600	-2.4
32545	-728481600	-3.1
32545	-725803200	-6.7
32545	-723124800	-2.6
32545	-720705600	0.4
32545	-718027200	7
32545	-715435200	12.4
32545	-712756800	13.4
32545	-710164800	20.6
32545	-707486400	18.7
32545	-704808000	13.5
32545	-702216000	9.4
32545	-699537600	-2.2
32545	-696945600	-2.8
32545	-694267200	-3.7
32545	-691588800	-6.3
32545	-689083200	-3.1
32545	-686404800	6.3
32545	-683812800	11.5
32545	-681134400	16.1
32545	-678542400	17.9
32545	-675864000	18.8
32545	-673185600	13.9
32545	-670593600	6.8
32545	-667915200	1.1
32545	-665323200	-10.5
32545	-662644800	-17.3
32545	-659966400	-9.6
32545	-657547200	-1.6
32545	-654868800	8.9
32545	-652276800	12.8
32545	-649598400	15.4
32545	-647006400	19.4
32545	-644328000	20.3
32545	-641649600	12.9
32545	-639057600	4.3
32545	-636379200	4.5
32545	-633787200	-6.5
32545	-631108800	-17.3
32545	-628430400	-0.6
32545	-626011200	-0.8
32545	-623332800	4.9
32545	-620740800	9.2
32545	-618062400	13.9
32545	-615470400	18.3
32545	-612792000	18.1
32545	-610113600	12.3
32545	-607521600	8.8
32545	-604843200	-3.4
32545	-602251200	-3
32545	-599572800	-8.3
32545	-596894400	-3.4
32545	-594475200	-5.9
32545	-591796800	4.9
32545	-589204800	11.3
32545	-586526400	12.3
32545	-583934400	19.8
32545	-581256000	17.1
32545	-578577600	11.2
32545	-575985600	5.2
32545	-573307200	-0.6
32545	-570715200	-9.6
32545	-568036800	-10.7
32545	-565358400	-5
32545	-562852800	-2.5
32545	-560174400	8.6
32545	-557582400	11.8
32545	-554904000	15.7
32545	-552312000	18.8
32545	-549633600	19.1
32545	-546955200	15.1
32545	-544363200	8.2
32545	-541684800	-3.1
32545	-539092800	-5.1
32545	-536414400	1.5
32545	-533736000	-1.1
32545	-531316800	2.1
32545	-528638400	4.4
32545	-526046400	9.1
32545	-523368000	14.4
32545	-520776000	21
32545	-518097600	19.5
32545	-515419200	15.2
32545	-512827200	9.7
32545	-510148800	3.8
32545	-507556800	-0.2
32545	-504878400	-8.7
32545	-502200000	1.6
32545	-499780800	-2.5
32545	-497102400	4.5
32545	-494510400	11.6
32545	-491832000	13.3
32545	-489240000	21.4
32545	-486561600	17.9
32545	-483883200	13.1
32545	-481291200	6
32545	-478612800	4
32545	-476020800	-4.9
32545	-473342400	-6.4
32545	-470664000	-6.2
32545	-468244800	-6
32545	-465566400	4.1
32545	-462974400	9.7
32545	-460296000	15
32545	-457704000	18.8
32545	-455025600	20.1
32545	-452347200	12.7
32545	-449755200	8.8
32545	-447076800	-6.7
32545	-444484800	-7.2
32545	-441806400	-8.5
32545	-439128000	-7.3
32545	-436622400	0.9
32545	-433944000	5.6
32545	-431352000	12.5
32545	-428673600	16.9
32545	-426081600	20
32545	-423403200	17.8
32545	-420724800	14.4
32545	-418132800	7.4
32545	-415454400	0.4
32545	-412862400	-2.1
32545	-410184000	-16.7
32545	-407505600	-5.7
32545	-405086400	0.1
32545	-402408000	5.8
32545	-399816000	12.9
32545	-397137600	16
32545	-394545600	20.7
32545	-391867200	19.1
32545	-389188800	13.6
32545	-386596800	5.1
32545	-383918400	0.3
32545	-381326400	0.4
32545	-378648000	-1.9
32545	-375969600	-3.7
32545	-373550400	-0.9
32545	-370872000	5.8
32545	-368280000	16.1
32545	-365601600	15
32545	-363009600	17.3
32545	-360331200	20.9
32545	-357652800	13.8
32545	-355060800	8.3
32545	-352382400	-0.5
32545	-349790400	-4.1
32545	-347112000	-6.2
32545	-344433600	-9.5
32545	-342014400	2.5
32545	-339336000	6.3
32545	-336744000	8.7
32545	-334065600	16.8
32545	-331473600	20.2
32545	-328795200	18
32545	-326116800	12.2
32545	-323524800	6.6
32545	-320846400	-4.2
32545	-318254400	-1.6
32545	-315576000	-8.9
32545	-312897600	-4.4
32545	-310392000	0.5
32545	-307713600	5.7
32545	-305121600	10.4
32545	-302443200	16.1
32545	-299851200	22
32545	-297172800	17.5
32545	-294494400	14
32545	-291902400	8.1
32545	-289224000	1
32545	-286632000	-4.4
32545	-283953600	-2.5
32545	-281275200	2.7
32545	-278856000	2.9
32545	-276177600	4.9
32545	-273585600	12.1
32545	-270907200	20.4
32545	-268315200	21.7
32545	-265636800	21.9
32545	-262958400	9.5
32545	-260366400	6.6
32545	-257688000	-2.2
32545	-255096000	-5.1
32545	-252417600	-9
32545	-249739200	-4.1
32545	-247320000	-1.5
32545	-244641600	8.6
32545	-242049600	11.1
32545	-239371200	16.2
32545	-236779200	18.6
32545	-234100800	18.4
32545	-231422400	12.9
32545	-228830400	9.1
32545	-226152000	2.8
32545	-223560000	-1.5
32545	-220881600	-11.8
32545	-218203200	2
32545	-215784000	3.2
32545	-213105600	6
32545	-210513600	12
32545	-207835200	15.7
32545	-205243200	20.2
32545	-202564800	20.2
32545	-199886400	16.4
32545	-197294400	10.6
32545	-194616000	1.7
32545	-192024000	-8.3
32545	-189345600	-5.5
32545	-186667200	-2.6
32545	-184161600	-1
32545	-181483200	5.5
32545	-178891200	11
32545	-176212800	15.1
32545	-173620800	21.4
32545	-170942400	17.6
32545	-168264000	12.2
32545	-165672000	8.6
32545	-162993600	-0.7
32545	-160401600	-7
32545	-157723200	-1.2
32545	-155044800	-2.9
32545	-152625600	-4
32545	-149947200	7
32545	-147355200	10.2
32545	-144676800	15.4
32545	-142084800	19.9
32545	-139406400	18.9
32545	-136728000	7.7
32545	-134136000	9.7
32545	-131457600	1.6
32545	-128865600	-2.6
32545	-126187200	-6.2
32545	-123508800	-2.7
32545	-121089600	2.6
32545	-118411200	5.9
32545	-115819200	13.8
32545	-113140800	15.3
32545	-110548800	22.1
32545	-107870400	19.4
32545	-105192000	17.2
32545	-102600000	8.1
32545	-99921600	1.1
32545	-97329600	-2.4
32545	-94651200	-1.7
32545	-91972800	0.5
32545	-89553600	-1.3
32545	-86875200	3.4
32545	-84283200	11.3
32545	-81604800	15.6
32545	-79012800	21.5
32545	-76334400	22
32545	-73656000	16.7
32545	-71064000	8.8
32545	-68385600	0.8
32545	-65793600	-7.2
32545	-63115200	-7.8
32545	-60436800	-0.8
32545	-57931200	4.9
32545	-55252800	5
32545	-52660800	10.2
32545	-49982400	15.2
32545	-47390400	20.4
32545	-44712000	17.7
32545	-42033600	13.4
32545	-39441600	7.6
32545	-36763200	1.7
32545	-34171200	-7.5
32545	-31492800	-12.6
32545	-28814400	-8.2
32545	-26395200	-4.1
32545	-23716800	9.1
32545	-21124800	13.9
32545	-18446400	15.3
32545	-15854400	20.9
32545	-13176000	22.1
32545	-10497600	15.4
32545	-7905600	4.4
32545	-5227200	1.8
32545	-2635200	-2.4
32545	43200	-6.3
32545	2721600	1.3
32545	5140800	-1.1
32545	7819200	3.5
32545	10411200	11.8
32545	13089600	17.8
32545	15681600	21.1
32545	18360000	20.9
32545	21038400	11.6
32545	23630400	5.5
32545	26308800	-0.5
32545	28900800	-5.4
32545	31579200	-6.3
32545	34257600	-1
32545	36676800	0.9
32545	39355200	6.3
32545	41947200	11.8
32545	44625600	14.9
32545	47217600	18.3
32545	49896000	21.6
32545	52574400	10.8
32545	55166400	6.5
32545	57844800	1.9
32545	60436800	-8.1
32545	63115200	-9.9
32545	65793600	-1.9
32545	68299200	4.9
32545	70977600	5.3
32545	73569600	11.5
32545	76248000	17.5
32545	78840000	17.5
32545	81518400	19.9
32545	84196800	11.5
32545	86788800	4.9
32545	89467200	0.5
32545	92059200	-9.2
32545	94737600	-7
32545	97416000	-4.1
32545	99835200	3.2
32545	102513600	5.6
32545	105105600	12.6
32545	107784000	17.2
32545	110376000	21.5
32545	113054400	20.3
32545	115732800	13.4
32545	118324800	8.7
32545	121003200	-3.2
32545	123595200	-1.5
32545	126273600	-7.1
32545	128952000	1.1
32545	131371200	1.7
32545	134049600	8.4
32545	136641600	9.9
32545	139320000	18.9
32545	141912000	22
32545	144590400	17.1
32545	147268800	12.6
32545	149860800	8.3
32545	152539200	2.1
32545	155131200	-1.7
32545	157809600	-5.4
32545	160488000	-9.5
32545	162907200	-1.2
32545	165585600	1.2
32545	168177600	9.9
32545	170856000	14.5
32545	173448000	21.3
32545	176126400	16.9
32545	178804800	12.9
32545	181396800	6.9
32545	184075200	-0.5
32545	186667200	-2.7
32545	189345600	-3.3
32545	192024000	-0.7
32545	194529600	-0.2
32545	197208000	6.8
32545	199800000	12.9
32545	202478400	14.3
32545	205070400	20.4
32545	207748800	18.8
32545	210427200	14.6
32545	213019200	7.5
32545	215697600	1.3
32545	218289600	-1.6
32545	220968000	-7.5
32545	223646400	1.4
32545	226065600	0.5
32545	228744000	8.6
32545	231336000	10.5
32545	234014400	17.9
32545	236606400	19.4
32545	239284800	17.8
32545	241963200	13.8
32545	244555200	7.8
32545	247233600	-0.5
32545	249825600	-6.3
32545	252504000	-8.4
32545	255182400	-5.1
32545	257601600	3.7
32545	260280000	8.7
32545	262872000	11.7
32545	265550400	17.3
32545	268142400	19.5
32545	270820800	18.6
32545	273499200	14.3
32545	276091200	8
32545	278769600	-5.2
32545	281361600	-9.4
32545	284040000	-17.2
32545	286718400	-6.6
32545	289137600	1.5
32545	291816000	5.9
32545	294408000	11.7
32545	297086400	16.6
32545	299678400	20.6
32545	302356800	19.8
32545	305035200	16.2
32545	307627200	8.7
32545	310305600	-1.7
32545	312897600	-2.2
32545	315576000	-9.9
32545	318254400	-3.8
32545	320760000	-0.5
32545	323438400	9.5
32545	326030400	13
32545	328708800	15.4
32545	331300800	19.6
32545	333979200	17.1
32545	336657600	13.7
32545	339249600	7.4
32545	341928000	1.6
32545	344520000	-2.9
32545	347198400	-2
32545	349876800	-1.3
32545	352296000	3.3
32545	354974400	8
32545	357566400	11.5
32545	360244800	14.9
32545	362836800	19.8
32545	365515200	20.8
32545	368193600	14.8
32545	370785600	6.5
32545	373464000	2.4
32545	376056000	-3.8
32545	378734400	-8.6
32545	381412800	-4.7
32545	383832000	1
32545	386510400	4.7
32545	389102400	10.4
32545	391780800	16.2
32545	394372800	20.2
32545	397051200	20.6
32545	399729600	13
32545	402321600	7.1
32545	4.05e+08	-2.6
32545	407592000	-5.2
32545	410270400	-0.8
32545	412948800	1.7
32545	415368000	3.5
32545	418046400	6.2
32545	420638400	10.8
32545	423316800	15.6
32545	425908800	18.9
32545	428587200	21.5
32545	431265600	11.9
32545	433857600	7.7
32545	436536000	1.4
32545	439128000	-14.8
32545	441806400	-2.7
32545	444484800	0.1
32545	446990400	2.8
32545	449668800	6.3
32545	452260800	11.5
32545	454939200	15.5
32545	457531200	21
32545	460209600	21
32545	462888000	11.2
32545	465480000	5.3
32545	468158400	0.7
32545	470750400	-11
32545	473428800	-10.8
32545	476107200	-7.2
32545	478526400	0.9
32545	481204800	8.4
32545	483796800	13.6
32545	486475200	17.5
32545	489067200	24
32545	491745600	17.4
32545	494424000	9.9
32545	497016000	5.8
32545	499694400	-10.7
32545	502286400	-9.3
32545	504964800	-3.5
32545	507643200	-5.5
32545	510062400	6.1
32545	512740800	6.4
32545	515332800	12.1
32545	518011200	19.2
32545	520603200	18
32545	523281600	20.1
32545	525960000	10.8
32545	528552000	7.5
32545	531230400	-1.6
32545	533822400	-7.3
32545	536500800	-4.7
32545	539179200	0.1
32545	541598400	2.9
32545	544276800	10.2
32545	546868800	13.4
32545	549547200	18.1
32545	552139200	19.1
32545	554817600	17.2
32545	557496000	15.6
32545	560088000	8.3
32545	562766400	1.6
32545	565358400	-3.9
32545	568036800	-7.2
32545	570715200	-1.5
32545	573220800	2.4
32545	575899200	8.5
32545	578491200	13.2
32545	581169600	20.3
32545	583761600	21.9
32545	586440000	20.4
32545	589118400	13.7
32545	591710400	10.3
32545	594388800	1.1
32545	596980800	-4.9
32545	599659200	-4.1
32545	602337600	-14.3
32545	604756800	-2.3
32545	607435200	7.1
32545	610027200	11
32545	612705600	16.9
32545	615297600	22.3
32545	617976000	18.1
32545	620654400	13.2
32545	623246400	7.4
32545	625924800	2.8
32545	628516800	-4.4
32545	631195200	-1.7
32545	633873600	-2.7
32545	636292800	1.7
32545	638971200	7.8
32545	641563200	10.7
32545	644241600	16.5
32545	646833600	20.9
32545	649512000	20.3
32545	652190400	17.7
32545	654782400	7.5
32545	657460800	3.1
32545	660052800	-9.9
32545	662731200	-7.1
32545	665409600	3.2
32545	667828800	2
32545	670507200	6.7
32545	673099200	11.7
32545	675777600	15.4
32545	678369600	21.6
32545	681048000	22.8
32545	683726400	14.8
32545	686318400	6.4
32545	688996800	-1.1
32545	691588800	-4.9
32545	694267200	-4.5
32545	696945600	1.4
32545	699451200	6.1
32545	702129600	8.8
32545	704721600	14.3
32545	707400000	18.4
32545	709992000	18.1
32545	712670400	18.3
32545	715348800	13.9
32545	717940800	8.3
32545	720619200	0.6
32545	723211200	-9.4
32545	725889600	-10.8
32545	728568000	-9.3
32545	730987200	2.6
32545	733665600	6.9
32545	736257600	14.2
32545	738936000	14.8
32545	741528000	15.4
32545	744206400	16.5
32545	746884800	12.5
32545	749476800	6.9
32545	752155200	-3.1
32545	754747200	-1.1
32545	757425600	-1
32545	760104000	-6.1
32545	762523200	4.2
32545	765201600	7.5
32545	767793600	13.5
32545	770472000	17
32545	773064000	20.8
32545	775742400	21.2
32545	778420800	16.4
32545	781012800	7
32545	783691200	-1.4
32545	786283200	-4
32545	788961600	-4.5
32545	791640000	-0.2
32545	794059200	0
32545	796737600	6.2
32545	799329600	10.5
32545	802008000	14.8
32545	804600000	19.5
32545	807278400	19.1
32545	809956800	13.9
32545	812548800	6.7
32545	815227200	2
32545	817819200	-4.5
32545	820497600	-11.6
32545	823176000	-5.4
32545	825681600	-2.8
32545	828360000	7.5
32545	830952000	9.7
32545	833630400	16.9
32545	836222400	20.8
32545	838900800	19.9
32545	841579200	13.7
32545	844171200	7.2
32545	846849600	-4.2
32545	849441600	-7.9
32545	852120000	-9.7
32545	854798400	-1.5
32545	857217600	3.4
32545	859896000	4.2
32545	862488000	12.4
32545	865166400	16.3
32545	867758400	19.5
32545	870436800	19.2
32545	873115200	15.6
32545	875707200	7.4
32545	878385600	0.2
32545	880977600	-3.6
32545	883656000	-5.4
32545	886334400	0.1
32545	888753600	1.1
32545	891432000	7.7
32545	894024000	12.8
32545	896702400	13.4
32545	899294400	21.6
32545	901972800	20.9
32545	904651200	17.2
32545	907243200	7.1
32545	909921600	2
32545	912513600	-3.6
32545	915192000	-2.3
32545	917870400	0.8
32545	920289600	3.4
32545	922968000	5.5
32545	925560000	10.7
32545	928238400	15.5
32545	930830400	19.1
32545	933508800	20.8
32545	936187200	12.2
32545	938779200	8.2
32545	941457600	4.6
32545	944049600	-1.6
32545	946728000	-3.3
32545	949406400	-1.2
32545	951912000	3.3
32545	954590400	8.3
32545	957182400	12.5
32545	959860800	16.6
32545	962452800	21.9
32545	965131200	20.5
32545	967809600	13.5
32545	970401600	6.8
32545	973080000	-5.8
32545	975672000	-8.6
32545	978350400	-6.7
32545	981028800	-7.5
32545	983448000	1.5
32545	986126400	6.2
32545	988718400	14.4
32545	991396800	17.1
32545	993988800	21.6
32545	996667200	22.2
32545	999345600	17.5
32545	1001937600	8.4
32545	1004616000	3.5
32545	1007208000	-4.6
32545	1009886400	-1.9
32545	1012564800	-1.6
32545	1014984000	-4.2
32545	1017662400	5.5
32545	1020254400	11.2
32545	1022932800	16.5
32545	1025524800	22
32545	1028203200	17.4
32545	1030881600	14.7
32545	1033473600	4.3
32545	1036152000	1
32545	1038744000	-2.6
32545	1041422400	-1.9
32545	1044100800	-4.1
32545	1046520000	0.8
32545	1049198400	7.4
32545	1051790400	11.4
32545	1054468800	16.9
32545	1057060800	24.2
32545	1059739200	22.6
32545	1062417600	14.8
32545	1065009600	9.9
32545	1067688000	-2.2
32545	1070280000	-2.5
32545	1072958400	-9.8
32545	1075636800	-2.1
32545	1078142400	5.7
32545	1080820800	8.3
32545	1083412800	10.6
32545	1086091200	15.6
32545	1088683200	21.1
32545	1091361600	18.7
32545	1094040000	13.1
32545	1096632000	7.4
32545	1099310400	1.4
32545	1101902400	-1.8
32545	1104580800	-9.1
32545	1107259200	-0.8
32545	1109678400	2.4
32545	1112356800	6.7
32545	1114948800	10.9
32545	1117627200	15
32545	1120219200	22.1
32545	1122897600	19.9
32545	1125576000	14.1
32545	1128168000	9.1
32545	1130846400	1
32545	1133438400	-7.2
32545	1136116800	1.5
32545	1138795200	-2.4
32545	1141214400	1.2
32545	1143892800	8
32545	1146484800	13
32545	1149163200	17.6
32545	1151755200	23.4
32545	1154433600	20
32545	1157112000	14.4
32545	1159704000	5.9
32545	1162382400	-0.3
32545	1164974400	-3.5
32545	1167652800	-4.3
32545	1170331200	-3.3
32545	1172750400	5.4
32545	1175428800	7
32545	1178020800	12.7
32545	1180699200	17.9
32545	1183291200	25.3
32545	1185969600	20.2
32545	1188648000	13.9
32545	1191240000	7.9
32545	1193918400	0.6
32545	1196510400	-3.1
32545	1199188800	-7.3
32545	1201867200	-1.6
32545	1204372800	1.6
32545	1207051200	4.1
32545	1209643200	11.5
32545	1212321600	15.8
32545	1214913600	21.4
32545	1217592000	20.2
32545	1220270400	13
32545	1222862400	6.9
32545	1225540800	3.9
32545	1228132800	-7.4
32545	1230811200	-3.3
32545	1233489600	-0.6
32545	1235908800	-1.3
32545	1238587200	4.9
32545	1241179200	12.3
32545	1243857600	15
32545	1246449600	20
32545	1249128000	19.5
32545	1251806400	17.1
32545	1254398400	3.8
32545	1257076800	2.6
32545	1259668800	-11.8
32545	1262347200	-6.7
32545	1265025600	-2.4
32545	1267444800	4.4
32545	1270123200	6.7
32545	1272715200	9
32545	1275393600	15
32545	1277985600	19.7
32545	1280664000	18.4
32545	1283342400	14
32545	1285934400	9.6
32545	1288612800	-2.6
32545	1291204800	-7.7
32545	1293883200	-3
32545	1296561600	-6
32545	1298980800	1.7
32545	1301659200	4.5
32545	1304251200	10.4
32545	1306929600	14.5
32545	1309521600	20.9
32545	1312200000	21.1
32545	1314878400	16.4
32545	1317470400	8.5
32545	1320148800	-0.2
32545	1322740800	-3.3
32545	1325419200	-3
32545	1328097600	-2.2
32545	1330603200	5
32545	1333281600	9.1
32545	1335873600	10.9
32545	1338552000	17.1
32545	1341144000	23
32545	1343822400	21.2
32545	1346500800	16.4
32545	1349092800	6.5
32545	1351771200	1.5
32545	1354363200	-4.1
32545	1357041600	-4.9
32545	1359720000	0.1
32545	1362139200	2.8
32545	1364817600	5.1
32545	1367409600	12.5
32545	1370088000	16.3
32545	1372680000	22.8
32545	1375358400	21.7
32545	1378036800	16.5
32545	1380628800	6.1
32545	1383307200	0.9
32545	1385899200	-4.5
32545	1388577600	-1.6
32545	1391256000	-8.6
32545	1393675200	1.1
32545	1396353600	7.7
32545	1398945600	12.7
32545	1401624000	15.9
32545	1404216000	22.9
32545	1406894400	20.5
32545	1409572800	14.9
32545	1412164800	11.4
32545	1414843200	-1.9
32545	1417435200	-3.2
32545	1420113600	-4.1
32545	1422792000	1.3
32545	1425211200	7.1
32545	1427889600	7.8
32545	1430481600	12.2
32546	-2464084800	2.4
32546	-2461406400	-1.7
32546	-2458728000	0.9
32546	-2456222400	4.3
32546	-2453544000	6.8
32546	-2450952000	11.3
32546	-2448273600	16.8
32546	-2445681600	19.7
32546	-2443003200	18.2
32546	-2440324800	14.8
32546	-2437732800	8.7
32546	-2435054400	1.3
32546	-2432462400	-5.3
32546	-2429784000	-5.4
32546	-2427105600	-7.7
32546	-2424686400	1.3
32546	-2422008000	4.9
32546	-2419416000	13.9
32546	-2416737600	17.5
32546	-2414145600	21.5
32546	-2411467200	18.8
32546	-2408788800	12.9
32546	-2406196800	6.8
32546	-2403518400	-4.4
32546	-2400926400	-2.5
32546	-2398248000	-9.6
32546	-2395569600	-7.7
32546	-2393150400	-2.4
32546	-2390472000	7.5
32546	-2387880000	11.9
32546	-2385201600	15.4
32546	-2382609600	19.5
32546	-2379931200	19.8
32546	-2377252800	11.6
32546	-2374660800	8.4
32546	-2371982400	3.4
32546	-2369390400	-1.2
32546	-2366712000	-8.2
32546	-2364033600	-5.9
32546	-2361614400	0.5
32546	-2358936000	9.1
32546	-2356344000	10.7
32546	-2353665600	14.9
32546	-2351073600	18.8
32546	-2348395200	18.6
32546	-2345716800	12.9
32546	-2343124800	12.2
32546	-2340446400	1.9
32546	-2337854400	-3.3
32546	-2335176000	-6.8
32546	-2332497600	2.8
32546	-2329992000	-0.5
32546	-2327313600	5.5
32546	-2324721600	9.1
32546	-2322043200	17.7
32546	-2319451200	21.3
32546	-2316772800	17.6
32546	-2314094400	12.2
32546	-2311502400	10.7
32546	-2308824000	-10.9
32546	-2306232000	1.9
32546	-2303553600	-5.7
32546	-2300875200	-1.9
32546	-2298456000	-3.1
32546	-2295777600	9.8
32546	-2293185600	16
32546	-2290507200	15.3
32546	-2287915200	19.2
32546	-2285236800	20.8
32546	-2282558400	15.3
32546	-2279966400	9.4
32546	-2277288000	-4.9
32546	-2274696000	-4
32546	-2272017600	-2.1
32546	-2269339200	1.4
32546	-2266920000	-3.2
32546	-2264241600	8.6
32546	-2261649600	11.6
32546	-2258971200	15.7
32546	-2256379200	18.8
32546	-2253700800	20.2
32546	-2251022400	12.9
32546	-2248430400	4.2
32546	-2245752000	-1.5
32546	-2243160000	-3.4
32546	-2240481600	-6.6
32546	-2237803200	-12.6
32546	-2235384000	-6.3
32546	-2232705600	5.2
32546	-2230113600	9.1
32546	-2227435200	15.5
32546	-2224843200	19.6
32546	-2222164800	16.2
32546	-2219486400	14.7
32546	-2216894400	5.6
32546	-2214216000	5.6
32546	-2211624000	-4
32546	-2208945600	0
32546	-2206267200	-6.7
32546	-2203848000	2.4
32546	-2201169600	8.7
32546	-2198577600	13.7
32546	-2195899200	19.9
32546	-2193307200	20.3
32546	-2190628800	17.8
32546	-2187950400	11.5
32546	-2185358400	7.5
32546	-2182680000	-1.3
32546	-2180088000	1.9
32546	-2177409600	-5.4
32546	-2174731200	-6.6
32546	-2172312000	2.4
32546	-2169633600	6
32546	-2167041600	14
32546	-2164363200	12.8
32546	-2161771200	21
32546	-2159092800	20.4
32546	-2156414400	10.3
32546	-2153822400	10.2
32546	-2151144000	5.2
32546	-2148552000	-0.8
32546	-2145873600	-3.6
32546	-2143195200	-3.3
32546	-2140776000	1.2
32546	-2138097600	5.8
32546	-2135505600	12.8
32546	-2132827200	13.7
32546	-2130235200	17.9
32546	-2127556800	18.9
32546	-2124878400	12.7
32546	-2122286400	8.4
32546	-2119608000	-0.7
32546	-2117016000	-5.5
32546	-2114337600	-1.2
32546	-2111659200	-4
32546	-2109240000	-3.7
32546	-2106561600	5.8
32546	-2103969600	10.1
32546	-2101291200	17.9
32546	-2098699200	18.1
32546	-2096020800	18
32546	-2093342400	12.6
32546	-2090750400	10.1
32546	-2088072000	-1.3
32546	-2085480000	0.2
32546	-2082801600	-2.7
32546	-2080123200	-10.2
32546	-2077617600	-4.4
32546	-2074939200	8.2
32546	-2072347200	11.7
32546	-2069668800	16.3
32546	-2067076800	20.3
32546	-2064398400	19.2
32546	-2061720000	13.6
32546	-2059128000	9.4
32546	-2056449600	6.6
32546	-2053857600	-1.2
32546	-2051179200	-8.8
32546	-2048500800	-7.1
32546	-2046081600	4.1
32546	-2043403200	6.2
32546	-2040811200	9.6
32546	-2038132800	14
32546	-2035540800	19.6
32546	-2032862400	20.7
32546	-2030184000	14.6
32546	-2027592000	4.1
32546	-2024913600	1.5
32546	-2022321600	-1.2
32546	-2019643200	-2.6
32546	-2016964800	-2
32546	-2014545600	-4
32546	-2011867200	8.7
32546	-2009275200	9.4
32546	-2006596800	13.8
32546	-2004004800	20.4
32546	-2001326400	18
32546	-1998648000	14.9
32546	-1996056000	8.9
32546	-1993377600	-1.1
32546	-1990785600	-3.6
32546	-1988107200	-15
32546	-1985428800	-2.1
32546	-1983009600	1.3
32546	-1980331200	3.4
32546	-1977739200	9.2
32546	-1975060800	14.3
32546	-1972468800	18
32546	-1969790400	16.2
32546	-1967112000	11.3
32546	-1964520000	10.5
32546	-1961841600	3.3
32546	-1959249600	0.9
32546	-1956571200	-1.2
32546	-1953892800	-3.6
32546	-1951387200	-0.8
32546	-1948708800	8.3
32546	-1946116800	11.5
32546	-1943438400	15.2
32546	-1940846400	21.2
32546	-1938168000	17.8
32546	-1935489600	14.6
32546	-1932897600	6.2
32546	-1930219200	3
32546	-1927627200	-1.9
32546	-1924948800	-10.3
32546	-1922270400	-4
32546	-1919851200	0.9
32546	-1917172800	2.6
32546	-1914580800	10
32546	-1911902400	15.5
32546	-1909310400	19.1
32546	-1906632000	19.8
32546	-1903953600	14.6
32546	-1901361600	8.2
32546	-1898683200	1.4
32546	-1896091200	-7.9
32546	-1893412800	-2.9
32546	-1890734400	-8.5
32546	-1888315200	7.5
32546	-1885636800	12.1
32546	-1883044800	12.9
32546	-1880366400	17.5
32546	-1877774400	20.9
32546	-1875096000	17.3
32546	-1872417600	12.4
32546	-1869825600	10.8
32546	-1867147200	0.8
32546	-1864555200	-1.3
32546	-1861876800	-9.8
32546	-1859198400	-7.2
32546	-1856779200	4.1
32546	-1854100800	4.7
32546	-1851508800	10.1
32546	-1848830400	17.7
32546	-1846238400	18.4
32546	-1843560000	16.2
32546	-1840881600	11.1
32546	-1838289600	6.2
32546	-1835611200	-2.8
32546	-1833019200	-3.7
32546	-1830340800	-7.2
32546	-1827662400	-0.9
32546	-1825156800	-6.1
32546	-1822478400	8
32546	-1819886400	11.5
32546	-1817208000	17.7
32546	-1814616000	17.4
32546	-1811937600	17.3
32546	-1809259200	10
32546	-1806667200	7
32546	-1803988800	6.1
32546	-1801396800	1.1
32546	-1798718400	-9
32546	-1796040000	-7.7
32546	-1793620800	-3.9
32546	-1790942400	7.2
32546	-1788350400	10.7
32546	-1785672000	18.1
32546	-1783080000	19.2
32546	-1780401600	20.1
32546	-1777723200	14.5
32546	-1775131200	5.6
32546	-1772452800	4
32546	-1769860800	0.4
32546	-1767182400	-2
32546	-1764504000	-6.4
32546	-1762084800	2.5
32546	-1759406400	7.4
32546	-1756814400	12.5
32546	-1754136000	15.9
32546	-1751544000	21.9
32546	-1748865600	18.5
32546	-1746187200	14.2
32546	-1743595200	7.8
32546	-1740916800	4.4
32546	-1738324800	-9
32546	-1735646400	-5.3
32546	-1732968000	-1
32546	-1730548800	1.3
32546	-1727870400	12
32546	-1725278400	11.5
32546	-1722600000	13.7
32546	-1720008000	16.8
32546	-1717329600	21
32546	-1714651200	11.2
32546	-1712059200	10.7
32546	-1709380800	1.4
32546	-1706788800	-1.2
32546	-1704110400	-20.7
32546	-1701432000	-6.8
32546	-1698926400	3.6
32546	-1696248000	7.7
32546	-1693656000	9.5
32546	-1690977600	14.8
32546	-1688385600	19.3
32546	-1685707200	18.4
32546	-1683028800	13.1
32546	-1680436800	5.6
32546	-1677758400	1.1
32546	-1675166400	-9.3
32546	-1672488000	-7.1
32546	-1669809600	-9.7
32546	-1667390400	-3.6
32546	-1664712000	4.8
32546	-1662120000	11
32546	-1659441600	15.4
32546	-1656849600	22.6
32546	-1654171200	18.9
32546	-1651492800	14.1
32546	-1648900800	6.9
32546	-1646222400	7.2
32546	-1643630400	-8.2
32546	-1640952000	-8.2
32546	-1638273600	-4.4
32546	-1635854400	4.7
32546	-1633176000	5.5
32546	-1630584000	10.3
32546	-1627905600	19.9
32546	-1625313600	19.2
32546	-1622635200	18.1
32546	-1619956800	12.9
32546	-1617364800	9.7
32546	-1614686400	0.2
32546	-1612094400	-0.6
32546	-1609416000	1.9
32546	-1606737600	-7.4
32546	-1604318400	-3
32546	-1601640000	8.9
32546	-1599048000	13.2
32546	-1596369600	19.4
32546	-1593777600	21.7
32546	-1591099200	20.3
32546	-1588420800	13.2
32546	-1585828800	2.1
32546	-1583150400	-2.3
32546	-1580558400	-6.2
32546	-1577880000	-5.5
32546	-1575201600	-2.4
32546	-1572696000	0.1
32546	-1570017600	2.5
32546	-1567425600	10.9
32546	-1564747200	15.9
32546	-1562155200	21.8
32546	-1559476800	19.9
32546	-1556798400	14.7
32546	-1554206400	7.4
32546	-1551528000	0.3
32546	-1548936000	-1.8
32546	-1546257600	-0.9
32546	-1543579200	0.6
32546	-1541160000	1.2
32546	-1538481600	6.5
32546	-1535889600	11.8
32546	-1533211200	18.4
32546	-1530619200	20.1
32546	-1527940800	19.4
32546	-1525262400	10.7
32546	-1522670400	10.3
32546	-1519992000	-1.1
32546	-1517400000	-4.2
32546	-1514721600	-7.8
32546	-1512043200	-13.3
32546	-1509624000	0.3
32546	-1506945600	5.9
32546	-1504353600	11.7
32546	-1501675200	18.6
32546	-1499083200	19.3
32546	-1496404800	20.9
32546	-1493726400	15.8
32546	-1491134400	9.4
32546	-1488456000	0.9
32546	-1485864000	-8.9
32546	-1483185600	-2.1
32546	-1480507200	-8.1
32546	-1478088000	1
32546	-1475409600	6.4
32546	-1472817600	12.3
32546	-1470139200	16.6
32546	-1467547200	21.5
32546	-1464868800	18.5
32546	-1462190400	13.9
32546	-1459598400	6.1
32546	-1456920000	4.2
32546	-1454328000	-1.5
32546	-1451649600	-7.9
32546	-1448971200	1.7
32546	-1446465600	-0.6
32546	-1443787200	6.6
32546	-1441195200	12.7
32546	-1438516800	15
32546	-1435924800	20.4
32546	-1433246400	17.7
32546	-1430568000	14.1
32546	-1427976000	9
32546	-1425297600	0.7
32546	-1422705600	-9.8
32546	-1420027200	-3.5
32546	-1417348800	-0.4
32546	-1414929600	2.3
32546	-1412251200	8.6
32546	-1409659200	13.9
32546	-1406980800	17
32546	-1404388800	21.5
32546	-1401710400	18.4
32546	-1399032000	12.3
32546	-1396440000	1.8
32546	-1393761600	2.4
32546	-1391169600	1.8
32546	-1388491200	-0.2
32546	-1385812800	2.4
32546	-1383393600	2.8
32546	-1380715200	8.3
32546	-1378123200	13.6
32546	-1375444800	17.1
32546	-1372852800	21.2
32546	-1370174400	18.6
32546	-1367496000	8.8
32546	-1364904000	9.5
32546	-1362225600	0.2
32546	-1359633600	-4.1
32546	-1356955200	-6
32546	-1354276800	-4.4
32546	-1351857600	2.1
32546	-1349179200	5.6
32546	-1346587200	8.5
32546	-1343908800	16.5
32546	-1341316800	19.4
32546	-1338638400	17.5
32546	-1335960000	12.6
32546	-1333368000	9.7
32546	-1330689600	-4.1
32546	-1328097600	-11.1
32546	-1325419200	-3.7
32546	-1322740800	-1.5
32546	-1320235200	3.5
32546	-1317556800	5.5
32546	-1314964800	15.2
32546	-1312286400	14.6
32546	-1309694400	20.1
32546	-1307016000	17.5
32546	-1304337600	13.3
32546	-1301745600	7
32546	-1299067200	2.9
32546	-1296475200	-2.1
32546	-1293796800	-13.6
32546	-1291118400	-10.3
32546	-1288699200	2.5
32546	-1286020800	5
32546	-1283428800	11.2
32546	-1280750400	16.5
32546	-1278158400	21.4
32546	-1275480000	22
32546	-1272801600	11
32546	-1270209600	8.7
32546	-1267531200	0.9
32546	-1264939200	-5.8
32546	-1262260800	-14.9
32546	-1259582400	2.2
32546	-1257163200	-0.7
32546	-1254484800	11
32546	-1251892800	12.1
32546	-1249214400	17.2
32546	-1246622400	22.1
32546	-1243944000	21.9
32546	-1241265600	14.5
32546	-1238673600	4.4
32546	-1235995200	2.1
32546	-1233403200	1.6
32546	-1230724800	1
32546	-1228046400	1.9
32546	-1225627200	2.2
32546	-1222948800	8.1
32546	-1220356800	13.6
32546	-1217678400	19.1
32546	-1215086400	21
32546	-1212408000	20.6
32546	-1209729600	14.6
32546	-1207137600	9.2
32546	-1204459200	-1.3
32546	-1201867200	-0.8
32546	-1199188800	-5.3
32546	-1196510400	-1.6
32546	-1194004800	-4.2
32546	-1191326400	8.4
32546	-1188734400	13.5
32546	-1186056000	17.4
32546	-1183464000	21.7
32546	-1180785600	19.8
32546	-1178107200	14.6
32546	-1175515200	7.4
32546	-1172836800	3.3
32546	-1170244800	-6.5
32546	-1167566400	-2.6
32546	-1164888000	-6.9
32546	-1162468800	2.9
32546	-1159790400	6
32546	-1157198400	11.4
32546	-1154520000	20
32546	-1151928000	22.4
32546	-1149249600	19.7
32546	-1146571200	13.7
32546	-1143979200	8.1
32546	-1141300800	4.6
32546	-1138708800	-6
32546	-1136030400	1
32546	-1133352000	1.1
32546	-1130932800	2.8
32546	-1128254400	10.5
32546	-1125662400	16.4
32546	-1122984000	16.7
32546	-1120392000	21.4
32546	-1117713600	19.9
32546	-1115035200	11
32546	-1112443200	10
32546	-1109764800	4.7
32546	-1107172800	-2.8
32546	-1104494400	-6.4
32546	-1101816000	1.5
32546	-1099396800	-1.6
32546	-1096718400	2.2
32546	-1094126400	11.1
32546	-1091448000	16.4
32546	-1088856000	21.7
32546	-1086177600	18.8
32546	-1083499200	15.1
32546	-1080907200	7.7
32546	-1078228800	-0.5
32546	-1075636800	-0.4
32546	-1072958400	-7.5
32546	-1070280000	-21.3
32546	-1067774400	0.7
32546	-1065096000	6.8
32546	-1062504000	17
32546	-1059825600	19
32546	-1057233600	24.5
32546	-1054555200	21
32546	-1051876800	14.6
32546	-1049284800	10.2
32546	-1046606400	3.3
32546	-1044014400	-4.1
32546	-1041336000	-16.8
32546	-1038657600	-8.5
32546	-1036238400	0.8
32546	-1033560000	7.6
32546	-1030968000	13.8
32546	-1028289600	16.8
32546	-1025697600	22.3
32546	-1023019200	19.8
32546	-1020340800	14.6
32546	-1017748800	10.2
32546	-1015070400	0.5
32546	-1012478400	-3.8
32546	-1009800000	-1.3
32546	-1007121600	-8.3
32546	-1004702400	0.8
32546	-1002024000	7.3
32546	-999432000	10.9
32546	-996753600	16.6
32546	-994161600	20.5
32546	-991483200	19.3
32546	-988804800	18.3
32546	-986212800	9.6
32546	-983534400	-0.1
32546	-980942400	-1.9
32546	-978264000	-0.3
32546	-975585600	-7.9
32546	-973166400	1.9
32546	-970488000	8.7
32546	-967896000	14
32546	-965217600	13.8
32546	-962625600	22.5
32546	-959947200	20.7
32546	-957268800	15.2
32546	-954676800	8.2
32546	-951998400	6.7
32546	-949406400	2.3
32546	-946728000	-9.2
32546	-944049600	-5.2
32546	-941544000	3
32546	-938865600	5.6
32546	-936273600	13.8
32546	-933595200	17.4
32546	-931003200	21.5
32546	-928324800	20.7
32546	-925646400	16.5
32546	-923054400	11.2
32546	-920376000	-2.5
32546	-917784000	0.3
32546	-915105600	-2.2
32546	-912427200	-2.6
32546	-910008000	1.1
32546	-907329600	7
32546	-904737600	12.8
32546	-902059200	16.8
32546	-899467200	21.6
32546	-896788800	19.2
32546	-894110400	10.6
32546	-891518400	7.3
32546	-888840000	3.6
32546	-886248000	-2.5
32546	-883569600	-3
32546	-880891200	-7.3
32546	-878472000	0.1
32546	-875793600	7.7
32546	-873201600	9.6
32546	-870523200	13.2
32546	-867931200	20.1
32546	-865252800	19
32546	-862574400	13.4
32546	-859982400	9.5
32546	-857304000	0.1
32546	-854712000	-2.7
32546	-852033600	-11.9
32546	-849355200	-1.6
32546	-846936000	-4.5
32546	-844257600	9.2
32546	-841665600	9.6
32546	-838987200	13.1
32546	-836395200	20.2
32546	-833716800	19.5
32546	-831038400	14.5
32546	-828446400	10.6
32546	-825768000	3.5
32546	-823176000	-0.1
32546	-820497600	0.1
32546	-817819200	-5
32546	-815313600	-4.3
32546	-812635200	7.8
32546	-810043200	13.4
32546	-807364800	13.8
32546	-804772800	19.2
32546	-802094400	17.7
32546	-799416000	14.6
32546	-796824000	12.4
32546	-794145600	0.4
32546	-791553600	-2.5
32546	-788875200	-2.5
32546	-786196800	-5.3
32546	-783777600	1.5
32546	-781099200	3.2
32546	-778507200	10
32546	-775828800	13.2
32546	-773236800	21.5
32546	-770558400	20.6
32546	-767880000	12
32546	-765288000	10.3
32546	-762609600	0.2
32546	-760017600	-5
32546	-757339200	-0.8
32546	-754660800	-0.5
32546	-752241600	4.4
32546	-749563200	9.4
32546	-746971200	10
32546	-744292800	15.7
32546	-741700800	20.9
32546	-739022400	18.7
32546	-736344000	13.3
32546	-733752000	4.1
32546	-731073600	-2.8
32546	-728481600	-3.5
32546	-725803200	-4
32546	-723124800	-5.5
32546	-720705600	-3.1
32546	-718027200	7.2
32546	-715435200	12.2
32546	-712756800	14
32546	-710164800	22.3
32546	-707486400	18.8
32546	-704808000	13.1
32546	-702216000	10.4
32546	-699537600	-1.6
32546	-696945600	-1.1
32546	-694267200	-2.1
32546	-691588800	-7.3
32546	-689083200	-3.2
32546	-686404800	5.7
32546	-683812800	11.1
32546	-681134400	15.7
32546	-678542400	18.5
32546	-675864000	19.8
32546	-673185600	14.9
32546	-670593600	9.8
32546	-667915200	1.4
32546	-665323200	-8.1
32546	-662644800	-12.7
32546	-659966400	-7.9
32546	-657547200	-0.9
32546	-654868800	10
32546	-652276800	13.2
32546	-649598400	15.6
32546	-647006400	19.8
32546	-644328000	21.1
32546	-641649600	14.1
32546	-639057600	4.7
32546	-636379200	8
32546	-633787200	-7.3
32546	-631108800	-20.5
32546	-628430400	1.2
32546	-626011200	-2.6
32546	-623332800	4.2
32546	-620740800	9.9
32546	-618062400	14.1
32546	-615470400	18.5
32546	-612792000	17.5
32546	-610113600	12.7
32546	-607521600	8.9
32546	-604843200	-0.8
32546	-602251200	-0.1
32546	-599572800	-8.3
32546	-596894400	-5.2
32546	-594475200	-7.8
32546	-591796800	4.3
32546	-589204800	11.2
32546	-586526400	11.7
32546	-583934400	19.5
32546	-581256000	16.5
32546	-578577600	10.9
32546	-575985600	4.9
32546	-573307200	1.3
32546	-570715200	-9.9
32546	-568036800	-8.2
32546	-565358400	-3.1
32546	-562852800	-2.8
32546	-560174400	9.9
32546	-557582400	12.1
32546	-554904000	15.7
32546	-552312000	18.5
32546	-549633600	18.5
32546	-546955200	15.7
32546	-544363200	9.5
32546	-541684800	0.3
32546	-539092800	-0.3
32546	-536414400	-0.4
32546	-533736000	-1.1
32546	-531316800	1.6
32546	-528638400	2.8
32546	-526046400	8.9
32546	-523368000	14.1
32546	-520776000	20.5
32546	-518097600	20
32546	-515419200	15.4
32546	-512827200	11.7
32546	-510148800	6.5
32546	-507556800	-0.3
32546	-504878400	-12.7
32546	-502200000	3.7
32546	-499780800	-4
32546	-497102400	2.2
32546	-494510400	11.4
32546	-491832000	13.2
32546	-489240000	21.3
32546	-486561600	17.8
32546	-483883200	12.6
32546	-481291200	7.1
32546	-478612800	6.5
32546	-476020800	0.8
32546	-473342400	-4
32546	-470664000	-6.4
32546	-468244800	-5.6
32546	-465566400	4.1
32546	-462974400	9.1
32546	-460296000	15.2
32546	-457704000	18.8
32546	-455025600	20.7
32546	-452347200	12.7
32546	-449755200	9.6
32546	-447076800	-7.6
32546	-444484800	-6
32546	-441806400	-6.8
32546	-439128000	-5.3
32546	-436622400	0.4
32546	-433944000	4.6
32546	-431352000	11.8
32546	-428673600	17.1
32546	-426081600	20.2
32546	-423403200	17.8
32546	-420724800	14.3
32546	-418132800	8.1
32546	-415454400	2.9
32546	-412862400	-2.2
32546	-410184000	-14
32546	-407505600	-5.9
32546	-405086400	0.4
32546	-402408000	5.4
32546	-399816000	13
32546	-397137600	16
32546	-394545600	21.5
32546	-391867200	18.1
32546	-389188800	14.6
32546	-386596800	4.2
32546	-383918400	1.1
32546	-381326400	1.9
32546	-378648000	1.9
32546	-375969600	-5.3
32546	-373550400	-2.8
32546	-370872000	6.1
32546	-368280000	16
32546	-365601600	14.3
32546	-363009600	17.1
32546	-360331200	21.2
32546	-357652800	14.1
32546	-355060800	10.6
32546	-352382400	0.1
32546	-349790400	-1.7
32546	-347112000	-5.5
32546	-344433600	-9
32546	-342014400	2.8
32546	-339336000	5.8
32546	-336744000	8.6
32546	-334065600	16.6
32546	-331473600	21
32546	-328795200	18.2
32546	-326116800	12.6
32546	-323524800	6.5
32546	-320846400	-1.9
32546	-318254400	1.7
32546	-315576000	-5.7
32546	-312897600	-5.1
32546	-310392000	-1
32546	-307713600	5.4
32546	-305121600	10.7
32546	-302443200	16.2
32546	-299851200	23
32546	-297172800	18
32546	-294494400	15.1
32546	-291902400	9.5
32546	-289224000	1.4
32546	-286632000	-1.6
32546	-283953600	-0.1
32546	-281275200	1.9
32546	-278856000	2.9
32546	-276177600	4.3
32546	-273585600	12.4
32546	-270907200	20.5
32546	-268315200	20.9
32546	-265636800	22.2
32546	-262958400	9.8
32546	-260366400	7.8
32546	-257688000	-1.4
32546	-255096000	-6.8
32546	-252417600	-7.5
32546	-249739200	-6.5
32546	-247320000	-3.7
32546	-244641600	8.6
32546	-242049600	10.2
32546	-239371200	16
32546	-236779200	18.1
32546	-234100800	19.3
32546	-231422400	13.4
32546	-228830400	10
32546	-226152000	4.3
32546	-223560000	0
32546	-220881600	-11
32546	-218203200	2.4
32546	-215784000	3.8
32546	-213105600	5.8
32546	-210513600	11.3
32546	-207835200	16.1
32546	-205243200	20.2
32546	-202564800	20.1
32546	-199886400	17.5
32546	-197294400	12
32546	-194616000	3.4
32546	-192024000	-5
32546	-189345600	-2.1
32546	-186667200	0.3
32546	-184161600	-3.1
32546	-181483200	5.5
32546	-178891200	12.4
32546	-176212800	16.6
32546	-173620800	22.2
32546	-170942400	18.2
32546	-168264000	11.9
32546	-165672000	11.4
32546	-162993600	-0.4
32546	-160401600	-11.9
32546	-157723200	-4.8
32546	-155044800	-3
32546	-152625600	-6.4
32546	-149947200	6.8
32546	-147355200	10.6
32546	-144676800	15.5
32546	-142084800	20.6
32546	-139406400	19.7
32546	-136728000	6.9
32546	-134136000	11.6
32546	-131457600	1.3
32546	-128865600	-1.9
32546	-126187200	-10.4
32546	-123508800	-3
32546	-121089600	2.2
32546	-118411200	4.3
32546	-115819200	12.9
32546	-113140800	15.2
32546	-110548800	20.9
32546	-107870400	18.1
32546	-105192000	17.6
32546	-102600000	8.3
32546	-99921600	-1.8
32546	-97329600	-2.3
32546	-94651200	-3.5
32546	-91972800	0.1
32546	-89553600	-2.9
32546	-86875200	1.6
32546	-84283200	11.1
32546	-81604800	15.4
32546	-79012800	22.5
32546	-76334400	21.4
32546	-73656000	16.9
32546	-71064000	9.8
32546	-68385600	2
32546	-65793600	-5.8
32546	-63115200	-5.8
32546	-60436800	0.4
32546	-57931200	4.4
32546	-55252800	4.5
32546	-52660800	9.5
32546	-49982400	14.9
32546	-47390400	19.6
32546	-44712000	17.7
32546	-42033600	13.3
32546	-39441600	8.6
32546	-36763200	1.8
32546	-34171200	-9.1
32546	-31492800	-19.6
32546	-28814400	-8.9
32546	-26395200	-3.5
32546	-23716800	9.9
32546	-21124800	12.9
32546	-18446400	14.8
32546	-15854400	19.9
32546	-13176000	22
32546	-10497600	16
32546	-7905600	3.1
32546	-5227200	4.2
32546	-2635200	-1.4
32546	43200	-9.9
32546	2721600	-0.1
32546	5140800	-2
32546	7819200	3.3
32546	10411200	11.8
32546	13089600	18.9
32546	15681600	21.6
32546	18360000	21.3
32546	21038400	12.3
32546	23630400	6.8
32546	26308800	-1.3
32546	28900800	-5.3
32546	31579200	-9.1
32546	34257600	-1.8
32546	36676800	-0.5
32546	39355200	6.9
32546	41947200	12.3
32546	44625600	16.4
32546	47217600	19.5
32546	49896000	24.2
32546	52574400	12.3
32546	55166400	6.8
32546	57844800	2.1
32546	60436800	-8.1
32546	63115200	-11.2
32546	65793600	-5.3
32546	68299200	3.2
32546	70977600	5.5
32546	73569600	11.7
32546	76248000	18.1
32546	78840000	17.9
32546	81518400	20.6
32546	84196800	11.9
32546	86788800	5.9
32546	89467200	2.1
32546	92059200	-8.1
32546	94737600	-4.2
32546	97416000	-1.6
32546	99835200	3.9
32546	102513600	4.3
32546	105105600	12.7
32546	107784000	17.3
32546	110376000	21.6
32546	113054400	21.5
32546	115732800	14.2
32546	118324800	9.3
32546	121003200	-4.1
32546	123595200	-2
32546	126273600	-6.9
32546	128952000	0.7
32546	131371200	0.5
32546	134049600	8.1
32546	136641600	9.4
32546	139320000	19.1
32546	141912000	22.4
32546	144590400	16.9
32546	147268800	12.4
32546	149860800	10.5
32546	152539200	3.4
32546	155131200	0
32546	157809600	-5.4
32546	160488000	-10.5
32546	162907200	-2.9
32546	165585600	-0.9
32546	168177600	9.7
32546	170856000	14.6
32546	173448000	21.9
32546	176126400	17.9
32546	178804800	13.8
32546	181396800	7.3
32546	184075200	0.2
32546	186667200	-2.2
32546	189345600	-3.4
32546	192024000	-1.1
32546	194529600	-0.5
32546	197208000	7.5
32546	199800000	13.4
32546	202478400	15.8
32546	205070400	21
32546	207748800	19.6
32546	210427200	15.9
32546	213019200	7.8
32546	215697600	2.2
32546	218289600	-0.5
32546	220968000	-6.1
32546	223646400	3.7
32546	226065600	0.8
32546	228744000	8.1
32546	231336000	10.4
32546	234014400	18.2
32546	236606400	19.7
32546	239284800	16.7
32546	241963200	13.1
32546	244555200	8.5
32546	247233600	-0.9
32546	249825600	-8.8
32546	252504000	-13.8
32546	255182400	-10
32546	257601600	0.6
32546	260280000	6.4
32546	262872000	10.4
32546	265550400	16.7
32546	268142400	19.2
32546	270820800	18.9
32546	273499200	14.6
32546	276091200	9
32546	278769600	-4.8
32546	281361600	-8.4
32546	284040000	-14.4
32546	286718400	-7.6
32546	289137600	1.2
32546	291816000	4.5
32546	294408000	10.5
32546	297086400	16.9
32546	299678400	20.3
32546	302356800	20
32546	305035200	16.9
32546	307627200	9.4
32546	310305600	0.5
32546	312897600	1.6
32546	315576000	-9.6
32546	318254400	-2.5
32546	320760000	-0.1
32546	323438400	11.3
32546	326030400	13.7
32546	328708800	15.8
32546	331300800	20.5
32546	333979200	16.6
32546	336657600	14.2
32546	339249600	9.2
32546	341928000	3.8
32546	344520000	-4.9
32546	347198400	0.7
32546	349876800	-1
32546	352296000	2.6
32546	354974400	7.8
32546	357566400	11.3
32546	360244800	14.2
32546	362836800	18.9
32546	365515200	20.7
32546	368193600	15.1
32546	370785600	7.1
32546	373464000	4.6
32546	376056000	-4.4
32546	378734400	-14.4
32546	381412800	-7.2
32546	383832000	-2.5
32546	386510400	3
32546	389102400	8.8
32546	391780800	15.4
32546	394372800	19
32546	397051200	18.1
32546	399729600	11.9
32546	402321600	7.8
32546	4.05e+08	-0.2
32546	407592000	-3.2
32546	410270400	-0.2
32546	412948800	2.3
32546	415368000	1.9
32546	418046400	5.1
32546	420638400	10.1
32546	423316800	15.3
32546	425908800	18.5
32546	428587200	22.2
32546	431265600	11.7
32546	433857600	9.1
32546	436536000	1.4
32546	439128000	-15.8
32546	441806400	-1.7
32546	444484800	2.4
32546	446990400	1.5
32546	449668800	6.6
32546	452260800	10.7
32546	454939200	15.1
32546	457531200	20.7
32546	460209600	21.7
32546	462888000	10.7
32546	465480000	4.3
32546	468158400	1.6
32546	470750400	-10.7
32546	473428800	-7.4
32546	476107200	-6.1
32546	478526400	0.5
32546	481204800	8.9
32546	483796800	13.8
32546	486475200	16.5
32546	489067200	22.5
32546	491745600	16.2
32546	494424000	8.7
32546	497016000	6.7
32546	499694400	-11.3
32546	502286400	-4.4
32546	504964800	2.3
32546	507643200	-7.7
32546	510062400	6.3
32546	512740800	5.5
32546	515332800	11.5
32546	518011200	18.6
32546	520603200	18
32546	523281600	19.8
32546	525960000	10.3
32546	528552000	9.2
32546	531230400	-0.5
32546	533822400	0.1
32546	536500800	-0.2
32546	539179200	1.9
32546	541598400	1.9
32546	544276800	10.8
32546	546868800	13.8
32546	549547200	18.3
32546	552139200	18.9
32546	554817600	16.1
32546	557496000	14.7
32546	560088000	8.4
32546	562766400	4.3
32546	565358400	-1.7
32546	568036800	-5
32546	570715200	-2.2
32546	573220800	2.7
32546	575899200	7.9
32546	578491200	13.3
32546	581169600	20.5
32546	583761600	20.3
32546	586440000	19.2
32546	589118400	13
32546	591710400	9.5
32546	594388800	1.8
32546	596980800	-1.6
32546	599659200	-2.5
32546	602337600	-12.4
32546	604756800	-1.9
32546	607435200	6
32546	610027200	10.2
32546	612705600	15.7
32546	615297600	20.9
32546	617976000	17.5
32546	620654400	13.1
32546	623246400	7.6
32546	625924800	2.3
32546	628516800	-2.8
32546	631195200	-1.4
32546	633873600	-2.4
32546	636292800	1.8
32546	638971200	6.6
32546	641563200	9.6
32546	644241600	15.1
32546	646833600	19.4
32546	649512000	20
32546	652190400	16.6
32546	654782400	7.5
32546	657460800	2.9
32546	660052800	-8.2
32546	662731200	-7.5
32546	665409600	3.7
32546	667828800	1.4
32546	670507200	5.9
32546	673099200	10.4
32546	675777600	14.1
32546	678369600	19.7
32546	681048000	21.7
32546	683726400	14
32546	686318400	5.5
32546	688996800	-0.5
32546	691588800	1.4
32546	694267200	1.2
32546	696945600	2.3
32546	699451200	4.6
32546	702129600	8.1
32546	704721600	12.6
32546	707400000	16.8
32546	709992000	16.1
32546	712670400	16.9
32546	715348800	13.5
32546	717940800	8.4
32546	720619200	1.5
32546	723211200	-7.7
32546	725889600	-9.9
32546	728568000	-7.3
32546	730987200	2.9
32546	733665600	6.2
32546	736257600	12.8
32546	738936000	13.3
32546	741528000	14.2
32546	744206400	15.6
32546	746884800	11.1
32546	749476800	7.6
32546	752155200	-2.5
32546	754747200	0.6
32546	757425600	-2.9
32546	760104000	-8.5
32546	762523200	3.9
32546	765201600	6.7
32546	767793600	12.3
32546	770472000	15.6
32546	773064000	20.1
32546	775742400	19.8
32546	778420800	15.8
32546	781012800	6.9
32546	783691200	-0.7
32546	786283200	-1.7
32546	788961600	-1.9
32546	791640000	-2
32546	794059200	-0.8
32546	796737600	4.6
32546	799329600	9.9
32546	802008000	14.1
32546	804600000	18
32546	807278400	18
32546	809956800	13.6
32546	812548800	6.5
32546	815227200	2
32546	817819200	-2.7
32546	820497600	-10.8
32546	823176000	-2.9
32546	825681600	-4
32546	828360000	7.1
32546	830952000	8.5
32546	833630400	16.2
32546	836222400	19.6
32546	838900800	19.8
32546	841579200	12.5
32546	844171200	6.5
32546	846849600	-6.1
32546	849441600	-9.1
32546	852120000	-7.9
32546	854798400	-0.2
32546	857217600	1.1
32546	859896000	2.8
32546	862488000	11.2
32546	865166400	15.4
32546	867758400	18.7
32546	870436800	18.7
32546	873115200	16
32546	875707200	7.9
32546	878385600	1.5
32546	880977600	-0.5
32546	883656000	-5.6
32546	886334400	1.1
32546	888753600	-0.1
32546	891432000	7.5
32546	894024000	12.5
32546	896702400	13.2
32546	899294400	20.9
32546	901972800	20.8
32546	904651200	17.5
32546	907243200	8.1
32546	909921600	2.2
32546	912513600	-3.8
32546	915192000	-2.4
32546	917870400	1.6
32546	920289600	3.4
32546	922968000	4.6
32546	925560000	10
32546	928238400	14.5
32546	930830400	17.8
32546	933508800	20.2
32546	936187200	11.6
32546	938779200	8.4
32546	941457600	6.5
32546	944049600	2
32546	946728000	-3.2
32546	949406400	-2
32546	951912000	2.9
32546	954590400	7.7
32546	957182400	11.9
32546	959860800	15.2
32546	962452800	21.2
32546	965131200	20.4
32546	967809600	13.5
32546	970401600	7.6
32546	973080000	-3.6
32546	975672000	-6.9
32546	978350400	-0.6
32546	981028800	-7.9
32546	983448000	2.5
32546	986126400	5.9
32546	988718400	13.2
32546	991396800	15.8
32546	993988800	20.6
32546	996667200	21.8
32546	999345600	16.1
32546	1001937600	8.1
32546	1004616000	5.7
32546	1007208000	-3.5
32546	1009886400	-3
32546	1012564800	-0.7
32546	1014984000	-7.9
32546	1017662400	3.7
32546	1020254400	10.1
32546	1022932800	15.5
32546	1025524800	22
32546	1028203200	16.2
32546	1030881600	14.1
32546	1033473600	3.3
32546	1036152000	3.9
32546	1038744000	-0.5
32546	1041422400	-1
32546	1044100800	-4
32546	1046520000	-0.2
32546	1049198400	8
32546	1051790400	10.8
32546	1054468800	16.3
32546	1057060800	22.7
32546	1059739200	21.9
32546	1062417600	13.8
32546	1065009600	9.6
32546	1067688000	-2.5
32546	1070280000	-0.7
32546	1072958400	-6.2
32546	1075636800	-0.3
32546	1078142400	4.8
32546	1080820800	7.4
32546	1083412800	9.1
32546	1086091200	13.7
32546	1088683200	20.3
32546	1091361600	18.3
32546	1094040000	12.9
32546	1096632000	6.9
32546	1099310400	3
32546	1101902400	-0.1
32546	1104580800	-6.3
32546	1107259200	0.1
32546	1109678400	1.7
32546	1112356800	6.8
32546	1114948800	10.4
32546	1117627200	14.8
32546	1120219200	20.8
32546	1122897600	19
32546	1125576000	13.8
32546	1128168000	9.3
32546	1130846400	2.9
32546	1133438400	-3.9
32546	1136116800	2.8
32546	1138795200	-2.8
32546	1141214400	0
32546	1143892800	8.1
32546	1146484800	12.4
32546	1149163200	17.1
32546	1151755200	23.1
32546	1154433600	19.6
32546	1157112000	14.6
32546	1159704000	6.2
32546	1162382400	-0.1
32546	1164974400	0
32546	1167652800	-2.5
32546	1170331200	-4.7
32546	1172750400	5.5
32546	1175428800	5.6
32546	1178020800	12.1
32546	1180699200	16.9
32546	1183291200	24.9
32546	1185969600	19.8
32546	1188648000	13.6
32546	1191240000	9.2
32546	1193918400	0.8
32546	1196510400	-3
32546	1199188800	-5.3
32546	1201867200	-1.3
32546	1204372800	1.2
32546	1207051200	3.6
32546	1209643200	11.1
32546	1212321600	14.7
32546	1214913600	20
32546	1217592000	20.1
32546	1220270400	12.8
32546	1222862400	8.1
32546	1225540800	4.8
32546	1228132800	-8.6
32546	1230811200	-3.2
32546	1233489600	-1.5
32546	1235908800	-0.6
32546	1238587200	4.7
32546	1241179200	10.7
32546	1243857600	14.4
32546	1246449600	19.4
32546	1249128000	18.5
32546	1251806400	17.6
32546	1254398400	3.8
32546	1257076800	4.2
32546	1259668800	-9.9
32546	1262347200	-2.3
32546	1265025600	-3
32546	1267444800	5.6
32546	1270123200	5.8
32546	1272715200	8.6
32546	1275393600	14.6
32546	1277985600	18.5
32546	1280664000	18.3
32546	1283342400	12.9
32546	1285934400	10.6
32546	1288612800	-2.5
32546	1291204800	-4.9
32546	1293883200	-5
32546	1296561600	-8.4
32546	1298980800	-0.4
32546	1301659200	3.7
32546	1304251200	9.9
32546	1306929600	13.7
32546	1309521600	20.1
32546	1312200000	20.8
32546	1314878400	16.8
32546	1317470400	8.9
32546	1320148800	1.2
32546	1322740800	-0.2
32546	1325419200	-1.9
32546	1328097600	-1.9
32546	1330603200	4.9
32546	1333281600	8.7
32546	1335873600	10.3
32546	1338552000	16.3
32546	1341144000	22.8
32546	1343822400	20.7
32546	1346500800	16.1
32546	1349092800	6.6
32546	1351771200	3.5
32546	1354363200	-3.4
32546	1357041600	-1.5
32546	1359720000	0.5
32546	1362139200	2.2
32546	1364817600	4.2
32546	1367409600	11.4
32546	1370088000	15.5
32546	1372680000	21
32546	1375358400	21
32546	1378036800	16.6
32546	1380628800	6
32546	1383307200	1
32546	1385899200	-6
32546	1388577600	-1.4
32546	1391256000	-9.6
32546	1393675200	-1.3
32546	1396353600	6.3
32546	1398945600	11
32546	1401624000	14.1
32546	1404216000	21.4
32546	1406894400	19.6
32546	1409572800	13.9
32546	1412164800	10.9
32546	1414843200	-3.2
32546	1417435200	-1.9
32546	1420113600	-2.8
32546	1422792000	-0.5
32546	1425211200	6.5
32546	1427889600	6.8
32546	1430481600	10.4
32547	-2427105600	-10
32547	-2424686400	-0.6
32547	-2422008000	3.5
32547	-2419416000	10.9
32547	-2416737600	14.4
32547	-2414145600	19.5
32547	-2411467200	18.3
32547	-2408788800	12.7
32547	-2406196800	6.6
32547	-2403518400	-1.3
32547	-2400926400	-1.7
32547	-2398248000	-7
32547	-2395569600	-7
32547	-2393150400	-0.7
32547	-2390472000	6.3
32547	-2387880000	13.1
32547	-2385201600	15.6
32547	-2382609600	19.5
32547	-2379931200	20
32547	-2377252800	11.8
32547	-2374660800	8.4
32547	-2371982400	4.7
32547	-2369390400	-1.5
32547	-2366712000	-7.9
32547	-2364033600	-5.6
32547	-2361614400	0.9
32547	-2358936000	9.1
32547	-2356344000	11.5
32547	-2353665600	14
32547	-2351073600	17.7
32547	-2348395200	18
32547	-2345716800	12.3
32547	-2343124800	9.8
32547	-2340446400	2.4
32547	-2337854400	-3.2
32547	-2335176000	-5.6
32547	-2332497600	2.4
32547	-2329992000	-1
32547	-2327313600	4.3
32547	-2324721600	9.4
32547	-2322043200	16.9
32547	-2319451200	20
32547	-2316772800	17.4
32547	-2314094400	11
32547	-2311502400	9.6
32547	-2308824000	-8.5
32547	-2306232000	2.4
32547	-2303553600	-5.3
32547	-2300875200	-2.5
32547	-2298456000	-4.6
32547	-2295777600	7.9
32547	-2293185600	15.3
32547	-2290507200	15.4
32547	-2287915200	17.9
32547	-2285236800	19.7
32547	-2282558400	15.1
32547	-2279966400	10.1
32547	-2277288000	-3.1
32547	-2274696000	-3.7
32547	-2272017600	-1.7
32547	-2269339200	1.8
32547	-2266920000	-4.5
32547	-2264241600	7.7
32547	-2261649600	10.9
32547	-2258971200	15.1
32547	-2256379200	18.1
32547	-2253700800	20.8
32547	-2251022400	13.5
32547	-2248430400	4.9
32547	-2245752000	-0.6
32547	-2243160000	-2.1
32547	-2240481600	-5.2
32547	-2237803200	-11.7
32547	-2235384000	-5.5
32547	-2232705600	5
32547	-2230113600	9.4
32547	-2227435200	14.1
32547	-2224843200	19.2
32547	-2222164800	16
32547	-2219486400	15
32547	-2216894400	7.1
32547	-2214216000	6.2
32547	-2211624000	-2.8
32547	-2208945600	1
32547	-2206267200	-5.5
32547	-2203848000	3.4
32547	-2201169600	8.8
32547	-2198577600	13.7
32547	-2195899200	19
32547	-2193307200	19.2
32547	-2190628800	17.3
32547	-2187950400	11.5
32547	-2185358400	8.2
32547	-2182680000	-0.3
32547	-2180088000	2.6
32547	-2177409600	-3.8
32547	-2174731200	-5.4
32547	-2172312000	2.6
32547	-2169633600	6.3
32547	-2167041600	14.4
32547	-2164363200	11.9
32547	-2161771200	20.3
32547	-2159092800	19.5
32547	-2156414400	9.8
32547	-2153822400	10.7
32547	-2151144000	4.3
32547	-2148552000	-0.7
32547	-2145873600	-3
32547	-2143195200	-1.8
32547	-2140776000	0.8
32547	-2138097600	5.7
32547	-2135505600	12.2
32547	-2132827200	13.5
32547	-2130235200	16.7
32547	-2127556800	17.7
32547	-2124878400	11.7
32547	-2122286400	8.7
32547	-2119608000	-0.7
32547	-2117016000	-5.6
32547	-2114337600	-0.2
32547	-2111659200	-4.1
32547	-2109240000	-3
32547	-2106561600	5.8
32547	-2103969600	10.3
32547	-2101291200	17.4
32547	-2098699200	17.3
32547	-2096020800	18.5
32547	-2093342400	12.2
32547	-2090750400	10.3
32547	-2088072000	-0.9
32547	-2085480000	1.4
32547	-2082801600	-1.5
32547	-2080123200	-7.4
32547	-2077617600	-2.9
32547	-2074939200	8.2
32547	-2072347200	11.9
32547	-2069668800	16.2
32547	-2067076800	20
32547	-2064398400	19.2
32547	-2061720000	15.3
32547	-2059128000	10.4
32547	-2056449600	7.4
32547	-2053857600	-0.3
32547	-2051179200	-8.2
32547	-2048500800	-6.3
32547	-2046081600	4.9
32547	-2043403200	6.9
32547	-2040811200	10.4
32547	-2038132800	14.3
32547	-2035540800	20
32547	-2032862400	21
32547	-2030184000	14.8
32547	-2027592000	6.6
32547	-2024913600	4.7
32547	-2022321600	1.2
32547	-2019643200	-0.6
32547	-2016964800	-0.4
32547	-2014545600	-3.4
32547	-2011867200	9.8
32547	-2009275200	10.5
32547	-2006596800	14.7
32547	-2004004800	21.2
32547	-2001326400	19.2
32547	-1998648000	14.9
32547	-1996056000	9.9
32547	-1993377600	0.5
32547	-1990785600	-2.6
32547	-1988107200	-13.8
32547	-1985428800	-0.7
32547	-1983009600	1.9
32547	-1980331200	5.3
32547	-1977739200	9.9
32547	-1975060800	14.8
32547	-1972468800	17.6
32547	-1969790400	16.8
32547	-1967112000	12.6
32547	-1964520000	11.1
32547	-1961841600	5.1
32547	-1959249600	1.6
32547	-1956571200	-0.3
32547	-1953892800	-1
32547	-1951387200	-0.4
32547	-1948708800	9
32547	-1946116800	11.1
32547	-1943438400	14.9
32547	-1940846400	20.5
32547	-1938168000	17.6
32547	-1935489600	15.3
32547	-1932897600	7.2
32547	-1930219200	3.6
32547	-1927627200	-1.1
32547	-1924948800	-9.4
32547	-1922270400	-1.7
32547	-1919851200	0.8
32547	-1917172800	3.1
32547	-1914580800	10.2
32547	-1911902400	15.2
32547	-1909310400	18.8
32547	-1906632000	19
32547	-1903953600	15.3
32547	-1901361600	9
32547	-1898683200	2.6
32547	-1896091200	-7
32547	-1893412800	-2
32547	-1890734400	-8.2
32547	-1888315200	8.3
32547	-1885636800	12.1
32547	-1883044800	13.2
32547	-1880366400	16.9
32547	-1877774400	21.2
32547	-1875096000	17.3
32547	-1872417600	13.2
32547	-1869825600	11.1
32547	-1867147200	2.3
32547	-1864555200	0.7
32547	-1861876800	-7.6
32547	-1859198400	-6.4
32547	-1856779200	5
32547	-1854100800	5
32547	-1851508800	10.4
32547	-1848830400	17.4
32547	-1846238400	17.6
32547	-1843560000	16
32547	-1840881600	11.2
32547	-1838289600	6.6
32547	-1835611200	-2.8
32547	-1833019200	-3.2
32547	-1830340800	-4.9
32547	-1827662400	0.3
32547	-1825156800	-5.5
32547	-1822478400	7.9
32547	-1819886400	11.8
32547	-1817208000	16.5
32547	-1814616000	17
32547	-1811937600	17.7
32547	-1809259200	10.2
32547	-1806667200	6.6
32547	-1803988800	5.9
32547	-1801396800	0.5
32547	-1798718400	-8.2
32547	-1796040000	-7.1
32547	-1793620800	-2.6
32547	-1790942400	7.7
32547	-1788350400	11.4
32547	-1785672000	16.9
32547	-1783080000	18.3
32547	-1780401600	18.9
32547	-1777723200	14.4
32547	-1775131200	6.1
32547	-1772452800	5.4
32547	-1769860800	0.3
32547	-1767182400	-1.1
32547	-1764504000	-5
32547	-1762084800	3.8
32547	-1759406400	7.4
32547	-1756814400	12.1
32547	-1754136000	15.4
32547	-1751544000	21
32547	-1748865600	18
32547	-1746187200	14
32547	-1743595200	7.9
32547	-1740916800	5.2
32547	-1738324800	-7.3
32547	-1735646400	-2.5
32547	-1732968000	-0.8
32547	-1730548800	2.8
32547	-1727870400	11.8
32547	-1725278400	11.5
32547	-1722600000	13.8
32547	-1720008000	16.2
32547	-1717329600	20.5
32547	-1714651200	10.8
32547	-1712059200	10.3
32547	-1709380800	1.9
32547	-1706788800	-1
32547	-1704110400	-18.9
32547	-1701432000	-4.3
32547	-1698926400	4
32547	-1696248000	7.3
32547	-1693656000	9
32547	-1690977600	14.2
32547	-1688385600	18.6
32547	-1685707200	17.7
32547	-1683028800	13
32547	-1680436800	6.1
32547	-1677758400	0.8
32547	-1675166400	-9.6
32547	-1672488000	-7.2
32547	-1669809600	-9.2
32547	-1667390400	-4.3
32547	-1664712000	4.5
32547	-1662120000	9.8
32547	-1659441600	14.9
32547	-1656849600	20.6
32547	-1654171200	16.6
32547	-1651492800	13.2
32547	-1648900800	7.3
32547	-1646222400	6.8
32547	-1643630400	-7.3
32547	-1640952000	-7.6
32547	-1638273600	-4.9
32547	-1635854400	5.1
32547	-1633176000	5.4
32547	-1630584000	10.3
32547	-1627905600	19.1
32547	-1625313600	18.6
32547	-1622635200	18.5
32547	-1619956800	13.1
32547	-1617364800	10.6
32547	-1614686400	1.6
32547	-1612094400	-0.6
32547	-1609416000	3.2
32547	-1606737600	-7
32547	-1604318400	-2.5
32547	-1601640000	8.5
32547	-1599048000	12.5
32547	-1596369600	17.4
32547	-1593777600	21.8
32547	-1591099200	20.5
32547	-1588420800	13.5
32547	-1585828800	1.6
32547	-1583150400	-1.9
32547	-1580558400	-6.3
32547	-1577880000	-5.5
32547	-1575201600	-2.2
32547	-1572696000	-0.9
32547	-1570017600	1.5
32547	-1567425600	10.6
32547	-1564747200	14.7
32547	-1562155200	19.6
32547	-1559476800	18.3
32547	-1556798400	13.9
32547	-1554206400	7.8
32547	-1551528000	0.8
32547	-1548936000	-0.6
32547	-1546257600	-0.7
32547	-1543579200	0.8
32547	-1541160000	1.6
32547	-1538481600	6
32547	-1535889600	10.9
32547	-1533211200	18
32547	-1530619200	18.8
32547	-1527940800	18.5
32547	-1525262400	10.3
32547	-1522670400	11.6
32547	-1519992000	0.8
32547	-1517400000	-4.1
32547	-1514721600	-7.2
32547	-1512043200	-12.9
32547	-1509624000	0.3
32547	-1506945600	5.3
32547	-1504353600	12.5
32547	-1501675200	17.8
32547	-1499083200	18.8
32547	-1496404800	19.7
32547	-1493726400	15.2
32547	-1491134400	8.9
32547	-1488456000	0.3
32547	-1485864000	-10.6
32547	-1483185600	-2.1
32547	-1480507200	-7.4
32547	-1478088000	0.2
32547	-1475409600	6
32547	-1472817600	11.2
32547	-1470139200	14.9
32547	-1467547200	19.6
32547	-1464868800	17.9
32547	-1462190400	13.5
32547	-1459598400	5.6
32547	-1456920000	4.8
32547	-1454328000	-1.7
32547	-1451649600	-7.2
32547	-1448971200	3.1
32547	-1446465600	-1.5
32547	-1443787200	5.7
32547	-1441195200	12.2
32547	-1438516800	14
32547	-1435924800	18.4
32547	-1433246400	17
32547	-1430568000	13.3
32547	-1427976000	6.7
32547	-1425297600	0.4
32547	-1422705600	-8.3
32547	-1420027200	-2
32547	-1417348800	0.8
32547	-1414929600	2.7
32547	-1412251200	7.6
32547	-1409659200	12.1
32547	-1406980800	15
32547	-1404388800	19.9
32547	-1401710400	16.8
32547	-1399032000	12
32547	-1396440000	1.3
32547	-1393761600	3
32547	-1391169600	2
32547	-1388491200	-0.3
32547	-1385812800	2
32547	-1383393600	1.6
32547	-1380715200	6.4
32547	-1378123200	10.7
32547	-1375444800	14.8
32547	-1372852800	19.4
32547	-1370174400	17.2
32547	-1367496000	8.6
32547	-1364904000	11.1
32547	-1362225600	2
32547	-1359633600	-2.7
32547	-1356955200	-5.5
32547	-1354276800	-4.1
32547	-1351857600	2.6
32547	-1349179200	5.1
32547	-1346587200	7.5
32547	-1343908800	15.3
32547	-1341316800	18.3
32547	-1338638400	16.7
32547	-1335960000	13.1
32547	-1333368000	11
32547	-1330689600	-2.7
32547	-1328097600	-10.3
32547	-1325419200	-1.9
32547	-1322740800	-1.9
32547	-1320235200	4.3
32547	-1317556800	4.3
32547	-1314964800	14
32547	-1312286400	13.6
32547	-1309694400	18.9
32547	-1307016000	17.1
32547	-1304337600	13.1
32547	-1301745600	7.5
32547	-1299067200	2.2
32547	-1296475200	-0.9
32547	-1293796800	-13.2
32547	-1291118400	-9.8
32547	-1288699200	2.7
32547	-1286020800	4.5
32547	-1283428800	10.6
32547	-1280750400	15.2
32547	-1278158400	20.5
32547	-1275480000	21.5
32547	-1272801600	11.1
32547	-1270209600	10.6
32547	-1267531200	1.4
32547	-1264939200	-4.3
32547	-1262260800	-14.3
32547	-1259582400	3.5
32547	-1257163200	-0.1
32547	-1254484800	10.7
32547	-1251892800	11.1
32547	-1249214400	16.1
32547	-1246622400	20.8
32547	-1243944000	20.9
32547	-1241265600	14.5
32547	-1238673600	4.6
32547	-1235995200	3.7
32547	-1233403200	2.6
32547	-1230724800	2
32547	-1228046400	2.5
32547	-1225627200	2.4
32547	-1222948800	7.9
32547	-1220356800	13.1
32547	-1217678400	17.9
32547	-1215086400	20.2
32547	-1212408000	19.7
32547	-1209729600	14.1
32547	-1207137600	9.4
32547	-1204459200	-3
32547	-1201867200	-0.3
32547	-1199188800	-4.4
32547	-1196510400	-1.8
32547	-1194004800	-3.9
32547	-1191326400	7.6
32547	-1188734400	12.5
32547	-1186056000	16.6
32547	-1183464000	20.6
32547	-1180785600	19
32547	-1178107200	14
32547	-1175515200	8.1
32547	-1172836800	4.3
32547	-1170244800	-5.2
32547	-1167566400	-1.5
32547	-1164888000	-6
32547	-1162468800	3.2
32547	-1159790400	5.2
32547	-1157198400	10.3
32547	-1154520000	18.5
32547	-1151928000	21.6
32547	-1149249600	18.4
32547	-1146571200	13.5
32547	-1143979200	10.4
32547	-1141300800	5.3
32547	-1138708800	-4.5
32547	-1136030400	2.5
32547	-1133352000	1
32547	-1130932800	2.7
32547	-1128254400	9.8
32547	-1125662400	15.5
32547	-1122984000	15.8
32547	-1120392000	20.5
32547	-1117713600	19
32547	-1115035200	11.2
32547	-1112443200	10.4
32547	-1109764800	5.4
32547	-1107172800	-1.9
32547	-1104494400	-4.9
32547	-1101816000	1.5
32547	-1099396800	-2.3
32547	-1096718400	0.6
32547	-1094126400	9.1
32547	-1091448000	15.4
32547	-1088856000	20.5
32547	-1086177600	18.5
32547	-1083499200	14.9
32547	-1080907200	7.4
32547	-1078228800	-0.2
32547	-1075636800	0.6
32547	-1072958400	-6.6
32547	-1070280000	-20.4
32547	-1067774400	0.7
32547	-1065096000	6.5
32547	-1062504000	15.5
32547	-1059825600	18
32547	-1057233600	23
32547	-1054555200	20.5
32547	-1051876800	15.2
32547	-1049284800	11.7
32547	-1046606400	3.8
32547	-1044014400	-3.1
32547	-1041336000	-16.5
32547	-1038657600	-7
32547	-1036238400	0.4
32547	-1033560000	8.2
32547	-1030968000	13.4
32547	-1028289600	15.7
32547	-1025697600	21.2
32547	-1023019200	19.4
32547	-1020340800	14.1
32547	-1017748800	10.4
32547	-1015070400	1.3
32547	-1012478400	-2.8
32547	-1009800000	-0.8
32547	-1007121600	-8.4
32547	-1004702400	1.5
32547	-1002024000	7
32547	-999432000	10.6
32547	-996753600	16
32547	-994161600	20.1
32547	-991483200	19.1
32547	-988804800	17.2
32547	-986212800	10.3
32547	-983534400	1.2
32547	-980942400	-0.9
32547	-978264000	1.1
32547	-975585600	-6.8
32547	-973166400	2.7
32547	-970488000	8.4
32547	-967896000	13.8
32547	-965217600	13.9
32547	-962625600	21.7
32547	-959947200	19.9
32547	-957268800	15.4
32547	-954676800	9.2
32547	-951998400	7
32547	-949406400	2.8
32547	-946728000	-7.8
32547	-944049600	-4.1
32547	-941544000	3.8
32547	-938865600	5.4
32547	-936273600	13.5
32547	-933595200	17
32547	-931003200	20.9
32547	-928324800	20.6
32547	-925646400	16.6
32547	-923054400	11.3
32547	-920376000	-2.3
32547	-917784000	1.4
32547	-915105600	-1.3
32547	-912427200	-1.9
32547	-910008000	1.7
32547	-907329600	6.9
32547	-904737600	12.7
32547	-902059200	16.2
32547	-899467200	21
32547	-896788800	19.2
32547	-894110400	11.5
32547	-891518400	7.4
32547	-888840000	4.5
32547	-886248000	-1.1
32547	-883569600	-2.6
32547	-880891200	-6.5
32547	-878472000	1.8
32547	-875793600	7.9
32547	-873201600	9.7
32547	-870523200	13.6
32547	-867931200	19.9
32547	-865252800	18.7
32547	-862574400	13.7
32547	-859982400	10.1
32547	-857304000	0.6
32547	-854712000	-1.7
32547	-852033600	-11.5
32547	-849355200	-0.3
32547	-846936000	-3.7
32547	-844257600	9.3
32547	-841665600	9.8
32547	-838987200	13.2
32547	-836395200	19.8
32547	-833716800	19.2
32547	-831038400	14.3
32547	-828446400	10
32547	-825768000	3.9
32547	-823176000	0.6
32547	-820497600	0.6
32547	-817819200	-4.2
32547	-815313600	-3.6
32547	-812635200	7.1
32547	-810043200	12.8
32547	-807364800	14.4
32547	-804772800	19.1
32547	-802094400	17.7
32547	-799416000	14.4
32547	-796824000	11.8
32547	-794145600	1
32547	-791553600	-1.8
32547	-788875200	-1.3
32547	-786196800	-4
32547	-783777600	2.5
32547	-781099200	3.7
32547	-778507200	10.4
32547	-775828800	13.5
32547	-773236800	20.8
32547	-770558400	20.5
32547	-767880000	12.3
32547	-765288000	10.7
32547	-762609600	1.2
32547	-760017600	-4.7
32547	-757339200	-0.2
32547	-754660800	0.5
32547	-752241600	5.6
32547	-749563200	9.3
32547	-746971200	10.6
32547	-744292800	15.5
32547	-741700800	20.6
32547	-739022400	18.6
32547	-736344000	13.7
32547	-733752000	4.5
32547	-731073600	-1.8
32547	-728481600	-2.5
32547	-725803200	-2.8
32547	-723124800	-3.9
32547	-720705600	-1.8
32547	-718027200	8
32547	-715435200	12.7
32547	-712756800	14.5
32547	-710164800	21.1
32547	-707486400	18.8
32547	-704808000	13.3
32547	-702216000	10.5
32547	-699537600	-1.6
32547	-696945600	0.1
32547	-694267200	-1
32547	-691588800	-6.7
32547	-689083200	-2.2
32547	-686404800	6.2
32547	-683812800	11.5
32547	-681134400	15.9
32547	-678542400	18
32547	-675864000	19.4
32547	-673185600	14.3
32547	-670593600	9.4
32547	-667915200	2.2
32547	-665323200	-7.2
32547	-662644800	-12.4
32547	-659966400	-8.4
32547	-657547200	-0.8
32547	-654868800	10.4
32547	-652276800	13.2
32547	-649598400	16.3
32547	-647006400	19
32547	-644328000	19.9
32547	-641649600	13.6
32547	-639057600	5.8
32547	-636379200	8.2
32547	-633787200	-6.2
32547	-631108800	-19.5
32547	-628430400	2.2
32547	-626011200	-1.6
32547	-623332800	5
32547	-620740800	9.9
32547	-618062400	14.2
32547	-615470400	17.9
32547	-612792000	17.4
32547	-610113600	12.1
32547	-607521600	8.9
32547	-604843200	-0.1
32547	-602251200	1.3
32547	-599572800	-6.5
32547	-596894400	-4.1
32547	-594475200	-7.7
32547	-591796800	4.3
32547	-589204800	11.6
32547	-586526400	12.1
32547	-583934400	18.8
32547	-581256000	16.7
32547	-578577600	11
32547	-575985600	5.3
32547	-573307200	1.6
32547	-570715200	-9.7
32547	-568036800	-7.6
32547	-565358400	-3.1
32547	-562852800	-2.5
32547	-560174400	9.5
32547	-557582400	12.1
32547	-554904000	16.3
32547	-552312000	18.3
32547	-549633600	17.7
32547	-546955200	15.4
32547	-544363200	9.4
32547	-541684800	0.4
32547	-539092800	1.2
32547	-536414400	1.4
32547	-533736000	0.3
32547	-531316800	2.6
32547	-528638400	3.7
32547	-526046400	9
32547	-523368000	14.1
32547	-520776000	19.4
32547	-518097600	19.3
32547	-515419200	15.3
32547	-512827200	11.1
32547	-510148800	6.2
32547	-507556800	0.9
32547	-504878400	-12.9
32547	-502200000	4.7
32547	-499780800	-3.6
32547	-497102400	3.8
32547	-494510400	11.1
32547	-491832000	13.1
32547	-489240000	20.8
32547	-486561600	17.6
32547	-483883200	12.5
32547	-481291200	7.2
32547	-478612800	6.5
32547	-476020800	1.3
32547	-473342400	-3.2
32547	-470664000	-6.3
32547	-468244800	-4.8
32547	-465566400	5.1
32547	-462974400	9.6
32547	-460296000	14.6
32547	-457704000	18.3
32547	-455025600	19
32547	-452347200	12.4
32547	-449755200	10.1
32547	-447076800	-7.1
32547	-444484800	-5.2
32547	-441806400	-5.8
32547	-439128000	-3.8
32547	-436622400	1.4
32547	-433944000	5
32547	-431352000	11.8
32547	-428673600	16.7
32547	-426081600	19.7
32547	-423403200	17.8
32547	-420724800	14.2
32547	-418132800	8.8
32547	-415454400	3
32547	-412862400	-1.2
32547	-410184000	-14.5
32547	-407505600	-5.2
32547	-405086400	1.2
32547	-402408000	5.9
32547	-399816000	12.7
32547	-397137600	16
32547	-394545600	20
32547	-391867200	17.8
32547	-389188800	14.5
32547	-386596800	4.7
32547	-383918400	1.5
32547	-381326400	3.2
32547	-378648000	2.8
32547	-375969600	-3.7
32547	-373550400	-2.1
32547	-370872000	6.3
32547	-368280000	15.1
32547	-365601600	14.6
32547	-363009600	16.7
32547	-360331200	20.2
32547	-357652800	14.2
32547	-355060800	10.6
32547	-352382400	0.9
32547	-349790400	-0.6
32547	-347112000	-5.8
32547	-344433600	-9.2
32547	-342014400	3.6
32547	-339336000	6.3
32547	-336744000	8.7
32547	-334065600	16.5
32547	-331473600	19.7
32547	-328795200	17.9
32547	-326116800	12.5
32547	-323524800	7
32547	-320846400	-0.8
32547	-318254400	2.6
32547	-315576000	-5.5
32547	-312897600	-4.6
32547	-310392000	0
32547	-307713600	6.2
32547	-305121600	10.8
32547	-302443200	16.1
32547	-299851200	21.9
32547	-297172800	18.3
32547	-294494400	14.1
32547	-291902400	9.5
32547	-289224000	1.9
32547	-286632000	-0.3
32547	-283953600	0.7
32547	-281275200	3.2
32547	-278856000	3.6
32547	-276177600	4.9
32547	-273585600	12
32547	-270907200	20
32547	-268315200	20.4
32547	-265636800	22.1
32547	-262958400	10.3
32547	-260366400	8.7
32547	-257688000	-0.6
32547	-255096000	-4.5
32547	-252417600	-6.3
32547	-249739200	-5.3
32547	-247320000	-3.4
32547	-244641600	9.3
32547	-242049600	10.9
32547	-239371200	15.6
32547	-236779200	17.3
32547	-234100800	18.8
32547	-231422400	13.2
32547	-228830400	10.6
32547	-226152000	5
32547	-223560000	1.1
32547	-220881600	-10.4
32547	-218203200	3
32547	-215784000	4.1
32547	-213105600	5.9
32547	-210513600	11.1
32547	-207835200	15.6
32547	-205243200	19.2
32547	-202564800	18.7
32547	-199886400	17
32547	-197294400	11.7
32547	-194616000	4.2
32547	-192024000	-5
32547	-189345600	-1.5
32547	-186667200	0.5
32547	-184161600	-2
32547	-181483200	5.5
32547	-178891200	11.7
32547	-176212800	15.4
32547	-173620800	20.5
32547	-170942400	17.3
32547	-168264000	11.4
32547	-165672000	10.9
32547	-162993600	0
32547	-160401600	-9
32547	-157723200	-4
32547	-155044800	-3.2
32547	-152625600	-6.9
32547	-149947200	6.2
32547	-147355200	10.2
32547	-144676800	13.9
32547	-142084800	18.5
32547	-139406400	18.1
32547	-136728000	7.2
32547	-134136000	12
32547	-131457600	1
32547	-128865600	-1.9
32547	-126187200	-8.3
32547	-123508800	-2.2
32547	-121089600	2.4
32547	-118411200	4.8
32547	-115819200	12.6
32547	-113140800	14.1
32547	-110548800	20
32547	-107870400	17.3
32547	-105192000	16.3
32547	-102600000	8.7
32547	-99921600	-0.5
32547	-97329600	-1.1
32547	-94651200	-2.3
32547	-91972800	1.1
32547	-89553600	-2.4
32547	-86875200	1.6
32547	-84283200	10
32547	-81604800	14.3
32547	-79012800	20.1
32547	-76334400	19.8
32547	-73656000	16.9
32547	-71064000	9.9
32547	-68385600	1.9
32547	-65793600	-5
32547	-63115200	-4.9
32547	-60436800	0.5
32547	-57931200	5.1
32547	-55252800	5.2
32547	-52660800	9.5
32547	-49982400	14.8
32547	-47390400	19
32547	-44712000	17.1
32547	-42033600	14
32547	-39441600	8.8
32547	-36763200	2.4
32547	-34171200	-9.1
32547	-31492800	-18.3
32547	-28814400	-6.4
32547	-26395200	-2.8
32547	-23716800	9.1
32547	-21124800	12.5
32547	-18446400	14.1
32547	-15854400	18.3
32547	-13176000	19.3
32547	-10497600	14.9
32547	-7905600	4.2
32547	-5227200	4.9
32547	-2635200	-0.2
32547	43200	-8.4
32547	2721600	1
32547	5140800	-1.2
32547	7819200	3.7
32547	10411200	12
32547	13089600	18.1
32547	15681600	20.6
32547	18360000	19.9
32547	21038400	12
32547	23630400	7.2
32547	26308800	-0.8
32547	28900800	-3.9
32547	31579200	-8.1
32547	34257600	-0.1
32547	36676800	0.8
32547	39355200	6.7
32547	41947200	11.8
32547	44625600	15.5
32547	47217600	18
32547	49896000	22.8
32547	52574400	12.4
32547	55166400	6.7
32547	57844800	2.5
32547	60436800	-7.2
32547	63115200	-9.6
32547	65793600	-3.1
32547	68299200	3.7
32547	70977600	5.8
32547	73569600	11.4
32547	76248000	18
32547	78840000	18
32547	81518400	19.4
32547	84196800	11
32547	86788800	6.6
32547	89467200	2
32547	92059200	-6.8
32547	94737600	-3.8
32547	97416000	-1.1
32547	99835200	4.3
32547	102513600	4.9
32547	105105600	11
32547	107784000	16.2
32547	110376000	19.6
32547	113054400	19.9
32547	115732800	13.6
32547	118324800	9
32547	121003200	-3.4
32547	123595200	-0.8
32547	126273600	-6
32547	128952000	1.2
32547	131371200	1.4
32547	134049600	8.2
32547	136641600	9.3
32547	139320000	18.4
32547	141912000	20.8
32547	144590400	16.1
32547	147268800	12.1
32547	149860800	10
32547	152539200	4.2
32547	155131200	1.2
32547	157809600	-3.8
32547	160488000	-8.4
32547	162907200	-1.8
32547	165585600	-0.2
32547	168177600	10.4
32547	170856000	14.3
32547	173448000	21
32547	176126400	16.9
32547	178804800	12.7
32547	181396800	8
32547	184075200	0.1
32547	186667200	0.7
32547	189345600	-1.9
32547	192024000	-0.1
32547	194529600	0.4
32547	197208000	6.9
32547	199800000	13.1
32547	202478400	13.8
32547	205070400	19.4
32547	207748800	18.5
32547	210427200	14.8
32547	213019200	8.5
32547	215697600	2.3
32547	218289600	-0.2
32547	220968000	-5.7
32547	223646400	4.1
32547	226065600	1.2
32547	228744000	8.6
32547	231336000	11
32547	234014400	17.6
32547	236606400	18.5
32547	239284800	16.3
32547	241963200	12.8
32547	244555200	8.7
32547	247233600	-1
32547	249825600	-6.8
32547	252504000	-12.3
32547	255182400	-8
32547	257601600	1.9
32547	260280000	6.6
32547	262872000	10.7
32547	265550400	16.1
32547	268142400	18.2
32547	270820800	17.6
32547	273499200	13.8
32547	276091200	9.5
32547	278769600	-3.2
32547	281361600	-8.7
32547	284040000	-13.9
32547	286718400	-6.5
32547	289137600	2.5
32547	291816000	4.8
32547	294408000	10.4
32547	297086400	16.5
32547	299678400	19.3
32547	302356800	19
32547	305035200	15.3
32547	307627200	9.1
32547	310305600	0.7
32547	312897600	0.5
32547	315576000	-9.2
32547	318254400	-2.5
32547	320760000	-0.3
32547	323438400	10
32547	326030400	11.4
32547	328708800	14.5
32547	331300800	18.9
32547	333979200	15.8
32547	336657600	13.3
32547	339249600	10
32547	341928000	3.7
32547	344520000	-4
32547	347198400	0.2
32547	349876800	-0.4
32547	352296000	2.1
32547	354974400	8.3
32547	357566400	10.9
32547	360244800	14.8
32547	362836800	18.6
32547	365515200	19
32547	368193600	13.9
32547	370785600	7.6
32547	373464000	5.2
32547	376056000	-3.8
32547	378734400	-12.4
32547	381412800	-4.6
32547	383832000	-1.5
32547	386510400	3.7
32547	389102400	9.4
32547	391780800	15
32547	394372800	18.6
32547	397051200	18.3
32547	399729600	11.8
32547	402321600	7.7
32547	4.05e+08	-1.6
32547	407592000	-3.2
32547	410270400	0.4
32547	412948800	3.3
32547	415368000	1.5
32547	418046400	4.3
32547	420638400	10.5
32547	423316800	14.3
32547	425908800	18
32547	428587200	21.3
32547	431265600	12
32547	433857600	9.1
32547	436536000	1.9
32547	439128000	-13.7
32547	441806400	-1.3
32547	444484800	2.9
32547	446990400	2.6
32547	449668800	6.5
32547	452260800	11.3
32547	454939200	15.2
32547	457531200	19.7
32547	460209600	20.5
32547	462888000	10.3
32547	465480000	4.7
32547	468158400	1.8
32547	470750400	-7.9
32547	473428800	-5.8
32547	476107200	-5.5
32547	478526400	0.6
32547	481204800	9.1
32547	483796800	13.4
32547	486475200	16.1
32547	489067200	21.8
32547	491745600	16.2
32547	494424000	8.8
32547	497016000	6.3
32547	499694400	-10.7
32547	502286400	-4.1
32547	504964800	1.8
32547	507643200	-7.1
32547	510062400	6.8
32547	512740800	5.1
32547	515332800	12
32547	518011200	19.2
32547	520603200	17.3
32547	523281600	19.4
32547	525960000	10.1
32547	528552000	9.2
32547	531230400	0.1
32547	533822400	0.5
32547	536500800	0.1
32547	539179200	2
32547	541598400	2.4
32547	544276800	11.1
32547	546868800	13.5
32547	549547200	17.7
32547	552139200	18.8
32547	554817600	15.6
32547	557496000	14.2
32547	560088000	8.8
32547	562766400	4.7
32547	565358400	-0.6
32547	568036800	-4.1
32547	570715200	-2
32547	573220800	4.1
32547	575899200	8.6
32547	578491200	13.6
32547	581169600	20.4
32547	583761600	19.6
32547	586440000	18.8
32547	589118400	13.6
32547	591710400	9.9
32547	594388800	2.7
32547	596980800	-0.7
32547	599659200	-0.6
32547	602337600	-12.4
32547	604756800	-1.5
32547	607435200	6.7
32547	610027200	11.4
32547	612705600	15.7
32547	615297600	20.5
32547	617976000	17.2
32547	620654400	12.9
32547	623246400	8.3
32547	625924800	3.6
32547	628516800	-2
32547	631195200	-1
32547	633873600	-1.6
32547	636292800	2.4
32547	638971200	7
32547	641563200	10.6
32547	644241600	15.8
32547	646833600	18.9
32547	649512000	19.5
32547	652190400	16.7
32547	654782400	9.4
32547	657460800	4
32547	660052800	-6.7
32547	662731200	-6.3
32547	665409600	4.7
32547	667828800	2
32547	670507200	7
32547	673099200	11
32547	675777600	14.5
32547	678369600	19.4
32547	681048000	20.8
32547	683726400	14.3
32547	686318400	6.8
32547	688996800	0.3
32547	691588800	2.5
32547	694267200	1.6
32547	696945600	3
32547	699451200	4.8
32547	702129600	8.9
32547	704721600	13.5
32547	707400000	16.7
32547	709992000	16.3
32547	712670400	17.3
32547	715348800	14.2
32547	717940800	8.4
32547	720619200	2.2
32547	723211200	-7
32547	725889600	-9.7
32547	728568000	-7.2
32547	730987200	4
32547	733665600	7.3
32547	736257600	13.4
32547	738936000	14.6
32547	741528000	15
32547	744206400	16.2
32547	746884800	11.9
32547	749476800	8.5
32547	752155200	-0.4
32547	754747200	1.7
32547	757425600	-0.7
32547	760104000	-6.5
32547	762523200	5
32547	765201600	7.2
32547	767793600	13
32547	770472000	15.9
32547	773064000	19.9
32547	775742400	19.6
32547	778420800	15.4
32547	781012800	8.2
32547	783691200	0.3
32547	786283200	-0.6
32547	788961600	-1.1
32547	791640000	-0.7
32547	794059200	0
32547	796737600	5.7
32547	799329600	10.2
32547	802008000	14.6
32547	804600000	18.2
32547	807278400	17.8
32547	809956800	13.5
32547	812548800	7.8
32547	815227200	2.8
32547	817819200	-1.4
32547	820497600	-9.6
32547	823176000	-2.5
32547	825681600	-3.5
32547	828360000	8
32547	830952000	9.3
32547	833630400	16.1
32547	836222400	19.7
32547	838900800	19.6
32547	841579200	12.8
32547	844171200	7.5
32547	846849600	-4.9
32547	849441600	-7.6
32547	852120000	-6.4
32547	854798400	0.4
32547	857217600	3.5
32547	859896000	3.6
32547	862488000	12.2
32547	865166400	16.1
32547	867758400	18.8
32547	870436800	18.6
32547	873115200	15.6
32547	875707200	8.9
32547	878385600	2.8
32547	880977600	0.4
32547	883656000	-3.6
32547	886334400	0.8
32547	888753600	0.6
32547	891432000	7.6
32547	894024000	12.3
32547	896702400	14
32547	899294400	21
32547	901972800	20
32547	904651200	17.4
32547	907243200	8.4
32547	909921600	2.8
32547	912513600	-3
32547	915192000	-0.6
32547	917870400	2.6
32547	920289600	3.5
32547	922968000	5.4
32547	925560000	10.8
32547	928238400	15.2
32547	930830400	18
32547	933508800	20.6
32547	936187200	12.2
32547	938779200	9.4
32547	941457600	7
32547	944049600	3.2
32547	946728000	-2.3
32547	949406400	-0.8
32547	951912000	4.5
32547	954590400	8.4
32547	957182400	12.7
32547	959860800	15.7
32547	962452800	20.5
32547	965131200	20
32547	967809600	14.4
32547	970401600	7.8
32547	973080000	-2.7
32547	975672000	-6
32547	978350400	0.4
32547	981028800	-7.6
32547	983448000	3.4
32547	986126400	6.1
32547	988718400	13.6
32547	991396800	15.9
32547	993988800	20.4
32547	996667200	20.7
32547	999345600	15.9
32547	1001937600	8.9
32547	1004616000	5.3
32547	1007208000	-2.6
32547	1009886400	-1.9
32547	1012564800	0.5
32547	1014984000	-7.3
32547	1017662400	4.5
32547	1020254400	10.6
32547	1022932800	15.6
32547	1025524800	22
32547	1028203200	16.4
32547	1030881600	14.5
32547	1033473600	3.9
32547	1036152000	4.8
32547	1038744000	0.5
32547	1041422400	0.4
32547	1044100800	-2.9
32547	1046520000	0.8
32547	1049198400	8
32547	1051790400	11.3
32547	1054468800	16.5
32547	1057060800	21.9
32547	1059739200	21.3
32547	1062417600	14.2
32547	1065009600	10
32547	1067688000	-1.2
32547	1070280000	0.3
32547	1072958400	-5.2
32547	1075636800	0.5
32547	1078142400	5.8
32547	1080820800	8
32547	1083412800	10.2
32547	1086091200	14.5
32547	1088683200	19.9
32547	1091361600	18.1
32547	1094040000	13.3
32547	1096632000	7.9
32547	1099310400	3.5
32547	1101902400	0.5
32547	1104580800	-6.5
32547	1107259200	0.6
32547	1109678400	3
32547	1112356800	7.3
32547	1114948800	10.2
32547	1117627200	15.1
32547	1120219200	20.6
32547	1122897600	18.8
32547	1125576000	14.3
32547	1128168000	9.7
32547	1130846400	4.1
32547	1133438400	-3.4
32547	1136116800	3.8
32547	1138795200	-1.6
32547	1141214400	-0.3
32547	1143892800	8.9
32547	1146484800	12.8
32547	1149163200	17.1
32547	1151755200	22.2
32547	1154433600	18.8
32547	1157112000	13.9
32547	1159704000	7.1
32547	1162382400	0.1
32547	1164974400	1.4
32547	1167652800	-2
32547	1170331200	-4.2
32547	1172750400	7.1
32547	1175428800	6.2
32547	1178020800	12
32547	1180699200	16.3
32547	1183291200	23.3
32547	1185969600	18.7
32547	1188648000	13.6
32547	1191240000	9
32547	1193918400	2
32547	1196510400	-2
32547	1199188800	-4.4
32547	1201867200	-0.4
32547	1204372800	2.3
32547	1207051200	5
32547	1209643200	11.3
32547	1212321600	14.2
32547	1214913600	19.3
32547	1217592000	19.1
32547	1220270400	12.5
32547	1222862400	8.5
32547	1225540800	5.4
32547	1228132800	-7.9
32547	1230811200	-2.2
32547	1233489600	-0.7
32547	1235908800	0.1
32547	1238587200	5.8
32547	1241179200	10.8
32547	1243857600	14.3
32547	1246449600	18.7
32547	1249128000	18
32547	1251806400	16.4
32547	1254398400	4.6
32547	1257076800	5.1
32547	1259668800	-9.3
32547	1262347200	-3.1
32547	1265025600	-2.5
32547	1267444800	5.7
32547	1270123200	6.1
32547	1272715200	8.6
32547	1275393600	14.7
32547	1277985600	18.5
32547	1280664000	18.4
32547	1283342400	13.4
32547	1285934400	11
32547	1288612800	-2.3
32547	1291204800	-4.5
32547	1293883200	-3.6
32547	1296561600	-7.2
32547	1298980800	0.6
32547	1301659200	4.8
32547	1304251200	10
32547	1306929600	14.1
32547	1309521600	19.1
32547	1312200000	20.1
32547	1314878400	16.4
32547	1317470400	9.3
32547	1320148800	2.2
32547	1322740800	0.2
32547	1325419200	-1.4
32547	1328097600	-1.2
32547	1330603200	5.6
32547	1333281600	9.1
32547	1335873600	10.8
32547	1338552000	16.5
32547	1341144000	21.5
32547	1343822400	19.5
32547	1346500800	15.2
32547	1349092800	6.7
32547	1351771200	3.5
32547	1354363200	-3.2
32547	1357041600	-1.1
32547	1359720000	0.5
32547	1362139200	2.2
32547	1364817600	5.2
32547	1367409600	11.7
32547	1370088000	15.5
32547	1372680000	20.7
32547	1375358400	20.1
32547	1378036800	15.9
32547	1380628800	6.4
32547	1383307200	1.7
32547	1385899200	-5.4
32547	1388577600	-0.7
32547	1391256000	-8.2
32547	1393675200	0
32548	-2385201600	13
32548	-2382609600	16.6
32548	-2379931200	16.2
32548	-2377252800	8.7
32548	-2374660800	4.1
32548	-2371982400	1.8
32548	-2369390400	-5.9
32548	-2366712000	-9
32548	-2364033600	-5
32548	-2361614400	-0.3
32548	-2358936000	6
32548	-2356344000	9.8
32548	-2353665600	11.9
32548	-2351073600	16.7
32548	-2348395200	15.2
32548	-2345716800	8.4
32548	-2343124800	5.6
32548	-2340446400	-1.1
32548	-2337854400	-5.4
32548	-2335176000	-5.9
32548	-2332497600	-3
32548	-2329992000	-2.1
32548	-2327313600	4.5
32548	-2324721600	7.8
32548	-2322043200	14
32548	-2319451200	19.2
32548	-2316772800	16.1
32548	-2314094400	9.2
32548	-2311502400	5.8
32548	-2308824000	-3.4
32548	-2306232000	-0.6
32548	-2303553600	-5.5
32548	-2300875200	-4
32548	-2298456000	-4.6
32548	-2295777600	6.9
32548	-2293185600	14
32548	-2290507200	13.8
32548	-2287915200	14.5
32548	-2285236800	17.9
32548	-2282558400	10.7
32548	-2279966400	4.4
32548	-2277288000	-2.4
32548	-2274696000	-5.9
32548	-2272017600	-6
32548	-2269339200	-1.3
32548	-2266920000	-3.1
32548	-2264241600	5.3
32548	-2261649600	9.7
32548	-2258971200	12.9
32548	-2256379200	16.7
32548	-2253700800	17.7
32548	-2251022400	10.9
32548	-2248430400	3
32548	-2245752000	-3.2
32548	-2243160000	-7.1
32548	-2240481600	-6.5
32548	-2237803200	-11.9
32548	-2235384000	-3
32548	-2232705600	3.4
32548	-2230113600	7.1
32548	-2227435200	11.4
32548	-2224843200	16.2
32548	-2222164800	11.8
32548	-2219486400	11.2
32548	-2216894400	3.7
32548	-2214216000	2.4
32548	-2211624000	-4.8
32548	-2208945600	-2.3
32548	-2206267200	-6.1
32548	-2203848000	2.4
32548	-2201169600	7.3
32548	-2198577600	9.8
32548	-2195899200	14.8
32548	-2193307200	15.8
32548	-2190628800	13.1
32548	-2187950400	9.5
32548	-2185358400	4.8
32548	-2182680000	-3.2
32548	-2180088000	-2
32548	-2177409600	-7.8
32548	-2174731200	-6.5
32548	-2172312000	0.3
32548	-2169633600	4.2
32548	-2167041600	10.9
32548	-2164363200	9.2
32548	-2161771200	16.5
32548	-2159092800	17.1
32548	-2156414400	7.9
32548	-2153822400	7.2
32548	-2151144000	1
32548	-2148552000	-3.8
32548	-2145873600	-7.1
32548	-2143195200	-4.3
32548	-2140776000	-0.2
32548	-2138097600	3.5
32548	-2135505600	9.3
32548	-2132827200	10.9
32548	-2130235200	13.9
32548	-2127556800	14.8
32548	-2124878400	8.9
32548	-2122286400	6.3
32548	-2119608000	-1.4
32548	-2117016000	-5.6
32548	-2114337600	-4
32548	-2111659200	-7.9
32548	-2109240000	-1.2
32548	-2106561600	3.5
32548	-2103969600	7.2
32548	-2101291200	14.8
32548	-2098699200	14.1
32548	-2096020800	15.3
32548	-2093342400	8.9
32548	-2090750400	5.3
32548	-2088072000	-3.4
32548	-2085480000	-5.1
32548	-2082801600	-4.1
32548	-2080123200	-5.1
32548	-2077617600	-3
32548	-2074939200	6.1
32548	-2072347200	9.3
32548	-2069668800	11.8
32548	-2067076800	16.9
32548	-2064398400	16.1
32548	-2061720000	11.6
32548	-2059128000	5.8
32548	-2056449600	2.2
32548	-2053857600	-2.4
32548	-2051179200	-6
32548	-2048500800	-9.2
32548	-2046081600	2.6
32548	-2043403200	5.5
32548	-2040811200	8.4
32548	-2038132800	11.6
32548	-2035540800	17.2
32548	-2032862400	16.6
32548	-2030184000	11.9
32548	-2027592000	2.2
32548	-2024913600	-2
32548	-2022321600	-6
32548	-2019643200	-4.8
32548	-2016964800	-3.7
32548	-2014545600	-2.8
32548	-2011867200	6.9
32548	-2009275200	9
32548	-2006596800	11.4
32548	-2004004800	19
32548	-2001326400	16
32548	-1998648000	11.8
32548	-1996056000	6.8
32548	-1993377600	-1.7
32548	-1990785600	-4.3
32548	-1988107200	-12.8
32548	-1985428800	-5.3
32548	-1983009600	-0.7
32548	-1980331200	3.2
32548	-1977739200	9.3
32548	-1975060800	11.7
32548	-1972468800	15.7
32548	-1969790400	13.4
32548	-1967112000	9.9
32548	-1964520000	7.8
32548	-1961841600	0.6
32548	-1959249600	-4.2
32548	-1956571200	-5.8
32548	-1953892800	-4.9
32548	-1951387200	-0.7
32548	-1948708800	5.8
32548	-1946116800	7.9
32548	-1943438400	11.9
32548	-1940846400	17.4
32548	-1938168000	15
32548	-1935489600	11.6
32548	-1932897600	4.7
32548	-1930219200	-0.1
32548	-1927627200	-5.4
32548	-1924948800	-11.7
32548	-1922270400	-4.4
32548	-1919851200	-0.1
32548	-1917172800	2.1
32548	-1914580800	7.7
32548	-1911902400	13.4
32548	-1909310400	15.2
32548	-1906632000	14.9
32548	-1903953600	11.4
32548	-1901361600	5.6
32548	-1898683200	0.4
32548	-1896091200	-8.7
32548	-1893412800	-6.9
32548	-1890734400	-9.3
32548	-1888315200	3.4
32548	-1885636800	7.2
32548	-1883044800	11
32548	-1880366400	13.7
32548	-1877774400	17.7
32548	-1875096000	13.5
32548	-1872417600	9.7
32548	-1869825600	6.8
32548	-1867147200	0
32548	-1864555200	-3
32548	-1861876800	-7.2
32548	-1859198400	-5.5
32548	-1856779200	2
32548	-1854100800	4
32548	-1851508800	7.7
32548	-1848830400	14.1
32548	-1846238400	15.5
32548	-1843560000	14.2
32548	-1840881600	9
32548	-1838289600	4.2
32548	-1835611200	-5.1
32548	-1833019200	-7
32548	-1830340800	-8.3
32548	-1827662400	-3.9
32548	-1825156800	-3.8
32548	-1822478400	6.1
32548	-1819886400	9.9
32548	-1817208000	14.7
32548	-1814616000	14.3
32548	-1811937600	13.9
32548	-1809259200	7.5
32548	-1806667200	3.7
32548	-1803988800	0.4
32548	-1801396800	-4.2
32548	-1798718400	-9.3
32548	-1796040000	-9.9
32548	-1793620800	-4.6
32548	-1790942400	4.5
32548	-1788350400	8.9
32548	-1785672000	14.4
32548	-1783080000	15
32548	-1780401600	15.8
32548	-1777723200	10.3
32548	-1775131200	2.6
32548	-1772452800	0.3
32548	-1769860800	-5.6
32548	-1767182400	-3.1
32548	-1764504000	-7
32548	-1762084800	0.3
32548	-1759406400	5.5
32548	-1756814400	10.1
32548	-1754136000	12.5
32548	-1751544000	17.7
32548	-1748865600	15.7
32548	-1746187200	9.8
32548	-1743595200	4.7
32548	-1740916800	0.9
32548	-1738324800	-8.8
32548	-1735646400	-8.1
32548	-1732968000	-3.6
32548	-1730548800	1.2
32548	-1727870400	8
32548	-1725278400	9.2
32548	-1722600000	11.6
32548	-1720008000	14
32548	-1717329600	19
32548	-1714651200	9.2
32548	-1712059200	6.3
32548	-1709380800	-1.4
32548	-1706788800	-6.4
32548	-1704110400	-16.9
32548	-1701432000	-5.8
32548	-1698926400	0.3
32548	-1696248000	4.8
32548	-1693656000	6.8
32548	-1690977600	11.6
32548	-1688385600	15.5
32548	-1685707200	14.9
32548	-1683028800	10.1
32548	-1680436800	3.1
32548	-1677758400	-3.8
32548	-1675166400	-11.1
32548	-1672488000	-8.2
32548	-1669809600	-7.2
32548	-1667390400	-4.8
32548	-1664712000	2.6
32548	-1662120000	9.1
32548	-1659441600	11.4
32548	-1656849600	18.1
32548	-1654171200	15.9
32548	-1651492800	12.2
32548	-1648900800	5.1
32548	-1646222400	1
32548	-1643630400	-4.6
32548	-1640952000	-7
32548	-1638273600	-7.1
32548	-1635854400	1
32548	-1633176000	4.5
32548	-1630584000	7.7
32548	-1627905600	15.4
32548	-1625313600	16.8
32548	-1622635200	14.3
32548	-1619956800	12.4
32548	-1617364800	7
32548	-1614686400	-0.9
32548	-1612094400	-3.5
32548	-1609416000	-4.3
32548	-1606737600	-6.3
32548	-1604318400	-0.9
32548	-1601640000	6.7
32548	-1599048000	9.2
32548	-1596369600	14.3
32548	-1593777600	18.1
32548	-1591099200	17
32548	-1588420800	10.9
32548	-1585828800	1.1
32548	-1583150400	-4.3
32548	-1580558400	-9.3
32548	-1577880000	-5.7
32548	-1575201600	-4.7
32548	-1572696000	-1.8
32548	-1570017600	2.6
32548	-1567425600	7.6
32548	-1564747200	11.8
32548	-1562155200	19.5
32548	-1559476800	16.2
32548	-1556798400	11
32548	-1554206400	4.4
32548	-1551528000	-1
32548	-1548936000	-3.6
32548	-1546257600	-4.6
32548	-1543579200	-2.3
32548	-1541160000	-0.6
32548	-1538481600	4.3
32548	-1535889600	10.3
32548	-1533211200	14.7
32548	-1530619200	17
32548	-1527940800	16.4
32548	-1525262400	8
32548	-1522670400	6.7
32548	-1519992000	-2.3
32548	-1517400000	-7.4
32548	-1514721600	-9.7
32548	-1512043200	-10.5
32548	-1509624000	-2.5
32548	-1506945600	3.2
32548	-1504353600	8.7
32548	-1501675200	16.3
32548	-1499083200	16.8
32548	-1496404800	17.4
32548	-1493726400	13
32548	-1491134400	7.3
32548	-1488456000	-2.4
32548	-1485864000	-9
32548	-1483185600	-3.9
32548	-1480507200	-9.6
32548	-1478088000	-1
32548	-1475409600	4.6
32548	-1472817600	9.1
32548	-1470139200	13.2
32548	-1467547200	18.7
32548	-1464868800	16.4
32548	-1462190400	12.6
32548	-1459598400	5.4
32548	-1456920000	-0.4
32548	-1454328000	-5.5
32548	-1451649600	-9.2
32548	-1448971200	-0.8
32548	-1446465600	-0.2
32548	-1443787200	4.7
32548	-1441195200	11.7
32548	-1438516800	12.2
32548	-1435924800	17.3
32548	-1433246400	14.9
32548	-1430568000	10.8
32548	-1427976000	5.7
32548	-1425297600	-1.8
32548	-1422705600	-11
32548	-1420027200	-4
32548	-1417348800	0.8
32548	-1414929600	0.8
32548	-1412251200	7
32548	-1409659200	11.1
32548	-1406980800	13.9
32548	-1404388800	18.8
32548	-1401710400	15.2
32548	-1399032000	10.8
32548	-1396440000	2.2
32548	-1393761600	-0.6
32548	-1391169600	-0.6
32548	-1388491200	-5.5
32548	-1385812800	-0.3
32548	-1383393600	2.3
32548	-1380715200	7.1
32548	-1378123200	9.7
32548	-1375444800	14.5
32548	-1372852800	19
32548	-1370174400	15.6
32548	-1367496000	6.6
32548	-1364904000	6.6
32548	-1362225600	0.3
32548	-1359633600	-6.1
32548	-1356955200	-7.3
32548	-1354276800	-4.3
32548	-1351857600	-0.4
32548	-1349179200	3.6
32548	-1346587200	7.5
32548	-1343908800	13.6
32548	-1341316800	17.1
32548	-1338638400	15.8
32548	-1335960000	10.2
32548	-1333368000	6.3
32548	-1330689600	0.2
32548	-1328097600	-11.4
32548	-1325419200	-6.2
32548	-1322740800	-5.4
32548	-1320235200	1.3
32548	-1317556800	3.4
32548	-1314964800	12.3
32548	-1312286400	12.3
32548	-1309694400	17.3
32548	-1307016000	14.6
32548	-1304337600	11.5
32548	-1301745600	4.9
32548	-1299067200	0
32548	-1296475200	-6.9
32548	-1293796800	-13.5
32548	-1291118400	-11
32548	-1288699200	0.7
32548	-1286020800	3.3
32548	-1283428800	9.2
32548	-1280750400	12.7
32548	-1278158400	17.7
32548	-1275480000	18.6
32548	-1272801600	9.6
32548	-1270209600	6.1
32548	-1267531200	-1.9
32548	-1264939200	-3.4
32548	-1262260800	-16.1
32548	-1259582400	-1.2
32548	-1257163200	-0.2
32548	-1254484800	8.3
32548	-1251892800	9.4
32548	-1249214400	12.8
32548	-1246622400	18.4
32548	-1243944000	18.6
32548	-1241265600	12.5
32548	-1238673600	3.8
32548	-1235995200	-2.7
32548	-1233403200	-5.5
32548	-1230724800	-3.7
32548	-1228046400	-3.6
32548	-1225627200	0.7
32548	-1222948800	5.6
32548	-1220356800	11.2
32548	-1217678400	14.8
32548	-1215086400	18.2
32548	-1212408000	18.1
32548	-1209729600	11.3
32548	-1207137600	5.5
32548	-1204459200	-4
32548	-1201867200	-4.9
32548	-1199188800	-8.2
32548	-1196510400	-4.8
32548	-1194004800	-3.2
32548	-1191326400	5.4
32548	-1188734400	10.1
32548	-1186056000	14.8
32548	-1183464000	17.4
32548	-1180785600	17.1
32548	-1178107200	11.3
32548	-1175515200	4.4
32548	-1172836800	1.7
32548	-1170244800	-7.6
32548	-1167566400	-4.4
32548	-1164888000	-8.6
32548	-1162468800	0.6
32548	-1159790400	4.4
32548	-1157198400	8
32548	-1154520000	15.2
32548	-1151928000	17.9
32548	-1149249600	16.7
32548	-1146571200	9.9
32548	-1143979200	6.2
32548	-1141300800	1.6
32548	-1138708800	-1.7
32548	-1136030400	-0.5
32548	-1133352000	-0.9
32548	-1130932800	3
32548	-1128254400	9.5
32548	-1125662400	12.7
32548	-1122984000	13.7
32548	-1120392000	18.1
32548	-1117713600	17.5
32548	-1115035200	9.3
32548	-1112443200	6.6
32548	-1109764800	2.5
32548	-1107172800	-3.9
32548	-1104494400	-7.1
32548	-1101816000	-3.7
32548	-1099396800	-1.4
32548	-1096718400	2.1
32548	-1094126400	9.1
32548	-1091448000	12.8
32548	-1088856000	17.1
32548	-1086177600	15.4
32548	-1083499200	12.8
32548	-1080907200	4.7
32548	-1078228800	-3.6
32548	-1075636800	-3.2
32548	-1072958400	-5.2
32548	-1070280000	-16
32548	-1067774400	-1.1
32548	-1065096000	6.1
32548	-1062504000	13.6
32548	-1059825600	15
32548	-1057233600	20.2
32548	-1054555200	17.8
32548	-1051876800	11
32548	-1049284800	6
32548	-1046606400	-5.2
32548	-1044014400	-4.3
32548	-1041336000	-18.5
32548	-1038657600	-7
32548	-1036238400	-0.4
32548	-1033560000	4.4
32548	-1030968000	10.5
32548	-1028289600	13.6
32548	-1025697600	18.7
32548	-1023019200	15.3
32548	-1020340800	13.1
32548	-1017748800	7.2
32548	-1015070400	0.5
32548	-1012478400	-4
32548	-1009800000	-5.1
32548	-1007121600	-6.2
32548	-1004702400	0
32548	-1002024000	6.1
32548	-999432000	9.5
32548	-996753600	15
32548	-994161600	18.6
32548	-991483200	16.6
32548	-988804800	15.6
32548	-986212800	6.5
32548	-983534400	-2.2
32548	-980942400	-3.8
32548	-978264000	-2.4
32548	-975585600	-7.3
32548	-973166400	0.3
32548	-970488000	6.7
32548	-967896000	11.2
32548	-965217600	11.3
32548	-962625600	18.3
32548	-959947200	17.5
32548	-957268800	12.1
32548	-954676800	6.7
32548	-951998400	0.5
32548	-949406400	-1.7
32548	-946728000	-7.8
32548	-944049600	-2.3
32548	-941544000	3.2
32548	-938865600	5.8
32548	-936273600	12
32548	-933595200	15.8
32548	-931003200	18.7
32548	-928324800	17.9
32548	-925646400	14.7
32548	-923054400	7.7
32548	-920376000	-5.1
32548	-917784000	-2.9
32548	-915105600	-5.6
32548	-912427200	-3.1
32548	-910008000	3
32548	-907329600	7.3
32548	-904737600	10.5
32548	-902059200	14.7
32548	-899467200	19.4
32548	-896788800	16.6
32548	-894110400	9
32548	-891518400	4.9
32548	-888840000	1
32548	-886248000	-3.3
32548	-883569600	-9.5
32548	-880891200	-6.5
32548	-878472000	0.4
32548	-875793600	6.3
32548	-873201600	8.9
32548	-870523200	11.3
32548	-867931200	17.3
32548	-865252800	16.8
32548	-862574400	12
32548	-859982400	6.2
32548	-857304000	-2.7
32548	-854712000	-3.4
32548	-852033600	-12
32548	-849355200	-4.5
32548	-846936000	-5.1
32548	-844257600	7.4
32548	-841665600	8
32548	-838987200	10.9
32548	-836395200	16.9
32548	-833716800	16.2
32548	-831038400	12.3
32548	-828446400	6.6
32548	-825768000	-0.5
32548	-823176000	-4.8
32548	-820497600	-4.8
32548	-817819200	-4
32548	-815313600	-2
32548	-812635200	6.1
32548	-810043200	10.7
32548	-807364800	13.6
32548	-804772800	17.4
32548	-802094400	15.5
32548	-799416000	12.3
32548	-796824000	8.2
32548	-794145600	-0.5
32548	-791553600	-6.1
32548	-788875200	-2.9
32548	-786196800	-2.5
32548	-783777600	-0.3
32548	-781099200	2.9
32548	-778507200	9.8
32548	-775828800	12.5
32548	-773236800	18.4
32548	-770558400	17.8
32548	-767880000	9.8
32548	-765288000	6.8
32548	-762609600	-1
32548	-760017600	-4.6
32548	-757339200	-4.1
32548	-754660800	-2.5
32548	-752241600	2.2
32548	-749563200	6.1
32548	-746971200	9.8
32548	-744292800	13.1
32548	-741700800	18.1
32548	-739022400	16.5
32548	-736344000	10.7
32548	-733752000	2.8
32548	-731073600	-3.9
32548	-728481600	-5.8
32548	-725803200	-7.2
32548	-723124800	-4.1
32548	-720705600	0.1
32548	-718027200	6.2
32548	-715435200	11.4
32548	-712756800	11.8
32548	-710164800	18.5
32548	-707486400	15.5
32548	-704808000	11.1
32548	-702216000	7.1
32548	-699537600	-1.8
32548	-696945600	-4.2
32548	-694267200	-5.1
32548	-691588800	-5.7
32548	-689083200	-3.3
32548	-686404800	4.2
32548	-683812800	10.1
32548	-681134400	15.2
32548	-678542400	15.2
32548	-675864000	15.5
32548	-673185600	11.3
32548	-670593600	4.8
32548	-667915200	-0.8
32548	-665323200	-8.4
32548	-662644800	-15.5
32548	-659966400	-8.1
32548	-657547200	-1.9
32548	-654868800	7
32548	-652276800	11.9
32548	-649598400	13.3
32548	-647006400	16.8
32548	-644328000	17.6
32548	-641649600	12
32548	-639057600	3.6
32548	-636379200	2.6
32548	-633787200	-5.2
32548	-631108800	-16.4
32548	-628430400	-4.3
32548	-626011200	-1.7
32548	-623332800	4.2
32548	-620740800	8.7
32548	-618062400	13.3
32548	-615470400	17.2
32548	-612792000	16.8
32548	-610113600	11.9
32548	-607521600	6.2
32548	-604843200	-1.5
32548	-602251200	-2.4
32548	-599572800	-8.1
32548	-596894400	-3.2
32548	-594475200	-3.3
32548	-591796800	4.8
32548	-589204800	9.7
32548	-586526400	11.7
32548	-583934400	17.6
32548	-581256000	15.5
32548	-578577600	10.3
32548	-575985600	4.2
32548	-573307200	-1.1
32548	-570715200	-9.7
32548	-568036800	-8.2
32548	-565358400	-3.1
32548	-562852800	-1.3
32548	-560174400	7.3
32548	-557582400	11.1
32548	-554904000	13.5
32548	-552312000	16.1
32548	-549633600	16.6
32548	-546955200	12.9
32548	-544363200	7
32548	-541684800	-1.5
32548	-539092800	-3.4
32548	-536414400	0.6
32548	-533736000	-0.7
32548	-531316800	1.9
32548	-528638400	4.2
32548	-526046400	9.2
32548	-523368000	12.5
32548	-520776000	17.3
32548	-518097600	16.8
32548	-515419200	12.8
32548	-512827200	6.8
32548	-510148800	1.8
32548	-507556800	-1.6
32548	-504878400	-6.9
32548	-502200000	-1.7
32548	-499780800	-2.2
32548	-497102400	3.4
32548	-494510400	10.6
32548	-491832000	11.8
32548	-489240000	16.7
32548	-486561600	15.1
32548	-483883200	10.8
32548	-481291200	4.1
32548	-478612800	2.4
32548	-476020800	-3
32548	-473342400	-5.1
32548	-470664000	-7
32548	-468244800	-5.3
32548	-465566400	3.4
32548	-462974400	7.3
32548	-460296000	14.4
32548	-457704000	16.7
32548	-455025600	16.6
32548	-452347200	10.9
32548	-449755200	5.8
32548	-447076800	-6
32548	-444484800	-7
32548	-441806400	-6.3
32548	-439128000	-7.5
32548	-436622400	-1.5
32548	-433944000	5.6
32548	-431352000	11.6
32548	-428673600	13.2
32548	-426081600	18
32548	-423403200	15.9
32548	-420724800	11.8
32548	-418132800	5.7
32548	-415454400	-2.2
32548	-412862400	-3.1
32548	-410184000	-13.3
32548	-407505600	-6.6
32548	-405086400	-0.5
32548	-402408000	5.4
32548	-399816000	12.7
32548	-397137600	14.2
32548	-394545600	17.2
32548	-391867200	16.4
32548	-389188800	12.2
32548	-386596800	4
32548	-383918400	-1.2
32548	-381326400	-1.3
32548	-378648000	-3
32548	-375969600	-2.4
32548	-373550400	0.1
32548	-370872000	5.4
32548	-368280000	14.9
32548	-365601600	15.6
32548	-363009600	17.6
32548	-360331200	19.3
32548	-357652800	11.6
32548	-355060800	5.6
32548	-352382400	-1.5
32548	-349790400	-3.6
32548	-347112000	-6
32548	-344433600	-6.1
32548	-342014400	0.4
32548	-339336000	5.6
32548	-336744000	7.8
32548	-334065600	14.3
32548	-331473600	17.4
32548	-328795200	14.7
32548	-326116800	11.2
32548	-323524800	5.4
32548	-320846400	-5.6
32548	-318254400	-4.8
32548	-315576000	-10.3
32548	-312897600	-7.5
32548	-310392000	-3.1
32548	-307713600	5.7
32548	-305121600	9.6
32548	-302443200	14
32548	-299851200	20.6
32548	-297172800	15.7
32548	-294494400	12.1
32548	-291902400	5.9
32548	-289224000	-0.9
32548	-286632000	-6.3
32548	-283953600	-4.9
32548	-281275200	1.5
32548	-278856000	2.1
32548	-276177600	4.3
32548	-273585600	10.9
32548	-270907200	17.5
32548	-268315200	20.1
32548	-265636800	20.2
32548	-262958400	9.1
32548	-260366400	4
32548	-257688000	-3.5
32548	-255096000	-6.7
32548	-252417600	-8.8
32548	-249739200	-4
32548	-247320000	-1.7
32548	-244641600	7.2
32548	-242049600	9.9
32548	-239371200	13.8
32548	-236779200	16.7
32548	-234100800	16.2
32548	-231422400	11.7
32548	-228830400	5.7
32548	-226152000	1.9
32548	-223560000	-0.9
32548	-220881600	-12.4
32548	-218203200	-0.7
32548	-215784000	2.4
32548	-213105600	5.8
32548	-210513600	9.7
32548	-207835200	14.4
32548	-205243200	16.8
32548	-202564800	18
32548	-199886400	14.5
32548	-197294400	7.2
32548	-194616000	0.7
32548	-192024000	-6
32548	-189345600	-4.6
32548	-186667200	-4.9
32548	-184161600	-2.7
32548	-181483200	4.3
32548	-178891200	9.4
32548	-176212800	13.3
32548	-173620800	17.3
32548	-170942400	14.2
32548	-168264000	9.6
32548	-165672000	5.3
32548	-162993600	-1
32548	-160401600	-8.2
32548	-157723200	-3.8
32548	-155044800	-4.8
32548	-152625600	-4.6
32548	-149947200	5.9
32548	-147355200	8.5
32548	-144676800	12.9
32548	-142084800	17.6
32548	-139406400	17
32548	-136728000	6.8
32548	-134136000	6.9
32548	-131457600	0.8
32548	-128865600	-3.7
32548	-126187200	-4.7
32548	-123508800	-5
32548	-121089600	-0.2
32548	-118411200	5
32548	-115819200	11.2
32548	-113140800	12.2
32548	-110548800	17.6
32548	-107870400	16
32548	-105192000	14.7
32548	-102600000	4.6
32548	-99921600	-1.2
32548	-97329600	-3.1
32548	-94651200	-2.2
32548	-91972800	-1.4
32548	-89553600	-1.2
32548	-86875200	3.6
32548	-84283200	9.7
32548	-81604800	14.4
32548	-79012800	18.3
32548	-76334400	19.4
32548	-73656000	14.8
32548	-71064000	6.5
32548	-68385600	-0.3
32548	-65793600	-5
32548	-63115200	-6.9
32548	-60436800	-0.5
32548	-57931200	3.5
32548	-55252800	4.1
32548	-52660800	9.5
32548	-49982400	14
32548	-47390400	18.2
32548	-44712000	16.1
32548	-42033600	11.2
32548	-39441600	4.5
32548	-36763200	-0.8
32548	-34171200	-8.4
32548	-31492800	-11.9
32548	-28814400	-7
32548	-26395200	-3.2
32548	-23716800	7.5
32548	-21124800	11.7
32548	-18446400	14
32548	-15854400	16.3
32548	-13176000	16.7
32548	-10497600	12.7
32548	-7905600	3.9
32548	-5227200	0.2
32548	-2635200	-3.7
32548	43200	-7.6
32548	2721600	-3.1
32548	5140800	-1.2
32548	7819200	4
32548	10411200	10.7
32548	13089600	16.4
32548	15681600	18.5
32548	18360000	17.5
32548	21038400	8.9
32548	23630400	3.5
32548	26308800	-1.2
32548	28900800	-5.1
32548	31579200	-6.2
32548	34257600	-2.2
32548	36676800	0.1
32548	39355200	6
32548	41947200	11.6
32548	44625600	12.2
32548	47217600	16.8
32548	49896000	20
32548	52574400	9.1
32548	55166400	4
32548	57844800	0.2
32548	60436800	-8
32548	63115200	-10.5
32548	65793600	-3.6
32548	68299200	3.1
32548	70977600	4
32548	73569600	11.1
32548	76248000	14.9
32548	78840000	16.5
32548	81518400	19.3
32548	84196800	10.1
32548	86788800	3.6
32548	89467200	0
32548	92059200	-8
32548	94737600	-7.4
32548	97416000	-3.2
32548	99835200	3.6
32548	102513600	5.4
32548	105105600	10.9
32548	107784000	14.4
32548	110376000	19.1
32548	113054400	18.3
32548	115732800	12.2
32548	118324800	6.1
32548	121003200	-2
32548	123595200	-2.1
32548	126273600	-7
32548	128952000	-0.6
32548	131371200	0.5
32548	134049600	6.7
32548	136641600	8.6
32548	139320000	17
32548	141912000	18.4
32548	144590400	16.9
32548	147268800	11.7
32548	149860800	5.6
32548	152539200	0.9
32548	155131200	-2.1
32548	157809600	-8.1
32548	160488000	-7.5
32548	162907200	-2.7
32548	165585600	3.4
32548	168177600	9.6
32548	170856000	13
32548	173448000	20.6
32548	176126400	15.9
32548	178804800	12.1
32548	181396800	6
32548	184075200	-1.5
32548	186667200	-3
32548	189345600	-4.9
32548	192024000	-2.1
32548	194529600	-0.6
32548	197208000	6.7
32548	199800000	11.5
32548	202478400	13
32548	205070400	17.7
32548	207748800	16.7
32548	210427200	13.3
32548	213019200	4.8
32548	215697600	-0.8
32548	218289600	-3.1
32548	220968000	-7.4
32548	223646400	-1.1
32548	226065600	1.1
32548	228744000	7.6
32548	231336000	9.8
32548	234014400	15.9
32548	236606400	17.1
32548	239284800	17.1
32548	241963200	10.8
32548	244555200	5.1
32548	247233600	-2.2
32548	249825600	-7.4
32548	252504000	-7.3
32548	255182400	-4.1
32548	257601600	1
32548	260280000	6.2
32548	262872000	8.9
32548	265550400	14.8
32548	268142400	17.6
32548	270820800	16
32548	273499200	11.8
32548	276091200	5.5
32548	278769600	-3.8
32548	281361600	-10.4
32548	284040000	-18.3
32548	286718400	-5.4
32548	289137600	0.5
32548	291816000	5.5
32548	294408000	10.5
32548	297086400	15.3
32548	299678400	19.4
32548	302356800	19.2
32548	305035200	14.3
32548	307627200	7.1
32548	310305600	-2.1
32548	312897600	-0.3
32548	315576000	-11.5
32548	318254400	-3
32548	320760000	0
32548	323438400	8.5
32548	326030400	12.5
32548	328708800	13.8
32548	331300800	17.2
32548	333979200	14.8
32548	336657600	12.6
32548	339249600	6.2
32548	341928000	0.2
32548	344520000	-2.4
32548	347198400	-1.7
32548	349876800	-1.3
32548	352296000	3.3
32548	354974400	6.8
32548	357566400	11
32548	360244800	11.6
32548	362836800	16.8
32548	365515200	19.5
32548	368193600	12.5
32548	370785600	4.1
32548	373464000	-0.1
32548	376056000	-6.3
32548	378734400	-8.8
32548	381412800	-6.5
32548	383832000	1.6
32548	386510400	3
32548	389102400	8.9
32548	391780800	15.3
32548	394372800	15.9
32548	397051200	16.9
32548	399729600	11.4
32548	402321600	4.5
32548	4.05e+08	-2.4
32548	407592000	-5.1
32548	410270400	-1.7
32548	412948800	0
32548	415368000	2.9
32548	418046400	5.3
32548	420638400	10.4
32548	423316800	13.6
32548	425908800	15.8
32548	428587200	18.7
32548	431265600	9.9
32548	433857600	5.6
32548	436536000	0.6
32548	439128000	-13.8
32548	441806400	-3.9
32548	444484800	-0.6
32548	446990400	2.8
32548	449668800	5.6
32548	452260800	8.8
32548	454939200	13.2
32548	457531200	18.1
32548	460209600	18.2
32548	462888000	9.8
32548	465480000	3.2
32548	468158400	-0.4
32548	470750400	-9.2
32548	473428800	-8.4
32548	476107200	-9.7
32548	478526400	-2.7
32548	481204800	6.6
32548	483796800	11.9
32548	486475200	13.5
32548	489067200	19.8
32548	491745600	14.8
32548	494424000	8.4
32548	497016000	4.2
32548	499694400	-8.9
32548	502286400	-8.1
32548	504964800	-4.5
32548	507643200	-5
32548	510062400	4.2
32548	512740800	6
32548	515332800	11.9
32548	518011200	17.5
32548	520603200	15.2
32548	523281600	19.5
32548	525960000	10.2
32548	528552000	5.9
32548	531230400	-1.9
32548	533822400	-4.4
32548	536500800	-6.6
32548	539179200	-2.5
32548	541598400	1.8
32548	544276800	8.8
32548	546868800	12.2
32548	549547200	16.3
32548	552139200	17.4
32548	554817600	15.5
32548	557496000	13.2
32548	560088000	5.7
32548	562766400	1.4
32548	565358400	-5.5
32548	568036800	-7.4
32548	570715200	-1.3
32548	573220800	2.8
32548	575899200	8.2
32548	578491200	10.5
32548	581169600	16.5
32548	583761600	17.8
32548	586440000	17.4
32548	589118400	12
32548	591710400	8.7
32548	594388800	1.5
32548	596980800	-4.9
32548	599659200	-3.4
32548	602337600	-10.6
32548	604756800	-1
32548	607435200	6.6
32548	610027200	9.9
32548	612705600	15.4
32548	615297600	19.3
32548	617976000	16.2
32548	620654400	11.4
32548	623246400	5.5
32548	625924800	1.6
32548	628516800	-3.4
32548	631195200	-1.9
32548	633873600	-3.8
32548	636292800	2
32548	638971200	6.8
32548	641563200	9.6
32548	644241600	13.8
32548	646833600	18.9
32548	649512000	18.3
32548	652190400	15
32548	654782400	4.6
32548	657460800	1.3
32548	660052800	-9.6
32548	662731200	-9.1
32548	665409600	0.3
32548	667828800	0.1
32548	670507200	5.6
32548	673099200	10
32548	675777600	12.5
32548	678369600	17.8
32548	681048000	18.8
32548	683726400	12.4
32548	686318400	4.5
32548	688996800	-1.9
32548	691588800	-2.5
32548	694267200	-2.2
32548	696945600	1.2
32548	699451200	5
32548	702129600	7.5
32548	704721600	12.4
32548	707400000	16.7
32548	709992000	16.4
32548	712670400	16.8
32548	715348800	11
32548	717940800	7.3
32548	720619200	-0.2
32548	723211200	-7.8
32548	725889600	-9.3
32548	728568000	-7.7
32548	730987200	1.5
32548	733665600	6.5
32548	736257600	13.6
32548	738936000	13.6
32548	741528000	13.7
32548	744206400	15.5
32548	746884800	11.2
32548	749476800	6.4
32548	752155200	-4.2
32548	754747200	-3
32548	757425600	-0.2
32548	760104000	-6
32548	762523200	2.9
32548	765201600	7.6
32548	767793600	11.6
32548	770472000	13.7
32548	773064000	19.3
32548	775742400	19.2
32548	778420800	13.3
32548	781012800	5.3
32548	783691200	-1.6
32548	786283200	-3.8
32548	788961600	-4.6
32548	791640000	0
32548	794059200	0.9
32548	796737600	5.6
32548	799329600	11.2
32548	802008000	13.7
32548	804600000	17.2
32548	807278400	14.9
32548	809956800	12.6
32548	812548800	4.7
32548	815227200	0.9
32548	817819200	-3.3
32548	820497600	-8.4
32548	823176000	-4.1
32548	825681600	-1.3
32548	828360000	6.5
32548	830952000	8.5
32548	833630400	14.8
32548	836222400	18.2
32548	838900800	17.1
32548	841579200	11
32548	844171200	5.3
32548	846849600	-2.7
32548	849441600	-7.3
32548	852120000	-7.3
32548	854798400	-3.2
32548	857217600	-0.3
32548	859896000	3.7
32548	862488000	11.5
32548	865166400	14.2
32548	867758400	17.1
32548	870436800	17.7
32548	873115200	13
32548	875707200	6.1
32548	878385600	-0.3
32548	880977600	-3.1
32548	883656000	-4.1
32548	886334400	0.1
32548	888753600	1.5
32548	891432000	7.2
32548	894024000	12.4
32548	896702400	13.7
32548	899294400	19.9
32548	901972800	18.4
32548	904651200	15
32548	907243200	5.2
32548	909921600	2.3
32548	912513600	-3.6
32548	915192000	-1.6
32548	917870400	0
32548	920289600	2.9
32548	922968000	5.5
32548	925560000	9.2
32548	928238400	13.1
32548	930830400	16.2
32548	933508800	18.8
32548	936187200	11.1
32548	938779200	5.8
32548	941457600	2.7
32548	944049600	-1.4
32548	946728000	-3.8
32548	949406400	-2.4
32548	951912000	2.6
32548	954590400	6.6
32548	957182400	10.4
32548	959860800	14
32548	962452800	17.6
32548	965131200	17.4
32548	967809600	10.9
32548	970401600	5.4
32548	973080000	-2.6
32548	975672000	-6.9
32548	978350400	-4.5
32548	981028800	-6.1
32548	983448000	1.6
32548	986126400	4.8
32548	988718400	11.8
32548	991396800	13
32548	993988800	16.8
32548	996667200	18.3
32548	999345600	14.7
32548	1001937600	5.1
32548	1004616000	1.8
32548	1007208000	-3.7
32548	1009886400	-3.1
32548	1012564800	-3.8
32548	1014984000	-3.8
32548	1017662400	5.7
32548	1020254400	9
32548	1022932800	14.5
32548	1025524800	19.8
32548	1028203200	16.2
32548	1030881600	12.6
32548	1033473600	2.7
32548	1036152000	1.6
32548	1038744000	-1.3
32548	1041422400	-2.5
32548	1044100800	-2.1
32548	1046520000	1.6
32548	1049198400	6.9
32548	1051790400	10.6
32548	1054468800	15.7
32548	1057060800	20.3
32548	1059739200	19.7
32548	1062417600	13.6
32548	1065009600	7
32548	1067688000	-2.9
32548	1070280000	-5.8
32548	1072958400	-6.2
32548	1075636800	-2.6
32548	1078142400	3.3
32548	1080820800	7.3
32548	1083412800	10.4
32548	1086091200	14.6
32548	1088683200	19.2
32548	1091361600	18.5
32548	1094040000	11.4
32548	1096632000	6
32548	1099310400	0.5
32548	1101902400	-1.6
32548	1104580800	-6
32548	1107259200	-0.6
32548	1109678400	2.5
32548	1112356800	6
32548	1114948800	11
32548	1117627200	13.1
32548	1120219200	17.8
32548	1122897600	16.6
32548	1125576000	11.5
32548	1128168000	6
32548	1130846400	-0.1
32548	1133438400	-7.9
32548	1136116800	0.1
32548	1138795200	-4.3
32548	1141214400	2.1
32548	1143892800	6.9
32548	1146484800	11.5
32548	1149163200	15.9
32548	1151755200	20
32548	1154433600	16.9
32548	1157112000	12.5
32548	1159704000	5.5
32548	1162382400	-0.3
32548	1164974400	-5.2
32548	1167652800	-6.1
32548	1170331200	-2.2
32548	1172750400	3.7
32548	1175428800	6.4
32548	1178020800	11.1
32548	1180699200	14.8
32548	1183291200	22.2
32548	1185969600	17.3
32548	1188648000	12.3
32548	1191240000	6.1
32548	1193918400	0.4
32548	1196510400	-3.5
32548	1199188800	-7.2
32548	1201867200	-0.9
32548	1204372800	1.4
32548	1207051200	3.6
32548	1209643200	10.8
32548	1212321600	13.5
32548	1214913600	18.2
32548	1217592000	17.5
32548	1220270400	12.1
32548	1222862400	5.5
32548	1225540800	2.5
32548	1228132800	-7.8
32548	1230811200	-5.1
32548	1233489600	-2.9
32548	1235908800	-1.2
32548	1238587200	6.6
32548	1241179200	11.4
32548	1243857600	14.2
32548	1246449600	18.7
32548	1249128000	18
32548	1251806400	14.3
32548	1254398400	2.9
32548	1257076800	1.1
32548	1259668800	-7.2
32548	1262347200	-3.5
32548	1265025600	-0.1
32548	1267444800	3.6
32548	1270123200	6
32548	1272715200	9.1
32548	1275393600	14.2
32548	1277985600	17.4
32548	1280664000	16.7
32548	1283342400	12.3
32548	1285934400	7
32548	1288612800	-1.9
32548	1291204800	-5.2
32548	1293883200	-4.6
32548	1296561600	-6.1
32548	1298980800	1.9
32548	1301659200	4.2
32548	1304251200	10.1
32548	1306929600	12.9
32548	1309521600	17
32548	1312200000	18.3
32548	1314878400	14.1
32548	1317470400	6.4
32548	1320148800	-0.6
32548	1322740800	-2.8
32548	1325419200	-3
32548	1328097600	-1.9
32548	1330603200	2.9
32548	1333281600	7.6
32548	1335873600	9.3
32548	1338552000	14
32548	1341144000	19.5
32548	1343822400	17.9
32548	1346500800	13.2
32548	1349092800	5.7
32548	1351771200	1.6
32548	1354363200	-2.1
32548	1357041600	-4.4
32548	1359720000	0.1
32548	1362139200	2.2
32548	1364817600	4.8
32548	1367409600	11.7
32548	1370088000	15.1
32548	1372680000	20.1
32548	1375358400	19.5
32548	1378036800	14.5
32548	1380628800	4.1
32548	1383307200	-0.5
32548	1385899200	-6.2
32548	1388577600	-3.2
32548	1391256000	-7.4
32548	1393675200	0.8
32548	1396353600	6
32548	1398945600	11.2
32548	1401624000	13.5
32548	1404216000	20.2
32548	1406894400	18.6
32548	1409572800	13.2
32548	1412164800	8.7
32548	1414843200	-1.7
32548	1417435200	-3.5
32548	1420113600	-4.8
32548	1422792000	0
32548	1425211200	4
32548	1427889600	6.5
32548	1430481600	12.1
32549	-2511432000	14.6
32549	-2508840000	19.4
32549	-2506161600	16.8
32549	-2503483200	12.2
32549	-2500891200	7.6
32549	-2498212800	6
32549	-2495620800	1.7
32550	-2584958400	0
32550	-2582452800	-4.1
32550	-2579774400	7.8
32550	-2577182400	9
32550	-2574504000	13.9
32550	-2571912000	17.8
32550	-2569233600	17.2
32550	-2566555200	15.3
32551	-2427105600	-10.3
32551	-2424686400	-3.8
32551	-2422008000	1.8
32551	-2419416000	8.7
32551	-2416737600	13.4
32551	-2414145600	19
32551	-2411467200	17.2
32551	-2408788800	9.7
32551	-2406196800	3.1
32551	-2403518400	-2.8
32551	-2400926400	-4.8
32551	-2398248000	-8.4
32551	-2395569600	-10.4
32551	-2393150400	-2.9
32551	-2390472000	4.4
32551	-2387880000	10.6
32551	-2385201600	13.2
32551	-2382609600	17.9
32551	-2379931200	18.6
32551	-2377252800	10.2
32551	-2374660800	5.7
32551	-2371982400	2.7
32551	-2369390400	-6
32551	-2366712000	-8.8
32551	-2364033600	-7.6
32551	-2361614400	-2.4
32551	-2358936000	6.2
32551	-2356344000	9.4
32551	-2353665600	11.7
32551	-2351073600	17.1
32551	-2348395200	17
32551	-2345716800	10
32551	-2343124800	6.7
32551	-2340446400	-3.3
32551	-2337854400	-7.5
32551	-2335176000	-5.4
32551	-2332497600	-1.8
32551	-2329992000	-3.4
32551	-2327313600	2.6
32551	-2324721600	6.8
32551	-2322043200	14.9
32551	-2319451200	17.1
32551	-2316772800	16.1
32551	-2314094400	9
32551	-2311502400	5.7
32551	-2308824000	-6.1
32551	-2306232000	-1
32551	-2303553600	-10
32551	-2300875200	-5.8
32551	-2298456000	-6.1
32551	-2295777600	5.6
32551	-2293185600	14.3
32551	-2290507200	13.5
32551	-2287915200	16.2
32551	-2285236800	18.1
32551	-2282558400	13.4
32551	-2279966400	5.3
32551	-2277288000	-3.5
32551	-2274696000	-7.4
32551	-2272017600	-8.6
32551	-2269339200	-2.2
32551	-2266920000	-6.2
32551	-2264241600	5.6
32551	-2261649600	7.9
32551	-2258971200	13.2
32551	-2256379200	16.1
32551	-2253700800	18.2
32551	-2251022400	10.4
32551	-2248430400	2.8
32551	-2245752000	-3.9
32551	-2243160000	-7.8
32551	-2240481600	-6.5
32551	-2237803200	-12.2
32551	-2235384000	-5.5
32551	-2232705600	2.1
32551	-2230113600	6.2
32551	-2227435200	12.4
32551	-2224843200	17.1
32551	-2222164800	14
32551	-2219486400	12
32551	-2216894400	3.5
32551	-2214216000	1.1
32551	-2211624000	-6.3
32551	-2208945600	-2.5
32551	-2206267200	-7.3
32551	-2203848000	2
32551	-2201169600	5.5
32551	-2198577600	11
32551	-2195899200	16.9
32551	-2193307200	16.6
32551	-2190628800	15.3
32551	-2187950400	10.7
32551	-2185358400	5.5
32551	-2182680000	-2.1
32551	-2180088000	-2.2
32551	-2177409600	-6.2
32551	-2174731200	-7.4
32551	-2172312000	-0.6
32551	-2169633600	3.2
32551	-2167041600	11.5
32551	-2164363200	10.1
32551	-2161771200	19.3
32551	-2159092800	18.3
32551	-2156414400	7.6
32551	-2153822400	8.5
32551	-2151144000	2.5
32551	-2148552000	-4.8
32551	-2145873600	-7.5
32551	-2143195200	-2.7
32551	-2140776000	-2.1
32551	-2138097600	3.6
32551	-2135505600	10
32551	-2132827200	11.9
32551	-2130235200	15.1
32551	-2127556800	15.4
32551	-2124878400	10.2
32551	-2122286400	7
32551	-2119608000	-1.3
32551	-2117016000	-5.6
32551	-2114337600	-4.2
32551	-2111659200	-8.8
32551	-2109240000	-3.3
32551	-2106561600	2.3
32551	-2103969600	7.5
32551	-2101291200	14.4
32551	-2098699200	14.3
32551	-2096020800	16.4
32551	-2093342400	9.4
32551	-2090750400	7.7
32551	-2088072000	-3.2
32551	-2085480000	-4.3
32551	-2082801600	-5.8
32551	-2080123200	-5.9
32551	-2077617600	-4.4
32551	-2074939200	5
32551	-2072347200	8.5
32551	-2069668800	12.3
32551	-2067076800	16.2
32551	-2064398400	16.9
32551	-2061720000	12.1
32551	-2059128000	7.4
32551	-2056449600	3.5
32551	-2053857600	-4
32551	-2051179200	-6.8
32551	-2048500800	-8.9
32551	-2046081600	1.6
32551	-2043403200	4.1
32551	-2040811200	6.8
32551	-2038132800	11.1
32551	-2035540800	16.9
32551	-2032862400	16.9
32551	-2030184000	13
32551	-2027592000	2.3
32551	-2024913600	-1.6
32551	-2022321600	-6.4
32551	-2019643200	-5.3
32551	-2016964800	-4.6
32551	-2014545600	-6.8
32551	-2011867200	4.4
32551	-2009275200	7.6
32551	-2006596800	10.6
32551	-2004004800	17.7
32551	-2001326400	16
32551	-1998648000	11.9
32551	-1996056000	6.3
32551	-1993377600	-3.5
32551	-1990785600	-3.5
32551	-1988107200	-12.9
32551	-1985428800	-2.9
32551	-1983009600	-0.6
32551	-1980331200	2
32551	-1977739200	6.7
32551	-1975060800	10.1
32551	-1972468800	15
32551	-1969790400	13.5
32551	-1967112000	10.1
32551	-1964520000	7.6
32551	-1961841600	0.3
32551	-1959249600	-4.9
32551	-1956571200	-6.3
32551	-1953892800	-5.3
32551	-1951387200	-3.2
32551	-1948708800	4.7
32551	-1946116800	6.6
32551	-1943438400	10.4
32551	-1940846400	17.6
32551	-1938168000	15
32551	-1935489600	11.7
32551	-1932897600	3.1
32551	-1930219200	-0.4
32551	-1927627200	-6.6
32551	-1924948800	-9.6
32551	-1922270400	-5.1
32551	-1919851200	-1.8
32551	-1917172800	-0.7
32551	-1914580800	6.5
32551	-1911902400	13.3
32551	-1909310400	16.5
32551	-1906632000	16.7
32551	-1903953600	10.9
32551	-1901361600	5.7
32551	-1898683200	-0.1
32551	-1896091200	-12.2
32551	-1893412800	-9.2
32551	-1890734400	-11.2
32551	-1888315200	4.5
32551	-1885636800	7.2
32551	-1883044800	8.8
32551	-1880366400	14.1
32551	-1877774400	18.1
32551	-1875096000	14.5
32551	-1872417600	9.2
32551	-1869825600	6.7
32551	-1867147200	-0.6
32551	-1864555200	-5.2
32551	-1861876800	-7.1
32551	-1859198400	-9.3
32551	-1856779200	1.6
32551	-1854100800	2.3
32551	-1851508800	7.3
32551	-1848830400	13.8
32551	-1846238400	15.1
32551	-1843560000	14
32551	-1840881600	9.3
32551	-1838289600	2.5
32551	-1835611200	-4.7
32551	-1833019200	-7.7
32551	-1830340800	-6.7
32551	-1827662400	-4
32551	-1825156800	-8.5
32551	-1822478400	3.3
32551	-1819886400	7.5
32551	-1817208000	13.8
32551	-1814616000	14.5
32551	-1811937600	13.8
32551	-1809259200	6.7
32551	-1806667200	2.1
32551	-1803988800	1
32551	-1801396800	-6.4
32551	-1798718400	-8.1
32551	-1796040000	-11.2
32551	-1793620800	-4.5
32551	-1790942400	4.4
32551	-1788350400	8
32551	-1785672000	13.5
32551	-1783080000	14.7
32551	-1780401600	16.9
32551	-1777723200	10.9
32551	-1775131200	1.9
32551	-1772452800	0.2
32551	-1769860800	-7.4
32551	-1767182400	-3.6
32551	-1764504000	-5.5
32551	-1762084800	-0.5
32551	-1759406400	3.4
32551	-1756814400	9.2
32551	-1754136000	12
32551	-1751544000	17.4
32551	-1748865600	15.6
32551	-1746187200	10.7
32551	-1743595200	5.5
32551	-1740916800	2.6
32551	-1738324800	-9.4
32551	-1735646400	-7.9
32551	-1732968000	-3
32551	-1730548800	-0.4
32551	-1727870400	7.8
32551	-1725278400	7.1
32551	-1722600000	9.7
32551	-1720008000	13.1
32551	-1717329600	16.9
32551	-1714651200	8.1
32551	-1712059200	7.3
32551	-1709380800	-2.2
32551	-1706788800	-6.6
32551	-1704110400	-17.8
32551	-1701432000	-5.1
32551	-1698926400	1.1
32551	-1696248000	3.5
32551	-1693656000	5
32551	-1690977600	10.7
32551	-1688385600	16.9
32551	-1685707200	15.1
32551	-1683028800	10.2
32551	-1680436800	2.4
32551	-1677758400	-5.1
32551	-1675166400	-10.3
32551	-1672488000	-10
32551	-1669809600	-8.8
32551	-1667390400	-7.3
32551	-1664712000	0.5
32551	-1662120000	7.1
32551	-1659441600	11.8
32551	-1656849600	19.5
32551	-1654171200	16.4
32551	-1651492800	12.3
32551	-1648900800	4.7
32551	-1646222400	3
32551	-1643630400	-3
32551	-1640952000	-8.6
32551	-1638273600	-8.4
32551	-1635854400	0.1
32551	-1633176000	1.4
32551	-1630584000	7.2
32551	-1627905600	16.5
32551	-1625313600	16.2
32551	-1622635200	14.8
32551	-1619956800	10.5
32551	-1617364800	7.2
32551	-1614686400	-3.6
32551	-1612094400	-4.4
32551	-1609416000	-3.6
32551	-1606737600	-8.2
32551	-1604318400	-2
32551	-1601640000	5.5
32551	-1599048000	10.1
32551	-1596369600	17.1
32551	-1593777600	20.3
32551	-1591099200	18.5
32551	-1588420800	12.1
32551	-1585828800	-1.3
32551	-1583150400	-5.7
32551	-1580558400	-11.6
32551	-1577880000	-5.6
32551	-1575201600	-5.7
32551	-1572696000	-5.4
32551	-1570017600	0.2
32551	-1567425600	7.6
32551	-1564747200	12.1
32551	-1562155200	17.9
32551	-1559476800	16.2
32551	-1556798400	11.7
32551	-1554206400	4.7
32551	-1551528000	-3.8
32551	-1548936000	-5.1
32551	-1546257600	-5.2
32551	-1543579200	-2.6
32551	-1541160000	-0.7
32551	-1538481600	3
32551	-1535889600	8.2
32551	-1533211200	15.5
32551	-1530619200	18.2
32551	-1527940800	16.9
32551	-1525262400	8
32551	-1522670400	7.4
32551	-1519992000	-2.7
32551	-1517400000	-8.4
32551	-1514721600	-11.7
32551	-1512043200	-12.9
32551	-1509624000	-4.1
32551	-1506945600	2.5
32551	-1504353600	8.6
32551	-1501675200	15.1
32551	-1499083200	15.8
32551	-1496404800	18.4
32551	-1493726400	13.7
32551	-1491134400	7.6
32551	-1488456000	-4.3
32551	-1485864000	-9.8
32551	-1483185600	-4.9
32551	-1480507200	-9.4
32551	-1478088000	-2
32551	-1475409600	3.4
32551	-1472817600	9
32551	-1470139200	12.8
32551	-1467547200	19.6
32551	-1464868800	16.8
32551	-1462190400	12.5
32551	-1459598400	3.3
32551	-1456920000	1.1
32551	-1454328000	-7.3
32551	-1451649600	-9.3
32551	-1448971200	-3.1
32551	-1446465600	-4.8
32551	-1443787200	2.6
32551	-1441195200	9.9
32551	-1438516800	12.2
32551	-1435924800	16.9
32551	-1433246400	16.2
32551	-1430568000	11
32551	-1427976000	5.8
32551	-1425297600	-3.1
32551	-1422705600	-11.5
32551	-1420027200	-4.7
32551	-1417348800	-0.6
32551	-1414929600	-0.4
32551	-1412251200	5.2
32551	-1409659200	11
32551	-1406980800	12.6
32551	-1404388800	18.6
32551	-1401710400	16.3
32551	-1399032000	10.1
32551	-1396440000	0.2
32551	-1393761600	-2.5
32551	-1391169600	-2.9
32551	-1388491200	-6.3
32551	-1385812800	-3.2
32551	-1383393600	-1.2
32551	-1380715200	5.7
32551	-1378123200	9.3
32551	-1375444800	13.9
32551	-1372852800	18.6
32551	-1370174400	16.4
32551	-1367496000	7.6
32551	-1364904000	7.2
32551	-1362225600	0
32551	-1359633600	-7.7
32551	-1356955200	-8.3
32551	-1354276800	-5.3
32551	-1351857600	-1.1
32551	-1349179200	2.5
32551	-1346587200	5.8
32551	-1343908800	13.6
32551	-1341316800	17.5
32551	-1338638400	15.1
32551	-1335960000	11.3
32551	-1333368000	7.5
32551	-1330689600	-0.4
32551	-1328097600	-12.2
32551	-1325419200	-7
32551	-1322740800	-7.5
32551	-1320235200	-0.1
32551	-1317556800	3
32551	-1314964800	12.3
32551	-1312286400	11
32551	-1309694400	17.5
32551	-1307016000	15.7
32551	-1304337600	12
32551	-1301745600	4.8
32551	-1299067200	-0.8
32551	-1296475200	-7.2
32551	-1293796800	-13.7
32551	-1291118400	-10.8
32551	-1288699200	-1.7
32551	-1286020800	2
32551	-1283428800	8.1
32551	-1280750400	13.1
32551	-1278158400	18
32551	-1275480000	19.4
32551	-1272801600	8.7
32551	-1270209600	6
32551	-1267531200	-3.3
32551	-1264939200	-3.6
32551	-1262260800	-18.1
32551	-1259582400	-0.9
32551	-1257163200	-2.8
32551	-1254484800	8.3
32551	-1251892800	9.6
32551	-1249214400	13.8
32551	-1246622400	18.1
32551	-1243944000	17.9
32551	-1241265600	12.1
32551	-1238673600	3
32551	-1235995200	-1.7
32551	-1233403200	-7.2
32551	-1230724800	-4.9
32551	-1228046400	-4.9
32551	-1225627200	-1.7
32551	-1222948800	4.6
32551	-1220356800	9.7
32551	-1217678400	15.2
32551	-1215086400	18.8
32551	-1212408000	18.2
32551	-1209729600	12.3
32551	-1207137600	6.2
32551	-1204459200	-4.3
32551	-1201867200	-6.7
32551	-1199188800	-10.1
32551	-1196510400	-5.3
32551	-1194004800	-5.8
32551	-1191326400	4.4
32551	-1188734400	9.7
32551	-1186056000	13.6
32551	-1183464000	17.9
32551	-1180785600	17
32551	-1178107200	12
32551	-1175515200	3.6
32551	-1172836800	2.3
32551	-1170244800	-11.2
32551	-1167566400	-6.3
32551	-1164888000	-10.4
32551	-1162468800	0.1
32551	-1159790400	2.7
32551	-1157198400	7.4
32551	-1154520000	16.4
32551	-1151928000	19.9
32551	-1149249600	16.1
32551	-1146571200	11.1
32551	-1143979200	7.9
32551	-1141300800	1
32551	-1138708800	-0.8
32551	-1136030400	-1
32551	-1133352000	-1.9
32551	-1130932800	2.6
32551	-1128254400	8.3
32551	-1125662400	13.5
32551	-1122984000	13.6
32551	-1120392000	18.9
32551	-1117713600	18.7
32551	-1115035200	9.7
32551	-1112443200	7.8
32551	-1109764800	2.7
32551	-1107172800	-5.3
32551	-1104494400	-6.4
32551	-1101816000	-2.9
32551	-1099396800	-3.4
32551	-1096718400	1.5
32551	-1094126400	7.4
32551	-1091448000	12.7
32551	-1088856000	18.2
32551	-1086177600	17.1
32551	-1083499200	13.2
32551	-1080907200	5.3
32551	-1078228800	-5.1
32551	-1075636800	-6.1
32551	-1072958400	-7.5
32551	-1070280000	-16.1
32551	-1067774400	-1.4
32551	-1065096000	4.6
32551	-1062504000	12.7
32551	-1059825600	15.2
32551	-1057233600	21.2
32551	-1054555200	18.1
32551	-1051876800	12
32551	-1049284800	6.4
32551	-1046606400	-4.1
32551	-1044014400	-4.7
32551	-1041336000	-19.6
32551	-1038657600	-7.1
32551	-1036238400	-4
32551	-1033560000	2.2
32551	-1030968000	10.5
32551	-1028289600	12.7
32551	-1025697600	18.4
32551	-1023019200	17.2
32551	-1020340800	13.1
32551	-1017748800	8.2
32551	-1015070400	0.1
32551	-1012478400	-5.3
32551	-1009800000	-5.5
32551	-1007121600	-4.6
32551	-1004702400	-1.2
32551	-1002024000	3.7
32551	-999432000	7.7
32551	-996753600	13.9
32551	-994161600	17.1
32551	-991483200	16.7
32551	-988804800	15.5
32551	-986212800	5.9
32551	-983534400	-4.4
32551	-980942400	-3.7
32551	-978264000	-3.8
32551	-975585600	-9.8
32551	-973166400	-0.9
32551	-970488000	6.3
32551	-967896000	11.1
32551	-965217600	11.2
32551	-962625600	18
32551	-959947200	17.1
32551	-957268800	12.1
32551	-954676800	5.9
32551	-951998400	2.6
32551	-949406400	-1.7
32551	-946728000	-11.7
32551	-944049600	-5.2
32551	-941544000	0.9
32551	-938865600	3.9
32551	-936273600	11.5
32551	-933595200	14.9
32551	-931003200	18.6
32551	-928324800	18
32551	-925646400	13.1
32551	-923054400	7.9
32551	-920376000	-5.4
32551	-917784000	-3.6
32551	-915105600	-6.1
32551	-912427200	-4.4
32551	-910008000	1.1
32551	-907329600	4.2
32551	-904737600	10.5
32551	-902059200	13.6
32551	-899467200	17.7
32551	-896788800	17.1
32551	-894110400	8.3
32551	-891518400	4.6
32551	-888840000	0.3
32551	-886248000	-6.7
32551	-883569600	-10.8
32551	-880891200	-10.4
32551	-878472000	-3.9
32551	-875793600	5
32551	-873201600	7
32551	-870523200	11
32551	-867931200	17.5
32551	-865252800	16.9
32551	-862574400	11.6
32551	-859982400	6.5
32551	-857304000	-1.9
32551	-854712000	-3.7
32551	-852033600	-10.7
32551	-849355200	-4
32551	-846936000	-5.9
32551	-844257600	6.9
32551	-841665600	6.9
32551	-838987200	11.4
32551	-836395200	17
32551	-833716800	16.6
32551	-831038400	12.2
32551	-828446400	7.4
32551	-825768000	0.3
32551	-823176000	-6
32551	-820497600	-6.9
32551	-817819200	-5.7
32551	-815313600	-3.7
32551	-812635200	5.5
32551	-810043200	10.2
32551	-807364800	11.3
32551	-804772800	16
32551	-802094400	15.5
32551	-799416000	12
32551	-796824000	8.8
32551	-794145600	-1.3
32551	-791553600	-7.4
32551	-788875200	-5
32551	-786196800	-4
32551	-783777600	-0.5
32551	-781099200	0.9
32551	-778507200	8
32551	-775828800	10.5
32551	-773236800	17.4
32551	-770558400	17.3
32551	-767880000	10.3
32551	-765288000	8
32551	-762609600	-2.2
32551	-760017600	-7
32551	-757339200	-6.5
32551	-754660800	-4.4
32551	-752241600	0.9
32551	-749563200	7.3
32551	-746971200	7.2
32551	-744292800	13.1
32551	-741700800	18.4
32551	-739022400	16.7
32551	-736344000	11.4
32551	-733752000	2.6
32551	-731073600	-2.6
32551	-728481600	-3
32551	-725803200	-7.5
32551	-723124800	-3.9
32551	-720705600	-1.4
32551	-718027200	4.2
32551	-715435200	10.8
32551	-712756800	11.2
32551	-710164800	19.1
32551	-707486400	17.2
32551	-704808000	10.9
32551	-702216000	7.9
32551	-699537600	-4.6
32551	-696945600	-5.8
32551	-694267200	-7.1
32551	-691588800	-7.2
32551	-689083200	-5.4
32551	-686404800	4.8
32551	-683812800	9.8
32551	-681134400	13.8
32551	-678542400	15.9
32551	-675864000	16
32551	-673185600	12.1
32551	-670593600	6.3
32551	-667915200	-2.9
32551	-665323200	-9.9
32551	-662644800	-17
32551	-659966400	-8.1
32551	-657547200	-2.9
32551	-654868800	7.1
32551	-652276800	10.7
32551	-649598400	12.2
32551	-647006400	17.6
32551	-644328000	18.3
32551	-641649600	10.9
32551	-639057600	2.4
32551	-636379200	4
32551	-633787200	-6.1
32551	-631108800	-12.3
32551	-628430400	-2.7
32551	-626011200	-3
32551	-623332800	3
32551	-620740800	6.9
32551	-618062400	12
32551	-615470400	15.5
32551	-612792000	15.2
32551	-610113600	7.2
32551	-607521600	6.3
32551	-604843200	-1.9
32551	-602251200	-3.7
32551	-599572800	-10.6
32551	-596894400	-5.7
32551	-594475200	-6.4
32551	-591796800	3.2
32551	-589204800	9.4
32551	-586526400	9.7
32551	-583934400	17.5
32551	-581256000	15
32551	-578577600	9.6
32551	-575985600	3.6
32551	-573307200	-2.6
32551	-570715200	-9
32551	-568036800	-9.2
32551	-565358400	-6.2
32551	-562852800	-5.1
32551	-560174400	5.7
32551	-557582400	8.8
32551	-554904000	13.7
32551	-552312000	16.6
32551	-549633600	17.1
32551	-546955200	12.7
32551	-544363200	7.2
32551	-541684800	-4.3
32551	-539092800	-5.7
32551	-536414400	-1
32551	-533736000	-4.5
32551	-531316800	0.2
32551	-528638400	1.5
32551	-526046400	6.2
32551	-523368000	12.6
32551	-520776000	18.7
32551	-518097600	17.8
32551	-515419200	13.2
32551	-512827200	7.7
32551	-510148800	1.7
32551	-507556800	-4
32551	-504878400	-8.3
32551	-502200000	-0.5
32551	-499780800	-5.2
32551	-497102400	4.5
32551	-494510400	9.1
32551	-491832000	11.3
32551	-489240000	19
32551	-486561600	16
32551	-483883200	11.6
32551	-481291200	4.8
32551	-478612800	2.8
32551	-476020800	-6
32551	-473342400	-9.2
32551	-470664000	-8.9
32551	-468244800	-7.6
32551	-465566400	0.8
32551	-462974400	8.3
32551	-460296000	12.1
32551	-457704000	16.8
32551	-455025600	18.8
32551	-452347200	11
32551	-449755200	6.6
32551	-447076800	-6.9
32551	-444484800	-7.5
32551	-441806400	-8.4
32551	-439128000	-8.7
32551	-436622400	-2.9
32551	-433944000	2.9
32551	-431352000	9.2
32551	-428673600	15
32551	-426081600	17.8
32551	-423403200	15.2
32551	-420724800	12.9
32551	-418132800	5.9
32551	-415454400	-2.5
32551	-412862400	-3.9
32551	-410184000	-14.7
32551	-407505600	-5.2
32551	-405086400	-1.7
32551	-402408000	2.4
32551	-399816000	9.4
32551	-397137600	13
32551	-394545600	17.5
32551	-391867200	17.1
32551	-389188800	11.6
32551	-386596800	4.3
32551	-383918400	-3.2
32551	-381326400	-2.2
32551	-378648000	-5.3
32551	-375969600	-2.8
32551	-373550400	-3.5
32551	-370872000	2.6
32551	-368280000	13.4
32551	-365601600	13.1
32551	-363009600	15.2
32551	-360331200	18
32551	-357652800	11
32551	-355060800	7.2
32551	-352382400	-1.9
32551	-349790400	-4.2
32551	-347112000	-5.7
32551	-344433600	-8
32551	-342014400	-0.9
32551	-339336000	3.5
32551	-336744000	6
32551	-334065600	14.5
32551	-331473600	17.6
32551	-328795200	16.2
32551	-326116800	9.9
32551	-323524800	4.6
32551	-320846400	-4
32551	-318254400	-3.7
32551	-315576000	-8.6
32551	-312897600	-8.2
32551	-310392000	-2.2
32551	-307713600	2.8
32551	-305121600	8
32551	-302443200	13.3
32551	-299851200	19.7
32551	-297172800	16.2
32551	-294494400	12.1
32551	-291902400	5.8
32551	-289224000	-1.5
32551	-286632000	-6.1
32551	-283953600	-5.1
32551	-281275200	-0.1
32551	-278856000	0.5
32551	-276177600	2.3
32551	-273585600	9.1
32551	-270907200	16.9
32551	-268315200	18.9
32551	-265636800	19.3
32551	-262958400	7.3
32551	-260366400	3.9
32551	-257688000	-3.2
32551	-255096000	-7.3
32551	-252417600	-10.5
32551	-249739200	-6.2
32551	-247320000	-3
32551	-244641600	5.6
32551	-242049600	8.1
32551	-239371200	13.6
32551	-236779200	16.1
32551	-234100800	15.7
32551	-231422400	10.7
32551	-228830400	7
32551	-226152000	-0.1
32551	-223560000	-3
32551	-220881600	-13.4
32551	-218203200	-0.3
32551	-215784000	0.3
32551	-213105600	3.1
32551	-210513600	9.1
32551	-207835200	12.8
32551	-205243200	17.4
32551	-202564800	17.8
32551	-199886400	14.5
32551	-197294400	9
32551	-194616000	-0.2
32551	-192024000	-7.2
32551	-189345600	-6.5
32551	-186667200	-5.1
32551	-184161600	-4.7
32551	-181483200	2.4
32551	-178891200	8.8
32551	-176212800	12
32551	-173620800	19.3
32551	-170942400	15.3
32551	-168264000	10.1
32551	-165672000	7.1
32551	-162993600	-2.4
32551	-160401600	-5.7
32551	-157723200	-3.8
32551	-155044800	-4.2
32551	-152625600	-6.7
32551	-149947200	4
32551	-147355200	6.7
32551	-144676800	12.5
32551	-142084800	16.8
32551	-139406400	15.3
32551	-136728000	4.9
32551	-134136000	8.1
32551	-131457600	0.7
32551	-128865600	-4.3
32551	-126187200	-5.7
32551	-123508800	-5.4
32551	-121089600	-1
32551	-118411200	2.8
32551	-115819200	10.8
32551	-113140800	12.1
32551	-110548800	18.9
32551	-107870400	16.1
32551	-105192000	13.6
32551	-102600000	5.2
32551	-99921600	-1.2
32551	-97329600	-5.1
32551	-94651200	-3.5
32551	-91972800	-2.3
32551	-89553600	-3.4
32551	-86875200	1
32551	-84283200	8
32551	-81604800	11.9
32551	-79012800	18.1
32551	-76334400	18.2
32551	-73656000	14.4
32551	-71064000	6.4
32551	-68385600	-1.3
32551	-65793600	-9.1
32551	-63115200	-8.1
32551	-60436800	-3.4
32551	-57931200	1.9
32551	-55252800	2
32551	-52660800	7.2
32551	-49982400	12.6
32551	-47390400	17.4
32551	-44712000	14.7
32551	-42033600	11.1
32551	-39441600	6.3
32551	-36763200	-1.8
32551	-34171200	-8.5
32551	-31492800	-11.4
32551	-28814400	-7
32551	-26395200	-5.3
32551	-23716800	6.2
32551	-21124800	10.6
32551	-18446400	11.6
32551	-15854400	16.9
32551	-13176000	18.1
32551	-10497600	13
32551	-7905600	1.3
32551	-5227200	0.4
32551	-2635200	-4.1
32551	43200	-6.5
32551	2721600	-0.5
32551	5140800	-3.4
32551	7819200	-0.1
32551	10411200	9.2
32551	13089600	15
32551	15681600	18.3
32551	18360000	18.8
32551	21038400	8.7
32551	23630400	3.5
32551	26308800	-1.1
32551	28900800	-6.7
32551	31579200	-6.3
32551	34257600	-3.3
32551	36676800	-1.8
32551	39355200	3
32551	41947200	9.3
32551	44625600	12.6
32551	47217600	16.6
32551	49896000	19.9
32551	52574400	9.2
32551	55166400	3.9
32551	57844800	-1.2
32551	60436800	-8.3
32551	63115200	-9.3
32551	65793600	-2.5
32551	68299200	3
32551	70977600	3
32551	73569600	8.5
32551	76248000	14.8
32551	78840000	15.9
32551	81518400	17.9
32551	84196800	9.4
32551	86788800	3.6
32551	89467200	-1.6
32551	92059200	-9.6
32551	94737600	-9.3
32551	97416000	-6.2
32551	99835200	-0.9
32551	102513600	1.7
32551	105105600	8.9
32551	107784000	13.7
32551	110376000	18.2
32551	113054400	17.7
32551	115732800	10.3
32551	118324800	6.6
32551	121003200	-2.9
32551	123595200	-3.5
32551	126273600	-8.1
32551	128952000	-2
32551	131371200	-1.7
32551	134049600	5.5
32551	136641600	7.1
32551	139320000	16.2
32551	141912000	19.4
32551	144590400	15.5
32551	147268800	11.1
32551	149860800	7.2
32551	152539200	-0.3
32551	155131200	-5.7
32551	157809600	-7.2
32551	160488000	-7.9
32551	162907200	-3.6
32551	165585600	-1.6
32551	168177600	6.4
32551	170856000	11.7
32551	173448000	19
32551	176126400	15.1
32551	178804800	11.2
32551	181396800	5.4
32551	184075200	-2.9
32551	186667200	-3.3
32551	189345600	-5.2
32551	192024000	-2.9
32551	194529600	-3.8
32551	197208000	4.2
32551	199800000	11.2
32551	202478400	12.8
32551	205070400	18.3
32551	207748800	16.2
32551	210427200	12.6
32551	213019200	5.4
32551	215697600	-0.1
32551	218289600	-3.1
32551	220968000	-8.7
32551	223646400	-1
32551	226065600	-2.6
32551	228744000	6.8
32551	231336000	8.3
32551	234014400	15.5
32551	236606400	16.9
32551	239284800	16
32551	241963200	11.3
32551	244555200	6.3
32551	247233600	-2.2
32551	249825600	-5.9
32551	252504000	-7.6
32551	255182400	-5.1
32551	257601600	0.9
32551	260280000	5.1
32551	262872000	7.9
32551	265550400	13.5
32551	268142400	17
32551	270820800	16.5
32551	273499200	12.4
32551	276091200	6.9
32551	278769600	-6.2
32551	281361600	-10.6
32551	284040000	-16.1
32551	286718400	-5.9
32551	289137600	-1.4
32551	291816000	3.5
32551	294408000	8.9
32551	297086400	14.2
32551	299678400	18.2
32551	302356800	17.4
32551	305035200	14.9
32551	307627200	7.7
32551	310305600	-4
32551	312897600	-1.7
32551	315576000	-10.4
32551	318254400	-3.9
32551	320760000	-2.7
32551	323438400	6.4
32551	326030400	10.2
32551	328708800	13.7
32551	331300800	17.7
32551	333979200	15.1
32551	336657600	11.9
32551	339249600	6.2
32551	341928000	-0.5
32551	344520000	-1.4
32551	347198400	-2.3
32551	349876800	-3.8
32551	352296000	1.8
32551	354974400	5.1
32551	357566400	8.6
32551	360244800	12.3
32551	362836800	17.7
32551	365515200	18.9
32551	368193600	13.2
32551	370785600	4.3
32551	373464000	0.8
32551	376056000	-4.4
32551	378734400	-8.6
32551	381412800	-6.5
32551	383832000	-1.1
32551	386510400	1.3
32551	389102400	7.3
32551	391780800	12.6
32551	394372800	16.8
32551	397051200	18.2
32551	399729600	10.6
32551	402321600	5.2
32551	4.05e+08	-3.8
32551	407592000	-6.5
32551	410270400	-1.9
32551	412948800	-0.9
32551	415368000	1.6
32551	418046400	2.7
32551	420638400	8.1
32551	423316800	13.1
32551	425908800	17.1
32551	428587200	19.1
32551	431265600	10.5
32551	433857600	6.6
32551	436536000	-0.7
32551	439128000	-14.2
32551	441806400	-4.9
32551	444484800	-2.4
32551	446990400	0
32551	449668800	3.3
32551	452260800	9.3
32551	454939200	12.4
32551	457531200	18
32551	460209600	18.5
32551	462888000	9.2
32551	465480000	3
32551	468158400	-0.6
32551	470750400	-8.9
32551	473428800	-9.7
32551	476107200	-8
32551	478526400	-2.5
32551	481204800	6
32551	483796800	11.3
32551	486475200	14.5
32551	489067200	20.3
32551	491745600	15.9
32551	494424000	8.1
32551	497016000	4.3
32551	499694400	-9.6
32551	502286400	-8.2
32551	504964800	-2.9
32551	507643200	-4.2
32551	510062400	4.4
32551	512740800	4.3
32551	515332800	9.5
32551	518011200	16.6
32551	520603200	15.7
32551	523281600	18
32551	525960000	8.5
32551	528552000	6.4
32551	531230400	-2.6
32551	533822400	-6.1
32551	536500800	-6.1
32551	539179200	-1.9
32551	541598400	1.4
32551	544276800	8.6
32551	546868800	11.6
32551	549547200	15.3
32551	552139200	16.5
32551	554817600	15
32551	557496000	13.3
32551	560088000	7.5
32551	562766400	-0.3
32551	565358400	-5.7
32551	568036800	-8.1
32551	570715200	-2.8
32551	573220800	-0.1
32551	575899200	6
32551	578491200	11.1
32551	581169600	18.2
32551	583761600	19.9
32551	586440000	18.2
32551	589118400	11.7
32551	591710400	9.4
32551	594388800	-1.4
32551	596980800	-6.1
32551	599659200	-5.9
32551	602337600	-13.3
32551	604756800	-2.2
32551	607435200	4.7
32551	610027200	8.9
32551	612705600	14.1
32551	615297600	19.9
32551	617976000	16.2
32551	620654400	12.1
32551	623246400	5.6
32551	625924800	1.1
32551	628516800	-6.1
32551	631195200	-4.2
32551	633873600	-4
32551	636292800	-0.3
32551	638971200	5.8
32551	641563200	8.3
32551	644241600	14.1
32551	646833600	18.4
32551	649512000	17.7
32551	652190400	15.3
32551	654782400	6.5
32551	657460800	1.3
32551	660052800	-11.4
32551	662731200	-6.9
32551	665409600	1.3
32551	667828800	-0.5
32551	670507200	3.2
32551	673099200	8.1
32551	675777600	13.2
32551	678369600	18.8
32551	681048000	19.7
32551	683726400	13.1
32551	686318400	4.9
32551	688996800	-3.3
32551	691588800	-3.6
32551	694267200	-4.1
32551	696945600	0.3
32551	699451200	4.3
32551	702129600	6.5
32551	704721600	11.7
32551	707400000	15
32551	709992000	15.2
32551	712670400	16.1
32551	715348800	11.7
32551	717940800	7.8
32551	720619200	-2.5
32551	723211200	-9.5
32551	725889600	-10
32551	728568000	-8.9
32551	730987200	1.5
32551	733665600	4.3
32551	736257600	11.6
32551	738936000	12.3
32551	741528000	13.1
32551	744206400	14.2
32551	746884800	10.5
32551	749476800	5.6
32551	752155200	-4.4
32551	754747200	-3.9
32551	757425600	-1.8
32551	760104000	-5.9
32551	762523200	2.3
32551	765201600	5.7
32551	767793600	11.6
32551	770472000	14.4
32551	773064000	18.1
32551	775742400	18.9
32551	778420800	14.3
32551	781012800	4.8
32551	783691200	-4.1
32551	786283200	-5
32551	788961600	-6.5
32551	791640000	-1.9
32551	794059200	-0.9
32551	796737600	3.5
32551	799329600	8.2
32551	802008000	13.4
32551	804600000	18
32551	807278400	17.9
32551	809956800	11.6
32551	812548800	4.6
32551	815227200	0.8
32551	817819200	-4.3
32551	820497600	-8.5
32551	823176000	-4.9
32551	825681600	-3.4
32551	828360000	5.3
32551	830952000	6.8
32551	833630400	14.9
32551	836222400	19.2
32551	838900800	18.4
32551	841579200	11.2
32551	844171200	5.3
32551	846849600	-3.5
32551	849441600	-6.8
32551	852120000	-8.3
32551	854798400	-4.2
32551	857217600	1
32551	859896000	1.1
32551	862488000	9.8
32551	865166400	13.8
32551	867758400	16.6
32551	870436800	16.5
32551	873115200	13.2
32551	875707200	5.7
32551	878385600	-1.2
32551	880977600	-6.7
32551	883656000	-5.7
32551	886334400	-3
32551	888753600	-1.3
32551	891432000	4.9
32551	894024000	10.9
32551	896702400	10.9
32551	899294400	19
32551	901972800	18.2
32551	904651200	15
32551	907243200	5.3
32551	909921600	1.1
32551	912513600	-6.7
32551	915192000	-3.8
32551	917870400	-1.8
32551	920289600	0.8
32551	922968000	3.1
32551	925560000	8.2
32551	928238400	12.7
32551	930830400	17.2
32551	933508800	18.2
32551	936187200	10.1
32551	938779200	7.5
32551	941457600	4.4
32551	944049600	-3.7
32551	946728000	-4.4
32551	949406400	-0.7
32551	951912000	1.5
32551	954590400	6.7
32551	957182400	10.1
32551	959860800	14
32551	962452800	19.3
32551	965131200	18.6
32551	967809600	11.4
32551	970401600	5.4
32551	973080000	-7.3
32551	975672000	-8
32551	978350400	-6.8
32551	981028800	-7.2
32551	983448000	0.4
32551	986126400	4.7
32551	988718400	11.2
32551	991396800	13.7
32551	993988800	18.1
32551	996667200	19.3
32551	999345600	14.3
32551	1001937600	6.2
32551	1004616000	2.4
32551	1007208000	-5.5
32551	1009886400	-4.9
32551	1012564800	-5.1
32551	1014984000	-4.2
32551	1017662400	3.7
32551	1020254400	8.1
32551	1022932800	14.1
32551	1025524800	19.6
32551	1028203200	15.4
32551	1030881600	12.3
32551	1033473600	2.7
32551	1036152000	-0.9
32551	1038744000	-3.2
32551	1041422400	-2.5
32551	1044100800	-6.7
32551	1046520000	0.2
32551	1049198400	5.8
32551	1051790400	9.3
32551	1054468800	14
32551	1057060800	20.8
32551	1059739200	20.2
32551	1062417600	12.8
32551	1065009600	8.5
32551	1067688000	-3.7
32551	1070280000	-4.1
32551	1072958400	-6.9
32551	1075636800	-3.9
32551	1078142400	3.4
32551	1080820800	6.2
32551	1083412800	8.7
32551	1086091200	12.9
32551	1088683200	18.2
32551	1091361600	16.5
32551	1094040000	11.1
32551	1096632000	6.2
32551	1099310400	-0.4
32551	1101902400	-2.4
32551	1104580800	-6.1
32551	1107259200	-1.4
32551	1109678400	1.4
32551	1112356800	5.1
32551	1114948800	8.9
32551	1117627200	13
32551	1120219200	19.2
32551	1122897600	17.1
32551	1125576000	12.7
32551	1128168000	8
32551	1130846400	-0.7
32551	1133438400	-7.2
32551	1136116800	-1.8
32551	1138795200	-4.9
32551	1141214400	0
32551	1143892800	7
32551	1146484800	11
32551	1149163200	16
32551	1151755200	20.8
32551	1154433600	17.3
32551	1157112000	11.8
32551	1159704000	5.2
32551	1162382400	-0.6
32551	1164974400	-4.2
32551	1167652800	-7.2
32551	1170331200	-3.3
32551	1172750400	3.4
32551	1175428800	5.2
32551	1178020800	11.1
32551	1180699200	15.4
32551	1183291200	22.5
32551	1185969600	18.2
32551	1188648000	12.5
32551	1191240000	6.4
32551	1193918400	-0.7
32551	1196510400	-6.1
32551	1199188800	-7.6
32551	1201867200	-2.6
32551	1204372800	-0.8
32551	1207051200	2.6
32551	1209643200	8.5
32551	1212321600	13.2
32551	1214913600	18.5
32551	1217592000	18.1
32551	1220270400	11.5
32551	1222862400	6.5
32551	1225540800	2.1
32551	1228132800	-9.1
32551	1230811200	-4.5
32551	1233489600	-1.7
32551	1235908800	-2
32551	1238587200	3.7
32551	1241179200	10.8
32551	1243857600	12.8
32551	1246449600	18
32551	1249128000	17.4
32551	1251806400	15.7
32551	1254398400	2.3
32551	1257076800	0.3
32551	1259668800	-10.1
32551	1262347200	-5.2
32551	1265025600	-3.8
32551	1267444800	2
32551	1270123200	4.8
32551	1272715200	7
32551	1275393600	13.2
32551	1277985600	17.7
32551	1280664000	16.8
32551	1283342400	12.8
32551	1285934400	9
32551	1288612800	-3.4
32551	1291204800	-5.8
32551	1293883200	-4.9
32551	1296561600	-6.8
32551	1298980800	1
32551	1301659200	2.5
32551	1304251200	7.9
32551	1306929600	13.2
32551	1309521600	19.1
32551	1312200000	19
32551	1314878400	14.7
32551	1317470400	7.8
32551	1320148800	-1.3
32551	1322740800	-4.3
32551	1325419200	-2.3
32551	1328097600	-3.4
32551	1330603200	4.4
32551	1333281600	7.5
32551	1335873600	9.1
32551	1338552000	15.3
32551	1341144000	20.8
32551	1343822400	19.3
32551	1346500800	14.6
32551	1349092800	6.4
32551	1351771200	1.6
32551	1354363200	-4.8
32551	1357041600	-5.4
32551	1359720000	-3.1
32551	1362139200	1
32551	1364817600	3.6
32551	1367409600	10.4
32551	1370088000	15.1
32551	1372680000	20
32551	1375358400	19.1
32551	1378036800	13.6
32551	1380628800	4.2
32551	1383307200	0
32551	1385899200	-7.2
32551	1388577600	-3.2
32551	1391256000	-9
32551	1393675200	0.2
32552	-2422008000	4.8
32552	-2419416000	10.4
32553	-2390472000	7.5
32553	-2387880000	13.7
32553	-2385201600	15.8
32553	-2382609600	21
32554	-2427105600	-7.8
32554	-2424686400	-2.3
32554	-2422008000	1.2
32554	-2419416000	8
32555	-2427105600	-8.1
32555	-2424686400	-2.3
32555	-2422008000	2.3
32555	-2419416000	8.7
32556	-2427105600	-7.8
32556	-2424686400	-1.8
32556	-2422008000	2.7
32556	-2419416000	9.4
32556	-2416737600	14.9
32556	-2414145600	20.3
32556	-2411467200	18.5
32556	-2408788800	11.1
32556	-2406196800	5
32556	-2403518400	-0.7
32556	-2400926400	-2
32556	-2398248000	-5.6
32556	-2395569600	-7.5
32556	-2393150400	-0.8
32556	-2390472000	5.7
32556	-2387880000	11.8
32556	-2385201600	14.5
32556	-2382609600	19.3
32556	-2379931200	19.9
32556	-2377252800	11.3
32556	-2374660800	6.7
32556	-2371982400	4.2
32556	-2369390400	-4.3
32556	-2366712000	-5.7
32556	-2364033600	-5.3
32556	-2361614400	-1.2
32556	-2358936000	7.2
32556	-2356344000	10.4
32556	-2353665600	12.8
32556	-2351073600	17.7
32556	-2348395200	17.6
32556	-2345716800	11.2
32556	-2343124800	8.1
32556	-2340446400	-1
32556	-2337854400	-4.7
32556	-2335176000	-3.1
32556	-2332497600	0.8
32556	-2329992000	-2.7
32556	-2327313600	4
32556	-2324721600	8.4
32556	-2322043200	16.2
32556	-2319451200	21
32556	-2316772800	18
32556	-2314094400	10.6
32556	-2311502400	8.1
32556	-2308824000	-6.6
32556	-2306232000	1.7
32556	-2303553600	-6.7
32556	-2300875200	-4.1
32556	-2298456000	-4.6
32556	-2295777600	6.2
32556	-2293185600	13.2
32556	-2290507200	14.9
32556	-2287915200	17.3
32556	-2285236800	19
32556	-2282558400	15.2
32556	-2279966400	6.7
32556	-2277288000	-1.7
32556	-2274696000	-5.4
32556	-2272017600	-6
32556	-2269339200	0
32556	-2266920000	-3.7
32556	-2264241600	6.7
32556	-2261649600	8.3
32556	-2258971200	13.4
32556	-2256379200	17.5
32556	-2253700800	19.3
32556	-2251022400	12.7
32556	-2248430400	4
32556	-2245752000	-1.4
32556	-2243160000	-5.8
32556	-2240481600	-5.2
32556	-2237803200	-11.8
32556	-2235384000	-4.9
32556	-2232705600	4.7
32556	-2230113600	8.4
32556	-2227435200	13.4
32556	-2224843200	19.1
32556	-2222164800	16.2
32556	-2219486400	14.6
32556	-2216894400	5.6
32556	-2214216000	1.6
32556	-2211624000	-5.7
32556	-2208945600	-2.3
32556	-2206267200	-7.7
32556	-2203848000	0.5
32556	-2201169600	1.3
32556	-2198577600	12.5
32556	-2195899200	18.2
32556	-2193307200	18
32556	-2190628800	17
32556	-2187950400	12.7
32556	-2185358400	8.3
32556	-2182680000	0.4
32556	-2180088000	1.1
32556	-2177409600	-4
32556	-2174731200	-4.9
32556	-2172312000	2.8
32556	-2169633600	5.1
32556	-2167041600	13.4
32556	-2164363200	12.2
32556	-2161771200	21.9
32556	-2159092800	19.8
32556	-2156414400	10.8
32556	-2153822400	10
32556	-2151144000	5.3
32556	-2148552000	-2.5
32556	-2145873600	-4.5
32556	-2143195200	-0.8
32556	-2140776000	-0.9
32556	-2138097600	5.5
32556	-2135505600	12.2
32556	-2132827200	13.8
32556	-2130235200	17.3
32556	-2127556800	17.9
32556	-2124878400	12.9
32556	-2122286400	8.2
32556	-2119608000	-0.5
32556	-2117016000	-7.3
32556	-2114337600	-6.2
32556	-2111659200	-10.4
32556	-2109240000	-5.5
32556	-2106561600	4.1
32556	-2103969600	9.1
32556	-2101291200	11.8
32556	-2098699200	16.7
32556	-2096020800	17.8
32556	-2093342400	11.3
32556	-2090750400	10.2
32556	-2088072000	-0.3
32556	-2085480000	-1.3
32556	-2082801600	-3.3
32556	-2080123200	-4.3
32556	-2077617600	-1
32556	-2074939200	6.9
32556	-2072347200	10.8
32556	-2069668800	14
32556	-2067076800	17.6
32556	-2064398400	18.3
32556	-2061720000	13.6
32556	-2059128000	9.8
32556	-2056449600	6.4
32556	-2053857600	-0.7
32556	-2051179200	-5.4
32556	-2048500800	-5.5
32556	-2046081600	3
32556	-2043403200	5.3
32556	-2040811200	8.1
32556	-2038132800	12.8
32556	-2035540800	18.4
32556	-2032862400	19
32556	-2030184000	14.8
32556	-2027592000	4.4
32556	-2024913600	1.9
32556	-2022321600	-1.5
32556	-2019643200	-1.8
32556	-2016964800	-1.2
32556	-2014545600	-5.1
32556	-2011867200	7.5
32556	-2009275200	9.3
32556	-2006596800	12.8
32556	-2004004800	18.9
32556	-2001326400	17.9
32556	-1998648000	14.6
32556	-1996056000	7.6
32556	-1993377600	-0.5
32556	-1990785600	0.2
32556	-1988107200	-10.4
32556	-1985428800	0.2
32556	-1983009600	1.8
32556	-1980331200	3.5
32556	-1977739200	8.5
32556	-1975060800	13.2
32556	-1972468800	17.5
32556	-1969790400	16.2
32556	-1967112000	12.9
32556	-1964520000	10.7
32556	-1961841600	2.9
32556	-1959249600	0.2
32556	-1956571200	-2.4
32556	-1953892800	-1.1
32556	-1951387200	0.3
32556	-1948708800	7.6
32556	-1946116800	8.8
32556	-1943438400	12.5
32556	-1940846400	19.7
32556	-1938168000	17.1
32556	-1935489600	15.4
32556	-1932897600	6
32556	-1930219200	2.4
32556	-1927627200	-3
32556	-1924948800	-7.2
32556	-1922270400	-2.9
32556	-1919851200	1
32556	-1917172800	2.1
32556	-1914580800	9.1
32556	-1911902400	15.5
32556	-1909310400	19.5
32556	-1906632000	19.8
32556	-1903953600	13.5
32556	-1901361600	8.3
32556	-1898683200	2.8
32556	-1896091200	-8.8
32556	-1893412800	-5
32556	-1890734400	-7.4
32556	-1888315200	7.1
32556	-1885636800	10.4
32556	-1883044800	11.7
32556	-1880366400	16.8
32556	-1877774400	20.4
32556	-1875096000	16.9
32556	-1872417600	12.1
32556	-1869825600	9.7
32556	-1867147200	2.1
32556	-1864555200	-2
32556	-1861876800	-4.4
32556	-1859198400	-5.7
32556	-1856779200	4.3
32556	-1854100800	4.8
32556	-1851508800	9.4
32556	-1848830400	15.7
32556	-1846238400	17.2
32556	-1843560000	15.7
32556	-1840881600	11.4
32556	-1838289600	4.6
32556	-1835611200	-2
32556	-1833019200	-4.7
32556	-1830340800	-4.3
32556	-1827662400	-1.9
32556	-1825156800	-6
32556	-1822478400	6.2
32556	-1819886400	9.6
32556	-1817208000	15.5
32556	-1814616000	16.4
32556	-1811937600	15.8
32556	-1809259200	9
32556	-1806667200	5.1
32556	-1803988800	3.7
32556	-1801396800	-1.9
32556	-1798718400	-5.5
32556	-1796040000	-7.9
32556	-1793620800	-3.4
32556	-1790942400	6.1
32556	-1788350400	10.2
32556	-1785672000	15.3
32556	-1783080000	17.8
32556	-1780401600	18
32556	-1777723200	12.7
32556	-1775131200	4.5
32556	-1772452800	2.6
32556	-1769860800	-3.3
32556	-1767182400	-0.3
32556	-1764504000	-3.6
32556	-1762084800	2.3
32556	-1759406400	5.6
32556	-1756814400	11.1
32556	-1754136000	13.9
32556	-1751544000	19.2
32556	-1748865600	17.3
32556	-1746187200	12.6
32556	-1743595200	7.4
32556	-1740916800	4.3
32556	-1738324800	-7.1
32556	-1735646400	-3.8
32556	-1732968000	0.4
32556	-1730548800	1.4
32556	-1727870400	9.7
32556	-1725278400	8.8
32556	-1722600000	11.6
32556	-1720008000	15.3
32556	-1717329600	18.5
32556	-1714651200	10.1
32556	-1712059200	10.3
32556	-1709380800	1.3
32556	-1706788800	-2.2
32556	-1704110400	-14
32556	-1701432000	-2.2
32556	-1698926400	3.7
32556	-1696248000	5.3
32556	-1693656000	7.3
32556	-1690977600	13.4
32556	-1688385600	19
32556	-1685707200	17.2
32556	-1683028800	12
32556	-1680436800	4.5
32556	-1677758400	-0.9
32556	-1675166400	-7.5
32556	-1672488000	-7.4
32556	-1669809600	-6.5
32556	-1667390400	-4.9
32556	-1664712000	2.2
32556	-1662120000	7.6
32556	-1659441600	13.6
32556	-1656849600	20.7
32556	-1654171200	17.7
32556	-1651492800	13.5
32556	-1648900800	6.2
32556	-1646222400	5.3
32556	-1643630400	-2.8
32556	-1640952000	-6.1
32556	-1638273600	-4.6
32556	-1635854400	4
32556	-1633176000	3.4
32556	-1630584000	8.8
32556	-1627905600	18.2
32556	-1625313600	18
32556	-1622635200	16.1
32556	-1619956800	12.2
32556	-1617364800	9.8
32556	-1614686400	-0.1
32556	-1612094400	-1.9
32556	-1609416000	-0.1
32556	-1606737600	-5.3
32556	-1604318400	0.2
32556	-1601640000	6.7
32556	-1599048000	11.3
32556	-1596369600	18
32556	-1593777600	20
32556	-1591099200	19.2
32556	-1588420800	13.7
32556	-1585828800	1.6
32556	-1583150400	-2.3
32556	-1580558400	-7.1
32556	-1577880000	-2.6
32556	-1575201600	-2.5
32556	-1572696000	-1.9
32556	-1570017600	1.5
32556	-1567425600	8.7
32556	-1564747200	13.6
32556	-1562155200	19.9
32556	-1559476800	18.7
32556	-1556798400	13
32556	-1554206400	6.7
32556	-1551528000	-0.9
32556	-1548936000	-2.2
32556	-1546257600	-2.3
32556	-1543579200	-0.2
32556	-1541160000	2
32556	-1538481600	4.4
32556	-1535889600	9.1
32556	-1533211200	16.7
32556	-1530619200	19.5
32556	-1527940800	19
32556	-1525262400	10.7
32556	-1522670400	10.3
32556	-1519992000	0.5
32556	-1517400000	-3.9
32556	-1514721600	-7.5
32556	-1512043200	-8
32556	-1509624000	0.4
32556	-1506945600	4
32556	-1504353600	9.6
32556	-1501675200	17
32556	-1499083200	18.4
32556	-1496404800	20.7
32556	-1493726400	15.7
32556	-1491134400	10.1
32556	-1488456000	-1
32556	-1485864000	-5.9
32556	-1483185600	-1.6
32556	-1480507200	-6.4
32556	-1478088000	-1.3
32556	-1475409600	4.7
32556	-1472817600	10.3
32556	-1470139200	13.7
32556	-1467547200	19.7
32556	-1464868800	16.8
32556	-1462190400	13.6
32556	-1459598400	4.2
32556	-1456920000	3.1
32556	-1454328000	-4
32556	-1451649600	-5.2
32556	-1448971200	0.7
32556	-1446465600	-3.1
32556	-1443787200	4.6
32556	-1441195200	10.8
32556	-1438516800	13.1
32556	-1435924800	17.6
32556	-1433246400	17.6
32556	-1430568000	12.6
32556	-1427976000	8.1
32556	-1425297600	0.9
32556	-1422705600	-8.9
32556	-1420027200	-2.7
32556	-1417348800	1.3
32556	-1414929600	2.4
32556	-1412251200	7.3
32556	-1409659200	12.3
32556	-1406980800	15.4
32556	-1404388800	20.4
32556	-1401710400	18.1
32556	-1399032000	12.4
32556	-1396440000	2.6
32556	-1393761600	3.7
32556	-1391169600	0.3
32556	-1388491200	-1.6
32556	-1385812800	1.9
32556	-1383393600	2.7
32556	-1380715200	7.4
32556	-1378123200	12
32556	-1375444800	16
32556	-1372852800	20.2
32556	-1370174400	18
32556	-1367496000	9.1
32556	-1364904000	9.5
32556	-1362225600	2.6
32556	-1359633600	-3.3
32556	-1356955200	-4.6
32556	-1354276800	-1.3
32556	-1351857600	1.9
32556	-1349179200	5
32556	-1346587200	7.7
32556	-1343908800	15.6
32556	-1341316800	18.8
32556	-1338638400	16.5
32556	-1335960000	12.4
32556	-1333368000	9.2
32556	-1330689600	-0.1
32556	-1328097600	-8.3
32556	-1325419200	-3.6
32556	-1322740800	-3
32556	-1320235200	2.4
32556	-1317556800	3.7
32556	-1314964800	13.1
32556	-1312286400	11.4
32556	-1309694400	18.2
32556	-1307016000	16.1
32556	-1304337600	12.1
32556	-1301745600	5.4
32556	-1299067200	1.1
32556	-1296475200	-3.2
32556	-1293796800	-10.1
32556	-1291118400	-7.3
32556	-1288699200	1.6
32556	-1286020800	3.8
32556	-1283428800	8.6
32556	-1280750400	13.8
32556	-1278158400	18.2
32556	-1275480000	20.4
32556	-1272801600	10
32556	-1270209600	9.3
32556	-1267531200	-1.7
32556	-1264939200	-2.2
32556	-1262260800	-13.1
32556	-1259582400	1.6
32556	-1257163200	-0.9
32556	-1254484800	10.7
32556	-1251892800	10.8
32556	-1249214400	15.6
32556	-1246622400	19.3
32556	-1243944000	20.2
32556	-1241265600	14.6
32556	-1238673600	5.2
32556	-1235995200	1.8
32556	-1233403200	-1.7
32556	-1230724800	0.2
32556	-1228046400	0.1
32556	-1225627200	1.4
32556	-1222948800	7
32556	-1220356800	11.8
32556	-1217678400	17.7
32556	-1215086400	20.4
32556	-1212408000	20
32556	-1209729600	14.4
32556	-1207137600	8.1
32556	-1204459200	-1
32556	-1201867200	-1.5
32556	-1199188800	-7.1
32556	-1196510400	-2.2
32556	-1194004800	-4.5
32556	-1191326400	5.6
32556	-1188734400	11.4
32556	-1186056000	15.4
32556	-1183464000	19.6
32556	-1180785600	18.1
32556	-1178107200	13.1
32556	-1175515200	5.2
32556	-1172836800	4
32556	-1170244800	-8
32556	-1167566400	-3.3
32556	-1164888000	-8.5
32556	-1162468800	1.8
32556	-1159790400	4
32556	-1157198400	9
32556	-1154520000	17.9
32556	-1151928000	21.7
32556	-1149249600	18.2
32556	-1146571200	13.8
32556	-1143979200	9.6
32556	-1141300800	4.4
32556	-1138708800	0.4
32556	-1136030400	2
32556	-1133352000	1.2
32556	-1130932800	3.7
32556	-1128254400	9.2
32556	-1125662400	15.1
32556	-1122984000	15.7
32556	-1120392000	21.2
32556	-1117713600	19.8
32556	-1115035200	11.4
32556	-1112443200	11.1
32556	-1109764800	5.3
32556	-1107172800	-2.2
32556	-1104494400	-3.8
32556	-1101816000	0.9
32556	-1099396800	-0.6
32556	-1096718400	2.5
32556	-1094126400	8.6
32556	-1091448000	14.6
32556	-1088856000	20.3
32556	-1086177600	18.9
32556	-1083499200	14.9
32556	-1080907200	7.1
32556	-1078228800	-1.3
32556	-1075636800	-1.1
32556	-1072958400	-4.6
32556	-1070280000	-13.5
32556	-1067774400	0.4
32556	-1065096000	5.5
32556	-1062504000	14.2
32556	-1059825600	17
32556	-1057233600	24
32556	-1054555200	19.5
32556	-1051876800	14
32556	-1049284800	7.9
32556	-1046606400	1.1
32556	-1044014400	-2.6
32556	-1041336000	-15.5
32556	-1038657600	-5.1
32556	-1036238400	-1.2
32556	-1033560000	5
32556	-1030968000	11.5
32556	-1028289600	14
32556	-1025697600	20.3
32556	-1023019200	18.9
32556	-1020340800	14.6
32556	-1017748800	9.7
32556	-1015070400	1.2
32556	-1012478400	-3.2
32556	-1009800000	-3.1
32556	-1007121600	-2.6
32556	-1004702400	0.8
32556	-1002024000	5.3
32556	-999432000	8.9
32556	-996753600	15.8
32556	-994161600	19.5
32556	-991483200	18.8
32556	-988804800	17.3
32556	-986212800	7.5
32556	-983534400	-1.2
32556	-980942400	-1.5
32556	-978264000	-1.3
32556	-975585600	-7
32556	-973166400	2.1
32556	-970488000	7.8
32556	-967896000	13
32556	-965217600	13
32556	-962625600	20.4
32556	-959947200	19.3
32556	-957268800	14.2
32556	-954676800	8.2
32556	-951998400	5.2
32556	-949406400	2.2
32556	-946728000	-7.9
32556	-944049600	-1.7
32556	-941544000	3.3
32556	-938865600	5
32556	-936273600	12.9
32556	-933595200	16.8
32556	-931003200	20.4
32556	-928324800	19.9
32556	-925646400	15.1
32556	-923054400	10.3
32556	-920376000	-2.5
32556	-917784000	-0.5
32556	-915105600	-2.4
32556	-912427200	-1.8
32556	-910008000	1.7
32556	-907329600	5
32556	-904737600	11.9
32556	-902059200	14.5
32556	-899467200	19.5
32556	-896788800	18.5
32556	-894110400	9.7
32556	-891518400	6
32556	-888840000	2.8
32556	-886248000	-3.1
32556	-883569600	-5.1
32556	-880891200	-6.6
32556	-878472000	-0.5
32556	-875793600	6.3
32556	-873201600	7.8
32556	-870523200	11.5
32556	-867931200	19
32556	-865252800	18.2
32556	-862574400	11.8
32556	-859982400	7.2
32556	-857304000	0.7
32556	-854712000	-1
32556	-852033600	-7.9
32556	-849355200	-0.5
32556	-846936000	-2.9
32556	-844257600	8.9
32556	-841665600	8
32556	-838987200	13.3
32556	-836395200	19.7
32556	-833716800	18.7
32556	-831038400	13.7
32556	-828446400	9.5
32556	-825768000	3.4
32556	-823176000	-2.1
32556	-820497600	-2
32556	-817819200	-3.3
32556	-815313600	-2.3
32556	-812635200	6.3
32556	-810043200	11.7
32556	-807364800	12.4
32556	-804772800	17.1
32556	-802094400	16.4
32556	-799416000	12.4
32556	-796824000	10.1
32556	-794145600	0.5
32556	-791553600	-4.2
32556	-788875200	-0.8
32556	-786196800	-2.4
32556	-783777600	1.9
32556	-781099200	3.3
32556	-778507200	8.6
32556	-775828800	12.2
32556	-773236800	19.6
32556	-770558400	18.4
32556	-767880000	11.7
32556	-765288000	9.7
32556	-762609600	0.9
32556	-760017600	-3.9
32556	-757339200	-2
32556	-754660800	-1
32556	-752241600	3.2
32556	-749563200	8.5
32556	-746971200	8.3
32556	-744292800	14.1
32556	-741700800	19.9
32556	-739022400	17.6
32556	-736344000	12.3
32556	-733752000	3.5
32556	-731073600	-0.7
32556	-728481600	-1.1
32556	-725803200	-5
32556	-723124800	-3.4
32556	-720705600	-0.9
32556	-718027200	5
32556	-715435200	10.9
32556	-712756800	11.8
32556	-710164800	20.1
32556	-707486400	17.9
32556	-704808000	12.1
32556	-702216000	10
32556	-699537600	-2.3
32556	-696945600	-2.8
32556	-694267200	-4
32556	-691588800	-5.7
32556	-689083200	-3.2
32556	-686404800	5.8
32556	-683812800	10.7
32556	-681134400	14.9
32556	-678542400	17.2
32556	-675864000	18.5
32556	-673185600	14.9
32556	-670593600	9
32556	-667915200	-0.3
32556	-665323200	-6.1
32556	-662644800	-12.3
32556	-659966400	-5.9
32556	-657547200	-0.1
32556	-654868800	8.8
32556	-652276800	12.3
32556	-649598400	14.3
32556	-647006400	18.6
32556	-644328000	19.7
32556	-641649600	13
32556	-639057600	4.5
32556	-636379200	7.3
32556	-633787200	-3.7
32556	-631108800	-11.1
32556	-628430400	0.9
32556	-626011200	-1
32556	-623332800	4.6
32556	-620740800	8.4
32556	-618062400	13.8
32556	-615470400	16.9
32556	-612792000	17.5
32556	-610113600	11.9
32556	-607521600	9.4
32556	-604843200	-0.2
32556	-602251200	0.6
32556	-599572800	-5.3
32556	-596894400	-0.7
32556	-594475200	-3.3
32556	-591796800	5
32556	-589204800	10.8
32556	-586526400	11.5
32556	-583934400	19.1
32556	-581256000	17.1
32556	-578577600	11.1
32556	-575985600	4.6
32556	-573307200	0.8
32556	-570715200	-6.9
32556	-568036800	-5.1
32556	-565358400	-2.1
32556	-562852800	-2.4
32556	-560174400	7.9
32556	-557582400	10.4
32556	-554904000	14.8
32556	-552312000	17.3
32556	-549633600	18.4
32556	-546955200	15.1
32556	-544363200	9.5
32556	-541684800	-1.1
32556	-539092800	-1.1
32556	-536414400	1.6
32556	-533736000	-1.8
32556	-531316800	2.1
32556	-528638400	2.2
32556	-526046400	7.2
32556	-523368000	13.7
32556	-520776000	20.5
32556	-518097600	19.2
32556	-515419200	14.7
32556	-512827200	9.7
32556	-510148800	4.5
32556	-507556800	-2.2
32556	-504878400	-7.5
32556	-502200000	2.6
32556	-499780800	-3.8
32556	-497102400	4.6
32556	-494510400	9.7
32556	-491832000	12.3
32556	-489240000	19.4
32556	-486561600	16.4
32556	-483883200	12.2
32556	-481291200	5.6
32556	-478612800	4.6
32556	-476020800	-1.8
32556	-473342400	-5.1
32556	-470664000	-6.3
32556	-468244800	-4.6
32556	-465566400	3.8
32556	-462974400	10.4
32556	-460296000	13.9
32556	-457704000	19.6
32556	-455025600	20.3
32556	-452347200	12.7
32556	-449755200	9.4
32556	-447076800	-5.2
32556	-444484800	-4.4
32556	-441806400	-4.7
32556	-439128000	-4.7
32556	-436622400	1.2
32556	-433944000	4.1
32556	-431352000	10.5
32556	-428673600	16.4
32556	-426081600	19.3
32556	-423403200	17
32556	-420724800	13.8
32556	-418132800	7.3
32556	-415454400	0
32556	-412862400	-1.8
32556	-410184000	-11.1
32556	-407505600	-1.1
32556	-405086400	0.5
32556	-402408000	4
32556	-399816000	11.5
32556	-397137600	14.9
32556	-394545600	19
32556	-391867200	18.4
32556	-389188800	12.5
32556	-386596800	5.7
32556	-383918400	-1.5
32556	-381326400	1.2
32556	-378648000	0.1
32556	-375969600	-0.2
32556	-373550400	-1.6
32556	-370872000	4.4
32556	-368280000	14.5
32556	-365601600	13.8
32556	-363009600	16.7
32556	-360331200	19.2
32556	-357652800	13
32556	-355060800	9.4
32556	-352382400	0.9
32556	-349790400	-1.8
32556	-347112000	-2.7
32556	-344433600	-6.2
32556	-342014400	1.6
32556	-339336000	4.7
32556	-336744000	7.4
32556	-334065600	16
32556	-331473600	19
32556	-328795200	18
32556	-326116800	11.5
32556	-323524800	6.8
32556	-320846400	-0.8
32556	-318254400	0.2
32556	-315576000	-4.6
32556	-312897600	-5.9
32556	-310392000	-0.2
32556	-307713600	4.5
32556	-305121600	10
32556	-302443200	14.8
32556	-299851200	20.7
32556	-297172800	16.8
32556	-294494400	14
32556	-291902400	8.7
32556	-289224000	1.5
32556	-286632000	-1.9
32556	-283953600	-0.7
32556	-281275200	2.4
32556	-278856000	2.6
32556	-276177600	4.3
32556	-273585600	10.6
32556	-270907200	17.9
32556	-268315200	20
32556	-265636800	20.2
32556	-262958400	8.5
32556	-260366400	6.9
32556	-257688000	-0.7
32556	-255096000	-4.2
32556	-252417600	-8.6
32556	-249739200	-3.9
32556	-247320000	-0.4
32556	-244641600	7.8
32556	-242049600	9.7
32556	-239371200	14.9
32556	-236779200	16.9
32556	-234100800	15.2
32556	-231422400	11
32556	-228830400	8.5
32556	-226152000	1.9
32556	-223560000	-1.1
32556	-220881600	-11.6
32556	-218203200	0.7
32556	-215784000	1.3
32556	-213105600	3.8
32556	-210513600	9.2
32556	-207835200	13
32556	-205243200	16.6
32556	-202564800	16.8
32556	-199886400	15.9
32556	-197294400	11
32556	-194616000	2.8
32556	-192024000	-3.7
32556	-189345600	-3.2
32556	-186667200	-2.7
32556	-184161600	-2.3
32556	-181483200	5
32556	-178891200	11.1
32556	-176212800	14.1
32556	-173620800	20.1
32556	-170942400	16.4
32556	-168264000	11.9
32556	-165672000	9.7
32556	-162993600	0.8
32556	-160401600	-4.3
32556	-157723200	-0.7
32556	-155044800	-3.1
32556	-152625600	-5.8
32556	-149947200	5.6
32556	-147355200	8.7
32556	-144676800	13.5
32556	-142084800	18.1
32556	-139406400	16.6
32556	-136728000	6.2
32556	-134136000	11.1
32556	-131457600	3.6
32556	-128865600	-1
32556	-126187200	-4.2
32556	-123508800	-2.5
32556	-121089600	2
32556	-118411200	3.9
32556	-115819200	12.2
32556	-113140800	13.4
32556	-110548800	20
32556	-107870400	17.1
32556	-105192000	15.1
32556	-102600000	8.2
32556	-99921600	1.4
32556	-97329600	-2.4
32556	-94651200	-1.3
32556	-91972800	-0.3
32556	-89553600	-1.6
32556	-86875200	3.3
32556	-84283200	9.3
32556	-81604800	13
32556	-79012800	19
32556	-76334400	18.7
32556	-73656000	16.1
32556	-71064000	8.2
32556	-68385600	1.1
32556	-65793600	-6.4
32556	-63115200	-5.3
32556	-60436800	-0.5
32556	-57931200	3.2
32556	-55252800	3.7
32556	-52660800	8.4
32556	-49982400	14.4
32556	-47390400	18.4
32556	-44712000	16.2
32556	-42033600	12.5
32556	-39441600	8.3
32556	-36763200	0.2
32556	-34171200	-5.8
32556	-31492800	-10.2
32556	-28814400	-3.6
32556	-26395200	-2
32556	-23716800	7.8
32556	-21124800	11.6
32556	-18446400	12.9
32556	-15854400	18.2
32556	-13176000	19.6
32556	-10497600	14.2
32556	-7905600	2.7
32556	-5227200	3.1
32556	-2635200	-1.1
32556	43200	-4.5
32556	2721600	1.2
32556	5140800	-1.9
32556	7819200	1.1
32556	10411200	10.7
32556	13089600	16.2
32556	15681600	19.3
32556	18360000	19.5
32556	21038400	10.3
32556	23630400	4.9
32556	26308800	0.7
32556	28900800	-3.4
32556	31579200	-4.8
32556	34257600	-2.1
32556	36676800	-0.4
32556	39355200	4.7
32556	41947200	10.3
32556	44625600	14.3
32556	47217600	17.4
32556	49896000	21.1
32556	52574400	10.5
32556	55166400	5.6
32556	57844800	1.3
32556	60436800	-6
32556	63115200	-8
32556	65793600	-0.7
32556	68299200	4.7
32556	70977600	4.7
32556	73569600	9.8
32556	76248000	15.8
32556	78840000	16.8
32556	81518400	19
32556	84196800	10.7
32556	86788800	5.5
32556	89467200	0.4
32556	92059200	-7.1
32556	94737600	-5.5
32556	97416000	-2.7
32556	99835200	1.2
32556	102513600	3
32556	105105600	9.7
32556	107784000	15.4
32556	110376000	19.4
32556	113054400	18.9
32556	115732800	11.9
32556	118324800	8.2
32556	121003200	-1.6
32556	123595200	-1
32556	126273600	-6
32556	128952000	0.2
32556	131371200	0.3
32556	134049600	6.8
32556	136641600	8.4
32556	139320000	17
32556	141912000	20.4
32556	144590400	16.4
32556	147268800	12.4
32556	149860800	9.1
32556	152539200	1.8
32556	155131200	-2.9
32556	157809600	-5.2
32556	160488000	-7.3
32556	162907200	-2.9
32556	165585600	0.6
32556	168177600	7.6
32556	170856000	13.1
32556	173448000	20.2
32556	176126400	16.2
32556	178804800	11.9
32556	181396800	6.6
32556	184075200	-0.6
32556	186667200	-1.1
32556	189345600	-2.4
32556	192024000	-0.5
32556	194529600	-1.2
32556	197208000	5.6
32556	199800000	12.2
32556	202478400	14.6
32556	205070400	19.8
32556	207748800	18.2
32556	210427200	14.1
32556	213019200	7.5
32556	215697600	1
32556	218289600	-0.6
32556	220968000	-6.3
32556	223646400	1.5
32556	226065600	-0.4
32556	228744000	7.8
32556	231336000	10.1
32556	234014400	17
32556	236606400	18.6
32556	239284800	16.5
32556	241963200	11.9
32556	244555200	8.2
32556	247233600	-0.6
32556	249825600	-4.6
32556	252504000	-5.6
32556	255182400	-4.9
32556	257601600	2.9
32556	260280000	5.5
32556	262872000	8.8
32556	265550400	14.8
32556	268142400	17.9
32556	270820800	17
32556	273499200	13.6
32556	276091200	9.5
32556	278769600	-3.9
32556	281361600	-8.9
32556	284040000	-12.8
32556	286718400	-4
32556	289137600	1.4
32556	291816000	4.5
32556	294408000	9.9
32556	297086400	14.9
32556	299678400	18.8
32556	302356800	18.3
32556	305035200	15.8
32556	307627200	9.3
32556	310305600	-0.5
32556	312897600	-0.1
32556	315576000	-7.9
32556	318254400	-0.7
32556	320760000	-0.8
32556	323438400	6.9
32556	326030400	10.8
32556	328708800	14.4
32556	331300800	19.1
32556	333979200	15.2
32556	336657600	13.5
32556	339249600	8.4
32556	341928000	3.6
32556	344520000	-1.1
32556	347198400	0.7
32556	349876800	-1.6
32556	352296000	3.2
32556	354974400	6.6
32556	357566400	10.1
32556	360244800	13.6
32556	362836800	18.6
32556	365515200	18.5
32556	368193600	13.6
32556	370785600	5.5
32556	373464000	3.2
32556	376056000	-2.6
32556	378734400	-6.5
32556	381412800	-3.7
32556	383832000	0.6
32556	386510400	2.9
32556	389102400	8.4
32556	391780800	13.1
32556	394372800	17.6
32556	397051200	18.5
32556	399729600	11.4
32556	402321600	7.1
32556	4.05e+08	-0.4
32556	407592000	-3.4
32556	410270400	0.6
32556	412948800	2
32556	415368000	3.6
32556	418046400	4.1
32556	420638400	9.1
32556	423316800	13.7
32556	425908800	17.5
32556	428587200	19.9
32556	431265600	11.7
32556	433857600	8.5
32556	436536000	1.5
32556	439128000	-10.7
32556	441806400	-2.7
32556	444484800	0.7
32556	446990400	2.2
32556	449668800	4.9
32556	452260800	11.2
32556	454939200	13.3
32556	457531200	18.5
32556	460209600	18.8
32556	462888000	9.9
32556	465480000	4
32556	468158400	2.3
32556	470750400	-4.8
32556	473428800	-7.7
32556	476107200	-5.2
32556	478526400	-0.9
32556	481204800	7.8
32556	483796800	12.1
32556	486475200	15.3
32556	489067200	20.2
32556	491745600	16.4
32556	494424000	9.7
32556	497016000	6.8
32556	499694400	-7.2
32556	502286400	-5.2
32556	504964800	1.3
32556	507643200	-1.8
32556	510062400	6.5
32556	512740800	6
32556	515332800	10.4
32556	518011200	17.3
32556	520603200	16.8
32556	523281600	18.1
32556	525960000	10.3
32556	528552000	7
32556	531230400	0.1
32556	533822400	-2.4
32556	536500800	-3.8
32556	539179200	0.2
32556	541598400	3
32556	544276800	10.2
32556	546868800	12.6
32556	549547200	16.1
32556	552139200	17.3
32556	554817600	16
32556	557496000	14.3
32556	560088000	7.7
32556	562766400	2.7
32556	565358400	-2.3
32556	568036800	-5.5
32556	570715200	-0.9
32556	573220800	1.9
32556	575899200	7.9
32556	578491200	11.9
32556	581169600	18.8
32556	583761600	20.6
32556	586440000	18.7
32556	589118400	12.8
32556	591710400	10.4
32556	594388800	0.6
32556	596980800	-3.9
32556	599659200	-3.6
32556	602337600	-10.2
32556	604756800	0.1
32556	607435200	6.4
32556	610027200	10.4
32556	612705600	14.8
32556	615297600	20.3
32556	617976000	17
32556	620654400	13
32556	623246400	7.2
32556	625924800	3.5
32556	628516800	-4.2
32556	631195200	-2.2
32556	633873600	-2.1
32556	636292800	1.7
32556	638971200	7
32556	641563200	9.7
32556	644241600	14.9
32556	646833600	18.9
32556	649512000	18.5
32556	652190400	15.6
32556	654782400	8.1
32556	657460800	4.1
32556	660052800	-9
32556	662731200	-4.9
32556	665409600	3.5
32556	667828800	1.9
32556	670507200	4.8
32556	673099200	10.2
32556	675777600	14.9
32556	678369600	19.5
32556	681048000	20.7
32556	683726400	13.2
32556	686318400	5.8
32556	688996800	-1.3
32556	691588800	-0.8
32556	694267200	-0.5
32556	696945600	2.1
32556	699451200	5.3
32556	702129600	7.8
32556	704721600	12.3
32556	707400000	15
32556	709992000	15.9
32556	712670400	16
32556	715348800	12.8
32556	717940800	8
32556	720619200	-0.3
32556	723211200	-6.9
32556	725889600	-6.6
32556	728568000	-6.7
32556	730987200	3
32556	733665600	5.8
32556	736257600	12.3
32556	738936000	13.3
32556	741528000	13.6
32556	744206400	14.5
32556	746884800	11.1
32556	749476800	7.2
32556	752155200	-2.2
32556	754747200	-1.5
32556	757425600	0.1
32556	760104000	-4
32556	762523200	3.9
32556	765201600	6.8
32556	767793600	12.5
32556	770472000	14.9
32556	773064000	17.5
32556	775742400	18.6
32556	778420800	14
32556	781012800	6.5
32556	783691200	-0.4
32556	786283200	-1.6
32556	788961600	-2.8
32556	791640000	0.7
32556	794059200	0.5
32556	796737600	4.8
32556	799329600	9.5
32556	802008000	14.2
32556	804600000	18.1
32556	807278400	18.5
32556	809956800	12.5
32556	812548800	6
32556	815227200	3.2
32556	817819200	-1.7
32556	820497600	-6.4
32556	823176000	-3
32556	825681600	-1.7
32556	828360000	6.8
32556	830952000	8.6
32556	833630400	16.1
32556	836222400	19
32556	838900800	18.6
32556	841579200	11.6
32556	844171200	6.5
32556	846849600	-1.3
32556	849441600	-4.1
32556	852120000	-6.2
32556	854798400	-3
32556	857217600	2.8
32556	859896000	2.9
32556	862488000	11.5
32556	865166400	15.7
32556	867758400	17.9
32556	870436800	17.5
32556	873115200	14.5
32556	875707200	7.2
32556	878385600	0.9
32556	880977600	-2.9
32556	883656000	-3.1
32556	886334400	-0.2
32556	888753600	0.6
32556	891432000	6.6
32556	894024000	11.7
32556	896702400	11.7
32556	899294400	20.2
32556	901972800	19.3
32556	904651200	17.1
32556	907243200	7.4
32556	909921600	3.9
32556	912513600	-5
32556	915192000	-1.6
32556	917870400	1.4
32556	920289600	3.1
32556	922968000	4.4
32556	925560000	10.2
32556	928238400	13.9
32556	930830400	18.4
32556	933508800	19.6
32556	936187200	12.2
32556	938779200	8.6
32556	941457600	7.7
32556	944049600	-1.9
32556	946728000	-1.9
32556	949406400	1.5
32556	951912000	3.7
32556	954590400	8
32556	957182400	11.5
32556	959860800	15
32556	962452800	20.4
32556	965131200	19.4
32556	967809600	12.9
32556	970401600	7.3
32556	973080000	-4.9
32556	975672000	-4.7
32556	978350400	-4.2
32556	981028800	-4.3
32556	983448000	2.7
32556	986126400	6.2
32556	988718400	12.3
32556	991396800	15.3
32556	993988800	19.4
32556	996667200	20.1
32556	999345600	15.1
32556	1001937600	7.8
32556	1004616000	4.8
32556	1007208000	-4
32556	1009886400	-2.9
32556	1012564800	-2.9
32556	1014984000	-3.6
32556	1017662400	4.6
32556	1020254400	9.3
32556	1022932800	14.8
32556	1025524800	20.2
32556	1028203200	15.7
32556	1030881600	13.5
32556	1033473600	3.6
32556	1036152000	1.3
32556	1038744000	-0.3
32556	1041422400	-0.4
32556	1044100800	-5.2
32556	1046520000	1.1
32556	1049198400	7.2
32556	1051790400	10.4
32556	1054468800	14.4
32556	1057060800	21.1
32556	1059739200	20.5
32556	1062417600	13.2
32556	1065009600	9.7
32556	1067688000	-1.7
32556	1070280000	-0.4
32556	1072958400	-2.9
32556	1075636800	-0.5
32556	1078142400	5.8
32556	1080820800	8
32556	1083412800	10.5
32556	1086091200	13.8
32556	1088683200	18.6
32556	1091361600	16.9
32556	1094040000	12.3
32556	1096632000	7.5
32556	1099310400	2.3
32556	1101902400	0.4
32556	1104580800	-3.5
32556	1107259200	0.1
32556	1109678400	3
32556	1112356800	6.7
32556	1114948800	10.3
32556	1117627200	14.2
32556	1120219200	20.7
32556	1122897600	17.8
32556	1125576000	14.6
32556	1128168000	9.7
32556	1130846400	2.8
32556	1133438400	-3.4
32556	1136116800	1
32556	1138795200	-2.6
32556	1141214400	1.9
32556	1143892800	8.3
32556	1146484800	11.9
32556	1149163200	16.9
32556	1151755200	22.5
32556	1154433600	19.2
32556	1157112000	13.9
32556	1159704000	7.2
32556	1162382400	2.2
32556	1164974400	-2.3
32556	1167652800	-5.6
32556	1170331200	-1.9
32556	1172750400	6.2
32556	1175428800	6.1
32556	1178020800	11.2
32556	1180699200	15.8
32556	1183291200	22
32556	1185969600	18.5
32556	1188648000	13.2
32556	1191240000	8.1
32556	1193918400	1.8
32556	1196510400	-3.6
32556	1199188800	-5.3
32556	1201867200	-1.7
32556	1204372800	0.4
32556	1207051200	5.5
32556	1209643200	10.9
32556	1212321600	14.2
32556	1214913600	18.9
32556	1217592000	20.5
32556	1220270400	12
32556	1222862400	7.9
32556	1225540800	4.1
32556	1228132800	-6.8
32556	1230811200	-3.1
32556	1233489600	0.3
32556	1235908800	-0.1
32556	1238587200	5.2
32556	1241179200	11
32556	1243857600	13.4
32556	1246449600	17.3
32556	1249128000	17.4
32556	1251806400	15.7
32556	1254398400	3.4
32556	1257076800	3.4
32556	1259668800	-7.4
32556	1262347200	-1.6
32556	1265025600	-1.1
32556	1267444800	4.1
32556	1270123200	5.5
32556	1272715200	8.4
32556	1275393600	14.4
32556	1277985600	18.6
32556	1280664000	17.6
32556	1283342400	13.5
32556	1285934400	10.3
32556	1288612800	-0.6
32556	1291204800	-2.8
32556	1293883200	-2.7
32556	1296561600	-5.4
32556	1298980800	2.1
32556	1301659200	4.5
32556	1304251200	8.7
32556	1306929600	13.7
32556	1309521600	19.4
32556	1312200000	19.3
32556	1314878400	15.2
32556	1317470400	8.7
32556	1320148800	1.7
32556	1322740800	-1.4
32556	1325419200	0.4
32556	1328097600	-1.6
32556	1330603200	6.3
32556	1333281600	8.8
32556	1335873600	10.4
32556	1338552000	15.9
32556	1341144000	21.8
32556	1343822400	20.2
32556	1346500800	15.2
32556	1349092800	6.7
32556	1351771200	3.7
32556	1354363200	-2.9
32556	1357041600	-3.7
32556	1359720000	-1.6
32556	1362139200	2.1
32556	1364817600	4.2
32556	1367409600	10.8
32556	1370088000	15.3
32556	1372680000	20.3
32556	1375358400	20
32556	1378036800	14.9
32556	1380628800	5.5
32556	1383307200	1.8
32556	1385899200	-6.1
32556	1388577600	-1.7
32556	1391256000	-7.8
32556	1393675200	0.2
32557	-2427105600	-8.9
32557	-2424686400	-3.3
32557	-2422008000	0.4
32557	-2419416000	6
32557	-2416737600	8.6
32557	-2414145600	14.5
32557	-2411467200	13.5
32557	-2408788800	8.6
32557	-2406196800	1.7
32557	-2403518400	-2.8
32557	-2400926400	-3.2
32557	-2398248000	-7.9
32557	-2395569600	-11.3
32557	-2393150400	-3.2
32557	-2390472000	2.6
32557	-2387880000	7.9
32557	-2385201600	9.8
32557	-2382609600	15
32557	-2379931200	15.9
32557	-2377252800	7.8
32557	-2374660800	4.7
32557	-2371982400	1.9
32557	-2369390400	-6.9
32557	-2366712000	-9.6
32557	-2364033600	-7.4
32557	-2361614400	-3.5
32557	-2358936000	3.8
32557	-2356344000	6.2
32557	-2353665600	8.5
32557	-2351073600	13.3
32557	-2348395200	13.8
32557	-2345716800	7.2
32557	-2343124800	5.1
32557	-2340446400	-2.7
32557	-2337854400	-6.9
32557	-2335176000	-5
32557	-2332497600	-2.9
32557	-2329992000	-5
32557	-2327313600	0.2
32557	-2324721600	3.6
32557	-2322043200	12
32557	-2319451200	15.5
32557	-2316772800	13.5
32557	-2314094400	7.5
32557	-2311502400	5
32557	-2308824000	-6.8
32557	-2306232000	-0.2
32557	-2303553600	-9.2
32557	-2300875200	-7.3
32557	-2298456000	-8.4
32557	-2295777600	3.4
32557	-2293185600	10.9
32557	-2290507200	10.7
32557	-2287915200	12.7
32557	-2285236800	15.8
32557	-2282558400	9.9
32557	-2279966400	5
32557	-2277288000	-3
32557	-2274696000	-6.2
32557	-2272017600	-8.7
32557	-2269339200	-2.4
32557	-2266920000	-7.1
32557	-2264241600	4.2
32557	-2261649600	6.9
32557	-2258971200	11
32557	-2256379200	14.7
32557	-2253700800	16.1
32557	-2251022400	9.5
32557	-2248430400	2.7
32557	-2245752000	-3.2
32557	-2243160000	-7.9
32557	-2240481600	-5.1
32557	-2237803200	-12
32557	-2235384000	-5.8
32557	-2232705600	1.4
32557	-2230113600	4.7
32557	-2227435200	9.9
32557	-2224843200	15.6
32557	-2222164800	11.8
32557	-2219486400	10.8
32557	-2216894400	2.9
32557	-2214216000	1.6
32557	-2211624000	-4.8
32557	-2208945600	-3.1
32557	-2206267200	-6
32557	-2203848000	0.6
32557	-2201169600	5.2
32557	-2198577600	9.2
32557	-2195899200	13.9
32557	-2193307200	14.4
32557	-2190628800	11.8
32557	-2187950400	7.9
32557	-2185358400	4.3
32557	-2182680000	-3
32557	-2180088000	-1.8
32557	-2177409600	-6.2
32557	-2174731200	-7.1
32557	-2172312000	-1.8
32557	-2169633600	2.2
32557	-2167041600	10.2
32557	-2164363200	8
32557	-2161771200	16.5
32557	-2159092800	15.4
32557	-2156414400	7.4
32557	-2153822400	7.2
32557	-2151144000	0.9
32557	-2148552000	-4.8
32557	-2145873600	-8.7
32557	-2143195200	-3.6
32557	-2140776000	-2.8
32557	-2138097600	2.1
32557	-2135505600	8.1
32557	-2132827200	9.9
32557	-2130235200	12.7
32557	-2127556800	13
32557	-2124878400	8.7
32557	-2122286400	6.3
32557	-2119608000	-2.4
32557	-2117016000	-5.1
32557	-2114337600	-5.7
32557	-2111659200	-8.3
32557	-2109240000	-3
32557	-2106561600	1.7
32557	-2103969600	5.8
32557	-2101291200	13.2
32557	-2098699200	12.8
32557	-2096020800	14.4
32557	-2093342400	8.5
32557	-2090750400	6.5
32557	-2088072000	-3.5
32557	-2085480000	-3.9
32557	-2082801600	-4.9
32557	-2080123200	-5.4
32557	-2077617600	-3.7
32557	-2074939200	5.3
32557	-2072347200	8
32557	-2069668800	10.7
32557	-2067076800	14.5
32557	-2064398400	14.9
32557	-2061720000	11.8
32557	-2059128000	7
32557	-2056449600	3.3
32557	-2053857600	-2.8
32557	-2051179200	-7.4
32557	-2048500800	-7.8
32557	-2046081600	1.3
32557	-2043403200	5
32557	-2040811200	6.7
32557	-2038132800	10.7
32557	-2035540800	15
32557	-2032862400	14.8
32557	-2030184000	10.8
32557	-2027592000	1.3
32557	-2024913600	-1.9
32557	-2022321600	-4.4
32557	-2019643200	-3.7
32557	-2016964800	-3.2
32557	-2014545600	-5.8
32557	-2011867200	5
32557	-2009275200	6.8
32557	-2006596800	9.6
32557	-2004004800	16.4
32557	-2001326400	14.3
32557	-1998648000	10.6
32557	-1996056000	5.6
32557	-1993377600	-3.8
32557	-1990785600	-2.4
32557	-1988107200	-13.3
32557	-1985428800	-3.3
32557	-1983009600	-2.6
32557	-1980331200	1.3
32557	-1977739200	5.9
32557	-1975060800	9.5
32557	-1972468800	14
32557	-1969790400	11.8
32557	-1967112000	8.7
32557	-1964520000	7.1
32557	-1961841600	-0.4
32557	-1959249600	-5.9
32557	-1956571200	-7.6
32557	-1953892800	-6
32557	-1951387200	-2.6
32557	-1948708800	2.5
32557	-1946116800	5.3
32557	-1943438400	8.5
32557	-1940846400	15.6
32557	-1938168000	13.4
32557	-1935489600	10.1
32557	-1932897600	3.1
32557	-1930219200	-0.8
32557	-1927627200	-5.3
32557	-1924948800	-8.8
32557	-1922270400	-3.9
32557	-1919851200	-2.9
32557	-1917172800	-0.8
32557	-1914580800	5.4
32557	-1911902400	10.3
32557	-1909310400	14.1
32557	-1906632000	14.5
32557	-1903953600	9.8
32557	-1901361600	5.1
32557	-1898683200	-0.5
32557	-1896091200	-9.6
32557	-1893412800	-8.8
32557	-1890734400	-9.6
32557	-1888315200	3.8
32557	-1885636800	7.3
32557	-1883044800	9.4
32557	-1880366400	12.9
32557	-1877774400	16.9
32557	-1875096000	13.3
32557	-1872417600	9.1
32557	-1869825600	7
32557	-1867147200	-1.1
32557	-1864555200	-5.1
32557	-1861876800	-6.5
32557	-1859198400	-9.4
32557	-1856779200	1.2
32557	-1854100800	1.9
32557	-1851508800	6.1
32557	-1848830400	12.2
32557	-1846238400	14
32557	-1843560000	12.3
32557	-1840881600	7.6
32557	-1838289600	3.3
32557	-1835611200	-4.7
32557	-1833019200	-6.8
32557	-1830340800	-5.4
32557	-1827662400	-3.7
32557	-1825156800	-8.7
32557	-1822478400	2.9
32557	-1819886400	6.8
32557	-1817208000	13.4
32557	-1814616000	13.2
32557	-1811937600	13.3
32557	-1809259200	5.7
32557	-1806667200	2.4
32557	-1803988800	0.3
32557	-1801396800	-4.5
32557	-1798718400	-7.6
32557	-1796040000	-9.1
32557	-1793620800	-3.4
32557	-1790942400	4.2
32557	-1788350400	7.7
32557	-1785672000	12.4
32557	-1783080000	13.6
32557	-1780401600	16.1
32557	-1777723200	10.8
32557	-1775131200	3
32557	-1772452800	0.2
32557	-1769860800	-6.2
32557	-1767182400	-3.8
32557	-1764504000	-5.6
32557	-1762084800	1.2
32557	-1759406400	4.7
32557	-1756814400	9.3
32557	-1754136000	10.9
32557	-1751544000	16.7
32557	-1748865600	14.8
32557	-1746187200	9.6
32557	-1743595200	4.7
32557	-1740916800	0.8
32557	-1738324800	-10.4
32557	-1735646400	-6.3
32557	-1732968000	-4.2
32557	-1730548800	0.3
32557	-1727870400	5.8
32557	-1725278400	7
32557	-1722600000	9.4
32557	-1720008000	12.4
32557	-1717329600	16.6
32557	-1714651200	8.1
32557	-1712059200	5.7
32557	-1709380800	-2.9
32557	-1706788800	-6.8
32557	-1704110400	-15.9
32557	-1701432000	-5.6
32557	-1698926400	0.5
32557	-1696248000	2.7
32557	-1693656000	4.4
32557	-1690977600	9.2
32557	-1688385600	14.7
32557	-1685707200	13.9
32557	-1683028800	9.3
32557	-1680436800	2.4
32557	-1677758400	-5.9
32557	-1675166400	-9.7
32557	-1672488000	-9.2
32557	-1669809600	-6.9
32557	-1667390400	-7.9
32557	-1664712000	0.1
32557	-1662120000	5.6
32557	-1659441600	9.9
32557	-1656849600	16.6
32557	-1654171200	14.2
32557	-1651492800	11.4
32557	-1648900800	4.7
32557	-1646222400	2
32557	-1643630400	-1.3
32557	-1640952000	-6.7
32557	-1638273600	-6.7
32557	-1635854400	1.2
32557	-1633176000	1.9
32557	-1630584000	5.5
32557	-1627905600	14.6
32557	-1625313600	15.4
32557	-1622635200	12.9
32557	-1619956800	10.3
32557	-1617364800	6.2
32557	-1614686400	-3
32557	-1612094400	-4.3
32557	-1609416000	-3.6
32557	-1606737600	-6.5
32557	-1604318400	-0.7
32557	-1601640000	4.4
32557	-1599048000	8.3
32557	-1596369600	13
32557	-1593777600	16.9
32557	-1591099200	15.3
32557	-1588420800	10.4
32557	-1585828800	-0.2
32557	-1583150400	-5.1
32557	-1580558400	-9
32557	-1577880000	-4.8
32557	-1575201600	-5.1
32557	-1572696000	-4.6
32557	-1570017600	-0.2
32557	-1567425600	5.5
32557	-1564747200	10.1
32557	-1562155200	16
32557	-1559476800	14.3
32557	-1556798400	9.5
32557	-1554206400	2.8
32557	-1551528000	-3.2
32557	-1548936000	-4.5
32557	-1546257600	-6.3
32557	-1543579200	-2.4
32557	-1541160000	-0.9
32557	-1538481600	1.2
32557	-1535889600	7.6
32557	-1533211200	12.9
32557	-1530619200	15.3
32557	-1527940800	14.1
32557	-1525262400	6.7
32557	-1522670400	6.9
32557	-1519992000	-2.2
32557	-1517400000	-8.4
32557	-1514721600	-10.2
32557	-1512043200	-10.4
32557	-1509624000	-4.1
32557	-1506945600	-0.2
32557	-1504353600	6.5
32557	-1501675200	13.4
32557	-1499083200	14.1
32557	-1496404800	15.3
32557	-1493726400	11.5
32557	-1491134400	6.3
32557	-1488456000	-4.1
32557	-1485864000	-8.4
32557	-1483185600	-6.4
32557	-1480507200	-8.7
32557	-1478088000	-2.8
32557	-1475409600	2.3
32557	-1472817600	7
32557	-1470139200	10.6
32557	-1467547200	16.5
32557	-1464868800	14.4
32557	-1462190400	10.8
32557	-1459598400	2.4
32557	-1456920000	0.6
32557	-1454328000	-6.3
32557	-1451649600	-7.5
32557	-1448971200	-2
32557	-1446465600	-4.6
32557	-1443787200	1.6
32557	-1441195200	8.1
32557	-1438516800	10
32557	-1435924800	15.2
32557	-1433246400	13.2
32557	-1430568000	9.5
32557	-1427976000	4.7
32557	-1425297600	-2
32557	-1422705600	-10.6
32557	-1420027200	-4.8
32557	-1417348800	-1.7
32557	-1414929600	-0.4
32557	-1412251200	4.5
32557	-1409659200	8.6
32557	-1406980800	11.4
32557	-1404388800	16.8
32557	-1401710400	14
32557	-1399032000	9
32557	-1396440000	1.3
32557	-1393761600	-1.7
32557	-1391169600	-1.8
32557	-1388491200	-5.6
32557	-1385812800	-1.5
32557	-1383393600	-0.4
32557	-1380715200	4.7
32557	-1378123200	7.2
32557	-1375444800	12.1
32557	-1372852800	16.2
32557	-1370174400	14.1
32557	-1367496000	5.8
32557	-1364904000	5.6
32557	-1362225600	-0.1
32557	-1359633600	-5.1
32557	-1356955200	-7.4
32557	-1354276800	-5.8
32557	-1351857600	-1.7
32557	-1349179200	1.4
32557	-1346587200	3.9
32557	-1343908800	11.4
32557	-1341316800	15.2
32557	-1338638400	12.8
32557	-1335960000	8.5
32557	-1333368000	5.2
32557	-1330689600	-0.5
32557	-1328097600	-11
32557	-1325419200	-6
32557	-1322740800	-7.9
32557	-1320235200	-1.5
32557	-1317556800	1.1
32557	-1314964800	9.6
32557	-1312286400	8.5
32557	-1309694400	15.5
32557	-1307016000	12.7
32557	-1304337600	9.9
32557	-1301745600	4.2
32557	-1299067200	-1.6
32557	-1296475200	-7
32557	-1293796800	-11.8
32557	-1291118400	-9.5
32557	-1288699200	-2.5
32557	-1286020800	0.1
32557	-1283428800	5.7
32557	-1280750400	10.3
32557	-1278158400	15.1
32557	-1275480000	16.9
32557	-1272801600	6.7
32557	-1270209600	4.7
32557	-1267531200	-1.3
32557	-1264939200	-2.1
32557	-1262260800	-17
32557	-1259582400	-2
32557	-1257163200	-2.8
32557	-1254484800	6.3
32557	-1251892800	7.4
32557	-1249214400	11.1
32557	-1246622400	16.4
32557	-1243944000	16.1
32557	-1241265600	10.5
32557	-1238673600	2.6
32557	-1235995200	-1.6
32557	-1233403200	-5.6
32557	-1230724800	-3.6
32557	-1228046400	-3.5
32557	-1225627200	-0.9
32557	-1222948800	2.8
32557	-1220356800	8.7
32557	-1217678400	12.7
32557	-1215086400	15.8
32557	-1212408000	15.5
32557	-1209729600	9
32557	-1207137600	4.3
32557	-1204459200	-4.6
32557	-1201867200	-6
32557	-1199188800	-9
32557	-1196510400	-5.3
32557	-1194004800	-4.5
32557	-1191326400	2.8
32557	-1188734400	7.4
32557	-1186056000	11.9
32557	-1183464000	15.1
32557	-1180785600	13.6
32557	-1178107200	9.6
32557	-1175515200	2.6
32557	-1172836800	0.6
32557	-1170244800	-10.7
32557	-1167566400	-7.1
32557	-1164888000	-9.9
32557	-1162468800	-1.8
32557	-1159790400	1.3
32557	-1157198400	4.3
32557	-1154520000	12.8
32557	-1151928000	15.8
32557	-1149249600	13.4
32557	-1146571200	8.1
32557	-1143979200	6.7
32557	-1141300800	1.9
32557	-1138708800	-1.2
32557	-1136030400	-2.2
32557	-1133352000	-1.4
32557	-1130932800	2.6
32557	-1128254400	6
32557	-1125662400	10.4
32557	-1122984000	10.6
32557	-1120392000	14.8
32557	-1117713600	14.9
32557	-1115035200	8.2
32557	-1112443200	6.2
32557	-1109764800	1.3
32557	-1107172800	-5.2
32557	-1104494400	-5.5
32557	-1101816000	-2.5
32557	-1099396800	-3.3
32557	-1096718400	0.5
32557	-1094126400	5.2
32557	-1091448000	10.6
32557	-1088856000	15.1
32557	-1086177600	13.9
32557	-1083499200	10.1
32557	-1080907200	3.5
32557	-1078228800	-3.4
32557	-1075636800	-3.7
32557	-1072958400	-7.1
32557	-1070280000	-13.8
32557	-1067774400	-3.2
32557	-1065096000	4
32557	-1062504000	10.1
32557	-1059825600	12.7
32557	-1057233600	18
32557	-1054555200	15.4
32557	-1051876800	9.8
32557	-1049284800	5.5
32557	-1046606400	-0.7
32557	-1044014400	-4.6
32557	-1041336000	-17.5
32557	-1038657600	-7.2
32557	-1036238400	-2.9
32557	-1033560000	2
32557	-1030968000	8.1
32557	-1028289600	11.2
32557	-1025697600	16.2
32557	-1023019200	14
32557	-1020340800	11.1
32557	-1017748800	6.4
32557	-1015070400	-1.4
32557	-1012478400	-4.4
32557	-1009800000	-6.2
32557	-1007121600	-6.2
32557	-1004702400	-2.6
32557	-1002024000	4.8
32557	-999432000	6.1
32557	-996753600	11.7
32557	-994161600	15.6
32557	-991483200	14.1
32557	-988804800	13.2
32557	-986212800	3.3
32557	-983534400	-4.3
32557	-980942400	-4
32557	-978264000	-2.9
32557	-975585600	-8.6
32557	-973166400	-0.6
32557	-970488000	4.7
32557	-967896000	8.3
32557	-965217600	9.6
32557	-962625600	16.4
32557	-959947200	14.8
32557	-957268800	10.1
32557	-954676800	4
32557	-951998400	1.3
32557	-949406400	-2
32557	-946728000	-9.7
32557	-944049600	-4.2
32557	-941544000	0.5
32557	-938865600	2.4
32557	-936273600	8.7
32557	-933595200	12.9
32557	-931003200	15.5
32557	-928324800	15.7
32557	-925646400	11.6
32557	-923054400	5.6
32557	-920376000	-5.3
32557	-917784000	-3.7
32557	-915105600	-3.4
32557	-912427200	-4.2
32557	-910008000	0.4
32557	-907329600	3.4
32557	-904737600	8
32557	-902059200	11.6
32557	-899467200	16
32557	-896788800	14.3
32557	-894110400	7
32557	-891518400	3.2
32557	-888840000	-0.2
32557	-886248000	-5
32557	-883569600	-9
32557	-880891200	-8.5
32557	-878472000	-2.3
32557	-875793600	4
32557	-873201600	5
32557	-870523200	8.8
32557	-867931200	15.1
32557	-865252800	14.6
32557	-862574400	10.2
32557	-859982400	5
32557	-857304000	-2.8
32557	-854712000	-3.8
32557	-852033600	-9.6
32557	-849355200	-4.8
32557	-846936000	-6.7
32557	-844257600	4.6
32557	-841665600	4.8
32557	-838987200	8.5
32557	-836395200	14.2
32557	-833716800	13.9
32557	-831038400	9.4
32557	-828446400	3.1
32557	-825768000	-2.8
32557	-823176000	-6.1
32557	-820497600	-6.5
32557	-817819200	-6
32557	-815313600	-4.1
32557	-812635200	3.3
32557	-810043200	7.2
32557	-807364800	9.8
32557	-804772800	13.6
32557	-802094400	12.4
32557	-799416000	10.1
32557	-796824000	7.8
32557	-794145600	-1.6
32557	-791553600	-6.6
32557	-788875200	-4.8
32557	-786196800	-3.7
32557	-783777600	-1.5
32557	-781099200	0.6
32557	-778507200	6
32557	-775828800	9
32557	-773236800	15.1
32557	-770558400	14.9
32557	-767880000	7.7
32557	-765288000	6.4
32557	-762609600	-2.4
32557	-760017600	-6.3
32557	-757339200	-4.6
32557	-754660800	-4.2
32557	-752241600	1.1
32557	-749563200	4.1
32557	-746971200	6.3
32557	-744292800	10.1
32557	-741700800	15.4
32557	-739022400	13.9
32557	-736344000	8.1
32557	-733752000	0.1
32557	-731073600	-2.8
32557	-728481600	-3.4
32557	-725803200	-8.1
32557	-723124800	-5.3
32557	-720705600	-0.1
32557	-718027200	2.9
32557	-715435200	9.1
32557	-712756800	8.8
32557	-710164800	15.5
32557	-707486400	13.7
32557	-704808000	9.2
32557	-702216000	6
32557	-699537600	-5.1
32557	-696945600	-6.2
32557	-694267200	-8.9
32557	-691588800	-7.4
32557	-689083200	-5.6
32557	-686404800	2.4
32557	-683812800	7.4
32557	-681134400	11.7
32557	-678542400	12.8
32557	-675864000	13.5
32557	-673185600	9.5
32557	-670593600	3.5
32557	-667915200	-2.7
32557	-665323200	-12.3
32557	-662644800	-16.7
32557	-659966400	-8.7
32557	-657547200	-4.2
32557	-654868800	4.8
32557	-652276800	8.3
32557	-649598400	10.3
32557	-647006400	14
32557	-644328000	14.6
32557	-641649600	9.6
32557	-639057600	1.4
32557	-636379200	2.7
32557	-633787200	-7
32557	-631108800	-12.3
32557	-628430400	-3.7
32557	-626011200	-3.5
32557	-623332800	1.2
32557	-620740800	4.6
32557	-618062400	9.5
32557	-615470400	13.6
32557	-612792000	13.4
32557	-610113600	7.9
32557	-607521600	4.9
32557	-604843200	-2.6
32557	-602251200	-2.4
32557	-599572800	-9.3
32557	-596894400	-5.1
32557	-594475200	-5.5
32557	-591796800	1.3
32557	-589204800	6
32557	-586526400	7.9
32557	-583934400	14.6
32557	-581256000	12.7
32557	-578577600	8.2
32557	-575985600	2.9
32557	-573307200	-3.2
32557	-570715200	-8.8
32557	-568036800	-7.5
32557	-565358400	-6.1
32557	-562852800	-5.6
32557	-560174400	4.2
32557	-557582400	7.9
32557	-554904000	10.5
32557	-552312000	13
32557	-549633600	13.7
32557	-546955200	10.8
32557	-544363200	6.3
32557	-541684800	-4.8
32557	-539092800	-5.6
32557	-536414400	-1.1
32557	-533736000	-4.6
32557	-531316800	-0.8
32557	-528638400	0.9
32557	-526046400	4.7
32557	-523368000	9.3
32557	-520776000	15.1
32557	-518097600	14.1
32557	-515419200	11.3
32557	-512827200	6
32557	-510148800	0.9
32557	-507556800	-3.6
32557	-504878400	-7.1
32557	-502200000	-1.2
32557	-499780800	-4.9
32557	-497102400	2.9
32557	-494510400	7
32557	-491832000	8.4
32557	-489240000	15.9
32557	-486561600	12.8
32557	-483883200	9.6
32557	-481291200	3.4
32557	-478612800	2.5
32557	-476020800	-5.2
32557	-473342400	-8.5
32557	-470664000	-9.4
32557	-468244800	-6.8
32557	-465566400	0.1
32557	-462974400	5.2
32557	-460296000	10.6
32557	-457704000	14
32557	-455025600	14.9
32557	-452347200	9.1
32557	-449755200	5.1
32557	-447076800	-7.3
32557	-444484800	-9
32557	-441806400	-8.1
32557	-439128000	-8
32557	-436622400	-3.7
32557	-433944000	2.7
32557	-431352000	8.3
32557	-428673600	11.9
32557	-426081600	15.5
32557	-423403200	13.4
32557	-420724800	10.4
32557	-418132800	3.9
32557	-415454400	-2.6
32557	-412862400	-2.8
32557	-410184000	-13.3
32557	-407505600	-5.9
32557	-405086400	-2.2
32557	-402408000	1.9
32557	-399816000	8.4
32557	-397137600	11.2
32557	-394545600	15.3
32557	-391867200	14
32557	-389188800	10.1
32557	-386596800	2.8
32557	-383918400	-3.8
32557	-381326400	-2.8
32557	-378648000	-5.7
32557	-375969600	-2.9
32557	-373550400	-4.6
32557	-370872000	1.3
32557	-368280000	10.3
32557	-365601600	10.9
32557	-363009600	13.1
32557	-360331200	15.3
32557	-357652800	8.6
32557	-355060800	5.1
32557	-352382400	-2.2
32557	-349790400	-1.7
32557	-347112000	-5.1
32557	-344433600	-8.5
32557	-342014400	-2
32557	-339336000	3
32557	-336744000	4.6
32557	-334065600	11.9
32557	-331473600	14.7
32557	-328795200	13.1
32557	-326116800	7.9
32557	-323524800	3.7
32557	-320846400	-4
32557	-318254400	-3.8
32557	-315576000	-9.9
32557	-312897600	-7.5
32557	-310392000	-2.7
32557	-307713600	2.8
32557	-305121600	6.2
32557	-302443200	11.5
32557	-299851200	16.9
32557	-297172800	12.1
32557	-294494400	10
32557	-291902400	4.6
32557	-289224000	-2.8
32557	-286632000	-5.6
32557	-283953600	-3.5
32557	-281275200	-1.1
32557	-278856000	-1.1
32557	-276177600	1.2
32557	-273585600	7.2
32557	-270907200	14.1
32557	-268315200	15.6
32557	-265636800	16.7
32557	-262958400	6.2
32557	-260366400	3.2
32557	-257688000	-3.5
32557	-255096000	-7.1
32557	-252417600	-9.8
32557	-249739200	-6.6
32557	-247320000	-3.7
32557	-244641600	4.3
32557	-242049600	6.4
32557	-239371200	10.8
32557	-236779200	13.2
32557	-234100800	13.1
32557	-231422400	9.1
32557	-228830400	5.2
32557	-226152000	-1
32557	-223560000	-2.6
32557	-220881600	-12.2
32557	-218203200	-0.4
32557	-215784000	-1.7
32557	-213105600	1.2
32557	-210513600	7.2
32557	-207835200	10.5
32557	-205243200	14
32557	-202564800	14.6
32557	-199886400	12.4
32557	-197294400	6.8
32557	-194616000	0
32557	-192024000	-5.2
32557	-189345600	-6.4
32557	-186667200	-5.6
32557	-184161600	-5.4
32557	-181483200	1.1
32557	-178891200	6.3
32557	-176212800	10.1
32557	-173620800	15.5
32557	-170942400	12.7
32557	-168264000	7.7
32557	-165672000	5.3
32557	-162993600	-3.1
32557	-160401600	-7.5
32557	-157723200	-5.1
32557	-155044800	-3.6
32557	-152625600	-7
32557	-149947200	2.8
32557	-147355200	5.1
32557	-144676800	10
32557	-142084800	14.4
32557	-139406400	13.3
32557	-136728000	4.3
32557	-134136000	6.8
32557	-131457600	-0.8
32557	-128865600	-4.4
32557	-126187200	-5.8
32557	-123508800	-6.5
32557	-121089600	-2.3
32557	-118411200	1.9
32557	-115819200	8.3
32557	-113140800	10
32557	-110548800	15.8
32557	-107870400	13.9
32557	-105192000	11.9
32557	-102600000	4.2
32557	-99921600	-1
32557	-97329600	-4
32557	-94651200	-4.5
32557	-91972800	-3.4
32557	-89553600	-3.1
32557	-86875200	-0.5
32557	-84283200	6.4
32557	-81604800	11.3
32557	-79012800	16.1
32557	-76334400	16.2
32557	-73656000	12.6
32557	-71064000	4.6
32557	-68385600	-2.2
32557	-65793600	-9.9
32557	-63115200	-9
32557	-60436800	-3.9
32557	-57931200	0.8
32557	-55252800	0.1
32557	-52660800	5.2
32557	-49982400	11
32557	-47390400	15.1
32557	-44712000	12.4
32557	-42033600	8.8
32557	-39441600	4.6
32557	-36763200	-2
32557	-34171200	-8
32557	-31492800	-9.4
32557	-28814400	-8.6
32557	-26395200	-5.2
32557	-23716800	4.5
32557	-21124800	8.2
32557	-18446400	10.1
32557	-15854400	14.3
32557	-13176000	15.2
32557	-10497600	9.8
32557	-7905600	0.8
32557	-5227200	-0.3
32557	-2635200	-3.6
32557	43200	-6.1
32557	2721600	-2.6
32557	5140800	-3.6
32557	7819200	-1.1
32557	10411200	7.2
32557	13089600	12.8
32557	15681600	15.8
32557	18360000	15
32557	21038400	6.8
32557	23630400	2
32557	26308800	-2.1
32557	28900800	-6.9
32557	31579200	-6.2
32557	34257600	-3.4
32557	36676800	-2.7
32557	39355200	2.2
32557	41947200	7.5
32557	44625600	10.3
32557	47217600	14.6
32557	49896000	17
32557	52574400	7.1
32557	55166400	2
32557	57844800	-2.4
32557	60436800	-8.7
32557	63115200	-9.2
32557	65793600	-5
32557	68299200	0.8
32557	70977600	-0.2
32557	73569600	5.9
32557	76248000	12.4
32557	78840000	14.2
32557	81518400	15.4
32557	84196800	7.6
32557	86788800	3.6
32557	89467200	-3.4
32557	92059200	-11.1
32557	94737600	-8.3
32557	97416000	-5.6
32557	99835200	0.5
32557	102513600	1.7
32557	105105600	7.3
32557	107784000	10.6
32557	110376000	15
32557	113054400	14.3
32557	115732800	8.3
32557	118324800	4.5
32557	121003200	-4.3
32557	123595200	-3.9
32557	126273600	-9.9
32557	128952000	-3
32557	131371200	-2.2
32557	134049600	4.1
32557	136641600	4.9
32557	139320000	13.6
32557	141912000	16
32557	144590400	13
32557	147268800	10.9
32557	149860800	6.8
32557	152539200	-0.4
32557	155131200	-5
32557	157809600	-7.4
32557	160488000	-7.9
32557	162907200	-4.8
32557	165585600	-2.4
32557	168177600	4.7
32557	170856000	9.3
32557	173448000	16.7
32557	176126400	11.8
32557	178804800	8.5
32557	181396800	3.2
32557	184075200	-4.7
32557	186667200	-5.6
32557	189345600	-3.7
32557	192024000	-3.9
32557	194529600	-3.5
32557	197208000	2.8
32557	199800000	8.5
32557	202478400	10.2
32557	205070400	14.9
32557	207748800	12.2
32557	210427200	9.7
32557	213019200	4.7
32557	215697600	-0.5
32557	218289600	-2.9
32557	220968000	-8.1
32557	223646400	-2
32557	226065600	-3.2
32557	228744000	4.2
32557	231336000	6
32557	234014400	12.6
32557	236606400	12.8
32557	239284800	13.5
32557	241963200	8.5
32557	244555200	4.5
32557	247233600	-4
32557	249825600	-5.5
32557	252504000	-6
32557	255182400	-4.7
32557	257601600	1.2
32557	260280000	3
32557	262872000	5.4
32557	265550400	10.8
32557	268142400	14.1
32557	270820800	12.9
32557	273499200	9.9
32557	276091200	5.3
32557	278769600	-6.6
32557	281361600	-10.8
32557	284040000	-16.7
32557	286718400	-5.4
32557	289137600	-0.6
32557	291816000	2.2
32557	294408000	7.7
32557	297086400	12.1
32557	299678400	14.8
32557	302356800	14.9
32557	305035200	11.7
32557	307627200	5.2
32557	310305600	-4.9
32557	312897600	-1.9
32557	315576000	-10.7
32557	318254400	-3.9
32557	320760000	-3.2
32557	323438400	4.4
32557	326030400	8.1
32557	328708800	10.6
32557	331300800	14.1
32557	333979200	11.5
32557	336657600	9.8
32557	339249600	4.2
32557	341928000	-1.6
32557	344520000	-2.4
32557	347198400	-4.1
32557	349876800	-3.7
32557	352296000	-0.1
32557	354974400	2.7
32557	357566400	6.9
32557	360244800	11.5
32557	362836800	14.2
32557	365515200	16
32557	368193600	10.5
32557	370785600	3.6
32557	373464000	-0.2
32557	376056000	-5.5
32557	378734400	-8.2
32557	381412800	-7.7
32557	383832000	-1.4
32557	386510400	1
32557	389102400	6.2
32557	391780800	11.2
32557	394372800	13.9
32557	397051200	15.2
32557	399729600	8.6
32557	402321600	3
32557	4.05e+08	-4.2
32557	407592000	-7.8
32557	410270400	-4.1
32557	412948800	-2.3
32557	415368000	0.2
32557	418046400	0.8
32557	420638400	6
32557	423316800	10.7
32557	425908800	13.2
32557	428587200	16.3
32557	431265600	8
32557	433857600	4.8
32557	436536000	-1.1
32557	439128000	-12.9
32557	441806400	-3
32557	444484800	-1.5
32557	446990400	0.4
32557	449668800	1.8
32557	452260800	7.1
32557	454939200	10.4
32557	457531200	15
32557	460209600	15.3
32557	462888000	6
32557	465480000	1.9
32557	468158400	-2.3
32557	470750400	-7.5
32557	473428800	-9.1
32557	476107200	-6.5
32557	478526400	-2.2
32557	481204800	4.7
32557	483796800	8.4
32557	486475200	11.8
32557	489067200	17.2
32557	491745600	12.7
32557	494424000	6.1
32557	497016000	3.2
32557	499694400	-9.7
32557	502286400	-8.5
32557	504964800	-2.7
32557	507643200	-3.8
32557	510062400	2.2
32557	512740800	2.8
32557	515332800	8.6
32557	518011200	14.1
32557	520603200	12.1
32557	523281600	14.9
32557	525960000	6.8
32557	528552000	4.5
32557	531230400	-2.3
32557	533822400	-5.2
32557	536500800	-6.5
32557	539179200	-2.7
32557	541598400	0.6
32557	544276800	6.7
32557	546868800	8.8
32557	549547200	12.7
32557	552139200	14.2
32557	554817600	12.7
32557	557496000	10.6
32557	560088000	5.3
32557	562766400	0.4
32557	565358400	-7.3
32557	568036800	-7.7
32557	570715200	-3.1
32557	573220800	0.1
32557	575899200	5.9
32557	578491200	8.1
32557	581169600	14.8
32557	583761600	15.2
32557	586440000	14.2
32557	589118400	8.9
32557	591710400	7.4
32557	594388800	-1.2
32557	596980800	-4.8
32557	599659200	-4.6
32557	602337600	-12.1
32557	604756800	-2.3
32557	607435200	4.5
32557	610027200	7
32557	612705600	12.1
32557	615297600	17.3
32557	617976000	13.7
32557	620654400	9.6
32557	623246400	4.8
32557	625924800	1
32557	628516800	-4.8
32557	631195200	-4
32557	633873600	-4.5
32557	636292800	-0.6
32557	638971200	4.8
32557	641563200	5.8
32557	644241600	11.1
32557	646833600	15.5
32557	649512000	15
32557	652190400	12.7
32557	654782400	3.5
32557	657460800	0.1
32557	660052800	-11.2
32557	662731200	-6.3
32557	665409600	0.5
32557	667828800	-1.6
32557	670507200	1.7
32557	673099200	5.9
32557	675777600	10.5
32557	678369600	16.1
32557	681048000	16.8
32557	683726400	11.2
32557	686318400	3.9
32557	688996800	-2.9
32557	691588800	-4.2
32557	694267200	-4.2
32557	696945600	-1
32557	699451200	2.9
32557	702129600	4.9
32557	704721600	9.5
32557	707400000	13.4
32557	709992000	13.5
32557	712670400	14.2
32557	715348800	9.5
32557	717940800	6.3
32557	720619200	-2.7
32557	723211200	-9.2
32557	725889600	-10.6
32557	728568000	-10.3
32557	730987200	0.9
32557	733665600	3
32557	736257600	9.5
32557	738936000	10.6
32557	741528000	11
32557	744206400	12.1
32557	746884800	8.6
32557	749476800	4.8
32557	752155200	-4.6
32557	754747200	-3.4
32557	757425600	-1.3
32557	760104000	-4.9
32557	762523200	1.4
32557	765201600	4.1
32557	767793600	8.8
32557	770472000	11.5
32557	773064000	16
32557	775742400	15.8
32557	778420800	11.7
32557	781012800	3.7
32557	783691200	-3.6
32557	786283200	-3.9
32557	788961600	-5.9
32557	791640000	-1
32557	794059200	-0.9
32557	796737600	2.6
32557	799329600	6.5
32557	802008000	10.8
32557	804600000	14.5
32557	807278400	14.6
32557	809956800	10.1
32557	812548800	3.6
32557	815227200	0.2
32557	817819200	-4.9
32557	820497600	-6.6
32557	823176000	-5.3
32557	825681600	-2.1
32557	828360000	3.9
32557	830952000	5.1
32557	833630400	11.7
32557	836222400	16
32557	838900800	15.2
32557	841579200	8.8
32557	844171200	4.6
32557	846849600	-1.1
32557	849441600	-5.8
32557	852120000	-6.4
32557	854798400	-4.6
32557	857217600	0.5
32557	859896000	0.9
32557	862488000	8.7
32557	865166400	12.2
32557	867758400	13.9
32557	870436800	15
32557	873115200	11.2
32557	875707200	4.7
32557	878385600	-1.3
32557	880977600	-6.2
32557	883656000	-5.3
32557	886334400	-3.9
32557	888753600	-0.9
32557	891432000	3.8
32557	894024000	8.8
32557	896702400	9.7
32557	899294400	17.2
32557	901972800	15.7
32557	904651200	12.9
32557	907243200	4.2
32557	909921600	-0.2
32557	912513600	-5.8
32557	915192000	-2.7
32557	917870400	-3.1
32557	920289600	-0.6
32557	922968000	2.3
32557	925560000	6.2
32557	928238400	11.2
32557	930830400	14
32557	933508800	16.2
32557	936187200	8.9
32557	938779200	6.3
32557	941457600	3.1
32557	944049600	-3.7
32557	946728000	-4.4
32557	949406400	-1.9
32557	951912000	0.8
32557	954590400	5.9
32557	957182400	8.3
32557	959860800	12.3
32557	962452800	16
32557	965131200	15.5
32557	967809600	9.8
32557	970401600	4.4
32557	973080000	-5.8
32557	975672000	-5.8
32557	978350400	-5.7
32557	981028800	-6.8
32557	983448000	-0.1
32557	986126400	2.6
32557	988718400	9.2
32557	991396800	11.8
32557	993988800	15.4
32557	996667200	16.6
32557	999345600	12.4
32557	1001937600	5.5
32557	1004616000	1.5
32557	1007208000	-6.1
32557	1009886400	-4.4
32557	1012564800	-4.2
32557	1014984000	-4.2
32557	1017662400	1.6
32557	1020254400	6.7
32557	1022932800	11.9
32557	1025524800	17.6
32557	1028203200	13
32557	1030881600	10.3
32557	1033473600	2.1
32557	1036152000	-0.6
32557	1038744000	-2.9
32557	1041422400	-1.5
32557	1044100800	-6
32557	1046520000	0.5
32557	1049198400	3.5
32557	1051790400	7.1
32557	1054468800	12.2
32557	1057060800	17.8
32557	1059739200	17.1
32557	1062417600	10.6
32557	1065009600	6.6
32557	1067688000	-4.3
32557	1070280000	-4.4
32557	1072958400	-5.7
32557	1075636800	-3.5
32557	1078142400	2.7
32557	1080820800	4.5
32557	1083412800	7
32557	1086091200	11.5
32557	1088683200	15.7
32557	1091361600	14.5
32557	1094040000	8.9
32557	1096632000	4.4
32557	1099310400	-0.5
32557	1101902400	-2.9
32557	1104580800	-4.2
32557	1107259200	-2.4
32557	1109678400	0.8
32557	1112356800	3.3
32557	1114948800	7.5
32557	1117627200	10.9
32557	1120219200	16.3
32557	1122897600	15.1
32557	1125576000	10.2
32557	1128168000	6.5
32557	1130846400	-1.6
32557	1133438400	-7
32557	1136116800	-0.6
32557	1138795200	-5.2
32557	1141214400	-0.5
32557	1143892800	5.1
32557	1146484800	9.4
32557	1149163200	13.6
32557	1151755200	18.1
32557	1154433600	14.7
32557	1157112000	10.2
32557	1159704000	4.8
32557	1162382400	-1
32557	1164974400	-5.2
32557	1167652800	-6.5
32557	1170331200	-2.5
32557	1172750400	2.3
32557	1175428800	4
32557	1178020800	8.3
32557	1180699200	12.4
32557	1183291200	19.5
32557	1185969600	14.8
32557	1188648000	10.8
32557	1191240000	5.4
32557	1193918400	-1.9
32557	1196510400	-6.2
32557	1199188800	-7.4
32557	1201867200	-3.8
32557	1204372800	-2.6
32557	1207051200	0.7
32557	1209643200	7.4
32557	1212321600	10.9
32557	1214913600	15.1
32557	1217592000	14.9
32557	1220270400	9.4
32557	1222862400	4.9
32557	1225540800	2.4
32557	1228132800	-7.5
32557	1230811200	-4.7
32557	1233489600	-2.5
32557	1235908800	-2.2
32557	1238587200	2.1
32557	1241179200	8
32557	1243857600	11.1
32557	1246449600	15.4
32557	1249128000	14.8
32557	1251806400	12.9
32557	1254398400	0.9
32557	1257076800	0.8
32557	1259668800	-8.2
32557	1262347200	-4.2
32557	1265025600	-3.7
32557	1267444800	1.6
32557	1270123200	2.9
32557	1272715200	4.9
32557	1275393600	11
32557	1277985600	14.8
32557	1280664000	14.2
32557	1283342400	10.7
32557	1285934400	6.9
32557	1288612800	-3.5
32557	1291204800	-6.7
32557	1293883200	-4.6
32557	1296561600	-6.4
32557	1298980800	-0.5
32557	1301659200	1.1
32557	1304251200	6.4
32557	1306929600	10.4
32557	1309521600	15
32557	1312200000	15.8
32557	1314878400	12
32557	1317470400	6.2
32557	1320148800	-2.5
32557	1322740800	-4.1
32557	1325419200	-3
32557	1328097600	-3.8
32557	1330603200	2
32557	1333281600	5.7
32557	1335873600	7.1
32557	1338552000	11.9
32557	1341144000	17.6
32557	1343822400	15.6
32557	1346500800	11.7
32557	1349092800	4.2
32557	1351771200	0
32557	1354363200	-5.2
32557	1357041600	-6.1
32557	1359720000	-3.9
32557	1362139200	-0.6
32557	1364817600	1.8
32557	1367409600	8.1
32557	1370088000	12.5
32557	1372680000	16.9
32557	1375358400	15.8
32557	1378036800	11.5
32557	1380628800	2.1
32557	1383307200	-0.5
32557	1385899200	-5.2
32557	1388577600	-2.9
32557	1391256000	-8.8
32557	1393675200	-0.3
32558	-2429784000	-7
32558	-2427105600	-12.6
32558	-2424686400	-5.1
32558	-2422008000	0.2
32558	-2419416000	8.1
32558	-2416737600	11.8
32558	-2414145600	16.8
32558	-2411467200	15.3
32559	-2698142400	15.4
32559	-2695464000	16.2
32559	-2692785600	7.1
32559	-2690193600	4.3
32559	-2687515200	-0.9
32559	-2684923200	-19.7
32559	-2682244800	-18.8
32559	-2679566400	-14.2
32559	-2677147200	0.8
32559	-2674468800	5.6
32559	-2671876800	11.1
32559	-2669198400	16.3
32559	-2666606400	17.8
32559	-2663928000	16.9
32559	-2661249600	12.5
32559	-2658657600	6.4
32559	-2655979200	1.7
32559	-2653387200	-3.3
32559	-2650708800	-22.4
32559	-2648030400	-3.9
32559	-2645611200	-2.9
32559	-2642932800	7.1
32559	-2640340800	12.1
32559	-2637662400	17.5
32559	-2635070400	21.9
32559	-2632392000	18.4
32559	-2629713600	11.1
32559	-2627121600	6.1
32559	-2624443200	-4.2
32559	-2621851200	-11.2
32559	-2619172800	-19.7
32559	-2616494400	-24.3
32559	-2614075200	-1.7
32559	-2611396800	5.7
32559	-2608804800	11.6
32559	-2606126400	13.9
32559	-2603534400	17.4
32559	-2600856000	16.4
32559	-2598177600	12.8
32559	-2595585600	4.2
32559	-2592907200	-3.6
32559	-2590315200	-13.4
32559	-2587636800	-21.4
32559	-2584958400	-8.8
32559	-2582452800	-9.2
32559	-2579774400	4.3
32559	-2577182400	10.3
32559	-2574504000	14.8
32559	-2571912000	18.4
32559	-2569233600	17.4
32559	-2566555200	14.6
32559	-2563963200	6.2
32559	-2561284800	-3.5
32559	-2558692800	-6.6
32559	-2556014400	-11.4
32559	-2553336000	-8.2
32559	-2550916800	1.9
32559	-2548238400	9.1
32559	-2545646400	11.8
32559	-2542968000	16.6
32559	-2540376000	17.4
32559	-2537697600	17.7
32559	-2535019200	10.7
32559	-2532427200	8.6
32559	-2529748800	-1.8
32559	-2527156800	-10.9
32559	-2524478400	-23.5
32559	-2521800000	-18.5
32559	-2519380800	-4.3
32559	-2516702400	4.8
32559	-2514110400	11.2
32559	-2511432000	15.9
32559	-2508840000	20.2
32559	-2506161600	17.1
32559	-2503483200	11.5
32559	-2500891200	5.8
32559	-2498212800	2.6
32559	-2495620800	-2.1
32559	-2492942400	-3.9
32559	-2490264000	-18.8
32559	-2487844800	-6.3
32559	-2485166400	8.7
32559	-2482574400	11.9
32559	-2479896000	14.6
32559	-2477304000	18.5
32559	-2474625600	17.5
32559	-2471947200	13.9
32559	-2469355200	6.8
32559	-2466676800	-3.7
32559	-2464084800	-5.5
32559	-2461406400	-11.3
32559	-2458728000	-10
32559	-2456222400	0
32559	-2453544000	3.5
32559	-2450952000	8.2
32559	-2448273600	15.3
32559	-2445681600	19.2
32559	-2443003200	18.2
32559	-2440324800	13.7
32559	-2437732800	7.9
32559	-2435054400	-4.4
32559	-2432462400	-13.3
32559	-2429784000	-11
32559	-2427105600	-18.6
32559	-2424686400	-9.3
32559	-2422008000	2.1
32559	-2419416000	12.7
32559	-2416737600	14.4
32559	-2414145600	18.9
32559	-2411467200	19.2
32559	-2408788800	11.4
32559	-2406196800	3.8
32559	-2403518400	-7
32559	-2400926400	-9.2
32559	-2398248000	-13.8
32559	-2395569600	-10.1
32559	-2393150400	-3.4
32559	-2390472000	7.7
32559	-2387880000	12.8
32559	-2385201600	16.8
32559	-2382609600	21.2
32559	-2379931200	20.4
32559	-2377252800	11.8
32559	-2374660800	6
32559	-2371982400	-1.9
32559	-2369390400	-6.4
32559	-2366712000	-19.4
32559	-2364033600	-12.9
32559	-2361614400	-2.2
32559	-2358936000	8.6
32559	-2356344000	11.6
32559	-2353665600	14.4
32559	-2351073600	17.9
32559	-2348395200	16.5
32559	-2345716800	9.8
32559	-2343124800	6.7
32559	-2340446400	-3.1
32559	-2337854400	-7.6
32559	-2335176000	-13.9
32559	-2332497600	-4.7
32559	-2329992000	-5.8
32559	-2327313600	3.8
32559	-2324721600	9.6
32559	-2322043200	17.2
32559	-2319451200	20.7
32559	-2316772800	17.3
32559	-2314094400	10.8
32559	-2311502400	6.3
32559	-2308824000	-17.8
32559	-2306232000	-4
32559	-2303553600	-12.4
32559	-2300875200	-12.6
32559	-2298456000	-12.6
32559	-2295777600	7.5
32559	-2293185600	15.6
32559	-2290507200	15.3
32559	-2287915200	17.8
32559	-2285236800	20
32559	-2282558400	13.8
32559	-2279966400	6.4
32559	-2277288000	-10.3
32559	-2274696000	-8.8
32559	-2272017600	-7.9
32559	-2269339200	-10
32559	-2266920000	-9.1
32559	-2264241600	4.6
32559	-2261649600	11.5
32559	-2258971200	15.5
32559	-2256379200	19.7
32559	-2253700800	19.7
32559	-2251022400	12.5
32559	-2248430400	3.8
32559	-2245752000	-5.8
32559	-2243160000	-7.4
32559	-2240481600	-11.7
32559	-2237803200	-17.7
32559	-2235384000	-14.4
32559	-2232705600	2.5
32559	-2230113600	8.7
32559	-2227435200	14.8
32559	-2224843200	19
32559	-2222164800	15.3
32559	-2219486400	14
32559	-2216894400	4
32559	-2214216000	5
32559	-2211624000	-6.6
32559	-2208945600	-5.1
32559	-2206267200	-14
32559	-2203848000	-2.9
32559	-2201169600	9.2
32559	-2198577600	13.5
32559	-2195899200	18.5
32559	-2193307200	19.5
32559	-2190628800	16.4
32559	-2187950400	10.8
32559	-2185358400	6.1
32559	-2182680000	-5.7
32559	-2180088000	-1.3
32559	-2177409600	-10.3
32559	-2174731200	-10.6
32559	-2172312000	0.5
32559	-2169633600	6.3
32559	-2167041600	13.8
32559	-2164363200	11.8
32559	-2161771200	18.4
32559	-2159092800	18.8
32559	-2156414400	8.8
32559	-2153822400	9.3
32559	-2151144000	-0.5
32559	-2148552000	-3.6
32559	-2145873600	-7.4
32559	-2143195200	-10
32559	-2140776000	-1.3
32559	-2138097600	5.8
32559	-2135505600	12.5
32559	-2132827200	12.7
32559	-2130235200	17.1
32559	-2127556800	18.1
32559	-2124878400	12.3
32559	-2122286400	7.8
32559	-2119608000	-4.2
32559	-2117016000	-12.3
32559	-2114337600	-8.3
32559	-2111659200	-9.6
32559	-2109240000	-8.7
32559	-2106561600	5.8
32559	-2103969600	10.2
32559	-2101291200	16.8
32559	-2098699200	17.6
32559	-2096020800	16.6
32559	-2093342400	11.3
32559	-2090750400	9
32559	-2088072000	-4.9
32559	-2085480000	-2.2
32559	-2082801600	-8.7
32559	-2080123200	-19.2
32559	-2077617600	-9.8
32559	-2074939200	6.6
32559	-2072347200	11.8
32559	-2069668800	15.7
32559	-2067076800	20.3
32559	-2064398400	18
32559	-2061720000	13.2
32559	-2059128000	8.4
32559	-2056449600	4.3
32559	-2053857600	-6.3
32559	-2051179200	-13.2
32559	-2048500800	-11.4
32559	-2046081600	3.8
32559	-2043403200	6.6
32559	-2040811200	10.2
32559	-2038132800	14.1
32559	-2035540800	19.1
32559	-2032862400	19.8
32559	-2030184000	14.5
32559	-2027592000	4.9
32559	-2024913600	2
32559	-2022321600	-4.2
32559	-2019643200	-8.6
32559	-2016964800	-4.4
32559	-2014545600	-3.5
32559	-2011867200	9.3
32559	-2009275200	10.2
32559	-2006596800	15.5
32559	-2004004800	20.8
32559	-2001326400	18.7
32559	-1998648000	14.8
32559	-1996056000	8.7
32559	-1993377600	-2.7
32559	-1990785600	-10.6
32559	-1988107200	-23.5
32559	-1985428800	-7.8
32559	-1983009600	-4
32559	-1980331200	2.7
32559	-1977739200	8.4
32559	-1975060800	15.4
32559	-1972468800	18.5
32559	-1969790400	16.7
32559	-1967112000	12.5
32559	-1964520000	10
32559	-1961841600	2.1
32559	-1959249600	-4.6
32559	-1956571200	-3.8
32559	-1953892800	-8.1
32559	-1951387200	-3.5
32559	-1948708800	8.3
32559	-1946116800	13.5
32559	-1943438400	15.5
32559	-1940846400	20.8
32560	-307713600	4.8
32560	-305121600	10.4
32560	-302443200	15.3
32560	-299851200	22.4
32560	-297172800	17.9
32560	-294494400	13.7
32560	-291902400	8.2
32560	-289224000	-3.4
32560	-286632000	-7.3
32560	-283953600	-4.9
32560	-281275200	-4.7
32560	-278856000	1.1
32560	-276177600	3
32560	-273585600	12.1
32560	-270907200	20.2
32560	-268315200	20
32560	-265636800	22.3
32560	-262958400	9.2
32560	-260366400	6.2
32560	-257688000	-4.4
32560	-255096000	-12.9
32560	-252417600	-10.3
32560	-249739200	-9.7
32560	-247320000	-7.8
32560	-244641600	7.9
32560	-242049600	10.7
32560	-239371200	16.6
32560	-236779200	17.8
32560	-234100800	18.6
32560	-231422400	12.5
32560	-228830400	9.1
32560	-226152000	2.4
32560	-223560000	-5
32560	-220881600	-15.1
32560	-218203200	-3.5
32560	-215784000	2.1
32560	-213105600	5.6
32560	-210513600	11.1
32560	-207835200	16.1
32560	-205243200	19.8
32560	-202564800	19.8
32560	-199886400	17
32560	-197294400	10.8
32560	-194616000	-1.3
32560	-192024000	-10
32560	-189345600	-8.1
32560	-186667200	-3.5
32560	-184161600	-4.6
32560	-181483200	5
32560	-178891200	11.5
32560	-176212800	15.7
32560	-173620800	20.6
32560	-170942400	17.3
32560	-168264000	10
32560	-165672000	8.5
32560	-162993600	-3.2
32560	-160401600	-17.9
32560	-157723200	-14.4
32560	-155044800	-10.4
32560	-152625600	-10.6
32560	-149947200	2.7
32560	-147355200	10.4
32560	-144676800	14.3
32560	-142084800	19
32560	-139406400	18.8
32560	-136728000	6.3
32560	-134136000	9.3
32560	-131457600	-5.1
32560	-128865600	-7.7
32560	-126187200	-18.9
32560	-123508800	-11.8
32560	-121089600	-1.9
32560	-118411200	2.2
32560	-115819200	12.2
32560	-113140800	14.4
32560	-110548800	19.8
32560	-107870400	17.1
32560	-105192000	15.5
32560	-102600000	5.8
32560	-99921600	-7.3
32560	-97329600	-8.4
32560	-94651200	-11.1
32560	-91972800	-8.4
32560	-89553600	-7.6
32560	-86875200	-1.8
32560	-84283200	8.1
32560	-81604800	13.8
32560	-79012800	19.8
32560	-76334400	20.5
32560	-73656000	16.2
32560	-71064000	6.9
32560	-68385600	-1.8
32560	-65793600	-9.7
32560	-63115200	-12
32560	-60436800	-6.3
32560	-57931200	2.4
32560	-55252800	3.9
32560	-52660800	9
32560	-49982400	14.2
32560	-47390400	18.6
32560	-44712000	16.2
32560	-42033600	12.1
32560	-39441600	5.6
32560	-36763200	-1.8
32560	-34171200	-14.2
32560	-31492800	-24
32560	-28814400	-12.9
32560	-26395200	-8.1
32560	-23716800	7.7
32560	-21124800	12.1
32560	-18446400	14.7
32560	-15854400	18.6
32560	-13176000	20.5
32560	-10497600	14.2
32560	-7905600	1.5
32560	-5227200	0.4
32560	-2635200	-5.7
32560	43200	-14.9
32560	2721600	-7.5
32560	5140800	-5.9
32560	7819200	3.1
32560	10411200	11.6
32560	13089600	18.2
32560	15681600	19.8
32560	18360000	19.5
32560	21038400	11.3
32560	23630400	4.1
32560	26308800	-6
32560	28900800	-13.4
32560	31579200	-15.2
32560	34257600	-8.1
32560	36676800	-5.1
32560	39355200	5.5
32560	41947200	11.5
32560	44625600	15
32560	47217600	18.1
32560	49896000	22.7
32560	52574400	10.8
32560	55166400	4.9
32560	57844800	-1.6
32560	60436800	-14.7
32560	63115200	-17.5
32560	65793600	-12.7
32560	68299200	-1
32560	70977600	4.7
32560	73569600	11.9
32560	76248000	16.9
32560	78840000	16.7
32560	81518400	20.3
32560	84196800	9.1
32560	86788800	3.2
32560	89467200	-1.8
32560	92059200	-13
32560	94737600	-7.4
32560	97416000	-7.1
32560	99835200	2.2
32560	102513600	3.4
32560	105105600	12.1
32560	107784000	16
32560	110376000	19.7
32560	113054400	19.7
32560	115732800	12.1
32560	118324800	6.9
32560	121003200	-8.1
32560	123595200	-8.1
32560	126273600	-11.6
32560	128952000	-5
32560	131371200	-3.9
32560	134049600	7.2
32560	136641600	8.8
32560	139320000	17.4
32560	141912000	20.4
32560	144590400	15.7
32560	147268800	11.5
32560	149860800	7.6
32560	152539200	-0.8
32560	155131200	-4.2
32560	157809600	-9.8
32560	160488000	-15.4
32560	162907200	-7
32560	165585600	-1.8
32560	168177600	9.8
32560	170856000	14
32560	173448000	20.9
32560	176126400	16
32560	178804800	12.1
32560	181396800	5.4
32560	184075200	-2.6
32560	186667200	-7.6
32560	189345600	-8
32560	192024000	-2.9
32560	194529600	-3.9
32560	197208000	7.3
32560	199800000	12.8
32560	202478400	13.9
32560	205070400	19.6
32560	207748800	19
32560	210427200	15.1
32560	213019200	5
32560	215697600	-2
32560	218289600	-5.7
32560	220968000	-12.9
32560	223646400	-0.7
32560	226065600	-0.3
32560	228744000	8
32560	231336000	11.8
32560	234014400	17.2
32560	236606400	18.5
32560	239284800	15.4
32560	241963200	11.6
32560	244555200	6.5
32560	247233600	-5
32560	249825600	-13.3
32560	252504000	-17.2
32560	255182400	-13.4
32560	257601600	-5
32560	260280000	4.9
32560	262872000	10.6
32560	265550400	16.1
32560	268142400	18.2
32560	270820800	17.6
32560	273499200	13
32560	276091200	7.3
32560	278769600	-7.6
32560	281361600	-12.1
32560	284040000	-19.4
32560	286718400	-17.4
32560	289137600	-2.4
32560	291816000	2.4
32560	294408000	9.4
32560	297086400	16.4
32560	299678400	19.5
32560	302356800	19.5
32560	305035200	15.4
32560	307627200	7.6
32560	310305600	-2.6
32560	312897600	-3.4
32560	315576000	-14.4
32560	318254400	-9.1
32560	320760000	-4
32560	323438400	9.6
32560	326030400	13.7
32560	328708800	16
32560	331300800	19.3
32560	333979200	15.5
32560	336657600	12.5
32560	339249600	6.7
32560	341928000	1.3
32560	344520000	-9.6
32560	347198400	-3.1
32560	349876800	-5
32560	352296000	2.3
32560	354974400	7
32560	357566400	11.6
32560	360244800	13.6
32560	362836800	18.7
32560	365515200	21.2
32560	368193600	14.2
32560	370785600	5.4
32560	373464000	1.9
32560	376056000	-9.5
32560	378734400	-20.1
32560	381412800	-11.8
32560	383832000	-5.7
32560	386510400	1.8
32560	389102400	9.3
32560	391780800	15.8
32560	394372800	18.7
32560	397051200	18
32560	399729600	11.9
32560	402321600	6
32560	4.05e+08	-6.2
32560	407592000	-5.9
32560	410270400	-5.9
32560	412948800	-2.1
32560	415368000	0.2
32560	418046400	5.4
32560	420638400	10.9
32560	423316800	15.5
32560	425908800	18.4
32560	428587200	21.8
32560	431265600	10.5
32560	433857600	7.5
32560	436536000	-1.6
32560	439128000	-19.8
32560	441806400	-5.7
32560	444484800	0.7
32560	446990400	-1.7
32560	449668800	6.9
32560	452260800	11
32560	454939200	16
32560	457531200	21
32560	460209600	20.8
32560	462888000	9.3
32560	465480000	2.9
32560	468158400	-3.7
32560	470750400	-13.6
32560	473428800	-10.9
32560	476107200	-10.3
32560	478526400	0
32560	481204800	7.5
32560	483796800	13.7
32560	486475200	14.8
32560	489067200	21.8
32560	491745600	16.7
32560	494424000	7.8
32560	497016000	5.1
32560	499694400	-13.2
32560	502286400	-7.5
32560	504964800	-1.8
32560	507643200	-11.4
32560	510062400	4.2
32560	512740800	5.5
32560	515332800	11.5
32560	518011200	18
32560	520603200	17.7
32560	523281600	19.5
32560	525960000	9.5
32560	528552000	8.4
32560	531230400	-4.6
32560	533822400	-2.4
32560	536500800	-4.1
32560	539179200	-1
32560	541598400	-0.4
32560	544276800	9.8
32560	546868800	13.8
32560	549547200	18.5
32560	552139200	18.5
32560	554817600	14.3
32560	557496000	13.8
32560	560088000	6
32560	562766400	1.4
32560	565358400	-5.5
32560	568036800	-10.9
32560	570715200	-7
32560	573220800	1.3
32560	575899200	7.4
32560	578491200	14.5
32560	581169600	20.3
32560	583761600	20.2
32560	586440000	18.3
32560	589118400	12.5
32560	591710400	7.3
32560	594388800	-2.7
32560	596980800	-6.9
32560	599659200	-8.3
32560	602337600	-15.2
32560	604756800	-5.8
32560	607435200	5.1
32560	610027200	10.5
32560	612705600	16.1
32560	615297600	19.8
32560	617976000	17.5
32560	620654400	12.1
32560	623246400	5.9
32560	625924800	-1.9
32560	628516800	-7.8
32560	631195200	-5.5
32560	633873600	-7.7
32560	636292800	0.2
32560	638971200	5.4
32560	641563200	10.5
32560	644241600	15.7
32560	646833600	18.7
32560	649512000	19.8
32560	652190400	15.8
32560	654782400	4.8
32561	568036800	-6.7
32561	570715200	-2.7
32561	573220800	2.8
32561	575899200	8
32561	578491200	14.2
32561	581169600	18.7
32561	583761600	19
32561	586440000	17.5
32561	589118400	12.7
32561	591710400	9
32561	594388800	0.7
32561	596980800	-4.3
32561	599659200	-6
32562	-2096020800	15.5
32562	-2093342400	10.4
32563	-1009800000	-4.2
32563	-1007121600	-14.1
32563	-1004702400	-0.4
32563	-1002024000	5.2
32563	-999432000	10.2
32563	-996753600	15.7
32563	-994161600	19.4
32563	-991483200	16.5
32563	-988804800	17.1
32563	-986212800	8.5
32563	-983534400	-2.3
32563	-980942400	-4.5
32563	-978264000	-2
32563	-975585600	-14
32563	-973166400	-2.2
32563	-970488000	6.8
32563	-967896000	13
32563	-965217600	11.3
32563	-962625600	19.3
32563	-959947200	18
32563	-957268800	12.8
32563	-954676800	5.1
32563	-951998400	6.1
32563	-949406400	-0.1
32563	-946728000	-11.1
32563	-944049600	-10.3
32563	-941544000	0.3
32563	-938865600	3
32563	-936273600	13
32563	-933595200	15.5
32563	-931003200	18.3
32563	-928324800	18.6
32563	-925646400	14.6
32563	-923054400	9.4
32563	-920376000	-6.9
32563	-917784000	-2.6
32563	-915105600	-7.3
32563	-912427200	-5
32563	-910008000	-0.7
32563	-907329600	7.5
32563	-904737600	11.4
32563	-902059200	15.6
32563	-899467200	20.2
32563	-896788800	17
32563	-894110400	9.2
32563	-891518400	7.1
32563	-888840000	2.3
32563	-886248000	-5.4
32563	-883569600	-2.7
32563	-880891200	-8.9
32563	-878472000	1
32563	-875793600	6.7
32563	-873201600	9.6
32563	-870523200	12.3
32563	-867931200	17.3
32563	-865252800	16.5
32563	-862574400	11.9
32563	-859982400	8.3
32563	-857304000	-3.9
32563	-854712000	-7.3
32563	-852033600	-16.5
32563	-849355200	-2.6
32563	-846936000	-6.7
32563	-844257600	8.1
32563	-841665600	9.1
32563	-838987200	12.1
32563	-836395200	19
32563	-833716800	17.4
32563	-831038400	13.4
32563	-828446400	8.9
32563	-825768000	2.7
32563	-823176000	-0.5
32563	-820497600	-2.6
32563	-817819200	-6.1
32563	-815313600	-4.7
32563	-812635200	7.3
32563	-810043200	13.1
32563	-807364800	13.7
32563	-804772800	17.8
32563	-802094400	16.2
32563	-799416000	13.6
32563	-796824000	11
32563	-794145600	-3.3
32563	-791553600	-4.7
32563	-788875200	-6.7
32563	-786196800	-7.3
32563	-783777600	0.5
32563	-781099200	1.4
32563	-778507200	8.9
32563	-775828800	12.6
32563	-773236800	18.5
32563	-770558400	17.6
32563	-767880000	10
32563	-765288000	8.5
32563	-762609600	-6.5
32563	-760017600	-9.4
32563	-757339200	-3.1
32563	-754660800	-3.6
32563	-752241600	2.9
32563	-749563200	7.8
32563	-746971200	9.4
32563	-744292800	13.3
32563	-741700800	18.7
32563	-739022400	16.4
32563	-736344000	12
32563	-733752000	2.9
32563	-731073600	-6.7
32563	-728481600	-7.5
32563	-725803200	-6.4
32563	-723124800	-9.4
32563	-720705600	-6.3
32563	-718027200	6.4
32563	-715435200	10.9
32563	-712756800	13.5
32563	-710164800	19.7
32563	-707486400	15.7
32563	-704808000	11
32563	-702216000	8.6
32563	-699537600	-3.5
32563	-696945600	-3.5
32563	-694267200	-2.7
32563	-691588800	-11.6
32563	-689083200	-6.2
32563	-686404800	1.7
32563	-683812800	10.6
32563	-681134400	15.1
32563	-678542400	16.7
32563	-675864000	17.2
32563	-673185600	13.3
32563	-670593600	8.5
32563	-667915200	0.9
32563	-665323200	-11
32563	-662644800	-14.4
32563	-659966400	-14.6
32563	-657547200	-2.9
32563	-654868800	9.1
32563	-652276800	11.8
32563	-649598400	14.1
32563	-647006400	16.9
32563	-644328000	17.7
32563	-641649600	12.7
32563	-639057600	3.9
32563	-636379200	5.9
32563	-633787200	-12.9
32563	-631108800	-26.4
32563	-628430400	-3.8
32563	-626011200	-4.4
32563	-623332800	3.7
32563	-620740800	9.5
32563	-618062400	14.2
32563	-615470400	17.4
32563	-612792000	16.1
32563	-610113600	12.5
32563	-607521600	5.1
32563	-604843200	-4.7
32563	-602251200	-3.5
32563	-599572800	-12.2
32563	-596894400	-8.9
32563	-594475200	-9.3
32563	-591796800	4
32563	-589204800	10.9
32563	-586526400	10.7
32563	-583934400	17.6
32563	-581256000	14.1
32563	-578577600	9.5
32563	-575985600	2
32563	-573307200	-0.6
32563	-570715200	-12
32563	-568036800	-13.6
32563	-565358400	-4
32563	-562852800	-4.4
32563	-560174400	8.2
32563	-557582400	11.3
32563	-554904000	13.7
32563	-552312000	16.1
32563	-549633600	15.7
32563	-546955200	13.9
32563	-544363200	8.5
32563	-541684800	-0.5
32563	-539092800	-2.4
32563	-536414400	-7.8
32563	-533736000	-3.4
32563	-531316800	-1.5
32563	-528638400	1.2
32563	-526046400	9.1
32563	-523368000	13.1
32563	-520776000	17.3
32563	-518097600	17.5
32563	-515419200	13.3
32563	-512827200	10.5
32563	-510148800	3.4
32563	-507556800	-2.3
32563	-504878400	-18.1
32563	-502200000	1.3
32563	-499780800	-6.4
32563	-497102400	-0.8
32563	-494510400	10.2
32563	-491832000	12.5
32563	-489240000	17.9
32563	-486561600	15.5
32563	-483883200	10.9
32563	-481291200	6.2
32563	-478612800	5.3
32563	-476020800	-0.8
32563	-473342400	-6.8
32563	-470664000	-8.6
32563	-468244800	-7.5
32563	-465566400	3.6
32563	-462974400	7.6
32563	-460296000	14.7
32563	-457704000	16.9
32563	-455025600	16.9
32563	-452347200	10.7
32563	-449755200	6.9
32563	-447076800	-11
32563	-444484800	-12
32563	-441806400	-12.9
32563	-439128000	-11
32563	-436622400	-1.9
32563	-433944000	3.2
32563	-431352000	10.9
32563	-428673600	15.1
32563	-426081600	17.7
32563	-423403200	16.3
32563	-420724800	12.2
32563	-418132800	6
32563	-415454400	2
32563	-412862400	-4.8
32563	-410184000	-16.2
32563	-407505600	-8.2
32563	-405086400	-0.3
32563	-402408000	4.6
32563	-399816000	12.3
32563	-397137600	14.7
32563	-394545600	18.6
32563	-391867200	15.5
32563	-389188800	13.8
32563	-386596800	2.1
32563	-383918400	-0.1
32563	-381326400	-0.6
32563	-378648000	-0.6
32563	-375969600	-9.5
32563	-373550400	-7
32563	-370872000	5.3
32563	-368280000	14.6
32563	-365601600	14.6
32563	-363009600	17
32563	-360331200	19.6
32563	-357652800	12.9
32563	-355060800	9.1
32563	-352382400	-1.9
32563	-349790400	-3.7
32563	-347112000	-12.5
32563	-344433600	-11
32563	-342014400	1.8
32563	-339336000	4.8
32563	-336744000	8
32563	-334065600	15.5
32563	-331473600	18.9
32563	-328795200	15.9
32563	-326116800	10.4
32563	-323524800	5.5
32563	-320846400	-2.9
32563	-318254400	-0.5
32563	-315576000	-9.9
32563	-312897600	-6.1
32563	-310392000	-3.5
32563	-307713600	4.9
32563	-305121600	9.7
32563	-302443200	15
32563	-299851200	21.2
32563	-297172800	16.7
32563	-294494400	13.4
32563	-291902400	8.6
32563	-289224000	-1.1
32563	-286632000	-5
32563	-283953600	-3.1
32563	-281275200	-2.3
32563	-278856000	1.3
32563	-276177600	3.8
32563	-273585600	11.1
32563	-270907200	19.1
32563	-268315200	18.5
32563	-265636800	20.1
32563	-262958400	9.4
32563	-260366400	6.1
32563	-257688000	-3.2
32563	-255096000	-9.5
32563	-252417600	-8.4
32563	-249739200	-9.9
32563	-247320000	-5.9
32563	-244641600	8.4
32563	-242049600	10.2
32563	-239371200	15.6
32563	-236779200	16.8
32563	-234100800	17.7
32563	-231422400	12.5
32563	-228830400	9.4
32563	-226152000	2.5
32563	-223560000	-3.3
32563	-220881600	-13.1
32563	-218203200	-1.1
32563	-215784000	1.6
32563	-213105600	5.5
32563	-210513600	10.6
32563	-207835200	15.3
32563	-205243200	17.7
32563	-202564800	17.5
32563	-199886400	16.3
32563	-197294400	10.2
32563	-194616000	-1.4
32563	-192024000	-7.9
32563	-189345600	-5.8
32563	-186667200	0.2
32563	-184161600	-4.4
32563	-181483200	4.6
32563	-178891200	10.3
32563	-176212800	14.9
32563	-173620800	18.8
32563	-170942400	15.6
32563	-168264000	9.4
32563	-165672000	9.4
32563	-162993600	-3.4
32563	-160401600	-17.3
32563	-157723200	-11.1
32563	-155044800	-6.9
32563	-152625600	-7.2
32563	-149947200	5.2
32563	-147355200	9.9
32563	-144676800	13.4
32563	-142084800	18.3
32563	-139406400	17.6
32563	-136728000	6
32563	-134136000	10.6
32563	-131457600	-4.2
32563	-128865600	-7.5
32563	-126187200	-15.9
32563	-123508800	-6.6
32563	-121089600	0.9
32563	-118411200	3.2
32563	-115819200	11.7
32563	-113140800	13.5
32563	-110548800	17.4
32563	-107870400	15.6
32563	-105192000	14.6
32563	-102600000	6.5
32563	-99921600	-6
32563	-97329600	-5.3
32563	-94651200	-8.9
32563	-91972800	-4
32563	-89553600	-5.6
32563	-86875200	-1.3
32563	-84283200	8.4
32563	-81604800	13.3
32563	-79012800	18.7
32563	-76334400	18.5
32563	-73656000	16.6
32563	-71064000	7.6
32563	-68385600	-0.2
32563	-65793600	-7.8
32563	-63115200	-12.1
32563	-60436800	-3.3
32563	-57931200	3.1
32563	-55252800	3.5
32563	-52660800	8.8
32563	-49982400	14.1
32563	-47390400	16.7
32563	-44712000	14.8
32563	-42033600	12.1
32563	-39441600	6.3
32563	-36763200	-0.3
32563	-34171200	-13.8
32563	-31492800	-25.1
32563	-28814400	-11.7
32563	-26395200	-4.1
32563	-23716800	7.9
32563	-21124800	11.7
32563	-18446400	14
32563	-15854400	16.5
32563	-13176000	18.2
32563	-10497600	12.8
32563	-7905600	2.7
32563	-5227200	3
32563	-2635200	-3.9
32563	43200	-12.7
32563	2721600	-2.3
32563	5140800	-3.2
32563	7819200	3.3
32563	10411200	11.4
32563	13089600	17.8
32563	15681600	19.6
32563	18360000	18.5
32563	21038400	11.1
32563	23630400	5
32563	26308800	-5.3
32563	28900800	-10.1
32563	31579200	-13.2
32563	34257600	-3.2
32563	36676800	-3.2
32563	39355200	5.9
32563	41947200	11.6
32563	44625600	14.4
32563	47217600	17.3
32563	49896000	21.2
32563	52574400	10.2
32563	55166400	5.4
32563	57844800	-1.6
32563	60436800	-12.8
32563	63115200	-15.1
32563	65793600	-10.7
32563	68299200	-1.1
32563	70977600	3.8
32563	73569600	11
32563	76248000	16
32563	78840000	15.3
32563	81518400	18.7
32563	84196800	8.5
32563	86788800	4.1
32563	89467200	-0.2
32563	92059200	-10.3
32563	94737600	-6.1
32563	97416000	-5.7
32563	99835200	2.4
32563	102513600	3.6
32563	105105600	11.6
32563	107784000	15.1
32563	110376000	18.2
32563	113054400	18
32563	115732800	12.5
32563	118324800	6.9
32563	121003200	-8.8
32563	123595200	-6
32563	126273600	-11.5
32563	128952000	-2.8
32563	131371200	-2.8
32563	134049600	6.5
32563	136641600	8.7
32563	139320000	17.2
32563	141912000	18.2
32563	144590400	14.6
32563	147268800	11.7
32563	149860800	9.3
32563	152539200	1.1
32563	155131200	-2.6
32563	157809600	-8.1
32563	160488000	-12.4
32563	162907200	-4.9
32563	165585600	-1.2
32563	168177600	9.7
32563	170856000	13.7
32563	173448000	19.8
32563	176126400	14.7
32563	178804800	12.7
32563	181396800	5.7
32563	184075200	-2.5
32563	186667200	-5
32563	189345600	-5.7
32563	192024000	-2.1
32563	194529600	-2
32563	197208000	6.8
32563	199800000	12.2
32563	202478400	12.5
32563	205070400	17.7
32563	207748800	17.3
32563	210427200	14.6
32563	213019200	5.5
32563	215697600	0.4
32563	218289600	-3.9
32563	220968000	-10.4
32563	223646400	2.5
32563	226065600	-0.5
32563	228744000	7.8
32563	231336000	10.6
32563	234014400	16.2
32563	236606400	16.8
32563	239284800	14.2
32563	241963200	10.6
32563	244555200	6.9
32563	247233600	-4.1
32563	249825600	-11.7
32563	252504000	-15.9
32563	255182400	-11.9
32563	257601600	-1.7
32563	260280000	4.7
32563	262872000	9.7
32563	265550400	15.3
32563	268142400	17.3
32563	270820800	15.9
32563	273499200	12.5
32563	276091200	8
32563	278769600	-5.5
32563	281361600	-9.5
32563	284040000	-15.9
32563	286718400	-14.3
32563	289137600	0.6
32563	291816000	2.8
32563	294408000	9.2
32563	297086400	15.1
32563	299678400	17.9
32563	302356800	17.7
32563	305035200	14.7
32563	307627200	8.3
32563	310305600	-0.8
32563	312897600	-2.3
32563	315576000	-12.1
32563	318254400	-6.4
32563	320760000	-2.9
32563	323438400	8.8
32563	326030400	12
32563	328708800	14.5
32563	331300800	17.3
32563	333979200	14
32563	336657600	12.1
32563	339249600	8.3
32563	341928000	1.6
32563	344520000	-8.1
32563	347198400	-1.8
32563	349876800	-3.3
32563	352296000	2.2
32563	354974400	6.6
32563	357566400	11.1
32563	360244800	13.1
32563	362836800	16.7
32563	365515200	18.5
32563	368193600	13.3
32563	370785600	5.7
32563	373464000	2.7
32563	376056000	-7.8
32563	378734400	-18.7
32563	381412800	-9.6
32563	383832000	-4.4
32563	386510400	2.3
32563	389102400	9.2
32563	391780800	14.9
32563	394372800	16.9
32563	397051200	16.5
32563	399729600	11.9
32563	402321600	7.1
32563	4.05e+08	-4.9
32563	407592000	-4.8
32563	410270400	-3.5
32563	412948800	-0.4
32563	415368000	-0.7
32563	418046400	4.7
32563	420638400	10.6
32563	423316800	14.5
32563	425908800	16.9
32563	428587200	19.7
32563	431265600	10.9
32563	433857600	7.9
32563	436536000	-1.2
32563	439128000	-18.2
32563	441806400	-3.6
32563	444484800	1.9
32563	446990400	-0.7
32563	449668800	6
32563	452260800	10.1
32563	454939200	14.5
32563	457531200	18.8
32563	460209600	18.9
32563	462888000	8.9
32563	465480000	2.7
32563	468158400	-2.5
32563	470750400	-12.1
32563	473428800	-6.9
32563	476107200	-8.7
32563	478526400	0.2
32563	481204800	7
32563	483796800	12.6
32563	486475200	14
32563	489067200	19.2
32563	491745600	15.7
32563	494424000	7.8
32563	497016000	5.7
32563	499694400	-13.5
32563	502286400	-4
32563	504964800	-0.2
32563	507643200	-9.8
32563	510062400	4.5
32563	512740800	5.6
32563	515332800	11.7
32563	518011200	16.6
32563	520603200	15.8
32563	523281600	17.4
32563	525960000	8.1
32563	528552000	8
32563	531230400	-5
32563	533822400	-1.8
32563	536500800	-2
32563	539179200	-0.6
32563	541598400	-0.8
32563	544276800	9
32563	546868800	12.4
32563	549547200	16.8
32563	552139200	16.8
32563	554817600	13.9
32563	557496000	14
32563	560088000	8
32563	562766400	3
32563	565358400	-3.5
32563	568036800	-7.7
32563	570715200	-3.8
32563	573220800	1.9
32563	575899200	7.3
32563	578491200	13.5
32563	581169600	18.1
32563	583761600	18.2
32563	586440000	16.6
32563	589118400	12
32563	591710400	8.5
32563	594388800	0.1
32563	596980800	-5.8
32563	599659200	-7
32563	602337600	-13.7
32563	604756800	-6
32563	607435200	5.5
32563	610027200	10
32563	612705600	15.5
32563	615297600	18.2
32563	617976000	16.2
32563	620654400	12.5
32563	623246400	6.4
32563	625924800	0.2
32563	628516800	-4.7
32563	631195200	-3.5
32563	633873600	-6
32563	636292800	1.8
32563	638971200	5.7
32563	641563200	9.7
32563	644241600	14.6
32563	646833600	16.9
32563	649512000	18.2
32563	652190400	15.4
32563	654782400	5.4
32563	657460800	-1.1
32563	660052800	-11.2
32563	662731200	-9.1
32563	665409600	1.7
32563	667828800	-2.3
32563	670507200	6.3
32563	673099200	10.4
32563	675777600	13.9
32563	678369600	17.5
32563	681048000	19
32563	683726400	12.6
32563	686318400	3.8
32563	688996800	-2
32563	691588800	-1.4
32563	694267200	-0.5
32563	696945600	-1.2
32563	699451200	3.5
32563	702129600	7.8
32563	704721600	11.7
32563	707400000	16.1
32563	709992000	14.8
32563	712670400	15.2
32563	715348800	10.5
32563	717940800	6.5
32563	720619200	-0.3
32563	723211200	-11.8
32563	725889600	-12.2
32563	728568000	-8
32563	730987200	1.7
32563	733665600	6.1
32563	736257600	12.5
32563	738936000	13.4
32563	741528000	13.5
32563	744206400	14.7
32563	746884800	11
32563	749476800	7.1
32563	752155200	-2.7
32563	754747200	-1.9
32563	757425600	-7.4
32563	760104000	-12.7
32563	762523200	3.6
32563	765201600	6.6
32563	767793600	11.8
32563	770472000	14.5
32563	773064000	18.3
32563	775742400	17.5
32563	778420800	15.2
32563	781012800	6.2
32563	783691200	-2.8
32563	786283200	-4.2
32563	788961600	-7.5
32563	791640000	-3.6
32563	794059200	-1.2
32563	796737600	3.8
32563	799329600	10
32563	802008000	14.4
32563	804600000	17.2
32563	807278400	15.4
32563	809956800	12.1
32563	812548800	5.4
32563	815227200	-1.6
32563	817819200	-10.3
32563	820497600	-16
32563	823176000	-4.5
32563	825681600	-4.4
32563	828360000	7.2
32563	830952000	8.6
32563	833630400	15.6
32563	836222400	18.4
32563	838900800	20.3
32563	841579200	12.3
32563	844171200	5.5
32563	846849600	-8.1
32563	849441600	-11.3
32563	852120000	-11.1
32563	854798400	-0.7
32563	857217600	-1.5
32563	859896000	3
32563	862488000	10.7
32563	865166400	15.2
32563	867758400	17.5
32563	870436800	18.1
32563	873115200	15.2
32563	875707200	6.8
32563	878385600	-1.4
32563	880977600	-2.3
32563	883656000	-11.3
32563	886334400	-0.6
32563	888753600	-3.4
32563	891432000	7.5
32563	894024000	12.7
32563	896702400	13.7
32563	899294400	19.7
32563	901972800	19.6
32563	904651200	15.2
32563	907243200	7.8
32563	909921600	-0.6
32563	912513600	-7.3
32563	915192000	-6
32563	917870400	0.7
32563	920289600	1.1
32563	922968000	5.1
32563	925560000	9.5
32563	928238400	13.5
32563	930830400	15.6
32563	933508800	18
32563	936187200	11.7
32563	938779200	7.5
32563	941457600	3.3
32563	944049600	1.1
32563	946728000	-9.4
32563	949406400	-5.4
32563	951912000	1.6
32563	954590400	5.9
32563	957182400	10.9
32563	959860800	14.9
32563	962452800	19.2
32563	965131200	18
32563	967809600	12.7
32563	970401600	7
32563	973080000	-3.4
32563	975672000	-10.3
32563	978350400	-1.9
32563	981028800	-11.1
32563	983448000	1.6
32563	986126400	4.9
32563	988718400	12.8
32563	991396800	14.7
32563	993988800	18.7
32563	996667200	20
32563	999345600	14.7
32563	1001937600	6.1
32563	1004616000	1.6
32563	1007208000	-6.4
32563	1009886400	-4.4
32563	1012564800	-2.3
32563	1014984000	-12.3
32563	1017662400	1.8
32563	1020254400	8.4
32563	1022932800	15.3
32563	1025524800	19.3
32563	1028203200	14.9
32563	1030881600	12
32563	1033473600	2.2
32563	1036152000	3.2
32563	1038744000	-2.3
32563	1041422400	-4.7
32563	1044100800	-6.4
32563	1046520000	-2.1
32563	1049198400	5.9
32563	1051790400	9.8
32563	1054468800	14.9
32563	1057060800	19.6
32563	1059739200	19.8
32563	1062417600	12.5
32563	1065009600	8.7
32563	1067688000	-5.4
32563	1070280000	-1.9
32563	1072958400	-9.1
32563	1075636800	-2.5
32563	1078142400	2.9
32563	1080820800	7
32563	1083412800	9
32563	1086091200	13.3
32563	1088683200	18.1
32563	1091361600	17.2
32563	1094040000	12
32563	1096632000	5.4
32563	1099310400	1.7
32563	1101902400	-3.5
32563	1104580800	-8.6
32563	1107259200	-1.9
32563	1109678400	1.1
32563	1112356800	5.6
32563	1114948800	10.7
32563	1117627200	13.6
32563	1120219200	17.8
32563	1122897600	15.6
32563	1125576000	11.5
32563	1128168000	7.4
32563	1130846400	1.9
32563	1133438400	-4.3
32563	1136116800	1.1
32563	1138795200	-4.5
32563	1141214400	-1.5
32563	1143892800	7.3
32563	1146484800	11.9
32563	1149163200	15.7
32563	1151755200	19.9
32563	1154433600	17.3
32563	1157112000	13.2
32563	1159704000	4.8
32563	1162382400	-3.2
32563	1164974400	-1.7
32563	1167652800	-3.5
32563	1170331200	-7
32563	1172750400	4.2
32563	1175428800	4.9
32563	1178020800	11.4
32563	1180699200	15.3
32563	1183291200	22
32563	1185969600	16.9
32564	-2374660800	5.6
32564	-2371982400	0.9
32564	-2369390400	-3.8
32564	-2366712000	-13
32564	-2364033600	-7.3
32564	-2361614400	-1.8
32564	-2358936000	6.2
32564	-2356344000	8.8
32564	-2353665600	12.1
32564	-2351073600	15
32564	-2348395200	14.8
32565	-1406980800	15
32565	-1404388800	17.3
32565	-1401710400	15.1
32565	-1399032000	8.6
32565	-1396440000	-0.2
32565	-1393761600	-0.3
32565	-1391169600	0.1
32565	-1388491200	-1.9
32565	-1385812800	-0.7
32565	-1383393600	1
32565	-1380715200	6.1
32565	-1378123200	10.3
32565	-1375444800	12.7
32565	-1372852800	17.6
32565	-1370174400	14.9
32566	-2406196800	3.2
32566	-2403518400	-1.4
32566	-2400926400	-3.6
32566	-2398248000	-5.6
32566	-2395569600	-8.3
32566	-2393150400	-0.3
32566	-2390472000	3.9
32566	-2387880000	9.7
32566	-2385201600	11.6
32566	-2382609600	16.5
32566	-2379931200	16.6
32566	-2377252800	8.5
32566	-2374660800	5.9
32566	-2371982400	3
32566	-2369390400	-6.7
32566	-2366712000	-7.7
32566	-2364033600	-5.8
32566	-2361614400	-2.1
32566	-2358936000	5.4
32566	-2356344000	7.8
32566	-2353665600	10.3
32566	-2351073600	14.8
32566	-2348395200	15.1
32566	-2345716800	8
32566	-2343124800	6.9
32566	-2340446400	-2.8
32566	-2337854400	-7.1
32566	-2335176000	-3.5
32566	-2332497600	-1.3
32566	-2329992000	-2.8
32566	-2327313600	1.8
32566	-2324721600	4.9
32566	-2322043200	14.2
32566	-2319451200	16.5
32566	-2316772800	15.2
32566	-2314094400	8.5
32566	-2311502400	6.1
32566	-2308824000	-5.7
32566	-2306232000	-0.1
32566	-2303553600	-7.9
32566	-2300875200	-6.1
32566	-2298456000	-6.7
32566	-2295777600	4.2
32566	-2293185600	12.6
32566	-2290507200	12.2
32566	-2287915200	14.3
32566	-2285236800	16.6
32566	-2282558400	11.3
32566	-2279966400	5.6
32566	-2277288000	-2
32566	-2274696000	-6.1
32566	-2272017600	-7.8
32566	-2269339200	-0.4
32566	-2266920000	-4.9
32566	-2264241600	5.5
32566	-2261649600	8
32566	-2258971200	13.3
32566	-2256379200	15.9
32566	-2253700800	16.8
32566	-2251022400	9.7
32567	284040000	-14.8
32567	286718400	-5.7
32567	289137600	0.7
32567	291816000	4.4
32567	294408000	10.2
32567	297086400	14.8
32568	-2385201600	13.6
32568	-2382609600	17.7
32568	-2379931200	18.1
32568	-2377252800	10.3
32568	-2374660800	6.3
32568	-2371982400	3.4
32569	-2411467200	17.8
32569	-2408788800	11.6
32569	-2406196800	4
32569	-2403518400	-3.7
32569	-2400926400	-4.4
32569	-2398248000	-9.1
32569	-2395569600	-6.2
32569	-2393150400	0.5
32569	-2390472000	5.8
32569	-2387880000	11
32569	-2385201600	13.3
32569	-2382609600	16.5
32569	-2379931200	17
32569	-2377252800	9.1
32569	-2374660800	4.8
32569	-2371982400	1.5
32569	-2369390400	-6
32569	-2366712000	-9
32569	-2364033600	-3.8
32569	-2361614400	0.8
32569	-2358936000	7.2
32569	-2356344000	10.2
32569	-2353665600	13.1
32569	-2351073600	16.4
32569	-2348395200	15.9
32569	-2345716800	8.9
32569	-2343124800	6.8
32569	-2340446400	-0.5
32569	-2337854400	-5
32569	-2335176000	-6.5
32569	-2332497600	-1.9
32569	-2329992000	0.4
32569	-2327313600	5.4
32569	-2324721600	8.8
32569	-2322043200	15.7
32569	-2319451200	19.7
32569	-2316772800	16.8
32569	-2314094400	10.6
32569	-2311502400	6.8
32569	-2308824000	-4.1
32569	-2306232000	-1.6
32569	-2303553600	-5.3
32569	-2300875200	-2.3
32569	-2298456000	-2.5
32569	-2295777600	8.3
32569	-2293185600	15.2
32569	-2290507200	15.1
32569	-2287915200	15.3
32569	-2285236800	19.1
32569	-2282558400	12
32569	-2279966400	6.5
32569	-2277288000	-2.4
32569	-2274696000	-5.7
32569	-2272017600	-5.9
32569	-2269339200	-0.3
32569	-2266920000	-0.8
32570	-2403518400	-5.5
32570	-2400926400	-4.3
32570	-2398248000	-10.9
32570	-2395569600	-9.8
32570	-2393150400	-4.4
32570	-2390472000	3
32570	-2387880000	9.3
32570	-2385201600	13.5
32570	-2382609600	17.6
32570	-2379931200	17.8
32570	-2377252800	9.6
32570	-2374660800	5.3
32570	-2371982400	1.3
32570	-2369390400	-4
32570	-2366712000	-11.6
32570	-2364033600	-7.6
32570	-2361614400	-1.1
32570	-2358936000	6.3
32570	-2356344000	9.1
32570	-2353665600	12.6
32570	-2351073600	16.6
32570	-2348395200	15.9
32570	-2345716800	10.1
32570	-2343124800	8.2
32570	-2340446400	-1
32570	-2337854400	-5.5
32570	-2335176000	-9.9
32570	-2332497600	-1.4
32570	-2329992000	-4.1
32570	-2327313600	2.3
32570	-2324721600	7.1
32570	-2322043200	15.1
32570	-2319451200	18.8
32570	-2316772800	15.9
32570	-2314094400	9.3
32570	-2311502400	7.5
32570	-2308824000	-14.6
32570	-2306232000	-0.5
32570	-2303553600	-7.2
32570	-2300875200	-6.2
32570	-2298456000	-7.1
32570	-2295777600	6.7
32570	-2293185600	14.3
32570	-2290507200	13.9
32570	-2287915200	16.6
32570	-2285236800	18.3
32570	-2282558400	13.3
32570	-2279966400	7
32570	-2277288000	-7
32570	-2274696000	-5.5
32570	-2272017600	-4.3
32570	-2269339200	-2.6
32570	-2266920000	-6.7
32570	-2264241600	5
32570	-2261649600	8.8
32570	-2258971200	13.5
32570	-2256379200	16.9
32570	-2253700800	18.3
32570	-2251022400	12
32570	-2248430400	2.2
32570	-2245752000	-3.7
32570	-2243160000	-5.5
32570	-2240481600	-8.4
32570	-2237803200	-14.9
32570	-2235384000	-9.1
32570	-2232705600	2.1
32570	-2230113600	6.7
32570	-2227435200	12.7
32570	-2224843200	17.7
32570	-2222164800	14.4
32570	-2219486400	13.2
32570	-2216894400	4.4
32570	-2214216000	3.8
32570	-2211624000	-5.7
32570	-2208945600	-2.3
32570	-2206267200	-8.7
32570	-2203848000	0.2
32570	-2201169600	6.4
32570	-2198577600	11.5
32570	-2195899200	16.7
32570	-2193307200	17.6
32570	-2190628800	15.1
32570	-2187950400	10.7
32570	-2185358400	5.5
32570	-2182680000	-3.2
32570	-2180088000	-0.7
32570	-2177409600	-7.9
32570	-2174731200	-9.5
32570	-2172312000	0.4
32570	-2169633600	3.3
32570	-2167041600	11.9
32570	-2164363200	9.8
32570	-2161771200	18
32570	-2159092800	18.2
32570	-2156414400	8.3
32570	-2153822400	8.2
32570	-2151144000	1.4
32570	-2148552000	-3.4
32570	-2145873600	-6.6
32570	-2143195200	-6.8
32570	-2140776000	-1.4
32570	-2138097600	2.7
32570	-2135505600	9.8
32570	-2132827200	11.1
32570	-2130235200	14.9
32570	-2127556800	16.2
32570	-2124878400	10
32570	-2122286400	6.7
32570	-2119608000	-3.4
32570	-2117016000	-7.6
32570	-2114337600	-3.8
32570	-2111659200	-8
32570	-2109240000	-5.9
32570	-2106561600	3.2
32570	-2103969600	7.9
32570	-2101291200	15.1
32570	-2098699200	15.6
32570	-2096020800	15.6
32570	-2093342400	10.3
32570	-2090750400	7.7
32570	-2088072000	-4.3
32570	-2085480000	-1.8
32570	-2082801600	-5.9
32570	-2080123200	-13.6
32570	-2077617600	-6.9
32570	-2074939200	5.1
32570	-2072347200	9
32570	-2069668800	13.3
32570	-2067076800	17.8
32570	-2064398400	16.7
32570	-2061720000	12.6
32570	-2059128000	7.6
32570	-2056449600	3.7
32570	-2053857600	-3.4
32570	-2051179200	-11
32570	-2048500800	-10.2
32570	-2046081600	1.7
32570	-2043403200	4.2
32570	-2040811200	7.3
32570	-2038132800	12
32570	-2035540800	17.7
32570	-2032862400	18.3
32570	-2030184000	13.1
32570	-2027592000	3.4
32570	-2024913600	-0.3
32570	-2022321600	-3
32570	-2019643200	-5.4
32570	-2016964800	-3.6
32570	-2014545600	-5.6
32570	-2011867200	7.1
32570	-2009275200	8.4
32570	-2006596800	12
32570	-2004004800	18.8
32570	-2001326400	16.5
32570	-1998648000	13
32570	-1996056000	7
32570	-1993377600	-3.2
32570	-1990785600	-5.7
32570	-1988107200	-17.8
32570	-1985428800	-4
32570	-1983009600	-1
32570	-1980331200	2
32570	-1977739200	7.7
32570	-1975060800	11.8
32570	-1972468800	16
32570	-1969790400	14.7
32570	-1967112000	10.1
32570	-1964520000	9
32570	-1961841600	1.2
32570	-1959249600	-1.7
32570	-1956571200	-5
32570	-1953892800	-6
32570	-1951387200	-3.1
32570	-1948708800	6.2
32570	-1946116800	8.9
32570	-1943438400	12.7
32570	-1940846400	18.5
32570	-1938168000	15.6
32570	-1935489600	12.4
32570	-1932897600	4.1
32570	-1930219200	-0.4
32570	-1927627200	-3.7
32570	-1924948800	-13.9
32570	-1922270400	-6.5
32570	-1919851200	-1.5
32570	-1917172800	0.4
32570	-1914580800	7.6
32570	-1911902400	13.8
32570	-1909310400	16.2
32570	-1906632000	16.9
32570	-1903953600	13.3
32570	-1901361600	6.7
32570	-1898683200	-1
32570	-1896091200	-9.9
32570	-1893412800	-5.9
32570	-1890734400	-10.8
32570	-1888315200	5.7
32570	-1885636800	9.1
32570	-1883044800	10.7
32570	-1880366400	14.9
32570	-1877774400	18.9
32570	-1875096000	15
32570	-1872417600	10.7
32570	-1869825600	8.6
32570	-1867147200	-1.8
32570	-1864555200	-3.2
32570	-1861876800	-13.1
32570	-1859198400	-10.4
32570	-1856779200	2
32570	-1854100800	2.6
32570	-1851508800	8.5
32570	-1848830400	16
32570	-1846238400	16
32570	-1843560000	14.5
32570	-1840881600	9
32570	-1838289600	4.8
32570	-1835611200	-4.8
32570	-1833019200	-5.3
32570	-1830340800	-10.1
32570	-1827662400	-2.9
32570	-1825156800	-7.4
32570	-1822478400	5.7
32570	-1819886400	9.5
32570	-1817208000	15.3
32570	-1814616000	14.5
32570	-1811937600	15.5
32570	-1809259200	8.4
32570	-1806667200	5.4
32570	-1803988800	2.4
32570	-1801396800	-1.9
32570	-1798718400	-10.4
32570	-1796040000	-8.8
32570	-1793620800	-5.6
32570	-1790942400	4.6
32570	-1788350400	8.5
32570	-1785672000	15.6
32570	-1783080000	16.4
32570	-1780401600	17
32570	-1777723200	13.2
32570	-1775131200	4
32570	-1772452800	1.8
32570	-1769860800	-2.8
32570	-1767182400	-6.2
32570	-1764504000	-8.7
32570	-1762084800	0.3
32570	-1759406400	4.9
32570	-1756814400	9.5
32570	-1754136000	13.4
32570	-1751544000	18.8
32570	-1748865600	15.7
32570	-1746187200	11.8
32570	-1743595200	5.7
32570	-1740916800	1.3
32570	-1738324800	-11.5
32570	-1735646400	-7.1
32570	-1732968000	-5.7
32570	-1730548800	-2.4
32570	-1727870400	8.8
32570	-1725278400	9.8
32570	-1722600000	11.6
32570	-1720008000	14.8
32570	-1717329600	18.4
32570	-1714651200	9.2
32570	-1712059200	8
32570	-1709380800	-1.4
32570	-1706788800	-4.4
32570	-1704110400	-23.4
32570	-1701432000	-8.6
32570	-1698926400	0.1
32570	-1696248000	4.9
32570	-1693656000	6.6
32570	-1690977600	12.3
32570	-1688385600	16.5
32570	-1685707200	15.9
32570	-1683028800	11.3
32570	-1680436800	3.2
32570	-1677758400	-1
32570	-1675166400	-12
32570	-1672488000	-10.2
32570	-1669809600	-11.9
32570	-1667390400	-7.3
32570	-1664712000	1.3
32570	-1662120000	8.2
32570	-1659441600	12.9
32570	-1656849600	20.3
32570	-1654171200	17
32570	-1651492800	11.5
32570	-1648900800	4.9
32570	-1646222400	5.3
32570	-1643630400	-11.9
32570	-1640952000	-10.2
32570	-1638273600	-7.1
32570	-1635854400	1.1
32570	-1633176000	3.6
32570	-1630584000	10.2
32570	-1627905600	16.1
32570	-1625313600	16.5
32570	-1622635200	16.3
32570	-1619956800	11.5
32570	-1617364800	7.9
32570	-1614686400	-2.1
32570	-1612094400	-3
32570	-1609416000	0.2
32570	-1606737600	-10.9
32570	-1604318400	-6.1
32570	-1601640000	6
32570	-1599048000	9.8
32570	-1596369600	15.5
32570	-1593777600	18.7
32570	-1591099200	17.8
32570	-1588420800	10.5
32570	-1585828800	-0.6
32570	-1583150400	-5.8
32570	-1580558400	-8.1
32570	-1577880000	-8.6
32570	-1575201600	-4.5
32570	-1572696000	-2.3
32570	-1570017600	1.3
32570	-1567425600	8
32570	-1564747200	13
32570	-1562155200	19.1
32570	-1559476800	17.7
32570	-1556798400	13
32570	-1554206400	5.8
32570	-1551528000	-1.5
32570	-1548936000	-4.9
32570	-1546257600	-4.8
32570	-1543579200	-2.5
32570	-1541160000	-2.6
32570	-1538481600	3.5
32570	-1535889600	9
32570	-1533211200	16
32570	-1530619200	18.5
32570	-1527940800	17.6
32570	-1525262400	8.7
32570	-1522670400	9.1
32570	-1519992000	-3.9
32570	-1517400000	-6.7
32570	-1514721600	-10
32570	-1512043200	-13.8
32570	-1509624000	-2.9
32570	-1506945600	3
32570	-1504353600	8.8
32570	-1501675200	15.7
32570	-1499083200	16.7
32570	-1496404800	18.1
32570	-1493726400	14
32570	-1491134400	8.4
32570	-1488456000	-0.4
32570	-1485864000	-10.6
32570	-1483185600	-5.3
32570	-1480507200	-9.9
32570	-1478088000	-2
32570	-1475409600	3.5
32570	-1472817600	9.3
32570	-1470139200	13.5
32570	-1467547200	18.1
32570	-1464868800	15.8
32570	-1462190400	12.5
32570	-1459598400	5
32570	-1456920000	3.1
32570	-1454328000	-5
32570	-1451649600	-10.3
32570	-1448971200	-1.3
32570	-1446465600	-3.6
32570	-1443787200	3.1
32570	-1441195200	10.5
32570	-1438516800	11.9
32570	-1435924800	17.3
32570	-1433246400	15.1
32570	-1430568000	11.7
32570	-1427976000	6.7
32570	-1425297600	-3.3
32570	-1422705600	-13
32570	-1420027200	-8.2
32570	-1417348800	-3.9
32570	-1414929600	-1.6
32570	-1412251200	5.4
32570	-1409659200	10.7
32570	-1406980800	14.5
32570	-1404388800	18.3
32570	-1401710400	16.1
32570	-1399032000	10.1
32570	-1396440000	-0.5
32570	-1393761600	-0.2
32570	-1391169600	0
32570	-1388491200	-1.3
32570	-1385812800	0.5
32570	-1383393600	1
32570	-1380715200	5.2
32570	-1378123200	10.4
32570	-1375444800	13.9
32570	-1372852800	18.3
32570	-1370174400	15.5
32570	-1367496000	6.5
32570	-1364904000	7.6
32570	-1362225600	-2.1
32570	-1359633600	-6.1
32570	-1356955200	-9.9
32570	-1354276800	-7.4
32570	-1351857600	-0.2
32570	-1349179200	2.5
32570	-1346587200	5.6
32570	-1343908800	13.9
32570	-1341316800	16.6
32570	-1338638400	15.5
32570	-1335960000	10.7
32570	-1333368000	7.3
32570	-1330689600	-7.6
32570	-1328097600	-13.4
32570	-1325419200	-5
32570	-1322740800	-3.6
32570	-1320235200	1.3
32570	-1317556800	2.4
32570	-1314964800	11.9
32570	-1312286400	11
32570	-1309694400	16.4
32570	-1307016000	14.9
32570	-1304337600	10.4
32570	-1301745600	3.4
32570	-1299067200	0
32570	-1296475200	-4
32570	-1293796800	-15.5
32570	-1291118400	-12.3
32570	-1288699200	0.6
32570	-1286020800	2.1
32570	-1283428800	8.5
32570	-1280750400	13.5
32570	-1278158400	19
32570	-1275480000	19.5
32570	-1272801600	9.4
32570	-1270209600	7.3
32570	-1267531200	-0.8
32570	-1264939200	-8.5
32570	-1262260800	-17.1
32570	-1259582400	-0.7
32570	-1257163200	-3.7
32570	-1254484800	7.9
32570	-1251892800	9
32570	-1249214400	14.1
32570	-1246622400	19
32570	-1243944000	19.1
32570	-1241265600	12
32570	-1238673600	3.1
32570	-1235995200	-1
32570	-1233403200	0
32570	-1230724800	-1.1
32570	-1228046400	-0.6
32570	-1225627200	-1.6
32570	-1222948800	4.9
32570	-1220356800	10.3
32570	-1217678400	15.9
32570	-1215086400	17.4
32570	-1212408000	17.7
32570	-1209729600	11.8
32570	-1207137600	7.1
32570	-1204459200	-4.6
32570	-1201867200	-4.3
32570	-1199188800	-9.1
32570	-1196510400	-6.1
32570	-1194004800	-7.3
32570	-1191326400	5.5
32570	-1188734400	10.4
32570	-1186056000	14.3
32570	-1183464000	18.3
32570	-1180785600	16.8
32570	-1178107200	12.4
32570	-1175515200	4.1
32570	-1172836800	-1.4
32570	-1170244800	-8.6
32570	-1167566400	-5.9
32570	-1164888000	-9.6
32570	-1162468800	-1.2
32570	-1159790400	1.7
32570	-1157198400	8.3
32570	-1154520000	16.6
32570	-1151928000	19
32570	-1149249600	17.1
32570	-1146571200	10.7
32570	-1143979200	4.7
32570	-1141300800	0.9
32570	-1138708800	-9.4
32570	-1136030400	-1.9
32570	-1133352000	-1.1
32570	-1130932800	-1.3
32570	-1128254400	7.5
32570	-1125662400	13.4
32570	-1122984000	13
32570	-1120392000	18.4
32570	-1117713600	17.2
32570	-1115035200	9.2
32570	-1112443200	7.5
32570	-1109764800	2.5
32570	-1107172800	-4.5
32570	-1104494400	-10.3
32570	-1101816000	-0.7
32570	-1099396800	-4.8
32570	-1096718400	-2.6
32570	-1094126400	7.6
32570	-1091448000	13.3
32570	-1088856000	18.4
32570	-1086177600	16.7
32570	-1083499200	12.7
32570	-1080907200	5
32570	-1078228800	-3.1
32570	-1075636800	-2.4
32570	-1072958400	-11.2
32570	-1070280000	-24.4
32570	-1067774400	-3.2
32570	-1065096000	3
32570	-1062504000	13.5
32570	-1059825600	16.3
32570	-1057233600	21.7
32570	-1054555200	17.7
32570	-1051876800	11.9
32570	-1049284800	7.9
32570	-1046606400	1.9
32570	-1044014400	-7.9
32570	-1041336000	-18.8
32570	-1038657600	-11.9
32570	-1036238400	-2.9
32570	-1033560000	5.1
32570	-1030968000	10.6
32570	-1028289600	14.1
32570	-1025697600	19.1
32570	-1023019200	17.2
32570	-1020340800	12.1
32570	-1017748800	7.8
32570	-1015070400	-2.9
32570	-1012478400	-5.7
32570	-1009800000	-2.8
32570	-1007121600	-11.4
32570	-1004702400	-1.2
32570	-1002024000	4.5
32570	-999432000	8.5
32570	-996753600	14.6
32570	-994161600	17.7
32570	-991483200	16.5
32570	-988804800	16.4
32570	-986212800	8.2
32570	-983534400	-2.1
32570	-980942400	-3.4
32570	-978264000	-2.5
32570	-975585600	-9.3
32570	-973166400	-0.7
32570	-970488000	6.5
32570	-967896000	11.6
32570	-965217600	11.6
32570	-962625600	20.2
32570	-959947200	18.6
32570	-957268800	13.4
32570	-954676800	6.2
32570	-951998400	5.2
32570	-949406400	0.1
32570	-946728000	-10.4
32570	-944049600	-7.7
32570	-941544000	0.8
32570	-938865600	3.1
32570	-936273600	11.9
32570	-933595200	16
32570	-931003200	18.8
32570	-928324800	18.1
32570	-925646400	14.6
32570	-923054400	8.6
32570	-920376000	-5
32570	-917784000	-2.3
32570	-915105600	-4.7
32570	-912427200	-4.1
32570	-910008000	-0.5
32570	-907329600	5.7
32570	-904737600	10.8
32570	-902059200	14.8
32570	-899467200	19.2
32570	-896788800	17.3
32570	-894110400	8.9
32570	-891518400	6.2
32570	-888840000	2.2
32570	-886248000	-4.9
32570	-883569600	-4.2
32570	-880891200	-8.1
32570	-878472000	-0.3
32570	-875793600	6.5
32570	-873201600	9
32570	-870523200	12.9
32570	-867931200	18.9
32570	-865252800	17.7
32570	-862574400	11.8
32570	-859982400	7.9
32570	-857304000	-2.8
32570	-854712000	-6
32570	-852033600	-14.7
32570	-849355200	-3.1
32570	-846936000	-5.4
32570	-844257600	7.2
32570	-841665600	8.1
32570	-838987200	10.8
32570	-836395200	18.4
32570	-833716800	17.3
32570	-831038400	12.9
32570	-828446400	8.2
32570	-825768000	1.7
32570	-823176000	-0.8
32570	-820497600	-1.8
32570	-817819200	-6.1
32570	-815313600	-5.1
32570	-812635200	5.9
32570	-810043200	11.5
32570	-807364800	13
32570	-804772800	17.3
32570	-802094400	15.6
32570	-799416000	12.8
32570	-796824000	10.4
32570	-794145600	-2.2
32570	-791553600	-3.3
32570	-788875200	-4.1
32570	-786196800	-6.3
32570	-783777600	0
32570	-781099200	1.1
32570	-778507200	8.1
32570	-775828800	12
32570	-773236800	19.3
32570	-770558400	17.9
32570	-767880000	10.3
32570	-765288000	8.1
32570	-762609600	-3.6
32570	-760017600	-6.5
32570	-757339200	-3.3
32570	-754660800	-3.1
32570	-752241600	2.9
32570	-749563200	6.7
32570	-746971200	9.3
32570	-744292800	13.5
32570	-741700800	18.2
32570	-739022400	16.9
32570	-736344000	11.9
32570	-733752000	2.7
32570	-731073600	-5.7
32570	-728481600	-6
32570	-725803200	-6.2
32570	-723124800	-7.3
32570	-720705600	-4.5
32570	-718027200	6.2
32570	-715435200	10.8
32570	-712756800	13.1
32570	-710164800	19.2
32570	-707486400	16.3
32570	-704808000	11.2
32570	-702216000	8.2
32570	-699537600	-3.3
32570	-696945600	-3
32570	-694267200	-3.8
32570	-691588800	-9.4
32570	-689083200	-5.4
32570	-686404800	2.8
32570	-683812800	9.3
32570	-681134400	14
32570	-678542400	16.2
32570	-675864000	17.1
32570	-673185600	13.2
32570	-670593600	7.7
32570	-667915200	-1
32570	-665323200	-10.5
32570	-662644800	-14.4
32570	-659966400	-12.4
32570	-657547200	-3
32570	-654868800	8
32570	-652276800	11.2
32570	-649598400	14.4
32570	-647006400	17.3
32570	-644328000	18.2
32570	-641649600	11.9
32570	-639057600	2.8
32570	-636379200	4
32570	-633787200	-9.7
32570	-631108800	-23.4
32570	-628430400	-1.4
32570	-626011200	-3.8
32570	-623332800	2.8
32570	-620740800	7.9
32570	-618062400	12.4
32570	-615470400	16.5
32570	-612792000	15.9
32570	-610113600	11.5
32570	-607521600	6.4
32570	-604843200	-3.4
32570	-602251200	-3.1
32570	-599572800	-11.2
32570	-596894400	-7.2
32570	-594475200	-8.5
32570	-591796800	2.9
32570	-589204800	9.7
32570	-586526400	10.7
32570	-583934400	17.1
32570	-581256000	14.7
32570	-578577600	9.3
32570	-575985600	2.3
32570	-573307200	-1.5
32570	-570715200	-11.4
32570	-568036800	-11.7
32570	-565358400	-4.4
32570	-562852800	-5.1
32570	-560174400	7.5
32570	-557582400	10.3
32570	-554904000	13.4
32570	-552312000	16
32570	-549633600	16.4
32570	-546955200	13.9
32570	-544363200	8.2
32570	-541684800	-1.1
32570	-539092800	-2.6
32570	-536414400	-3.8
32570	-533736000	-2.2
32570	-531316800	-0.5
32570	-528638400	0.4
32570	-526046400	7.7
32570	-523368000	12.7
32570	-520776000	17.6
32570	-518097600	17.3
32570	-515419200	13.5
32570	-512827200	9.1
32570	-510148800	2.6
32570	-507556800	-2.4
32570	-504878400	-16.3
32570	-502200000	0.6
32570	-499780800	-5.7
32570	-497102400	-0.3
32570	-494510400	9.5
32570	-491832000	11.8
32570	-489240000	18.4
32570	-486561600	16.1
32570	-483883200	11
32570	-481291200	5.3
32570	-478612800	4.3
32570	-476020800	-1.1
32570	-473342400	-5.7
32570	-470664000	-9.1
32570	-468244800	-7.6
32570	-465566400	3.2
32570	-462974400	7.7
32570	-460296000	13.8
32570	-457704000	16.6
32570	-455025600	17.8
32570	-452347200	10.6
32570	-449755200	7.4
32570	-447076800	-10
32570	-444484800	-9.5
32570	-441806400	-10.1
32570	-439128000	-8.3
32570	-436622400	-1.4
32570	-433944000	3
32570	-431352000	9.7
32570	-428673600	15.3
32570	-426081600	17.5
32570	-423403200	15.7
32570	-420724800	12.2
32570	-418132800	5.7
32570	-415454400	1.3
32570	-412862400	-3.5
32570	-410184000	-15
32570	-407505600	-8.4
32570	-405086400	-1.1
32570	-402408000	3.5
32570	-399816000	11.4
32570	-397137600	14.8
32570	-394545600	19
32570	-391867200	16.3
32570	-389188800	12.9
32570	-386596800	2.7
32570	-383918400	-0.5
32570	-381326400	-0.2
32570	-378648000	-0.3
32570	-375969600	-7.2
32570	-373550400	-5.7
32570	-370872000	4.2
32570	-368280000	14.1
32570	-365601600	14.2
32570	-363009600	16
32570	-360331200	20.1
32570	-357652800	12.5
32570	-355060800	8.9
32570	-352382400	-1.4
32570	-349790400	-3.3
32570	-347112000	-8
32570	-344433600	-9.9
32570	-342014400	0.8
32570	-339336000	3.7
32570	-336744000	7.3
32570	-334065600	15
32570	-331473600	18.3
32570	-328795200	16.3
32570	-326116800	10.8
32570	-323524800	5.2
32570	-320846400	-2.8
32570	-318254400	0.1
32570	-315576000	-8.5
32570	-312897600	-6
32570	-310392000	-2.6
32570	-307713600	3.5
32570	-305121600	8.6
32570	-302443200	14.3
32570	-299851200	20.7
32570	-297172800	16.1
32570	-294494400	13.3
32570	-291902400	7.9
32570	-289224000	-1.2
32570	-286632000	-3.8
32570	-283953600	-2.3
32570	-281275200	-1.1
32570	-278856000	1.6
32570	-276177600	2.7
32570	-273585600	10.2
32570	-270907200	18.1
32570	-268315200	18.4
32570	-265636800	20.7
32570	-262958400	8.8
32570	-260366400	6.9
32570	-257688000	-3.1
32570	-255096000	-8.3
32570	-252417600	-7.7
32570	-249739200	-7.2
32570	-247320000	-4.9
32570	-244641600	7.4
32570	-242049600	9.1
32570	-239371200	14.8
32570	-236779200	16.3
32570	-234100800	17.3
32570	-231422400	12.2
32570	-228830400	9
32570	-226152000	2.5
32570	-223560000	-1.5
32570	-220881600	-11.6
32570	-218203200	0.7
32570	-215784000	2.1
32570	-213105600	3.9
32570	-210513600	9.8
32570	-207835200	14.4
32570	-205243200	17.3
32570	-202564800	17.9
32570	-199886400	15.5
32570	-197294400	10.1
32570	-194616000	-0.3
32570	-192024000	-6.7
32570	-189345600	-4.5
32570	-186667200	-0.5
32570	-184161600	-4.5
32570	-181483200	3.7
32570	-178891200	9.9
32570	-176212800	14
32570	-173620800	18.5
32570	-170942400	15.7
32570	-168264000	10.1
32570	-165672000	8.8
32570	-162993600	-1.5
32570	-160401600	-14.5
32570	-157723200	-8.9
32570	-155044800	-5.7
32570	-152625600	-8.1
32570	-149947200	3.5
32570	-147355200	9.2
32570	-144676800	12.8
32570	-142084800	17.3
32570	-139406400	17.4
32570	-136728000	5.8
32570	-134136000	10.4
32570	-131457600	-2.5
32570	-128865600	-4.3
32570	-126187200	-12.2
32570	-123508800	-4.7
32570	-121089600	0.8
32570	-118411200	3.1
32570	-115819200	11.3
32570	-113140800	13.4
32570	-110548800	18.1
32570	-107870400	15.6
32570	-105192000	14.8
32570	-102600000	6.4
32570	-99921600	-4.2
32570	-97329600	-5.7
32570	-94651200	-5.3
32570	-91972800	-2.3
32570	-89553600	-4.8
32570	-86875200	-0.6
32570	-84283200	7.7
32570	-81604800	13.4
32570	-79012800	18.6
32570	-76334400	18.8
32570	-73656000	16.5
32570	-71064000	7.8
32570	-68385600	-0.8
32570	-65793600	-7.4
32570	-63115200	-8.7
32570	-60436800	-2.9
32570	-57931200	3.2
32570	-55252800	3.7
32570	-52660800	8.2
32570	-49982400	13.6
32570	-47390400	17.7
32570	-44712000	15.1
32570	-42033600	12.1
32570	-39441600	6.3
32570	-36763200	-0.3
32570	-34171200	-11.8
32570	-31492800	-19.9
32570	-28814400	-9.7
32570	-26395200	-4.3
32570	-23716800	7.5
32570	-21124800	11.2
32570	-18446400	13.5
32570	-15854400	16.9
32570	-13176000	19.2
32570	-10497600	13.5
32570	-7905600	3
32570	-5227200	2.5
32570	-2635200	-3
32570	43200	-11.9
32570	2721600	-1.8
32570	5140800	-3.3
32570	7819200	1.6
32570	10411200	10.5
32570	13089600	17.2
32570	15681600	18.8
32570	18360000	18.4
32570	21038400	10.6
32570	23630400	5.4
32570	26308800	-3.2
32570	28900800	-8.4
32570	31579200	-11.6
32570	34257600	-3
32570	36676800	-2.5
32570	39355200	5.2
32570	41947200	10.7
32570	44625600	13.8
32570	47217600	17.2
32570	49896000	20.9
32570	52574400	10.7
32570	55166400	5.3
32570	57844800	-0.9
32570	60436800	-10.6
32570	63115200	-15.1
32570	65793600	-9.2
32570	68299200	0
32570	70977600	3.8
32570	73569600	9.4
32570	76248000	15.5
32570	78840000	14.8
32570	81518400	18.2
32570	84196800	9.1
32570	86788800	4.9
32570	89467200	-0.6
32570	92059200	-9.2
32570	94737600	-5.1
32570	97416000	-4
32570	99835200	1.4
32570	102513600	3.1
32570	105105600	10.7
32570	107784000	14.8
32570	110376000	18.5
32570	113054400	18.5
32570	115732800	12
32570	118324800	7.3
32570	121003200	-6.9
32570	123595200	-3.4
32570	126273600	-9
32570	128952000	-1.2
32570	131371200	-0.9
32570	134049600	6.3
32570	136641600	8.3
32570	139320000	16.7
32570	141912000	18.6
32570	144590400	14.8
32570	147268800	11.3
32570	149860800	9.3
32570	152539200	1.1
32570	155131200	-2
32570	157809600	-7.6
32570	160488000	-12.7
32570	162907200	-5.1
32570	165585600	-1.9
32570	168177600	8.1
32570	170856000	12.9
32570	173448000	19.8
32570	176126400	15.6
32570	178804800	12.5
32570	181396800	5.6
32570	184075200	-2.6
32570	186667200	-2.1
32570	189345600	-4.7
32570	192024000	-2.4
32570	194529600	-1.4
32570	197208000	5.6
32570	199800000	12
32570	202478400	12.7
32570	205070400	18.6
32570	207748800	17.5
32570	210427200	13.9
32570	213019200	6.5
32570	215697600	1
32570	218289600	-1.2
32570	220968000	-8.4
32570	223646400	2.6
32570	226065600	-0.2
32570	228744000	7.7
32570	231336000	10.1
32570	234014400	16.5
32570	236606400	18
32570	239284800	15.2
32570	241963200	11.2
32570	244555200	6.8
32570	247233600	-3.9
32570	249825600	-9.9
32570	252504000	-14.5
32570	255182400	-10.1
32570	257601600	-0.4
32570	260280000	4.4
32570	262872000	8.8
32570	265550400	15.4
32570	268142400	17.2
32570	270820800	16.4
32570	273499200	13.2
32570	276091200	8.3
32570	278769600	-5.9
32570	281361600	-9.7
32570	284040000	-14.9
32570	286718400	-10.4
32570	289137600	0.3
32570	291816000	2.4
32570	294408000	9.2
32570	297086400	15.5
32570	299678400	17.5
32570	302356800	18.1
32570	305035200	14.8
32570	307627200	8
32570	310305600	-1.1
32570	312897600	-1.1
32570	315576000	-12
32570	318254400	-4.7
32570	320760000	-2.7
32570	323438400	7.5
32570	326030400	11.8
32570	328708800	14
32570	331300800	17.7
32570	333979200	14.7
32570	336657600	12.4
32570	339249600	8
32570	341928000	1.5
32570	344520000	-6.5
32570	347198400	-0.7
32570	349876800	-2.2
32570	352296000	1.6
32570	354974400	6
32570	357566400	10.4
32570	360244800	12.6
32570	362836800	17.2
32570	365515200	18.8
32570	368193600	13.2
32570	370785600	5.6
32570	373464000	2.5
32570	376056000	-5.9
32570	378734400	-16
32570	381412800	-8.2
32570	383832000	-4
32570	386510400	1.6
32570	389102400	8.2
32570	391780800	14.4
32570	394372800	17.1
32570	397051200	17.3
32570	399729600	11.2
32570	402321600	6.6
32570	4.05e+08	-3.9
32570	407592000	-4
32570	410270400	-2.3
32570	412948800	0.2
32570	415368000	-0.1
32570	418046400	4
32570	420638400	9.8
32570	423316800	14.5
32570	425908800	17.2
32570	428587200	20.5
32570	431265600	11
32570	433857600	7.9
32570	436536000	-0.3
32570	439128000	-15.7
32570	441806400	-3
32570	444484800	0.8
32570	446990400	0.3
32570	449668800	5.1
32570	452260800	9.4
32570	454939200	14.7
32570	457531200	18.9
32570	460209600	19.5
32570	462888000	8.7
32570	465480000	3.2
32570	468158400	-1.3
32570	470750400	-10.9
32570	473428800	-6.9
32570	476107200	-7.1
32570	478526400	-1
32570	481204800	7.1
32570	483796800	12.6
32570	486475200	14.1
32570	489067200	20.2
32570	491745600	15.6
32570	494424000	7.4
32570	497016000	5.6
32570	499694400	-12.1
32570	502286400	-4.2
32570	504964800	1.1
32570	507643200	-9.8
32570	510062400	4.7
32570	512740800	4.1
32570	515332800	11.3
32570	518011200	17.6
32570	520603200	16.7
32570	523281600	18.4
32570	525960000	8.3
32570	528552000	8
32570	531230400	-3.2
32570	533822400	-1.3
32570	536500800	-2
32570	539179200	-0.6
32570	541598400	-0.3
32570	544276800	8.8
32570	546868800	12.7
32570	549547200	17.1
32570	552139200	17.4
32570	554817600	14.6
32570	557496000	14.2
32570	560088000	7.7
32570	562766400	2.9
32570	565358400	-2.9
32570	568036800	-6.7
32570	570715200	-3.7
32570	573220800	1.6
32570	575899200	7
32570	578491200	12.2
32570	581169600	18.8
32570	583761600	18.7
32570	586440000	18
32570	589118400	11.9
32570	591710400	8
32570	594388800	-0.1
32570	596980800	-3.2
32570	599659200	-3.9
32570	602337600	-12.8
32570	604756800	-5
32570	607435200	4.7
32570	610027200	9.4
32570	612705600	15.1
32570	615297600	18.9
32570	617976000	16.3
32570	620654400	12.3
32570	623246400	6.2
32570	625924800	0.5
32570	628516800	-4.3
32570	631195200	-3.1
32570	633873600	-5.1
32570	636292800	1.3
32570	638971200	5.5
32570	641563200	8.8
32570	644241600	14.5
32570	646833600	17.4
32570	649512000	18.9
32570	652190400	16
32570	654782400	6.2
32570	657460800	1
32570	660052800	-9.4
32570	662731200	-8.8
32570	665409600	1.8
32570	667828800	-0.3
32570	670507200	5.2
32570	673099200	9.6
32570	675777600	13.7
32570	678369600	18.4
32570	681048000	20.3
32570	683726400	13.9
32570	686318400	5.6
32570	688996800	-1.6
32570	691588800	-0.8
32570	694267200	-0.6
32570	696945600	0.3
32570	699451200	4.3
32570	702129600	7.5
32570	704721600	12
32570	707400000	16.3
32570	709992000	15
32570	712670400	16
32570	715348800	11.7
32570	717940800	7.2
32570	720619200	0.1
32570	723211200	-9.2
32570	725889600	-11.5
32570	728568000	-8.4
32570	730987200	1.5
32570	733665600	5.7
32570	736257600	12.2
32570	738936000	13.3
32570	741528000	13.5
32570	744206400	15.3
32570	746884800	11.5
32570	749476800	7.4
32570	752155200	-2.9
32570	754747200	-1.2
32570	757425600	-4.2
32570	760104000	-10.5
32570	762523200	3.8
32570	765201600	6
32570	767793600	11.9
32570	770472000	15.2
32570	773064000	19.4
32570	775742400	18.7
32570	778420800	15.8
32570	781012800	6.2
32570	783691200	-1.6
32570	786283200	-3.2
32570	788961600	-4.1
32570	791640000	-2
32570	794059200	-1.1
32570	796737600	4
32570	799329600	9.4
32570	802008000	14.4
32570	804600000	17.6
32570	807278400	16.9
32570	809956800	12.9
32570	812548800	5.5
32570	815227200	-0.4
32570	817819200	-6.5
32570	820497600	-13.2
32570	823176000	-3.5
32570	825681600	-4.1
32570	828360000	6.2
32570	830952000	7.4
32570	833630400	15.7
32570	836222400	18.2
32570	838900800	19.4
32570	841579200	11.4
32570	844171200	6.1
32570	846849600	-7.6
32570	849441600	-10.1
32570	852120000	-9.6
32570	854798400	-1.1
32570	857217600	-0.7
32570	859896000	2.1
32570	862488000	11.5
32570	865166400	15.5
32570	867758400	17.4
32570	870436800	18.7
32570	873115200	14.8
32570	875707200	7.4
32570	878385600	-1.5
32570	880977600	-1.2
32570	883656000	-7.7
32570	886334400	-0.6
32570	888753600	-1.3
32570	891432000	6.6
32570	894024000	12.2
32570	896702400	13
32570	899294400	20.1
32570	901972800	19.9
32570	904651200	16.6
32570	907243200	7.5
32570	909921600	0
32570	912513600	-5.7
32570	915192000	-4.2
32570	917870400	0
32570	920289600	2.3
32570	922968000	4
32570	925560000	9.3
32570	928238400	13.7
32570	930830400	16.7
32570	933508800	19
32570	936187200	11.6
32570	938779200	7.2
32570	941457600	3
32570	944049600	1
32570	946728000	-5.9
32570	949406400	-3.7
32570	951912000	1.9
32570	954590400	6.3
32570	957182400	10.8
32570	959860800	14.2
32570	962452800	20
32570	965131200	19
32570	967809600	13.1
32570	970401600	6.3
32570	973080000	-3.7
32570	975672000	-8.4
32570	978350400	-2.5
32570	981028800	-9.7
32570	983448000	0.6
32570	986126400	4
32570	988718400	12.3
32570	991396800	14.5
32570	993988800	18.7
32570	996667200	20.3
32570	999345600	14.8
32570	1001937600	6.7
32570	1004616000	1.9
32570	1007208000	-4.6
32570	1009886400	-4.5
32570	1012564800	-2
32570	1014984000	-10.2
32570	1017662400	2
32570	1020254400	8.7
32570	1022932800	14.7
32570	1025524800	20.3
32570	1028203200	15.2
32570	1030881600	13.4
32570	1033473600	3.2
32570	1036152000	2.8
32570	1038744000	-1.1
32570	1041422400	-2.6
32570	1044100800	-4.6
32570	1046520000	-1.6
32570	1049198400	6.4
32570	1051790400	9.5
32570	1054468800	15.1
32570	1057060800	20.4
32570	1059739200	20.2
32570	1062417600	13
32570	1065009600	8.8
32570	1067688000	-4.5
32570	1070280000	-2
32570	1072958400	-8.2
32570	1075636800	-2.2
32570	1078142400	3.7
32570	1080820800	7.1
32570	1083412800	8.5
32570	1086091200	13.4
32570	1088683200	18.7
32570	1091361600	17
32570	1094040000	12.2
32570	1096632000	6.2
32570	1099310400	1.7
32570	1101902400	-2.3
32570	1104580800	-8.3
32570	1107259200	-0.5
32570	1109678400	1
32570	1112356800	5.9
32570	1114948800	9.9
32570	1117627200	13.8
32570	1120219200	19.4
32570	1122897600	17.3
32570	1125576000	12.4
32570	1128168000	7.7
32570	1130846400	2.2
32570	1133438400	-4.7
32570	1136116800	1.1
32570	1138795200	-3.7
32570	1141214400	-1.3
32570	1143892800	7.3
32570	1146484800	12
32570	1149163200	16.2
32570	1151755200	21.1
32570	1154433600	18.4
32570	1157112000	13.2
32570	1159704000	5
32570	1162382400	-2.7
32570	1164974400	-1.5
32570	1167652800	-3.9
32570	1170331200	-6.3
32570	1172750400	4.6
32570	1175428800	4.6
32570	1178020800	11.6
32570	1180699200	15.4
32570	1183291200	23
32570	1185969600	17.8
32570	1188648000	12.2
32570	1191240000	7.5
32570	1193918400	-0.1
32570	1196510400	-4.4
32570	1199188800	-6.3
32570	1201867200	-3.1
32570	1204372800	0.8
32570	1207051200	3.5
32570	1209643200	10.1
32570	1212321600	13.8
32570	1214913600	18.4
32570	1217592000	18.3
32570	1220270400	12.5
32570	1222862400	7.6
32570	1225540800	3.2
32570	1228132800	-9.9
32570	1230811200	-4.7
32570	1233489600	-3.8
32570	1235908800	-2.4
32570	1238587200	4.3
32570	1241179200	9.7
32570	1243857600	13.7
32570	1246449600	17.7
32570	1249128000	17.4
32570	1251806400	16.4
32570	1254398400	2.6
32570	1257076800	2.6
32570	1259668800	-10.8
32570	1262347200	-5.7
32570	1265025600	-4.2
32570	1267444800	3.6
32570	1270123200	4.6
32570	1272715200	7.4
32570	1275393600	14.4
32570	1277985600	17.2
32570	1280664000	17.1
32570	1283342400	11.9
32570	1285934400	9.2
32570	1288612800	-4.3
32570	1291204800	-7.4
32570	1293883200	-7.6
32570	1296561600	-9.6
32570	1298980800	-3
32570	1301659200	2.8
32570	1304251200	9
32570	1306929600	13.6
32570	1309521600	18.5
32570	1312200000	19.2
32570	1314878400	15.4
32570	1317470400	7.3
32570	1320148800	-0.5
32570	1322740800	-1.5
32570	1325419200	-4.9
32570	1328097600	-3.5
32570	1330603200	2.3
32570	1333281600	7.4
32570	1335873600	9.9
32570	1338552000	15
32570	1341144000	20.5
32570	1343822400	19.3
32570	1346500800	15.3
32570	1349092800	4.1
32570	1351771200	0.2
32570	1354363200	-5.7
32570	1357041600	-3.9
32570	1359720000	-1.1
32570	1362139200	-0.7
32570	1364817600	3.1
32570	1367409600	11.1
32570	1370088000	13.7
32570	1372680000	18.5
32570	1375358400	18.8
32570	1378036800	14.3
32570	1380628800	4.5
32570	1383307200	-1.7
32570	1385899200	-8.6
32570	1388577600	-2.9
32570	1391256000	-10.6
32570	1393675200	-3.2
32571	-2466676800	-1.1
32571	-2464084800	-2.2
32571	-2461406400	-5.8
32571	-2458728000	-4.6
32571	-2456222400	-0.2
32571	-2453544000	2.3
32571	-2450952000	6.7
32571	-2448273600	13.1
32571	-2445681600	15.8
32572	-2385201600	14.1
32572	-2382609600	18.5
32572	-2379931200	18
32572	-2377252800	9.4
32572	-2374660800	4.2
32572	-2371982400	1.2
32572	-2369390400	-5.1
32572	-2366712000	-12.4
32572	-2364033600	-9.3
32572	-2361614400	-2
32572	-2358936000	6.2
32572	-2356344000	9.7
32572	-2353665600	12.5
32572	-2351073600	16.9
32572	-2348395200	15.7
32572	-2345716800	8.3
32572	-2343124800	6.2
32572	-2340446400	-1.6
32572	-2337854400	-5.8
32572	-2335176000	-10.4
32572	-2332497600	-3.2
32572	-2329992000	-4.7
32572	-2327313600	2.7
32572	-2324721600	7.8
32572	-2322043200	15.8
32572	-2319451200	19.9
32572	-2316772800	16.7
32572	-2314094400	9.2
32572	-2311502400	6.6
32572	-2308824000	-16.1
32572	-2306232000	-0.6
32572	-2303553600	-7.4
32572	-2300875200	-6.6
32572	-2298456000	-8
32572	-2295777600	6.3
32572	-2293185600	14.3
32572	-2290507200	14.3
32572	-2287915200	16.5
32572	-2285236800	19.1
32572	-2282558400	13
32572	-2279966400	5.7
32572	-2277288000	-7.5
32572	-2274696000	-6.1
32572	-2272017600	-5.4
32572	-2269339200	-4.8
32572	-2266920000	-7.2
32572	-2264241600	4.6
32572	-2261649600	9.1
32572	-2258971200	14.3
32572	-2256379200	18.4
32572	-2253700800	18.7
32572	-2251022400	13
32572	-2248430400	3.1
32572	-2245752000	-3.6
32572	-2243160000	-4.8
32572	-2240481600	-9.2
32572	-2237803200	-15.1
32572	-2235384000	-9.2
32572	-2232705600	2.6
32572	-2230113600	7.2
32572	-2227435200	13.2
32572	-2224843200	18.3
32572	-2222164800	14.1
32572	-2219486400	12.5
32572	-2216894400	3.4
32572	-2214216000	3.6
32572	-2211624000	-6.8
32572	-2208945600	-3.5
32572	-2206267200	-9.2
32572	-2203848000	0.4
32572	-2201169600	7.1
32572	-2198577600	10.6
32572	-2195899200	16.1
32572	-2193307200	17.2
32572	-2190628800	14.3
32572	-2187950400	11.1
32572	-2185358400	4.9
32572	-2182680000	-2.8
32572	-2180088000	-0.8
32572	-2177409600	-7.9
32572	-2174731200	-9
32572	-2172312000	-0.2
32572	-2169633600	4
32572	-2167041600	11.3
32572	-2164363200	10.4
32572	-2161771200	17.5
32572	-2159092800	18.4
32572	-2156414400	7.9
32572	-2153822400	7.8
32572	-2151144000	1.4
32572	-2148552000	-2.9
32572	-2145873600	-6.2
32572	-2143195200	-6.6
32572	-2140776000	-1.8
32572	-2138097600	3.2
32572	-2135505600	9.2
32572	-2132827200	11.5
32572	-2130235200	15.4
32572	-2127556800	15.9
32572	-2124878400	9.4
32572	-2122286400	6.6
32572	-2119608000	-3.1
32572	-2117016000	-6.4
32572	-2114337600	-5.2
32572	-2111659200	-8.5
32572	-2109240000	-3.8
32572	-2106561600	2.6
32572	-2103969600	7.3
32572	-2101291200	15.6
32572	-2098699200	14.9
32572	-2096020800	15.5
32572	-2093342400	9
32572	-2090750400	6.2
32572	-2088072000	-4.7
32572	-2085480000	-2.8
32572	-2082801600	-7.4
32572	-2080123200	-16.1
32572	-2077617600	-8.7
32572	-2074939200	5.3
32572	-2072347200	7.8
32572	-2069668800	12.6
32572	-2067076800	18
32572	-2064398400	16.2
32572	-2061720000	11.1
32572	-2059128000	6.6
32572	-2056449600	3.7
32572	-2053857600	-3.7
32572	-2051179200	-10.5
32572	-2048500800	-9.6
32572	-2046081600	0.8
32572	-2043403200	4.6
32572	-2040811200	7.8
32572	-2038132800	12.5
32572	-2035540800	17.9
32572	-2032862400	17.6
32572	-2030184000	12.2
32572	-2027592000	3.2
32572	-2024913600	-0.3
32572	-2022321600	-3.2
32572	-2019643200	-5.8
32572	-2016964800	-4.1
32572	-2014545600	-5.4
32572	-2011867200	7
32572	-2009275200	8
32572	-2006596800	12.3
32572	-2004004800	18.9
32572	-2001326400	16.2
32572	-1998648000	12.5
32572	-1996056000	6.4
32572	-1993377600	-3.2
32572	-1990785600	-7.8
32572	-1988107200	-18.1
32572	-1985428800	-4.3
32572	-1983009600	-2.2
32572	-1980331200	2.5
32572	-1977739200	7.4
32572	-1975060800	12.4
32572	-1972468800	16.4
32572	-1969790400	14.1
32572	-1967112000	9.5
32572	-1964520000	8.8
32572	-1961841600	2.1
32572	-1959249600	-1.6
32572	-1956571200	-5.7
32572	-1953892800	-5.7
32572	-1951387200	-3.8
32572	-1948708800	5.6
32572	-1946116800	9.2
32572	-1943438400	12.4
32572	-1940846400	18.4
32572	-1938168000	15.4
32572	-1935489600	9.6
32572	-1932897600	3.4
32572	-1930219200	-0.1
32572	-1927627200	-5.1
32572	-1924948800	-14.8
32572	-1922270400	-6.3
32572	-1919851200	-2.2
32572	-1917172800	-0.6
32572	-1914580800	6.7
32572	-1911902400	13.2
32572	-1909310400	16.2
32572	-1906632000	15.6
32572	-1903953600	12.1
32572	-1901361600	5.6
32572	-1898683200	-3.3
32572	-1896091200	-11.1
32572	-1893412800	-6
32572	-1890734400	-11.6
32572	-1888315200	4.4
32572	-1885636800	8.6
32572	-1883044800	10.1
32572	-1880366400	14.5
32572	-1877774400	18.2
32572	-1875096000	13.8
32572	-1872417600	9.1
32572	-1869825600	6.2
32572	-1867147200	-2.8
32572	-1864555200	-4.1
32572	-1861876800	-15.1
32572	-1859198400	-12.8
32572	-1856779200	1.1
32572	-1854100800	2.3
32572	-1851508800	7.8
32572	-1848830400	14.6
32572	-1846238400	14.7
32572	-1843560000	13.8
32572	-1840881600	7.3
32572	-1838289600	3.2
32572	-1835611200	-6.5
32572	-1833019200	-6.2
32572	-1830340800	-11.5
32572	-1827662400	-4.5
32572	-1825156800	-9.7
32572	-1822478400	5
32572	-1819886400	8.8
32572	-1817208000	15.6
32572	-1814616000	14.2
32572	-1811937600	14.3
32572	-1809259200	7.3
32572	-1806667200	7.5
32572	-1803988800	3.3
32572	-1801396800	-2.2
32572	-1798718400	-13.3
32572	-1796040000	-11.5
32572	-1793620800	-7.4
32572	-1790942400	5.5
32572	-1788350400	8
32572	-1785672000	14.8
32572	-1783080000	15.6
32572	-1780401600	16.6
32572	-1777723200	12.6
32572	-1775131200	2
32572	-1772452800	1.1
32572	-1769860800	-4.5
32572	-1767182400	-7.8
32572	-1764504000	-10.2
32572	-1762084800	-1
32572	-1759406400	4.3
32572	-1756814400	8.5
32572	-1754136000	13.2
32572	-1751544000	19.2
32572	-1748865600	16
32572	-1746187200	11.7
32572	-1743595200	5.2
32572	-1740916800	0.5
32572	-1738324800	-12.4
32572	-1735646400	-8
32572	-1732968000	-6.4
32572	-1730548800	-2.3
32572	-1727870400	9.1
32572	-1725278400	8.7
32572	-1722600000	11.5
32572	-1720008000	14.9
32572	-1717329600	18.6
32572	-1714651200	7.6
32572	-1712059200	7.4
32572	-1709380800	-3.2
32572	-1706788800	-6.6
32572	-1704110400	-23.4
32572	-1701432000	-8.4
32572	-1698926400	-0.5
32572	-1696248000	4.5
32572	-1693656000	6.9
32572	-1690977600	12.9
32572	-1688385600	17
32572	-1685707200	15.3
32572	-1683028800	9.7
32572	-1680436800	2.7
32572	-1677758400	-2.4
32572	-1675166400	-12.2
32572	-1672488000	-11.6
32572	-1669809600	-12.7
32572	-1667390400	-6.6
32572	-1664712000	1.4
32572	-1662120000	7.9
32572	-1659441600	12.5
32572	-1656849600	19.5
32572	-1654171200	16.4
32572	-1651492800	11.5
32572	-1648900800	4.5
32572	-1646222400	2.2
32572	-1643630400	-12.4
32572	-1640952000	-14
32572	-1638273600	-9.8
32572	-1635854400	0.5
32572	-1633176000	2.7
32572	-1630584000	5.3
32572	-1627905600	14.9
32572	-1625313600	17.4
32572	-1622635200	15.7
32572	-1619956800	11.1
32572	-1617364800	5.6
32572	-1614686400	-2.5
32572	-1612094400	-4.9
32572	-1609416000	-1.1
32572	-1606737600	-13.7
32572	-1604318400	-1.3
32572	-1601640000	7.6
32572	-1599048000	8.9
32572	-1596369600	16.2
32572	-1593777600	19.1
32572	-1591099200	18.3
32572	-1588420800	11
32572	-1585828800	-1.2
32572	-1583150400	-6.6
32572	-1580558400	-7.2
32572	-1577880000	-9.1
32572	-1575201600	-5.7
32572	-1572696000	-3.6
32572	-1570017600	-0.9
32572	-1567425600	7.7
32572	-1564747200	13.2
32572	-1562155200	19.2
32572	-1559476800	17.4
32572	-1556798400	12.3
32572	-1554206400	5.4
32572	-1551528000	-2.3
32572	-1548936000	-5.6
32572	-1546257600	-7.4
32572	-1543579200	-4.8
32572	-1541160000	-2.6
32572	-1538481600	4.1
32572	-1535889600	9.4
32572	-1533211200	16.6
32572	-1530619200	18.5
32572	-1527940800	17.6
32572	-1525262400	8.8
32572	-1522670400	8.6
32572	-1519992000	-4.1
32572	-1517400000	-7.5
32572	-1514721600	-11.4
32572	-1512043200	-16.6
32572	-1509624000	-3.2
32572	-1506945600	3.1
32572	-1504353600	9.3
32572	-1501675200	16.2
32572	-1499083200	17.1
32572	-1496404800	18.7
32572	-1493726400	14.1
32572	-1491134400	7.8
32572	-1488456000	-0.6
32572	-1485864000	-10.5
32572	-1483185600	-6
32572	-1480507200	-10.8
32572	-1478088000	-1.9
32572	-1475409600	3.9
32572	-1472817600	9.7
32572	-1470139200	13.9
32572	-1467547200	18.5
32572	-1464868800	15.9
32572	-1462190400	12.5
32572	-1459598400	5
32572	-1456920000	2.4
32572	-1454328000	-4
32572	-1451649600	-10.9
32572	-1448971200	-0.8
32572	-1446465600	-2.8
32572	-1443787200	3.5
32572	-1441195200	10.2
32572	-1438516800	12
32572	-1435924800	17.3
32572	-1433246400	15.2
32572	-1430568000	12.3
32572	-1427976000	6.7
32572	-1425297600	-3.2
32572	-1422705600	-14.5
32572	-1420027200	-8.1
32572	-1417348800	-4.3
32572	-1414929600	-1.9
32572	-1412251200	6.1
32572	-1409659200	10.6
32572	-1406980800	14.8
32572	-1404388800	18.2
32572	-1401710400	16.1
32572	-1399032000	10
32572	-1396440000	-1
32572	-1393761600	0.1
32572	-1391169600	-0.7
32572	-1388491200	-3
32572	-1385812800	-0.1
32572	-1383393600	0.8
32572	-1380715200	6
32572	-1378123200	11.2
32572	-1375444800	14.7
32572	-1372852800	19.2
32572	-1370174400	15.6
32572	-1367496000	5.6
32572	-1364904000	7.7
32572	-1362225600	-2.9
32572	-1359633600	-6.1
32572	-1356955200	-10.5
32572	-1354276800	-7.4
32572	-1351857600	-0.7
32572	-1349179200	2.3
32572	-1346587200	5.7
32572	-1343908800	13.4
32572	-1341316800	16.6
32572	-1338638400	15.5
32572	-1335960000	10.2
32572	-1333368000	8.1
32572	-1330689600	-8.1
32572	-1328097600	-13.7
32572	-1325419200	-4.8
32572	-1322740800	-3.4
32572	-1320235200	0
32572	-1317556800	2.5
32572	-1314964800	12.8
32572	-1312286400	12.2
32572	-1309694400	16.9
32572	-1307016000	13.9
32572	-1304337600	9.5
32572	-1301745600	4.3
32572	-1299067200	-0.4
32572	-1296475200	-4
32572	-1293796800	-15.8
32572	-1291118400	-12.7
32572	-1288699200	0.2
32572	-1286020800	2.1
32572	-1283428800	8.5
32572	-1280750400	14.2
32572	-1278158400	18
32572	-1275480000	18.3
32572	-1272801600	8.4
32572	-1270209600	6.7
32572	-1267531200	-0.7
32572	-1264939200	-9.1
32572	-1262260800	-18.4
32572	-1259582400	-0.4
32572	-1257163200	-3.5
32572	-1254484800	8.6
32572	-1251892800	9.4
32572	-1249214400	14.1
32572	-1246622400	19.4
32572	-1243944000	19.5
32572	-1241265600	12.4
32572	-1238673600	2.7
32572	-1235995200	-1.7
32572	-1233403200	-0.4
32572	-1230724800	-0.9
32572	-1228046400	-0.4
32572	-1225627200	-0.5
32572	-1222948800	4.6
32572	-1220356800	10.4
32572	-1217678400	16.6
32572	-1215086400	18.1
32572	-1212408000	17.9
32572	-1209729600	11.9
32572	-1207137600	6.8
32572	-1204459200	-5.1
32572	-1201867200	-3
32572	-1199188800	-9.5
32572	-1196510400	-7.2
32572	-1194004800	-6.5
32572	-1191326400	5.5
32572	-1188734400	11.1
32572	-1186056000	15.3
32572	-1183464000	18.5
32572	-1180785600	17.3
32572	-1178107200	12.2
32572	-1175515200	4.4
32572	-1172836800	-0.4
32572	-1170244800	-7.6
32572	-1167566400	-5.1
32572	-1164888000	-9.7
32572	-1162468800	-0.5
32572	-1159790400	2.2
32572	-1157198400	8.8
32572	-1154520000	16.7
32572	-1151928000	19.3
32572	-1149249600	17.2
32572	-1146571200	10.4
32572	-1143979200	3.6
32572	-1141300800	0
32572	-1138708800	-11.5
32572	-1136030400	-2
32572	-1133352000	-0.8
32572	-1130932800	-2
32572	-1128254400	8.4
32572	-1125662400	13.7
32572	-1122984000	13.5
32572	-1120392000	18.2
32572	-1117713600	17.6
32572	-1115035200	8.1
32572	-1112443200	7.1
32572	-1109764800	0.8
32572	-1107172800	-5.3
32572	-1104494400	-11
32572	-1101816000	-0.4
32572	-1099396800	-5.2
32572	-1096718400	-1.5
32572	-1094126400	8.3
32572	-1091448000	14
32572	-1088856000	19.9
32572	-1086177600	17
32572	-1083499200	12.7
32572	-1080907200	5.4
32572	-1078228800	-3.8
32572	-1075636800	-4.6
32572	-1072958400	-11.5
32572	-1070280000	-24.1
32572	-1067774400	-2.7
32572	-1065096000	3.5
32572	-1062504000	13.9
32572	-1059825600	16.6
32572	-1057233600	22.5
32572	-1054555200	18
32572	-1051876800	11.8
32572	-1049284800	8.3
32572	-1046606400	2.5
32572	-1044014400	-8.6
32572	-1041336000	-19.6
32572	-1038657600	-11.7
32572	-1036238400	-1.7
32572	-1033560000	5.5
32572	-1030968000	11
32572	-1028289600	14.7
32572	-1025697600	19.5
32572	-1023019200	17.1
32572	-1020340800	12.3
32572	-1017748800	7.8
32572	-1015070400	-3.5
32572	-1012478400	-6.4
32572	-1009800000	-3.5
32572	-1007121600	-12.3
32572	-1004702400	-1
32572	-1002024000	4.9
32572	-999432000	9.1
32572	-996753600	15.2
32572	-994161600	18.8
32572	-991483200	16.6
32572	-988804800	16
32572	-986212800	7.6
32572	-983534400	-2.9
32572	-980942400	-4.5
32572	-978264000	-3
32572	-975585600	-10.4
32572	-973166400	-1.2
32572	-970488000	6
32572	-967896000	12.2
32572	-965217600	11.7
32572	-962625600	20
32572	-959947200	18.2
32572	-957268800	12.6
32572	-954676800	5
32572	-951998400	4
32572	-949406400	-0.3
32572	-946728000	-10.7
32572	-944049600	-7.8
32572	-941544000	0.6
32572	-938865600	2.8
32572	-936273600	12.3
32572	-933595200	15.7
32572	-931003200	18.9
32572	-928324800	17.7
32572	-925646400	14.4
32572	-923054400	8.5
32572	-920376000	-5.7
32572	-917784000	-1.9
32572	-915105600	-5
32572	-912427200	-5
32572	-910008000	-0.6
32572	-907329600	5.8
32572	-904737600	10.9
32572	-902059200	15.2
32572	-899467200	19.5
32572	-896788800	17
32572	-894110400	8.9
32572	-891518400	5.5
32572	-888840000	1.8
32572	-886248000	-4.7
32572	-883569600	-3.3
32572	-880891200	-8.3
32572	-878472000	-0.1
32572	-875793600	6
32572	-873201600	8.7
32572	-870523200	11.6
32572	-867931200	17.6
32572	-865252800	16.2
32572	-862574400	11.2
32572	-859982400	7.1
32572	-857304000	-3
32572	-854712000	-6.1
32572	-852033600	-14.6
32572	-849355200	-2.8
32572	-846936000	-6.1
32572	-844257600	7.4
32572	-841665600	8
32572	-838987200	10.9
32572	-836395200	18.4
32572	-833716800	17.3
32572	-831038400	12.9
32572	-828446400	8
32572	-825768000	1.1
32572	-823176000	-1.2
32572	-820497600	-2.2
32572	-817819200	-6.6
32572	-815313600	-5.2
32572	-812635200	6.4
32572	-810043200	11.8
32572	-807364800	12.9
32572	-804772800	17.7
32572	-802094400	15.9
32572	-799416000	12.5
32572	-796824000	10.2
32572	-794145600	-3.4
32572	-791553600	-4.5
32572	-788875200	-3.5
32572	-786196800	-7.1
32572	-783777600	-0.3
32572	-781099200	1.4
32572	-778507200	8.5
32572	-775828800	12.2
32572	-773236800	18.9
32572	-770558400	18.4
32572	-767880000	9.7
32572	-765288000	7.7
32572	-762609600	-3.7
32572	-760017600	-7.6
32572	-757339200	-3.2
32572	-754660800	-3.5
32572	-752241600	2
32572	-749563200	7.2
32572	-746971200	8.6
32572	-744292800	13.4
32572	-741700800	18.7
32572	-739022400	16.4
32572	-736344000	11.1
32572	-733752000	2.1
32572	-731073600	-6.2
32572	-728481600	-6.2
32572	-725803200	-6.7
32572	-723124800	-7.8
32572	-720705600	-5.3
32572	-718027200	5.6
32572	-715435200	10.6
32572	-712756800	12.8
32572	-710164800	20
32572	-707486400	16
32572	-704808000	10.8
32572	-702216000	8.1
32572	-699537600	-3.3
32572	-696945600	-3.6
32572	-694267200	-3.4
32572	-691588800	-9.8
32572	-689083200	-6.1
32572	-686404800	2.3
32572	-683812800	9.5
32572	-681134400	13.8
32572	-678542400	16.2
32572	-675864000	17.1
32572	-673185600	12.4
32572	-670593600	7.3
32572	-667915200	-0.4
32572	-665323200	-10.7
32572	-662644800	-15
32572	-659966400	-11.6
32572	-657547200	-2.9
32572	-654868800	8
32572	-652276800	11.1
32572	-649598400	13.7
32572	-647006400	17.4
32572	-644328000	18.2
32572	-641649600	12.2
32572	-639057600	3
32572	-636379200	5.1
32572	-633787200	-10.5
32572	-631108800	-23.9
32572	-628430400	-1.7
32572	-626011200	-4.6
32572	-623332800	2.4
32572	-620740800	8.3
32572	-618062400	12.8
32572	-615470400	16.8
32572	-612792000	15.9
32572	-610113600	11.4
32572	-607521600	6.2
32572	-604843200	-3.8
32572	-602251200	-2.7
32572	-599572800	-11.4
32572	-596894400	-8.1
32572	-594475200	-8.9
32572	-591796800	2.8
32572	-589204800	9.7
32572	-586526400	10.3
32572	-583934400	17.5
32572	-581256000	14.7
32572	-578577600	9.3
32572	-575985600	2.3
32572	-573307200	0.2
32572	-570715200	-11.2
32572	-568036800	-10.6
32572	-565358400	-3.9
32572	-562852800	-4.9
32572	-560174400	7.7
32572	-557582400	10.5
32572	-554904000	13.3
32572	-552312000	15.7
32572	-549633600	16.1
32572	-546955200	13.5
32572	-544363200	7.8
32572	-541684800	-0.4
32572	-539092800	-1.9
32572	-536414400	-2.9
32572	-533736000	-3.7
32572	-531316800	-0.5
32572	-528638400	1
32572	-526046400	8.3
32572	-523368000	12.5
32572	-520776000	17.7
32572	-518097600	17.6
32572	-515419200	13
32572	-512827200	9.6
32572	-510148800	3.5
32572	-507556800	-2.1
32572	-504878400	-16.3
32572	-502200000	1.5
32572	-499780800	-5.9
32572	-497102400	-0.2
32572	-494510400	9.8
32572	-491832000	12.1
32572	-489240000	18.8
32572	-486561600	16.3
32572	-483883200	11.1
32572	-481291200	5.4
32572	-478612800	4.6
32572	-476020800	-0.3
32572	-473342400	-5.4
32572	-470664000	-9
32572	-468244800	-7.3
32572	-465566400	3.4
32572	-462974400	7
32572	-460296000	14.1
32572	-457704000	16.7
32572	-455025600	17.7
32572	-452347200	10
32572	-449755200	7.2
32572	-447076800	-10.6
32572	-444484800	-9.7
32572	-441806400	-10.1
32572	-439128000	-9
32572	-436622400	-2
32572	-433944000	2.9
32572	-431352000	10.3
32572	-428673600	14.4
32572	-426081600	17.7
32572	-423403200	15.9
32572	-420724800	11.9
32572	-418132800	5.4
32572	-415454400	1.2
32572	-412862400	-4.2
32572	-410184000	-14.7
32572	-407505600	-8.1
32572	-405086400	-1.3
32572	-402408000	3.9
32572	-399816000	11.7
32572	-397137600	14.2
32572	-394545600	19
32572	-391867200	15.8
32572	-389188800	12.7
32572	-386596800	2.2
32572	-383918400	0
32572	-381326400	-0.1
32572	-378648000	0.3
32572	-375969600	-7.3
32572	-373550400	-6.1
32572	-370872000	4.7
32572	-368280000	14
32572	-365601600	13.3
32572	-363009600	15.7
32572	-360331200	19.3
32572	-357652800	12
32572	-355060800	8
32572	-352382400	-1.8
32572	-349790400	-3.4
32572	-347112000	-8.7
32572	-344433600	-10.8
32572	-342014400	0.9
32572	-339336000	3.8
32572	-336744000	7
32572	-334065600	14.7
32572	-331473600	18.3
32572	-328795200	15.6
32572	-326116800	9.9
32572	-323524800	4.8
32572	-320846400	-3.6
32572	-318254400	-0.7
32572	-315576000	-9.4
32572	-312897600	-6.9
32572	-310392000	-3.4
32572	-307713600	3.4
32572	-305121600	8.2
32572	-302443200	13.8
32572	-299851200	20.9
32572	-297172800	16
32572	-294494400	12.6
32572	-291902400	7.4
32572	-289224000	-2
32572	-286632000	-5.4
32572	-283953600	-2.9
32572	-281275200	-1.8
32572	-278856000	0.6
32572	-276177600	2.3
32572	-273585600	10.2
32572	-270907200	18
32572	-268315200	18.7
32572	-265636800	20.5
32572	-262958400	8.4
32572	-260366400	6.6
32572	-257688000	-3.5
32572	-255096000	-8
32572	-252417600	-6.3
32572	-249739200	-8
32572	-247320000	-5.8
32572	-244641600	7.3
32572	-242049600	9.8
32572	-239371200	15.4
32572	-236779200	17.3
32572	-234100800	17.5
32572	-231422400	11.9
32572	-228830400	8.2
32572	-226152000	1.7
32572	-223560000	-2.5
32572	-220881600	-13.1
32572	-218203200	0.1
32572	-215784000	1.3
32572	-213105600	4.4
32572	-210513600	9.8
32572	-207835200	14.3
32572	-205243200	17.7
32572	-202564800	18
32572	-199886400	15.6
32572	-197294400	9.6
32572	-194616000	0.8
32572	-192024000	-7
32572	-189345600	-4.7
32572	-186667200	-1.5
32572	-184161600	-5.3
32572	-181483200	3.8
32572	-178891200	9.7
32572	-176212800	14.1
32572	-173620800	18.7
32572	-170942400	15.1
32572	-168264000	9.9
32572	-165672000	8.9
32572	-162993600	-2.1
32572	-160401600	-15.3
32572	-157723200	-8.7
32572	-155044800	-6
32572	-152625600	-8.5
32572	-149947200	4.4
32572	-147355200	8.8
32572	-144676800	12.4
32572	-142084800	17.9
32572	-139406400	17.7
32572	-136728000	6
32572	-134136000	11.1
32572	-131457600	-2.4
32572	-128865600	-5.5
32572	-126187200	-12.6
32572	-123508800	-5.1
32572	-121089600	1.2
32572	-118411200	2.8
32572	-115819200	10.8
32572	-113140800	12.6
32572	-110548800	17.6
32572	-107870400	15.6
32572	-105192000	14.7
32572	-102600000	5.9
32572	-99921600	-5.2
32572	-97329600	-6.5
32572	-94651200	-5.2
32572	-91972800	-2
32572	-89553600	-4.8
32572	-86875200	-1.1
32572	-84283200	7.3
32572	-81604800	12.6
32572	-79012800	18.6
32572	-76334400	19.3
32572	-73656000	16.1
32572	-71064000	7.3
32572	-68385600	-1.4
32572	-65793600	-8.1
32572	-63115200	-9.5
32572	-60436800	-2.6
32572	-57931200	3
32572	-55252800	3.2
32572	-52660800	8.2
32572	-49982400	13.3
32572	-47390400	17.3
32572	-44712000	15.7
32572	-42033600	12.1
32572	-39441600	5.2
32572	-36763200	-1.1
32572	-34171200	-13.3
32572	-31492800	-21.1
32572	-28814400	-10.8
32572	-26395200	-3.6
32572	-23716800	7.6
32572	-21124800	11.3
32572	-18446400	13.3
32572	-15854400	16.9
32572	-13176000	18.3
32572	-10497600	12.9
32572	-7905600	2.4
32572	-5227200	2.7
32572	-2635200	-3.6
32572	43200	-11.7
32572	2721600	-2
32572	5140800	-3.3
32572	7819200	1.9
32572	10411200	10.6
32572	13089600	16.4
32572	15681600	18
32572	18360000	17.4
32572	21038400	9.4
32572	23630400	5
32572	26308800	-4.9
32572	28900800	-8.2
32572	31579200	-11.1
32572	34257600	-3
32572	36676800	-2.4
32572	39355200	4.7
32572	41947200	9.4
32572	44625600	12.9
32572	47217600	16.6
32572	49896000	20.7
32572	52574400	9.6
32572	55166400	4.2
32572	57844800	-1.4
32572	60436800	-11.8
32572	63115200	-14.6
32572	65793600	-8.2
32572	68299200	0.2
32572	70977600	3.1
32572	73569600	9.7
32572	76248000	15.2
32572	78840000	15.2
32572	81518400	18.1
32572	84196800	8.5
32572	86788800	3.8
32572	89467200	-0.2
32572	92059200	-10
32572	94737600	-5.8
32572	97416000	-5
32572	99835200	1.2
32572	102513600	3.1
32572	105105600	10.4
32572	107784000	14.2
32572	110376000	18.1
32572	113054400	18.1
32572	115732800	12
32572	118324800	7.2
32572	121003200	-6.9
32572	123595200	-3.4
32572	126273600	-9.3
32572	128952000	-1.3
32572	131371200	-2.3
32572	134049600	6.3
32572	136641600	7.8
32572	139320000	17.3
32572	141912000	19.4
32572	144590400	15
32572	147268800	11.4
32572	149860800	8.6
32572	152539200	1
32572	155131200	-2.1
32572	157809600	-8.3
32572	160488000	-12.6
32572	162907200	-4.6
32572	165585600	-1.6
32572	168177600	8.6
32572	170856000	12.6
32572	173448000	19
32572	176126400	15
32572	178804800	11.6
32572	181396800	4.8
32572	184075200	-2.7
32572	186667200	-3.4
32572	189345600	-4.8
32572	192024000	-2.8
32572	194529600	-2.2
32572	197208000	5.5
32572	199800000	11
32572	202478400	12.1
32572	205070400	18
32572	207748800	17.4
32572	210427200	14.1
32572	213019200	5.3
32572	215697600	-0.1
32572	218289600	-2.6
32572	220968000	-9.2
32572	223646400	2.4
32572	226065600	-1.3
32572	228744000	7.1
32572	231336000	10
32572	234014400	16.4
32572	236606400	17.3
32572	239284800	14.3
32572	241963200	10.6
32572	244555200	6.3
32572	247233600	-3.5
32572	249825600	-10.9
32572	252504000	-15.2
32572	255182400	-11.4
32572	257601600	-1.1
32572	260280000	4.2
32572	262872000	8.4
32572	265550400	14.4
32572	268142400	17
32572	270820800	15.5
32572	273499200	12.2
32572	276091200	6.7
32572	278769600	-6
32572	281361600	-10.9
32572	284040000	-16.6
32572	286718400	-11.6
32572	289137600	0
32572	291816000	2.2
32572	294408000	8.4
32572	297086400	14.5
32572	299678400	17.5
32572	302356800	17.9
32572	305035200	14.2
32572	307627200	7.4
32572	310305600	-0.6
32572	312897600	-1.7
32572	315576000	-13
32572	318254400	-5.5
32572	320760000	-3.6
32572	323438400	7.3
32572	326030400	11.6
32572	328708800	13.4
32572	331300800	17.5
32572	333979200	13.7
32572	336657600	11.9
32572	339249600	7.6
32572	341928000	0.6
32572	344520000	-6.9
32572	347198400	-1.3
32572	349876800	-2.8
32572	352296000	1
32572	354974400	6.1
32572	357566400	10.4
32572	360244800	12.2
32572	362836800	17.2
32572	365515200	19.1
32572	368193600	12.9
32572	370785600	5.1
32572	373464000	2.7
32572	376056000	-6.9
32572	378734400	-17.5
32572	381412800	-9.5
32572	383832000	-5.1
32572	386510400	1.5
32572	389102400	7.7
32572	391780800	14.3
32572	394372800	16.2
32572	397051200	16.8
32572	399729600	10.5
32572	402321600	5.8
32572	4.05e+08	-4.6
32572	407592000	-5
32572	410270400	-3.5
32572	412948800	-0.9
32572	415368000	-0.7
32572	418046400	2.9
32572	420638400	9.1
32572	423316800	13.8
32572	425908800	17
32572	428587200	21.7
32572	431265600	11.9
32572	433857600	8
32572	436536000	0.7
32572	439128000	-17
32572	441806400	-3.9
32572	444484800	0.9
32572	446990400	0.3
32572	449668800	5.2
32572	452260800	8.7
32572	454939200	13.7
32572	457531200	17.8
32572	460209600	19.1
32572	462888000	9.4
32572	465480000	3.3
32572	468158400	-0.3
32572	470750400	-10
32572	473428800	-6.7
32572	476107200	-9
32572	478526400	-2.6
32572	481204800	6.9
32572	483796800	11.6
32572	486475200	13.8
32572	489067200	20.3
32572	491745600	15
32572	494424000	7.1
32572	497016000	4.8
32572	499694400	-12.9
32572	502286400	-4.3
32572	504964800	0.8
32572	507643200	-9.8
32572	510062400	4.3
32572	512740800	3.7
32572	515332800	10.3
32572	518011200	16.2
32572	520603200	15.9
32572	523281600	17.5
32572	525960000	8
32572	528552000	7.3
32572	531230400	-4.1
32572	533822400	-1.3
32572	536500800	-2.1
32572	539179200	-1
32572	541598400	-1.4
32572	544276800	8.8
32572	546868800	11.8
32572	549547200	16.3
32572	552139200	16.8
32572	554817600	13.7
32572	557496000	13.2
32572	560088000	6.4
32572	562766400	2.4
32572	565358400	-4
32572	568036800	-6.7
32572	570715200	-4.2
32572	573220800	1
32572	575899200	6.2
32572	578491200	11.5
32572	581169600	17.6
32572	583761600	18.4
32572	586440000	17.2
32572	589118400	11.5
32572	591710400	7.7
32572	594388800	-0.8
32572	596980800	-3.8
32572	599659200	-4.4
32572	602337600	-13.6
32572	604756800	-5.7
32572	607435200	4.6
32572	610027200	8.8
32572	612705600	14.2
32572	615297600	18.1
32572	617976000	15.8
32572	620654400	11.7
32572	623246400	6
32572	625924800	0.2
32572	628516800	-4.2
32572	631195200	-3.6
32572	633873600	-6.1
32572	636292800	0.6
32572	638971200	4.7
32572	641563200	8.4
32572	644241600	13.4
32572	646833600	17.6
32572	649512000	17.9
32572	652190400	14.8
32572	654782400	5.4
32572	657460800	0.8
32572	660052800	-9.9
32572	662731200	-9.3
32572	665409600	1.9
32572	667828800	-0.8
32572	670507200	4.9
32572	673099200	9.3
32572	675777600	12.8
32572	678369600	18
32572	681048000	19.7
32572	683726400	13.5
32572	686318400	5.5
32572	688996800	-1.3
32572	691588800	-0.9
32572	694267200	-0.4
32572	696945600	-0.2
32572	699451200	3.2
32572	702129600	6.8
32572	704721600	10.5
32572	707400000	15.5
32572	709992000	14.7
32572	712670400	15.2
32572	715348800	10.8
32572	717940800	6.5
32572	720619200	-0.1
32572	723211200	-10.1
32572	725889600	-11.6
32572	728568000	-8.8
32572	730987200	0.9
32572	733665600	5
32572	736257600	11.7
32572	738936000	12.5
32572	741528000	13.2
32572	744206400	14.5
32572	746884800	10.2
32572	749476800	6.5
32572	752155200	-3.2
32572	754747200	-0.9
32572	757425600	-4.7
32572	760104000	-12.1
32572	762523200	2.8
32572	765201600	4.7
32572	767793600	10.9
32572	770472000	14.2
32572	773064000	18.4
32572	775742400	17.8
32572	778420800	14.5
32572	781012800	5.4
32572	783691200	-2
32572	786283200	-3.3
32572	788961600	-5
32572	791640000	-3.7
32572	794059200	-1.8
32572	796737600	2.9
32572	799329600	8.8
32572	802008000	13.6
32572	804600000	16.4
32572	807278400	15.5
32572	809956800	11.8
32572	812548800	4.2
32572	815227200	-1.5
32572	817819200	-7.2
32572	820497600	-13.2
32572	823176000	-4.6
32572	825681600	-5.4
32572	828360000	5.8
32572	830952000	7
32572	833630400	14.8
32572	836222400	17.8
32572	838900800	18.4
32572	841579200	10.4
32572	844171200	4.8
32572	846849600	-7.6
32572	849441600	-11
32572	852120000	-10.5
32572	854798400	-2.5
32572	857217600	-1.2
32572	859896000	1.1
32572	862488000	10.1
32572	865166400	14.5
32572	867758400	17.2
32572	870436800	17.5
32572	873115200	14.1
32572	875707200	6
32572	878385600	-2.8
32572	880977600	-1.3
32572	883656000	-8.4
32572	886334400	-0.9
32572	888753600	-2.1
32572	891432000	6.2
32572	894024000	11.5
32572	896702400	12.7
32572	899294400	19.9
32572	901972800	19.5
32572	904651200	15.4
32572	907243200	6.4
32572	909921600	-0.3
32572	912513600	-5.9
32572	915192000	-4.9
32572	917870400	-0.1
32572	920289600	1.4
32572	922968000	3.5
32572	925560000	8.6
32572	928238400	13.4
32572	930830400	16.2
32572	933508800	18.3
32572	936187200	10.3
32572	938779200	6.6
32572	941457600	2.6
32572	944049600	0.7
32572	946728000	-7.3
32572	949406400	-4
32572	951912000	1.7
32572	954590400	5.4
32572	957182400	10.3
32572	959860800	14.1
32572	962452800	19.7
32572	965131200	18.5
32572	967809600	11.7
32572	970401600	5.2
32572	973080000	-3.5
32572	975672000	-9.3
32572	978350400	-2.5
32572	981028800	-10.4
32572	983448000	0.6
32572	986126400	3.7
32572	988718400	11.8
32572	991396800	14
32572	993988800	18.5
32572	996667200	19.6
32572	999345600	14.2
32572	1001937600	5.7
32572	1004616000	2
32572	1007208000	-5
32572	1009886400	-5.1
32572	1012564800	-2.1
32572	1014984000	-11
32572	1017662400	1.8
32572	1020254400	7.9
32572	1022932800	14
32572	1025524800	19.1
32572	1028203200	14.4
32572	1030881600	11.7
32572	1033473600	1.7
32572	1036152000	2.7
32572	1038744000	-2.2
32572	1041422400	-2.9
32572	1044100800	-5.8
32572	1046520000	-2.1
32572	1049198400	5.5
32572	1051790400	8.6
32572	1054468800	14.4
32572	1057060800	19.9
32572	1059739200	19.7
32572	1062417600	11.9
32572	1065009600	7.9
32572	1067688000	-5.7
32572	1070280000	-3
32572	1072958400	-8.3
32572	1075636800	-2.7
32572	1078142400	2.8
32572	1080820800	6
32572	1083412800	7.8
32572	1086091200	13
32572	1088683200	18.8
32572	1091361600	17
32572	1094040000	11.9
32572	1096632000	5.6
32572	1099310400	1.9
32572	1101902400	-2.7
32572	1104580800	-7.8
32572	1107259200	-1.4
32572	1109678400	0.6
32572	1112356800	5.4
32572	1114948800	9.9
32572	1117627200	13.2
32572	1120219200	18.3
32572	1122897600	16.4
32572	1125576000	11.3
32572	1128168000	7
32572	1130846400	2.1
32572	1133438400	-4.7
32572	1136116800	1.7
32572	1138795200	-4.9
32572	1141214400	-1.8
32572	1143892800	7
32572	1146484800	11.7
32572	1149163200	15.6
32572	1151755200	20.9
32572	1154433600	17.4
32572	1157112000	12.9
32572	1159704000	4.6
32572	1162382400	-2.2
32572	1164974400	-1.5
32572	1167652800	-3.8
32572	1170331200	-6.5
32572	1172750400	4
32572	1175428800	4.4
32572	1178020800	10.8
32572	1180699200	16.1
32572	1183291200	23.1
32572	1185969600	17.7
32572	1188648000	11.8
32572	1191240000	7.4
32572	1193918400	-0.1
32572	1196510400	-4.6
32572	1199188800	-6.8
32572	1201867200	-3.6
32572	1204372800	0.1
32572	1207051200	2.9
32572	1209643200	10.3
32572	1212321600	13.6
32572	1214913600	17.8
32572	1217592000	17.5
32572	1220270400	11.9
32572	1222862400	6.9
32572	1225540800	3.2
32572	1228132800	-10.3
32572	1230811200	-4.2
32572	1233489600	-4.2
32572	1235908800	-2.5
32572	1238587200	3.8
32572	1241179200	9.6
32572	1243857600	13
32572	1246449600	17.6
32572	1249128000	17.1
32572	1251806400	15.6
32572	1254398400	2.6
32572	1257076800	3.1
32572	1259668800	-12.3
32572	1262347200	-5.5
32572	1265025600	-3.6
32572	1267444800	3.4
32572	1270123200	4.7
32572	1272715200	7
32572	1275393600	13.2
32572	1277985600	16.5
32572	1280664000	16.4
32572	1283342400	11.5
32572	1285934400	9.2
32572	1288612800	-3.7
32572	1291204800	-7.6
32572	1293883200	-7.5
32572	1296561600	-10.5
32572	1298980800	-3.1
32572	1301659200	2.8
32572	1304251200	8.7
32572	1306929600	13.1
32572	1309521600	17.8
32572	1312200000	18.6
32572	1314878400	14.8
32572	1317470400	6.8
32572	1320148800	-0.5
32572	1322740800	-2.1
32572	1325419200	-4.3
32572	1328097600	-3.3
32572	1330603200	2.3
32572	1333281600	6.7
32572	1335873600	9.3
32572	1338552000	14.3
32572	1341144000	20
32572	1343822400	18.4
32572	1346500800	14
32572	1349092800	3
32572	1351771200	0.3
32572	1354363200	-6.6
32572	1357041600	-3.6
32572	1359720000	-1.1
32572	1362139200	-0.7
32572	1364817600	2.7
32572	1367409600	11.1
32572	1370088000	14.6
32572	1372680000	19
32572	1375358400	19.4
32572	1378036800	14.7
32572	1380628800	5.2
32572	1383307200	-1.5
32572	1385899200	-7.5
32572	1388577600	-2.9
32572	1391256000	-11.5
32572	1393675200	-4.1
32573	-2561284800	-2.6
32573	-2558692800	-3.4
32573	-2556014400	-7.6
32573	-2553336000	-4.1
32573	-2550916800	3.8
32573	-2548238400	7.8
32573	-2545646400	10.1
32573	-2542968000	16.3
32573	-2540376000	18.7
32573	-2537697600	19.3
32573	-2535019200	10.7
32573	-2532427200	8.9
32573	-2529748800	-1.2
32573	-2527156800	-3.9
32573	-2524478400	-11
32573	-2521800000	-7.8
32573	-2519380800	0
32573	-2516702400	5.5
32573	-2514110400	10.6
32573	-2511432000	12.4
32573	-2508840000	19.9
32573	-2506161600	16.9
32573	-2503483200	11.8
32573	-2500891200	4.4
32573	-2498212800	1.7
32573	-2495620800	-1.4
32573	-2492942400	-5
32573	-2490264000	-8.8
32573	-2487844800	-4.8
32573	-2485166400	5.3
32573	-2482574400	11
32573	-2479896000	11.3
32573	-2477304000	15.5
32573	-2474625600	19.2
32573	-2471947200	11.9
32573	-2469355200	7.3
32573	-2466676800	-1.1
32573	-2464084800	-6.4
32573	-2461406400	-5.5
32573	-2458728000	-2.7
32573	-2456222400	0.4
32573	-2453544000	1
32573	-2450952000	4
32573	-2448273600	9.6
32573	-2445681600	16.8
32573	-2443003200	17.9
32573	-2440324800	14.1
32573	-2437732800	6.3
32573	-2435054400	0.5
32573	-2432462400	-6.9
32574	-2406196800	4.4
32574	-2403518400	-0.4
32574	-2400926400	-1.8
32574	-2398248000	-4.5
32574	-2395569600	-8.2
32574	-2393150400	1.1
32574	-2390472000	7
32575	-2364033600	-6.5
32575	-2361614400	0.4
32575	-2358936000	8.7
32575	-2356344000	11.6
32575	-2353665600	14.5
32575	-2351073600	18.4
32575	-2348395200	19.3
32575	-2345716800	12.2
32575	-2343124800	8.2
32575	-2340446400	1
32575	-2337854400	-6.2
32575	-2335176000	-3.9
32575	-2332497600	-1.5
32575	-2329992000	0.8
32575	-2327313600	5.4
32575	-2324721600	8.6
32575	-2322043200	17.6
32575	-2319451200	21.2
32575	-2316772800	19
32575	-2314094400	12.6
32576	-2406196800	3.5
32576	-2403518400	-1.5
32576	-2400926400	-1.9
32576	-2398248000	-5.9
32576	-2395569600	-9.1
32576	-2393150400	-1.9
32576	-2390472000	3.5
32576	-2387880000	9.7
32576	-2385201600	12
32576	-2382609600	17.8
32576	-2379931200	18.9
32576	-2377252800	10.6
32576	-2374660800	6.4
32576	-2371982400	3.6
32576	-2369390400	-5.8
32576	-2366712000	-7.9
32576	-2364033600	-6.3
32576	-2361614400	-2.5
32576	-2358936000	5.2
32576	-2356344000	8
32576	-2353665600	10.8
32576	-2351073600	15.8
32576	-2348395200	16.9
32576	-2345716800	9.8
32576	-2343124800	7.1
32576	-2340446400	-1.5
32576	-2337854400	-6
32576	-2335176000	-3.4
32576	-2332497600	-1.3
32576	-2329992000	-3.9
32576	-2327313600	1
32576	-2324721600	5.3
32576	-2322043200	14.7
32576	-2319451200	17.9
32576	-2316772800	16.4
32576	-2314094400	9.7
32576	-2311502400	6.8
32576	-2308824000	-6.3
32576	-2306232000	1.2
32576	-2303553600	-8
32576	-2300875200	-6
32576	-2298456000	-7.8
32576	-2295777600	4.2
32576	-2293185600	12.7
32576	-2290507200	12.4
32576	-2287915200	15
32576	-2285236800	18.2
32576	-2282558400	12.8
32576	-2279966400	6.3
32576	-2277288000	-2.3
32576	-2274696000	-5.3
32576	-2272017600	-7.5
32576	-2269339200	-1
32576	-2266920000	-6.1
32576	-2264241600	4.5
32576	-2261649600	7.4
32576	-2258971200	12.9
32576	-2256379200	16.6
32576	-2253700800	18.5
32576	-2251022400	11.7
32576	-2248430400	3.4
32576	-2245752000	-2
32576	-2243160000	-7.3
32576	-2240481600	-4
32576	-2237803200	-11.5
32576	-2235384000	-5.3
32576	-2232705600	2.1
32576	-2230113600	6.1
32576	-2227435200	12.2
32576	-2224843200	17.6
32576	-2222164800	14.2
32576	-2219486400	13.5
32576	-2216894400	4.2
32576	-2214216000	2.6
32576	-2211624000	-4.3
32576	-2208945600	-1.7
32576	-2206267200	-5.1
32576	-2203848000	1.4
32576	-2201169600	5.5
32576	-2198577600	10.4
32576	-2195899200	16.6
32576	-2193307200	17
32576	-2190628800	15
32576	-2187950400	9.6
32576	-2185358400	6.2
32576	-2182680000	-2
32576	-2180088000	-0.6
32576	-2177409600	-4.3
32576	-2174731200	-5.8
32576	-2172312000	-1
32576	-2169633600	1.8
32576	-2167041600	10.5
32576	-2164363200	9.4
32576	-2161771200	19.6
32576	-2159092800	18.6
32576	-2156414400	8.4
32576	-2153822400	8.1
32576	-2151144000	2.4
32576	-2148552000	-3.9
32576	-2145873600	-7.4
32576	-2143195200	-2
32576	-2140776000	-1.9
32576	-2138097600	2.7
32576	-2135505600	9.3
32576	-2132827200	11.6
32576	-2130235200	15.1
32576	-2127556800	15.9
32576	-2124878400	10.4
32576	-2122286400	7.6
32576	-2119608000	-2.1
32576	-2117016000	-4.6
32576	-2114337600	-4.6
32576	-2111659200	-7.4
32576	-2109240000	-1.1
32576	-2106561600	3.9
32576	-2103969600	6.6
32576	-2101291200	16.3
32576	-2098699200	15.3
32576	-2096020800	15.6
32576	-2093342400	10.1
32576	-2090750400	8.6
32576	-2088072000	-2.3
32576	-2085480000	-3.3
32576	-2082801600	-3.9
32576	-2080123200	-4.1
32576	-2077617600	-3.4
32576	-2074939200	6
32576	-2072347200	8.9
32576	-2069668800	13.1
32576	-2067076800	16.5
32576	-2064398400	17.7
32576	-2061720000	12.8
32576	-2059128000	7.4
32576	-2056449600	3.5
32576	-2053857600	-3.2
32576	-2051179200	-5.7
32576	-2048500800	-6.8
32576	-2046081600	2.1
32576	-2043403200	4.4
32576	-2040811200	7.9
32576	-2038132800	11.2
32576	-2035540800	17
32576	-2032862400	17.6
32576	-2030184000	13.4
32576	-2027592000	3
32576	-2024913600	0.9
32576	-2022321600	-3.2
32576	-2019643200	-2.6
32576	-2016964800	-2
32576	-2014545600	-4.5
32576	-2011867200	6.1
32576	-2009275200	7.2
32576	-2006596800	11.1
32576	-2004004800	19
32576	-2001326400	16.7
32576	-1998648000	13.6
32576	-1996056000	7.1
32576	-1993377600	-1.8
32576	-1990785600	-0.8
32576	-1988107200	-11.2
32576	-1985428800	0.2
32576	-1983009600	-1.2
32576	-1980331200	2.1
32576	-1977739200	6.8
32576	-1975060800	9.9
32576	-1972468800	15.1
32576	-1969790400	14.1
32576	-1967112000	10.7
32576	-1964520000	9.8
32576	-1961841600	1.6
32576	-1959249600	-3.6
32576	-1956571200	-4.2
32576	-1953892800	-3.1
32576	-1951387200	-1.8
32576	-1948708800	5.5
32576	-1946116800	6
32576	-1943438400	10.3
32576	-1940846400	17.9
32576	-1938168000	15.3
32576	-1935489600	13.1
32576	-1932897600	4.9
32576	-1930219200	1
32576	-1927627200	-4.8
32576	-1924948800	-6.1
32576	-1922270400	-3
32576	-1919851200	-0.7
32576	-1917172800	0.1
32576	-1914580800	6.5
32576	-1911902400	12.8
32576	-1909310400	16.1
32576	-1906632000	17.4
32576	-1903953600	12
32576	-1901361600	6.6
32576	-1898683200	0.6
32576	-1896091200	-8.6
32576	-1893412800	-7.5
32576	-1890734400	-7.8
32576	-1888315200	5.1
32576	-1885636800	9
32576	-1883044800	10.8
32576	-1880366400	14.9
32576	-1877774400	18.6
32576	-1875096000	15.3
32576	-1872417600	10.7
32576	-1869825600	8.9
32576	-1867147200	-0.5
32576	-1864555200	-2.7
32576	-1861876800	-4.4
32576	-1859198400	-6.7
32576	-1856779200	2.5
32576	-1854100800	3
32576	-1851508800	7
32576	-1848830400	13.8
32576	-1846238400	16.9
32576	-1843560000	15
32576	-1840881600	10
32576	-1838289600	3.7
32576	-1835611200	-2.1
32576	-1833019200	-4.5
32576	-1830340800	-2.8
32576	-1827662400	-3
32576	-1825156800	-6.1
32576	-1822478400	4.1
32576	-1819886400	7.6
32576	-1817208000	14.7
32576	-1814616000	14.5
32576	-1811937600	14.1
32576	-1809259200	7
32576	-1806667200	3.3
32576	-1803988800	1.2
32576	-1801396800	-3.7
32576	-1798718400	-5.5
32576	-1796040000	-8.2
32576	-1793620800	-3.6
32576	-1790942400	4.6
32576	-1788350400	8
32576	-1785672000	13.5
32576	-1783080000	15
32576	-1780401600	17.4
32576	-1777723200	12.4
32576	-1775131200	3.9
32576	-1772452800	1.3
32576	-1769860800	-4.7
32576	-1767182400	-2.1
32576	-1764504000	-4.2
32576	-1762084800	0.3
32576	-1759406400	3.8
32576	-1756814400	9.4
32576	-1754136000	11.4
32576	-1751544000	18.2
32576	-1748865600	16
32576	-1746187200	11.3
32576	-1743595200	5.9
32576	-1740916800	3
32576	-1738324800	-8.1
32576	-1735646400	-5
32576	-1732968000	-0.9
32576	-1730548800	0.7
32576	-1727870400	7.9
32576	-1725278400	6.8
32576	-1722600000	10.2
32576	-1720008000	13.4
32576	-1717329600	18.2
32576	-1714651200	8.9
32576	-1712059200	8
32576	-1709380800	-0.8
32576	-1706788800	-4
32576	-1704110400	-13.1
32576	-1701432000	-2.7
32576	-1698926400	1.6
32576	-1696248000	4
32576	-1693656000	5.1
32576	-1690977600	10.8
32576	-1688385600	17.2
32576	-1685707200	15.9
32576	-1683028800	11.1
32576	-1680436800	3.8
32576	-1677758400	-2.4
32576	-1675166400	-6.6
32576	-1672488000	-7.4
32576	-1669809600	-5.1
32576	-1667390400	-5.8
32576	-1664712000	0.6
32576	-1662120000	6.8
32576	-1659441600	11.5
32576	-1656849600	20
32576	-1654171200	17.3
32576	-1651492800	13.7
32576	-1648900800	6
32576	-1646222400	3.2
32576	-1643630400	-1.3
32576	-1640952000	-5.8
32576	-1638273600	-5.7
32576	-1635854400	1.4
32576	-1633176000	1.6
32576	-1630584000	6.4
32576	-1627905600	16.1
32576	-1625313600	16.9
32576	-1622635200	13.9
32576	-1619956800	11.6
32576	-1617364800	7
32576	-1614686400	-2.2
32576	-1612094400	-4.7
32576	-1609416000	-2.6
32576	-1606737600	-5.9
32576	-1604318400	0.2
32576	-1601640000	5.3
32576	-1599048000	10
32576	-1596369600	15.6
32576	-1593777600	19.2
32576	-1591099200	18.3
32576	-1588420800	11.3
32576	-1585828800	0.5
32576	-1583150400	-3.6
32576	-1580558400	-7.5
32576	-1577880000	-3.2
32576	-1575201600	-4.3
32576	-1572696000	-3.1
32576	-1570017600	0.3
32576	-1567425600	6.4
32576	-1564747200	11.7
32576	-1562155200	19
32576	-1559476800	17
32576	-1556798400	11.5
32576	-1554206400	4
32576	-1551528000	-2.5
32576	-1548936000	-4
32576	-1546257600	-4.4
32576	-1543579200	-2.1
32576	-1541160000	-0.3
32576	-1538481600	1.8
32576	-1535889600	8.2
32576	-1533211200	14.7
32576	-1530619200	17.9
32576	-1527940800	17
32576	-1525262400	7.1
32576	-1522670400	8.8
32576	-1519992000	-0.7
32576	-1517400000	-6.1
32576	-1514721600	-8.8
32576	-1512043200	-8.4
32576	-1509624000	-2.7
32576	-1506945600	0.9
32576	-1504353600	7.6
32576	-1501675200	15.5
32576	-1499083200	16.9
32576	-1496404800	17.8
32576	-1493726400	14.6
32576	-1491134400	8.2
32576	-1488456000	-2.4
32576	-1485864000	-6.9
32576	-1483185600	-4.8
32576	-1480507200	-6.5
32576	-1478088000	-2.3
32576	-1475409600	3.1
32576	-1472817600	8.5
32576	-1470139200	12.1
32576	-1467547200	19.2
32576	-1464868800	16.7
32576	-1462190400	12.9
32576	-1459598400	3.7
32576	-1456920000	1.5
32576	-1454328000	-4.9
32576	-1451649600	-6.2
32576	-1448971200	-1.5
32576	-1446465600	-3.6
32576	-1443787200	2.5
32576	-1441195200	10.8
32576	-1438516800	12.8
32576	-1435924800	17.7
32576	-1433246400	16.3
32576	-1430568000	12.4
32576	-1427976000	5.8
32576	-1425297600	-1
32576	-1422705600	-8.3
32576	-1420027200	-3.6
32576	-1417348800	-1
32576	-1414929600	-0.1
32576	-1412251200	5.4
32576	-1409659200	9.9
32576	-1406980800	12.9
32576	-1404388800	19
32576	-1401710400	15.8
32576	-1399032000	10.9
32576	-1396440000	1.3
32576	-1393761600	-0.6
32576	-1391169600	-0.9
32576	-1388491200	-4.6
32576	-1385812800	-1
32576	-1383393600	0.6
32576	-1380715200	6.4
32576	-1378123200	9.2
32576	-1375444800	14.4
32576	-1372852800	18.7
32576	-1370174400	16.3
32576	-1367496000	6.4
32576	-1364904000	6.9
32576	-1362225600	1
32576	-1359633600	-4.8
32576	-1356955200	-5.8
32576	-1354276800	-4.6
32576	-1351857600	-1.3
32576	-1349179200	2.8
32576	-1346587200	4.6
32576	-1343908800	13.1
32576	-1341316800	17.6
32576	-1338638400	14.2
32576	-1335960000	9.9
32576	-1333368000	7.4
32576	-1330689600	1.4
32576	-1328097600	-8.3
32576	-1325419200	-4
32576	-1322740800	-5.2
32576	-1320235200	0.2
32576	-1317556800	1.6
32576	-1314964800	11.9
32576	-1312286400	10.5
32576	-1309694400	17.5
32576	-1307016000	14.9
32576	-1304337600	11.8
32576	-1301745600	4.8
32576	-1299067200	-0.1
32576	-1296475200	-4.7
32576	-1293796800	-10.2
32576	-1291118400	-8.2
32576	-1288699200	-1
32576	-1286020800	1.1
32576	-1283428800	8
32576	-1280750400	12.4
32576	-1278158400	19
32576	-1275480000	19.9
32576	-1272801600	8.3
32576	-1270209600	7.2
32576	-1267531200	-0.7
32576	-1264939200	-1.3
32576	-1262260800	-14.7
32576	-1259582400	-1.4
32576	-1257163200	-2.6
32576	-1254484800	7.4
32576	-1251892800	8.5
32576	-1249214400	13
32576	-1246622400	18.5
32576	-1243944000	17.9
32576	-1241265600	12.1
32576	-1238673600	3.5
32576	-1235995200	0
32576	-1233403200	-4.4
32576	-1230724800	-2.4
32576	-1228046400	-2.5
32576	-1225627200	-0.9
32576	-1222948800	4.3
32576	-1220356800	10.1
32576	-1217678400	14.6
32576	-1215086400	18.9
32576	-1212408000	18.6
32576	-1209729600	11.4
32576	-1207137600	6.8
32576	-1204459200	-2.9
32576	-1201867200	-4.5
32576	-1199188800	-7.2
32576	-1196510400	-4.3
32576	-1194004800	-3.7
32576	-1191326400	4
32576	-1188734400	9
32576	-1186056000	14.2
32576	-1183464000	18.1
32576	-1180785600	17.1
32576	-1178107200	12.8
32576	-1175515200	4.4
32576	-1172836800	2.4
32576	-1170244800	-9.7
32576	-1167566400	-6.4
32576	-1164888000	-9.2
32576	-1162468800	-0.3
32576	-1159790400	2.6
32576	-1157198400	6.7
32576	-1154520000	16.5
32576	-1151928000	20
32576	-1149249600	17
32576	-1146571200	10.7
32576	-1143979200	8.2
32576	-1141300800	2.5
32576	-1138708800	-0.3
32576	-1136030400	-0.8
32576	-1133352000	-0.4
32576	-1130932800	2.8
32576	-1128254400	8.5
32576	-1125662400	13.4
32576	-1122984000	12.4
32576	-1120392000	18.3
32576	-1117713600	18
32576	-1115035200	8.7
32576	-1112443200	7.4
32576	-1109764800	3.1
32576	-1107172800	-4
32576	-1104494400	-3.3
32576	-1101816000	-1.7
32576	-1099396800	-2.8
32576	-1096718400	1.5
32576	-1094126400	7
32576	-1091448000	12.4
32576	-1088856000	17.9
32576	-1086177600	16.8
32576	-1083499200	13.4
32576	-1080907200	5.4
32576	-1078228800	-2.8
32576	-1075636800	-2.8
32576	-1072958400	-5.2
32576	-1070280000	-12.1
32576	-1067774400	-1.7
32576	-1065096000	4.9
32576	-1062504000	13
32576	-1059825600	14.7
32576	-1057233600	21
32576	-1054555200	17.7
32576	-1051876800	11.5
32576	-1049284800	7.2
32576	-1046606400	-0.5
32576	-1044014400	-3.4
32576	-1041336000	-17
32576	-1038657600	-6.1
32576	-1036238400	-1.2
32576	-1033560000	2.3
32576	-1030968000	10.2
32576	-1028289600	12.5
32576	-1025697600	19.3
32576	-1023019200	17.1
32576	-1020340800	13.9
32576	-1017748800	8.3
32576	-1015070400	0.7
32576	-1012478400	-3.5
32576	-1009800000	-4.1
32576	-1007121600	-3.7
32576	-1004702400	-1.6
32576	-1002024000	4.3
32576	-999432000	7.7
32576	-996753600	13.8
32576	-994161600	17.5
32576	-991483200	16.7
32576	-988804800	16.3
32576	-986212800	6.3
32576	-983534400	-3.7
32576	-980942400	-2.9
32576	-978264000	-2.4
32576	-975585600	-8.4
32576	-973166400	0.4
32576	-970488000	6.1
32576	-967896000	10.7
32576	-965217600	11
32576	-962625600	19.1
32576	-959947200	18.2
32576	-957268800	12.6
32576	-954676800	6.2
32576	-951998400	3.9
32576	-949406400	-0.3
32576	-946728000	-7.2
32576	-944049600	-2.7
32576	-941544000	2.1
32576	-938865600	4
32576	-936273600	11.6
32576	-933595200	16.3
32576	-931003200	19.4
32576	-928324800	19.2
32576	-925646400	13.7
32576	-923054400	8.1
32576	-920376000	-3.2
32576	-917784000	-2.4
32576	-915105600	-2.4
32576	-912427200	-0.9
32576	-910008000	1.4
32576	-907329600	4.5
32576	-904737600	10.1
32576	-902059200	13.3
32576	-899467200	18.1
32576	-896788800	16.5
32576	-894110400	8.2
32576	-891518400	5.6
32576	-888840000	1.6
32576	-886248000	-3.9
32576	-883569600	-7.1
32576	-880891200	-7.4
32576	-878472000	-2
32576	-875793600	5
32576	-873201600	6.2
32576	-870523200	10.2
32576	-867931200	18.2
32576	-865252800	17.2
32576	-862574400	12.4
32576	-859982400	6.9
32576	-857304000	-1.8
32576	-854712000	-2.6
32576	-852033600	-7
32576	-849355200	-2.3
32576	-846936000	-5.3
32576	-844257600	5.9
32576	-841665600	5.8
32576	-838987200	10.5
32576	-836395200	17.6
32576	-833716800	16.9
32576	-831038400	12.6
32576	-828446400	7.6
32576	-825768000	0.7
32576	-823176000	-5
32576	-820497600	-5
32576	-817819200	-5
32576	-815313600	-3.8
32576	-812635200	4.1
32576	-810043200	9.3
32576	-807364800	10.4
32576	-804772800	16.7
32576	-802094400	14.9
32576	-799416000	11.8
32576	-796824000	10
32576	-794145600	-2.4
32576	-791553600	-6.2
32576	-788875200	-3.6
32576	-786196800	-3
32576	-783777600	-1.9
32576	-781099200	1
32576	-778507200	7.7
32576	-775828800	10
32576	-773236800	18.7
32576	-770558400	18.4
32576	-767880000	10.4
32576	-765288000	8.5
32576	-762609600	-1.4
32576	-760017600	-5.2
32576	-757339200	-3.7
32576	-754660800	-2.7
32576	-752241600	1.5
32576	-749563200	5.9
32576	-746971200	7.4
32576	-744292800	12.4
32576	-741700800	18.4
32576	-739022400	16.7
32576	-736344000	10.3
32576	-733752000	1.4
32576	-731073600	-2.2
32576	-728481600	-3
32576	-725803200	-7
32576	-723124800	-4
32576	-720705600	1
32576	-718027200	3.9
32576	-715435200	10.5
32576	-712756800	10.2
32576	-710164800	19.5
32576	-707486400	16.8
32576	-704808000	10.9
32576	-702216000	7.5
32576	-699537600	-3
32576	-696945600	-3.1
32576	-694267200	-5.4
32576	-691588800	-6.5
32576	-689083200	-4.8
32576	-686404800	2.9
32576	-683812800	8.6
32576	-681134400	13.2
32576	-678542400	15
32576	-675864000	16.3
32576	-673185600	11.5
32576	-670593600	6.5
32576	-667915200	-2.4
32576	-665323200	-8.8
32576	-662644800	-15.2
32576	-659966400	-6.5
32576	-657547200	-2.2
32576	-654868800	7
32576	-652276800	10.3
32576	-649598400	12.3
32576	-647006400	17.3
32576	-644328000	18.3
32576	-641649600	11.9
32576	-639057600	2.6
32576	-636379200	4.6
32576	-633787200	-5.4
32576	-631108800	-11.4
32576	-628430400	-2.7
32576	-626011200	-3.2
32576	-623332800	2.4
32576	-620740800	6.3
32576	-618062400	11
32576	-615470400	16
32576	-612792000	16.2
32576	-610113600	10.6
32576	-607521600	6.4
32576	-604843200	-1.4
32576	-602251200	-1.5
32576	-599572800	-7.8
32576	-596894400	-4.3
32576	-594475200	-4.9
32576	-591796800	3
32576	-589204800	8.2
32576	-586526400	9.3
32576	-583934400	17.4
32576	-581256000	15.5
32576	-578577600	9.9
32576	-575985600	3.8
32576	-573307200	-1.5
32576	-570715200	-7.3
32576	-568036800	-6.6
32576	-565358400	-4
32576	-562852800	-4.1
32576	-560174400	6.3
32576	-557582400	8.6
32576	-554904000	12.6
32576	-552312000	16.2
32576	-549633600	17.1
32576	-546955200	14.7
32576	-544363200	10.4
32576	-541684800	-2.1
32576	-539092800	-3.2
32576	-536414400	-0.7
32576	-533736000	-2.7
32576	-531316800	0.8
32576	-528638400	2.2
32576	-526046400	5.9
32576	-523368000	11.1
32576	-520776000	19
32576	-518097600	17.5
32576	-515419200	14
32576	-512827200	9.4
32576	-510148800	3.3
32576	-507556800	-2.4
32576	-504878400	-4.7
32576	-502200000	1.2
32576	-499780800	-3.9
32576	-497102400	3.2
32576	-494510400	9.3
32576	-491832000	10.3
32576	-489240000	19
32576	-486561600	15.3
32576	-483883200	11.9
32576	-481291200	5.1
32576	-478612800	4.6
32576	-476020800	-3.8
32576	-473342400	-6.2
32576	-470664000	-6.8
32576	-468244800	-6.3
32576	-465566400	0.9
32576	-462974400	6.9
32576	-460296000	12.8
32576	-457704000	15.9
32576	-455025600	19
32576	-452347200	11.8
32576	-449755200	7.5
32576	-447076800	-6.6
32576	-444484800	-6.3
32576	-441806400	-4.4
32576	-439128000	-6.8
32576	-436622400	-1.9
32576	-433944000	3.7
32576	-431352000	9.2
32576	-428673600	13.6
32576	-426081600	17.5
32576	-423403200	15.3
32576	-420724800	13.2
32576	-418132800	6.1
32576	-415454400	-2.3
32576	-412862400	-1.7
32576	-410184000	-11.5
32576	-407505600	-3.3
32576	-405086400	-0.9
32576	-402408000	3.3
32576	-399816000	10.7
32576	-397137600	13.3
32576	-394545600	18.2
32576	-391867200	17.5
32576	-389188800	12.4
32576	-386596800	4.3
32576	-383918400	-2.2
32576	-381326400	-1.9
32576	-378648000	-2.9
32576	-375969600	0.1
32576	-373550400	-2.8
32576	-370872000	2.5
32576	-368280000	13.3
32576	-365601600	12.5
32576	-363009600	15.4
32576	-360331200	18.5
32576	-357652800	11.3
32576	-355060800	8.4
32576	-352382400	-1.9
32576	-349790400	-1.6
32576	-347112000	-5.1
32576	-344433600	-7.4
32576	-342014400	-1.4
32576	-339336000	3.2
32576	-336744000	5.7
32576	-334065600	14.1
32576	-331473600	18.3
32576	-328795200	16.3
32576	-326116800	9.7
32576	-323524800	5.4
32576	-320846400	-2.6
32576	-318254400	-2.7
32576	-315576000	-7
32576	-312897600	-6.4
32576	-310392000	-0.8
32576	-307713600	3.2
32576	-305121600	7.6
32576	-302443200	14.4
32576	-299851200	20.8
32576	-297172800	15.3
32576	-294494400	13.2
32576	-291902400	6.6
32576	-289224000	-1.7
32576	-286632000	-3.6
32576	-283953600	-1.9
32576	-281275200	-0.2
32576	-278856000	0
32576	-276177600	2.2
32576	-273585600	9.1
32576	-270907200	17.5
32576	-268315200	19.2
32576	-265636800	20.2
32576	-262958400	7.8
32576	-260366400	4.8
32576	-257688000	-1.7
32576	-255096000	-5.9
32576	-252417600	-8.5
32576	-249739200	-5.7
32576	-247320000	-2.2
32576	-244641600	6.2
32576	-242049600	7.9
32576	-239371200	13.6
32576	-236779200	16.1
32576	-234100800	16
32576	-231422400	11.7
32576	-228830400	7.2
32576	-226152000	0.3
32576	-223560000	-1.3
32576	-220881600	-11.3
32576	-218203200	1.7
32576	-215784000	0.3
32576	-213105600	3
32576	-210513600	9.5
32576	-207835200	12
32576	-205243200	17.1
32576	-202564800	17.9
32576	-199886400	15.1
32576	-197294400	8.9
32576	-194616000	1.3
32576	-192024000	-3.3
32576	-189345600	-3.9
32576	-186667200	-4.3
32576	-184161600	-3.5
32576	-181483200	1.8
32576	-178891200	8.2
32576	-176212800	12
32576	-173620800	19.2
32576	-170942400	14.7
32576	-168264000	10.9
32576	-165672000	8.3
32576	-162993600	-0.4
32576	-160401600	-5.3
32576	-157723200	-2.7
32576	-155044800	-2.8
32576	-152625600	-5.4
32576	-149947200	4.2
32576	-147355200	6.6
32576	-144676800	12
32576	-142084800	17.2
32576	-139406400	15.6
32576	-136728000	5.2
32576	-134136000	9.5
32576	-131457600	2.4
32576	-128865600	-3.6
32576	-126187200	-5
32576	-123508800	-4.3
32576	-121089600	-0.7
32576	-118411200	2.2
32576	-115819200	10.9
32576	-113140800	11.7
32576	-110548800	18.9
32576	-107870400	16
32576	-105192000	13.9
32576	-102600000	5.9
32576	-99921600	0.6
32576	-97329600	-2.7
32576	-94651200	-2.4
32576	-91972800	-0.6
32576	-89553600	-1.9
32576	-86875200	0.4
32576	-84283200	7.4
32576	-81604800	12.5
32576	-79012800	18.8
32576	-76334400	19.7
32576	-73656000	15.9
32576	-71064000	6.4
32576	-68385600	0.2
32576	-65793600	-6.8
32576	-63115200	-6.1
32576	-60436800	-1.6
32576	-57931200	1.9
32576	-55252800	1
32576	-52660800	6
32576	-49982400	11.6
32576	-47390400	17.8
32576	-44712000	14.3
32576	-42033600	10.9
32576	-39441600	5.8
32576	-36763200	-1.1
32576	-34171200	-5.7
32576	-31492800	-7.8
32576	-28814400	-4.5
32576	-26395200	-1.9
32576	-23716800	6.1
32576	-21124800	10.6
32576	-18446400	11.9
32576	-15854400	17.2
32576	-13176000	19.2
32576	-10497600	13.2
32576	-7905600	2.5
32576	-5227200	1.6
32576	-2635200	-2.6
32576	43200	-4.2
32576	2721600	0.1
32576	5140800	-2.5
32576	7819200	0.4
32576	10411200	9.4
32576	13089600	15.3
32576	15681600	18.3
32576	18360000	18.9
32576	21038400	8.5
32576	23630400	4.1
32576	26308800	-0.4
32576	28900800	-5.5
32576	31579200	-4.3
32576	34257600	-3.7
32576	36676800	-2.7
32576	39355200	3
32576	41947200	9.3
32576	44625600	12.4
32576	47217600	17.4
32576	49896000	20.9
32576	52574400	9
32576	55166400	4.5
32576	57844800	-0.4
32576	60436800	-6.6
32576	63115200	-7.2
32576	65793600	-2.8
32576	68299200	1.8
32576	70977600	2.1
32576	73569600	8.7
32576	76248000	13.9
32576	78840000	15.5
32576	81518400	17.8
32576	84196800	9.5
32576	86788800	4.4
32576	89467200	-1
32576	92059200	-8.6
32576	94737600	-6.6
32576	97416000	-3.5
32576	99835200	-0.7
32576	102513600	2.2
32576	105105600	9.7
32576	107784000	13.4
32576	110376000	18.8
32576	113054400	17.8
32576	115732800	10.4
32576	118324800	6
32576	121003200	-2.3
32576	123595200	-2.4
32576	126273600	-7.6
32576	128952000	-1.9
32576	131371200	-2.2
32576	134049600	4.8
32576	136641600	7
32576	139320000	16.9
32576	141912000	18.8
32576	144590400	14.6
32576	147268800	11.8
32576	149860800	8.1
32576	152539200	-0.2
32576	155131200	-3
32576	157809600	-4.8
32576	160488000	-6.4
32576	162907200	-3
32576	165585600	-1.3
32576	168177600	6.1
32576	170856000	10.7
32576	173448000	18.8
32576	176126400	14.5
32576	178804800	11.5
32576	181396800	5
32576	184075200	-1.4
32576	186667200	-1.6
32576	189345600	-2.5
32576	192024000	-3.2
32576	194529600	-3.2
32576	197208000	3.7
32576	199800000	10.5
32576	202478400	11.6
32576	205070400	17.9
32576	207748800	15.2
32576	210427200	12.6
32576	213019200	5.7
32576	215697600	1.1
32576	218289600	-1.3
32576	220968000	-6.6
32576	223646400	0.3
32576	226065600	-2.3
32576	228744000	6.7
32576	231336000	7.3
32576	234014400	15.4
32576	236606400	16.2
32576	239284800	16
32576	241963200	10.6
32576	244555200	6.3
32576	247233600	-1.8
32576	249825600	-4.5
32576	252504000	-4.8
32576	255182400	-3.2
32576	257601600	1.9
32576	260280000	4.4
32576	262872000	6.6
32576	265550400	13.9
32576	268142400	16.6
32576	270820800	15.8
32576	273499200	12.1
32576	276091200	7.3
32576	278769600	-4.6
32576	281361600	-9
32576	284040000	-13.7
32576	286718400	-4.7
32576	289137600	0.1
32576	291816000	2.6
32576	294408000	9.3
32576	297086400	14
32576	299678400	18
32576	302356800	16.6
32576	305035200	14.4
32576	307627200	6.8
32576	310305600	-3.3
32576	312897600	-1.8
32576	315576000	-9.6
32576	318254400	-3
32576	320760000	-3
32576	323438400	6.2
32576	326030400	9.2
32576	328708800	11.4
32576	331300800	16.1
32576	333979200	14.4
32576	336657600	11.8
32576	339249600	6.1
32576	341928000	0.4
32576	344520000	0.5
32576	347198400	-1.9
32576	349876800	-2.2
32576	352296000	1.3
32576	354974400	4.8
32576	357566400	8.4
32576	360244800	11.9
32576	362836800	17
32576	365515200	18.3
32576	368193600	12.8
32576	370785600	5
32576	373464000	0.9
32576	376056000	-3.3
32576	378734400	-6.2
32576	381412800	-5.5
32576	383832000	0.2
32576	386510400	1.9
32576	389102400	7
32576	391780800	13.4
32576	394372800	16.5
32576	397051200	18.2
32576	399729600	10.7
32576	402321600	5.1
32576	4.05e+08	-3
32576	407592000	-6.2
32576	410270400	-1.7
32576	412948800	-0.8
32576	415368000	1.1
32576	418046400	3.2
32576	420638400	8.7
32576	423316800	13.4
32576	425908800	16.1
32576	428587200	19.5
32576	431265600	10.1
32576	433857600	6.6
32576	436536000	-0.9
32576	439128000	-12.9
32576	441806400	-3.8
32576	444484800	-1.2
32576	446990400	1
32576	449668800	3.2
32576	452260800	9.1
32576	454939200	12.1
32576	457531200	18.4
32576	460209600	18.4
32576	462888000	8.8
32576	465480000	2.8
32576	468158400	-1.5
32576	470750400	-7.3
32576	473428800	-9.1
32576	476107200	-6.3
32576	478526400	-1.5
32576	481204800	6
32576	483796800	10.8
32576	486475200	14.6
32576	489067200	21.1
32576	491745600	15.4
32576	494424000	8.1
32576	497016000	4.4
32576	499694400	-9.4
32576	502286400	-6.9
32576	504964800	-1.5
32576	507643200	-2.6
32576	510062400	3.9
32576	512740800	4
32576	515332800	9.4
32576	518011200	16.7
32576	520603200	15
32576	523281600	17.9
32576	525960000	8.2
32576	528552000	6.7
32576	531230400	-1.5
32576	533822400	-5.2
32576	536500800	-5.4
32576	539179200	-1.8
32576	541598400	1.3
32576	544276800	8.2
32576	546868800	10.9
32576	549547200	15
32576	552139200	16
32576	554817600	14.3
32576	557496000	13.8
32576	560088000	8.5
32576	562766400	0.7
32576	565358400	-4.7
32576	568036800	-6.2
32576	570715200	-1.2
32576	573220800	0.8
32576	575899200	6.5
32576	578491200	10.5
32576	581169600	17
32576	583761600	18.5
32576	586440000	17.3
32576	589118400	12.1
32576	591710400	9.6
32576	594388800	-1
32576	596980800	-3.8
32576	599659200	-4
32576	602337600	-10.7
32576	604756800	-1.1
32576	607435200	5.1
32576	610027200	8.8
32576	612705600	14.3
32576	615297600	18.7
32576	617976000	15
32576	620654400	11.6
32576	623246400	5.8
32576	625924800	1.2
32576	628516800	-4.6
32576	631195200	-3
32576	633873600	-3
32576	636292800	1.1
32576	638971200	6.3
32576	641563200	8
32576	644241600	13.1
32576	646833600	17.5
32576	649512000	16.7
32576	652190400	15
32576	654782400	5.8
32576	657460800	1.1
32576	660052800	-9.3
32576	662731200	-5.6
32576	665409600	2.2
32576	667828800	-0.4
32576	670507200	2.7
32576	673099200	8.3
32576	675777600	12.2
32576	678369600	18.4
32576	681048000	18.8
32576	683726400	12.6
32576	686318400	5.6
32576	688996800	-2.2
32576	691588800	-2.2
32576	694267200	-2.5
32576	696945600	1.3
32576	699451200	4.9
32576	702129600	7.1
32576	704721600	12.5
32576	707400000	15.3
32576	709992000	15.3
32576	712670400	16.2
32576	715348800	12.4
32576	717940800	8
32576	720619200	-1.9
32576	723211200	-7.4
32576	725889600	-7.9
32576	728568000	-8
32576	730987200	2.4
32576	733665600	4.3
32576	736257600	11.6
32576	738936000	12
32576	741528000	12.5
32576	744206400	13.5
32576	746884800	11
32576	749476800	6.3
32576	752155200	-4.3
32576	754747200	-2.2
32576	757425600	0.2
32576	760104000	-4.4
32576	762523200	3
32576	765201600	6.6
32576	767793600	11.4
32576	770472000	13.6
32576	773064000	17.7
32576	775742400	17.9
32576	778420800	14.3
32576	781012800	4.6
32576	783691200	-3.2
32576	786283200	-3.7
32576	788961600	-3.7
32576	791640000	-0.2
32576	794059200	0.3
32576	796737600	3.9
32576	799329600	8.6
32576	802008000	12.7
32576	804600000	16.7
32576	807278400	16.5
32576	809956800	11.6
32576	812548800	4.6
32576	815227200	1.6
32576	817819200	-4.9
32576	820497600	-7
32576	823176000	-4.5
32576	825681600	-1.9
32576	828360000	5.2
32576	830952000	7.3
32576	833630400	15
32576	836222400	18.3
32576	838900800	16.8
32576	841579200	10.5
32576	844171200	6.1
32576	846849600	-0.4
32576	849441600	-5.4
32576	852120000	-5.5
32576	854798400	-3.9
32576	857217600	0.7
32576	859896000	1.7
32576	862488000	11.2
32576	865166400	14.1
32576	867758400	15.9
32576	870436800	17.1
32576	873115200	12.6
32576	875707200	5.7
32576	878385600	-0.3
32576	880977600	-5
32576	883656000	-4.2
32576	886334400	-1.9
32576	888753600	0.2
32576	891432000	5.1
32576	894024000	9.8
32576	896702400	11.5
32576	899294400	19.2
32576	901972800	18.2
32576	904651200	14.9
32576	907243200	5.4
32576	909921600	0.3
32576	912513600	-5.5
32576	915192000	-2.2
32576	917870400	-2.8
32576	920289600	1
32576	922968000	3.2
32576	925560000	8.1
32576	928238400	12.6
32576	930830400	16.5
32576	933508800	17.9
32576	936187200	11.9
32576	938779200	7.5
32576	941457600	4.5
32576	944049600	-3.8
32576	946728000	-3.1
32576	949406400	0.1
32576	951912000	2.2
32576	954590400	6.8
32576	957182400	10
32576	959860800	14.2
32576	962452800	18.4
32576	965131200	17.1
32576	967809600	11.4
32576	970401600	5.1
32576	973080000	-6
32576	975672000	-5.7
32576	978350400	-4.8
32576	981028800	-6.4
32576	983448000	2
32576	986126400	4.1
32576	988718400	11.7
32576	991396800	13.9
32576	993988800	18.4
32576	996667200	19.7
32576	999345600	15
32576	1001937600	6.3
32576	1004616000	2.2
32576	1007208000	-6.1
32576	1009886400	-4.6
32576	1012564800	-3
32576	1014984000	-4.1
32576	1017662400	3.2
32576	1020254400	8.5
32576	1022932800	14.2
32576	1025524800	19.8
32576	1028203200	14.9
32576	1030881600	12.8
32576	1033473600	3.2
32576	1036152000	-1.1
32576	1038744000	-3.3
32576	1041422400	-1.5
32576	1044100800	-5.4
32576	1046520000	1.4
32576	1049198400	4.9
32576	1051790400	9.4
32576	1054468800	14.4
32576	1057060800	21
32576	1059739200	19.7
32576	1062417600	12.7
32576	1065009600	8.3
32576	1067688000	-4.1
32576	1070280000	-3.8
32576	1072958400	-5.1
32576	1075636800	-3.1
32576	1078142400	3.5
32576	1080820800	6.1
32576	1083412800	8.6
32576	1086091200	13.4
32576	1088683200	18.5
32576	1091361600	16.6
32576	1094040000	11
32576	1096632000	6.1
32576	1099310400	-0.4
32576	1101902400	-1.8
32576	1104580800	-4.9
32576	1107259200	-1.3
32576	1109678400	1.6
32576	1112356800	4.3
32576	1114948800	8.5
32576	1117627200	11.9
32576	1120219200	19
32576	1122897600	17.4
32576	1125576000	11.4
32576	1128168000	7.4
32576	1130846400	-1.9
32576	1133438400	-6.6
32576	1136116800	-1.2
32576	1138795200	-4.9
32576	1141214400	-0.1
32576	1143892800	5.6
32576	1146484800	10.5
32576	1149163200	15.4
32576	1151755200	20.5
32576	1154433600	16.9
32576	1157112000	12
32576	1159704000	4.5
32576	1162382400	-0.3
32576	1164974400	-3.6
32576	1167652800	-5.6
32576	1170331200	-2
32576	1172750400	3.3
32576	1175428800	5.1
32576	1178020800	10.3
32576	1180699200	14.9
32576	1183291200	21.7
32576	1185969600	16.9
32576	1188648000	11.4
32576	1191240000	6.4
32576	1193918400	-1
32576	1196510400	-5.1
32576	1199188800	-6.9
32576	1201867200	-2.5
32576	1204372800	-1.5
32576	1207051200	1.5
32576	1209643200	8.7
32576	1212321600	12.7
32576	1214913600	18.3
32576	1217592000	17
32576	1220270400	11
32576	1222862400	6.3
32576	1225540800	2.4
32576	1228132800	-7.2
32576	1230811200	-3.8
32576	1233489600	-0.9
32576	1235908800	-1
32576	1238587200	3
32576	1241179200	9.9
32576	1243857600	12.8
32576	1246449600	17.5
32576	1249128000	16.9
32576	1251806400	15.4
32576	1254398400	2.2
32576	1257076800	0.3
32576	1259668800	-9.3
32576	1262347200	-3.5
32576	1265025600	-3.4
32576	1267444800	2.3
32576	1270123200	4.1
32576	1272715200	6.3
32576	1275393600	12.2
32576	1277985600	17.2
32576	1280664000	15.7
32576	1283342400	12.3
32576	1285934400	8.4
32576	1288612800	-3.2
32576	1291204800	-5.3
32576	1293883200	-3.7
32576	1296561600	-6.7
32576	1298980800	0.6
32576	1301659200	1.5
32576	1304251200	7.6
32576	1306929600	12
32576	1309521600	17.8
32576	1312200000	18.1
32576	1314878400	14
32576	1317470400	6.9
32576	1320148800	-1.8
32576	1322740800	-3.6
32576	1325419200	-2.4
32576	1328097600	-3.7
32576	1330603200	1.6
32576	1333281600	6.9
32576	1335873600	8.3
32576	1338552000	14.2
32576	1341144000	19.7
32576	1343822400	18.3
32576	1346500800	13.9
32576	1349092800	5.5
32576	1351771200	0.1
32576	1354363200	-4.4
32576	1357041600	-4.6
32576	1359720000	-2.5
32576	1362139200	0.8
32576	1364817600	3.3
32576	1367409600	10.1
32576	1370088000	13.9
32576	1372680000	19.8
32576	1375358400	18.3
32576	1378036800	13
32576	1380628800	4.3
32576	1383307200	0.3
32576	1385899200	-5
32576	1388577600	-1.6
32576	1391256000	-8.2
32576	1393675200	0.5
32577	-2395569600	-9.5
32577	-2393150400	-1.6
32577	-2390472000	4.5
32577	-2387880000	11.1
32577	-2385201600	13
32577	-2382609600	17.3
32577	-2379931200	17.8
32577	-2377252800	10
32577	-2374660800	6
32577	-2371982400	3.5
32577	-2369390400	-5.6
32577	-2366712000	-7.5
32577	-2364033600	-6.1
32577	-2361614400	-2
32577	-2358936000	5.9
32577	-2356344000	8.8
32577	-2353665600	10.9
32577	-2351073600	15.3
32577	-2348395200	15.6
32577	-2345716800	9.1
32577	-2343124800	6.7
32577	-2340446400	-2.4
32577	-2337854400	-6.2
32577	-2335176000	-4
32577	-2332497600	-1.8
32577	-2329992000	-3.3
32577	-2327313600	2.4
32577	-2324721600	6.1
32577	-2322043200	14.7
32577	-2319451200	16.9
32577	-2316772800	15.6
32577	-2314094400	9.2
32577	-2311502400	6.5
32577	-2308824000	-5.8
32577	-2306232000	-0.1
32577	-2303553600	-8
32577	-2300875200	-5.4
32577	-2298456000	-5.9
32577	-2295777600	5
32577	-2293185600	13.1
32577	-2290507200	13.1
32577	-2287915200	15.2
32577	-2285236800	17.1
32577	-2282558400	12.6
32577	-2279966400	5.7
32577	-2277288000	-1.3
32577	-2274696000	-5.8
32577	-2272017600	-7.8
32577	-2269339200	-1.8
32577	-2266920000	-5.1
32577	-2264241600	5.6
32577	-2261649600	8.7
32577	-2258971200	13.4
32577	-2256379200	16
32577	-2253700800	17.2
32577	-2251022400	10.6
32577	-2248430400	2.8
32577	-2245752000	-2.6
32577	-2243160000	-6.6
32577	-2240481600	-5.7
32577	-2237803200	-10.1
32577	-2235384000	-4.7
32577	-2232705600	3.5
32577	-2230113600	6.4
32577	-2227435200	12.3
32577	-2224843200	16.5
32577	-2222164800	14.4
32577	-2219486400	12.5
32577	-2216894400	4.3
32577	-2214216000	3.4
32577	-2211624000	-4.7
32577	-2208945600	-1.3
32577	-2206267200	-5.1
32577	-2203848000	1.6
32577	-2201169600	5.8
32577	-2198577600	12.2
32577	-2195899200	17.4
32577	-2193307200	16.8
32577	-2190628800	15.4
32577	-2187950400	9.8
32577	-2185358400	6.8
32577	-2182680000	-0.4
32577	-2180088000	-1.5
32577	-2177409600	-4.4
32577	-2174731200	-6.5
32577	-2172312000	-1.3
32577	-2169633600	4.1
32577	-2167041600	12.2
32577	-2164363200	10.5
32577	-2161771200	19.5
32577	-2159092800	17.3
32577	-2156414400	7.5
32577	-2153822400	8.9
32577	-2151144000	2.6
32577	-2148552000	-4.5
32577	-2145873600	-6.7
32577	-2143195200	-2.1
32577	-2140776000	-1.7
32577	-2138097600	4
32577	-2135505600	10.9
32577	-2132827200	12.4
32577	-2130235200	15
32577	-2127556800	14.9
32577	-2124878400	10.2
32577	-2122286400	7.7
32577	-2119608000	-1.2
32577	-2117016000	-4.7
32577	-2114337600	-3.3
32577	-2111659200	-8.1
32577	-2109240000	-2.4
32577	-2106561600	3
32577	-2103969600	8.2
32577	-2101291200	13.5
32577	-2098699200	14.5
32577	-2096020800	16
32577	-2093342400	9.5
32577	-2090750400	8.8
32577	-2088072000	-0.8
32577	-2085480000	-2.8
32577	-2082801600	-4.2
32577	-2080123200	-4.3
32577	-2077617600	-1.9
32577	-2074939200	6.1
32577	-2072347200	9.8
32577	-2069668800	13.5
32577	-2067076800	17.2
32577	-2064398400	17.6
32577	-2061720000	13.2
32577	-2059128000	8.4
32577	-2056449600	4.8
32577	-2053857600	-2.4
32577	-2051179200	-5.7
32577	-2048500800	-7
32577	-2046081600	2.9
32577	-2043403200	5.2
32577	-2040811200	8.2
32577	-2038132800	12.6
32577	-2035540800	17.6
32577	-2032862400	17.4
32577	-2030184000	13.4
32577	-2027592000	3.1
32577	-2024913600	0.9
32577	-2022321600	-3.8
32577	-2019643200	-2.8
32577	-2016964800	-1.9
32577	-2014545600	-4.5
32577	-2011867200	6.5
32577	-2009275200	9.3
32577	-2006596800	12.1
32577	-2004004800	18.7
32577	-2001326400	16.6
32577	-1998648000	12.3
32577	-1996056000	7.4
32577	-1993377600	-0.7
32577	-1990785600	-1
32577	-1988107200	-11.2
32577	-1985428800	-0.7
32577	-1983009600	0.8
32577	-1980331200	3.7
32577	-1977739200	8.7
32577	-1975060800	11.7
32577	-1972468800	16.1
32577	-1969790400	14.5
32577	-1967112000	11.5
32577	-1964520000	8.9
32577	-1961841600	2.6
32577	-1959249600	-2.9
32577	-1956571200	-4
32577	-1953892800	-2.9
32577	-1951387200	0
32577	-1948708800	6.3
32577	-1946116800	8.3
32577	-1943438400	11.9
32577	-1940846400	18.5
32577	-1938168000	16
32577	-1935489600	12.9
32577	-1932897600	5
32577	-1930219200	1.9
32577	-1927627200	-4.5
32577	-1924948800	-7
32577	-1922270400	-2.9
32577	-1919851200	0.5
32577	-1917172800	1.7
32577	-1914580800	8.3
32577	-1911902400	14.6
32577	-1909310400	17
32577	-1906632000	17.9
32577	-1903953600	12.3
32577	-1901361600	7.3
32577	-1898683200	2.2
32577	-1896091200	-9.6
32577	-1893412800	-7.9
32577	-1890734400	-7.6
32577	-1888315200	5.9
32577	-1885636800	9
32577	-1883044800	10.9
32577	-1880366400	15.6
32577	-1877774400	18.9
32577	-1875096000	15.7
32577	-1872417600	11.1
32577	-1869825600	9
32577	-1867147200	2
32577	-1864555200	-3.2
32577	-1861876800	-4.9
32577	-1859198400	-6.4
32577	-1856779200	3.5
32577	-1854100800	4.2
32577	-1851508800	9.3
32577	-1848830400	15.2
32577	-1846238400	16.6
32577	-1843560000	14.9
32577	-1840881600	10.3
32577	-1838289600	4.1
32577	-1835611200	-1.4
32577	-1833019200	-5.8
32577	-1830340800	-4.5
32577	-1827662400	-2.4
32577	-1825156800	-6
32577	-1822478400	5.3
32577	-1819886400	9.2
32577	-1817208000	15.4
32577	-1814616000	15.5
32577	-1811937600	14.7
32577	-1809259200	7.9
32577	-1806667200	4.2
32577	-1803988800	2.6
32577	-1801396800	-3.9
32577	-1798718400	-6.1
32577	-1796040000	-8.8
32577	-1793620800	-2.6
32577	-1790942400	5.9
32577	-1788350400	9.8
32577	-1785672000	14.7
32577	-1783080000	15.9
32577	-1780401600	17.7
32577	-1777723200	12.3
32577	-1775131200	4.2
32577	-1772452800	2.7
32577	-1769860800	-4.6
32577	-1767182400	-1.7
32577	-1764504000	-3.7
32577	-1762084800	2.1
32577	-1759406400	5.7
32577	-1756814400	11.1
32577	-1754136000	13.3
32577	-1751544000	18.5
32577	-1748865600	16.7
32577	-1746187200	11.4
32577	-1743595200	6.9
32577	-1740916800	4.4
32577	-1738324800	-6.9
32577	-1735646400	-4.9
32577	-1732968000	-0.7
32577	-1730548800	2.1
32577	-1727870400	9.2
32577	-1725278400	9.1
32577	-1722600000	11.5
32577	-1720008000	14.6
32577	-1717329600	17.9
32577	-1714651200	9.4
32577	-1712059200	8.5
32577	-1709380800	0.9
32577	-1706788800	-3.7
32577	-1704110400	-14.2
32577	-1701432000	-2.7
32577	-1698926400	3.1
32577	-1696248000	5.9
32577	-1693656000	6.9
32577	-1690977600	12.7
32577	-1688385600	18.1
32577	-1685707200	16.1
32577	-1683028800	11.3
32577	-1680436800	3.9
32577	-1677758400	-1.5
32577	-1675166400	-6.9
32577	-1672488000	-7.9
32577	-1669809600	-4.8
32577	-1667390400	-4.7
32577	-1664712000	2.7
32577	-1662120000	8.2
32577	-1659441600	13.2
32577	-1656849600	20.3
32577	-1654171200	16.9
32577	-1651492800	13.6
32577	-1648900800	6.6
32577	-1646222400	4.8
32577	-1643630400	-0.5
32577	-1640952000	-6
32577	-1638273600	-4.9
32577	-1635854400	3
32577	-1633176000	3.6
32577	-1630584000	8.3
32577	-1627905600	17.9
32577	-1625313600	17.9
32577	-1622635200	15.9
32577	-1619956800	12.8
32577	-1617364800	9.3
32577	-1614686400	-0.2
32577	-1612094400	-3.1
32577	-1609416000	-1.9
32577	-1606737600	-5
32577	-1604318400	0.7
32577	-1601640000	7.2
32577	-1599048000	11
32577	-1596369600	17.7
32577	-1593777600	20.8
32577	-1591099200	18.8
32577	-1588420800	12.8
32577	-1585828800	1.5
32577	-1583150400	-1.8
32577	-1580558400	-7.3
32577	-1577880000	-3
32577	-1575201600	-3.2
32577	-1572696000	-2.1
32577	-1570017600	2.4
32577	-1567425600	9.1
32577	-1564747200	13.6
32577	-1562155200	19
32577	-1559476800	17.4
32577	-1556798400	12.9
32577	-1554206400	6
32577	-1551528000	-1
32577	-1548936000	-2.7
32577	-1546257600	-3.3
32577	-1543579200	-1
32577	-1541160000	2
32577	-1538481600	4.5
32577	-1535889600	9.7
32577	-1533211200	16.8
32577	-1530619200	19.4
32577	-1527940800	18.3
32577	-1525262400	10.6
32577	-1522670400	9.4
32577	-1519992000	1.1
32577	-1517400000	-4.8
32577	-1514721600	-9
32577	-1512043200	-8.3
32577	-1509624000	-1.2
32577	-1506945600	3.3
32577	-1504353600	9.6
32577	-1501675200	16.5
32577	-1499083200	17.8
32577	-1496404800	19.2
32577	-1493726400	15
32577	-1491134400	9.3
32577	-1488456000	-1.1
32577	-1485864000	-6.7
32577	-1483185600	-3.4
32577	-1480507200	-6.3
32577	-1478088000	-1.8
32577	-1475409600	4
32577	-1472817600	10.2
32577	-1470139200	13.7
32577	-1467547200	19.7
32577	-1464868800	16.5
32577	-1462190400	13.8
32577	-1459598400	3.8
32577	-1456920000	1.9
32577	-1454328000	-5.9
32577	-1451649600	-6.9
32577	-1448971200	-0.9
32577	-1446465600	-3.1
32577	-1443787200	4.8
32577	-1441195200	11.6
32577	-1438516800	14.3
32577	-1435924800	20.1
32577	-1433246400	17.3
32577	-1430568000	12.4
32577	-1427976000	6.9
32577	-1425297600	0.8
32577	-1422705600	-9
32577	-1420027200	-3.5
32577	-1417348800	0.9
32577	-1414929600	2.1
32577	-1412251200	6.9
32577	-1409659200	11.7
32577	-1406980800	13.4
32577	-1404388800	19.5
32577	-1401710400	16.6
32577	-1399032000	11.3
32577	-1396440000	1.2
32577	-1393761600	-0.1
32577	-1391169600	-1.9
32577	-1388491200	-5
32577	-1385812800	-1.7
32577	-1383393600	1.6
32577	-1380715200	7
32577	-1378123200	11
32577	-1375444800	14.6
32577	-1372852800	18.7
32577	-1370174400	16.5
32577	-1367496000	8.3
32577	-1364904000	8.3
32577	-1362225600	2.2
32577	-1359633600	-4.8
32577	-1356955200	-4.8
32577	-1354276800	-2.4
32577	-1351857600	0.4
32577	-1349179200	3.9
32577	-1346587200	7.6
32577	-1343908800	15.2
32577	-1341316800	17.6
32577	-1338638400	15.4
32577	-1335960000	11.9
32577	-1333368000	8.3
32577	-1330689600	3.2
32577	-1328097600	-10.4
32577	-1325419200	-4.8
32577	-1322740800	-5.7
32577	-1320235200	1
32577	-1317556800	3.4
32577	-1314964800	13.1
32577	-1312286400	12
32577	-1309694400	18.1
32577	-1307016000	16
32577	-1304337600	11.7
32577	-1301745600	5.9
32577	-1299067200	0.5
32577	-1296475200	-3.9
32577	-1293796800	-11
32577	-1291118400	-7.6
32577	-1288699200	1.8
32577	-1286020800	4.1
32577	-1283428800	9.6
32577	-1280750400	14.7
32577	-1278158400	18.2
32577	-1275480000	19.5
32577	-1272801600	9.3
32577	-1270209600	7.4
32577	-1267531200	-1.6
32577	-1264939200	-0.5
32577	-1262260800	-16.5
32577	-1259582400	0
32577	-1257163200	-0.9
32577	-1254484800	9.2
32577	-1251892800	10.3
32577	-1249214400	14.3
32577	-1246622400	18.6
32577	-1243944000	18.5
32577	-1241265600	12.9
32577	-1238673600	5.8
32577	-1235995200	-0.5
32577	-1233403200	-4.1
32577	-1230724800	-2.4
32577	-1228046400	-1.7
32577	-1225627200	0.7
32577	-1222948800	5.5
32577	-1220356800	10.8
32577	-1217678400	16.3
32577	-1215086400	18.8
32577	-1212408000	18.1
32577	-1209729600	12.6
32577	-1207137600	6.9
32577	-1204459200	-2.3
32577	-1201867200	-3.8
32577	-1199188800	-8.5
32577	-1196510400	-3.9
32577	-1194004800	-3.9
32577	-1191326400	5
32577	-1188734400	10.9
32577	-1186056000	14.9
32577	-1183464000	18.4
32577	-1180785600	16.4
32577	-1178107200	11.7
32577	-1175515200	5.9
32577	-1172836800	3.2
32577	-1170244800	-11.2
32577	-1167566400	-5.6
32577	-1164888000	-10.2
32577	-1162468800	0.5
32577	-1159790400	4
32577	-1157198400	8.3
32577	-1154520000	17.2
32577	-1151928000	19.9
32577	-1149249600	16.4
32577	-1146571200	11.8
32577	-1143979200	9
32577	-1141300800	3.1
32577	-1138708800	1
32577	-1136030400	-0.5
32577	-1133352000	-0.3
32577	-1130932800	5
32577	-1128254400	7.9
32577	-1125662400	14
32577	-1122984000	14.4
32577	-1120392000	18.9
32577	-1117713600	17.7
32577	-1115035200	10.1
32577	-1112443200	9
32577	-1109764800	3.6
32577	-1107172800	-4.3
32577	-1104494400	-4.7
32577	-1101816000	-3.2
32577	-1099396800	-1.3
32577	-1096718400	2.9
32577	-1094126400	8.1
32577	-1091448000	13.9
32577	-1088856000	18.3
32577	-1086177600	16.9
32577	-1083499200	13
32577	-1080907200	5.3
32577	-1078228800	-3.6
32577	-1075636800	-5
32577	-1072958400	-6.4
32577	-1070280000	-13.5
32577	-1067774400	-0.5
32577	-1065096000	5.6
32577	-1062504000	13.2
32577	-1059825600	15.9
32577	-1057233600	21.1
32577	-1054555200	17.7
32577	-1051876800	12.1
32577	-1049284800	7.3
32577	-1046606400	-1.1
32577	-1044014400	-3.6
32577	-1041336000	-17.6
32577	-1038657600	-5.2
32577	-1036238400	-1.1
32577	-1033560000	3.7
32577	-1030968000	11.5
32577	-1028289600	13.7
32577	-1025697600	18.6
32577	-1023019200	17.3
32577	-1020340800	13.6
32577	-1017748800	8.7
32577	-1015070400	1.4
32577	-1012478400	-3.4
32577	-1009800000	-3.9
32577	-1007121600	-3
32577	-1004702400	-0.7
32577	-1002024000	5
32577	-999432000	8.5
32577	-996753600	14.9
32577	-994161600	17.7
32577	-991483200	16.7
32577	-988804800	14.7
32577	-986212800	6.8
32577	-983534400	-2.5
32577	-980942400	-2.3
32577	-978264000	-2.5
32577	-975585600	-8.5
32577	-973166400	0.6
32577	-970488000	7
32577	-967896000	11.8
32577	-965217600	12.3
32577	-962625600	18
32577	-959947200	15.9
32577	-957268800	12.5
32577	-954676800	7.4
32577	-951998400	3.5
32577	-949406400	0.6
32577	-946728000	-9.1
32577	-944049600	-3.3
32577	-941544000	2.9
32577	-938865600	5.3
32577	-936273600	11.7
32577	-933595200	15.6
32577	-931003200	18.7
32577	-928324800	17.6
32577	-925646400	12.8
32577	-923054400	8.7
32577	-920376000	-3
32577	-917784000	-2
32577	-915105600	-3.4
32577	-912427200	-1.7
32577	-910008000	1.7
32577	-907329600	4.2
32577	-904737600	10.6
32577	-902059200	13.5
32577	-899467200	17.8
32577	-896788800	16.6
32577	-894110400	8.7
32577	-891518400	5.2
32577	-888840000	1.2
32577	-886248000	-4.1
32577	-883569600	-8.2
32577	-880891200	-8
32577	-878472000	-1.5
32577	-875793600	6
32577	-873201600	6.8
32577	-870523200	11.3
32577	-867931200	17.5
32577	-865252800	16.4
32577	-862574400	11.3
32577	-859982400	7.1
32577	-857304000	0.7
32577	-854712000	-2.3
32577	-852033600	-9.1
32577	-849355200	-2.8
32577	-846936000	-4.6
32577	-844257600	7.6
32577	-841665600	7.1
32577	-838987200	11.8
32577	-836395200	17.1
32577	-833716800	16.3
32577	-831038400	12
32577	-828446400	7.6
32577	-825768000	0.9
32577	-823176000	-3.9
32577	-820497600	-4.8
32577	-817819200	-3.7
32577	-815313600	-2.5
32577	-812635200	5
32577	-810043200	10
32577	-807364800	11.6
32577	-804772800	16
32577	-802094400	15
32577	-799416000	11.5
32577	-796824000	8.1
32577	-794145600	-1.5
32577	-791553600	-6.2
32577	-788875200	-3.8
32577	-786196800	-2.4
32577	-783777600	0.2
32577	-781099200	2.4
32577	-778507200	8.2
32577	-775828800	11
32577	-773236800	17.3
32577	-770558400	16.6
32577	-767880000	10.8
32577	-765288000	7.8
32577	-762609600	-0.3
32577	-760017600	-5.3
32577	-757339200	-3.9
32577	-754660800	-3.2
32577	-752241600	1.9
32577	-749563200	7.1
32577	-746971200	7.3
32577	-744292800	13.4
32577	-741700800	17.8
32577	-739022400	15.9
32577	-736344000	11
32577	-733752000	2.9
32577	-731073600	-0.8
32577	-728481600	-1.2
32577	-725803200	-8
32577	-723124800	-3.9
32577	-720705600	0.2
32577	-718027200	4.4
32577	-715435200	10.8
32577	-712756800	10.9
32577	-710164800	17.8
32577	-707486400	16.7
32577	-704808000	11.3
32577	-702216000	9
32577	-699537600	-3.5
32577	-696945600	-4
32577	-694267200	-6.1
32577	-691588800	-6.9
32577	-689083200	-4.4
32577	-686404800	4.3
32577	-683812800	9.8
32577	-681134400	13.6
32577	-678542400	15.5
32577	-675864000	16.2
32577	-673185600	11.8
32577	-670593600	6.8
32577	-667915200	-2.6
32577	-665323200	-8.8
32577	-662644800	-16.7
32577	-659966400	-7.5
32577	-657547200	-1.6
32577	-654868800	6.7
32577	-652276800	10.7
32577	-649598400	13.2
32577	-647006400	17
32577	-644328000	16.8
32577	-641649600	11.4
32577	-639057600	3.4
32577	-636379200	4.8
32577	-633787200	-5.1
32577	-631108800	-10
32577	-628430400	-0.8
32577	-626011200	-1.6
32577	-623332800	4.1
32577	-620740800	7.7
32577	-618062400	12.5
32577	-615470400	15.5
32577	-612792000	14.9
32577	-610113600	9.9
32577	-607521600	8.8
32577	-604843200	-0.1
32577	-602251200	-0.7
32577	-599572800	-7.7
32577	-596894400	-2.4
32577	-594475200	-4
32577	-591796800	4.2
32577	-589204800	9.8
32577	-586526400	10.7
32577	-583934400	17.3
32577	-581256000	15.1
32577	-578577600	9.8
32577	-575985600	4.2
32577	-573307200	-1
32577	-570715200	-7.7
32577	-568036800	-6.4
32577	-565358400	-4.6
32577	-562852800	-3
32577	-560174400	6.1
32577	-557582400	9.9
32577	-554904000	13.9
32577	-552312000	15.6
32577	-549633600	16.2
32577	-546955200	13.2
32577	-544363200	7.3
32577	-541684800	-2.8
32577	-539092800	-3
32577	-536414400	0.6
32577	-533736000	-4
32577	-531316800	1.1
32577	-528638400	2.7
32577	-526046400	6.9
32577	-523368000	12.7
32577	-520776000	18.4
32577	-518097600	17
32577	-515419200	13.2
32577	-512827200	7.6
32577	-510148800	3.3
32577	-507556800	-3.2
32577	-504878400	-5.6
32577	-502200000	1.5
32577	-499780800	-3.9
32577	-497102400	5.9
32577	-494510400	9.9
32577	-491832000	11.9
32577	-489240000	19
32577	-486561600	15.6
32577	-483883200	11.3
32577	-481291200	5.7
32577	-478612800	3.6
32577	-476020800	-3.9
32577	-473342400	-9
32577	-470664000	-8
32577	-468244800	-4.8
32577	-465566400	1.8
32577	-462974400	8.9
32577	-460296000	12.5
32577	-457704000	17.1
32577	-455025600	17.8
32577	-452347200	11.1
32577	-449755200	7.6
32577	-447076800	-4.5
32577	-444484800	-5.4
32577	-441806400	-4.5
32577	-439128000	-7.1
32577	-436622400	-0.9
32577	-433944000	4
32577	-431352000	9.7
32577	-428673600	15.1
32577	-426081600	17
32577	-423403200	14.9
32577	-420724800	12.4
32577	-418132800	6.5
32577	-415454400	-2.2
32577	-412862400	-4.6
32577	-410184000	-13.2
32577	-407505600	-3.3
32577	-405086400	-1
32577	-402408000	2.7
32577	-399816000	10.4
32577	-397137600	13.6
32577	-394545600	17.4
32577	-391867200	16.4
32577	-389188800	11.3
32577	-386596800	5.3
32577	-383918400	-1.8
32577	-381326400	-1
32577	-378648000	-4.2
32577	-375969600	0.4
32577	-373550400	-2.6
32577	-370872000	3.6
32577	-368280000	13
32577	-365601600	13.8
32577	-363009600	15.4
32577	-360331200	17.5
32577	-357652800	11.5
32577	-355060800	7.4
32577	-352382400	-0.4
32577	-349790400	-1.5
32577	-347112000	-3.8
32577	-344433600	-8.6
32577	-342014400	-0.1
32577	-339336000	4.1
32577	-336744000	6.9
32577	-334065600	14.6
32577	-331473600	16.9
32577	-328795200	16.1
32577	-326116800	10
32577	-323524800	5.4
32577	-320846400	-3
32577	-318254400	-2.9
32577	-315576000	-7.5
32577	-312897600	-8
32577	-310392000	-1
32577	-307713600	3.9
32577	-305121600	8.9
32577	-302443200	13.7
32577	-299851200	18.3
32577	-297172800	15.4
32577	-294494400	11.8
32577	-291902400	6.2
32577	-289224000	-0.2
32577	-286632000	-5.1
32577	-283953600	-2.8
32577	-281275200	0.2
32577	-278856000	1.1
32577	-276177600	3.6
32577	-273585600	9.5
32577	-270907200	16.1
32577	-268315200	18.2
32577	-265636800	18.3
32577	-262958400	7.7
32577	-260366400	4.6
32577	-257688000	-1.9
32577	-255096000	-5.5
32577	-252417600	-10
32577	-249739200	-5
32577	-247320000	-2.3
32577	-244641600	6.4
32577	-242049600	8.8
32577	-239371200	13.5
32577	-236779200	15.8
32577	-234100800	15.4
32577	-231422400	10.3
32577	-228830400	8.2
32577	-226152000	2
32577	-223560000	-0.9
32577	-220881600	-11.7
32577	-218203200	0.7
32577	-215784000	0.7
32577	-213105600	3.5
32577	-210513600	9.5
32577	-207835200	12.6
32577	-205243200	16.3
32577	-202564800	16.4
32577	-199886400	13.9
32577	-197294400	8.9
32577	-194616000	1.6
32577	-192024000	-5.5
32577	-189345600	-5.8
32577	-186667200	-5.9
32577	-184161600	-4.8
32577	-181483200	3.3
32577	-178891200	9.1
32577	-176212800	12.4
32577	-173620800	18.2
32577	-170942400	14.6
32577	-168264000	9.8
32577	-165672000	7.1
32577	-162993600	-1
32577	-160401600	-4.7
32577	-157723200	-2.9
32577	-155044800	-3.3
32577	-152625600	-6.1
32577	-149947200	4.8
32577	-147355200	7.1
32577	-144676800	12.3
32577	-142084800	16.5
32577	-139406400	15.9
32577	-136728000	5.7
32577	-134136000	9
32577	-131457600	2.6
32577	-128865600	-3
32577	-126187200	-5.4
32577	-123508800	-4.2
32577	-121089600	0.2
32577	-118411200	3
32577	-115819200	10.8
32577	-113140800	12.6
32577	-110548800	18.5
32577	-107870400	15.9
32577	-105192000	13.2
32577	-102600000	5.8
32577	-99921600	0.4
32577	-97329600	-4.5
32577	-94651200	-3.2
32577	-91972800	-2.1
32577	-89553600	-1.9
32577	-86875200	1.6
32577	-84283200	8.1
32577	-81604800	12.1
32577	-79012800	18
32577	-76334400	17.4
32577	-73656000	13.7
32577	-71064000	6.2
32577	-68385600	-0.7
32577	-65793600	-8.8
32577	-63115200	-7.2
32577	-60436800	-2.4
32577	-57931200	2
32577	-55252800	1.6
32577	-52660800	6.9
32577	-49982400	12.7
32577	-47390400	17.3
32577	-44712000	14.3
32577	-42033600	10
32577	-39441600	6.7
32577	-36763200	-1.5
32577	-34171200	-7
32577	-31492800	-7
32577	-28814400	-4.1
32577	-26395200	-2.9
32577	-23716800	6.1
32577	-21124800	10.2
32577	-18446400	11.7
32577	-15854400	16.3
32577	-13176000	17.3
32577	-10497600	12.3
32577	-7905600	1.1
32577	-5227200	1
32577	-2635200	-3.5
32577	43200	-5.4
32577	2721600	0.3
32577	5140800	-2.3
32577	7819200	0.4
32577	10411200	9.3
32577	13089600	14.7
32577	15681600	17.9
32577	18360000	17.3
32577	21038400	9
32577	23630400	3.7
32577	26308800	0.1
32577	28900800	-5.6
32577	31579200	-6
32577	34257600	-3.7
32577	36676800	-0.9
32577	39355200	3.8
32577	41947200	8.6
32577	44625600	12.7
32577	47217600	15.7
32577	49896000	18.3
32577	52574400	9.3
32577	55166400	3.9
32577	57844800	-0.8
32577	60436800	-7.6
32577	63115200	-7.6
32577	65793600	-1.8
32577	68299200	3.2
32577	70977600	3.7
32577	73569600	8.1
32577	76248000	14.4
32577	78840000	15.6
32577	81518400	16.7
32577	84196800	9.4
32577	86788800	4.4
32577	89467200	-0.7
32577	92059200	-9.5
32577	94737600	-8
32577	97416000	-4.3
32577	99835200	-1.4
32577	102513600	2
32577	105105600	9.1
32577	107784000	13.3
32577	110376000	17.3
32577	113054400	16.8
32577	115732800	9.8
32577	118324800	6.5
32577	121003200	-1.6
32577	123595200	-3.4
32577	126273600	-7.9
32577	128952000	-2.4
32577	131371200	-0.8
32577	134049600	5
32577	136641600	7.5
32577	139320000	15.4
32577	141912000	18.4
32577	144590400	14.8
32577	147268800	10.7
32577	149860800	7.2
32577	152539200	0.5
32577	155131200	-5.7
32577	157809600	-7.9
32577	160488000	-7.1
32577	162907200	-2.8
32577	165585600	-0.7
32577	168177600	7.2
32577	170856000	12.2
32577	173448000	18.4
32577	176126400	15
32577	178804800	10.5
32577	181396800	6
32577	184075200	-2.6
32577	186667200	-3.7
32577	189345600	-4.6
32577	192024000	-3.4
32577	194529600	-4.1
32577	197208000	3.4
32577	199800000	10.3
32577	202478400	12.1
32577	205070400	17
32577	207748800	14.9
32577	210427200	11.9
32577	213019200	5.1
32577	215697600	-0.1
32577	218289600	-3.4
32577	220968000	-8.3
32577	223646400	-0.3
32577	226065600	-1.1
32577	228744000	7.6
32577	231336000	9.4
32577	234014400	16.3
32577	236606400	16.7
32577	239284800	15.1
32577	241963200	10.8
32577	244555200	6.1
32577	247233600	-1
32577	249825600	-4.4
32577	252504000	-4.9
32577	255182400	-4.6
32577	257601600	1.7
32577	260280000	4.6
32577	262872000	7.7
32577	265550400	13.4
32577	268142400	16.5
32577	270820800	15.2
32577	273499200	11.3
32577	276091200	6.7
32577	278769600	-6.4
32577	281361600	-10.7
32577	284040000	-14.7
32577	286718400	-5.1
32577	289137600	-0.5
32577	291816000	3.6
32577	294408000	8.7
32577	297086400	13.4
32577	299678400	17.3
32577	302356800	16.2
32577	305035200	13.2
32577	307627200	6.8
32577	310305600	-4.3
32577	312897600	-1.8
32577	315576000	-9.7
32577	318254400	-4
32577	320760000	-2.1
32577	323438400	5.5
32577	326030400	9.6
32577	328708800	13
32577	331300800	16.9
32577	333979200	14.3
32577	336657600	11.9
32577	339249600	6.1
32577	341928000	-1.2
32577	344520000	-0.7
32577	347198400	-2.4
32577	349876800	-3.9
32577	352296000	1.2
32577	354974400	5.3
32577	357566400	8.7
32577	360244800	12.5
32577	362836800	16.7
32577	365515200	17
32577	368193600	11.7
32577	370785600	4.1
32577	373464000	0.9
32577	376056000	-3.6
32577	378734400	-7.8
32577	381412800	-5.4
32577	383832000	-0.8
32577	386510400	1.5
32577	389102400	7.3
32577	391780800	12
32577	394372800	16.3
32577	397051200	17
32577	399729600	9.8
32577	402321600	4.6
32577	4.05e+08	-3
32577	407592000	-6.1
32577	410270400	-2
32577	412948800	-0.8
32577	415368000	1.3
32577	418046400	1.7
32577	420638400	7.4
32577	423316800	12.4
32577	425908800	16.3
32577	428587200	18.1
32577	431265600	10.4
32577	433857600	7.1
32577	436536000	-0.3
32577	439128000	-12
32577	441806400	-5.8
32577	444484800	-3.4
32577	446990400	-0.4
32577	449668800	2.6
32577	452260800	8.9
32577	454939200	11.8
32577	457531200	17.2
32577	460209600	16.7
32577	462888000	8.5
32577	465480000	2.5
32577	468158400	-0.4
32577	470750400	-7.4
32577	473428800	-8.4
32577	476107200	-7.5
32577	478526400	-2.3
32577	481204800	5.7
32577	483796800	10.9
32577	486475200	13.9
32577	489067200	18.9
32577	491745600	14.5
32577	494424000	8.4
32577	497016000	5.1
32577	499694400	-8.6
32577	502286400	-8.2
32577	504964800	-1.5
32577	507643200	-2.5
32577	510062400	4.6
32577	512740800	4.6
32577	515332800	9.4
32577	518011200	16.3
32577	520603200	15.5
32577	523281600	17
32577	525960000	8.5
32577	528552000	5.3
32577	531230400	-1.7
32577	533822400	-5.7
32577	536500800	-6.5
32577	539179200	-2
32577	541598400	1.6
32577	544276800	8.2
32577	546868800	11.3
32577	549547200	14.6
32577	552139200	15.7
32577	554817600	14
32577	557496000	11.8
32577	560088000	6.2
32577	562766400	0.1
32577	565358400	-5.6
32577	568036800	-7.9
32577	570715200	-1.8
32577	573220800	-0.6
32577	575899200	6
32577	578491200	9.7
32577	581169600	16.6
32577	583761600	18.9
32577	586440000	16.2
32577	589118400	10.4
32577	591710400	8.9
32577	594388800	-1.1
32577	596980800	-6.4
32577	599659200	-6.5
32577	602337600	-12
32577	604756800	-0.9
32577	607435200	5
32577	610027200	9
32577	612705600	13.5
32577	615297600	18.9
32577	617976000	15.1
32577	620654400	11.2
32577	623246400	4.9
32577	625924800	1.1
32577	628516800	-5.7
32577	631195200	-4.5
32577	633873600	-4.3
32577	636292800	0.3
32577	638971200	5.9
32577	641563200	7.6
32577	644241600	13.3
32577	646833600	17.3
32577	649512000	16.2
32577	652190400	13.7
32577	654782400	6.3
32577	657460800	1.4
32577	660052800	-11.2
32577	662731200	-7.1
32577	665409600	1.4
32577	667828800	-0.5
32577	670507200	3.2
32577	673099200	7.9
32577	675777600	13
32577	678369600	18
32577	681048000	18.2
32577	683726400	12.3
32577	686318400	4.6
32577	688996800	-3.7
32577	691588800	-3.1
32577	694267200	-3.1
32577	696945600	0
32577	699451200	3.8
32577	702129600	6.7
32577	704721600	11.9
32577	707400000	14.2
32577	709992000	14.8
32577	712670400	15.4
32577	715348800	11.5
32577	717940800	7.2
32577	720619200	-2.7
32577	723211200	-9
32577	725889600	-9.1
32577	728568000	-8.7
32577	730987200	1.2
32577	733665600	4.3
32577	736257600	10.8
32577	738936000	11.8
32577	741528000	12.5
32577	744206400	13.6
32577	746884800	10.3
32577	749476800	5.6
32577	752155200	-4.5
32577	754747200	-4.1
32577	757425600	-1.6
32577	760104000	-5.8
32577	762523200	2.6
32577	765201600	5.4
32577	767793600	10.9
32577	770472000	14.2
32577	773064000	16.8
32577	775742400	17.5
32577	778420800	12.8
32577	781012800	4.3
32577	783691200	-4
32577	786283200	-3.9
32577	788961600	-5.7
32577	791640000	-0.9
32577	794059200	-1.1
32577	796737600	3.2
32577	799329600	7.7
32577	802008000	12
32577	804600000	16.8
32577	807278400	16.4
32577	809956800	11.1
32577	812548800	4.9
32577	815227200	1.6
32577	817819200	-4.1
32577	820497600	-7
32577	823176000	-5.5
32577	825681600	-1.9
32577	828360000	5.6
32577	830952000	7.4
32577	833630400	14.2
32577	836222400	17.3
32577	838900800	16.6
32577	841579200	10.2
32577	844171200	4.9
32577	846849600	-1.8
32577	849441600	-6
32577	852120000	-7.1
32577	854798400	-4.7
32577	857217600	1.5
32577	859896000	1.7
32577	862488000	10.6
32577	865166400	14.3
32577	867758400	16.4
32577	870436800	16
32577	873115200	12.2
32577	875707200	5.2
32577	878385600	-0.4
32577	880977600	-6.1
32577	883656000	-4.3
32577	886334400	-1.8
32577	888753600	-1.9
32577	891432000	4.7
32577	894024000	10.1
32577	896702400	10.5
32577	899294400	18
32577	901972800	17.9
32577	904651200	14.1
32577	907243200	5.1
32577	909921600	1.6
32577	912513600	-6
32577	915192000	-3.2
32577	917870400	-1.9
32577	920289600	1
32577	922968000	2.5
32577	925560000	8.4
32577	928238400	12.5
32577	930830400	16.4
32577	933508800	17.3
32577	936187200	10.2
32577	938779200	8
32577	941457600	5.3
32577	944049600	-4.9
32577	946728000	-3.8
32577	949406400	0.2
32577	951912000	1.1
32577	954590400	6.6
32577	957182400	9.6
32577	959860800	13.6
32577	962452800	18.2
32577	965131200	18
32577	967809600	11.4
32577	970401600	5.4
32577	973080000	-6.3
32577	975672000	-5.4
32577	978350400	-5
32577	981028800	-5.7
32577	983448000	1.6
32577	986126400	4.7
32577	988718400	11.4
32577	991396800	13.7
32577	993988800	17.7
32577	996667200	18.4
32577	999345600	14
32577	1001937600	7
32577	1004616000	3
32577	1007208000	-6
32577	1009886400	-5.1
32577	1012564800	-4.2
32577	1014984000	-4.4
32577	1017662400	3.9
32577	1020254400	9
32577	1022932800	13.8
32577	1025524800	18.9
32577	1028203200	14.9
32577	1030881600	12.4
32577	1033473600	3.4
32577	1036152000	-0.8
32577	1038744000	-2.9
32577	1041422400	-1.9
32577	1044100800	-6.3
32577	1046520000	1.1
32577	1049198400	5.2
32577	1051790400	9.2
32577	1054468800	13.5
32577	1057060800	19.8
32577	1059739200	19
32577	1062417600	12.1
32577	1065009600	8
32577	1067688000	-3.3
32577	1070280000	-2.8
32577	1072958400	-5.6
32577	1075636800	-4.1
32577	1078142400	3.8
32577	1080820800	6
32577	1083412800	8.4
32577	1086091200	12.7
32577	1088683200	18
32577	1091361600	15.5
32577	1094040000	11.1
32577	1096632000	6.5
32577	1099310400	-0.3
32577	1101902400	-2.3
32577	1104580800	-4.6
32577	1107259200	-1.8
32577	1109678400	0.8
32577	1112356800	4
32577	1114948800	8.4
32577	1117627200	12
32577	1120219200	18.2
32577	1122897600	16.2
32577	1125576000	11.6
32577	1128168000	7.5
32577	1130846400	0.4
32577	1133438400	-6.1
32577	1136116800	-2.4
32577	1138795200	-4.3
32577	1141214400	-0.2
32577	1143892800	5.7
32577	1146484800	10
32577	1149163200	14.9
32577	1151755200	19.6
32577	1154433600	16.1
32577	1157112000	11.1
32577	1159704000	4.7
32577	1162382400	0.3
32577	1164974400	-3.5
32577	1167652800	-7.6
32577	1170331200	-3.3
32577	1172750400	3.3
32577	1175428800	5.4
32577	1178020800	9.8
32577	1180699200	14
32577	1183291200	20.6
32577	1185969600	16.7
32577	1188648000	12
32577	1191240000	5.8
32577	1193918400	-0.1
32577	1196510400	-5.8
32577	1199188800	-7.8
32577	1201867200	-2.6
32577	1204372800	-1.2
32577	1207051200	1.5
32577	1209643200	7.8
32577	1212321600	12.5
32577	1214913600	17.2
32577	1217592000	16.5
32577	1220270400	10.2
32577	1222862400	5.9
32577	1225540800	2.6
32577	1228132800	-8.7
32577	1230811200	-4.9
32577	1233489600	-1.2
32577	1235908800	-1.4
32577	1238587200	3.1
32577	1241179200	10
32577	1243857600	12.5
32577	1246449600	16.8
32577	1249128000	16
32577	1251806400	14.1
32577	1254398400	1.4
32577	1257076800	1.7
32577	1259668800	-7.6
32577	1262347200	-2.6
32577	1265025600	-1.7
32577	1267444800	2.8
32577	1270123200	4.2
32577	1272715200	6.6
32577	1275393600	13.2
32577	1277985600	16.8
32577	1280664000	15.7
32577	1283342400	12.1
32577	1285934400	8.7
32577	1288612800	-2.1
32577	1291204800	-3.7
32577	1293883200	-4.3
32577	1296561600	-6.4
32577	1298980800	1
32577	1301659200	2.4
32577	1304251200	6.9
32577	1306929600	12.3
32577	1309521600	17.4
32577	1312200000	17.8
32577	1314878400	13.8
32577	1317470400	7.8
32577	1320148800	-1
32577	1322740800	-5.1
32577	1325419200	-2.5
32577	1328097600	-2.9
32577	1330603200	3.4
32577	1333281600	6.5
32577	1335873600	8.6
32577	1338552000	14
32577	1341144000	19.6
32577	1343822400	17.6
32577	1346500800	13.3
32577	1349092800	5.6
32577	1351771200	2.1
32577	1354363200	-4.3
32577	1357041600	-6.1
32577	1359720000	-2.6
32577	1362139200	1.3
32577	1364817600	3.2
32577	1367409600	10.1
32577	1370088000	14.2
32577	1372680000	18.9
32577	1375358400	18.1
32577	1378036800	13.6
32577	1380628800	3.8
32577	1383307200	1.1
32577	1385899200	-7.2
32577	1388577600	-2.8
32577	1391256000	-8.5
32577	1393675200	0.2
32578	-2403518400	-5
32578	-2400926400	-4.3
32578	-2398248000	-9.2
32578	-2395569600	-10.6
32578	-2393150400	-4.1
32578	-2390472000	3.4
32578	-2387880000	10.3
32578	-2385201600	13.6
32578	-2382609600	15.7
32578	-2379931200	17.1
32578	-2377252800	9.5
32578	-2374660800	6
32578	-2371982400	1.6
32578	-2369390400	-7.7
32578	-2366712000	-9.6
32578	-2364033600	-8
32578	-2361614400	-3.4
32578	-2358936000	4.9
32578	-2356344000	8.9
32578	-2353665600	11.1
32578	-2351073600	13.9
32578	-2348395200	14.9
32578	-2345716800	9.9
32578	-2343124800	5.5
32578	-2340446400	-1.7
32578	-2337854400	-5.4
32578	-2335176000	-4.2
32578	-2332497600	-2.4
32578	-2329992000	-3.5
32578	-2327313600	2.3
32578	-2324721600	7.6
32578	-2322043200	13.1
32578	-2319451200	17
32578	-2316772800	13.9
32578	-2314094400	6.4
32578	-2311502400	5.6
32578	-2308824000	-9.7
32578	-2306232000	-1.2
32578	-2303553600	-8.6
32578	-2300875200	-6.8
32578	-2298456000	-7.7
32578	-2295777600	4.5
32578	-2293185600	12.1
32578	-2290507200	12.6
32578	-2287915200	15.5
32578	-2285236800	17.3
32578	-2282558400	11.9
32578	-2279966400	5
32578	-2277288000	-4.8
32578	-2274696000	-7.8
32578	-2272017600	-8.2
32578	-2269339200	-2.7
32578	-2266920000	-7
32578	-2264241600	4.3
32578	-2261649600	6.3
32578	-2258971200	11.6
32578	-2256379200	15.9
32578	-2253700800	17
32578	-2251022400	9.9
32578	-2248430400	1.5
32578	-2245752000	-4.7
32578	-2243160000	-7.9
32578	-2240481600	-8.8
32578	-2237803200	-14.8
32578	-2235384000	-8.3
32578	-2232705600	1.9
32578	-2230113600	6.1
32578	-2227435200	12.5
32578	-2224843200	16.5
32578	-2222164800	13.7
32578	-2219486400	11.9
32578	-2216894400	2
32578	-2214216000	1.4
32578	-2211624000	-6
32578	-2208945600	-3.5
32578	-2206267200	-8.7
32578	-2203848000	0.1
32578	-2201169600	5.3
32578	-2198577600	10.1
32578	-2195899200	16.5
32578	-2193307200	17
32578	-2190628800	15.7
32578	-2187950400	8.8
32578	-2185358400	4.6
32578	-2182680000	-3.7
32578	-2180088000	-1.8
32578	-2177409600	-6.9
32578	-2174731200	-8.1
32578	-2172312000	-2.2
32578	-2169633600	2.9
32578	-2167041600	10.8
32578	-2164363200	10
32578	-2161771200	19
32578	-2159092800	17.4
32578	-2156414400	7.3
32578	-2153822400	7.2
32578	-2151144000	1.1
32578	-2148552000	-5.3
32578	-2145873600	-7.8
32578	-2143195200	-3.7
32578	-2140776000	-3.4
32578	-2138097600	2.4
32578	-2135505600	9
32578	-2132827200	11.8
32578	-2130235200	14.9
32578	-2127556800	16
32578	-2124878400	9.6
32578	-2122286400	5.9
32578	-2119608000	-4.6
32578	-2117016000	-9.5
32578	-2114337600	-6.9
32578	-2111659200	-10.5
32578	-2109240000	-5.4
32578	-2106561600	2.1
32578	-2103969600	6.9
32578	-2101291200	14.8
32578	-2098699200	14.6
32578	-2096020800	15.9
32578	-2093342400	9.5
32578	-2090750400	6.7
32578	-2088072000	-4.7
32578	-2085480000	-3.3
32578	-2082801600	-5.5
32578	-2080123200	-8.1
32578	-2077617600	-5.4
32578	-2074939200	4.7
32578	-2072347200	7.9
32578	-2069668800	13
32578	-2067076800	16.2
32578	-2064398400	15.8
32578	-2061720000	11.9
32578	-2059128000	6.4
32578	-2056449600	2.2
32578	-2053857600	-4.2
32578	-2051179200	-8.2
32578	-2048500800	-9.5
32578	-2046081600	0.4
32578	-2043403200	3.3
32578	-2040811200	6.7
32578	-2038132800	10.7
32578	-2035540800	16.9
32578	-2032862400	16.8
32578	-2030184000	12.4
32578	-2027592000	2.2
32578	-2024913600	-2.1
32578	-2022321600	-6
32578	-2019643200	-5
32578	-2016964800	-4.4
32578	-2014545600	-6.6
32578	-2011867200	5.2
32578	-2009275200	7.1
32578	-2006596800	10.9
32578	-2004004800	17.6
32578	-2001326400	15.2
32578	-1998648000	11.8
32578	-1996056000	6.1
32578	-1993377600	-3.6
32578	-1990785600	-4.8
32578	-1988107200	-14.9
32578	-1985428800	-3.7
32578	-1983009600	-2
32578	-1980331200	1.8
32578	-1977739200	6.3
32578	-1975060800	10.9
32578	-1972468800	15.1
32578	-1969790400	13
32578	-1967112000	9.7
32578	-1964520000	7.1
32578	-1961841600	0.5
32578	-1959249600	-3.9
32578	-1956571200	-5.9
32578	-1953892800	-4.8
32578	-1951387200	-3
32578	-1948708800	4.8
32578	-1946116800	6.9
32578	-1943438400	10.6
32578	-1940846400	17.8
32578	-1938168000	14.3
32578	-1935489600	11.6
32578	-1932897600	2.8
32578	-1930219200	-1.2
32578	-1927627200	-6.1
32578	-1924948800	-11.3
32578	-1922270400	-6.2
32578	-1919851200	-2.5
32578	-1917172800	-0.4
32578	-1914580800	6.7
32578	-1911902400	12.5
32578	-1909310400	16.2
32578	-1906632000	16.1
32578	-1903953600	11.2
32578	-1901361600	5.2
32578	-1898683200	-0.4
32578	-1896091200	-11.9
32578	-1893412800	-8.9
32578	-1890734400	-11.2
32578	-1888315200	4.1
32578	-1885636800	8.5
32578	-1883044800	9.9
32578	-1880366400	13.7
32578	-1877774400	17.8
32578	-1875096000	13.9
32578	-1872417600	9.6
32578	-1869825600	6.7
32578	-1867147200	-1
32578	-1864555200	-5
32578	-1861876800	-8.6
32578	-1859198400	-9.2
32578	-1856779200	1.3
32578	-1854100800	2.1
32578	-1851508800	6.9
32578	-1848830400	13.8
32578	-1846238400	15.2
32578	-1843560000	12.8
32578	-1840881600	9.3
32578	-1838289600	2.5
32578	-1835611200	-4.9
32578	-1833019200	-7.6
32578	-1830340800	-7.5
32578	-1827662400	-4.5
32578	-1825156800	-9.5
32578	-1822478400	4.2
32578	-1819886400	8.2
32578	-1817208000	14.1
32578	-1814616000	14.6
32578	-1811937600	14.2
32578	-1809259200	6.6
32578	-1806667200	2.8
32578	-1803988800	1.4
32578	-1801396800	-4.1
32578	-1798718400	-9.2
32578	-1796040000	-11.2
32578	-1793620800	-5.8
32578	-1790942400	4.4
32578	-1788350400	8
32578	-1785672000	14.4
32578	-1783080000	15.3
32578	-1780401600	16.5
32578	-1777723200	11.3
32578	-1775131200	2.4
32578	-1772452800	1.3
32578	-1769860800	-5.5
32578	-1767182400	-2.8
32578	-1764504000	-6.6
32578	-1762084800	-0.4
32578	-1759406400	3.7
32578	-1756814400	9.3
32578	-1754136000	12.1
32578	-1751544000	17.6
32578	-1748865600	14.7
32578	-1746187200	11
32578	-1743595200	4.4
32578	-1740916800	1.9
32578	-1738324800	-10.3
32578	-1735646400	-6.9
32578	-1732968000	-1.5
32578	-1730548800	-0.3
32578	-1727870400	8
32578	-1725278400	7.7
32578	-1722600000	10.4
32578	-1720008000	13.6
32578	-1717329600	16.8
32578	-1714651200	8.3
32578	-1712059200	6.9
32578	-1709380800	-1.5
32578	-1706788800	-5.3
32578	-1704110400	-19.2
32578	-1701432000	-5.6
32578	-1698926400	0.5
32578	-1696248000	4
32578	-1693656000	6.2
32578	-1690977600	11
32578	-1688385600	17.3
32578	-1685707200	14.8
32578	-1683028800	10.4
32578	-1680436800	2.2
32578	-1677758400	-4
32578	-1675166400	-11
32578	-1672488000	-10.1
32578	-1669809600	-9.4
32578	-1667390400	-8
32578	-1664712000	0
32578	-1662120000	6.8
32578	-1659441600	11.5
32578	-1656849600	18.2
32578	-1654171200	14.5
32578	-1651492800	10.9
32578	-1648900800	3.3
32578	-1646222400	2.4
32578	-1643630400	-5.6
32578	-1640952000	-8.9
32578	-1638273600	-7.7
32578	-1635854400	0.9
32578	-1633176000	2.1
32578	-1630584000	6.3
32578	-1627905600	15.9
32578	-1625313600	15.3
32578	-1622635200	13.7
32578	-1619956800	9.9
32578	-1617364800	6.2
32578	-1614686400	-3.2
32578	-1612094400	-4.8
32578	-1609416000	-3.3
32578	-1606737600	-9
32578	-1604318400	-4.1
32578	-1601640000	5.3
32578	-1599048000	9.3
32578	-1596369600	16.2
32578	-1593777600	18.6
32578	-1591099200	17.1
32578	-1588420800	10.7
32578	-1585828800	-1.3
32578	-1583150400	-5.5
32578	-1580558400	-10.6
32578	-1577880000	-6.9
32578	-1575201600	-7.4
32578	-1572696000	-5.4
32578	-1570017600	-0.3
32578	-1567425600	6.7
32578	-1564747200	11.5
32578	-1562155200	16.8
32578	-1559476800	15.2
32578	-1556798400	10.6
32578	-1554206400	3.7
32578	-1551528000	-3.3
32578	-1548936000	-4.8
32578	-1546257600	-5.8
32578	-1543579200	-3.1
32578	-1541160000	-1.3
32578	-1538481600	1.7
32578	-1535889600	7.6
32578	-1533211200	14.9
32578	-1530619200	16.3
32578	-1527940800	16.2
32578	-1525262400	7
32578	-1522670400	6.5
32578	-1519992000	-3.2
32578	-1517400000	-7.1
32578	-1514721600	-10.3
32578	-1512043200	-12.5
32578	-1509624000	-3.7
32578	-1506945600	1.3
32578	-1504353600	7.8
32578	-1501675200	14.7
32578	-1499083200	15.8
32578	-1496404800	17.3
32578	-1493726400	12.7
32578	-1491134400	7
32578	-1488456000	-4
32578	-1485864000	-10
32578	-1483185600	-5.6
32578	-1480507200	-9.8
32578	-1478088000	-3
32578	-1475409600	2.1
32578	-1472817600	8.1
32578	-1470139200	12.3
32578	-1467547200	20
32578	-1464868800	15.3
32578	-1462190400	11.6
32578	-1459598400	2.8
32578	-1456920000	-0.1
32578	-1454328000	-6.4
32578	-1451649600	-7.3
32578	-1448971200	-2.1
32578	-1446465600	-2.3
32578	-1443787200	0.3
32578	-1441195200	8.3
32578	-1438516800	10.7
32578	-1435924800	17
32578	-1433246400	15.8
32578	-1430568000	10.7
32578	-1427976000	5.7
32578	-1425297600	-6.1
32578	-1422705600	-13.3
32578	-1420027200	-6.3
32578	-1417348800	-1.1
32578	-1414929600	-1.7
32578	-1412251200	4.5
32578	-1409659200	9.6
32578	-1406980800	12
32578	-1404388800	18.7
32578	-1401710400	13.3
32578	-1399032000	9.7
32578	-1396440000	-1.3
32578	-1393761600	-1.9
32578	-1391169600	-2
32578	-1388491200	-5.6
32578	-1385812800	-1.9
32578	-1383393600	-1
32578	-1380715200	4.3
32578	-1378123200	9.1
32578	-1375444800	13.3
32578	-1372852800	17.3
32578	-1370174400	15.2
32578	-1367496000	5.8
32578	-1364904000	6.2
32578	-1362225600	-0.8
32578	-1359633600	-6.6
32578	-1356955200	-8.9
32578	-1354276800	-5.4
32578	-1351857600	-1.8
32578	-1349179200	1.7
32578	-1346587200	4.8
32578	-1343908800	13.2
32578	-1341316800	16.4
32578	-1338638400	13.8
32578	-1335960000	9.8
32578	-1333368000	6.6
32578	-1330689600	-2.9
32578	-1328097600	-13.1
32578	-1325419200	-7.1
32578	-1322740800	-7.6
32578	-1320235200	-1.2
32578	-1317556800	1.4
32578	-1314964800	11.1
32578	-1312286400	10.2
32578	-1309694400	16.5
32578	-1307016000	13.9
32578	-1304337600	10.2
32578	-1301745600	3.8
32578	-1299067200	-1.3
32578	-1296475200	-6.3
32578	-1293796800	-14.6
32578	-1291118400	-10.1
32578	-1288699200	-1.9
32578	-1286020800	0.5
32578	-1283428800	6.7
32578	-1280750400	12.1
32578	-1278158400	18.3
32578	-1275480000	19.7
32578	-1272801600	8.8
32578	-1270209600	7
32578	-1267531200	0.6
32578	-1264939200	-5.3
32578	-1262260800	-17.6
32578	-1259582400	-1.8
32578	-1257163200	-3.8
32578	-1254484800	7.2
32578	-1251892800	10.5
32578	-1249214400	13.3
32578	-1246622400	18.4
32578	-1243944000	18.6
32578	-1241265600	10.7
32578	-1238673600	1.9
32578	-1235995200	-2.1
32578	-1233403200	-5
32578	-1230724800	-4.2
32578	-1228046400	-2.5
32578	-1225627200	-2.3
32578	-1222948800	4
32578	-1220356800	9.8
32578	-1217678400	15.8
32578	-1215086400	18.6
32578	-1212408000	16.5
32578	-1209729600	10.2
32578	-1207137600	7
32578	-1204459200	-2.8
32578	-1201867200	-5.5
32578	-1199188800	-9.7
32578	-1196510400	-5.3
32578	-1194004800	-7.6
32578	-1191326400	3
32578	-1188734400	10
32578	-1186056000	14.7
32578	-1183464000	18.5
32578	-1180785600	16.8
32578	-1178107200	11
32578	-1175515200	4.4
32578	-1172836800	1.3
32578	-1170244800	-11.1
32578	-1167566400	-7.5
32578	-1164888000	-11.7
32578	-1162468800	-1
32578	-1159790400	1.4
32578	-1157198400	7.4
32578	-1154520000	15.9
32578	-1151928000	19.4
32578	-1149249600	16.2
32578	-1146571200	10.7
32578	-1143979200	7.2
32578	-1141300800	1.8
32578	-1138708800	-4
32578	-1136030400	-2.3
32578	-1133352000	-2
32578	-1130932800	0.2
32578	-1128254400	6.7
32578	-1125662400	13.3
32578	-1122984000	12.9
32578	-1120392000	18.3
32578	-1117713600	18.7
32578	-1115035200	8.3
32578	-1112443200	5.7
32578	-1109764800	0.7
32578	-1107172800	-6
32578	-1104494400	-7.3
32578	-1101816000	-3.1
32578	-1099396800	-3.7
32578	-1096718400	0.9
32578	-1094126400	6.7
32578	-1091448000	12.2
32578	-1088856000	18.2
32578	-1086177600	16.7
32578	-1083499200	13
32578	-1080907200	3.1
32578	-1078228800	-3.4
32578	-1075636800	-5.3
32578	-1072958400	-7.5
32578	-1070280000	-17.1
32578	-1067774400	-2.9
32578	-1065096000	3.6
32578	-1062504000	12.1
32578	-1059825600	14.4
32578	-1057233600	20
32578	-1054555200	16.3
32578	-1051876800	10.1
32578	-1049284800	6.1
32578	-1046606400	-1.7
32578	-1044014400	-6
32578	-1041336000	-18.7
32578	-1038657600	-8.3
32578	-1036238400	-3.1
32578	-1033560000	3.3
32578	-1030968000	9.9
32578	-1028289600	12.9
32578	-1025697600	17.7
32578	-1023019200	16.1
32578	-1020340800	12.1
32578	-1017748800	6.7
32578	-1015070400	-1.1
32578	-1012478400	-6.9
32578	-1009800000	-4.6
32578	-1007121600	-6.8
32578	-1004702400	-2.4
32578	-1002024000	3.6
32578	-999432000	6.9
32578	-996753600	13.4
32578	-994161600	16.2
32578	-991483200	15.7
32578	-988804800	14.1
32578	-986212800	5.3
32578	-983534400	-4
32578	-980942400	-4.8
32578	-978264000	-3.9
32578	-975585600	-10.9
32578	-973166400	-1.6
32578	-970488000	5.4
32578	-967896000	10.9
32578	-965217600	10.9
32578	-962625600	17.8
32578	-959947200	15.7
32578	-957268800	11.1
32578	-954676800	5.6
32578	-951998400	2.4
32578	-949406400	-0.9
32578	-946728000	-10.6
32578	-944049600	-4.9
32578	-941544000	1.6
32578	-938865600	3.6
32578	-936273600	11.1
32578	-933595200	15.2
32578	-931003200	19.2
32578	-928324800	18.4
32578	-925646400	13.8
32578	-923054400	7.2
32578	-920376000	-5.2
32578	-917784000	-3
32578	-915105600	-5.3
32578	-912427200	-4.5
32578	-910008000	-0.1
32578	-907329600	3.9
32578	-904737600	10.3
32578	-902059200	13.4
32578	-899467200	17.6
32578	-896788800	17
32578	-894110400	7.6
32578	-891518400	3.8
32578	-888840000	0.4
32578	-886248000	-5.3
32578	-883569600	-8.9
32578	-880891200	-9.8
32578	-878472000	-3.7
32578	-875793600	5.3
32578	-873201600	6.7
32578	-870523200	10.7
32578	-867931200	17.5
32578	-865252800	16.2
32578	-862574400	11.3
32578	-859982400	6
32578	-857304000	-1.9
32578	-854712000	-3.6
32578	-852033600	-11.2
32578	-849355200	-3.9
32578	-846936000	-7.1
32578	-844257600	6.6
32578	-841665600	6.4
32578	-838987200	11.1
32578	-836395200	17.2
32578	-833716800	16.7
32578	-831038400	11
32578	-828446400	7
32578	-825768000	0.2
32578	-823176000	-5.7
32578	-820497600	-5.4
32578	-817819200	-6.6
32578	-815313600	-4.7
32578	-812635200	4.6
32578	-810043200	10.1
32578	-807364800	11.2
32578	-804772800	15.6
32578	-802094400	15
32578	-799416000	11.2
32578	-796824000	7.9
32578	-794145600	-1.5
32578	-791553600	-8
32578	-788875200	-4.4
32578	-786196800	-5.1
32578	-783777600	-1.3
32578	-781099200	0.1
32578	-778507200	7.1
32578	-775828800	10
32578	-773236800	17.4
32578	-770558400	16.4
32578	-767880000	9
32578	-765288000	6.6
32578	-762609600	-2.6
32578	-760017600	-6.5
32578	-757339200	-4.9
32578	-754660800	-3.9
32578	-752241600	0.9
32578	-749563200	6
32578	-746971200	6.5
32578	-744292800	12.1
32578	-741700800	17.3
32578	-739022400	15.8
32578	-736344000	9.6
32578	-733752000	1.4
32578	-731073600	-3.8
32578	-728481600	-3.9
32578	-725803200	-8.3
32578	-723124800	-5.7
32578	-720705600	-3.1
32578	-718027200	3.7
32578	-715435200	9.1
32578	-712756800	10.6
32578	-710164800	17.9
32578	-707486400	15.9
32578	-704808000	9.6
32578	-702216000	7.1
32578	-699537600	-5.1
32578	-696945600	-5.5
32578	-694267200	-6.3
32578	-691588800	-8.6
32578	-689083200	-5.6
32578	-686404800	3.2
32578	-683812800	10.6
32578	-681134400	13.2
32578	-678542400	14.6
32578	-675864000	15.2
32578	-673185600	10.4
32578	-670593600	4.7
32578	-667915200	-3.2
32578	-665323200	-10.3
32578	-662644800	-16.6
32578	-659966400	-10.5
32578	-657547200	-4.2
32578	-654868800	6
32578	-652276800	9.6
32578	-649598400	12.3
32578	-647006400	15.8
32578	-644328000	16.9
32578	-641649600	9.8
32578	-639057600	2.1
32578	-636379200	3.9
32578	-633787200	-7.3
32578	-631108800	-15.4
32578	-628430400	-2.3
32578	-626011200	-4.1
32578	-623332800	1.9
32578	-620740800	5.7
32578	-618062400	11.2
32578	-615470400	14.3
32578	-612792000	14.3
32578	-610113600	8.9
32578	-607521600	6.4
32578	-604843200	-3.5
32578	-602251200	-2.4
32578	-599572800	-10.8
32578	-596894400	-5.1
32578	-594475200	-7.2
32578	-591796800	1.1
32578	-589204800	8.1
32578	-586526400	8.5
32578	-583934400	16.7
32578	-581256000	14
32578	-578577600	7.8
32578	-575985600	2.4
32578	-573307200	-2.7
32578	-570715200	-10
32578	-568036800	-8.6
32578	-565358400	-6.1
32578	-562852800	-6.4
32578	-560174400	5.8
32578	-557582400	8.6
32578	-554904000	13.2
32578	-552312000	15.5
32578	-549633600	15.8
32578	-546955200	12.1
32578	-544363200	6.6
32578	-541684800	-3.8
32578	-539092800	-4.9
32578	-536414400	-1.1
32578	-533736000	-3.8
32578	-531316800	-0.8
32578	-528638400	0.8
32578	-526046400	5.6
32578	-523368000	11.8
32578	-520776000	17.5
32578	-518097600	17.6
32578	-515419200	12.3
32578	-512827200	7.4
32578	-510148800	2.4
32578	-507556800	-4
32578	-504878400	-9.6
32578	-502200000	0
32578	-499780800	-6.5
32578	-497102400	1.9
32578	-494510400	8.5
32578	-491832000	10.5
32578	-489240000	18
32578	-486561600	15.4
32578	-483883200	10.9
32578	-481291200	4.2
32578	-478612800	2.8
32578	-476020800	-4.3
32578	-473342400	-8.3
32578	-470664000	-8.8
32578	-468244800	-7.6
32578	-465566400	1
32578	-462974400	7.3
32578	-460296000	12
32578	-457704000	16.4
32578	-455025600	17.4
32578	-452347200	10
32578	-449755200	6.8
32578	-447076800	-8
32578	-444484800	-8
32578	-441806400	-8.6
32578	-439128000	-8.6
32578	-436622400	-2.9
32578	-433944000	2.3
32578	-431352000	8.6
32578	-428673600	14.5
32578	-426081600	16.9
32578	-423403200	14.2
32578	-420724800	11.6
32578	-418132800	5.2
32578	-415454400	-2.2
32578	-412862400	-3.5
32578	-410184000	-14.4
32578	-407505600	-5.8
32578	-405086400	-2.9
32578	-402408000	2.6
32578	-399816000	9.5
32578	-397137600	12.4
32578	-394545600	17.3
32578	-391867200	16.4
32578	-389188800	10.5
32578	-386596800	3.4
32578	-383918400	-2.7
32578	-381326400	-2.1
32578	-378648000	-3.6
32578	-375969600	-3.6
32578	-373550400	-3.9
32578	-370872000	2.6
32578	-368280000	12.4
32578	-365601600	11.6
32578	-363009600	14.5
32578	-360331200	17.3
32578	-357652800	10.7
32578	-355060800	6.9
32578	-352382400	-2
32578	-349790400	-3.9
32578	-347112000	-6.3
32578	-344433600	-9.6
32578	-342014400	-0.8
32578	-339336000	3
32578	-336744000	5.5
32578	-334065600	13.5
32578	-331473600	16.9
32578	-328795200	15.2
32578	-326116800	9.6
32578	-323524800	3.9
32578	-320846400	-4.1
32578	-318254400	-3.1
32578	-315576000	-8.9
32578	-312897600	-8.3
32578	-310392000	-2.2
32578	-307713600	2.3
32578	-305121600	8
32578	-302443200	13.2
32578	-299851200	18.7
32578	-297172800	14.8
32578	-294494400	11.1
32578	-291902400	5.4
32578	-289224000	-1.1
32578	-286632000	-4.4
32578	-283953600	-3.1
32578	-281275200	-0.2
32578	-278856000	0.1
32578	-276177600	1.2
32578	-273585600	8.9
32578	-270907200	16.4
32578	-268315200	18.1
32578	-265636800	18.9
32578	-262958400	7.1
32578	-260366400	3.9
32578	-257688000	-2.9
32578	-255096000	-7.6
32578	-252417600	-9.5
32578	-249739200	-6.8
32578	-247320000	-3.7
32578	-244641600	5.4
32578	-242049600	7.8
32578	-239371200	13.1
32578	-236779200	15
32578	-234100800	14.6
32578	-231422400	9.6
32578	-228830400	7.1
32578	-226152000	0.9
32578	-223560000	-2.5
32578	-220881600	-12.7
32578	-218203200	-1
32578	-215784000	-0.5
32578	-213105600	2.7
32578	-210513600	8.5
32578	-207835200	12.5
32578	-205243200	16.1
32578	-202564800	16.6
32578	-199886400	14.2
32578	-197294400	8.4
32578	-194616000	0.2
32578	-192024000	-6.4
32578	-189345600	-5.7
32578	-186667200	-5
32578	-184161600	-5.4
32578	-181483200	2.8
32578	-178891200	8.6
32578	-176212800	12.3
32578	-173620800	18.6
32578	-170942400	14.2
32578	-168264000	9.1
32578	-165672000	6.9
32578	-162993600	-2
32578	-160401600	-7.3
32578	-157723200	-3.2
32578	-155044800	-5
32578	-152625600	-8.2
32578	-149947200	4
32578	-147355200	6.3
32578	-144676800	12.1
32578	-142084800	16.3
32578	-139406400	15.2
32578	-136728000	4.5
32578	-134136000	8.1
32578	-131457600	0.3
32578	-128865600	-3.1
32578	-126187200	-7
32578	-123508800	-5
32578	-121089600	-0.8
32578	-118411200	1.9
32578	-115819200	10.1
32578	-113140800	12
32578	-110548800	18.2
32578	-107870400	15.2
32578	-105192000	13.5
32578	-102600000	5.3
32578	-99921600	-1.3
32578	-97329600	-4.5
32578	-94651200	-4.7
32578	-91972800	-2.8
32578	-89553600	-3.9
32578	-86875200	-0.3
32578	-84283200	7.3
32578	-81604800	11.9
32578	-79012800	17.1
32578	-76334400	17.2
32578	-73656000	13.4
32578	-71064000	6.2
32578	-68385600	-1.4
32578	-65793600	-9.4
32578	-63115200	-7.5
32578	-60436800	-2.6
32578	-57931200	1.9
32578	-55252800	1.5
32578	-52660800	6.3
32578	-49982400	11.7
32578	-47390400	16.6
32578	-44712000	13.9
32578	-42033600	9.7
32578	-39441600	5.2
32578	-36763200	-1.4
32578	-34171200	-8.5
32578	-31492800	-12.9
32578	-28814400	-7.2
32578	-26395200	-5.6
32578	-23716800	5.9
32578	-21124800	9.6
32578	-18446400	11.3
32578	-15854400	16.3
32578	-13176000	17.4
32578	-10497600	12.4
32578	-7905600	0.4
32578	-5227200	1.1
32578	-2635200	-3.4
32578	43200	-7.3
32578	2721600	-1.5
32578	5140800	-4
32578	7819200	0
32578	10411200	8.5
32578	13089600	14.7
32578	15681600	17.5
32578	18360000	17.7
32578	21038400	8.2
32578	23630400	3
32578	26308800	-1.8
32578	28900800	-5.7
32578	31579200	-7.1
32578	34257600	-3.9
32578	36676800	-2.9
32578	39355200	3.1
32578	41947200	8.9
32578	44625600	12.5
32578	47217600	15.1
32578	49896000	19.1
32578	52574400	8.1
32578	55166400	3.4
32578	57844800	-0.6
32578	60436800	-8.6
32578	63115200	-10.5
32578	65793600	-3
32578	68299200	2.1
32578	70977600	2.7
32578	73569600	8
32578	76248000	14.5
32578	78840000	14.4
32578	81518400	16.9
32578	84196800	9
32578	86788800	3.6
32578	89467200	-1.6
32578	92059200	-9.6
32578	94737600	-8.4
32578	97416000	-5.7
32578	99835200	-0.4
32578	102513600	1.8
32578	105105600	8.2
32578	107784000	13.5
32578	110376000	17.2
32578	113054400	16.9
32578	115732800	10.2
32578	118324800	5.9
32578	121003200	-3.6
32578	123595200	-3
32578	126273600	-9.4
32578	128952000	-1.6
32578	131371200	-1.4
32578	134049600	4.9
32578	136641600	6
32578	139320000	15.2
32578	141912000	18.2
32578	144590400	13.7
32578	147268800	9.8
32578	149860800	6.9
32578	152539200	0.5
32578	155131200	-3.8
32578	157809600	-7.8
32578	160488000	-8
32578	162907200	-4.8
32578	165585600	-2.1
32578	168177600	6.6
32578	170856000	11.3
32578	173448000	18.2
32578	176126400	14.3
32578	178804800	10.3
32578	181396800	4.5
32578	184075200	-2.4
32578	186667200	-2.8
32578	189345600	-4.9
32578	192024000	-2.3
32578	194529600	-3.2
32578	197208000	4.2
32578	199800000	10.5
32578	202478400	12.1
32578	205070400	17.6
32578	207748800	15.9
32578	210427200	11.9
32578	213019200	4.8
32578	215697600	-0.9
32578	218289600	-3.3
32578	220968000	-9
32578	223646400	-0.9
32578	226065600	-2.3
32578	228744000	5.9
32578	231336000	8
32578	234014400	15.1
32578	236606400	16.2
32578	239284800	14.6
32578	241963200	10.3
32578	244555200	5.8
32578	247233600	-2.7
32578	249825600	-6.6
32578	252504000	-9.3
32578	255182400	-6.6
32578	257601600	-0.2
32578	260280000	3.9
32578	262872000	7.3
32578	265550400	12.7
32578	268142400	15.7
32578	270820800	14.8
32578	273499200	11.3
32578	276091200	6.1
32578	278769600	-6
32578	281361600	-10.8
32578	284040000	-15.4
32578	286718400	-6.6
32578	289137600	-1.5
32578	291816000	2.6
32578	294408000	7.9
32578	297086400	13.4
32578	299678400	17
32578	302356800	16.4
32578	305035200	13.4
32578	307627200	6.7
32578	310305600	-3
32578	312897600	-2.2
32578	315576000	-11.3
32578	318254400	-4
32578	320760000	-2.7
32578	323438400	6
32578	326030400	9.2
32578	328708800	12.5
32578	331300800	16.7
32578	333979200	13.9
32578	336657600	11.4
32578	339249600	5.7
32578	341928000	0.2
32578	344520000	-2.3
32578	347198400	-2
32578	349876800	-3.3
32578	352296000	1
32578	354974400	4.8
32578	357566400	8.1
32578	360244800	11.5
32578	362836800	16.3
32578	365515200	17.2
32578	368193600	12.2
32578	370785600	3.9
32578	373464000	1.5
32578	376056000	-4.7
32578	378734400	-9.7
32578	381412800	-6.2
32578	383832000	-2
32578	386510400	0.9
32578	389102400	6.7
32578	391780800	12.1
32578	394372800	15.5
32578	397051200	16.5
32578	399729600	9.6
32578	402321600	4.8
32578	4.05e+08	-3.5
32578	407592000	-6.5
32578	410270400	-2.4
32578	412948800	-0.7
32578	415368000	1.7
32578	418046400	2.9
32578	420638400	8.4
32578	423316800	13.6
32578	425908800	16.5
32578	428587200	19.4
32578	431265600	10
32578	433857600	6.5
32578	436536000	-0.4
32578	439128000	-15.6
32578	441806400	-4.8
32578	444484800	-2.6
32578	446990400	-0.9
32578	449668800	2.8
32578	452260800	7.6
32578	454939200	11
32578	457531200	17.2
32578	460209600	18.1
32578	462888000	8
32578	465480000	2.2
32578	468158400	-0.6
32578	470750400	-8.9
32578	473428800	-9.5
32578	476107200	-7.7
32578	478526400	-2.3
32578	481204800	5.6
32578	483796800	10.7
32578	486475200	13.8
32578	489067200	19.3
32578	491745600	14.1
32578	494424000	7.3
32578	497016000	3.8
32578	499694400	-11.2
32578	502286400	-6.2
32578	504964800	-2.1
32578	507643200	-5.5
32578	510062400	4.1
32578	512740800	3.6
32578	515332800	8.7
32578	518011200	15.9
32578	520603200	14.7
32578	523281600	14.9
32578	525960000	7.4
32578	528552000	5.6
32578	531230400	-3.7
32578	533822400	-4.5
32578	536500800	-5.1
32578	539179200	-2
32578	541598400	0.2
32578	544276800	7
32578	546868800	10.8
32578	549547200	14.6
32578	552139200	15.7
32578	554817600	13.6
32578	557496000	12.4
32578	560088000	5.8
32578	562766400	0.4
32578	565358400	-5.4
32578	568036800	-8.6
32578	570715200	-4.1
32578	573220800	-0.3
32578	575899200	6
32578	578491200	10.2
32578	581169600	17.3
32578	583761600	18.4
32578	586440000	17.5
32578	589118400	11.5
32578	591710400	8.2
32578	594388800	-1.3
32578	596980800	-4.7
32578	599659200	-5.7
32578	602337600	-13.8
32578	604756800	-3.6
32578	607435200	4.1
32578	610027200	7.9
32578	612705600	13.6
32578	615297600	19.6
32578	617976000	15.4
32578	620654400	10.9
32578	623246400	5.4
32578	625924800	0.2
32578	628516800	-6.4
32578	631195200	-4.5
32578	633873600	-4.7
32578	636292800	-0.9
32578	638971200	4.6
32578	641563200	7.5
32578	644241600	13.2
32578	646833600	17.6
32578	649512000	17.8
32578	652190400	14.3
32578	654782400	5.8
32578	657460800	1.4
32578	660052800	-11
32578	662731200	-7.8
32578	665409600	1
32578	667828800	-1.1
32578	670507200	2.7
32578	673099200	8.1
32578	675777600	12.9
32578	678369600	18.1
32578	681048000	19.1
32578	683726400	11.7
32578	686318400	4
32578	688996800	-3.4
32578	691588800	-2.2
32578	694267200	-3
32578	696945600	0.1
32578	699451200	3.7
32578	702129600	5.2
32578	704721600	10.4
32578	707400000	14.5
32578	709992000	14.2
32578	712670400	15
32578	715348800	10.7
32578	717940800	5.8
32578	720619200	-2.1
32578	723211200	-10.7
32578	725889600	-10.4
32578	728568000	-11.7
32578	730987200	-0.3
32578	733665600	3.9
32578	736257600	11.3
32578	738936000	11.8
32578	741528000	12.2
32578	744206400	14
32578	746884800	9.8
32578	749476800	5.1
32578	752155200	-5.1
32578	754747200	-2.8
32578	757425600	-3
32578	760104000	-8.5
32578	762523200	1.4
32578	765201600	4.6
32578	767793600	10.4
32578	770472000	13.7
32578	773064000	16.8
32578	775742400	17.8
32578	778420800	13.4
32578	781012800	4.5
32578	783691200	-3.6
32578	786283200	-4.1
32578	788961600	-4.2
32578	791640000	-3.7
32578	794059200	-2
32578	796737600	2.2
32578	799329600	7.1
32578	802008000	12.3
32578	804600000	16.2
32578	807278400	16.4
32578	809956800	10.6
32578	812548800	4.1
32578	815227200	0.3
32578	817819200	-4.3
32578	820497600	-10.4
32578	823176000	-5.6
32578	825681600	-3.7
32578	828360000	4.5
32578	830952000	5.8
32578	833630400	14.1
32578	836222400	17.2
32578	838900800	17.3
32578	841579200	10.4
32578	844171200	4.2
32578	846849600	-4
32578	849441600	-9
32578	852120000	-9.2
32578	854798400	-4.5
32578	857217600	-0.3
32578	859896000	0.4
32578	862488000	9.5
32578	865166400	13.6
32578	867758400	15.9
32578	870436800	15.7
32578	873115200	13.3
32578	875707200	5.4
32578	878385600	-1.6
32578	880977600	-4.4
32578	883656000	-6.4
32578	886334400	-2.7
32578	888753600	-0.9
32578	891432000	5
32578	894024000	10.1
32578	896702400	10.4
32578	899294400	18.7
32578	901972800	18.1
32578	904651200	14.5
32578	907243200	5.7
32578	909921600	0.1
32578	912513600	-6.2
32578	915192000	-4.3
32578	917870400	-2
32578	920289600	1.1
32578	922968000	2.5
32578	925560000	7.7
32578	928238400	12.6
32578	930830400	16.8
32578	933508800	18.6
32578	936187200	9.9
32578	938779200	6.5
32578	941457600	3.9
32578	944049600	-3.5
32578	946728000	-4.9
32578	949406400	-2.5
32578	951912000	0.8
32578	954590400	5.3
32578	957182400	9.5
32578	959860800	13.4
32578	962452800	19.4
32578	965131200	18
32578	967809600	11.6
32578	970401600	5
32578	973080000	-7.1
32578	975672000	-8.4
32578	978350400	-5.4
32578	981028800	-8.2
32578	983448000	-0.3
32578	986126400	3.2
32578	988718400	10.8
32578	991396800	14.1
32578	993988800	18
32578	996667200	19.5
32578	999345600	13.9
32578	1001937600	5.5
32578	1004616000	2.2
32578	1007208000	-6.5
32578	1009886400	-5.4
32578	1012564800	-4.4
32578	1014984000	-6.6
32578	1017662400	2
32578	1020254400	7.8
32578	1022932800	13.6
32578	1025524800	18.9
32578	1028203200	15.1
32578	1030881600	11.9
32578	1033473600	1.5
32578	1036152000	-1
32578	1038744000	-4
32578	1041422400	-2.8
32578	1044100800	-6.6
32578	1046520000	-1.5
32578	1049198400	5.2
32578	1051790400	8.8
32578	1054468800	13.4
32578	1057060800	20.6
32578	1059739200	20.2
32578	1062417600	11.5
32578	1065009600	8.1
32578	1067688000	-5.4
32578	1070280000	-4
32578	1072958400	-7.6
32578	1075636800	-4
32578	1078142400	2.8
32578	1080820800	4.9
32578	1083412800	7.5
32578	1086091200	11.8
32578	1088683200	17.6
32578	1091361600	15.7
32578	1094040000	10.3
32578	1096632000	4.6
32578	1099310400	-0.5
32578	1101902400	-2.6
32578	1104580800	-8
32578	1107259200	-2.1
32578	1109678400	-0.5
32578	1112356800	4.2
32578	1114948800	8.2
32578	1117627200	12.5
32578	1120219200	18
32578	1122897600	16.4
32578	1125576000	12
32578	1128168000	6.9
32578	1130846400	-0.4
32578	1133438400	-7.1
32578	1136116800	-1.1
32578	1138795200	-5
32578	1141214400	-0.8
32578	1143892800	5.8
32578	1146484800	10.1
32578	1149163200	14.4
32578	1151755200	20
32578	1154433600	16.9
32578	1157112000	11.2
32578	1159704000	4
32578	1162382400	-2.3
32578	1164974400	-3.8
32578	1167652800	-5.9
32578	1170331200	-5
32578	1172750400	3.4
32578	1175428800	4
32578	1178020800	9.9
32578	1180699200	15.2
32578	1183291200	21.9
32578	1185969600	17.5
32578	1188648000	11
32578	1191240000	6.1
32578	1193918400	-1.5
32578	1196510400	-6.1
32578	1199188800	-8.3
32578	1201867200	-3.9
32578	1204372800	-2.1
32578	1207051200	0.9
32578	1209643200	7.6
32578	1212321600	12.4
32578	1214913600	17.5
32578	1217592000	17.7
32578	1220270400	10.1
32578	1222862400	5.1
32578	1225540800	1.5
32578	1228132800	-10.8
32578	1230811200	-5.7
32578	1233489600	-3.4
32578	1235908800	-2.9
32578	1238587200	2
32578	1241179200	8.7
32578	1243857600	11.9
32578	1246449600	16.3
32578	1249128000	15.9
32578	1251806400	14.8
32578	1254398400	1.4
32578	1257076800	0.1
32578	1259668800	-10.3
32578	1262347200	-6.6
32578	1265025600	-4.8
32578	1267444800	2
32578	1270123200	3.5
32578	1272715200	5.6
32578	1275393600	11.6
32578	1277985600	16.3
32578	1280664000	15.9
32578	1283342400	11.5
32578	1285934400	7.8
32578	1288612800	-4
32578	1291204800	-7
32578	1293883200	-5.7
32578	1296561600	-9.7
32578	1298980800	-0.5
32578	1301659200	0.9
32578	1304251200	6.9
32578	1306929600	11.6
32578	1309521600	18.1
32578	1312200000	17.5
32578	1314878400	13.1
32578	1317470400	6.7
32578	1320148800	-1.8
32578	1322740800	-4.5
32578	1325419200	-3.9
32578	1328097600	-4.9
32578	1330603200	3.2
32578	1333281600	5.7
32578	1335873600	7.5
32578	1338552000	14.1
32578	1341144000	19.4
32578	1343822400	17.7
32578	1346500800	12.9
32578	1349092800	3.8
32578	1351771200	1.1
32578	1354363200	-5.7
32578	1357041600	-6
32578	1359720000	-3.9
32578	1362139200	-0.4
32578	1364817600	0.8
32578	1367409600	9.1
32578	1370088000	13.7
32578	1372680000	18.8
32578	1375358400	18.5
32578	1378036800	13.2
32578	1380628800	3.3
32578	1383307200	-0.6
32578	1385899200	-8.3
32578	1388577600	-4.4
32578	1391256000	-12
32578	1393675200	-2.8
32579	-1935489600	14.6
32579	-1932897600	5
32579	-1930219200	1.4
32579	-1927627200	-6.6
32579	-1924948800	-14.4
32579	-1922270400	-11
32579	-1919851200	-0.7
32579	-1917172800	1.8
32579	-1914580800	11.3
32579	-1911902400	16.2
32579	-1909310400	19.2
32579	-1906632000	19.6
32579	-1903953600	16.2
32579	-1901361600	6.5
32579	-1898683200	-4.6
32579	-1896091200	-11.9
32579	-1893412800	-6.2
32579	-1890734400	-12.4
32579	-1888315200	6.2
32579	-1885636800	11.5
32579	-1883044800	13
32579	-1880366400	17.8
32579	-1877774400	20.4
32579	-1875096000	15.6
32579	-1872417600	12.2
32579	-1869825600	9.4
32580	610027200	10.8
32580	612705600	16.1
32580	615297600	19.3
32580	617976000	17.3
32581	-2088072000	-4.6
32581	-2085480000	-0.3
32581	-2082801600	-6
32581	-2080123200	-14.9
32581	-2077617600	-8.1
32581	-2074939200	7.5
32581	-2072347200	8.3
32581	-2069668800	12
32581	-2067076800	17.8
32581	-2064398400	16.1
32581	-2061720000	11.6
32581	-2059128000	6.7
32581	-2056449600	5.2
32581	-2053857600	-3.9
32581	-2051179200	-10.3
32581	-2048500800	-8.9
32581	-2046081600	3.3
32581	-2043403200	5.8
32581	-2040811200	9.4
32581	-2038132800	12.9
32581	-2035540800	18.3
32581	-2032862400	18.7
32581	-2030184000	13.7
32581	-2027592000	4.5
32581	-2024913600	1.7
32581	-2022321600	-2.8
32581	-2019643200	-7.3
32581	-2016964800	-3.9
32581	-2014545600	-5
32581	-2011867200	7.3
32581	-2009275200	7.2
32581	-2006596800	12.7
32581	-2004004800	18.8
32581	-2001326400	16.5
32581	-1998648000	12.9
32581	-1996056000	7.5
32581	-1993377600	-1.7
32581	-1990785600	-9.5
32581	-1988107200	-19.9
32581	-1985428800	-5.4
32581	-1983009600	-3.2
32581	-1980331200	3.6
32581	-1977739200	7.8
32581	-1975060800	13
32581	-1972468800	17.1
32581	-1969790400	14.8
32581	-1967112000	9.4
32581	-1964520000	10.2
32581	-1961841600	3.2
32581	-1959249600	-2
32581	-1956571200	-3
32581	-1953892800	-6.2
32581	-1951387200	-5
32581	-1948708800	6.7
32581	-1946116800	9.8
32581	-1943438400	13
32581	-1940846400	18.7
32581	-1938168000	16.3
32581	-1935489600	13.2
32581	-1932897600	4.7
32581	-1930219200	2
32581	-1927627200	-4.8
32581	-1924948800	-13.7
32581	-1922270400	-6.7
32581	-1919851200	-1.2
32581	-1917172800	1.3
32581	-1914580800	8.6
32581	-1911902400	14.8
32581	-1909310400	16.6
32581	-1906632000	17.2
32581	-1903953600	14.7
32581	-1901361600	7.1
32581	-1898683200	-4
32581	-1896091200	-9.5
32581	-1893412800	-3.8
32581	-1890734400	-12.1
32581	-1888315200	5.7
32581	-1885636800	10.4
32581	-1883044800	11.5
32581	-1880366400	16.3
32581	-1877774400	20.2
32581	-1875096000	15.3
32581	-1872417600	11.3
32581	-1869825600	8.8
32581	-1867147200	0
32581	-1864555200	-2.1
32581	-1861876800	-16
32581	-1859198400	-6.2
32581	-1856779200	2.3
32581	-1854100800	3.4
32581	-1851508800	8.4
32581	-1848830400	16.6
32581	-1846238400	16.2
32581	-1843560000	14
32581	-1840881600	9.7
32581	-1838289600	6.6
32581	-1835611200	-6
32581	-1833019200	-4.4
32581	-1830340800	-7.8
32581	-1827662400	-1.8
32581	-1825156800	-5.3
32581	-1822478400	7
32581	-1819886400	11.2
32581	-1817208000	17.7
32581	-1814616000	15.5
32581	-1811937600	15.7
32581	-1809259200	9.3
32581	-1806667200	6
32581	-1803988800	2.5
32581	-1801396800	-1.2
32581	-1798718400	-11.7
32581	-1796040000	-9.2
32581	-1793620800	-5.9
32581	-1790942400	6.9
32581	-1788350400	9.4
32581	-1785672000	16.3
32581	-1783080000	16.9
32581	-1780401600	17.6
32581	-1777723200	13.7
32581	-1775131200	4.9
32581	-1772452800	2.9
32581	-1769860800	-0.8
32581	-1767182400	-6.2
32581	-1764504000	-11
32581	-1762084800	-1.1
32581	-1759406400	6
32581	-1756814400	11
32581	-1754136000	15
32581	-1751544000	19.7
32581	-1748865600	16.3
32581	-1746187200	11.6
32581	-1743595200	6
32581	-1740916800	1.6
32581	-1738324800	-12.4
32581	-1735646400	-7
32581	-1732968000	-8.3
32581	-1730548800	-0.3
32581	-1727870400	9.9
32581	-1725278400	10.7
32581	-1722600000	12.8
32581	-1720008000	16
32581	-1717329600	19.5
32581	-1714651200	9.5
32581	-1712059200	8.6
32581	-1709380800	-0.8
32581	-1706788800	-3.4
32581	-1704110400	-23.8
32581	-1701432000	-7.8
32581	-1698926400	0.1
32581	-1696248000	6.4
32581	-1693656000	8
32581	-1690977600	14.2
32581	-1688385600	18
32581	-1685707200	16.8
32581	-1683028800	11.9
32581	-1680436800	5.6
32581	-1677758400	-0.4
32581	-1675166400	-11.1
32581	-1672488000	-9.1
32581	-1669809600	-11.7
32581	-1667390400	-3
32581	-1664712000	3
32581	-1662120000	9.6
32581	-1659441600	13.7
32581	-1656849600	20.1
32581	-1654171200	15
32581	-1651492800	11.8
32581	-1648900800	5.9
32581	-1646222400	7.2
32581	-1643630400	-13
32581	-1640952000	-9.2
32581	-1638273600	-7.6
32581	-1635854400	1
32581	-1633176000	6.3
32581	-1630584000	10.2
32581	-1627905600	17
32581	-1625313600	18.6
32581	-1622635200	17.9
32581	-1619956800	13.6
32581	-1617364800	10.4
32581	-1614686400	1.2
32581	-1612094400	-1.2
32581	-1609416000	1.8
32581	-1606737600	-9.2
32581	-1604318400	-6.3
32581	-1601640000	7.9
32581	-1599048000	12
32581	-1596369600	17.6
32581	-1593777600	20.2
32581	-1591099200	19.2
32581	-1588420800	12.8
32581	-1585828800	1.6
32581	-1583150400	-4.2
32581	-1580558400	-6.7
32581	-1577880000	-7.5
32581	-1575201600	-3.1
32581	-1572696000	-1.9
32581	-1570017600	0.1
32581	-1567425600	8.6
32581	-1564747200	14.2
32581	-1562155200	20.9
32581	-1559476800	19.4
32581	-1556798400	14.4
32581	-1554206400	7.3
32581	-1551528000	0.4
32581	-1548936000	-4.7
32581	-1546257600	-4.6
32581	-1543579200	-3.4
32581	-1541160000	-3.1
32581	-1538481600	5.9
32581	-1535889600	10.8
32581	-1533211200	18
32581	-1530619200	18.9
32581	-1527940800	17.8
32581	-1525262400	10
32581	-1522670400	11.5
32581	-1519992000	-4
32581	-1517400000	-4.7
32581	-1514721600	-8.4
32581	-1512043200	-15.1
32581	-1509624000	-2
32581	-1506945600	3.5
32581	-1504353600	11.5
32581	-1501675200	18
32581	-1499083200	18.1
32581	-1496404800	19.1
32581	-1493726400	15.3
32581	-1491134400	9.4
32581	-1488456000	0.7
32581	-1485864000	-12
32581	-1483185600	-5.6
32581	-1480507200	-8.1
32581	-1478088000	-0.3
32581	-1475409600	4.8
32581	-1472817600	11
32581	-1470139200	14.8
32581	-1467547200	18.9
32581	-1464868800	16.7
32581	-1462190400	13.7
32581	-1459598400	7.3
32581	-1456920000	4.8
32581	-1454328000	-2.4
32581	-1451649600	-10.9
32581	-1448971200	-0.4
32581	-1446465600	-1.4
32581	-1443787200	5.3
32581	-1441195200	12.2
32581	-1438516800	13.2
32581	-1435924800	18.6
32581	-1433246400	15.9
32581	-1430568000	13.4
32581	-1427976000	8.8
32581	-1425297600	-2.6
32581	-1422705600	-13.1
32581	-1420027200	-7.7
32581	-1417348800	-5.3
32581	-1414929600	-2
32581	-1412251200	7.4
32581	-1409659200	12.8
32581	-1406980800	16.1
32581	-1404388800	19.6
32581	-1401710400	18
32581	-1399032000	10.6
32581	-1396440000	1
32581	-1393761600	0.7
32581	-1391169600	1.5
32581	-1388491200	0.2
32581	-1385812800	0.6
32581	-1383393600	3.2
32581	-1380715200	7.3
32581	-1378123200	12.7
32581	-1375444800	15.5
32581	-1372852800	20.2
32581	-1370174400	16.1
32581	-1367496000	6.8
32581	-1364904000	9.5
32581	-1362225600	-1.7
32581	-1359633600	-7.3
32581	-1356955200	-7
32581	-1354276800	-6.5
32581	-1351857600	0.1
32581	-1349179200	4.6
32581	-1346587200	7.9
32581	-1343908800	14.8
32581	-1341316800	16.9
32581	-1338638400	17.1
32581	-1335960000	11.5
32581	-1333368000	9
32581	-1330689600	-7.3
32581	-1328097600	-13.7
32581	-1325419200	-5.1
32581	-1322740800	-2.3
32581	-1320235200	2.3
32581	-1317556800	4.3
32581	-1314964800	14.9
32581	-1312286400	13.4
32581	-1309694400	18.4
32581	-1307016000	16.6
32581	-1304337600	13.2
32581	-1301745600	5.2
32581	-1299067200	2
32581	-1296475200	-2.7
32581	-1293796800	-14.3
32581	-1291118400	-11.9
32581	-1288699200	2.3
32581	-1286020800	2.8
32581	-1283428800	10.8
32581	-1280750400	15.2
32581	-1278158400	19.3
32581	-1275480000	19.9
32581	-1272801600	10.5
32581	-1270209600	9.7
32581	-1267531200	-0.1
32581	-1264939200	-8.3
32581	-1262260800	-16.1
32581	-1259582400	0.7
32581	-1257163200	-0.6
32581	-1254484800	8.8
32581	-1251892800	9.9
32581	-1249214400	15.6
32581	-1246622400	19.4
32581	-1243944000	19.7
32581	-1241265600	12.9
32581	-1238673600	4.7
32581	-1235995200	1.3
32581	-1233403200	1.2
32581	-1230724800	1.5
32581	-1228046400	1.4
32581	-1225627200	0
32581	-1222948800	6.9
32581	-1220356800	12.6
32581	-1217678400	16.3
32581	-1215086400	19
32581	-1212408000	19.3
32581	-1209729600	12.9
32581	-1207137600	8.9
32581	-1204459200	-2.4
32581	-1201867200	-2.5
32581	-1199188800	-7.9
32581	-1196510400	-6.4
32581	-1194004800	-6.1
32581	-1191326400	7.2
32581	-1188734400	11.5
32581	-1186056000	16.9
32581	-1183464000	19.8
32581	-1180785600	18.4
32581	-1178107200	13.8
32581	-1175515200	5.9
32581	-1172836800	0
32581	-1170244800	-6.4
32581	-1167566400	-4.3
32581	-1164888000	-6.6
32581	-1162468800	-0.6
32581	-1159790400	4.3
32581	-1157198400	10.9
32581	-1154520000	17.6
32581	-1151928000	20.5
32581	-1149249600	18.2
32581	-1146571200	11.6
32581	-1143979200	5.6
32581	-1141300800	3.3
32581	-1138708800	-11.8
32581	-1136030400	0
32581	-1133352000	-0.2
32581	-1130932800	0.3
32581	-1128254400	10
32581	-1125662400	14.8
32581	-1122984000	14.6
32581	-1120392000	19.2
32581	-1117713600	18.4
32581	-1115035200	9.7
32581	-1112443200	9
32581	-1109764800	3.4
32581	-1107172800	-5.2
32581	-1104494400	-10.3
32581	-1101816000	1.1
32581	-1099396800	-3.8
32581	-1096718400	1.9
32581	-1094126400	10.2
32581	-1091448000	15.7
32581	-1088856000	19.6
32581	-1086177600	17.5
32581	-1083499200	13.9
32581	-1080907200	5.7
32581	-1078228800	-2.8
32581	-1075636800	-0.9
32581	-1072958400	-10.3
32581	-1070280000	-23.7
32581	-1067774400	-1.6
32581	-1065096000	5.2
32581	-1062504000	15.6
32581	-1059825600	17.1
32581	-1057233600	22.5
32581	-1054555200	19.2
32581	-1051876800	13.4
32581	-1049284800	10
32581	-1046606400	3.7
32581	-1044014400	-7.5
32581	-1041336000	-17.8
32581	-1038657600	-10.5
32581	-1036238400	-1.4
32581	-1033560000	7.4
32581	-1030968000	12.2
32581	-1028289600	15.6
32581	-1025697600	20
32581	-1023019200	17.4
32581	-1020340800	13.1
32581	-1017748800	9.7
32581	-1015070400	-2.4
32581	-1012478400	-5.8
32581	-1009800000	-2.4
32581	-1007121600	-12.1
32581	-1004702400	0.2
32581	-1002024000	5.1
32581	-999432000	9.9
32581	-996753600	18.5
32581	-994161600	22.2
32581	-991483200	17.9
32581	-988804800	15.3
32581	-986212800	9.9
32581	-983534400	0.8
32581	-980942400	-2.8
32581	-978264000	-2.3
32581	-975585600	-12.7
32581	-973166400	-2
32581	-970488000	7.6
32581	-967896000	12.9
32581	-965217600	11.8
32581	-962625600	20.5
32581	-959947200	19.2
32581	-957268800	14.6
32581	-954676800	6.9
32581	-951998400	8.4
32581	-949406400	2.6
32581	-946728000	-9.3
32581	-944049600	-6.4
32581	-941544000	3.1
32581	-938865600	4.2
32581	-936273600	13.4
32581	-933595200	16.7
32581	-931003200	19.3
32581	-928324800	18.5
32581	-925646400	15
32581	-923054400	10.5
32581	-920376000	-3.7
32581	-917784000	0.7
32581	-915105600	-5.1
32581	-912427200	-2.8
32581	-910008000	1
32581	-907329600	7.9
32581	-904737600	11.8
32581	-902059200	16.8
32581	-899467200	21.3
32581	-896788800	18
32581	-894110400	10.3
32581	-891518400	8.9
32581	-888840000	3.8
32581	-886248000	-4
32581	-883569600	-0.6
32581	-880891200	-7.7
32581	-878472000	3.1
32581	-875793600	8
32581	-873201600	10.2
32581	-870523200	12.9
32581	-867931200	18.7
32581	-865252800	17.3
32581	-862574400	12.6
32581	-859982400	9.5
32581	-857304000	-2.5
32581	-854712000	-5.2
32581	-852033600	-17.6
32581	-849355200	1.3
32581	-846936000	-5.2
32581	-844257600	9.1
32581	-841665600	9.2
32581	-838987200	12.5
32581	-836395200	19.8
32581	-833716800	18.9
32581	-831038400	14.2
32581	-828446400	10
32581	-825768000	3.9
32581	-823176000	-0.3
32581	-820497600	-0.7
32581	-817819200	-4.3
32581	-815313600	-3.2
32581	-812635200	8.4
32581	-810043200	12.7
32581	-807364800	14.9
32581	-804772800	20
32581	-802094400	17.5
32581	-799416000	15
32581	-796824000	12.4
32581	-794145600	-0.8
32581	-791553600	-1.8
32581	-788875200	-4.9
32581	-786196800	-5.9
32581	-783777600	0.4
32581	-781099200	2
32581	-778507200	11
32581	-775828800	14.5
32581	-773236800	20
32581	-770558400	18.9
32581	-767880000	12.2
32581	-765288000	10.9
32581	-762609600	-6.8
32581	-760017600	-9
32581	-757339200	-2.9
32581	-754660800	-3.1
32581	-752241600	3.7
32581	-749563200	8
32581	-746971200	9.9
32581	-744292800	14.2
32581	-741700800	19.6
32581	-739022400	18.2
32581	-736344000	12.9
32581	-733752000	5.4
32581	-731073600	-6.7
32581	-728481600	-5.6
32581	-725803200	-6.1
32581	-723124800	-8.7
32581	-720705600	-5.5
32581	-718027200	7.4
32581	-715435200	12.2
32581	-712756800	15.1
32581	-710164800	20.8
32581	-707486400	17.4
32581	-704808000	12.8
32581	-702216000	9.9
32581	-699537600	-3.5
32581	-696945600	-1
32581	-694267200	-1.8
32581	-691588800	-10.8
32581	-689083200	-8.5
32581	-686404800	2.6
32581	-683812800	11.9
32581	-681134400	16.6
32581	-678542400	18.4
32581	-675864000	18.5
32581	-673185600	14.7
32581	-670593600	10.3
32581	-667915200	1.5
32581	-665323200	-8.2
32581	-662644800	-13.7
32581	-659966400	-13.5
32581	-657547200	-2.2
32581	-654868800	11.3
32581	-652276800	13.5
32581	-649598400	16
32581	-647006400	19.2
32581	-644328000	19.5
32581	-641649600	13.9
32581	-639057600	5
32581	-636379200	8.2
32581	-633787200	-10.2
32581	-631108800	-25.3
32581	-628430400	-1.9
32581	-626011200	-3
32581	-623332800	5.6
32581	-620740800	10.8
32581	-618062400	16.3
32581	-615470400	19.5
32581	-612792000	17.4
32581	-610113600	13.5
32581	-607521600	7.3
32581	-604843200	-1.8
32581	-602251200	-2.5
32581	-599572800	-9.5
32581	-596894400	-8.1
32581	-594475200	-8.5
32581	-591796800	4.5
32581	-589204800	12.1
32581	-586526400	12.4
32581	-583934400	18.6
32581	-581256000	15.3
32581	-578577600	10.2
32581	-575985600	4.7
32581	-573307200	0.9
32581	-570715200	-9.4
32581	-568036800	-11.7
32581	-565358400	-2.5
32581	-562852800	-3.6
32581	-560174400	9.5
32581	-557582400	11.3
32581	-554904000	13.9
32581	-552312000	16.9
32581	-549633600	16.7
32581	-546955200	14.6
32581	-544363200	9.7
32581	-541684800	1.2
32581	-539092800	0.2
32581	-536414400	-5.8
32581	-533736000	-2.5
32581	-531316800	0.1
32581	-528638400	1.9
32581	-526046400	10.3
32581	-523368000	13.8
32581	-520776000	18.1
32581	-518097600	17.9
32581	-515419200	13.5
32581	-512827200	10.7
32581	-510148800	5.1
32581	-507556800	-0.6
32581	-504878400	-16.6
32581	-502200000	1.8
32581	-499780800	-5.4
32581	-497102400	-0.4
32581	-494510400	10.5
32581	-491832000	12.8
32581	-489240000	18.4
32581	-486561600	15.9
32581	-483883200	11
32581	-481291200	7.1
32581	-478612800	6.4
32581	-476020800	0.7
32581	-473342400	-5.1
32581	-470664000	-8
32581	-468244800	-7.1
32581	-465566400	3.9
32581	-462974400	8
32581	-460296000	15.1
32581	-457704000	17.8
32581	-455025600	17.9
32581	-452347200	11.2
32581	-449755200	7.3
32581	-447076800	-10.6
32581	-444484800	-9.7
32581	-441806400	-11
32581	-439128000	-9.6
32581	-436622400	-1.4
32581	-433944000	4
32581	-431352000	11.3
32581	-428673600	15.5
32581	-426081600	18.3
32581	-423403200	16.8
32581	-420724800	12.1
32581	-418132800	6.6
32581	-415454400	3.2
32581	-412862400	-4.6
32581	-410184000	-14.5
32581	-407505600	-6.6
32581	-405086400	0.4
32581	-402408000	4.8
32581	-399816000	12.7
32581	-397137600	15
32581	-394545600	18.9
32581	-391867200	15.8
32581	-389188800	13.6
32581	-386596800	2.5
32581	-383918400	1.3
32581	-381326400	0.7
32581	-378648000	0.9
32581	-375969600	-7.9
32581	-373550400	-5.7
32581	-370872000	5.1
32581	-368280000	14.7
32581	-365601600	14.8
32581	-363009600	17.3
32581	-360331200	19.5
32581	-357652800	12.5
32581	-355060800	9
32581	-352382400	-0.9
32581	-349790400	-3.1
32581	-347112000	-10.4
32581	-344433600	-10.1
32581	-342014400	1.9
32581	-339336000	5.1
32581	-336744000	8.5
32581	-334065600	15.5
32581	-331473600	19.3
32581	-328795200	15.9
32581	-326116800	10.3
32581	-323524800	5.4
32581	-320846400	-2.4
32581	-318254400	1
32581	-315576000	-8
32581	-312897600	-5.3
32581	-310392000	-2.9
32581	-307713600	5.2
32581	-305121600	9.9
32581	-302443200	15.3
32581	-299851200	21.1
32581	-297172800	16.8
32581	-294494400	13.3
32581	-291902400	8.8
32581	-289224000	-0.1
32581	-286632000	-3.4
32581	-283953600	-1.6
32581	-281275200	-0.9
32581	-278856000	1.6
32581	-276177600	3.6
32581	-273585600	11.2
32581	-270907200	19.5
32581	-268315200	19
32581	-265636800	19.8
32581	-262958400	9.3
32581	-260366400	7
32581	-257688000	-2.2
32581	-255096000	-8.2
32581	-252417600	-7.3
32581	-249739200	-8.9
32581	-247320000	-5.3
32581	-244641600	8.4
32581	-242049600	10.1
32581	-239371200	15.9
32581	-236779200	17.5
32581	-234100800	17.5
32581	-231422400	12.2
32581	-228830400	8.8
32581	-226152000	3.6
32581	-223560000	-3
32581	-220881600	-11.1
32581	-218203200	0.2
32581	-215784000	2.4
32581	-213105600	5.8
32581	-210513600	10.5
32581	-207835200	15.5
32581	-205243200	18.1
32581	-202564800	17.8
32581	-199886400	15.8
32581	-197294400	10.3
32581	-194616000	0.4
32581	-192024000	-6.1
32581	-189345600	-3.4
32581	-186667200	1.1
32581	-184161600	-3.7
32581	-181483200	4.6
32581	-178891200	10.6
32581	-176212800	14.9
32581	-173620800	19
32581	-170942400	15.6
32581	-168264000	9.8
32581	-165672000	9.9
32581	-162993600	-1.7
32581	-160401600	-15.3
32581	-157723200	-9.6
32581	-155044800	-5.3
32581	-152625600	-6.4
32581	-149947200	5.5
32581	-147355200	10
32581	-144676800	13.7
32581	-142084800	18.7
32581	-139406400	17.7
32581	-136728000	6.2
32581	-134136000	11.1
32581	-131457600	-3.3
32581	-128865600	-5.1
32581	-126187200	-14.2
32581	-123508800	-5
32581	-121089600	1.8
32581	-118411200	3.6
32581	-115819200	11.8
32581	-113140800	13.6
32581	-110548800	17.5
32581	-107870400	15.5
32581	-105192000	14.7
32581	-102600000	6.9
32581	-99921600	-5
32581	-97329600	-4.2
32581	-94651200	-6.8
32581	-91972800	-2.6
32581	-89553600	-3.9
32581	-86875200	0.4
32581	-84283200	9
32581	-81604800	14.1
32581	-79012800	19.3
32581	-76334400	19.3
32581	-73656000	16.4
32581	-71064000	8.2
32581	-68385600	0.8
32581	-65793600	-5.3
32581	-63115200	-9.3
32581	-60436800	-1.9
32581	-57931200	4.5
32581	-55252800	3.6
32581	-52660800	9.5
32581	-49982400	14.3
32581	-47390400	17.6
32581	-44712000	15.2
32581	-42033600	12.3
32581	-39441600	7.1
32581	-36763200	1.5
32581	-34171200	-11.7
32581	-31492800	-22.6
32581	-28814400	-8.7
32581	-26395200	-2.7
32581	-23716800	8.7
32581	-21124800	12.1
32581	-18446400	14.6
32581	-15854400	17.2
32581	-13176000	17.7
32581	-10497600	12.7
32581	-7905600	3.7
32581	-5227200	4.1
32581	-2635200	-1.9
32581	43200	-11.5
32581	2721600	-1.2
32581	5140800	-2.1
32581	7819200	3.6
32581	10411200	11.7
32581	13089600	17.8
32581	15681600	19.9
32581	18360000	18.5
32581	21038400	11
32581	23630400	6.3
32581	26308800	-3.5
32581	28900800	-8
32581	31579200	-12
32581	34257600	-1.5
32581	36676800	-1.9
32581	39355200	6.6
32581	41947200	12
32581	44625600	14.7
32581	47217600	17.8
32581	49896000	21.4
32581	52574400	10.3
32581	55166400	5.9
32581	57844800	-0.6
32581	60436800	-11.3
32581	63115200	-13.4
32581	65793600	-9.3
32581	68299200	-0.3
32581	70977600	3.8
32581	73569600	10.7
32581	76248000	16.4
32581	78840000	15.8
32581	81518400	18.8
32581	84196800	8.5
32581	86788800	4.4
32581	89467200	0.6
32581	92059200	-8.2
32581	94737600	-3.5
32581	97416000	-4.2
32581	99835200	3.3
32581	102513600	4.3
32581	105105600	12
32581	107784000	15.1
32581	110376000	18.7
32581	113054400	18.1
32581	115732800	12.8
32581	118324800	7.4
32581	121003200	-7
32581	123595200	-3
32581	126273600	-9.3
32581	128952000	-1.5
32581	131371200	-1.9
32581	134049600	7.4
32581	136641600	8.9
32581	139320000	17.2
32581	141912000	18.3
32581	144590400	15
32581	147268800	12.1
32581	149860800	10.1
32581	152539200	2.3
32581	155131200	-0.5
32581	157809600	-6.7
32581	160488000	-11.5
32581	162907200	-3.4
32581	165585600	0.5
32581	168177600	9.9
32581	170856000	14
32581	173448000	20.2
32581	176126400	15.2
32581	178804800	13.3
32581	181396800	6.1
32581	184075200	-1.1
32581	186667200	-2.7
32581	189345600	-3.7
32581	192024000	-1.7
32581	194529600	-1.1
32581	197208000	7.5
32581	199800000	12.5
32581	202478400	12.9
32581	205070400	18.1
32581	207748800	17.4
32581	210427200	14.8
32581	213019200	6.2
32581	215697600	1.2
32581	218289600	-1.2
32581	220968000	-7.6
32581	223646400	4.4
32581	226065600	0.7
32581	228744000	8.8
32581	231336000	10.9
32581	234014400	16.6
32581	236606400	17.5
32581	239284800	14.4
32581	241963200	11
32581	244555200	7.4
32581	247233600	-2.6
32581	249825600	-10.5
32581	252504000	-14.3
32581	255182400	-9.7
32581	257601600	0.1
32581	260280000	5.1
32581	262872000	9.9
32581	265550400	16.1
32581	268142400	17.7
32581	270820800	16.1
32581	273499200	13.2
32581	276091200	8.7
32581	278769600	-4.9
32581	281361600	-8.5
32581	284040000	-14.3
32581	286718400	-12.5
32581	289137600	1.7
32581	291816000	3.7
32581	294408000	9.7
32581	297086400	15.6
32581	299678400	18.4
32581	302356800	17.9
32581	305035200	14.9
32581	307627200	8.5
32581	310305600	0.3
32581	312897600	0.1
32581	315576000	-11.2
32581	318254400	-5.1
32581	320760000	-1.1
32581	323438400	9.4
32581	326030400	12.6
32581	328708800	15.3
32581	331300800	18.2
32581	333979200	14.7
32581	336657600	12.6
32581	339249600	9.1
32581	341928000	3.2
32581	344520000	-7.1
32581	347198400	0.2
32581	349876800	-1.8
32581	352296000	3.2
32581	354974400	7.2
32581	357566400	11.5
32581	360244800	13.7
32581	362836800	17.7
32581	365515200	19.1
32581	368193600	14
32581	370785600	6.2
32581	373464000	3.9
32581	376056000	-6.3
32581	378734400	-17.1
32581	381412800	-8.5
32581	383832000	-3.2
32581	386510400	2.7
32581	389102400	10
32581	391780800	15.7
32581	394372800	17.8
32581	397051200	17
32581	399729600	12.4
32581	402321600	7.8
32581	4.05e+08	-2.8
32581	407592000	-3.9
32581	410270400	-1.5
32581	412948800	0.9
32581	415368000	0.3
32581	418046400	5.6
32581	420638400	11
32581	423316800	15
32581	425908800	17.5
32581	428587200	19.9
32581	431265600	11
32581	433857600	8.3
32581	436536000	-0.2
32581	439128000	-16.6
32581	441806400	-2
32581	444484800	2.8
32581	446990400	0.5
32581	449668800	6.3
32581	452260800	9.7
32581	454939200	14.7
32581	457531200	19
32581	460209600	19
32581	462888000	9.1
32581	465480000	3.6
32581	468158400	-1.1
32581	470750400	-12.1
32581	473428800	-5.9
32581	476107200	-7.2
32581	478526400	1.3
32581	481204800	7.2
32581	483796800	12.5
32581	486475200	14.2
32581	489067200	19.9
32581	491745600	16
32581	494424000	7.8
32581	497016000	5.7
32581	499694400	-12.6
32581	502286400	-3.8
32581	504964800	1.8
32581	507643200	-7.9
32581	510062400	6
32581	512740800	6
32581	515332800	11.9
32581	518011200	16.9
32581	520603200	16.2
32581	523281600	17.7
32581	525960000	8.6
32581	528552000	8.7
32581	531230400	-3.5
32581	533822400	-1.6
32581	536500800	-1.3
32581	539179200	0.8
32581	541598400	0.3
32581	544276800	9.3
32581	546868800	12.8
32581	549547200	17.3
32581	552139200	17.3
32581	554817600	14.6
32581	557496000	14.2
32581	560088000	8
32581	562766400	4
32581	565358400	-2.3
32581	568036800	-6.5
32581	570715200	-3
32581	573220800	2.7
32582	-2343124800	7.7
32582	-2340446400	-1.9
32582	-2337854400	-4.2
32582	-2335176000	-10.3
32583	-1359633600	-6.9
32583	-1356955200	-8.2
32583	-1354276800	-4.3
32584	-2243160000	-7.5
32584	-2240481600	-4.4
32584	-2237803200	-8.9
32584	-2235384000	-3.1
32584	-2232705600	3.4
32584	-2230113600	6.2
32584	-2227435200	12.5
32584	-2224843200	15.7
32584	-2222164800	12.9
32584	-2219486400	11.2
32584	-2216894400	3.8
32584	-2214216000	2.7
32584	-2211624000	-4.5
32584	-2208945600	-2.1
32584	-2206267200	-4.6
32584	-2203848000	0.7
32584	-2201169600	6.1
32584	-2198577600	12
32584	-2195899200	16.6
32584	-2193307200	15
32584	-2190628800	13.8
32584	-2187950400	9.9
32584	-2185358400	4.9
32584	-2182680000	-1.6
32584	-2180088000	-2.2
32584	-2177409600	-5.2
32584	-2174731200	-6.5
32584	-2172312000	0.1
32584	-2169633600	4.9
32584	-2167041600	12.2
32584	-2164363200	13
32584	-2161771200	20.6
32584	-2159092800	18.8
32584	-2156414400	8.8
32584	-2153822400	7.7
32584	-2151144000	1
32584	-2148552000	-4.9
32584	-2145873600	-8.3
32584	-2143195200	-1.9
32584	-2140776000	-2.1
32584	-2138097600	2.7
32584	-2135505600	9.8
32584	-2132827200	11.9
32584	-2130235200	14.4
32584	-2127556800	13.1
32584	-2124878400	9
32584	-2122286400	5.8
32584	-2119608000	-2.4
32584	-2117016000	-5.1
32584	-2114337600	-4.3
32584	-2111659200	-7.7
32584	-2109240000	-3.1
32584	-2106561600	2.2
32584	-2103969600	7.5
32584	-2101291200	13.2
32584	-2098699200	13.7
32584	-2096020800	15.2
32584	-2093342400	8.8
32584	-2090750400	7.7
32584	-2088072000	-2
32584	-2085480000	-4.2
32584	-2082801600	-5.2
32584	-2080123200	-3.7
32584	-2077617600	-2.5
32584	-2074939200	5.6
32584	-2072347200	9.6
32584	-2069668800	11.9
32584	-2067076800	14.9
32584	-2064398400	14.4
32584	-2061720000	10.4
32584	-2059128000	6.1
32584	-2056449600	2.6
32584	-2053857600	-3.8
32584	-2051179200	-6.1
32584	-2048500800	-7.8
32584	-2046081600	1.9
32584	-2043403200	4
32584	-2040811200	7.4
32584	-2038132800	11.6
32584	-2035540800	16
32584	-2032862400	16
32584	-2030184000	12.7
32584	-2027592000	2.9
32584	-2024913600	-0.4
32584	-2022321600	-5.2
32584	-2019643200	-4.4
32584	-2016964800	-2.1
32584	-2014545600	-4.9
32584	-2011867200	6.5
32584	-2009275200	8.9
32584	-2006596800	11.9
32584	-2004004800	17.9
32584	-2001326400	14.9
32584	-1998648000	11.6
32584	-1996056000	7.5
32584	-1993377600	-2.5
32584	-1990785600	-2.2
32584	-1988107200	-12.7
32584	-1985428800	-2.1
32584	-1983009600	-0.1
32584	-1980331200	4.1
32584	-1977739200	7.9
32584	-1975060800	11
32584	-1972468800	14.5
32584	-1969790400	12.5
32584	-1967112000	10.4
32584	-1964520000	7.2
32584	-1961841600	0.3
32584	-1959249600	-5.1
32584	-1956571200	-6.3
32584	-1953892800	-4.2
32584	-1951387200	0.4
32584	-1948708800	4.9
32584	-1946116800	7.4
32584	-1943438400	9.9
32584	-1940846400	16.3
32584	-1938168000	13.6
32584	-1935489600	10.3
32584	-1932897600	4.1
32584	-1930219200	0.3
32584	-1927627200	-7.4
32584	-1924948800	-7.8
32584	-1922270400	-4.1
32584	-1919851200	0
32584	-1917172800	2.5
32584	-1914580800	7.8
32584	-1911902400	15
32584	-1909310400	16.7
32584	-1906632000	14.4
32584	-1903953600	10.7
32584	-1901361600	8.3
32584	-1898683200	0.3
32584	-1896091200	-9.7
32584	-1893412800	-9.4
32584	-1890734400	-7.1
32584	-1888315200	3
32584	-1885636800	6.1
32584	-1883044800	8.8
32584	-1880366400	12.8
32584	-1877774400	18.1
32584	-1875096000	13
32584	-1872417600	10.2
32584	-1869825600	7.4
32584	-1867147200	1.3
32584	-1864555200	-2.9
32584	-1861876800	-6.6
32584	-1859198400	-5.3
32584	-1856779200	1.4
32584	-1854100800	4.6
32584	-1851508800	7.8
32584	-1848830400	13.4
32584	-1846238400	14.6
32584	-1843560000	12.9
32584	-1840881600	9.6
32584	-1838289600	6.3
32584	-1835611200	-2.5
32584	-1833019200	-4.8
32584	-1830340800	-4.8
32584	-1827662400	-1
32584	-1825156800	-7.6
32584	-1822478400	5.1
32584	-1819886400	8.9
32584	-1817208000	14.9
32584	-1814616000	13.8
32584	-1811937600	12.7
32584	-1809259200	7.9
32584	-1806667200	3.6
32584	-1803988800	0.4
32584	-1801396800	-6
32584	-1798718400	-6.5
32584	-1796040000	-8.1
32584	-1793620800	-5.1
32584	-1790942400	1
32584	-1788350400	8.3
32584	-1785672000	12.1
32584	-1783080000	12.9
32584	-1780401600	13.9
32584	-1777723200	9.8
32584	-1775131200	6.3
32584	-1772452800	0.7
32584	-1769860800	-5.2
32584	-1767182400	-2.7
32584	-1764504000	-5.2
32584	-1762084800	1.1
32584	-1759406400	6
32584	-1756814400	9.1
32584	-1754136000	12.7
32584	-1751544000	17.1
32584	-1748865600	14.3
32584	-1746187200	8.1
32584	-1743595200	7.2
32584	-1740916800	2.1
32584	-1738324800	-7.4
32584	-1735646400	-4.3
32584	-1732968000	-1.4
32584	-1730548800	-0.4
32584	-1727870400	5.8
32584	-1725278400	8.9
32584	-1722600000	8.7
32584	-1720008000	14
32584	-1717329600	14.9
32584	-1714651200	8
32584	-1712059200	5.7
32584	-1709380800	0.3
32584	-1706788800	-4.2
32584	-1704110400	-15.6
32584	-1701432000	-4.9
32584	-1698926400	2.5
32584	-1696248000	4.9
32584	-1693656000	5.8
32584	-1690977600	10.4
32584	-1688385600	14.7
32584	-1685707200	14.1
32584	-1683028800	8.3
32584	-1680436800	4.1
32584	-1677758400	-1.5
32584	-1675166400	-5.8
32584	-1672488000	-7.8
32584	-1669809600	-1.6
32584	-1667390400	-2.3
32584	-1664712000	2.9
32584	-1662120000	6.3
32584	-1659441600	12.1
32584	-1656849600	17
32584	-1654171200	14.9
32584	-1651492800	11.2
32584	-1648900800	5.1
32584	-1646222400	2.7
32584	-1643630400	-1.7
32584	-1640952000	-4.7
32584	-1638273600	-2.5
32584	-1635854400	2
32584	-1633176000	2.1
32584	-1630584000	6.8
32584	-1627905600	16
32584	-1625313600	14.3
32584	-1622635200	12.4
32584	-1619956800	7.9
32584	-1617364800	8.8
32584	-1614686400	-0.8
32584	-1612094400	-3.9
32584	-1609416000	-3.5
32584	-1606737600	-4.5
32584	-1604318400	-1
32584	-1601640000	1.3
32584	-1599048000	9.6
32584	-1596369600	15.9
32584	-1593777600	18.7
32584	-1591099200	16.8
32584	-1588420800	13.2
32584	-1585828800	2.9
32584	-1583150400	-3.3
32584	-1580558400	-8.9
32584	-1577880000	-4.9
32584	-1575201600	-3
32584	-1572696000	-2.6
32584	-1570017600	-0.5
32584	-1567425600	8.1
32584	-1564747200	12.9
32584	-1562155200	15.9
32584	-1559476800	14.8
32584	-1556798400	8.8
32584	-1554206400	3.6
32584	-1551528000	-2.3
32584	-1548936000	-3.8
32584	-1546257600	-3.4
32584	-1543579200	-1
32584	-1541160000	1.4
32584	-1538481600	2.7
32584	-1535889600	8.6
32584	-1533211200	14.2
32584	-1530619200	17.1
32584	-1527940800	15.6
32584	-1525262400	7.8
32584	-1522670400	8.8
32584	-1519992000	-0.4
32584	-1517400000	-6.7
32584	-1514721600	-8.2
32584	-1512043200	-7.3
32584	-1509624000	-1.6
32584	-1506945600	3.5
32584	-1504353600	7.5
32584	-1501675200	14.1
32584	-1499083200	15.1
32584	-1496404800	15.2
32584	-1493726400	11.7
32584	-1491134400	8.4
32584	-1488456000	-2.6
32584	-1485864000	-8.3
32584	-1483185600	-4.4
32584	-1480507200	-7.5
32584	-1478088000	-2.4
32584	-1475409600	2.8
32584	-1472817600	8.2
32584	-1470139200	11.7
32584	-1467547200	18.4
32584	-1464868800	15.2
32584	-1462190400	11.8
32584	-1459598400	3.9
32584	-1456920000	1.5
32584	-1454328000	-6.7
32584	-1451649600	-7.1
32584	-1448971200	-2.6
32584	-1446465600	-3.1
32584	-1443787200	3
32584	-1441195200	8.8
32584	-1438516800	11.4
32584	-1435924800	15.5
32584	-1433246400	14.9
32584	-1430568000	11
32584	-1427976000	5.2
32584	-1425297600	-1.5
32584	-1422705600	-10.6
32584	-1420027200	-3.5
32584	-1417348800	-0.2
32584	-1414929600	0.3
32584	-1412251200	5.5
32584	-1409659200	10.2
32584	-1406980800	12.1
32584	-1404388800	18
32584	-1401710400	14.9
32584	-1399032000	9.4
32584	-1396440000	2.3
32584	-1393761600	-0.6
32584	-1391169600	-1.8
32584	-1388491200	-5.8
32584	-1385812800	-2.9
32584	-1383393600	1.6
32584	-1380715200	6
32584	-1378123200	8.2
32584	-1375444800	12.1
32584	-1372852800	17.8
32584	-1370174400	15.7
32584	-1367496000	6.8
32584	-1364904000	5.2
32584	-1362225600	0.7
32584	-1359633600	-6.6
32584	-1356955200	-5.9
32584	-1354276800	-4.2
32584	-1351857600	-0.6
32584	-1349179200	3.2
32584	-1346587200	7.2
32584	-1343908800	13.4
32584	-1341316800	17.4
32584	-1338638400	15.2
32584	-1335960000	11.4
32584	-1333368000	6.5
32584	-1330689600	0.4
32584	-1328097600	-10.8
32584	-1325419200	-4.5
32584	-1322740800	-5.8
32584	-1320235200	0.7
32584	-1317556800	3
32584	-1314964800	11.9
32584	-1312286400	11.9
32584	-1309694400	17.4
32584	-1307016000	15.1
32584	-1304337600	11
32584	-1301745600	4.5
32584	-1299067200	-0.9
32584	-1296475200	-6.3
32584	-1293796800	-11
32584	-1291118400	-9.3
32584	-1288699200	-0.8
32584	-1286020800	2.3
32584	-1283428800	8.3
32584	-1280750400	12.4
32584	-1278158400	18.5
32584	-1275480000	19.2
32584	-1272801600	9.2
32584	-1270209600	6.8
32584	-1267531200	-2.8
32584	-1264939200	-1.8
32584	-1262260800	-16.8
32584	-1259582400	-0.1
32584	-1257163200	-1.7
32584	-1254484800	8.6
32584	-1251892800	8.9
32584	-1249214400	13.6
32584	-1246622400	19.3
32584	-1243944000	17.5
32584	-1241265600	11.8
32584	-1238673600	3.2
32584	-1235995200	-2.2
32584	-1233403200	-5.7
32584	-1230724800	-2.4
32584	-1228046400	-1.2
32584	-1225627200	1.7
32584	-1222948800	5.2
32584	-1220356800	9.6
32584	-1217678400	16
32584	-1215086400	18.5
32584	-1212408000	17.7
32584	-1209729600	11.9
32584	-1207137600	7.4
32584	-1204459200	-3.3
32584	-1201867200	-5.1
32584	-1199188800	-9.1
32584	-1196510400	-3.6
32584	-1194004800	-3.8
32584	-1191326400	5.8
32584	-1188734400	9.2
32584	-1186056000	14.5
32584	-1183464000	17.6
32584	-1180785600	16
32584	-1178107200	10.4
32584	-1175515200	4.2
32584	-1172836800	1.5
32584	-1170244800	-10.2
32584	-1167566400	-5
32584	-1164888000	-10.1
32584	-1162468800	1
32584	-1159790400	3.8
32584	-1157198400	7.8
32584	-1154520000	17.6
32584	-1151928000	19.7
32584	-1149249600	15.2
32584	-1146571200	10.2
32584	-1143979200	7.5
32584	-1141300800	1.8
32584	-1138708800	-0.8
32584	-1136030400	-0.7
32584	-1133352000	-0.6
32584	-1130932800	3.9
32584	-1128254400	8.1
32584	-1125662400	13.2
32584	-1122984000	14.1
32584	-1120392000	18.8
32584	-1117713600	17
32584	-1115035200	9.4
32584	-1112443200	7.8
32584	-1109764800	2.5
32584	-1107172800	-4.2
32584	-1104494400	-5.2
32584	-1101816000	-2.5
32584	-1099396800	-1.1
32584	-1096718400	3.9
32584	-1094126400	8
32584	-1091448000	13.5
32584	-1088856000	18.3
32584	-1086177600	16.4
32584	-1083499200	12.4
32584	-1080907200	6.2
32584	-1078228800	-4.4
32584	-1075636800	-4.4
32584	-1072958400	-6
32584	-1070280000	-13
32584	-1067774400	-1.1
32584	-1065096000	5.3
32584	-1062504000	12.3
32584	-1059825600	15.8
32584	-1057233600	20.3
32584	-1054555200	17
32584	-1051876800	10.8
32584	-1049284800	7.1
32584	-1046606400	-1.3
32584	-1044014400	-4.5
32584	-1041336000	-17.8
32584	-1038657600	-6.2
32584	-1036238400	-0.9
32584	-1033560000	3.9
32584	-1030968000	10.6
32584	-1028289600	13.1
32584	-1025697600	18.5
32584	-1023019200	16.4
32584	-1020340800	11.8
32584	-1017748800	6.8
32584	-1015070400	0.1
32584	-1012478400	-3
32584	-1009800000	-4.8
32584	-1007121600	-4.2
32584	-1004702400	-0.5
32584	-1002024000	4.6
32584	-999432000	8.4
32584	-996753600	13.9
32584	-994161600	17.2
32584	-991483200	15.9
32584	-988804800	14.6
32584	-986212800	5.1
32584	-983534400	-4
32584	-980942400	-3.1
32584	-978264000	-3.3
32584	-975585600	-9.4
32584	-973166400	0.3
32584	-970488000	6.3
32584	-967896000	10.9
32584	-965217600	11.4
32584	-962625600	17.7
32584	-959947200	16.1
32584	-957268800	12.5
32584	-954676800	6.9
32584	-951998400	2.5
32584	-949406400	-0.6
32584	-946728000	-9.8
32584	-944049600	-4.5
32584	-941544000	2.6
32584	-938865600	5
32584	-936273600	11.5
32584	-933595200	15.5
32584	-931003200	18.9
32584	-928324800	17.3
32584	-925646400	12.7
32584	-923054400	8.1
32584	-920376000	-3.6
32584	-917784000	-3.5
32584	-915105600	-4.2
32584	-912427200	-3
32584	-910008000	1.6
32584	-907329600	3.5
32584	-904737600	10.1
32584	-902059200	13.8
32584	-899467200	17.7
32584	-896788800	16.6
32584	-894110400	8.5
32584	-891518400	5
32584	-888840000	0.7
32584	-886248000	-4.8
32584	-883569600	-9.7
32584	-880891200	-10
32584	-878472000	-1.8
32584	-875793600	6
32584	-873201600	6.7
32584	-870523200	11.3
32584	-867931200	17.6
32584	-865252800	16.6
32584	-862574400	11.4
32584	-859982400	6.4
32584	-857304000	-0.6
32584	-854712000	-3.5
32584	-852033600	-9
32584	-849355200	-3.7
32584	-846936000	-4.2
32584	-844257600	7.4
32584	-841665600	7.4
32584	-838987200	12
32584	-836395200	17.5
32584	-833716800	16.5
32584	-831038400	12.7
32584	-828446400	7.5
32584	-825768000	0.9
32584	-823176000	-5
32584	-820497600	-5.5
32584	-817819200	-5.5
32584	-815313600	-2.4
32584	-812635200	4.8
32584	-810043200	10.1
32584	-807364800	12.4
32584	-804772800	16.2
32584	-802094400	14.9
32584	-799416000	11.9
32584	-796824000	8.6
32584	-794145600	-1.4
32584	-791553600	-7.3
32584	-788875200	-4.8
32584	-786196800	-2.8
32584	-783777600	-0.3
32584	-781099200	2.5
32584	-778507200	8.9
32584	-775828800	11.9
32584	-773236800	17.7
32584	-770558400	16.5
32584	-767880000	10.3
32584	-765288000	7.8
32584	-762609600	-1.4
32584	-760017600	-6.1
32584	-757339200	-3.8
32584	-754660800	-3.6
32584	-752241600	2
32584	-749563200	6.4
32584	-746971200	7.8
32584	-744292800	13.6
32584	-741700800	17.4
32584	-739022400	15.3
32584	-736344000	10.6
32584	-733752000	2.9
32584	-731073600	-1.5
32584	-728481600	-2.3
32584	-725803200	-8
32584	-723124800	-3.3
32584	-720705600	1.1
32584	-718027200	4.7
32584	-715435200	10.7
32584	-712756800	11.3
32584	-710164800	18.2
32584	-707486400	15.9
32584	-704808000	12
32584	-702216000	8.5
32584	-699537600	-1.4
32584	-696945600	-4.1
32584	-694267200	-4.6
32584	-691588800	-6.6
32584	-689083200	-3.7
32584	-686404800	4.5
32584	-683812800	10
32584	-681134400	14.8
32584	-678542400	16.3
32584	-675864000	16.2
32584	-673185600	12.1
32584	-670593600	6.9
32584	-667915200	-2.3
32584	-665323200	-10.6
32584	-662644800	-17.1
32584	-659966400	-7.9
32584	-657547200	-1.1
32584	-654868800	7.5
32584	-652276800	11.1
32584	-649598400	13.8
32584	-647006400	17.5
32584	-644328000	17.5
32584	-641649600	12.1
32584	-639057600	3.2
32584	-636379200	4.7
32584	-633787200	-5.5
32584	-631108800	-10.4
32584	-628430400	-1.2
32584	-626011200	-1.9
32584	-623332800	3.6
32584	-620740800	7.4
32584	-618062400	12.4
32584	-615470400	16.2
32584	-612792000	15.4
32584	-610113600	10.2
32584	-607521600	8.1
32584	-604843200	-0.1
32584	-602251200	-0.9
32584	-599572800	-7.6
32584	-596894400	-3.7
32584	-594475200	-4.5
32584	-591796800	4.4
32584	-589204800	9.7
32584	-586526400	10.5
32584	-583934400	17.3
32584	-581256000	14.8
32584	-578577600	10.3
32584	-575985600	5
32584	-573307200	-0.8
32584	-570715200	-8.1
32584	-568036800	-7.9
32584	-565358400	-5.3
32584	-562852800	-3.9
32584	-560174400	6.6
32584	-557582400	10.1
32584	-554904000	14.4
32584	-552312000	16.8
32584	-549633600	16.5
32584	-546955200	13.5
32584	-544363200	8.6
32584	-541684800	-4
32584	-539092800	-4.5
32584	-536414400	0.5
32584	-533736000	-3.6
32584	-531316800	1.1
32584	-528638400	2.9
32584	-526046400	7
32584	-523368000	12.9
32584	-520776000	18.1
32584	-518097600	16.6
32584	-515419200	13.8
32584	-512827200	8.6
32584	-510148800	2.3
32584	-507556800	-2.5
32584	-504878400	-5.7
32584	-502200000	1.9
32584	-499780800	-3.1
32584	-497102400	5.9
32584	-494510400	10
32584	-491832000	11.7
32584	-489240000	18.9
32584	-486561600	15.2
32584	-483883200	11.8
32584	-481291200	5.6
32584	-478612800	3.9
32584	-476020800	-5
32584	-473342400	-8.5
32584	-470664000	-7.8
32584	-468244800	-3.7
32584	-465566400	2
32584	-462974400	8.8
32584	-460296000	12.9
32584	-457704000	16.8
32584	-455025600	17.9
32584	-452347200	11.3
32584	-449755200	7.8
32584	-447076800	-5
32584	-444484800	-6
32584	-441806400	-6.1
32584	-439128000	-7.1
32584	-436622400	-0.5
32584	-433944000	4.8
32584	-431352000	10.5
32584	-428673600	14.4
32584	-426081600	17.4
32584	-423403200	14.9
32584	-420724800	12.4
32584	-418132800	5.9
32584	-415454400	-1.3
32584	-412862400	-2.8
32584	-410184000	-13.2
32584	-407505600	-3.4
32584	-405086400	-0.3
32584	-402408000	3.5
32584	-399816000	10.8
32584	-397137600	13.9
32584	-394545600	17.6
32584	-391867200	16.7
32584	-389188800	12.4
32584	-386596800	5.5
32584	-383918400	-1.8
32584	-381326400	-1.6
32584	-378648000	-4
32584	-375969600	0.3
32584	-373550400	-2.5
32584	-370872000	3.9
32584	-368280000	13.4
32584	-365601600	14
32584	-363009600	16.1
32584	-360331200	18.5
32584	-357652800	12.2
32584	-355060800	8.6
32584	-352382400	0
32584	-349790400	-0.8
32584	-347112000	-3.8
32584	-344433600	-6.9
32584	-342014400	0.8
32584	-339336000	5
32584	-336744000	7.4
32584	-334065600	15.2
32584	-331473600	17.8
32584	-328795200	15.9
32584	-326116800	10.8
32584	-323524800	6.3
32584	-320846400	-2.5
32584	-318254400	-3.3
32584	-315576000	-8.4
32584	-312897600	-6.9
32584	-310392000	-1
32584	-307713600	4.8
32584	-305121600	8.7
32584	-302443200	14.4
32584	-299851200	19.3
32584	-297172800	14.8
32584	-294494400	12.4
32584	-291902400	6.8
32584	-289224000	0.2
32584	-286632000	-4.1
32584	-283953600	-2.2
32584	-281275200	0.7
32584	-278856000	1.2
32584	-276177600	3.8
32584	-273585600	9.5
32584	-270907200	17
32584	-268315200	18.4
32584	-265636800	18.9
32584	-262958400	8.8
32584	-260366400	5.2
32584	-257688000	-0.5
32584	-255096000	-6
32584	-252417600	-9.1
32584	-249739200	-3.4
32584	-247320000	-1.2
32584	-244641600	7
32584	-242049600	9.3
32584	-239371200	13.8
32584	-236779200	16.2
32584	-234100800	15.2
32584	-231422400	11.7
32584	-228830400	8.3
32584	-226152000	1
32584	-223560000	-1
32584	-220881600	-10.1
32584	-218203200	1.2
32584	-215784000	0.5
32584	-213105600	3.4
32584	-210513600	10.3
32584	-207835200	12.8
32584	-205243200	16.7
32584	-202564800	16.4
32584	-199886400	14.5
32584	-197294400	9.4
32584	-194616000	0.8
32584	-192024000	-5.6
32584	-189345600	-5.4
32584	-186667200	-4
32584	-184161600	-2.6
32584	-181483200	3.7
32584	-178891200	9.3
32584	-176212800	12.6
32584	-173620800	18.2
32584	-170942400	15.1
32584	-168264000	10.7
32584	-165672000	7.9
32584	-162993600	-0.5
32584	-160401600	-4.4
32584	-157723200	-2
32584	-155044800	-1.9
32584	-152625600	-4.5
32584	-149947200	5.5
32584	-147355200	7.3
32584	-144676800	12.8
32584	-142084800	16.7
32584	-139406400	15.9
32584	-136728000	6.7
32584	-134136000	9.5
32584	-131457600	2.5
32584	-128865600	-3.6
32584	-126187200	-5
32584	-123508800	-3.9
32584	-121089600	0.6
32584	-118411200	4.1
32584	-115819200	11.6
32584	-113140800	13.1
32584	-110548800	18.4
32584	-107870400	16.2
32584	-105192000	13.9
32584	-102600000	6.9
32584	-99921600	0.6
32584	-97329600	-4
32584	-94651200	-2.8
32584	-91972800	-1.1
32584	-89553600	-0.3
32584	-86875200	1.7
32584	-84283200	8.8
32584	-81604800	12.8
32584	-79012800	18.3
32584	-76334400	17.8
32584	-73656000	14.7
32584	-71064000	7.3
32584	-68385600	0.3
32584	-65793600	-8
32584	-63115200	-6.3
32584	-60436800	-1.6
32584	-57931200	2.1
32584	-55252800	3
32584	-52660800	7.7
32584	-49982400	13.5
32584	-47390400	18.1
32584	-44712000	14.8
32584	-42033600	11.6
32584	-39441600	7
32584	-36763200	-1.5
32584	-34171200	-6.9
32584	-31492800	-8.3
32584	-28814400	-6.8
32584	-26395200	-4.3
32584	-23716800	6.6
32584	-21124800	11.3
32584	-18446400	12.7
32584	-15854400	17.2
32584	-13176000	18.4
32584	-10497600	13.5
32584	-7905600	3.5
32584	-5227200	1.9
32584	-2635200	-3.1
32584	43200	-4.4
32584	2721600	1.1
32584	5140800	-1
32584	7819200	1.9
32584	10411200	10.2
32584	13089600	15.5
32584	15681600	18.9
32584	18360000	18.5
32584	21038400	9.8
32584	23630400	4.7
32584	26308800	0.5
32584	28900800	-6.2
32584	31579200	-4.7
32584	34257600	-2.8
32584	36676800	-0.7
32584	39355200	4.2
32584	41947200	9.7
32584	44625600	13
32584	47217600	16.6
32584	49896000	19.5
32584	52574400	10.4
32584	55166400	5.3
32584	57844800	0.4
32584	60436800	-7.6
32584	63115200	-6.7
32584	65793600	-0.9
32584	68299200	4
32584	70977600	4.2
32584	73569600	9.6
32584	76248000	15.4
32584	78840000	17
32584	81518400	17.7
32584	84196800	10.8
32584	86788800	6.1
32584	89467200	0
32584	92059200	-8.8
32584	94737600	-8.1
32584	97416000	-4
32584	99835200	0.2
32584	102513600	3.5
32584	105105600	10
32584	107784000	14.4
32584	110376000	18.4
32584	113054400	17.7
32584	115732800	11.3
32584	118324800	7.7
32584	121003200	-1.8
32584	123595200	-2.8
32584	126273600	-6.5
32584	128952000	-1.1
32584	131371200	0.6
32584	134049600	6.2
32584	136641600	8.1
32584	139320000	16.5
32584	141912000	18.9
32584	144590400	15.9
32584	147268800	12.1
32584	149860800	8.4
32584	152539200	1
32584	155131200	-4.8
32584	157809600	-6.6
32584	160488000	-6.7
32584	162907200	-1
32584	165585600	0.1
32584	168177600	8
32584	170856000	12.8
32584	173448000	19.3
32584	176126400	15.6
32584	178804800	12.3
32584	181396800	6.7
32584	184075200	-1.6
32584	186667200	-2.5
32584	189345600	-3
32584	192024000	-2.4
32584	194529600	-2.5
32584	197208000	4.7
32584	199800000	11.4
32584	202478400	13.3
32584	205070400	18.3
32584	207748800	15.6
32584	210427200	13.1
32584	213019200	6.9
32584	215697600	1.3
32584	218289600	-1.2
32584	220968000	-6.2
32584	223646400	0.5
32584	226065600	-1.6
32584	228744000	7.3
32584	231336000	8.3
32584	234014400	15.9
32584	236606400	16.6
32584	239284800	15.3
32584	241963200	10.5
32584	244555200	6.2
32584	247233600	-2.2
32584	249825600	-4.7
32584	252504000	-5.8
32584	255182400	-3.8
32584	257601600	3
32584	260280000	5.2
32584	262872000	8.9
32584	265550400	13.7
32584	268142400	17
32584	270820800	15.3
32584	273499200	12.1
32584	276091200	8
32584	278769600	-5
32584	281361600	-9.8
32584	284040000	-14.9
32584	286718400	-5.3
32584	289137600	0.7
32584	291816000	4
32584	294408000	9.7
32584	297086400	14.6
32584	299678400	17.7
32584	302356800	16.3
32584	305035200	14.1
32584	307627200	7.9
32584	310305600	-3.8
32584	312897600	-1.7
32584	315576000	-9.3
32584	318254400	-2.4
32584	320760000	-0.6
32584	323438400	6.8
32584	326030400	10
32584	328708800	13.8
32584	331300800	17.7
32584	333979200	14.9
32584	336657600	12.5
32584	339249600	7.1
32584	341928000	0.5
32584	344520000	-0.4
32584	347198400	-1.2
32584	349876800	-1.7
32584	352296000	2.4
32584	354974400	6.2
32584	357566400	9.4
32584	360244800	13.5
32584	362836800	17.6
32584	365515200	17.5
32584	368193600	13
32584	370785600	5.4
32584	373464000	1.4
32584	376056000	-3.4
32584	378734400	-6.9
32584	381412800	-4.7
32584	383832000	0.7
32584	386510400	1.8
32584	389102400	8.5
32584	391780800	13.5
32584	394372800	17.1
32584	397051200	17.1
32584	399729600	10.4
32584	402321600	5.1
32584	4.05e+08	-2.8
32584	407592000	-6.6
32584	410270400	-2.1
32584	412948800	-0.4
32584	415368000	1.6
32584	418046400	3.3
32584	420638400	8.9
32584	423316800	13.1
32584	425908800	16.7
32584	428587200	17.7
32584	431265600	11
32584	433857600	7.1
32584	436536000	-0.4
32584	439128000	-12.3
32584	441806400	-4.8
32584	444484800	-2.3
32584	446990400	1.2
32584	449668800	3.4
32584	452260800	9.9
32584	454939200	12.7
32584	457531200	18.4
32584	460209600	17.7
32584	462888000	9.9
32584	465480000	3.8
32584	468158400	-1
32584	470750400	-7.2
32584	473428800	-7.4
32584	476107200	-5.6
32584	478526400	-1.7
32584	481204800	6.8
32584	483796800	11.3
32584	486475200	15
32584	489067200	19.8
32584	491745600	15.2
32584	494424000	8.6
32584	497016000	5.5
32584	499694400	-8
32584	502286400	-6.8
32584	504964800	-1.5
32584	507643200	-2.1
32584	510062400	5
32584	512740800	5.3
32584	515332800	10.3
32584	518011200	16.8
32584	520603200	15.9
32584	523281600	17.5
32584	525960000	8.5
32584	528552000	6.4
32584	531230400	-1.4
32584	533822400	-5.3
32584	536500800	-6.1
32584	539179200	-1.7
32584	541598400	1.5
32584	544276800	8.4
32584	546868800	11.6
32584	549547200	15.2
32584	552139200	16.2
32584	554817600	14.2
32584	557496000	13.4
32584	560088000	8
32584	562766400	1.2
32584	565358400	-5.1
32584	568036800	-6.6
32584	570715200	-0.8
32584	573220800	0.4
32584	575899200	7.1
32584	578491200	10.7
32584	581169600	17.1
32584	583761600	18.8
32584	586440000	17.1
32584	589118400	11.7
32584	591710400	10
32584	594388800	-1.1
32584	596980800	-5.3
32584	599659200	-5.8
32584	602337600	-11.7
32584	604756800	0
32584	607435200	6.5
32584	610027200	9.7
32584	612705600	15
32584	615297600	19.4
32584	617976000	15.4
32584	620654400	12.5
32584	623246400	5.4
32584	625924800	1.8
32584	628516800	-3.9
32584	631195200	-2.8
32584	633873600	-2.7
32584	636292800	1.2
32584	638971200	7.1
32584	641563200	8.9
32584	644241600	13.9
32584	646833600	17.9
32584	649512000	16.6
32584	652190400	15.3
32584	654782400	6.7
32584	657460800	2.2
32584	660052800	-10.7
32584	662731200	-5.7
32584	665409600	2.1
32584	667828800	0.8
32584	670507200	4.1
32584	673099200	9.3
32584	675777600	13.7
32584	678369600	18.9
32584	681048000	18.7
32584	683726400	13.1
32584	686318400	5.8
32584	688996800	-2.3
32584	691588800	-3.3
32584	694267200	-3.7
32584	696945600	0.7
32584	699451200	4.8
32584	702129600	7.6
32584	704721600	13
32584	707400000	15.4
32584	709992000	16.2
32584	712670400	16.7
32584	715348800	12.3
32584	717940800	7.7
32584	720619200	-2
32584	723211200	-9.2
32584	725889600	-9
32584	728568000	-8.1
32584	730987200	2.7
32584	733665600	4.6
32584	736257600	12.4
32584	738936000	13.1
32584	741528000	13.2
32584	744206400	14.4
32584	746884800	11.5
32584	749476800	6.4
32584	752155200	-3
32584	754747200	-3.5
32584	757425600	-0.8
32584	760104000	-4.7
32584	762523200	2.9
32584	765201600	6
32584	767793600	11.2
32584	770472000	14.4
32584	773064000	18.1
32584	775742400	17.9
32584	778420800	14.1
32584	781012800	4.9
32584	783691200	-3.3
32584	786283200	-5
32584	788961600	-6.7
32584	791640000	-1.3
32584	794059200	0.3
32584	796737600	3.8
32584	799329600	8.8
32584	802008000	12.7
32584	804600000	17.8
32584	807278400	16.9
32584	809956800	12.4
32584	812548800	5.5
32584	815227200	2.7
32584	817819200	-4
32584	820497600	-6.3
32584	823176000	-4.2
32584	825681600	-0.7
32584	828360000	5.9
32584	830952000	8
32584	833630400	15.4
32584	836222400	18.5
32584	838900800	17.7
32584	841579200	11.6
32584	844171200	6.1
32584	846849600	-1.1
32584	849441600	-4.5
32584	852120000	-6.7
32584	854798400	-3.2
32584	857217600	2.3
32584	859896000	2.6
32584	862488000	11.2
32584	865166400	14.9
32584	867758400	17.4
32584	870436800	16.7
32584	873115200	13.5
32584	875707200	5.6
32584	878385600	0
32584	880977600	-6.9
32584	883656000	-4
32584	886334400	-2.8
32584	888753600	0.1
32584	891432000	5.1
32584	894024000	10.4
32584	896702400	12.1
32584	899294400	19.6
32584	901972800	18.3
32584	904651200	15.4
32584	907243200	5.7
32584	909921600	1.5
32584	912513600	-5.8
32584	915192000	-3
32584	917870400	-1.1
32584	920289600	1.5
32584	922968000	4
32584	925560000	9.2
32584	928238400	13.5
32584	930830400	17.4
32584	933508800	18.4
32584	936187200	11.6
32584	938779200	8.8
32584	941457600	4
32584	944049600	-3.5
32584	946728000	-3.9
32584	949406400	-0.7
32584	951912000	1.6
32584	954590400	7.4
32584	957182400	10.5
32584	959860800	15
32584	962452800	18.6
32584	965131200	18.3
32584	967809600	11.8
32584	970401600	5.1
32584	973080000	-7
32584	975672000	-5.5
32584	978350400	-4.8
32584	981028800	-4.9
32584	983448000	2.4
32584	986126400	4.6
32584	988718400	11.8
32584	991396800	14
32584	993988800	18
32584	996667200	18.9
32584	999345600	14.5
32584	1001937600	6.7
32584	1004616000	2.6
32584	1007208000	-6.2
32584	1009886400	-4.7
32584	1012564800	-4.5
32584	1014984000	-3.3
32584	1017662400	4.5
32584	1020254400	8.9
32584	1022932800	14.6
32584	1025524800	20.2
32584	1028203200	15.1
32584	1030881600	12.5
32584	1033473600	3.7
32584	1036152000	-0.2
32584	1038744000	-3
32584	1041422400	-1.4
32584	1044100800	-5.2
32584	1046520000	1.8
32584	1049198400	5.4
32584	1051790400	10.9
32584	1054468800	14.8
32584	1057060800	20.7
32584	1059739200	19.1
32584	1062417600	12.5
32584	1065009600	9.4
32584	1067688000	-3
32584	1070280000	-3.7
32584	1072958400	-5.4
32584	1075636800	-2.8
32584	1078142400	4.3
32584	1080820800	6.7
32584	1083412800	9.3
32584	1086091200	14.4
32584	1088683200	18.3
32584	1091361600	15.8
32584	1094040000	11.6
32584	1096632000	6.9
32584	1099310400	0.3
32584	1101902400	-1.8
32584	1104580800	-4.6
32584	1107259200	-1
32584	1109678400	2
32584	1112356800	5
32584	1114948800	9.1
32584	1117627200	12.5
32584	1120219200	19
32584	1122897600	17
32584	1125576000	12.3
32584	1128168000	8
32584	1130846400	0.5
32584	1133438400	-6.2
32584	1136116800	-2
32584	1138795200	-3.2
32584	1141214400	-0.6
32584	1143892800	6.9
32584	1146484800	11.3
32584	1149163200	15.8
32584	1151755200	20.8
32584	1154433600	17.1
32584	1157112000	12.2
32584	1159704000	6
32584	1162382400	1.2
32584	1164974400	-3.7
32584	1167652800	-7.1
32584	1170331200	-2
32584	1172750400	3.5
32584	1175428800	7
32584	1178020800	10.9
32584	1180699200	15.5
32584	1183291200	22.1
32584	1185969600	17.8
32584	1188648000	13.1
32584	1191240000	7
32584	1193918400	-0.1
32584	1196510400	-5.3
32584	1199188800	-7.2
32584	1201867200	-2.2
32584	1204372800	-0.6
32584	1207051200	2.9
32584	1209643200	10
32584	1212321600	14.2
32584	1214913600	19.2
32584	1217592000	17.6
32584	1220270400	12.2
32584	1222862400	7.3
32584	1225540800	3
32584	1228132800	-8.1
32584	1230811200	-3.2
32584	1233489600	-1.5
32584	1235908800	-0.8
32584	1238587200	4.4
32584	1241179200	11.3
32584	1243857600	13.9
32584	1246449600	18.2
32584	1249128000	17.2
32584	1251806400	15.2
32584	1254398400	2.9
32584	1257076800	0.4
32584	1259668800	-8.5
32584	1262347200	-3.9
32584	1265025600	-2.8
32584	1267444800	2.2
32584	1270123200	4.7
32584	1272715200	7
32584	1275393600	13.6
32584	1277985600	17.7
32584	1280664000	16.1
32584	1283342400	13.1
32584	1285934400	8.8
32584	1288612800	-3.5
32584	1291204800	-6.3
32584	1293883200	-5
32584	1296561600	-5.3
32584	1298980800	1.1
32584	1301659200	2.7
32584	1304251200	8.4
32584	1306929600	13.3
32584	1309521600	18
32584	1312200000	17.5
32584	1314878400	14.8
32584	1317470400	7.7
32584	1320148800	-1.4
32584	1322740800	-3.7
32584	1325419200	-2.1
32584	1328097600	-2.9
32584	1330603200	3.7
32584	1333281600	7.1
32584	1335873600	10
32584	1338552000	14.7
32584	1341144000	20.5
32584	1343822400	18.8
32584	1346500800	14.2
32584	1349092800	5.8
32584	1351771200	1.6
32584	1354363200	-4.9
32584	1357041600	-6
32584	1359720000	-2.5
32584	1362139200	1.4
32584	1364817600	4.6
32584	1367409600	11.1
32584	1370088000	15.1
32584	1372680000	20.3
32584	1375358400	18.7
32584	1378036800	13.6
32584	1380628800	4.5
32584	1383307200	0.8
32584	1385899200	-7
32584	1388577600	-1.7
32584	1391256000	-8.5
32584	1393675200	0.7
32585	302356800	17.9
32585	305035200	15.7
32585	307627200	8.2
32585	310305600	-5.8
32585	312897600	-1.1
32585	315576000	-9.1
32585	318254400	-2.3
32585	320760000	-0.6
32585	323438400	7.3
32585	326030400	10.1
32585	328708800	13.7
32585	331300800	18.2
32585	333979200	15.4
32585	336657600	13.1
32585	339249600	6.9
32585	341928000	0.8
32585	344520000	0.6
32586	-2366712000	-7
32586	-2364033600	-3.3
32586	-2361614400	1.4
32586	-2358936000	7.5
32586	-2356344000	10.8
32586	-2353665600	12.3
32586	-2351073600	16.8
32586	-2348395200	16.3
32587	-2261649600	11.3
32587	-2258971200	14.4
32588	-2432462400	-7.4
32588	-2429784000	-4.2
32588	-2427105600	-11.5
32588	-2424686400	-2.3
32588	-2422008000	2.4
32588	-2419416000	10.1
32588	-2416737600	13.4
32588	-2414145600	18.8
32588	-2411467200	18.5
32588	-2408788800	11.9
32588	-2406196800	4.9
32588	-2403518400	-2.5
32588	-2400926400	-1.9
32588	-2398248000	-7.9
32588	-2395569600	-7
32588	-2393150400	-1.9
32588	-2390472000	2.5
32588	-2387880000	10.9
32588	-2385201600	14.9
32588	-2382609600	19.7
32588	-2379931200	19.8
32588	-2377252800	10.8
32588	-2374660800	4.9
32588	-2371982400	2.1
32588	-2369390400	-3
32588	-2366712000	-10.8
32588	-2364033600	-7.5
32588	-2361614400	-0.9
32588	-2358936000	8
32588	-2356344000	10.4
32588	-2353665600	12.7
32588	-2351073600	17.3
32588	-2348395200	16.7
32588	-2345716800	10.2
32588	-2343124800	9.6
32588	-2340446400	0.9
32588	-2337854400	-3.9
32588	-2335176000	-8.1
32588	-2332497600	-0.7
32588	-2329992000	-4.3
32588	-2327313600	2.6
32588	-2324721600	8.3
32588	-2322043200	16.3
32588	-2319451200	18.6
32588	-2316772800	16.4
32588	-2314094400	9.1
32588	-2311502400	7.7
32588	-2308824000	-13.2
32588	-2306232000	0.7
32588	-2303553600	-6
32588	-2300875200	-5.4
32588	-2298456000	-7
32588	-2295777600	6.5
32588	-2293185600	14.6
32588	-2290507200	13.7
32588	-2287915200	16.5
32588	-2285236800	18.5
32588	-2282558400	13.5
32588	-2279966400	7
32588	-2277288000	-6
32588	-2274696000	-4.6
32588	-2272017600	-4.2
32588	-2269339200	-2.1
32588	-2266920000	-7.2
32588	-2264241600	5.3
32588	-2261649600	8.8
32588	-2258971200	12.8
32588	-2256379200	15.9
32588	-2253700800	17.9
32588	-2251022400	11.3
32588	-2248430400	2.5
32588	-2245752000	-3
32588	-2243160000	-5.2
32588	-2240481600	-7.9
32588	-2237803200	-14.7
32588	-2235384000	-8
32588	-2232705600	2.2
32588	-2230113600	6.3
32588	-2227435200	12.3
32588	-2224843200	16.6
32588	-2222164800	13.6
32588	-2219486400	12.8
32588	-2216894400	4.4
32588	-2214216000	4
32588	-2211624000	-5.1
32588	-2208945600	-1.5
32588	-2206267200	-8.1
32588	-2203848000	1.3
32588	-2201169600	6.3
32588	-2198577600	11.5
32588	-2195899200	17.4
32588	-2193307200	17.8
32588	-2190628800	15.7
32588	-2187950400	10.4
32588	-2185358400	6.1
32588	-2182680000	-2.1
32588	-2180088000	0.4
32588	-2177409600	-7
32588	-2174731200	-8.8
32588	-2172312000	-0.3
32588	-2169633600	3.4
32588	-2167041600	12
32588	-2164363200	10.6
32588	-2161771200	18.5
32588	-2159092800	17.9
32588	-2156414400	7.4
32588	-2153822400	8.8
32588	-2151144000	1.1
32588	-2148552000	-2.4
32588	-2145873600	-6
32588	-2143195200	-5.2
32588	-2140776000	-1.9
32588	-2138097600	2.7
32588	-2135505600	9.6
32588	-2132827200	11.3
32588	-2130235200	14.8
32588	-2127556800	15.8
32588	-2124878400	9.9
32588	-2122286400	7.3
32588	-2119608000	-2.7
32588	-2117016000	-7.1
32588	-2114337600	-3.3
32588	-2111659200	-6.8
32588	-2109240000	-4.8
32588	-2106561600	3.4
32588	-2103969600	7.6
32588	-2101291200	15.7
32588	-2098699200	14.9
32588	-2096020800	15.6
32588	-2093342400	9.3
32588	-2090750400	7.8
32588	-2088072000	-3.5
32588	-2085480000	-1.2
32588	-2082801600	-4.9
32588	-2080123200	-11.5
32588	-2077617600	-6.8
32588	-2074939200	4.9
32588	-2072347200	8.6
32588	-2069668800	13.6
32588	-2067076800	17.5
32588	-2064398400	16.2
32588	-2061720000	12.2
32588	-2059128000	7.9
32588	-2056449600	4.2
32588	-2053857600	-2.6
32588	-2051179200	-10
32588	-2048500800	-8.3
32588	-2046081600	1.8
32588	-2043403200	3.9
32588	-2040811200	7
32588	-2038132800	12.1
32588	-2035540800	17.2
32588	-2032862400	17.4
32588	-2030184000	12.6
32588	-2027592000	3.2
32588	-2024913600	1.1
32588	-2022321600	-0.5
32588	-2019643200	-3.8
32588	-2016964800	-2.8
32588	-2014545600	-5.6
32588	-2011867200	7
32588	-2009275200	7.8
32588	-2006596800	11.9
32588	-2004004800	17.9
32588	-2001326400	16
32588	-1998648000	13.2
32588	-1996056000	7.7
32588	-1993377600	-2.1
32588	-1990785600	-6.6
32588	-1988107200	-16.8
32588	-1985428800	-2.5
32588	-1983009600	-1.2
32588	-1980331200	2.2
32588	-1977739200	7.2
32588	-1975060800	12.6
32588	-1972468800	15.7
32588	-1969790400	13.7
32588	-1967112000	9.4
32588	-1964520000	9.2
32588	-1961841600	1.3
32588	-1959249600	-1.7
32588	-1956571200	-3.4
32588	-1953892800	-4.5
32588	-1951387200	-2.7
32588	-1948708800	6.5
32588	-1946116800	8.6
32588	-1943438400	12.4
32588	-1940846400	18.4
32588	-1938168000	14.8
32588	-1935489600	12.1
32588	-1932897600	4
32588	-1930219200	0
32588	-1927627200	-4
32588	-1924948800	-12.9
32588	-1922270400	-7
32588	-1919851200	-1.7
32588	-1917172800	0.1
32588	-1914580800	7.6
32588	-1911902400	13.5
32588	-1909310400	16.7
32588	-1906632000	16.2
32588	-1903953600	12.2
32588	-1901361600	7
32588	-1898683200	0.1
32588	-1896091200	-9.1
32588	-1893412800	-4.9
32588	-1890734400	-10.4
32588	-1888315200	4.9
32588	-1885636800	9.7
32588	-1883044800	10.5
32588	-1880366400	15.1
32588	-1877774400	18.6
32588	-1875096000	14.7
32588	-1872417600	9.7
32588	-1869825600	8.3
32588	-1867147200	-1.2
32588	-1864555200	-3.4
32588	-1861876800	-11.5
32588	-1859198400	-9.9
32588	-1856779200	1.7
32588	-1854100800	2.4
32588	-1851508800	8.5
32588	-1848830400	15.6
32588	-1846238400	15.5
32588	-1843560000	14.2
32588	-1840881600	9.4
32588	-1838289600	4.1
32588	-1835611200	-5.5
32588	-1833019200	-5.7
32588	-1830340800	-9.2
32588	-1827662400	-2.8
32588	-1825156800	-7.3
32588	-1822478400	5.7
32588	-1819886400	9.5
32588	-1817208000	15.4
32588	-1814616000	14.9
32588	-1811937600	14.9
32588	-1809259200	7.5
32588	-1806667200	4.9
32588	-1803988800	2.3
32588	-1801396800	-2.1
32588	-1798718400	-11.8
32588	-1796040000	-9.4
32588	-1793620800	-5.9
32588	-1790942400	5.3
32588	-1788350400	8.8
32588	-1785672000	14.6
32588	-1783080000	15.8
32588	-1780401600	16.8
32588	-1777723200	12.6
32588	-1775131200	3.8
32588	-1772452800	1.1
32588	-1769860800	-2.1
32588	-1767182400	-4.9
32588	-1764504000	-7.6
32588	-1762084800	-0.1
32588	-1759406400	4.8
32588	-1756814400	9.9
32588	-1754136000	14.1
32588	-1751544000	18.4
32588	-1748865600	15.5
32588	-1746187200	11.6
32588	-1743595200	6.2
32588	-1740916800	1.1
32588	-1738324800	-10.2
32588	-1735646400	-6.4
32588	-1732968000	-3.3
32588	-1730548800	-0.9
32588	-1727870400	9.1
32588	-1725278400	9
32588	-1722600000	12.2
32588	-1720008000	14.5
32588	-1717329600	19.3
32588	-1714651200	8.9
32588	-1712059200	9
32588	-1709380800	-2
32588	-1706788800	-3.2
32588	-1704110400	-22.4
32588	-1701432000	-7.4
32588	-1698926400	0.8
32588	-1696248000	6.1
32588	-1693656000	7
32588	-1690977600	12.2
32588	-1688385600	16.7
32588	-1685707200	15.8
32588	-1683028800	10.6
32588	-1680436800	3.7
32588	-1677758400	-2
32588	-1675166400	-11.8
32588	-1672488000	-9.8
32588	-1669809600	-11.6
32588	-1667390400	-5.9
32588	-1664712000	1.9
32588	-1662120000	8.2
32588	-1659441600	12.4
32588	-1656849600	19
32588	-1654171200	16.7
32588	-1651492800	11.5
32588	-1648900800	4.6
32588	-1646222400	4.8
32588	-1643630400	-10.7
32588	-1640952000	-9.3
32588	-1638273600	-6.9
32588	-1635854400	2.1
32588	-1633176000	3.8
32588	-1630584000	8
32588	-1627905600	16.4
32588	-1625313600	15.8
32588	-1622635200	13.6
32588	-1619956800	8.9
32588	-1617364800	5.4
32588	-1614686400	-1.6
32588	-1612094400	-0.8
32588	-1609416000	2.2
32588	-1606737600	-8.2
32588	-1604318400	-5.7
32588	-1601640000	7.4
32588	-1599048000	10.6
32588	-1596369600	15.5
32588	-1593777600	18.4
32588	-1591099200	17.2
32588	-1588420800	10.4
32588	-1585828800	1.6
32588	-1583150400	-5.6
32588	-1580558400	-7
32588	-1577880000	-7.1
32588	-1575201600	-2.8
32588	-1572696000	-1.6
32588	-1570017600	0.5
32588	-1567425600	8.5
32588	-1564747200	12.1
32588	-1562155200	18.3
32588	-1559476800	16.7
32588	-1556798400	11.3
32588	-1554206400	5.2
32588	-1551528000	-1.7
32588	-1548936000	-4.2
32588	-1546257600	-4
32588	-1543579200	-2.3
32588	-1541160000	-2
32588	-1538481600	3.9
32588	-1535889600	9
32588	-1533211200	16
32588	-1530619200	17.8
32588	-1527940800	16.3
32588	-1525262400	7.7
32588	-1522670400	8.2
32588	-1519992000	-4.1
32588	-1517400000	-6.3
32588	-1514721600	-8.8
32588	-1512043200	-13.5
32588	-1509624000	-2.5
32588	-1506945600	3.4
32588	-1504353600	9.1
32588	-1501675200	16.1
32588	-1499083200	16.4
32588	-1496404800	16.9
32588	-1493726400	13.1
32588	-1491134400	7.7
32588	-1488456000	-0.8
32588	-1485864000	-10.9
32588	-1483185600	-5.5
32588	-1480507200	-10.5
32588	-1478088000	-2.1
32588	-1475409600	3.3
32588	-1472817600	9.3
32588	-1470139200	14
32588	-1467547200	17.9
32588	-1464868800	15.2
32588	-1462190400	11.6
32588	-1459598400	4
32588	-1456920000	2.2
32588	-1454328000	-4
32588	-1451649600	-9.5
32588	-1448971200	0
32588	-1446465600	-2.8
32588	-1443787200	3.6
32588	-1441195200	9.8
32588	-1438516800	11.7
32588	-1435924800	17
32588	-1433246400	14.9
32588	-1430568000	11.5
32588	-1427976000	6.5
32588	-1425297600	-2.7
32588	-1422705600	-14.6
32588	-1420027200	-6.6
32588	-1417348800	-2.1
32588	-1414929600	-0.4
32588	-1412251200	5.8
32588	-1409659200	10.9
32588	-1406980800	14.4
32588	-1404388800	17.8
32588	-1401710400	15.5
32588	-1399032000	8.9
32588	-1396440000	-0.2
32588	-1393761600	-0.3
32588	-1391169600	-1.1
32588	-1388491200	-3
32588	-1385812800	-3.4
32588	-1383393600	-1.6
32588	-1380715200	5.8
32588	-1378123200	10.5
32588	-1375444800	13.3
32588	-1372852800	18.7
32588	-1370174400	15.1
32588	-1367496000	6.1
32588	-1364904000	6.6
32588	-1362225600	-3.6
32588	-1359633600	-7.4
32588	-1356955200	-9.3
32588	-1354276800	-6.6
32588	-1351857600	-1.6
32588	-1349179200	2.1
32588	-1346587200	6.4
32588	-1343908800	13.6
32588	-1341316800	15.4
32588	-1338638400	16.2
32588	-1335960000	9.1
32588	-1333368000	7.4
32588	-1330689600	-7.1
32588	-1328097600	-12.7
32588	-1325419200	-5.4
32588	-1322740800	-3.6
32588	-1320235200	1
32588	-1317556800	1.7
32588	-1314964800	12.1
32588	-1312286400	11.6
32588	-1309694400	16.7
32588	-1307016000	14.1
32588	-1304337600	10.1
32588	-1301745600	3.8
32588	-1299067200	-0.5
32588	-1296475200	-4.4
32588	-1293796800	-15
32588	-1291118400	-11.7
32588	-1288699200	0.2
32588	-1286020800	2.1
32588	-1283428800	9
32588	-1280750400	14.2
32588	-1278158400	18.9
32588	-1275480000	19.1
32588	-1272801600	8.5
32588	-1270209600	7.2
32588	-1267531200	-1.2
32588	-1264939200	-7.6
32588	-1262260800	-16.7
32588	-1259582400	0.2
32588	-1257163200	-2.7
32588	-1254484800	8.2
32588	-1251892800	9.5
32588	-1249214400	15.1
32588	-1246622400	18.1
32588	-1243944000	18.1
32588	-1241265600	11.3
32588	-1238673600	2.5
32588	-1235995200	0.4
32588	-1233403200	-0.2
32588	-1230724800	-0.9
32588	-1228046400	-0.4
32588	-1225627200	-0.1
32588	-1222948800	4.8
32588	-1220356800	10.7
32588	-1217678400	16.8
32588	-1215086400	17.9
32588	-1212408000	17.5
32588	-1209729600	11.4
32588	-1207137600	6.8
32588	-1204459200	-3.4
32588	-1201867200	-2.9
32588	-1199188800	-7.7
32588	-1196510400	-4.1
32588	-1194004800	-5.5
32588	-1191326400	6.1
32588	-1188734400	10.6
32588	-1186056000	15.2
32588	-1183464000	18.3
32588	-1180785600	16.8
32588	-1178107200	11.8
32588	-1175515200	5.3
32588	-1172836800	0.9
32588	-1170244800	-7.9
32588	-1167566400	-5.4
32588	-1164888000	-8.7
32588	-1162468800	0.5
32588	-1159790400	2.6
32588	-1157198400	8.6
32588	-1154520000	16.8
32588	-1151928000	19.1
32588	-1149249600	17
32588	-1146571200	10.6
32588	-1143979200	5.5
32588	-1141300800	2
32588	-1138708800	-8.1
32588	-1136030400	-0.8
32588	-1133352000	-0.8
32588	-1130932800	0
32588	-1128254400	7.3
32588	-1125662400	13.5
32588	-1122984000	12.6
32588	-1120392000	17.9
32588	-1117713600	17.6
32588	-1115035200	7.3
32588	-1112443200	8.3
32588	-1109764800	3.5
32588	-1107172800	-4.5
32588	-1104494400	-6.8
32588	-1101816000	-0.1
32588	-1099396800	-4.1
32588	-1096718400	-1.7
32588	-1094126400	8.2
32588	-1091448000	13.6
32588	-1088856000	19.4
32588	-1086177600	16.4
32588	-1083499200	12.4
32588	-1080907200	5
32588	-1078228800	-3.6
32588	-1075636800	-5.1
32588	-1072958400	-11
32588	-1070280000	-21.5
32588	-1067774400	-2
32588	-1065096000	3.6
32588	-1062504000	13.7
32588	-1059825600	15.6
32588	-1057233600	21
32588	-1054555200	18.2
32588	-1051876800	12
32588	-1049284800	7.7
32588	-1046606400	1.6
32588	-1044014400	-4.8
32588	-1041336000	-17.7
32588	-1038657600	-10.4
32588	-1036238400	-1.6
32588	-1033560000	6
32588	-1030968000	11.1
32588	-1028289600	15
32588	-1025697600	19.1
32588	-1023019200	17
32588	-1020340800	12.2
32588	-1017748800	8.2
32588	-1015070400	-1.3
32588	-1012478400	-4.9
32588	-1009800000	-2.4
32588	-1007121600	-8.9
32588	-1004702400	-0.5
32588	-1002024000	5.2
32588	-999432000	9.3
32588	-996753600	14.6
32588	-994161600	17.9
32588	-991483200	16.6
32588	-988804800	15.2
32588	-986212800	7.2
32588	-983534400	-2
32588	-980942400	-3.3
32588	-978264000	-1.6
32588	-975585600	-8.5
32588	-973166400	0
32588	-970488000	6.2
32588	-967896000	11.8
32588	-965217600	11.6
32588	-962625600	19.1
32588	-959947200	17.3
32588	-957268800	12.9
32588	-954676800	6
32588	-951998400	4.5
32588	-949406400	0.5
32588	-946728000	-9.8
32588	-944049600	-7.2
32588	-941544000	1
32588	-938865600	3.1
32588	-936273600	11.6
32588	-933595200	15.8
32588	-931003200	18.8
32588	-928324800	18
32588	-925646400	14
32588	-923054400	8
32588	-920376000	-3.8
32588	-917784000	-0.9
32588	-915105600	-3.9
32588	-912427200	-3.5
32588	-910008000	0.4
32588	-907329600	5.6
32588	-904737600	10.5
32588	-902059200	14.6
32588	-899467200	18.5
32588	-896788800	17.1
32588	-894110400	8.7
32588	-891518400	4.9
32588	-888840000	1.9
32588	-886248000	-4.1
32588	-883569600	-3.5
32588	-880891200	-7.2
32588	-878472000	0.3
32588	-875793600	6.3
32588	-873201600	8.4
32588	-870523200	12.2
32588	-867931200	17.6
32588	-865252800	16.7
32588	-862574400	11.2
32588	-859982400	7.5
32588	-857304000	-2
32588	-854712000	-4.2
32588	-852033600	-13.5
32588	-849355200	-2.9
32588	-846936000	-5.3
32588	-844257600	7.1
32588	-841665600	7.9
32588	-838987200	10.9
32588	-836395200	16.9
32588	-833716800	16.7
32588	-831038400	12.1
32588	-828446400	8.4
32588	-825768000	0.9
32588	-823176000	-1.6
32588	-820497600	-2.4
32588	-817819200	-6.7
32588	-815313600	-5.2
32588	-812635200	5.3
32588	-810043200	10.8
32588	-807364800	12.3
32588	-804772800	16.9
32588	-802094400	14.6
32588	-799416000	11.7
32588	-796824000	9.5
32588	-794145600	-1.7
32588	-791553600	-4.1
32588	-788875200	-3.5
32588	-786196800	-5.9
32588	-783777600	-0.1
32588	-781099200	1.1
32588	-778507200	8.1
32588	-775828800	12.1
32588	-773236800	18.3
32588	-770558400	17.1
32588	-767880000	10
32588	-765288000	8.4
32588	-762609600	-1.4
32588	-760017600	-5.9
32588	-757339200	-2.4
32588	-754660800	-2.5
32588	-752241600	2.8
32588	-749563200	7.4
32588	-746971200	8.7
32588	-744292800	13.8
32588	-741700800	18.2
32588	-739022400	16.1
32588	-736344000	11.6
32588	-733752000	2.2
32588	-731073600	-4.4
32588	-728481600	-4.8
32588	-725803200	-4.9
32588	-723124800	-6.2
32588	-720705600	-2.9
32588	-718027200	5.7
32588	-715435200	10.5
32588	-712756800	12.8
32588	-710164800	19.1
32588	-707486400	16.2
32588	-704808000	11.1
32588	-702216000	8.3
32588	-699537600	-3.2
32588	-696945600	-2.3
32588	-694267200	-3.5
32588	-691588800	-8.2
32588	-689083200	-4.3
32588	-686404800	3.5
32588	-683812800	9.2
32588	-681134400	14.3
32588	-678542400	16.2
32588	-675864000	16.5
32588	-673185600	12.1
32588	-670593600	7.2
32588	-667915200	0.2
32588	-665323200	-9.5
32588	-662644800	-13.9
32588	-659966400	-10.7
32588	-657547200	-2.4
32588	-654868800	8.2
32588	-652276800	10.8
32588	-649598400	14.7
32588	-647006400	17
32588	-644328000	17.4
32588	-641649600	11.7
32588	-639057600	3.6
32588	-636379200	5.1
32588	-633787200	-8.1
32588	-631108800	-23
32588	-628430400	-0.7
32588	-626011200	-3.6
32588	-623332800	2.7
32588	-620740800	8.1
32588	-618062400	12.5
32588	-615470400	16.2
32588	-612792000	15.6
32588	-610113600	10.6
32588	-607521600	6.7
32588	-604843200	-3.1
32588	-602251200	-2.2
32588	-599572800	-9.7
32588	-596894400	-7
32588	-594475200	-8.1
32588	-591796800	2.5
32588	-589204800	9.6
32588	-586526400	10.1
32588	-583934400	17.1
32588	-581256000	14.5
32588	-578577600	9.2
32588	-575985600	2.7
32588	-573307200	-1.1
32588	-570715200	-10.8
32588	-568036800	-10.2
32588	-565358400	-4.1
32588	-562852800	-4.4
32588	-560174400	7
32588	-557582400	10.1
32588	-554904000	14.3
32588	-552312000	16.2
32588	-549633600	15.8
32588	-546955200	13.1
32588	-544363200	7
32588	-541684800	-1.9
32588	-539092800	-2.1
32588	-536414400	-2.1
32588	-533736000	-1.9
32588	-531316800	0
32588	-528638400	0.4
32588	-526046400	7.7
32588	-523368000	12.9
32588	-520776000	17.9
32588	-518097600	17.1
32588	-515419200	13.1
32588	-512827200	8.4
32588	-510148800	3.3
32588	-507556800	-1.5
32588	-504878400	-14.5
32588	-502200000	1.5
32588	-499780800	-5.4
32588	-497102400	0.6
32588	-494510400	9.1
32588	-491832000	11.7
32588	-489240000	18.5
32588	-486561600	15.4
32588	-483883200	9.9
32588	-481291200	4.8
32588	-478612800	4.5
32588	-476020800	-0.6
32588	-473342400	-5.4
32588	-470664000	-8.4
32588	-468244800	-6.8
32588	-465566400	2.9
32588	-462974400	7.9
32588	-460296000	13.7
32588	-457704000	16.4
32588	-455025600	17.6
32588	-452347200	10.4
32588	-449755200	7.2
32588	-447076800	-9.7
32588	-444484800	-7.5
32588	-441806400	-8.2
32588	-439128000	-6.8
32588	-436622400	-0.5
32588	-433944000	3.2
32588	-431352000	11.8
32588	-428673600	15.4
32588	-426081600	17.4
32588	-423403200	15.7
32588	-420724800	11.4
32588	-418132800	5.9
32588	-415454400	1
32588	-412862400	-2.8
32588	-410184000	-14.3
32588	-407505600	-6.8
32588	-405086400	-0.2
32588	-402408000	3.8
32588	-399816000	11.2
32588	-397137600	14.4
32588	-394545600	18.6
32588	-391867200	15.9
32588	-389188800	11.9
32588	-386596800	3.1
32588	-383918400	-1.1
32588	-381326400	0.4
32588	-378648000	-0.5
32588	-375969600	-6.3
32588	-373550400	-4.2
32588	-370872000	4
32588	-368280000	13.6
32588	-365601600	13.1
32588	-363009600	15.2
32588	-360331200	18.5
32588	-357652800	11.8
32588	-355060800	8.1
32588	-352382400	-1.5
32588	-349790400	-2.7
32588	-347112000	-7.4
32588	-344433600	-9.9
32588	-342014400	1.4
32588	-339336000	3.9
32588	-336744000	6.7
32588	-334065600	14.8
32588	-331473600	18.1
32588	-328795200	15.8
32588	-326116800	10.4
32588	-323524800	5.1
32588	-320846400	-2.8
32588	-318254400	0.4
32588	-315576000	-7.5
32588	-312897600	-6.2
32588	-310392000	-2.2
32588	-307713600	3.8
32588	-305121600	8.6
32588	-302443200	14.3
32588	-299851200	20.2
32588	-297172800	15.8
32588	-294494400	12
32588	-291902400	7.1
32588	-289224000	-1.2
32588	-286632000	-3.3
32588	-283953600	-1.9
32588	-281275200	-0.4
32588	-278856000	1
32588	-276177600	2.6
32588	-273585600	10
32588	-270907200	18
32588	-268315200	18.7
32588	-265636800	19.8
32588	-262958400	7.6
32588	-260366400	6.7
32588	-257688000	-3.2
32588	-255096000	-8.3
32588	-252417600	-7.6
32588	-249739200	-6.8
32588	-247320000	-4.6
32588	-244641600	7
32588	-242049600	8.9
32588	-239371200	14.1
32588	-236779200	15.9
32588	-234100800	16.5
32588	-231422400	11.1
32588	-228830400	8.2
32588	-226152000	1.9
32588	-223560000	-1.3
32588	-220881600	-11.6
32588	-218203200	0.9
32588	-215784000	1.6
32588	-213105600	3.7
32588	-210513600	9.4
32588	-207835200	14.2
32588	-205243200	17.1
32588	-202564800	17.2
32588	-199886400	15
32588	-197294400	9.2
32588	-194616000	0
32588	-192024000	-7.3
32588	-189345600	-4.4
32588	-186667200	-0.9
32588	-184161600	-4.1
32588	-181483200	3.4
32588	-178891200	9.5
32588	-176212800	14
32588	-173620800	18.5
32588	-170942400	15.4
32588	-168264000	9.1
32588	-165672000	8.2
32588	-162993600	-1.9
32588	-160401600	-13.1
32588	-157723200	-7.1
32588	-155044800	-5
32588	-152625600	-7.6
32588	-149947200	4.2
32588	-147355200	8.7
32588	-144676800	12.9
32588	-142084800	17.3
32588	-139406400	16.9
32588	-136728000	5.6
32588	-134136000	10.1
32588	-131457600	-2
32588	-128865600	-4.1
32588	-126187200	-10.7
32588	-123508800	-4.3
32588	-121089600	1.4
32588	-118411200	3.1
32588	-115819200	11.2
32588	-113140800	13
32588	-110548800	18.4
32588	-107870400	15.8
32588	-105192000	14.4
32588	-102600000	6.7
32588	-99921600	-3.4
32588	-97329600	-3.9
32588	-94651200	-4.9
32588	-91972800	-1.5
32588	-89553600	-4.3
32588	-86875200	0.1
32588	-84283200	8.4
32588	-81604800	13.2
32588	-79012800	18.5
32588	-76334400	18.5
32588	-73656000	15.2
32588	-71064000	7.1
32588	-68385600	-1.4
32588	-65793600	-6.8
32588	-63115200	-7.7
32588	-60436800	-2.7
32588	-57931200	3.1
32588	-55252800	3.2
32588	-52660800	8
32588	-49982400	13.8
32588	-47390400	17.7
32588	-44712000	14.9
32588	-42033600	11.9
32588	-39441600	6
32588	-36763200	-0.4
32588	-34171200	-11.1
32588	-31492800	-20.2
32588	-28814400	-9.3
32588	-26395200	-3.9
32588	-23716800	7.3
32588	-21124800	10.9
32588	-18446400	13.2
32588	-15854400	17.5
32588	-13176000	18.6
32588	-10497600	12.1
32588	-7905600	2.9
32588	-5227200	1.9
32588	-2635200	-2.3
32588	43200	-10.5
32588	2721600	-1.4
32588	5140800	-3.2
32588	7819200	1.1
32588	10411200	10.3
32588	13089600	16.5
32588	15681600	18.5
32588	18360000	17.8
32588	21038400	10.1
32588	23630400	4.9
32588	26308800	-3.5
32588	28900800	-7.5
32588	31579200	-11.2
32588	34257600	-3.1
32588	36676800	-2.8
32588	39355200	4.7
32588	41947200	10.1
32588	44625600	13.4
32588	47217600	17
32588	49896000	20.4
32588	52574400	10.1
32588	55166400	4.5
32588	57844800	-0.8
32588	60436800	-9.9
32588	63115200	-13.7
32588	65793600	-7.8
32588	68299200	0.8
32588	70977600	3.8
32588	73569600	9
32588	76248000	15.6
32588	78840000	14.8
32588	81518400	17.6
32588	84196800	9
32588	86788800	5
32588	89467200	-0.6
32588	92059200	-9.5
32588	94737600	-6.2
32588	97416000	-3.3
32588	99835200	1.4
32588	102513600	2.3
32588	105105600	10.5
32588	107784000	14.7
32588	110376000	18.4
32588	113054400	18.3
32588	115732800	11.8
32588	118324800	7.2
32588	121003200	-6
32588	123595200	-3.2
32588	126273600	-10.4
32588	128952000	-2
32588	131371200	-1.4
32588	134049600	5.7
32588	136641600	7.2
32588	139320000	16.6
32588	141912000	19.2
32588	144590400	14.8
32588	147268800	11.1
32588	149860800	8.7
32588	152539200	0.6
32588	155131200	-2
32588	157809600	-7.2
32588	160488000	-11.9
32588	162907200	-4.9
32588	165585600	-2
32588	168177600	7.8
32588	170856000	12.5
32588	173448000	19.2
32588	176126400	15.2
32588	178804800	12.3
32588	181396800	5.1
32588	184075200	-1.8
32588	186667200	-2.1
32588	189345600	-4.7
32588	192024000	-2.5
32588	194529600	-1.4
32588	197208000	4.8
32588	199800000	11.4
32588	202478400	12.3
32588	205070400	18.2
32588	207748800	16.8
32588	210427200	14.2
32588	213019200	6.5
32588	215697600	0.4
32588	218289600	-1.3
32588	220968000	-8.1
32588	223646400	2.1
32588	226065600	-0.8
32588	228744000	7
32588	231336000	8.8
32588	234014400	15.9
32588	236606400	16.8
32588	239284800	14.7
32588	241963200	10.4
32588	244555200	6.5
32588	247233600	-3.8
32588	249825600	-10.2
32588	252504000	-14.3
32588	255182400	-9.7
32588	257601600	-0.3
32588	260280000	3.8
32588	262872000	8.1
32588	265550400	14.7
32588	268142400	16.7
32588	270820800	15.7
32588	273499200	12.5
32588	276091200	7.9
32588	278769600	-6.1
32588	281361600	-10
32588	284040000	-14.8
32588	286718400	-9.6
32588	289137600	0
32588	291816000	1.9
32588	294408000	8.8
32588	297086400	14.8
32588	299678400	17.3
32588	302356800	17.8
32588	305035200	15.1
32588	307627200	7.7
32588	310305600	-1.3
32588	312897600	-1.1
32588	315576000	-10.8
32588	318254400	-4.4
32588	320760000	-2.4
32588	323438400	7.3
32588	326030400	11.1
32588	328708800	13.5
32588	331300800	17.9
32588	333979200	14.3
32588	336657600	12.2
32588	339249600	7.8
32588	341928000	1.6
32588	344520000	-6.5
32588	347198400	-0.4
32588	349876800	-2.1
32588	352296000	1.4
32588	354974400	5.6
32588	357566400	9.4
32588	360244800	12.5
32588	362836800	17.3
32588	365515200	18.5
32588	368193600	13.3
32588	370785600	5.5
32588	373464000	2.5
32588	376056000	-5.5
32588	378734400	-15.2
32588	381412800	-7.7
32588	383832000	-3.8
32588	386510400	1.8
32588	389102400	7.9
32588	391780800	14
32588	394372800	16.9
32588	397051200	17.4
32588	399729600	11
32588	402321600	6.4
32588	4.05e+08	-3.6
32588	407592000	-4.4
32588	410270400	-1.9
32588	412948800	-0.2
32588	415368000	-0.1
32588	418046400	3.4
32588	420638400	8.9
32588	423316800	13.5
32588	425908800	16.5
32588	428587200	20.4
32588	431265600	9.8
32588	433857600	7.6
32588	436536000	-1.1
32588	439128000	-15.9
32588	441806400	-3.1
32588	444484800	1.4
32588	446990400	-0.1
32588	449668800	4.1
32588	452260800	9.2
32588	454939200	14
32588	457531200	18.5
32588	460209600	18.7
32588	462888000	8.2
32588	465480000	3
32588	468158400	-0.5
32588	470750400	-10.6
32588	473428800	-6.9
32588	476107200	-6.8
32588	478526400	-0.8
32588	481204800	6.8
32588	483796800	11.7
32588	486475200	13.9
32588	489067200	19.9
32588	491745600	14.1
32588	494424000	6.8
32588	497016000	5.4
32588	499694400	-12.6
32588	502286400	-4.2
32588	504964800	1.1
32588	507643200	-8.6
32588	510062400	4.9
32588	512740800	3.9
32588	515332800	10.5
32588	518011200	17.2
32588	520603200	16.1
32588	523281600	18.2
32588	525960000	8
32588	528552000	7.9
32588	531230400	-3
32588	533822400	-1.5
32588	536500800	-2.3
32588	539179200	-0.6
32588	541598400	-0.2
32588	544276800	9.1
32588	546868800	11.8
32588	549547200	16.4
32588	552139200	16.9
32588	554817600	14.3
32588	557496000	14.3
32588	560088000	7.9
32588	562766400	2.6
32588	565358400	-2.9
32588	568036800	-6.2
32588	570715200	-3.7
32588	573220800	1.5
32588	575899200	6.6
32588	578491200	11.6
32588	581169600	18.3
32588	583761600	18.5
32588	586440000	17.4
32588	589118400	11.9
32588	591710400	7.7
32588	594388800	-0.6
32588	596980800	-2.7
32588	599659200	-3.5
32588	602337600	-12.9
32588	604756800	-3.9
32588	607435200	4.9
32588	610027200	9.3
32588	612705600	14.6
32588	615297600	19
32588	617976000	15.5
32588	620654400	12
32588	623246400	6.2
32588	625924800	0.9
32588	628516800	-3.7
32588	631195200	-3
32588	633873600	-4.1
32588	636292800	1.3
32588	638971200	5.3
32588	641563200	8.6
32588	644241600	13.8
32588	646833600	17.4
32588	649512000	18
32588	652190400	15.5
32588	654782400	5.9
32588	657460800	0.6
32588	660052800	-9.1
32588	662731200	-8.9
32588	665409600	2.2
32588	667828800	-0.3
32588	670507200	4.5
32588	673099200	8.8
32588	675777600	13
32588	678369600	18
32588	681048000	19.5
32588	683726400	13.4
32588	686318400	5.4
32588	688996800	-1.4
32588	691588800	-0.2
32588	694267200	0.1
32588	696945600	0.7
32588	699451200	3.9
32588	702129600	6.7
32588	704721600	11.4
32588	707400000	16
32588	709992000	14.5
32588	712670400	15.8
32588	715348800	12.1
32588	717940800	6.9
32588	720619200	0
32588	723211200	-9.3
32588	725889600	-11.1
32588	728568000	-8.2
32588	730987200	1.3
32588	733665600	5.2
32588	736257600	11.8
32588	738936000	12.8
32588	741528000	12.7
32588	744206400	14.7
32588	746884800	11
32588	749476800	6.8
32588	752155200	-2.9
32588	754747200	-0.6
32588	757425600	-4.1
32588	760104000	-9.5
32588	762523200	3
32588	765201600	5.4
32588	767793600	11.3
32588	770472000	14.5
32588	773064000	19.1
32588	775742400	18.5
32588	778420800	15.3
32588	781012800	6.4
32588	783691200	-2.6
32588	786283200	-3.1
32588	788961600	-3.1
32588	791640000	-3.5
32588	794059200	-1.6
32588	796737600	3.2
32588	799329600	8.5
32588	802008000	13.3
32588	804600000	16.7
32588	807278400	16.1
32588	809956800	12.5
32588	812548800	5.5
32588	815227200	-0.3
32588	817819200	-5.3
32588	820497600	-12.3
32588	823176000	-3.9
32588	825681600	-5
32588	828360000	5.8
32588	830952000	7
32588	833630400	15
32588	836222400	17.7
32588	838900800	18.1
32588	841579200	10.8
32588	844171200	5.7
32588	846849600	-7.2
32588	849441600	-9.7
32588	852120000	-8.6
32588	854798400	-1.4
32588	857217600	-0.1
32588	859896000	2.7
32588	862488000	10.9
32588	865166400	15.1
32588	867758400	16.7
32588	870436800	17.8
32588	873115200	13.3
32588	875707200	6.4
32588	878385600	-0.1
32588	880977600	-1.2
32588	883656000	-7.4
32588	886334400	-0.6
32588	888753600	-0.7
32588	891432000	6.5
32588	894024000	11.4
32588	896702400	12.7
32588	899294400	19.2
32588	901972800	18.6
32588	904651200	15.7
32588	907243200	6.7
32588	909921600	0.4
32588	912513600	-5.6
32588	915192000	-2.8
32588	917870400	0.1
32588	920289600	2.1
32588	922968000	3.9
32588	925560000	9.1
32588	928238400	13.2
32588	930830400	16.1
32588	933508800	17.9
32588	936187200	10.6
32588	938779200	7.1
32588	941457600	4.1
32588	944049600	1.5
32588	946728000	-5.2
32588	949406400	-2.8
32588	951912000	2.8
32588	954590400	6.6
32588	957182400	10.8
32588	959860800	13.6
32588	962452800	18.5
32588	965131200	17.9
32588	967809600	11.7
32588	970401600	5.7
32588	973080000	-4.5
32588	975672000	-7.4
32588	978350400	-1.6
32588	981028800	-8.2
32588	983448000	1.5
32588	986126400	5
32588	988718400	11.9
32588	991396800	14.4
32588	993988800	17.7
32588	996667200	18.5
32588	999345600	13.5
32588	1001937600	6.6
32588	1004616000	2.7
32588	1007208000	-4.3
32588	1009886400	-4.4
32588	1012564800	-1.4
32588	1014984000	-8.7
32588	1017662400	2.4
32588	1020254400	8.7
32588	1022932800	14.2
32588	1025524800	19.4
32588	1028203200	14.7
32588	1030881600	12.4
32588	1033473600	2.9
32588	1036152000	3
32588	1038744000	-1.8
32588	1041422400	-1.7
32588	1044100800	-4.5
32588	1046520000	-1.4
32588	1049198400	6.3
32588	1051790400	9.4
32588	1054468800	14.6
32588	1057060800	19.6
32588	1059739200	18.9
32588	1062417600	12.5
32588	1065009600	8.4
32588	1067688000	-3.5
32588	1070280000	-0.9
32588	1072958400	-7.3
32588	1075636800	-1.2
32588	1078142400	4.1
32588	1080820800	6.8
32588	1083412800	8.9
32588	1086091200	12.7
32588	1088683200	17.8
32588	1091361600	16.2
32588	1094040000	11.4
32588	1096632000	5.6
32588	1099310400	1.7
32588	1101902400	-0.9
32588	1104580800	-7.8
32588	1107259200	-1.2
32588	1109678400	1.4
32588	1112356800	5.6
32588	1114948800	9.1
32588	1117627200	13.5
32588	1120219200	18.7
32588	1122897600	16.6
32588	1125576000	11.8
32588	1128168000	7.9
32588	1130846400	1.9
32588	1133438400	-4.1
32588	1136116800	1.7
32588	1138795200	-4.4
32588	1141214400	-1.4
32588	1143892800	7.3
32588	1146484800	11
32588	1149163200	15
32588	1151755200	19.8
32588	1154433600	16.5
32588	1157112000	12.1
32588	1159704000	5.3
32588	1162382400	-2.4
32588	1164974400	-1
32588	1167652800	-3
32588	1170331200	-5.1
32588	1172750400	5.1
32588	1175428800	4.9
32588	1178020800	11
32588	1180699200	15.5
32588	1183291200	21.4
32588	1185969600	16.9
32588	1188648000	11.4
32588	1191240000	7.4
32588	1193918400	-0.2
32588	1196510400	-3.8
32588	1199188800	-5.5
32588	1201867200	-2
32588	1204372800	0.7
32588	1207051200	3.5
32588	1209643200	10.5
32588	1212321600	13.3
32588	1214913600	17.7
32588	1217592000	17.4
32588	1220270400	11.5
32588	1222862400	7.5
32588	1225540800	3.2
32588	1228132800	-9.7
32588	1230811200	-3.5
32588	1233489600	-2.5
32588	1235908800	-1.7
32588	1238587200	4.6
32588	1241179200	10.3
32588	1243857600	12.9
32588	1246449600	17.1
32588	1249128000	16.3
32588	1251806400	14.6
32588	1254398400	2.8
32588	1257076800	3.4
32588	1259668800	-10.3
32588	1262347200	-4.9
32588	1265025600	-3.2
32588	1267444800	4.1
32588	1270123200	4.4
32588	1272715200	7.3
32588	1275393600	13.5
32588	1277985600	16.6
32588	1280664000	15.9
32588	1283342400	11.4
32588	1285934400	8.6
32588	1288612800	-4.4
32588	1291204800	-5.4
32588	1293883200	-5.4
32588	1296561600	-8.2
32588	1298980800	-1.9
32588	1301659200	3.1
32588	1304251200	8.7
32588	1306929600	12.8
32588	1309521600	17.6
32588	1312200000	18.3
32588	1314878400	14.1
32588	1317470400	7.1
32588	1320148800	-0.5
32588	1322740800	-0.8
32588	1325419200	-3.5
32588	1328097600	-2.8
32588	1330603200	3.7
32588	1333281600	7
32588	1335873600	9.8
32588	1338552000	14.9
32588	1341144000	19.7
32588	1343822400	17.7
32588	1346500800	13.9
32588	1349092800	4.7
32588	1351771200	1.7
32588	1354363200	-4.8
32588	1357041600	-2.6
32588	1359720000	-0.5
32588	1362139200	0.7
32588	1364817600	3.6
32588	1367409600	10.8
32588	1370088000	14.2
32588	1372680000	19
32588	1375358400	18.3
32588	1378036800	14.2
32588	1380628800	5.1
32588	1383307200	-0.2
32588	1385899200	-5.6
32588	1388577600	-1.6
32588	1391256000	-9.7
32588	1393675200	-2.1
32589	-2419416000	8.6
32589	-2416737600	13.9
32589	-2414145600	19.4
32589	-2411467200	17.2
32589	-2408788800	10.2
32589	-2406196800	3.9
32589	-2403518400	-1.2
32589	-2400926400	-3.7
32589	-2398248000	-6.9
32589	-2395569600	-9
32589	-2393150400	-2.1
32589	-2390472000	4.4
32589	-2387880000	11.2
32589	-2385201600	12.7
32589	-2382609600	18.1
32589	-2379931200	18.3
32589	-2377252800	9.7
32589	-2374660800	5.8
32589	-2371982400	3.7
32589	-2369390400	-6.7
32589	-2366712000	-8.5
32589	-2364033600	-5.6
32589	-2361614400	-2.6
32589	-2358936000	5.8
32589	-2356344000	8.9
32589	-2353665600	11.1
32589	-2351073600	16.6
32589	-2348395200	16.7
32589	-2345716800	9.9
32589	-2343124800	6.1
32589	-2340446400	-3.6
32589	-2337854400	-7.4
32589	-2335176000	-4.8
32589	-2332497600	-2.8
32589	-2329992000	-4
32589	-2327313600	2.2
32589	-2324721600	5.4
32589	-2322043200	15.5
32589	-2319451200	18.4
32589	-2316772800	17.2
32589	-2314094400	9.8
32589	-2311502400	6.1
32589	-2308824000	-6.5
32589	-2306232000	-1
32589	-2303553600	-8.1
32589	-2300875200	-5.9
32589	-2298456000	-6.4
32589	-2295777600	4.6
32589	-2293185600	13.5
32589	-2290507200	13.6
32589	-2287915200	16.4
32589	-2285236800	18.5
32589	-2282558400	13.3
32589	-2279966400	5.1
32589	-2277288000	-1.9
32589	-2274696000	-6.6
32589	-2272017600	-8.5
32589	-2269339200	-1.8
32589	-2266920000	-5.7
32589	-2264241600	5.6
32589	-2261649600	7.3
32589	-2258971200	12.8
32589	-2256379200	17.1
32589	-2253700800	17.9
32589	-2251022400	10.9
32589	-2248430400	2.5
32589	-2245752000	-3.5
32589	-2243160000	-7.7
32589	-2240481600	-4.6
32589	-2237803200	-11
32589	-2235384000	-4.8
32589	-2232705600	2.8
32589	-2230113600	5.9
32589	-2227435200	11.9
32589	-2224843200	16.9
32589	-2222164800	14.4
32589	-2219486400	12.8
32589	-2216894400	3.2
32589	-2214216000	2.1
32589	-2211624000	-5
32589	-2208945600	-2.6
32589	-2206267200	-6.9
32589	-2203848000	1.3
32589	-2201169600	3.5
32589	-2198577600	10.7
32589	-2195899200	16.8
32589	-2193307200	17.4
32589	-2190628800	15.2
32589	-2187950400	10.2
32589	-2185358400	5.5
32589	-2182680000	-2
32589	-2180088000	-2.6
32589	-2177409600	-4.8
32589	-2174731200	-6.8
32589	-2172312000	-1.9
32589	-2169633600	1.9
32589	-2167041600	12.3
32589	-2164363200	9.9
32589	-2161771200	19.6
32589	-2159092800	18.4
32589	-2156414400	8.3
32589	-2153822400	7.9
32589	-2151144000	1
32589	-2148552000	-5.1
32589	-2145873600	-7.8
32589	-2143195200	-2.9
32589	-2140776000	-3
32589	-2138097600	2.5
32589	-2135505600	10.4
32589	-2132827200	12
32589	-2130235200	15.6
32589	-2127556800	16
32589	-2124878400	10.3
32589	-2122286400	6.7
32589	-2119608000	-1.9
32589	-2117016000	-5.1
32589	-2114337600	-5
32589	-2111659200	-9
32589	-2109240000	-2.5
32589	-2106561600	2.5
32589	-2103969600	7.1
32589	-2101291200	13.5
32589	-2098699200	15.4
32589	-2096020800	15.9
32589	-2093342400	9.3
32589	-2090750400	7.6
32589	-2088072000	-1.9
32589	-2085480000	-3.9
32589	-2082801600	-5.3
32589	-2080123200	-6
32589	-2077617600	-4.2
32589	-2074939200	4.5
32589	-2072347200	8
32589	-2069668800	11.6
32589	-2067076800	16.4
32589	-2064398400	16.6
32589	-2061720000	12.2
32589	-2059128000	6.8
32589	-2056449600	2.8
32589	-2053857600	-3.5
32589	-2051179200	-6.6
32589	-2048500800	-8.4
32589	-2046081600	1
32589	-2043403200	3.6
32589	-2040811200	6.4
32589	-2038132800	11
32589	-2035540800	16.5
32589	-2032862400	17
32589	-2030184000	12.8
32589	-2027592000	2.4
32589	-2024913600	-0.6
32589	-2022321600	-5
32589	-2019643200	-4.4
32589	-2016964800	-3.6
32589	-2014545600	-6.5
32589	-2011867200	4.9
32589	-2009275200	7.5
32589	-2006596800	10.6
32589	-2004004800	17.8
32589	-2001326400	16.2
32589	-1998648000	11.2
32589	-1996056000	5.9
32589	-1993377600	-2.4
32589	-1990785600	-2.1
32589	-1988107200	-11.9
32589	-1985428800	-1.8
32589	-1983009600	-1.2
32589	-1980331200	2.1
32589	-1977739200	7.2
32589	-1975060800	10.1
32589	-1972468800	15.8
32589	-1969790400	14.4
32589	-1967112000	11.1
32589	-1964520000	8.3
32589	-1961841600	0.8
32589	-1959249600	-4.6
32589	-1956571200	-5.4
32589	-1953892800	-4.1
32589	-1951387200	-2.5
32589	-1948708800	5.1
32589	-1946116800	6.8
32589	-1943438400	10.5
32589	-1940846400	17.7
32589	-1938168000	15.6
32589	-1935489600	11.9
32589	-1932897600	3.9
32589	-1930219200	0
32589	-1927627200	-6.1
32589	-1924948800	-7.7
32589	-1922270400	-4.2
32589	-1919851200	-2.2
32589	-1917172800	0.2
32589	-1914580800	6.4
32589	-1911902400	14
32589	-1909310400	17.1
32589	-1906632000	17.9
32589	-1903953600	11.2
32589	-1901361600	5.9
32589	-1898683200	-0.1
32589	-1896091200	-10.6
32589	-1893412800	-9
32589	-1890734400	-8.8
32589	-1888315200	4.2
32589	-1885636800	7.6
32589	-1883044800	9.5
32589	-1880366400	14.8
32589	-1877774400	18.6
32589	-1875096000	15.2
32589	-1872417600	9.9
32589	-1869825600	7
32589	-1867147200	-0.5
32589	-1864555200	-4.8
32589	-1861876800	-5.9
32589	-1859198400	-8.3
32589	-1856779200	0.7
32589	-1854100800	2.5
32589	-1851508800	7.6
32589	-1848830400	13.8
32589	-1846238400	15.8
32589	-1843560000	14.4
32589	-1840881600	9.3
32589	-1838289600	2.5
32589	-1835611200	-3.7
32589	-1833019200	-5.7
32589	-1830340800	-5
32589	-1827662400	-3.5
32589	-1825156800	-7.9
32589	-1822478400	3.5
32589	-1819886400	7.6
32589	-1817208000	13.8
32589	-1814616000	14.8
32589	-1811937600	14.3
32589	-1809259200	7.2
32589	-1806667200	2.6
32589	-1803988800	1.1
32589	-1801396800	-5.2
32589	-1798718400	-6.9
32589	-1796040000	-10.1
32589	-1793620800	-4.5
32589	-1790942400	4.4
32589	-1788350400	8.4
32589	-1785672000	13.7
32589	-1783080000	15.3
32589	-1780401600	17.3
32589	-1777723200	11.5
32589	-1775131200	2.5
32589	-1772452800	0.2
32589	-1769860800	-5.2
32589	-1767182400	-2.9
32589	-1764504000	-5.1
32589	-1762084800	0.2
32589	-1759406400	3.7
32589	-1756814400	9.5
32589	-1754136000	11.5
32589	-1751544000	17.9
32589	-1748865600	17.1
32589	-1746187200	10.7
32589	-1743595200	5.4
32589	-1740916800	2.2
32589	-1738324800	-7.8
32589	-1735646400	-6.1
32589	-1732968000	-2.2
32589	-1730548800	-0.1
32589	-1727870400	7.6
32589	-1725278400	7.2
32589	-1722600000	10
32589	-1720008000	14.5
32589	-1717329600	17.8
32589	-1714651200	8.7
32589	-1712059200	7.2
32589	-1709380800	-1.6
32589	-1706788800	-5.4
32589	-1704110400	-14.7
32589	-1701432000	-4.4
32589	-1698926400	1.1
32589	-1696248000	3.9
32589	-1693656000	5.4
32589	-1690977600	11.2
32589	-1688385600	17.3
32589	-1685707200	15.9
32589	-1683028800	10.8
32589	-1680436800	2.3
32589	-1677758400	-3.6
32589	-1675166400	-8.3
32589	-1672488000	-9.4
32589	-1669809600	-5.6
32589	-1667390400	-7.3
32589	-1664712000	0.8
32589	-1662120000	7.6
32589	-1659441600	11.9
32589	-1656849600	20
32589	-1654171200	16.7
32589	-1651492800	13
32589	-1648900800	5.3
32589	-1646222400	3
32589	-1643630400	-1.6
32589	-1640952000	-7.1
32589	-1638273600	-7.1
32589	-1635854400	1.1
32589	-1633176000	1
32589	-1630584000	6
32589	-1627905600	16.8
32589	-1625313600	16.6
32589	-1622635200	15
32589	-1619956800	11.7
32589	-1617364800	6.7
32589	-1614686400	-3.2
32589	-1612094400	-4.8
32589	-1609416000	-4
32589	-1606737600	-6.6
32589	-1604318400	-0.7
32589	-1601640000	4.7
32589	-1599048000	10.1
32589	-1596369600	17.3
32589	-1593777600	21.5
32589	-1591099200	19.4
32589	-1588420800	12.4
32589	-1585828800	-0.8
32589	-1583150400	-3.8
32589	-1580558400	-9.2
32589	-1577880000	-4.3
32589	-1575201600	-5.4
32589	-1572696000	-5.3
32589	-1570017600	-1.2
32589	-1567425600	6.5
32589	-1564747200	11.4
32589	-1562155200	17.6
32589	-1559476800	16.2
32589	-1556798400	10.4
32589	-1554206400	3.2
32589	-1551528000	-4
32589	-1548936000	-6
32589	-1546257600	-6.3
32589	-1543579200	-2.9
32589	-1541160000	-0.3
32589	-1538481600	1.1
32589	-1535889600	7.3
32589	-1533211200	15.1
32589	-1530619200	18
32589	-1527940800	17.5
32589	-1525262400	7.8
32589	-1522670400	7.5
32589	-1519992000	-0.2
32589	-1517400000	-6.3
32589	-1514721600	-10.8
32589	-1512043200	-11
32589	-1509624000	-3
32589	-1506945600	0.8
32589	-1504353600	7.6
32589	-1501675200	15.4
32589	-1499083200	17
32589	-1496404800	17.7
32589	-1493726400	13.4
32589	-1491134400	6.8
32589	-1488456000	-2.7
32589	-1485864000	-8.2
32589	-1483185600	-6.4
32589	-1480507200	-8.4
32589	-1478088000	-4
32589	-1475409600	2.1
32589	-1472817600	8.1
32589	-1470139200	12
32589	-1467547200	18.9
32589	-1464868800	15.7
32589	-1462190400	12.4
32589	-1459598400	2
32589	-1456920000	0.4
32589	-1454328000	-7.3
32589	-1451649600	-8.2
32589	-1448971200	-2
32589	-1446465600	-5.2
32589	-1443787200	2.3
32589	-1441195200	10.1
32589	-1438516800	13
32589	-1435924800	17.3
32589	-1433246400	16.3
32589	-1430568000	11.4
32589	-1427976000	5.6
32589	-1425297600	-1.4
32589	-1422705600	-9.8
32589	-1420027200	-5.5
32589	-1417348800	-2
32589	-1414929600	0.1
32589	-1412251200	5.2
32589	-1409659200	10.4
32589	-1406980800	12.7
32589	-1404388800	18.9
32589	-1401710400	16.2
32589	-1399032000	10.4
32589	-1396440000	1.7
32589	-1393761600	-0.9
32589	-1391169600	-2
32589	-1388491200	-5.7
32589	-1385812800	-2.5
32589	-1383393600	-0.8
32589	-1380715200	6.3
32589	-1378123200	9.4
32589	-1375444800	14.6
32589	-1372852800	18.8
32589	-1370174400	16.5
32589	-1367496000	7.3
32589	-1364904000	6.6
32589	-1362225600	0.5
32589	-1359633600	-6.8
32589	-1356955200	-5.7
32589	-1354276800	-4.2
32589	-1351857600	-1.5
32589	-1349179200	2
32589	-1346587200	5.5
32589	-1343908800	13.5
32589	-1341316800	17.8
32589	-1338638400	15.2
32589	-1335960000	10.4
32589	-1333368000	6.7
32589	-1330689600	0.8
32589	-1328097600	-9.5
32589	-1325419200	-4.7
32589	-1322740800	-6.1
32589	-1320235200	0.1
32589	-1317556800	2
32589	-1314964800	12.1
32589	-1312286400	10.7
32589	-1309694400	17.8
32589	-1307016000	15.9
32589	-1304337600	12.1
32589	-1301745600	4.8
32589	-1299067200	-1.2
32589	-1296475200	-5.8
32589	-1293796800	-11.6
32589	-1291118400	-9.3
32589	-1288699200	-1.3
32589	-1286020800	1
32589	-1283428800	7.8
32589	-1280750400	12.3
32589	-1278158400	18.3
32589	-1275480000	19.7
32589	-1272801600	8.8
32589	-1270209600	6.6
32589	-1267531200	-1.8
32589	-1264939200	-1.4
32589	-1262260800	-14.5
32589	-1259582400	-1.8
32589	-1257163200	-2.5
32589	-1254484800	7.4
32589	-1251892800	9
32589	-1249214400	13.7
32589	-1246622400	19.2
32589	-1243944000	17.6
32589	-1241265600	12.1
32589	-1238673600	3.9
32589	-1235995200	-1.2
32589	-1233403200	-5.1
32589	-1230724800	-4.3
32589	-1228046400	-3.2
32589	-1225627200	-1.9
32589	-1222948800	3.4
32589	-1220356800	9.4
32589	-1217678400	15.3
32589	-1215086400	19.4
32589	-1212408000	18.5
32589	-1209729600	11.7
32589	-1207137600	5.7
32589	-1204459200	-3.1
32589	-1201867200	-5.5
32589	-1199188800	-9.8
32589	-1196510400	-4.8
32589	-1194004800	-4
32589	-1191326400	3
32589	-1188734400	9.4
32589	-1186056000	13.5
32589	-1183464000	17.9
32589	-1180785600	16.7
32589	-1178107200	11.6
32589	-1175515200	3.4
32589	-1172836800	1
32589	-1170244800	-10.6
32589	-1167566400	-7.1
32589	-1164888000	-11.3
32589	-1162468800	-1.2
32589	-1159790400	2.2
32589	-1157198400	6.1
32589	-1154520000	16.4
32589	-1151928000	20
32589	-1149249600	16.5
32589	-1146571200	11.6
32589	-1143979200	8.7
32589	-1141300800	2
32589	-1138708800	0
32589	-1136030400	-2
32589	-1133352000	-0.9
32589	-1130932800	3.6
32589	-1128254400	8.2
32589	-1125662400	13.2
32589	-1122984000	13.5
32589	-1120392000	19
32589	-1117713600	19.3
32589	-1115035200	9.8
32589	-1112443200	8.1
32589	-1109764800	2.5
32589	-1107172800	-4.4
32589	-1104494400	-4.7
32589	-1101816000	-1.6
32589	-1099396800	-2
32589	-1096718400	2.5
32589	-1094126400	7.2
32589	-1091448000	13
32589	-1088856000	19.1
32589	-1086177600	17.7
32589	-1083499200	14.3
32589	-1080907200	5.6
32589	-1078228800	-4.5
32589	-1075636800	-4.5
32589	-1072958400	-7.1
32589	-1070280000	-11.9
32589	-1067774400	-2
32589	-1065096000	5
32589	-1062504000	12.1
32589	-1059825600	15.1
32589	-1057233600	21.1
32589	-1054555200	17.4
32589	-1051876800	11.1
32589	-1049284800	6.1
32589	-1046606400	-1.2
32589	-1044014400	-4.8
32589	-1041336000	-15.3
32589	-1038657600	-3.7
32589	-1036238400	1.1
32589	-1033560000	4.2
32589	-1030968000	11.8
32589	-1028289600	13.3
32589	-1025697600	19.6
32589	-1023019200	17.5
32589	-1020340800	13.4
32589	-1017748800	8.6
32589	-1015070400	-0.2
32589	-1012478400	-4.9
32589	-1009800000	-5.2
32589	-1007121600	-3.8
32589	-1004702400	-1.4
32589	-1002024000	4.8
32589	-999432000	7.7
32589	-996753600	13.8
32589	-994161600	17.1
32589	-991483200	16.3
32589	-988804800	15.2
32589	-986212800	6
32589	-983534400	-4.3
32589	-980942400	-3.8
32589	-978264000	-4.3
32589	-975585600	-8.9
32589	-973166400	-0.7
32589	-970488000	5.6
32589	-967896000	10.6
32589	-965217600	11.2
32589	-962625600	18.4
32589	-959947200	16.9
32589	-957268800	12.3
32589	-954676800	5.9
32589	-951998400	2.5
32589	-949406400	-1.2
32589	-946728000	-9
32589	-944049600	-3.7
32589	-941544000	0.5
32589	-938865600	4
32589	-936273600	11.1
32589	-933595200	15.5
32589	-931003200	18.8
32589	-928324800	18.1
32589	-925646400	12.6
32589	-923054400	7.8
32589	-920376000	-3.5
32589	-917784000	-3.7
32589	-915105600	-4.3
32589	-912427200	-2.8
32589	-910008000	0.3
32589	-907329600	3.5
32589	-904737600	9.3
32589	-902059200	12.8
32589	-899467200	17.7
32589	-896788800	16.1
32589	-894110400	7.8
32589	-891518400	4.6
32589	-888840000	0.5
32589	-886248000	-5.3
32589	-883569600	-8.1
32589	-880891200	-8.9
32589	-878472000	-3
32589	-875793600	5.2
32589	-873201600	5.9
32589	-870523200	10.8
32589	-867931200	17.7
32589	-865252800	17.1
32589	-862574400	12.3
32589	-859982400	5.9
32589	-857304000	-1.8
32589	-854712000	-4.1
32589	-852033600	-7.7
32589	-849355200	-3
32589	-846936000	-4.7
32589	-844257600	7
32589	-841665600	7.2
32589	-838987200	11.6
32589	-836395200	17.7
32589	-833716800	17.5
32589	-831038400	13.5
32589	-828446400	6.4
32589	-825768000	0.1
32589	-823176000	-4.9
32589	-820497600	-6.4
32589	-817819200	-5
32589	-815313600	-3.2
32589	-812635200	4.2
32589	-810043200	10
32589	-807364800	11
32589	-804772800	16
32589	-802094400	16
32589	-799416000	13.3
32589	-796824000	9.2
32589	-794145600	-1.9
32589	-791553600	-6.7
32589	-788875200	-3.9
32589	-786196800	-4.1
32589	-783777600	-1.1
32589	-781099200	1.2
32589	-778507200	8.2
32589	-775828800	10.4
32589	-773236800	18.1
32589	-770558400	17.4
32589	-767880000	10
32589	-765288000	8.3
32589	-762609600	-1.8
32589	-760017600	-6.5
32589	-757339200	-5.7
32589	-754660800	-4.7
32589	-752241600	0.8
32589	-749563200	6.6
32589	-746971200	7
32589	-744292800	13.7
32589	-741700800	18.5
32589	-739022400	17.5
32589	-736344000	11
32589	-733752000	1.9
32589	-731073600	-2.2
32589	-728481600	-3.5
32589	-725803200	-7.8
32589	-723124800	-4.6
32589	-720705600	-0.2
32589	-718027200	3.9
32589	-715435200	11.1
32589	-712756800	10.2
32589	-710164800	19.3
32589	-707486400	17.5
32589	-704808000	11.7
32589	-702216000	7.7
32589	-699537600	-3.5
32589	-696945600	-5.2
32589	-694267200	-6.2
32589	-691588800	-6.3
32589	-689083200	-4.2
32589	-686404800	3.8
32589	-683812800	9.7
32589	-681134400	13.6
32589	-678542400	16.7
32589	-675864000	16.6
32589	-673185600	12.7
32589	-670593600	7.1
32589	-667915200	-3.4
32589	-665323200	-9.3
32589	-662644800	-15.3
32589	-659966400	-7.3
32589	-657547200	-1.5
32589	-654868800	6.6
32589	-652276800	10.3
32589	-649598400	13
32589	-647006400	17.6
32589	-644328000	18.4
32589	-641649600	11.4
32589	-639057600	2.1
32589	-636379200	4
32589	-633787200	-6.5
32589	-631108800	-10.9
32589	-628430400	-2.5
32589	-626011200	-3
32589	-623332800	3
32589	-620740800	6.9
32589	-618062400	12.3
32589	-615470400	16
32589	-612792000	15.9
32589	-610113600	10
32589	-607521600	7.8
32589	-604843200	-1.4
32589	-602251200	-2.4
32589	-599572800	-9.3
32589	-596894400	-3.1
32589	-594475200	-4.5
32589	-591796800	2.9
32589	-589204800	9.6
32589	-586526400	9.8
32589	-583934400	18.3
32589	-581256000	15.1
32589	-578577600	10.3
32589	-575985600	3.5
32589	-573307200	-2.2
32589	-570715200	-8.7
32589	-568036800	-8.4
32589	-565358400	-6
32589	-562852800	-4.4
32589	-560174400	5.8
32589	-557582400	9.5
32589	-554904000	13.9
32589	-552312000	16.9
32589	-549633600	17
32589	-546955200	13.7
32589	-544363200	8.9
32589	-541684800	-4.4
32589	-539092800	-5
32589	-536414400	-0.6
32589	-533736000	-4.6
32589	-531316800	0.4
32589	-528638400	1.9
32589	-526046400	6.4
32589	-523368000	13
32589	-520776000	19.9
32589	-518097600	18.2
32589	-515419200	13.8
32589	-512827200	8.3
32589	-510148800	2.8
32589	-507556800	-3.9
32589	-504878400	-5.7
32589	-502200000	1
32589	-499780800	-3.1
32589	-497102400	5
32589	-494510400	9.8
32589	-491832000	11.5
32589	-489240000	19.7
32589	-486561600	15.7
32589	-483883200	11.9
32589	-481291200	5.2
32589	-478612800	2.9
32589	-476020800	-5.3
32589	-473342400	-8.3
32589	-470664000	-8.3
32589	-468244800	-5.3
32589	-465566400	2.1
32589	-462974400	8.1
32589	-460296000	12.3
32589	-457704000	17
32589	-455025600	19.1
32589	-452347200	11.1
32589	-449755200	6.8
32589	-447076800	-4.6
32589	-444484800	-6.2
32589	-441806400	-5.8
32589	-439128000	-7.6
32589	-436622400	-2.1
32589	-433944000	3.8
32589	-431352000	9.4
32589	-428673600	14.6
32589	-426081600	17.8
32589	-423403200	14.8
32589	-420724800	12.9
32589	-418132800	5.5
32589	-415454400	-1.8
32589	-412862400	-3.3
32589	-410184000	-12.8
32589	-407505600	-3.3
32589	-405086400	-1.1
32589	-402408000	1.9
32589	-399816000	9.4
32589	-397137600	12.5
32589	-394545600	17.5
32589	-391867200	17.3
32589	-389188800	12.3
32589	-386596800	4.9
32589	-383918400	-3.6
32589	-381326400	-2.5
32589	-378648000	-3.9
32589	-375969600	-0.2
32589	-373550400	-3.2
32589	-370872000	2.2
32589	-368280000	12.6
32589	-365601600	12.9
32589	-363009600	15.7
32589	-360331200	17.8
32589	-357652800	11.6
32589	-355060800	8
32589	-352382400	-1.4
32589	-349790400	-1.8
32589	-347112000	-5.4
32589	-344433600	-6.5
32589	-342014400	-0.7
32589	-339336000	3.7
32589	-336744000	6
32589	-334065600	14.5
32589	-331473600	17.5
32589	-328795200	16.4
32589	-326116800	9.9
32589	-323524800	4.9
32589	-320846400	-2.4
32589	-318254400	-3.3
32589	-315576000	-7.3
32589	-312897600	-7.7
32589	-310392000	-1.7
32589	-307713600	3.2
32589	-305121600	7.5
32589	-302443200	13.7
32589	-299851200	20.1
32589	-297172800	15.4
32589	-294494400	12.5
32589	-291902400	6
32589	-289224000	-0.7
32589	-286632000	-4.8
32589	-283953600	-2.9
32589	-281275200	-0.2
32589	-278856000	0.2
32589	-276177600	2.5
32589	-273585600	9.2
32589	-270907200	17.1
32589	-268315200	18.9
32589	-265636800	19.1
32589	-262958400	7.2
32589	-260366400	4.4
32589	-257688000	-1
32589	-255096000	-7.3
32589	-252417600	-9.4
32589	-249739200	-5.1
32589	-247320000	-3.3
32589	-244641600	5.6
32589	-242049600	8
32589	-239371200	13.2
32589	-236779200	15.9
32589	-234100800	15.2
32589	-231422400	11.9
32589	-228830400	8.3
32589	-226152000	0.3
32589	-223560000	-2.1
32589	-220881600	-10.3
32589	-218203200	1.1
32589	-215784000	-0.6
32589	-213105600	2.5
32589	-210513600	9.4
32589	-207835200	11.4
32589	-205243200	16.8
32589	-202564800	18.4
32589	-199886400	15.2
32589	-197294400	9.7
32589	-194616000	0.8
32589	-192024000	-3.8
32589	-189345600	-6.2
32589	-186667200	-5.2
32589	-184161600	-4.1
32589	-181483200	2.8
32589	-178891200	8.8
32589	-176212800	11.6
32589	-173620800	19.2
32589	-170942400	15.2
32589	-168264000	9.9
32589	-165672000	7.6
32589	-162993600	-1.7
32589	-160401600	-6.2
32589	-157723200	-3.4
32589	-155044800	-3.5
32589	-152625600	-6
32589	-149947200	4.3
32589	-147355200	6.9
32589	-144676800	12.1
32589	-142084800	17.1
32589	-139406400	15.6
32589	-136728000	5.9
32589	-134136000	8.4
32589	-131457600	0.9
32589	-128865600	-4.3
32589	-126187200	-6.1
32589	-123508800	-4.7
32589	-121089600	-0.6
32589	-118411200	2.3
32589	-115819200	11.1
32589	-113140800	13.3
32589	-110548800	19.7
32589	-107870400	16.9
32589	-105192000	13.9
32589	-102600000	5.6
32589	-99921600	-0.8
32589	-97329600	-5.3
32589	-94651200	-3.1
32589	-91972800	-2.2
32589	-89553600	-1.8
32589	-86875200	1.2
32589	-84283200	8.6
32589	-81604800	11.9
32589	-79012800	18.4
32589	-76334400	18.4
32589	-73656000	14.5
32589	-71064000	5.8
32589	-68385600	-0.2
32589	-65793600	-8.9
32589	-63115200	-7.2
32589	-60436800	-2.7
32589	-57931200	1.6
32589	-55252800	1.8
32589	-52660800	7.3
32589	-49982400	12.6
32589	-47390400	18.8
32589	-44712000	14.5
32589	-42033600	10.5
32589	-39441600	6.2
32589	-36763200	-2.6
32589	-34171200	-7.6
32589	-31492800	-7.7
32589	-28814400	-6.1
32589	-26395200	-4.3
32589	-23716800	6.6
32589	-21124800	10.4
32589	-18446400	11.3
32589	-15854400	17.6
32589	-13176000	18.3
32589	-10497600	12.1
32589	-7905600	1.8
32589	-5227200	0.6
32589	-2635200	-3.9
32589	43200	-5.2
32589	2721600	0.1
32589	5140800	-2.8
32589	7819200	0.1
32589	10411200	9.3
32589	13089600	14.9
32589	15681600	18.8
32589	18360000	19.1
32589	21038400	8.9
32589	23630400	4.7
32589	26308800	-0.2
32589	28900800	-7.2
32589	31579200	-5.9
32589	34257600	-3.5
32589	36676800	-3.2
32589	39355200	3.3
32589	41947200	9.9
32589	44625600	13.8
32589	47217600	16.5
32589	49896000	20.1
32589	52574400	9.2
32589	55166400	4.1
32589	57844800	-0.5
32589	60436800	-8.1
32589	63115200	-8.4
32589	65793600	-1.9
32589	68299200	2.5
32589	70977600	3.3
32589	73569600	8.9
32589	76248000	14.2
32589	78840000	15.6
32589	81518400	17.9
32589	84196800	9.3
32589	86788800	5
32589	89467200	-0.4
32589	92059200	-8
32589	94737600	-8.5
32589	97416000	-5
32589	99835200	-0.8
32589	102513600	2.2
32589	105105600	9
32589	107784000	13.5
32589	110376000	18.1
32589	113054400	16.9
32589	115732800	9.9
32589	118324800	6.8
32589	121003200	-2.4
32589	123595200	-4.1
32589	126273600	-7.5
32589	128952000	-2.7
32589	131371200	-0.6
32589	134049600	4.8
32589	136641600	6.9
32589	139320000	15.9
32589	141912000	19
32589	144590400	15.8
32589	147268800	11.8
32589	149860800	8.1
32589	152539200	-0.2
32589	155131200	-5.7
32589	157809600	-6.2
32589	160488000	-5.9
32589	162907200	-2.5
32589	165585600	-0.3
32589	168177600	6.3
32589	170856000	12
32589	173448000	19.3
32589	176126400	14.6
32589	178804800	11.4
32589	181396800	4.7
32589	184075200	-1.2
32589	186667200	-1.8
32589	189345600	-4.2
32589	192024000	-3.4
32589	194529600	-3.7
32589	197208000	4.8
32589	199800000	10.3
32589	202478400	12.9
32589	205070400	18.3
32589	207748800	15.7
32589	210427200	12.3
32589	213019200	5.9
32589	215697600	0.2
32589	218289600	-0.6
32589	220968000	-7.5
32589	223646400	-1.2
32589	226065600	-3.3
32589	228744000	7.1
32589	231336000	7.8
32589	234014400	15.4
32589	236606400	16.2
32589	239284800	15.6
32589	241963200	11.2
32589	244555200	6.6
32589	247233600	-1.1
32589	249825600	-4.3
32589	252504000	-4.7
32589	255182400	-4.2
32589	257601600	1.4
32589	260280000	4.6
32589	262872000	7.2
32589	265550400	13.6
32589	268142400	16.3
32589	270820800	15.5
32589	273499200	11.4
32589	276091200	6.5
32589	278769600	-5
32589	281361600	-11.3
32589	284040000	-13.2
32589	286718400	-5.1
32589	289137600	-0.3
32589	291816000	3.4
32589	294408000	9
32589	297086400	14.3
32589	299678400	18.4
32589	302356800	16.7
32589	305035200	13.6
32589	307627200	7.6
32589	310305600	-4.4
32589	312897600	-2.3
32589	315576000	-9.1
32589	318254400	-2.8
32589	320760000	-2.1
32589	323438400	5.7
32589	326030400	9.5
32589	328708800	13.1
32589	331300800	17.2
32589	333979200	14.7
32589	336657600	11.4
32589	339249600	6.6
32589	341928000	-0.6
32589	344520000	0.1
32589	347198400	-1.8
32589	349876800	-3
32589	352296000	1.3
32589	354974400	5
32589	357566400	8.7
32589	360244800	12.4
32589	362836800	17.5
32589	365515200	18.8
32589	368193600	12.5
32589	370785600	3.7
32589	373464000	0.5
32589	376056000	-4.9
32589	378734400	-8.1
32589	381412800	-6.3
32589	383832000	-1
32589	386510400	1
32589	389102400	7.3
32589	391780800	12.4
32589	394372800	16.4
32589	397051200	17.5
32589	399729600	10.6
32589	402321600	4.4
32589	4.05e+08	-3.8
32589	407592000	-6.2
32589	410270400	-2.6
32589	412948800	-2.5
32589	415368000	1.3
32589	418046400	2.2
32589	420638400	8.2
32589	423316800	12.6
32589	425908800	16.8
32589	428587200	18.6
32589	431265600	11.2
32589	433857600	7.2
32589	436536000	-0.6
32589	439128000	-12.6
32589	441806400	-5.3
32589	444484800	-2.9
32589	446990400	-0.4
32589	449668800	2.2
32589	452260800	8.9
32589	454939200	11.5
32589	457531200	17.7
32589	460209600	17.8
32589	462888000	9.9
32589	465480000	3
32589	468158400	-1
32589	470750400	-7.9
32589	473428800	-7.6
32589	476107200	-7.5
32589	478526400	-2.9
32589	481204800	5.6
32589	483796800	10.5
32589	486475200	13.8
32589	489067200	19.6
32589	491745600	14.9
32589	494424000	8.1
32589	497016000	4.3
32589	499694400	-8.2
32589	502286400	-6.2
32589	504964800	-2.3
32589	507643200	-2.6
32589	510062400	3.5
32589	512740800	3.5
32589	515332800	8.9
32589	518011200	15.7
32589	520603200	15.5
32589	523281600	17.8
32589	525960000	7.5
32589	528552000	6.3
32589	531230400	-2
32589	533822400	-4.7
32589	536500800	-5.7
32589	539179200	-2.2
32589	541598400	0.4
32589	544276800	7.9
32589	546868800	10.8
32589	549547200	14.7
32589	552139200	15.9
32589	554817600	14.3
32589	557496000	13.2
32589	560088000	7.4
32589	562766400	0.3
32589	565358400	-5.8
32589	568036800	-6.4
32589	570715200	-1.8
32589	573220800	-1.2
32589	575899200	5.8
32589	578491200	9.5
32589	581169600	16.7
32589	583761600	19.4
32589	586440000	17.3
32589	589118400	10.8
32589	591710400	9.3
32589	594388800	-1.8
32589	596980800	-5.3
32589	599659200	-5.9
32589	602337600	-10.9
32589	604756800	-0.7
32589	607435200	4.4
32589	610027200	7.8
32589	612705600	14
32589	615297600	19.7
32589	617976000	15.4
32589	620654400	11.9
32589	623246400	5.5
32589	625924800	1.8
32589	628516800	-4.3
32589	631195200	-3.6
32589	633873600	-4.6
32589	636292800	0.4
32589	638971200	5.6
32589	641563200	8.1
32589	644241600	13.8
32589	646833600	18.7
32589	649512000	17
32589	652190400	15.5
32589	654782400	5.4
32589	657460800	1.3
32589	660052800	-10.8
32589	662731200	-5.9
32589	665409600	1
32589	667828800	-0.9
32589	670507200	2.4
32589	673099200	7.7
32589	675777600	12.7
32589	678369600	18.7
32589	681048000	18.9
32589	683726400	12.6
32589	686318400	5.2
32589	688996800	-2.3
32589	691588800	-3.1
32589	694267200	-3
32589	696945600	0.3
32589	699451200	4.1
32589	702129600	6
32589	704721600	11.2
32589	707400000	14.7
32589	709992000	15.1
32589	712670400	16.8
32589	715348800	11.6
32589	717940800	7.7
32589	720619200	-2.9
32589	723211200	-8
32589	725889600	-8.1
32589	728568000	-6.8
32589	730987200	2
32589	733665600	3
32589	736257600	10.8
32589	738936000	11.6
32589	741528000	12.2
32589	744206400	14
32589	746884800	10.9
32589	749476800	6
32589	752155200	-4.1
32589	754747200	-4.1
32589	757425600	-1.3
32589	760104000	-6.2
32589	762523200	2.1
32589	765201600	5.2
32589	767793600	11.3
32589	770472000	13.9
32589	773064000	17.7
32589	775742400	18.6
32589	778420800	14.5
32589	781012800	4.9
32589	783691200	-4.1
32589	786283200	-4.5
32589	788961600	-5.1
32589	791640000	-1.8
32589	794059200	-1.3
32589	796737600	2.6
32589	799329600	7.5
32589	802008000	11.7
32589	804600000	16.9
32589	807278400	16.9
32589	809956800	11.8
32589	812548800	4.3
32589	815227200	2.4
32589	817819200	-3.5
32589	820497600	-6.6
32589	823176000	-3.9
32589	825681600	-2.1
32589	828360000	4.6
32589	830952000	6.6
32589	833630400	14.7
32589	836222400	18.4
32589	838900800	17.5
32589	841579200	10.7
32589	844171200	5.8
32589	846849600	-1.4
32589	849441600	-5.5
32589	852120000	-6.5
32589	854798400	-3.4
32589	857217600	1
32589	859896000	1.9
32589	862488000	10.2
32589	865166400	13.6
32589	867758400	16.3
32589	870436800	16.9
32589	873115200	13.6
32589	875707200	5.2
32589	878385600	-0.2
32589	880977600	-5
32589	883656000	-4.5
32589	886334400	-3.3
32589	888753600	-0.4
32589	891432000	4.1
32589	894024000	10
32589	896702400	10.2
32589	899294400	19.1
32589	901972800	18.1
32589	904651200	15
32589	907243200	5.5
32589	909921600	0.7
32589	912513600	-6.1
32589	915192000	-3.4
32589	917870400	-2.4
32589	920289600	0.5
32589	922968000	2.8
32589	925560000	7.4
32589	928238400	12.1
32589	930830400	17.3
32589	933508800	17.7
32589	936187200	10.5
32589	938779200	8.3
32589	941457600	4.5
32589	944049600	-3.3
32589	946728000	-4.3
32589	949406400	-0.6
32589	951912000	0.4
32589	954590400	6.3
32589	957182400	9.2
32589	959860800	14.1
32589	962452800	18.4
32589	965131200	18
32589	967809600	11.6
32589	970401600	5.6
32589	973080000	-5.8
32589	975672000	-5.1
32589	978350400	-4.8
32589	981028800	-5.3
32589	983448000	1.1
32589	986126400	4.1
32589	988718400	11
32589	991396800	14.1
32589	993988800	18.2
32589	996667200	19.5
32589	999345600	15
32589	1001937600	6.7
32589	1004616000	2.4
32589	1007208000	-5.5
32589	1009886400	-5.4
32589	1012564800	-5.1
32589	1014984000	-3.1
32589	1017662400	3.6
32589	1020254400	9
32589	1022932800	14
32589	1025524800	19.5
32589	1028203200	15.3
32589	1030881600	12.4
32589	1033473600	3.4
32589	1036152000	-0.4
32589	1038744000	-3.2
32589	1041422400	-1.3
32589	1044100800	-5.3
32589	1046520000	1.2
32589	1049198400	4.6
32589	1051790400	9.4
32589	1054468800	13.8
32589	1057060800	20.7
32589	1059739200	20
32589	1062417600	12.4
32589	1065009600	8.5
32589	1067688000	-3.1
32589	1070280000	-3.2
32589	1072958400	-4.4
32589	1075636800	-4
32589	1078142400	4
32589	1080820800	6.1
32589	1083412800	8.8
32589	1086091200	13.5
32589	1088683200	17.8
32589	1091361600	16.1
32589	1094040000	11.5
32589	1096632000	6.6
32589	1099310400	0.2
32589	1101902400	-2.2
32589	1104580800	-3.8
32589	1107259200	-1.1
32589	1109678400	1.4
32589	1112356800	4.4
32589	1114948800	9
32589	1117627200	12.1
32589	1120219200	19
32589	1122897600	16.8
32589	1125576000	12.2
32589	1128168000	7.7
32589	1130846400	0.2
32589	1133438400	-5.7
32589	1136116800	-3
32589	1138795200	-5.3
32589	1141214400	-1.2
32589	1143892800	6.2
32589	1146484800	10.3
32589	1149163200	15.6
32589	1151755200	20.7
32589	1154433600	17.2
32589	1157112000	12.1
32589	1159704000	5.3
32589	1162382400	0
32589	1164974400	-3.8
32589	1167652800	-7.5
32589	1170331200	-2.7
32589	1172750400	3.2
32589	1175428800	5.6
32589	1178020800	10.3
32589	1180699200	15.6
32589	1183291200	21.8
32589	1185969600	17.7
32589	1188648000	11.8
32589	1191240000	6.3
32589	1193918400	-0.1
32589	1196510400	-6.4
32589	1199188800	-7.7
32589	1201867200	-2.9
32589	1204372800	-1.5
32589	1207051200	1.6
32589	1209643200	8.3
32589	1212321600	12.9
32589	1214913600	18.5
32589	1217592000	17.4
32589	1220270400	11.9
32589	1222862400	6.8
32589	1225540800	1.9
32589	1228132800	-7.6
32589	1230811200	-3.5
32589	1233489600	-1.9
32589	1235908800	-1.6
32589	1238587200	3
32589	1241179200	10.2
32589	1243857600	12.2
32589	1246449600	17
32589	1249128000	16
32589	1251806400	15
32589	1254398400	2.4
32589	1257076800	-0.2
32589	1259668800	-9
32589	1262347200	-3.9
32589	1265025600	-3.5
32589	1267444800	1.3
32589	1270123200	3.7
32589	1272715200	6.1
32589	1275393600	12.4
32589	1277985600	16.7
32589	1280664000	15.8
32589	1283342400	13
32589	1285934400	8.4
32589	1288612800	-3.1
32589	1291204800	-5.2
32589	1293883200	-4.6
32589	1296561600	-6.7
32589	1298980800	0.2
32589	1301659200	1.6
32589	1304251200	7.1
32589	1306929600	11.8
32589	1309521600	18.1
32589	1312200000	18.1
32589	1314878400	14.5
32589	1317470400	7.2
32589	1320148800	-2.2
32589	1322740800	-5.1
32589	1325419200	-3.1
32589	1328097600	-3.7
32589	1330603200	2.7
32589	1333281600	6.3
32589	1335873600	9.1
32589	1338552000	14.6
32589	1341144000	20
32589	1343822400	18.8
32589	1346500800	14.1
32589	1349092800	5.8
32589	1351771200	1
32589	1354363200	-4.9
32589	1357041600	-6
32589	1359720000	-3.5
32589	1362139200	0.2
32589	1364817600	2.7
32589	1367409600	10.1
32589	1370088000	14.5
32589	1372680000	20.1
32589	1375358400	19
32589	1378036800	13.4
32589	1380628800	4.7
32589	1383307200	0.7
32589	1385899200	-6.9
32589	1388577600	-2.2
32589	1391256000	-7.7
32589	1393675200	-0.1
32590	-2366712000	-6.9
32590	-2364033600	-4
32590	-2361614400	1.2
32590	-2358936000	7.7
32590	-2356344000	10.5
32591	-2308824000	-4.5
32591	-2306232000	-0.8
32591	-2303553600	-8.6
32591	-2300875200	-4.9
32591	-2298456000	-3
32591	-2295777600	8.3
32591	-2293185600	15.5
32591	-2290507200	15
32591	-2287915200	18.2
32591	-2285236800	20.6
32591	-2282558400	14.7
32591	-2279966400	7.4
32591	-2277288000	0.6
32591	-2274696000	-4.4
32591	-2272017600	-8
32591	-2269339200	-0.2
32591	-2266920000	0.5
32591	-2264241600	8.9
32591	-2261649600	13.5
32592	-1859198400	-12.6
32592	-1856779200	2.3
32592	-1854100800	3.6
32592	-1851508800	11.4
32592	-1848830400	18.5
32592	-1846238400	17.3
32592	-1843560000	15.6
32592	-1840881600	10.9
32592	-1838289600	6
32592	-1835611200	-7.4
32592	-1833019200	-7
32592	-1830340800	-14.3
32592	-1827662400	-6.1
32592	-1825156800	-9
32592	-1822478400	8.5
32592	-1819886400	12.3
32592	-1817208000	19.2
32592	-1814616000	17.5
32592	-1811937600	17.8
32592	-1809259200	9.7
32592	-1806667200	6.4
32592	-1803988800	2.7
32592	-1801396800	-2.4
32592	-1798718400	-14.8
32592	-1796040000	-10.4
32592	-1793620800	-5.9
32592	-1790942400	8.3
32592	-1788350400	11.7
32592	-1785672000	19.3
32592	-1783080000	19.3
32592	-1780401600	19.8
32592	-1777723200	14.6
32592	-1775131200	4.9
32592	-1772452800	1.9
32592	-1769860800	-3.9
32592	-1767182400	-9.5
32592	-1764504000	-13.6
32592	-1762084800	0.6
32592	-1759406400	7.7
32592	-1756814400	12.9
32592	-1754136000	16.7
32592	-1751544000	23.1
32592	-1748865600	19.4
32592	-1746187200	14
32592	-1743595200	7.7
32592	-1740916800	2
32592	-1738324800	-11.8
32592	-1735646400	-10.5
32592	-1732968000	-8.6
32592	-1730548800	-2.7
32592	-1727870400	11.8
32592	-1725278400	12.4
32592	-1722600000	14.5
32592	-1720008000	17.4
32592	-1717329600	21.8
32592	-1714651200	11.5
32592	-1712059200	9
32592	-1709380800	-0.8
32592	-1706788800	-4.2
32592	-1704110400	-25.2
32592	-1701432000	-9.6
32592	-1698926400	-1
32592	-1696248000	6.9
32592	-1693656000	9.8
32592	-1690977600	15.2
32592	-1688385600	19.9
32592	-1685707200	17.4
32592	-1683028800	12.4
32592	-1680436800	5.2
32592	-1677758400	-0.1
32592	-1675166400	-13.7
32592	-1672488000	-12.8
32592	-1669809600	-15.6
32592	-1667390400	-4.7
32592	-1664712000	3.9
32592	-1662120000	12.9
32592	-1659441600	15.3
32592	-1656849600	22.6
32592	-1654171200	18.5
32592	-1651492800	12.8
32592	-1648900800	4.7
32592	-1646222400	5.6
32592	-1643630400	-16.2
32592	-1640952000	-13.5
32592	-1638273600	-10.1
32592	-1635854400	0.3
32592	-1633176000	6.8
32592	-1630584000	11
32592	-1627905600	18.7
32592	-1625313600	19.6
32592	-1622635200	18.3
32592	-1619956800	12.9
32592	-1617364800	8.7
32592	-1614686400	-0.5
32592	-1612094400	-4.5
32592	-1609416000	-0.7
32592	-1606737600	-10.9
32592	-1604318400	-7.9
32592	-1601640000	8.4
32592	-1599048000	14.2
32592	-1596369600	19.5
32592	-1593777600	20.7
32592	-1591099200	20.3
32592	-1588420800	13.9
32592	-1585828800	0.8
32592	-1583150400	-7.3
32592	-1580558400	-10.5
32592	-1577880000	-13.7
32592	-1575201600	-7.2
32592	-1572696000	-3.5
32592	-1570017600	1.4
32592	-1567425600	11.6
32592	-1564747200	16.3
32592	-1562155200	21.7
32592	-1559476800	20.4
32592	-1556798400	14.3
32592	-1554206400	7.5
32592	-1551528000	-0.3
32592	-1548936000	-6.2
32592	-1546257600	-7.2
32592	-1543579200	-5.1
32592	-1541160000	-3.3
32592	-1538481600	5.5
32592	-1535889600	12
32592	-1533211200	19.7
32592	-1530619200	20.8
32592	-1527940800	19.1
32592	-1525262400	11
32592	-1522670400	9.7
32592	-1519992000	-4.8
32592	-1517400000	-7.6
32592	-1514721600	-10.2
32592	-1512043200	-17.8
32592	-1509624000	-2.7
32592	-1506945600	4.9
32592	-1504353600	12.1
32592	-1501675200	18.8
32592	-1499083200	19.7
32592	-1496404800	20.2
32592	-1493726400	15.2
32592	-1491134400	8.2
32592	-1488456000	-1.4
32592	-1485864000	-12.6
32592	-1483185600	-8.7
32592	-1480507200	-10.5
32592	-1478088000	-3.1
32592	-1475409600	6.6
32592	-1472817600	13.2
32592	-1470139200	18.2
32592	-1467547200	21.2
32592	-1464868800	18.2
32592	-1462190400	14.2
32592	-1459598400	6.6
32592	-1456920000	2.4
32592	-1454328000	-5.4
32592	-1451649600	-12.9
32592	-1448971200	-1.7
32592	-1446465600	-1.1
32592	-1443787200	6
32592	-1441195200	13.1
32592	-1438516800	15.9
32592	-1435924800	21.1
32592	-1433246400	17.1
32592	-1430568000	13
32592	-1427976000	8.5
32592	-1425297600	-3.7
32592	-1422705600	-15.3
32592	-1420027200	-11.1
32592	-1417348800	-8.8
32592	-1414929600	-2.9
32592	-1412251200	7.7
32592	-1409659200	13.1
32592	-1406980800	17.4
32592	-1404388800	20.1
32592	-1401710400	17.6
32592	-1399032000	11.2
32592	-1396440000	1.7
32592	-1393761600	-0.6
32592	-1391169600	-3.9
32592	-1388491200	-5.4
32592	-1385812800	-3.3
32592	-1383393600	1.8
32592	-1380715200	7.7
32592	-1378123200	13.7
32592	-1375444800	16.4
32592	-1372852800	21.8
32592	-1370174400	17.5
32592	-1367496000	7.8
32592	-1364904000	7.7
32592	-1362225600	-3.4
32592	-1359633600	-9.6
32592	-1356955200	-9.9
32592	-1354276800	-10.2
32592	-1351857600	-0.2
32592	-1349179200	4.7
32592	-1346587200	8.8
32592	-1343908800	16.1
32592	-1341316800	19.2
32592	-1338638400	17.4
32592	-1335960000	12
32592	-1333368000	9.1
32592	-1330689600	-7.9
32592	-1328097600	-18.6
32592	-1325419200	-7.7
32592	-1322740800	-3.9
32592	-1320235200	0.7
32592	-1317556800	4.2
32592	-1314964800	15.1
32592	-1312286400	14.2
32592	-1309694400	19.2
32592	-1307016000	16.9
32592	-1304337600	11.8
32592	-1301745600	4.4
32592	-1299067200	1
32592	-1296475200	-4.1
32592	-1293796800	-17.4
32592	-1291118400	-14.6
32592	-1288699200	1
32592	-1286020800	3.2
32592	-1283428800	10.5
32592	-1280750400	16.6
32592	-1278158400	21.5
32592	-1275480000	21.5
32592	-1272801600	10.9
32592	-1270209600	8.2
32592	-1267531200	-0.2
32592	-1264939200	-9.3
32592	-1262260800	-17.2
32592	-1259582400	-0.9
32592	-1257163200	-0.9
32592	-1254484800	9.3
32592	-1251892800	11.7
32592	-1249214400	16.1
32592	-1246622400	21
32592	-1243944000	19.9
32592	-1241265600	12.6
32592	-1238673600	3.8
32592	-1235995200	-0.2
32592	-1233403200	-1.1
32592	-1230724800	-0.5
32592	-1228046400	0.7
32592	-1225627200	-0.4
32592	-1222948800	7.3
32592	-1220356800	12.7
32592	-1217678400	18.1
32592	-1215086400	19.7
32592	-1212408000	19.5
32592	-1209729600	13.2
32592	-1207137600	7.8
32592	-1204459200	-4.1
32592	-1201867200	-5.4
32592	-1199188800	-11.2
32592	-1196510400	-9.5
32592	-1194004800	-7.3
32592	-1191326400	8.2
32592	-1188734400	13.1
32592	-1186056000	17.5
32592	-1183464000	20.3
32592	-1180785600	19.5
32592	-1178107200	13.3
32592	-1175515200	4.8
32592	-1172836800	-1.3
32592	-1170244800	-7.6
32592	-1167566400	-7.3
32592	-1164888000	-9.9
32592	-1162468800	-0.1
32592	-1159790400	4.9
32592	-1157198400	11.7
32592	-1154520000	19.3
32592	-1151928000	21.1
32592	-1149249600	19.6
32592	-1146571200	13
32592	-1143979200	5.2
32592	-1141300800	1.3
32592	-1138708800	-13
32592	-1136030400	-3.2
32592	-1133352000	-1.6
32592	-1130932800	-0.5
32592	-1128254400	9.1
32592	-1125662400	16.1
32592	-1122984000	15.7
32592	-1120392000	20.6
32592	-1117713600	19.4
32592	-1115035200	9.4
32592	-1112443200	9
32592	-1109764800	1.5
32592	-1107172800	-8.8
32592	-1104494400	-15.5
32592	-1101816000	-4.1
32592	-1099396800	-5.2
32592	-1096718400	2.6
32592	-1094126400	10.4
32592	-1091448000	15.9
32592	-1088856000	21.4
32592	-1086177600	18
32592	-1083499200	14.2
32592	-1080907200	6.2
32592	-1078228800	-6.5
32592	-1075636800	-3.8
32592	-1072958400	-14.8
32592	-1070280000	-26.6
32592	-1067774400	-1.7
32592	-1065096000	4.7
32592	-1062504000	16.5
32592	-1059825600	18.3
32592	-1057233600	25.1
32592	-1054555200	20.6
32592	-1051876800	13.5
32592	-1049284800	8
32592	-1046606400	0.8
32592	-1044014400	-9.9
32592	-1041336000	-21
32592	-1038657600	-14.4
32592	-1036238400	-2.2
32592	-1033560000	8.5
32592	-1030968000	13.7
32592	-1028289600	17.9
32592	-1025697600	22.2
32592	-1023019200	18.9
32592	-1020340800	14.3
32592	-1017748800	9.3
32592	-1015070400	-3
32592	-1012478400	-7.9
32592	-1009800000	-5.1
32592	-1007121600	-14.4
32592	-1004702400	-0.3
32592	-1002024000	6.3
32592	-999432000	11.8
32592	-996753600	17.7
32592	-994161600	20.4
32592	-991483200	17.8
32592	-988804800	18
32592	-986212800	9.1
32592	-983534400	-2.4
32592	-980942400	-5.8
32592	-978264000	-5.9
32592	-975585600	-16.7
32592	-973166400	-4.1
32592	-970488000	7.2
32592	-967896000	13.9
32592	-965217600	13.4
32592	-962625600	21.2
32592	-959947200	19.6
32592	-957268800	13.5
32592	-954676800	5
32592	-951998400	5.6
32592	-949406400	-1.8
32592	-946728000	-16.2
32592	-944049600	-10.9
32592	-941544000	-2.6
32592	-938865600	3.4
32592	-936273600	14.2
32592	-933595200	16.8
32592	-931003200	20.1
32592	-928324800	20
32592	-925646400	16.8
32592	-923054400	10.1
32592	-920376000	-8.1
32592	-917784000	-3.8
32592	-915105600	-9
32592	-912427200	-6.1
32592	-910008000	-1.2
32592	-907329600	8.5
32592	-904737600	13
32592	-902059200	17
32592	-899467200	22.4
32592	-896788800	19.6
32592	-894110400	10.3
32592	-891518400	7.7
32592	-888840000	1.9
32592	-886248000	-4.7
32592	-883569600	-4.4
32592	-880891200	-11.4
32592	-878472000	0.4
32592	-875793600	7.3
32592	-873201600	11
32592	-870523200	14.1
32592	-867931200	19.5
32592	-865252800	18.2
32592	-862574400	12.4
32592	-859982400	7.4
32592	-857304000	-5
32592	-854712000	-8.8
32592	-852033600	-18.8
32592	-849355200	-6.5
32592	-846936000	-8.3
32592	-844257600	9.7
32592	-841665600	10.4
32592	-838987200	14.3
32592	-836395200	21.1
32592	-833716800	19.2
32592	-831038400	13.5
32592	-828446400	9.6
32592	-825768000	1.4
32592	-823176000	-2.6
32592	-820497600	-5.6
32592	-817819200	-7
32592	-815313600	-6.1
32592	-812635200	9
32592	-810043200	14.4
32592	-807364800	15.5
32592	-804772800	19.7
32592	-802094400	18.1
32592	-799416000	14.3
32592	-796824000	10.7
32592	-794145600	-5.1
32592	-791553600	-8
32592	-788875200	-9.5
32592	-786196800	-9.4
32592	-783777600	0.3
32592	-781099200	2.7
32592	-778507200	10.2
32592	-775828800	14.8
32592	-773236800	21.5
32592	-770558400	20.1
32592	-767880000	11.4
32592	-765288000	8
32592	-762609600	-6.4
32592	-760017600	-11.3
32592	-757339200	-7.5
32592	-754660800	-7.2
32592	-752241600	4.4
32592	-749563200	9.6
32592	-746971200	10.6
32592	-744292800	16
32592	-741700800	21.5
32592	-739022400	17.6
32592	-736344000	12.7
32592	-733752000	4.1
32592	-731073600	-6.5
32592	-728481600	-8.8
32592	-725803200	-7.5
32592	-723124800	-11.9
32592	-720705600	-6.7
32592	-718027200	7.1
32592	-715435200	11.5
32592	-712756800	14.8
32592	-710164800	22.6
32592	-707486400	18.3
32592	-704808000	12.1
32592	-702216000	9.7
32592	-699537600	-4.2
32592	-696945600	-5.2
32592	-694267200	-4.2
32592	-691588800	-13.4
32592	-689083200	-7.3
32592	-686404800	3.2
32592	-683812800	13.2
32592	-681134400	17.3
32592	-678542400	19.6
32592	-675864000	19.8
32592	-673185600	15
32592	-670593600	8.5
32592	-667915200	0.3
32592	-665323200	-12.6
32592	-662644800	-15.7
32592	-659966400	-15.9
32592	-657547200	-1.2
32592	-654868800	10.3
32592	-652276800	14.1
32592	-649598400	16.4
32592	-647006400	19.9
32592	-644328000	20.8
32592	-641649600	14.1
32592	-639057600	5.3
32592	-636379200	6.1
32592	-633787200	-13.2
32592	-631108800	-27.6
32592	-628430400	-6.6
32592	-626011200	-4
32592	-623332800	5.2
32592	-620740800	11
32592	-618062400	16.5
32592	-615470400	19.8
32592	-612792000	17.3
32592	-610113600	13.8
32592	-607521600	6.5
32592	-604843200	-4.5
32592	-602251200	-6.6
32592	-599572800	-13.7
32592	-596894400	-11.9
32592	-594475200	-10.9
32592	-591796800	4.6
32592	-589204800	13.6
32592	-586526400	13
32592	-583934400	19.7
32592	-581256000	16.9
32592	-578577600	11.2
32592	-575985600	3.4
32592	-573307200	-0.6
32592	-570715200	-12.1
32592	-568036800	-15
32592	-565358400	-6.8
32592	-562852800	-6.7
32592	-560174400	10.1
32592	-557582400	13.3
32592	-554904000	15.7
32592	-552312000	17.7
32592	-549633600	18.1
32592	-546955200	14.8
32592	-544363200	8.8
32592	-541684800	0.2
32592	-539092800	-4.9
32592	-536414400	-9.1
32592	-533736000	-2.6
32592	-531316800	-1.4
32592	-528638400	2.7
32592	-526046400	11.2
32592	-523368000	15.7
32592	-520776000	19.6
32592	-518097600	20.1
32592	-515419200	15
32592	-512827200	11.2
32592	-510148800	4.6
32592	-507556800	-2
32592	-504878400	-18.9
32592	-502200000	1.1
32592	-499780800	-5.7
32592	-497102400	0.1
32592	-494510400	11.6
32592	-491832000	14.2
32592	-489240000	20
32592	-486561600	18
32592	-483883200	12.6
32592	-481291200	7.4
32592	-478612800	5.4
32592	-476020800	-1.4
32592	-473342400	-8.1
32592	-470664000	-9.9
32592	-468244800	-7.1
32592	-465566400	5.7
32592	-462974400	10.1
32592	-460296000	16.3
32592	-457704000	19.5
32592	-455025600	19.4
32592	-452347200	11.8
32592	-449755200	8.6
32592	-447076800	-10.9
32592	-444484800	-12.1
32592	-441806400	-14
32592	-439128000	-12.7
32592	-436622400	-3.5
32592	-433944000	4.2
32592	-431352000	12.7
32592	-428673600	17.1
32592	-426081600	19.8
32592	-423403200	18.3
32592	-420724800	13.3
32592	-418132800	7.5
32592	-415454400	1.6
32592	-412862400	-6.5
32592	-410184000	-16.7
32592	-407505600	-9.4
32592	-405086400	-0.4
32592	-402408000	5.4
32592	-399816000	14
32592	-397137600	16.1
32592	-394545600	20.9
32592	-391867200	17.7
32592	-389188800	14.3
32592	-386596800	3.5
32592	-383918400	0.9
32592	-381326400	-1.2
32592	-378648000	-2
32592	-375969600	-10.9
32592	-373550400	-5.5
32592	-370872000	6.8
32592	-368280000	16
32592	-365601600	15.9
32592	-363009600	18.7
32592	-360331200	20.8
32592	-357652800	13.7
32592	-355060800	8.6
32592	-352382400	-2.4
32592	-349790400	-6
32592	-347112000	-13.8
32592	-344433600	-12.8
32592	-342014400	2.2
32592	-339336000	6.1
32592	-336744000	9.5
32592	-334065600	17.1
32592	-331473600	20.6
32592	-328795200	17.4
32592	-326116800	12
32592	-323524800	5.1
32592	-320846400	-3.5
32592	-318254400	-0.7
32592	-315576000	-11.7
32592	-312897600	-8.5
32592	-310392000	-3.9
32592	-307713600	6.3
32592	-305121600	11.4
32592	-302443200	16.1
32592	-299851200	23.3
32592	-297172800	18.6
32592	-294494400	14.1
32592	-291902400	9.1
32592	-289224000	-2.7
32592	-286632000	-6.2
32592	-283953600	-4
32592	-281275200	-2.5
32592	-278856000	2.6
32592	-276177600	4.6
32592	-273585600	13.2
32592	-270907200	21.4
32592	-268315200	20.8
32592	-265636800	22.2
32592	-262958400	10.5
32592	-260366400	7.3
32592	-257688000	-1.8
32592	-255096000	-11.3
32592	-252417600	-8.7
32592	-249739200	-10
32592	-247320000	-7
32592	-244641600	9.2
32592	-242049600	12
32592	-239371200	18.2
32592	-236779200	18.4
32592	-234100800	19.1
32592	-231422400	13.7
32592	-228830400	10.2
32592	-226152000	4.1
32592	-223560000	-3.4
32592	-220881600	-14.1
32592	-218203200	-2.6
32592	-215784000	3.4
32592	-213105600	7.1
32592	-210513600	12.1
32592	-207835200	17
32592	-205243200	20.1
32592	-202564800	19.4
32592	-199886400	17.6
32592	-197294400	11.5
32592	-194616000	-0.4
32592	-192024000	-8.5
32592	-189345600	-6.6
32592	-186667200	0
32592	-184161600	-3.8
32592	-181483200	6.1
32592	-178891200	12.5
32592	-176212800	16.8
32592	-173620800	21.3
32592	-170942400	18.1
32592	-168264000	10.7
32592	-165672000	9.6
32592	-162993600	-2
32592	-160401600	-17.7
32592	-157723200	-13.2
32592	-155044800	-7.9
32592	-152625600	-7.5
32592	-149947200	6
32592	-147355200	11.4
32592	-144676800	15.8
32592	-142084800	20.4
32592	-139406400	19.8
32592	-136728000	7.4
32592	-134136000	10.5
32592	-131457600	-5.1
32592	-128865600	-6.6
32592	-126187200	-18.5
32592	-123508800	-9.8
32592	-121089600	1
32592	-118411200	3.7
32592	-115819200	13.6
32592	-113140800	15.2
32592	-110548800	19.9
32592	-107870400	17.8
32592	-105192000	16.1
32592	-102600000	7.1
32592	-99921600	-5.5
32592	-97329600	-5.9
32592	-94651200	-11.1
32592	-91972800	-6.5
32592	-89553600	-5
32592	-86875200	0
32592	-84283200	10.4
32592	-81604800	15.2
32592	-79012800	20.5
32592	-76334400	21
32592	-73656000	17.9
32592	-71064000	8.7
32592	-68385600	-0.2
32592	-65793600	-7.7
32592	-63115200	-10.5
32592	-60436800	-4.4
32592	-57931200	4
32592	-55252800	5.2
32592	-52660800	11
32592	-49982400	15.7
32592	-47390400	18.9
32592	-44712000	17.3
32592	-42033600	13.8
32592	-39441600	7.7
32592	-36763200	0.5
32592	-34171200	-11.4
32592	-31492800	-25
32592	-28814400	-12.1
32592	-26395200	-6.1
32592	-23716800	9.4
32592	-21124800	13.1
32592	-18446400	15.8
32592	-15854400	19.3
32592	-13176000	20.8
32592	-10497600	15
32592	-7905600	2.7
32592	-5227200	2.2
32592	-2635200	-3.8
32592	43200	-15
32592	2721600	-5.8
32592	5140800	-4.2
32592	7819200	4.4
32592	10411200	12.6
32592	13089600	19.7
32592	15681600	21.2
32592	18360000	20.2
32592	21038400	11.8
32592	23630400	5
32592	26308800	-5.5
32592	28900800	-11.3
32592	31579200	-14.4
32592	34257600	-5.4
32592	36676800	-2.6
32592	39355200	7
32592	41947200	13.6
32592	44625600	16.2
32592	47217600	18.5
32592	49896000	23
32592	52574400	11.7
32592	55166400	6.1
32592	57844800	-0.8
32592	60436800	-13.5
32592	63115200	-15.6
32592	65793600	-12.3
32592	68299200	-0.9
32592	70977600	6
32592	73569600	12.9
32592	76248000	18.2
32592	78840000	17.3
32592	81518400	21
32592	84196800	9.7
32592	86788800	4.4
32592	89467200	0.1
32592	92059200	-12
32592	94737600	-5.9
32592	97416000	-6.6
32592	99835200	3.5
32592	102513600	4.3
32592	105105600	13.1
32592	107784000	16.7
32592	110376000	19.8
32592	113054400	19.9
32592	115732800	13.2
32592	118324800	8.3
32592	121003200	-8.1
32592	123595200	-6.3
32592	126273600	-11.9
32592	128952000	-3.6
32592	131371200	-3.4
32592	134049600	8.1
32592	136641600	9.8
32592	139320000	18.7
32592	141912000	20.7
32592	144590400	16.5
32592	147268800	12
32592	149860800	9.6
32592	152539200	0.9
32592	155131200	-1.9
32592	157809600	-8.1
32592	160488000	-13.8
32592	162907200	-5.7
32592	165585600	-0.4
32592	168177600	10.9
32592	170856000	15.1
32592	173448000	21.8
32592	176126400	16.3
32592	178804800	13.3
32592	181396800	6.9
32592	184075200	-1.6
32592	186667200	-6.7
32592	189345600	-6.9
32592	192024000	-1.1
32592	194529600	-2.2
32592	197208000	9
32592	199800000	14.4
32592	202478400	15.2
32592	205070400	20.2
32592	207748800	20
32592	210427200	15.9
32592	213019200	6.3
32592	215697600	-0.6
32592	218289600	-4.2
32592	220968000	-11.6
32592	223646400	1.2
32592	226065600	1.4
32592	228744000	9.6
32592	231336000	13
32592	234014400	18.8
32592	236606400	19.3
32592	239284800	16.1
32592	241963200	12.1
32592	244555200	8.1
32592	247233600	-2.9
32592	249825600	-12
32592	252504000	-16.3
32592	255182400	-12.7
32592	257601600	-2.1
32592	260280000	6.5
32592	262872000	12.1
32592	265550400	17.2
32592	268142400	19.5
32592	270820800	17.8
32592	273499200	14.2
32592	276091200	8.8
32592	278769600	-5.5
32592	281361600	-10
32592	284040000	-17.5
32592	286718400	-16.2
32592	289137600	0.7
32592	291816000	3.5
32592	294408000	10.7
32592	297086400	17
32592	299678400	20.5
32592	302356800	20.1
32592	305035200	16.4
32593	765201600	6.5
32593	767793600	12.7
32593	770472000	15.7
32594	625924800	1.3
32594	628516800	-3
32595	-2329992000	-1.6
32595	-2327313600	1.6
32595	-2324721600	7.3
32595	-2322043200	14.7
32595	-2319451200	18.2
32596	-1349179200	3.2
32596	-1346587200	4.7
32596	-1343908800	12.7
32596	-1341316800	15.4
32596	-1338638400	14.1
32596	-1335960000	9.3
32596	-1333368000	6.7
32596	-1330689600	-8
32596	-1328097600	-12.8
32596	-1325419200	-3.7
32596	-1322740800	-3.9
32596	-1320235200	0.2
32596	-1317556800	1.8
32596	-1314964800	12
32596	-1312286400	10.6
32596	-1309694400	16.1
32596	-1307016000	13.6
32596	-1304337600	11
32596	-1301745600	3.1
32596	-1299067200	1.1
32596	-1296475200	-3.4
32596	-1293796800	-14.6
32596	-1291118400	-10.8
32596	-1288699200	-0.2
32596	-1286020800	1.2
32596	-1283428800	7.8
32596	-1280750400	12.3
32596	-1278158400	16.6
32596	-1275480000	18.2
32596	-1272801600	8.2
32596	-1270209600	7.6
32596	-1267531200	-1.5
32596	-1264939200	-7.6
32596	-1262260800	-15.5
32596	-1259582400	-2.1
32596	-1257163200	-2.5
32596	-1254484800	7
32596	-1251892800	7.3
32596	-1249214400	12
32596	-1246622400	16.9
32596	-1243944000	17.5
32596	-1241265600	10.5
32596	-1238673600	2.4
32596	-1235995200	0.8
32596	-1233403200	-0.6
32596	-1230724800	-0.1
32596	-1228046400	0.5
32596	-1225627200	-2.7
32596	-1222948800	4.3
32596	-1220356800	9.8
32596	-1217678400	13.8
32596	-1215086400	16.7
32596	-1212408000	16.6
32596	-1209729600	10.5
32596	-1207137600	7.4
32596	-1204459200	-3.6
32596	-1201867200	-3.6
32596	-1199188800	-9
32596	-1196510400	-6.1
32596	-1194004800	-6.3
32596	-1191326400	4.2
32596	-1188734400	9.3
32596	-1186056000	13.9
32596	-1183464000	16.7
32596	-1180785600	16.1
32596	-1178107200	12.4
32596	-1175515200	3.2
32596	-1172836800	-1.1
32596	-1170244800	-7.5
32596	-1167566400	-5.9
32596	-1164888000	-9.9
32596	-1162468800	-2
32596	-1159790400	1.2
32596	-1157198400	8.1
32596	-1154520000	15.1
32596	-1151928000	17.8
32596	-1149249600	16.6
32596	-1146571200	9
32596	-1143979200	4.5
32596	-1141300800	2.8
32596	-1138708800	-10.9
32596	-1136030400	-0.8
32597	1270123200	4.9
32597	1272715200	7.1
32597	1275393600	13.4
32597	1277985600	17.3
32597	1280664000	16.8
32597	1283342400	13.6
32597	1285934400	9.1
32597	1288612800	-3
32597	1291204800	-6.6
32597	1293883200	-6.1
32597	1296561600	-6.2
32597	1298980800	1.3
32597	1301659200	2.4
32597	1304251200	8
32597	1306929600	12.9
32597	1309521600	18.7
32597	1312200000	18.9
32597	1314878400	15.3
32597	1317470400	7.8
32597	1320148800	-1.8
32597	1322740800	-4.2
32597	1325419200	-1.9
32597	1328097600	-2.9
32597	1330603200	3.6
32597	1333281600	7.1
32597	1335873600	9.5
32597	1338552000	15
32597	1341144000	20.6
32597	1343822400	19.2
32597	1346500800	15.4
32597	1349092800	6.4
32597	1351771200	1.5
32597	1354363200	-4.5
32597	1357041600	-5.8
32597	1359720000	-1.9
32597	1362139200	1.2
32597	1364817600	3.7
32597	1367409600	11.4
32597	1370088000	14.7
32597	1372680000	20.8
32597	1375358400	19.5
32597	1378036800	14.3
32597	1380628800	4.7
32597	1383307200	1.1
32597	1385899200	-7.1
32597	1388577600	-1.3
32597	1391256000	-8.5
32597	1393675200	1.7
32597	1396353600	5.8
32597	1398945600	11.2
32597	1401624000	13.6
32597	1404216000	20
32597	1406894400	17.8
32597	1409572800	13.7
32597	1412164800	9.7
32597	1414843200	-2.7
32597	1417435200	-2.6
32597	1420113600	-0.7
32597	1422792000	0.9
32597	1425211200	5.3
32597	1427889600	5.9
32597	1430481600	10.9
32598	-2343124800	6.6
32598	-2340446400	-0.3
32598	-2337854400	-3.7
32598	-2335176000	-4
32598	-2332497600	-1.4
32598	-2329992000	0.7
32598	-2327313600	7.1
32598	-2324721600	9.3
32598	-2322043200	16.5
32598	-2319451200	20.4
32598	-2316772800	17.6
32598	-2314094400	11.5
32598	-2311502400	7.3
32598	-2308824000	-0.9
32598	-2306232000	2.1
32598	-2303553600	-4
32598	-2300875200	-2.3
32598	-2298456000	-0.8
32598	-2295777600	8.9
32598	-2293185600	15.9
32598	-2290507200	16.1
32598	-2287915200	16.4
32598	-2285236800	20.1
32598	-2282558400	12.2
32598	-2279966400	6.4
32598	-2277288000	0.6
32598	-2274696000	-1.8
32598	-2272017600	-3.9
32598	-2269339200	1.5
32598	-2266920000	0
32598	-2264241600	7.9
32598	-2261649600	11.2
32598	-2258971200	15.4
32599	-2245752000	-2.2
32599	-2243160000	-7.1
32599	-2240481600	-9.2
32599	-2237803200	-8
32599	-2235384000	-1.6
32599	-2232705600	2.3
32599	-2230113600	7.7
32599	-2227435200	12.2
32599	-2224843200	17.4
32599	-2222164800	12.3
32599	-2219486400	11.5
32599	-2216894400	5
32599	-2214216000	2.8
32599	-2211624000	-4.2
32599	-2208945600	-2.7
32599	-2206267200	-6
32599	-2203848000	3.1
32599	-2201169600	8.2
32599	-2198577600	10.1
32599	-2195899200	15.1
32599	-2193307200	16.3
32599	-2190628800	13.1
32599	-2187950400	10.3
32599	-2185358400	4.5
32599	-2182680000	-4.1
32599	-2180088000	-1.3
32599	-2177409600	-7.2
32599	-2174731200	-5.5
32599	-2172312000	2
32599	-2169633600	4.6
32599	-2167041600	11.3
32599	-2164363200	9.4
32599	-2161771200	16.5
32599	-2159092800	17.1
32599	-2156414400	8.5
32599	-2153822400	7.3
32599	-2151144000	1.4
32599	-2148552000	-3.8
32599	-2145873600	-6.8
32599	-2143195200	-2.7
32599	-2140776000	0.9
32599	-2138097600	4.2
32599	-2135505600	10.1
32599	-2132827200	11.5
32599	-2130235200	14.2
32599	-2127556800	14.9
32599	-2124878400	9.4
32599	-2122286400	6.1
32599	-2119608000	-1.1
32599	-2117016000	-6.2
32599	-2114337600	-4.5
32599	-2111659200	-7.7
32599	-2109240000	-0.9
32599	-2106561600	4.1
32599	-2103969600	8
32599	-2101291200	15.2
32599	-2098699200	14.1
32599	-2096020800	14.8
32599	-2093342400	8.8
32599	-2090750400	5.9
32599	-2088072000	-3.1
32599	-2085480000	-4.8
32599	-2082801600	-3.9
32599	-2080123200	-4.5
32599	-2077617600	-1.6
32599	-2074939200	6.9
32599	-2072347200	9.8
32599	-2069668800	12.5
32599	-2067076800	16.7
32599	-2064398400	16.2
32599	-2061720000	11.5
32599	-2059128000	5.3
32599	-2056449600	1.7
32599	-2053857600	-3.1
32599	-2051179200	-5.6
32599	-2048500800	-8.6
32599	-2046081600	3.3
32599	-2043403200	5.9
32599	-2040811200	9
32599	-2038132800	12.5
32599	-2035540800	17
32599	-2032862400	16.1
32599	-2030184000	11.8
32599	-2027592000	2.5
32599	-2024913600	-1.8
32599	-2022321600	-5.5
32599	-2019643200	-4.9
32599	-2016964800	-2.8
32599	-2014545600	-1.6
32599	-2011867200	7.5
32599	-2009275200	9.3
32599	-2006596800	12.1
32599	-2004004800	18.7
32599	-2001326400	15.2
32599	-1998648000	11.7
32599	-1996056000	6.3
32599	-1993377600	-2.1
32599	-1990785600	-3
32599	-1988107200	-14
32599	-1985428800	-3.2
32599	-1983009600	0
32599	-1980331200	3.5
32599	-1977739200	9.1
32599	-1975060800	12.5
32599	-1972468800	15.2
32599	-1969790400	12.9
32599	-1967112000	9.8
32599	-1964520000	6.2
32599	-1961841600	-0.1
32599	-1959249600	-4.3
32599	-1956571200	-6
32599	-1953892800	-3.7
32599	-1951387200	-0.7
32599	-1948708800	6.3
32599	-1946116800	9
32599	-1943438400	12.8
32599	-1940846400	16.9
32599	-1938168000	13.9
32599	-1935489600	10.8
32599	-1932897600	4.6
32599	-1930219200	-0.1
32599	-1927627200	-6.2
32599	-1924948800	-12.2
32599	-1922270400	-2.8
32599	-1919851200	0.9
32599	-1917172800	2.6
32599	-1914580800	8
32599	-1911902400	13.4
32599	-1909310400	15.1
32599	-1906632000	14.7
32599	-1903953600	12.5
32599	-1901361600	5.7
32599	-1898683200	0.7
32599	-1896091200	-9.2
32599	-1893412800	-7.2
32599	-1890734400	-8.2
32599	-1888315200	4
32599	-1885636800	8.4
32599	-1883044800	11.6
32599	-1880366400	13.6
32599	-1877774400	17.4
32599	-1875096000	13.1
32599	-1872417600	10.3
32599	-1869825600	7.1
32599	-1867147200	0
32599	-1864555200	-3
32599	-1861876800	-8.3
32599	-1859198400	-5.9
32599	-1856779200	2.7
32599	-1854100800	4.3
32599	-1851508800	8.3
32599	-1848830400	14.6
32599	-1846238400	15.7
32599	-1843560000	13.7
32599	-1840881600	10.6
32599	-1838289600	3.7
32599	-1835611200	-4.7
32599	-1833019200	-6.5
32599	-1830340800	-7.9
32599	-1827662400	-2.8
32599	-1825156800	-3.4
32599	-1822478400	6
32599	-1819886400	10.1
32599	-1817208000	15.2
32599	-1814616000	14.6
32599	-1811937600	13.8
32599	-1809259200	7.9
32599	-1806667200	3.6
32599	-1803988800	0
32599	-1801396800	-4.3
32599	-1798718400	-8.8
32599	-1796040000	-10.3
32599	-1793620800	-2.5
32599	-1790942400	4.9
32599	-1788350400	9
32599	-1785672000	13.9
32599	-1783080000	15.3
32599	-1780401600	15.8
32599	-1777723200	11
32599	-1775131200	3.5
32599	-1772452800	0.4
32599	-1769860800	-5.7
32599	-1767182400	-3.2
32599	-1764504000	-6.5
32599	-1762084800	1.8
32599	-1759406400	6.2
32599	-1756814400	10
32599	-1754136000	13.1
32599	-1751544000	18
32599	-1748865600	16.5
32599	-1746187200	10.1
32599	-1743595200	5
32599	-1740916800	1.3
32599	-1738324800	-7.7
32599	-1735646400	-7.6
32599	-1732968000	-1.4
32599	-1730548800	2.7
32599	-1727870400	8.3
32599	-1725278400	9.7
32599	-1722600000	13
32599	-1720008000	14.2
32599	-1717329600	18.3
32599	-1714651200	9.7
32599	-1712059200	6.8
32599	-1709380800	-1
32599	-1706788800	-5.6
32599	-1704110400	-18.2
32599	-1701432000	-4.8
32599	-1698926400	1.9
32599	-1696248000	5.9
32599	-1693656000	8
32599	-1690977600	12.9
32599	-1688385600	16.6
32599	-1685707200	15.3
32599	-1683028800	10.7
32599	-1680436800	4.2
32599	-1677758400	-3.3
32599	-1675166400	-11.2
32599	-1672488000	-7.9
32599	-1669809600	-6
32599	-1667390400	-2.4
32599	-1664712000	3.5
32599	-1662120000	10.9
32599	-1659441600	12.8
32599	-1656849600	18.1
32599	-1654171200	16.3
32599	-1651492800	11.9
32599	-1648900800	6
32599	-1646222400	1.7
32599	-1643630400	-4.8
32599	-1640952000	-5.5
32599	-1638273600	-7.4
32599	-1635854400	3.1
32599	-1633176000	6.5
32599	-1630584000	9.6
32599	-1627905600	15.7
32599	-1625313600	18
32599	-1622635200	15.1
32599	-1619956800	12.9
32599	-1617364800	7.5
32599	-1614686400	-1.3
32599	-1612094400	-3.2
32599	-1609416000	-3.7
32599	-1606737600	-5.7
32599	-1604318400	-0.7
32599	-1601640000	7.3
32599	-1599048000	10.9
32599	-1596369600	16.4
32599	-1593777600	19.4
32599	-1591099200	18.5
32599	-1588420800	11.5
32599	-1585828800	1.8
32599	-1583150400	-3.4
32599	-1580558400	-8.5
32599	-1577880000	-6.6
32599	-1575201600	-3.7
32599	-1572696000	-0.9
32599	-1570017600	3.8
32599	-1567425600	8.1
32599	-1564747200	14.9
32599	-1562155200	21
32599	-1559476800	17.5
32599	-1556798400	11.7
32599	-1554206400	6.5
32599	-1551528000	-1
32599	-1548936000	-3.4
32599	-1546257600	-4.4
32599	-1543579200	-1.8
32599	-1541160000	0.8
32599	-1538481600	4.7
32599	-1535889600	10.1
32599	-1533211200	15.6
32599	-1530619200	17.3
32599	-1527940800	16.5
32599	-1525262400	8.4
32599	-1522670400	7.1
32599	-1519992000	-1.1
32599	-1517400000	-8.9
32599	-1514721600	-10.2
32599	-1512043200	-9.8
32599	-1509624000	0.4
32599	-1506945600	4.9
32599	-1504353600	9.6
32599	-1501675200	16.2
32599	-1499083200	17.1
32599	-1496404800	17.4
32599	-1493726400	13
32599	-1491134400	6.3
32599	-1488456000	-3.3
32599	-1485864000	-11.9
32599	-1483185600	-3.1
32599	-1480507200	-8.9
32599	-1478088000	0.4
32599	-1475409600	5.7
32599	-1472817600	10
32599	-1470139200	13.7
32599	-1467547200	18.4
32599	-1464868800	16.3
32599	-1462190400	12
32599	-1459598400	4.9
32599	-1456920000	-0.6
32599	-1454328000	-4.5
32599	-1451649600	-9.7
32599	-1448971200	1.5
32599	-1446465600	0.8
32599	-1443787200	5
32599	-1441195200	11.6
32599	-1438516800	12.6
32599	-1435924800	17.5
32599	-1433246400	15.6
32599	-1430568000	11.1
32599	-1427976000	5.4
32599	-1425297600	-1.9
32599	-1422705600	-12.9
32599	-1420027200	-4.6
32599	-1417348800	1.1
32599	-1414929600	1.3
32599	-1412251200	7.1
32599	-1409659200	11.1
32599	-1406980800	14.7
32599	-1404388800	18
32599	-1401710400	14.8
32599	-1399032000	11.3
32599	-1396440000	2.7
32599	-1393761600	-1.1
32599	-1391169600	-0.3
32599	-1388491200	-4.7
32599	-1385812800	0.7
32599	-1383393600	3.7
32599	-1380715200	8.1
32599	-1378123200	10.4
32599	-1375444800	14.8
32599	-1372852800	18.9
32599	-1370174400	15.1
32599	-1367496000	7.6
32599	-1364904000	6.3
32599	-1362225600	0.4
32599	-1359633600	-6
32599	-1356955200	-7.3
32599	-1354276800	-3.9
32599	-1351857600	0.9
32599	-1349179200	4.7
32599	-1346587200	8.1
32599	-1343908800	14.4
32599	-1341316800	16.8
32599	-1338638400	16.3
32599	-1335960000	10.7
32599	-1333368000	7
32599	-1330689600	-0.3
32599	-1328097600	-11.7
32599	-1325419200	-6.7
32599	-1322740800	-3.8
32599	-1320235200	3
32599	-1317556800	4.8
32599	-1314964800	12.1
32599	-1312286400	13.3
32599	-1309694400	18.4
32599	-1307016000	14.7
32599	-1304337600	11.6
32599	-1301745600	4.9
32599	-1299067200	-0.4
32599	-1296475200	-6.7
32599	-1293796800	-13.8
32599	-1291118400	-10.2
32599	-1288699200	2.7
32599	-1286020800	4.5
32599	-1283428800	10.1
32599	-1280750400	13.3
32599	-1278158400	16.7
32599	-1275480000	17.3
32599	-1272801600	9.3
32599	-1270209600	5.9
32599	-1267531200	-2.2
32599	-1264939200	-3.9
32599	-1262260800	-16.9
32599	-1259582400	0.2
32599	-1257163200	1.4
32599	-1254484800	8.8
32599	-1251892800	9.8
32599	-1249214400	13.3
32599	-1246622400	17.3
32599	-1243944000	17
32599	-1241265600	12
32599	-1238673600	3.9
32599	-1235995200	-2.4
32599	-1233403200	-5.5
32599	-1230724800	-2.5
32599	-1228046400	-2.1
32599	-1225627200	2.4
32599	-1222948800	6.2
32599	-1220356800	11.3
32599	-1217678400	14.7
32599	-1215086400	17.4
32599	-1212408000	16.2
32599	-1209729600	11.1
32599	-1207137600	5.5
32599	-1204459200	-3.9
32599	-1201867200	-4.3
32599	-1199188800	-7.7
32599	-1196510400	-4.2
32599	-1194004800	-1.5
32599	-1191326400	6.4
32599	-1188734400	10.1
32599	-1186056000	14.8
32599	-1183464000	16.3
32599	-1180785600	15.9
32599	-1178107200	11
32599	-1175515200	5.3
32599	-1172836800	2.1
32599	-1170244800	-8.2
32599	-1167566400	-3.9
32599	-1164888000	-7.4
32599	-1162468800	2.1
32599	-1159790400	5.3
32599	-1157198400	8.8
32599	-1154520000	14.1
32599	-1151928000	16.8
32599	-1149249600	16.2
32599	-1146571200	9.7
32599	-1143979200	6
32599	-1141300800	2
32599	-1138708800	-1.9
32599	-1136030400	-0.8
32599	-1133352000	-1.8
32599	-1130932800	3.3
32599	-1128254400	9.1
32599	-1125662400	12.9
32599	-1122984000	13.8
32599	-1120392000	16.9
32599	-1117713600	15.8
32599	-1115035200	10
32599	-1112443200	6.6
32599	-1109764800	2.1
32599	-1107172800	-3.6
32599	-1104494400	-8.1
32599	-1101816000	-2.9
32599	-1099396800	-0.5
32599	-1096718400	3
32599	-1094126400	8.9
32599	-1091448000	12.7
32599	-1088856000	16.6
32599	-1086177600	14.4
32599	-1083499200	12.2
32599	-1080907200	4.6
32599	-1078228800	-3.9
32599	-1075636800	-2.6
32599	-1072958400	-4.4
32599	-1070280000	-15.7
32599	-1067774400	0.2
32599	-1065096000	6.1
32599	-1062504000	13.2
32599	-1059825600	16.1
32599	-1057233600	18.2
32599	-1054555200	16.5
32599	-1051876800	11
32599	-1049284800	6.7
32599	-1046606400	-4
32599	-1044014400	-4.6
32599	-1041336000	-19.9
32599	-1038657600	-7.5
32599	-1036238400	-0.4
32599	-1033560000	5.3
32599	-1030968000	10.6
32599	-1028289600	14.3
32599	-1025697600	17.8
32599	-1023019200	14.8
32599	-1020340800	12.6
32599	-1017748800	7.1
32599	-1015070400	0.4
32599	-1012478400	-4.7
32599	-1009800000	-4.9
32599	-1007121600	-5.3
32599	-1004702400	1.5
32599	-1002024000	6.2
32599	-999432000	10.1
32599	-996753600	15.6
32599	-994161600	18.7
32599	-991483200	15.2
32599	-988804800	14.9
32599	-986212800	6.7
32599	-983534400	-2.7
32599	-980942400	-4.6
32599	-978264000	-1.9
32599	-975585600	-6.3
32599	-973166400	1.9
32599	-970488000	7.8
32599	-967896000	10.9
32599	-965217600	12
32599	-962625600	17.4
32599	-959947200	16.7
32599	-957268800	12.1
32599	-954676800	6.6
32599	-951998400	1.2
32599	-949406400	-1.2
32599	-946728000	-8.3
32599	-944049600	-1.5
32599	-941544000	4.3
32599	-938865600	6.5
32599	-936273600	12
32599	-933595200	15.6
32599	-931003200	18.1
32599	-928324800	15.5
32599	-925646400	13.8
32599	-923054400	7.4
32599	-920376000	-4.9
32599	-917784000	-1.7
32599	-915105600	-4.1
32599	-912427200	-1.5
32599	-910008000	3.8
32599	-907329600	7.4
32599	-904737600	11
32599	-902059200	14.9
32599	-899467200	19.2
32599	-896788800	15.9
32599	-894110400	9.4
32599	-891518400	4.9
32599	-888840000	0.9
32599	-886248000	-3
32599	-883569600	-10.2
32599	-880891200	-5
32599	-878472000	1.5
32599	-875793600	7.2
32599	-873201600	9
32599	-870523200	12.4
32599	-867931200	17.4
32599	-865252800	16.1
32599	-862574400	11.6
32599	-859982400	6.8
32599	-857304000	-2.4
32599	-854712000	-4.3
32599	-852033600	-13.5
32599	-849355200	-3.7
32599	-846936000	-4.2
32599	-844257600	7.2
32599	-841665600	8.5
32599	-838987200	11.2
32599	-836395200	16.6
32599	-833716800	14.6
32599	-831038400	11.4
32599	-828446400	6
32599	-825768000	-1.5
32599	-823176000	-4.9
32599	-820497600	-5.4
32599	-817819200	-4.6
32599	-815313600	-1
32599	-812635200	6.7
32599	-810043200	10.6
32599	-807364800	14
32599	-804772800	16.6
32599	-802094400	14.5
32599	-799416000	12.4
32599	-796824000	7.1
32599	-794145600	0
32599	-791553600	-6.7
32599	-788875200	-4
32599	-786196800	-2.9
32599	-783777600	0.7
32599	-781099200	4
32599	-778507200	11
32599	-775828800	12.8
32599	-773236800	18
32599	-770558400	16.1
32599	-767880000	10
32599	-765288000	6.7
32599	-762609600	-1.8
32599	-760017600	-5.1
32599	-757339200	-3.9
32599	-754660800	-2.1
32599	-752241600	3
32599	-749563200	7.1
32599	-746971200	10.7
32599	-744292800	13.4
32599	-741700800	17.7
32599	-739022400	15.6
32599	-736344000	10.7
32599	-733752000	3
32599	-731073600	-4
32599	-728481600	-6.2
32599	-725803200	-8.1
32599	-723124800	-2.9
32599	-720705600	0.9
32599	-718027200	6.6
32599	-715435200	11.5
32599	-712756800	13.4
32599	-710164800	18
32599	-707486400	14.8
32599	-704808000	10.9
32599	-702216000	7.3
32599	-699537600	-1.4
32599	-696945600	-3.2
32599	-694267200	-5.9
32599	-691588800	-6.3
32599	-689083200	-1.8
32599	-686404800	5.9
32599	-683812800	11.1
32599	-681134400	16
32599	-678542400	15.1
32599	-675864000	15.1
32599	-673185600	11.2
32599	-670593600	4.4
32599	-667915200	-0.7
32599	-665323200	-10.4
32599	-662644800	-16.8
32599	-659966400	-7.5
32599	-657547200	-0.6
32599	-654868800	7.3
32599	-652276800	11.7
32599	-649598400	13.7
32599	-647006400	16.6
32599	-644328000	15.8
32599	-641649600	11
32599	-639057600	3.8
32599	-636379200	1.8
32599	-633787200	-5.4
32599	-631108800	-19
32599	-628430400	-3.1
32599	-626011200	-0.5
32599	-623332800	4.6
32599	-620740800	8.4
32599	-618062400	13.5
32599	-615470400	17
32599	-612792000	15.8
32599	-610113600	11.4
32599	-607521600	6.3
32599	-604843200	-1.1
32599	-602251200	-1.8
32599	-599572800	-8.2
32599	-596894400	-3.5
32599	-594475200	-3
32599	-591796800	4.7
32599	-589204800	10.4
32599	-586526400	11.7
32599	-583934400	17.6
32599	-581256000	14.6
32599	-578577600	10.7
32599	-575985600	4.1
32599	-573307200	-1.5
32599	-570715200	-10.5
32599	-568036800	-8.5
32599	-565358400	-2.3
32599	-562852800	-0.3
32599	-560174400	7.3
32599	-557582400	10.3
32599	-554904000	13.1
32599	-552312000	16.5
32599	-549633600	15.9
32599	-546955200	12.7
32599	-544363200	7.2
32599	-541684800	-2.7
32599	-539092800	-3.1
32599	-536414400	0.3
32599	-533736000	-1.7
32599	-531316800	1.9
32599	-528638400	4.2
32599	-526046400	9.8
32599	-523368000	12.2
32599	-520776000	16.2
32599	-518097600	16.1
32599	-515419200	11.6
32599	-512827200	7.1
32599	-510148800	1.1
32599	-507556800	-1.8
32599	-504878400	-9.3
32599	-502200000	0.1
32599	-499780800	-2
32599	-497102400	3.9
32599	-494510400	10.7
32599	-491832000	11.9
32599	-489240000	16.5
32599	-486561600	14.4
32599	-483883200	11.1
32599	-481291200	3.7
32599	-478612800	2.3
32599	-476020800	-3.1
32599	-473342400	-4.8
32599	-470664000	-6.7
32599	-468244800	-3.8
32599	-465566400	3.8
32599	-462974400	8.4
32599	-460296000	14.1
32599	-457704000	17.1
32599	-455025600	15.4
32599	-452347200	11.5
32599	-449755200	7.1
32599	-447076800	-5.7
32599	-444484800	-6.6
32599	-441806400	-6.3
32599	-439128000	-6.6
32599	-436622400	0.3
32599	-433944000	5.6
32599	-431352000	11
32599	-428673600	13.7
32599	-426081600	17.7
32599	-423403200	15.7
32599	-420724800	12
32599	-418132800	5.9
32599	-415454400	-2.4
32599	-412862400	-3.7
32599	-410184000	-14.4
32599	-407505600	-6
32599	-405086400	0.9
32599	-402408000	5.3
32599	-399816000	12.7
32599	-397137600	15
32599	-394545600	16.5
32599	-391867200	14
32599	-389188800	12.4
32599	-386596800	4.3
32599	-383918400	-1.1
32599	-381326400	-0.7
32599	-378648000	-2.2
32599	-375969600	0.1
32599	-373550400	0.9
32599	-370872000	5.4
32599	-368280000	14
32599	-365601600	15.5
32599	-363009600	18
32599	-360331200	19.2
32599	-357652800	11.8
32599	-355060800	6
32599	-352382400	-3
32599	-349790400	-4.3
32599	-347112000	-4.7
32599	-344433600	-6.5
32599	-342014400	1.5
32599	-339336000	6
32599	-336744000	8.5
32599	-334065600	14.1
32599	-331473600	17.4
32599	-328795200	14.8
32599	-326116800	10.6
32599	-323524800	5
32599	-320846400	-4.6
32599	-318254400	-2.9
32599	-315576000	-9.9
32599	-312897600	-4.4
32599	-310392000	-0.1
32599	-307713600	5.6
32599	-305121600	9.4
32599	-302443200	13.3
32599	-299851200	19.9
32599	-297172800	15.1
32599	-294494400	12
32599	-291902400	7
32599	-289224000	-1.3
32599	-286632000	-6.2
32599	-283953600	-4.6
32599	-281275200	1.9
32599	-278856000	2.8
32599	-276177600	3.9
32599	-273585600	10
32599	-270907200	16.9
32599	-268315200	18.1
32599	-265636800	19
32599	-262958400	9.3
32599	-260366400	4.8
32599	-257688000	-3.3
32599	-255096000	-6.7
32599	-252417600	-9.1
32599	-249739200	-3.4
32599	-247320000	-0.9
32599	-244641600	7
32599	-242049600	9.1
32599	-239371200	14.2
32599	-236779200	16.4
32599	-234100800	15.7
32599	-231422400	11.7
32599	-228830400	5.7
32599	-226152000	1.9
32599	-223560000	-0.8
32599	-220881600	-13.6
32599	-218203200	0.8
32599	-215784000	2.7
32599	-213105600	5.6
32599	-210513600	10.1
32599	-207835200	14.3
32599	-205243200	15.8
32599	-202564800	17.2
32599	-199886400	14.4
32599	-197294400	7.6
32599	-194616000	0.4
32599	-192024000	-6.4
32599	-189345600	-3.2
32599	-186667200	-2.6
32599	-184161600	-1.7
32599	-181483200	4.7
32599	-178891200	9.3
32599	-176212800	13.4
32599	-173620800	16.7
32599	-170942400	13.3
32599	-168264000	9.9
32599	-165672000	5.8
32599	-162993600	-1.3
32599	-160401600	-9.1
32599	-157723200	-3.2
32599	-155044800	-2.9
32599	-152625600	-3.1
32599	-149947200	6.5
32599	-147355200	8.8
32599	-144676800	13.2
32599	-142084800	17.2
32599	-139406400	16.5
32599	-136728000	7.2
32599	-134136000	8.3
32599	-131457600	-0.7
32599	-128865600	-4.1
32599	-126187200	-5.6
32599	-123508800	-2.8
32599	-121089600	1.1
32599	-118411200	4.8
32599	-115819200	11
32599	-113140800	12.6
32599	-110548800	17.3
32599	-107870400	15.7
32599	-105192000	14.7
32599	-102600000	5.8
32599	-99921600	-0.3
32599	-97329600	-1.8
32599	-94651200	-2
32599	-91972800	-1.2
32599	-89553600	-1.2
32599	-86875200	3.6
32599	-84283200	9.6
32599	-81604800	14.3
32599	-79012800	18.7
32599	-76334400	19
32599	-73656000	16.3
32599	-71064000	6.8
32599	-68385600	-1.2
32599	-65793600	-5.2
32599	-63115200	-5.3
32599	-60436800	-0.4
32599	-57931200	3.7
32599	-55252800	4.4
32599	-52660800	9.6
32599	-49982400	13.3
32599	-47390400	17.4
32599	-44712000	15.5
32599	-42033600	11.9
32599	-39441600	5.4
32599	-36763200	-0.4
32599	-34171200	-8.5
32599	-31492800	-13.5
32599	-28814400	-5
32599	-26395200	0.3
32599	-23716800	7.4
32599	-21124800	11.5
32599	-18446400	14.5
32599	-15854400	15.9
32599	-13176000	17.4
32599	-10497600	13
32599	-7905600	3.8
32599	-5227200	0.7
32599	-2635200	-4.4
32599	43200	-7.9
32599	2721600	-1.8
32599	5140800	0.4
32599	7819200	3.7
32599	10411200	10.9
32599	13089600	16.8
32599	15681600	19.2
32599	18360000	17.7
32599	21038400	9.5
32599	23630400	4.2
32599	26308800	-2.7
32599	28900800	-5.4
32599	31579200	-6.3
32599	34257600	-1.6
32599	36676800	0.1
32599	39355200	6.1
32599	41947200	11.2
32599	44625600	13
32599	47217600	16.7
32599	49896000	19.8
32599	52574400	10.2
32599	55166400	4
32599	57844800	0.1
32599	60436800	-7.4
32599	63115200	-9.8
32599	65793600	-2.4
32599	68299200	3.6
32599	70977600	3.8
32599	73569600	10.5
32599	76248000	14.1
32599	78840000	15.5
32599	81518400	18.7
32599	84196800	9.9
32599	86788800	4
32599	89467200	-0.5
32599	92059200	-8.7
32599	94737600	-8
32599	97416000	-2.8
32599	99835200	3.1
32599	102513600	5.6
32599	105105600	10.5
32599	107784000	14.3
32599	110376000	18.3
32599	113054400	18
32599	115732800	12.8
32599	118324800	6.3
32599	121003200	-2.2
32599	123595200	-1.9
32599	126273600	-7.5
32599	128952000	0.2
32599	131371200	1.8
32599	134049600	6.8
32599	136641600	8.4
32599	139320000	16.8
32599	141912000	17.4
32599	144590400	16.5
32599	147268800	12.2
32599	149860800	6.6
32599	152539200	0
32599	155131200	-1.6
32599	157809600	-7.1
32599	160488000	-7.2
32599	162907200	-0.8
32599	165585600	3.6
32599	168177600	9.7
32599	170856000	13.3
32599	173448000	20.4
32599	176126400	14.6
32599	178804800	11.9
32599	181396800	5.2
32599	184075200	-1.4
32599	186667200	-3.1
32599	189345600	-3.4
32599	192024000	-1.2
32599	194529600	-0.5
32599	197208000	5.9
32599	199800000	11.5
32599	202478400	11.9
32599	205070400	17.9
32599	207748800	16
32599	210427200	13.1
32599	213019200	5.7
32599	215697600	-1.2
32599	218289600	-2.3
32599	220968000	-8.3
32599	223646400	-0.7
32599	226065600	0.9
32599	228744000	7.5
32599	231336000	9.5
32599	234014400	15.8
32599	236606400	16.6
32599	239284800	16.4
32599	241963200	10.6
32599	244555200	5.2
32599	247233600	-2.5
32599	249825600	-8.1
32599	252504000	-7.9
32599	255182400	-3.2
32599	257601600	2.1
32599	260280000	5.8
32599	262872000	9
32599	265550400	14.8
32599	268142400	17.4
32599	270820800	15.1
32599	273499200	12.1
32599	276091200	6.3
32599	278769600	-3.6
32599	281361600	-9.1
32599	284040000	-17.9
32599	286718400	-3.4
32599	289137600	2.1
32599	291816000	5.8
32599	294408000	10.2
32599	297086400	15.2
32599	299678400	18.1
32599	302356800	18.1
32599	305035200	13.5
32599	307627200	7.2
32599	310305600	-3.5
32599	312897600	-0.4
32599	315576000	-10.7
32599	318254400	-2.1
32599	320760000	0.5
32599	323438400	8.3
32599	326030400	12.3
32599	328708800	13.5
32599	331300800	17.6
32599	333979200	14.6
32599	336657600	12
32599	339249600	6.9
32599	341928000	0.6
32599	344520000	-2.8
32599	347198400	-3.3
32599	349876800	-1.5
32599	352296000	3.1
32599	354974400	6.5
32599	357566400	11
32599	360244800	12.2
32599	362836800	15.8
32599	365515200	18.6
32599	368193600	12.2
32599	370785600	5.5
32599	373464000	1.1
32599	376056000	-5.2
32599	378734400	-7.7
32599	381412800	-4
32599	383832000	2.1
32599	386510400	3.8
32599	389102400	9.5
32599	391780800	15.5
32599	394372800	16.4
32599	397051200	17.3
32599	399729600	11.8
32599	402321600	5.9
32599	4.05e+08	-2.2
32599	407592000	-5
32599	410270400	-1.8
32599	412948800	0.6
32599	415368000	3.1
32599	418046400	5.2
32599	420638400	11.1
32599	423316800	14.3
32599	425908800	15.7
32599	428587200	18.8
32599	431265600	10.3
32599	433857600	6.4
32599	436536000	1.5
32599	439128000	-12.7
32599	441806400	-3.5
32599	444484800	0.1
32599	446990400	3.4
32599	449668800	5.5
32599	452260800	9.1
32599	454939200	13
32599	457531200	17.9
32599	460209600	18
32599	462888000	10.3
32599	465480000	3.8
32599	468158400	-1.1
32599	470750400	-8
32599	473428800	-8.6
32599	476107200	-6.2
32599	478526400	0.8
32599	481204800	7.2
32599	483796800	12.1
32599	486475200	14
32599	489067200	20.9
32599	491745600	15.8
32599	494424000	9.5
32599	497016000	4.1
32599	499694400	-9.9
32599	502286400	-6.8
32599	504964800	-2.5
32599	507643200	-4.7
32599	510062400	4.9
32599	512740800	5.5
32599	515332800	11.3
32599	518011200	17.8
32599	520603200	16
32599	523281600	18.9
32599	525960000	10
32599	528552000	6.7
32599	531230400	-2
32599	533822400	-3.9
32599	536500800	-6.3
32599	539179200	-2
32599	541598400	2.2
32599	544276800	8.9
32599	546868800	12.4
32599	549547200	17.2
32599	552139200	18.8
32599	554817600	17.8
32599	557496000	14.6
32599	560088000	4.6
32599	562766400	0.9
32599	565358400	-5.7
32599	568036800	-9.3
32599	570715200	-1.2
32599	573220800	3.8
32599	575899200	8.8
32599	578491200	11.1
32599	581169600	16.4
32599	583761600	18
32599	586440000	17.3
32599	589118400	12
32599	591710400	8.3
32599	594388800	1.2
32599	596980800	-4.9
32599	599659200	-4.8
32599	602337600	-9.6
32599	604756800	-0.3
32599	607435200	6.8
32599	610027200	10.1
32599	612705600	15.6
32599	615297600	18.8
32599	617976000	17.2
32599	620654400	11.2
32599	623246400	5.2
32599	625924800	1.7
32599	628516800	-4.4
32599	631195200	-2.5
32599	633873600	-4.4
32599	636292800	1.3
32599	638971200	8.3
32599	641563200	9.7
32599	644241600	13.7
32599	646833600	18.4
32599	649512000	18.5
32599	652190400	14.6
32599	654782400	5.1
32599	657460800	1.5
32599	660052800	-9.8
32599	662731200	-9.3
32599	665409600	1.6
32599	667828800	0.6
32599	670507200	6.5
32599	673099200	10.4
32599	675777600	13.7
32599	678369600	18.6
32599	681048000	19.2
32599	683726400	13.2
32599	686318400	4.8
32599	688996800	-1
32599	691588800	-2.8
32599	694267200	-1.7
32599	696945600	1.3
32599	699451200	4.4
32599	702129600	7.4
32599	704721600	12.6
32599	707400000	17
32599	709992000	16.4
32599	712670400	17.2
32599	715348800	10.3
32599	717940800	6.7
32599	720619200	-0.1
32599	723211200	-9.1
32599	725889600	-11.6
32599	728568000	-7.6
32599	730987200	2.3
32599	733665600	6.9
32599	736257600	14
32599	738936000	15.3
32599	741528000	14.4
32599	744206400	16.5
32599	746884800	11.7
32599	749476800	7.1
32599	752155200	-5
32599	754747200	-4.1
32599	757425600	0.2
32599	760104000	-5.7
32599	762523200	3
32599	765201600	8.2
32599	767793600	12.6
32599	770472000	15
32599	773064000	20.3
32599	775742400	17.6
32599	778420800	14.2
32599	781012800	5.3
32599	783691200	-3.4
32599	786283200	-5.5
32599	788961600	-6
32599	791640000	-1
32599	794059200	0.8
32599	796737600	6.7
32599	799329600	13
32599	802008000	15.5
32599	804600000	16.9
32599	807278400	16.3
32599	809956800	12.7
32599	812548800	5
32599	815227200	0.9
32599	817819200	-5.1
32599	820497600	-10.3
32599	823176000	-5.2
32599	825681600	-1.4
32599	828360000	6.6
32599	830952000	8.7
32599	833630400	15.2
32599	836222400	18.7
32599	838900800	18.5
32599	841579200	10.9
32599	844171200	5
32599	846849600	-3.7
32599	849441600	-9.7
32599	852120000	-8.5
32599	854798400	-2.7
32599	857217600	0.9
32599	859896000	4.3
32599	862488000	11.9
32599	865166400	15
32599	867758400	17.9
32599	870436800	18
32599	873115200	13.1
32599	875707200	6.3
32599	878385600	-0.7
32599	880977600	-3.5
32599	883656000	-5.2
32599	886334400	-0.4
32599	888753600	1.6
32599	891432000	6.9
32599	894024000	12.4
32599	896702400	14.6
32599	899294400	21.2
32599	901972800	18.3
32599	904651200	16
32599	907243200	5.8
32599	909921600	1.2
32599	912513600	-5.6
32599	915192000	-3.4
32599	917870400	-1.2
32599	920289600	1.8
32599	922968000	5.3
32599	925560000	10.1
32599	928238400	12.1
32599	930830400	17.1
32599	933508800	17.5
32599	936187200	12.5
32599	938779200	6.9
32599	941457600	2.5
32599	944049600	-1.4
32599	946728000	-5.5
32599	949406400	-3.1
32599	951912000	2.8
32599	954590400	6.2
32599	957182400	10.5
32599	959860800	15.2
32599	962452800	18.6
32599	965131200	17.9
32599	967809600	11.4
32599	970401600	5.5
32599	973080000	-4.5
32599	975672000	-9.2
32599	978350400	-5.3
32599	981028800	-5.7
32599	983448000	2
32599	986126400	5.3
32599	988718400	12.2
32599	991396800	14
32599	993988800	18
32599	996667200	19
32599	999345600	14.6
32599	1001937600	5.6
32599	1004616000	2.1
32599	1007208000	-4.5
32599	1009886400	-4.4
32599	1012564800	-3.3
32599	1014984000	-2.4
32599	1017662400	5.5
32599	1020254400	9.3
32599	1022932800	15.4
32599	1025524800	19.7
32599	1028203200	16.6
32599	1030881600	12.5
32599	1033473600	3
32599	1036152000	0.2
32599	1038744000	-2.2
32599	1041422400	-3.2
32599	1044100800	-3.1
32599	1046520000	1.4
32599	1049198400	6.9
32599	1051790400	9.3
32599	1054468800	15.8
32599	1057060800	21.2
32599	1059739200	20.1
32599	1062417600	12.6
32599	1065009600	6.4
32599	1067688000	-2.5
32599	1070280000	-5.5
32599	1072958400	-8
32599	1075636800	-2.3
32599	1078142400	3.2
32599	1080820800	8.5
32599	1083412800	10.8
32599	1086091200	13.8
32599	1088683200	18.8
32599	1091361600	19.8
32599	1094040000	11.7
32599	1096632000	6.8
32599	1099310400	0.5
32599	1101902400	-1
32599	1104580800	-6.2
32599	1107259200	-2.1
32599	1109678400	2.3
32599	1112356800	6.4
32599	1114948800	10.9
32599	1117627200	12.9
32599	1120219200	18.5
32599	1122897600	17.5
32599	1125576000	11.2
32599	1128168000	6.3
32599	1130846400	-0.7
32599	1133438400	-6.4
32599	1136116800	-1.6
32599	1138795200	-4.3
32599	1141214400	2.3
32599	1143892800	6
32599	1146484800	11.9
32599	1149163200	16.3
32599	1151755200	19.4
32599	1154433600	17.8
32599	1157112000	12.9
32599	1159704000	5.8
32599	1162382400	-1.9
32599	1164974400	-5.5
32599	1167652800	-6.3
32599	1170331200	-2.6
32599	1172750400	6
32599	1175428800	7
32599	1178020800	11.8
32599	1180699200	15.3
32599	1183291200	22.5
32599	1185969600	17.4
32599	1188648000	12.4
32599	1191240000	6
32599	1193918400	-1
32599	1196510400	-4.5
32599	1199188800	-7.4
32599	1201867200	-1.9
32599	1204372800	0.6
32599	1207051200	3
32599	1209643200	10.1
32599	1212321600	14
32599	1214913600	19.2
32599	1217592000	18.5
32599	1220270400	12.2
32599	1222862400	6
32599	1225540800	2.4
32599	1228132800	-8.5
32599	1230811200	-4.6
32599	1233489600	-3.1
32599	1235908800	-0.7
32599	1238587200	5.9
32599	1241179200	10.7
32599	1243857600	13.3
32599	1246449600	19.1
32599	1249128000	18.2
32599	1251806400	14.4
32599	1254398400	3.1
32599	1257076800	1.2
32599	1259668800	-8.9
32599	1262347200	-3.5
32599	1265025600	0.4
32599	1267444800	3.7
32599	1270123200	6
32599	1272715200	8.8
32599	1275393600	14.2
32599	1277985600	17.5
32599	1280664000	17.2
32599	1283342400	11.5
32599	1285934400	7.4
32599	1288612800	-2.4
32599	1291204800	-4.9
32599	1293883200	-4.9
32599	1296561600	-6.2
32599	1298980800	1.9
32599	1301659200	4.1
32599	1304251200	9.6
32599	1306929600	13.6
32599	1309521600	17.4
32599	1312200000	18.8
32599	1314878400	14.4
32599	1317470400	6.2
32599	1320148800	-1.1
32599	1322740800	-2.4
32599	1325419200	-3.9
32599	1328097600	-3
32599	1330603200	2.6
32599	1333281600	7.7
32599	1335873600	9.9
32599	1338552000	13.6
32599	1341144000	19.7
32599	1343822400	18.5
32599	1346500800	13.5
32599	1349092800	5.8
32599	1351771200	1.6
32599	1354363200	-2.7
32599	1357041600	-4.6
32599	1359720000	-0.4
32599	1362139200	2.3
32599	1364817600	5.3
32599	1367409600	11.8
32599	1370088000	14.9
32599	1372680000	20.1
32599	1375358400	19
32599	1378036800	14.2
32599	1380628800	5
32599	1383307200	-1.2
32599	1385899200	-6.8
32599	1388577600	-3.9
32599	1391256000	-7.6
32599	1393675200	-0.2
32600	-2340446400	-0.1
32600	-2337854400	-5.2
32600	-2335176000	-2.4
32600	-2332497600	-0.3
32600	-2329992000	-0.1
32600	-2327313600	5.4
32600	-2324721600	8.8
32600	-2322043200	15.8
32601	-2256379200	19.7
32601	-2253700800	21.4
32601	-2251022400	13.8
32602	310305600	-1
32602	312897600	-1.5
32602	315576000	-12.1
32602	318254400	-6.8
32602	320760000	-2.4
32602	323438400	11.3
32602	326030400	14.8
32602	328708800	17.1
32602	331300800	19.4
32602	333979200	16.3
32602	336657600	13.6
32602	339249600	8.4
32602	341928000	3
32602	344520000	-8.7
32602	347198400	-1.6
32602	349876800	-3.8
32602	352296000	3.3
32602	354974400	8.2
32602	357566400	13
32602	360244800	14.8
32602	362836800	19.3
32602	365515200	21.8
32602	368193600	15.6
32602	370785600	6.8
32602	373464000	3.6
32603	775742400	20
32603	778420800	16.4
32603	781012800	6.4
32603	783691200	-2.1
32603	786283200	-5.5
32603	788961600	-8.2
32603	791640000	-3.7
32603	794059200	-1.4
32603	796737600	3.7
32603	799329600	10.7
32603	802008000	15.5
32603	804600000	17.9
32603	807278400	17.5
32603	809956800	13.1
32603	812548800	5.3
32603	815227200	-2.6
32603	817819200	-11.6
32603	820497600	-17.5
32603	823176000	-7.2
32603	825681600	-6.2
32603	828360000	6.4
32603	830952000	8.5
32603	833630400	16.4
32603	836222400	19.1
32603	838900800	20.5
32603	841579200	11.3
32603	844171200	5.8
32603	846849600	-8.9
32603	849441600	-13.9
32603	852120000	-14.3
32603	854798400	-3.7
32603	857217600	-2
32603	859896000	3.4
32603	862488000	11.3
32603	865166400	16.6
32603	867758400	19.2
32603	870436800	19.6
32603	873115200	15.6
32603	875707200	6.3
32603	878385600	-1.4
32603	880977600	-3.4
32603	883656000	-12
32603	886334400	-0.5
32603	888753600	-2.5
32603	891432000	8.2
32603	894024000	13.3
32603	896702400	14.3
32603	899294400	21.7
32603	901972800	21.7
32603	904651200	16.9
32603	907243200	7.5
32603	909921600	-0.3
32603	912513600	-7.6
32603	915192000	-9.3
32603	917870400	-1.4
32603	920289600	1.4
32603	922968000	5.3
32603	925560000	10.2
32603	928238400	14.5
32603	930830400	17.7
32603	933508800	20.1
32603	936187200	11.8
32603	938779200	7.2
32603	941457600	3
32603	944049600	-1.1
32603	946728000	-9.6
32603	949406400	-6
32603	951912000	1.3
32603	954590400	6.3
32603	957182400	11.8
32603	959860800	15.1
32603	962452800	21.6
32603	965131200	20
32603	967809600	13
32603	970401600	6.2
32603	973080000	-3.8
32603	975672000	-12.4
32603	978350400	-5.1
32603	981028800	-12.4
32603	983448000	0.3
32603	986126400	5.9
32603	988718400	12.9
32603	991396800	15.9
32603	993988800	20.9
32603	996667200	21.9
32603	999345600	15.8
32603	1001937600	6.3
32603	1004616000	2.3
32603	1007208000	-7.7
32603	1009886400	-7
32603	1012564800	-4.1
32603	1014984000	-11.6
32603	1017662400	2
32603	1020254400	8.7
32603	1022932800	15.9
32603	1025524800	20.6
32603	1028203200	16.2
32603	1030881600	12.5
32603	1033473600	2.3
32603	1036152000	1.9
32603	1038744000	-3.4
32603	1041422400	-7.9
32603	1044100800	-8.5
32603	1046520000	-3.6
32603	1049198400	7.4
32603	1051790400	10.3
32603	1054468800	15.7
32603	1057060800	21.3
32603	1059739200	21.7
32603	1062417600	12.8
32603	1065009600	9.1
32603	1067688000	-7.2
32603	1070280000	-5.2
32603	1072958400	-11.7
32603	1075636800	-6.7
32603	1078142400	2.4
32603	1080820800	7.5
32603	1083412800	9.2
32603	1086091200	14.4
32603	1088683200	19.5
32603	1091361600	17.6
32603	1094040000	12.2
32603	1096632000	5.6
32603	1099310400	0.5
32603	1101902400	-4.8
32603	1104580800	-10.7
32603	1107259200	-1.6
32603	1109678400	1
32603	1112356800	6.9
32603	1114948800	10.7
32603	1117627200	15.3
32603	1120219200	20.3
32603	1122897600	17.8
32603	1125576000	13.2
32603	1128168000	7.3
32603	1130846400	1.2
32603	1133438400	-7.6
32603	1136116800	-0.4
32603	1138795200	-5.7
32603	1141214400	-2.5
32603	1143892800	8.3
32603	1146484800	13.4
32603	1149163200	17.4
32603	1151755200	23.3
32603	1154433600	19.8
32603	1157112000	13.8
32603	1159704000	4.5
32603	1162382400	-2.9
32603	1164974400	-4.7
32603	1167652800	-6.9
32603	1170331200	-8.7
32603	1172750400	3.3
32603	1175428800	4.7
32603	1178020800	12
32603	1180699200	16.7
32603	1183291200	24.7
32603	1185969600	19.6
32603	1188648000	12.6
32603	1191240000	8.5
32603	1193918400	-0.6
32603	1196510400	-8
32603	1199188800	-8.9
32603	1201867200	-7.6
32603	1204372800	0.3
32603	1207051200	3.5
32603	1209643200	11.5
32603	1212321600	15.2
32603	1214913600	19.8
32603	1217592000	19.3
32603	1220270400	13.1
32603	1222862400	6.9
32603	1225540800	1.6
32603	1228132800	-13.3
32603	1230811200	-9.4
32603	1233489600	-7.2
32603	1235908800	-3.9
32603	1238587200	5.3
32603	1241179200	11.4
32603	1243857600	14.7
32603	1246449600	19.2
32603	1249128000	18.3
32603	1251806400	17.3
32603	1254398400	2.9
32603	1257076800	2.1
32603	1259668800	-15.3
32603	1262347200	-10.1
32603	1265025600	-9.9
32603	1267444800	0.2
32603	1270123200	6.1
32603	1272715200	8.9
32603	1275393600	14.7
32603	1277985600	17.8
32603	1280664000	17.8
32603	1283342400	11.9
32603	1285934400	9
32603	1288612800	-4.6
32603	1291204800	-11.7
32603	1293883200	-11.1
32603	1296561600	-11.8
32603	1298980800	-6.5
32603	1301659200	3.6
32603	1304251200	9.8
32603	1306929600	14.3
32603	1309521600	19.4
32603	1312200000	20.1
32603	1314878400	15.7
32603	1317470400	7.9
32603	1320148800	-1.1
32603	1322740800	-3
32603	1325419200	-4.7
32603	1328097600	-4.5
32603	1330603200	3.9
32603	1333281600	7.2
32603	1335873600	10.3
32603	1338552000	15.4
32603	1341144000	21.4
32603	1343822400	19.9
32603	1346500800	15.2
32603	1349092800	3.3
32603	1351771200	-3.4
32603	1354363200	-8.8
32604	775742400	17.8
32604	778420800	15.6
32604	781012800	6.7
32604	783691200	-1.9
32604	786283200	-3.3
32604	788961600	-6.8
32604	791640000	-2.6
32604	794059200	-0.7
32604	796737600	4.2
32604	799329600	10.1
32604	802008000	14.5
32604	804600000	17.3
32604	807278400	15.7
32604	809956800	12.4
32604	812548800	5.8
32604	815227200	-1.5
32604	817819200	-9.5
32604	820497600	-15.4
32604	823176000	-4.1
32604	825681600	-3.9
32604	828360000	7.5
32604	830952000	8.7
32604	833630400	15.7
32604	836222400	18.4
32604	838900800	19.5
32604	841579200	11.3
32604	844171200	6
32604	846849600	-7.5
32604	849441600	-10.8
32604	852120000	-10.8
32604	854798400	-0.3
32604	857217600	-1.1
32604	859896000	3.6
32604	862488000	11.2
32604	865166400	15.9
32604	867758400	18.1
32604	870436800	18.5
32604	873115200	15.9
32604	875707200	7.3
32604	878385600	0
32604	880977600	-1.2
32604	883656000	-10.5
32604	886334400	0.3
32604	888753600	-2.5
32604	891432000	7.9
32604	894024000	13.5
32604	896702400	14.3
32604	899294400	20.3
32604	901972800	20.1
32604	904651200	16
32604	907243200	8.7
32604	909921600	0.2
32604	912513600	-6.3
32604	915192000	-5.6
32604	917870400	1.4
32604	920289600	1.9
32604	922968000	5.9
32604	925560000	10.2
32604	928238400	14.5
32604	930830400	16.4
32604	933508800	18.6
32604	936187200	12.6
32604	938779200	8.1
32604	941457600	4.2
32604	944049600	1.7
32604	946728000	-8.4
32604	949406400	-4
32604	951912000	2.2
32604	954590400	6.4
32604	957182400	12.1
32604	959860800	15.3
32604	962452800	19.8
32604	965131200	18.7
32604	967809600	13
32604	970401600	7.3
32604	973080000	-2.1
32604	975672000	-8.8
32604	978350400	-0.8
32604	981028800	-10
32604	983448000	2.1
32604	986126400	6
32604	988718400	13.8
32604	991396800	15.4
32604	993988800	19.4
32604	996667200	20.9
32604	999345600	15.4
32604	1001937600	6.9
32604	1004616000	2.7
32604	1007208000	-5.2
32604	1009886400	-3.5
32604	1012564800	-1.1
32604	1014984000	-11
32604	1017662400	2.5
32604	1020254400	9
32604	1022932800	15.9
32604	1025524800	20
32604	1028203200	15.5
32604	1030881600	12.4
32604	1033473600	3
32604	1036152000	3.9
32604	1038744000	-1.2
32604	1041422400	-4.2
32604	1044100800	-5.8
32604	1046520000	-1.6
32604	1049198400	6.4
32604	1051790400	10.4
32604	1054468800	15.8
32604	1057060800	20.3
32604	1059739200	20.3
32604	1062417600	13.1
32604	1065009600	9.5
32604	1067688000	-4.2
32604	1070280000	-0.9
32604	1072958400	-9.1
32604	1075636800	-1.4
32604	1078142400	3.6
32604	1080820800	7.9
32604	1083412800	9.8
32604	1086091200	14.2
32604	1088683200	20.3
32604	1091361600	17.4
32604	1094040000	12.3
32604	1096632000	6.2
32604	1099310400	2.8
32604	1101902400	-2.8
32604	1104580800	-7.6
32604	1107259200	-0.6
32604	1109678400	2
32604	1112356800	6.8
32604	1114948800	11.8
32604	1117627200	14.3
32604	1120219200	18.8
32604	1122897600	16.5
32604	1125576000	12.5
32604	1128168000	8.2
32604	1130846400	2.7
32604	1133438400	-3.2
32604	1136116800	1.9
32604	1138795200	-3.3
32604	1141214400	-1.3
32604	1143892800	8.2
32604	1146484800	13.3
32604	1149163200	16.7
32604	1151755200	20.9
32604	1154433600	18.7
32604	1157112000	13.9
32604	1159704000	5.7
32604	1162382400	-2.4
32604	1164974400	-0.6
32604	1167652800	-2.6
32604	1170331200	-6
32604	1172750400	4.8
32604	1175428800	5.4
32604	1178020800	12.4
32604	1180699200	16.7
32604	1183291200	22.8
32604	1185969600	17.9
32604	1188648000	12.5
32604	1191240000	8.6
32604	1193918400	0.1
32604	1196510400	-5.9
32604	1199188800	-6.5
32604	1201867200	-4.3
32604	1204372800	1.6
32604	1207051200	3.9
32604	1209643200	12.1
32604	1212321600	15
32604	1214913600	17.8
32604	1217592000	18
32604	1220270400	12.9
32604	1222862400	7.8
32604	1225540800	4.4
32604	1228132800	-9.9
32604	1230811200	-4.8
32604	1233489600	-5
32604	1235908800	-1.4
32604	1238587200	5.2
32604	1241179200	11
32604	1243857600	14.3
32604	1246449600	17.6
32604	1249128000	17.4
32604	1251806400	16.8
32604	1254398400	3.6
32604	1257076800	3.8
32604	1259668800	-11.6
32604	1262347200	-5
32604	1265025600	-3.2
32604	1267444800	5
32604	1270123200	6
32604	1272715200	8.7
32604	1275393600	15
32604	1277985600	17.9
32604	1280664000	17
32604	1283342400	11.6
32604	1285934400	9.8
32604	1288612800	-3
32604	1291204800	-6.5
32604	1293883200	-8.3
32604	1296561600	-8.5
32604	1298980800	-3.5
32604	1301659200	4.2
32604	1304251200	10.1
32604	1306929600	14.7
32604	1309521600	18.2
32604	1312200000	18.8
32604	1314878400	16.3
32604	1317470400	7.9
32604	1320148800	0.2
32604	1322740800	-0.5
32604	1325419200	-2.8
32604	1328097600	-3.1
32604	1330603200	2.8
32604	1333281600	7.6
32604	1335873600	10.8
32604	1338552000	15.4
32604	1341144000	20
32604	1343822400	19
32604	1346500800	15.4
32604	1349092800	4.4
32604	1351771200	-0.5
32604	1354363200	-7.3
32605	-894110400	7.2
32605	-891518400	6.3
32605	-888840000	2.3
32605	-886248000	-4.5
32605	-883569600	-2.7
32605	-880891200	-8.1
32605	-878472000	-2
32605	-875793600	4.9
32605	-873201600	7.3
32605	-870523200	10.4
32605	-867931200	16.3
32605	-865252800	15.5
32605	-862574400	10.9
32605	-859982400	6.5
32605	-857304000	-3.6
32605	-854712000	-4.6
32605	-852033600	-13
32605	-849355200	-3.7
32605	-846936000	-7.4
32605	-844257600	6.1
32605	-841665600	6.2
32605	-838987200	9.7
32605	-836395200	16.2
32605	-833716800	16.3
32605	-831038400	12.7
32605	-828446400	8.5
32605	-825768000	3
32605	-823176000	-0.2
32605	-820497600	-0.7
32605	-817819200	-7.2
32605	-815313600	-5.7
32605	-812635200	6.4
32605	-810043200	10.4
32605	-807364800	11.4
32605	-804772800	16.7
32605	-802094400	15
32605	-799416000	12.8
32605	-796824000	11.6
32605	-794145600	-1.2
32605	-791553600	-3.4
32605	-788875200	-3.1
32605	-786196800	-6.2
32605	-783777600	-1.9
32605	-781099200	-0.6
32605	-778507200	7.9
32605	-775828800	10.4
32605	-773236800	16.7
32605	-770558400	16.6
32605	-767880000	9.1
32605	-765288000	7.6
32605	-762609600	-4.1
32605	-760017600	-5.6
32605	-757339200	-4.3
32605	-754660800	-4
32605	-752241600	1.1
32605	-749563200	6
32605	-746971200	7.9
32605	-744292800	11.7
32605	-741700800	17.4
32605	-739022400	16
32605	-736344000	10.5
32605	-733752000	1.8
32605	-731073600	-5.9
32605	-728481600	-6.8
32605	-725803200	-5.2
32605	-723124800	-7.9
32605	-720705600	-4
32605	-718027200	4.8
32605	-715435200	9.6
32605	-712756800	11.4
32605	-710164800	18
32605	-707486400	14.5
32605	-704808000	9.7
32605	-702216000	7.3
32605	-699537600	-2.6
32605	-696945600	-2.9
32605	-694267200	-3.9
32605	-691588800	-10.6
32605	-689083200	-6.1
32605	-686404800	0.5
32605	-683812800	8.2
32605	-681134400	13.2
32605	-678542400	14.8
32605	-675864000	15.1
32605	-673185600	11.9
32605	-670593600	8.3
32605	-667915200	-0.9
32605	-665323200	-8.8
32605	-662644800	-12.4
32605	-659966400	-10.7
32605	-657547200	-2.5
32605	-654868800	7.7
32605	-652276800	10.4
32605	-649598400	12.1
32605	-647006400	15.4
32605	-644328000	17.1
32605	-641649600	11.8
32605	-639057600	2.9
32605	-636379200	5.9
32605	-633787200	-9.9
32605	-631108800	-23.1
32605	-628430400	-3
32605	-626011200	-5.5
32605	-623332800	1.3
32605	-620740800	7.4
32605	-618062400	11.5
32605	-615470400	15.3
32605	-612792000	14.7
32605	-610113600	11.7
32605	-607521600	4.7
32605	-604843200	-3.1
32605	-602251200	-1.7
32605	-599572800	-10.8
32605	-596894400	-7.8
32605	-594475200	-9
32605	-591796800	2.1
32605	-589204800	8.7
32605	-586526400	9
32605	-583934400	15.8
32605	-581256000	12.8
32605	-578577600	8.4
32605	-575985600	1.4
32605	-573307200	-0.8
32605	-570715200	-11.6
32605	-568036800	-11.2
32605	-565358400	-4.7
32605	-562852800	-4.4
32605	-560174400	5.9
32605	-557582400	9.3
32605	-554904000	11.4
32605	-552312000	14.2
32605	-549633600	14.5
32605	-546955200	12.9
32605	-544363200	9
32605	-541684800	-0.6
32605	-539092800	-1.7
32605	-536414400	-4
32605	-533736000	-2.7
32605	-531316800	-1.1
32605	-528638400	-0.5
32605	-526046400	7.3
32605	-523368000	10.6
32605	-520776000	15.7
32605	-518097600	16.3
32605	-515419200	12.4
32605	-512827200	9.5
32605	-510148800	3.8
32605	-507556800	-2.3
32605	-504878400	-14.1
32605	-502200000	-0.3
32605	-499780800	-6.9
32605	-497102400	-2.9
32605	-494510400	8
32605	-491832000	10
32605	-489240000	16.4
32605	-486561600	14.1
32605	-483883200	9.7
32605	-481291200	4.5
32605	-478612800	4.8
32605	-476020800	-0.6
32605	-473342400	-4.7
32605	-470664000	-8.6
32605	-468244800	-8.8
32605	-465566400	1.5
32605	-462974400	5.7
32605	-460296000	12.4
32605	-457704000	15
32605	-455025600	16.2
32605	-452347200	9.7
32605	-449755200	6.2
32605	-447076800	-8.5
32605	-444484800	-7.4
32605	-441806400	-8
32605	-439128000	-8.7
32605	-436622400	-3.3
32605	-433944000	2
32605	-431352000	9.1
32605	-428673600	12.6
32605	-426081600	16.1
32605	-423403200	14.6
32605	-420724800	11.2
32605	-418132800	5.2
32605	-415454400	1.8
32605	-412862400	-3.4
32605	-410184000	-13.5
32605	-407505600	-7.6
32605	-405086400	-1.5
32605	-402408000	2.7
32605	-399816000	10.3
32605	-397137600	12.3
32605	-394545600	16.6
32605	-391867200	13.9
32605	-389188800	12.1
32605	-386596800	2.4
32605	-383918400	-1
32605	-381326400	-0.8
32605	-378648000	0.3
32605	-375969600	-5
32605	-373550400	-4.9
32605	-370872000	2.8
32605	-368280000	13
32605	-365601600	12.3
32605	-363009600	14.6
32605	-360331200	17.9
32605	-357652800	10.6
32605	-355060800	8.8
32606	-2251022400	12.2
32606	-2248430400	5.5
32606	-2245752000	-1.3
32606	-2243160000	-5
32606	-2240481600	-3.9
32606	-2237803200	-9.2
32606	-2235384000	0.4
32606	-2232705600	6.6
32606	-2230113600	9.5
32606	-2227435200	14.1
32606	-2224843200	19.8
32606	-2222164800	14.8
32606	-2219486400	13.9
32606	-2216894400	6.8
32606	-2214216000	4.4
32606	-2211624000	-1.5
32606	-2208945600	-0.8
32606	-2206267200	-3.7
32606	-2203848000	5.1
32606	-2201169600	9.4
32606	-2198577600	11.8
32606	-2195899200	16.4
32606	-2193307200	18
32606	-2190628800	14.6
32606	-2187950400	11.9
32606	-2185358400	7.3
32606	-2182680000	-1.3
32606	-2180088000	1
32606	-2177409600	-4.9
32606	-2174731200	-3.9
32606	-2172312000	3.1
32606	-2169633600	6.3
32606	-2167041600	13.5
32606	-2164363200	10.8
32606	-2161771200	19.4
32606	-2159092800	19.3
32606	-2156414400	10.2
32606	-2153822400	9.3
32606	-2151144000	3
32606	-2148552000	-1.9
32606	-2145873600	-5.7
32606	-2143195200	-1.6
32606	-2140776000	2.3
32606	-2138097600	5.8
32606	-2135505600	11.3
32606	-2132827200	12.5
32606	-2130235200	16.4
32606	-2127556800	17.2
32606	-2124878400	11.3
32606	-2122286400	8.6
32606	-2119608000	1
32606	-2117016000	-2.5
32606	-2114337600	-2.2
32606	-2111659200	-4.8
32606	-2109240000	2
32606	-2106561600	5.6
32606	-2103969600	9.3
32606	-2101291200	16.3
32606	-2098699200	16.2
32606	-2096020800	17.4
32606	-2093342400	11.1
32606	-2090750400	7.8
32606	-2088072000	-1.2
32606	-2085480000	-2.2
32606	-2082801600	-1.9
32606	-2080123200	-1.8
32606	-2077617600	0.5
32606	-2074939200	8.5
32606	-2072347200	11.5
32606	-2069668800	13.9
32606	-2067076800	18.6
32606	-2064398400	18.6
32606	-2061720000	14.1
32606	-2059128000	8.4
32606	-2056449600	3.7
32606	-2053857600	-1
32606	-2051179200	-3.9
32606	-2048500800	-5.6
32606	-2046081600	5.1
32606	-2043403200	7.7
32606	-2040811200	10.1
32606	-2038132800	13.2
32606	-2035540800	18.8
32606	-2032862400	18.4
32606	-2030184000	14.4
32606	-2027592000	4
32606	-2024913600	0.6
32606	-2022321600	-3.3
32606	-2019643200	-1.8
32606	-2016964800	-0.8
32606	-2014545600	-0.3
32606	-2011867200	8.5
32606	-2009275200	10.9
32606	-2006596800	13
32606	-2004004800	20.4
32606	-2001326400	17.8
32606	-1998648000	13.9
32606	-1996056000	8.3
32606	-1993377600	0
32606	-1990785600	-1.2
32606	-1988107200	-10.3
32606	-1985428800	-1.9
32606	-1983009600	1.8
32606	-1980331200	5.2
32606	-1977739200	11.2
32606	-1975060800	13.9
32606	-1972468800	17.9
32606	-1969790400	15
32606	-1967112000	12.2
32606	-1964520000	9.9
32606	-1961841600	3
32606	-1959249600	-2.2
32606	-1956571200	-3.5
32606	-1953892800	-1.9
32606	-1951387200	1.8
32606	-1948708800	7.5
32606	-1946116800	9.9
32606	-1943438400	13.2
32606	-1940846400	19.3
32606	-1938168000	17.5
32606	-1935489600	13.9
32606	-1932897600	6.3
32606	-1930219200	2.8
32606	-1927627200	-3
32606	-1924948800	-7.5
32606	-1922270400	0.4
32606	-1919851200	2.9
32606	-1917172800	5.1
32606	-1914580800	10.1
32606	-1911902400	15.1
32606	-1909310400	16.9
32606	-1906632000	17.2
32606	-1903953600	13.6
32606	-1901361600	7.4
32606	-1898683200	2.2
32606	-1896091200	-6
32606	-1893412800	-4.9
32606	-1890734400	-7
32606	-1888315200	5.4
32606	-1885636800	10.3
32606	-1883044800	12.5
32606	-1880366400	15.5
32606	-1877774400	20.1
32606	-1875096000	15.7
32606	-1872417600	12.4
32606	-1869825600	9.1
32606	-1867147200	2.1
32606	-1864555200	-1.4
32606	-1861876800	-3.8
32606	-1859198400	-4.7
32606	-1856779200	3.9
32606	-1854100800	6.2
32606	-1851508800	9.7
32606	-1848830400	15.3
32606	-1846238400	18
32606	-1843560000	15.4
32606	-1840881600	11.4
32606	-1838289600	5.2
32606	-1835611200	-1.8
32606	-1833019200	-3.2
32606	-1830340800	-4.5
32606	-1827662400	-0.3
32606	-1825156800	-0.3
32606	-1822478400	7.7
32606	-1819886400	10.5
32606	-1817208000	16.3
32606	-1814616000	16.5
32606	-1811937600	16.2
32606	-1809259200	9.2
32606	-1806667200	6.1
32606	-1803988800	2.3
32606	-1801396800	-1.1
32606	-1798718400	-5.5
32606	-1796040000	-7.5
32606	-1793620800	-1.2
32606	-1790942400	7
32606	-1788350400	9.4
32606	-1785672000	14.3
32606	-1783080000	17.4
32606	-1780401600	17.9
32606	-1777723200	13.4
32606	-1775131200	5.9
32606	-1772452800	2.2
32606	-1769860800	-4.1
32606	-1767182400	-0.1
32606	-1764504000	-4.6
32606	-1762084800	4
32606	-1759406400	7.1
32606	-1756814400	11.7
32606	-1754136000	14
32606	-1751544000	19.8
32606	-1748865600	17.8
32606	-1746187200	12.1
32606	-1743595200	5.7
32606	-1740916800	2.4
32606	-1738324800	-7.5
32606	-1735646400	-8
32606	-1732968000	-3.7
32606	-1730548800	2.6
32606	-1727870400	10
32606	-1725278400	10.5
32606	-1722600000	13.6
32606	-1720008000	15.6
32606	-1717329600	20
32606	-1714651200	11
32606	-1712059200	8.1
32606	-1709380800	0.3
32606	-1706788800	-3.3
32606	-1704110400	-16
32606	-1701432000	-4.2
32606	-1698926400	3.8
32606	-1696248000	6.9
32606	-1693656000	8.2
32606	-1690977600	13.4
32606	-1688385600	16.9
32606	-1685707200	16.9
32606	-1683028800	12.5
32606	-1680436800	5.7
32606	-1677758400	-1.9
32606	-1675166400	-8
32606	-1672488000	-6.3
32606	-1669809600	-3.7
32606	-1667390400	-2.9
32606	-1664712000	5.2
32606	-1662120000	10.7
32606	-1659441600	13.1
32606	-1656849600	19.7
32606	-1654171200	18
32606	-1651492800	14.3
32606	-1648900800	7.4
32606	-1646222400	2.4
32606	-1643630400	1.1
32606	-1640952000	-4.1
32606	-1638273600	-2.7
32606	-1635854400	4.2
32606	-1633176000	6.4
32606	-1630584000	11.1
32606	-1627905600	18.9
32606	-1625313600	20.4
32606	-1622635200	17.6
32606	-1619956800	15
32606	-1617364800	9.5
32606	-1614686400	0.2
32606	-1612094400	-1
32606	-1609416000	-3.1
32606	-1606737600	-3.7
32606	-1604318400	2
32606	-1601640000	8.1
32606	-1599048000	10.5
32606	-1596369600	15.3
32606	-1593777600	19.9
32606	-1591099200	18.6
32606	-1588420800	12.4
32606	-1585828800	3.3
32606	-1583150400	-1.9
32606	-1580558400	-9.3
32606	-1577880000	-3.2
32606	-1575201600	-1.1
32606	-1572696000	1.5
32606	-1570017600	4.6
32606	-1567425600	9.3
32606	-1564747200	12.5
32606	-1562155200	20.1
32606	-1559476800	18
32606	-1556798400	12.8
32606	-1554206400	6.2
32606	-1551528000	0.7
32606	-1548936000	-1.2
32606	-1546257600	-2.7
32606	-1543579200	0.4
32606	-1541160000	3.1
32606	-1538481600	6.5
32606	-1535889600	12.3
32606	-1533211200	16.8
32606	-1530619200	18.7
32606	-1527940800	18.1
32606	-1525262400	10
32606	-1522670400	9.2
32606	-1519992000	0.1
32606	-1517400000	-4.2
32606	-1514721600	-8.7
32606	-1512043200	-7.7
32606	-1509624000	-0.4
32606	-1506945600	5.2
32606	-1504353600	10.8
32606	-1501675200	18.5
32606	-1499083200	18.5
32606	-1496404800	19.3
32606	-1493726400	15.2
32606	-1491134400	8.2
32606	-1488456000	-1.3
32606	-1485864000	-5.2
32606	-1483185600	-0.2
32606	-1480507200	-6.8
32606	-1478088000	1.9
32606	-1475409600	6.5
32606	-1472817600	11.4
32606	-1470139200	14.8
32606	-1467547200	20.9
32606	-1464868800	18.5
32606	-1462190400	14.7
32606	-1459598400	7.3
32606	-1456920000	1.8
32606	-1454328000	-1.7
32606	-1451649600	-6.9
32606	-1448971200	2.3
32606	-1446465600	2
32606	-1443787200	6.4
32606	-1441195200	13.7
32606	-1438516800	14
32606	-1435924800	19.4
32606	-1433246400	16.8
32606	-1430568000	12.7
32606	-1427976000	7.6
32606	-1425297600	-0.4
32606	-1422705600	-8.6
32606	-1420027200	-1.2
32606	-1417348800	3.1
32606	-1414929600	3.8
32606	-1412251200	8.8
32606	-1409659200	13.1
32606	-1406980800	15.6
32606	-1404388800	20.4
32606	-1401710400	17.1
32606	-1399032000	12.9
32606	-1396440000	4.7
32606	-1393761600	0.9
32606	-1391169600	1.4
32606	-1388491200	-3.9
32606	-1385812800	2.1
32606	-1383393600	3.9
32606	-1380715200	8.8
32606	-1378123200	11.2
32606	-1375444800	15.8
32606	-1372852800	20.1
32606	-1370174400	18
32606	-1367496000	9.8
32606	-1364904000	8.7
32606	-1362225600	3
32606	-1359633600	-2
32606	-1356955200	-4.9
32606	-1354276800	-1.3
32606	-1351857600	3.6
32606	-1349179200	6.2
32606	-1346587200	9.5
32606	-1343908800	15.9
32606	-1341316800	19.1
32606	-1338638400	17.6
32606	-1335960000	12.1
32606	-1333368000	8.5
32606	-1330689600	3.9
32606	-1328097600	-9.1
32606	-1325419200	-4
32606	-1322740800	-3.6
32606	-1320235200	3.4
32606	-1317556800	6
32606	-1314964800	14.2
32606	-1312286400	14.2
32606	-1309694400	19.4
32606	-1307016000	16.8
32606	-1304337600	13.4
32606	-1301745600	7.1
32606	-1299067200	1.2
32606	-1296475200	-4.9
32606	-1293796800	-12
32606	-1291118400	-8.6
32606	-1288699200	3.1
32606	-1286020800	5.6
32606	-1283428800	10.7
32606	-1280750400	14.3
32606	-1278158400	19.2
32606	-1275480000	20.2
32606	-1272801600	10.7
32606	-1270209600	7.1
32606	-1267531200	-0.9
32606	-1264939200	0.2
32606	-1262260800	-14.5
32606	-1259582400	2.1
32606	-1257163200	1.9
32606	-1254484800	10.2
32606	-1251892800	11.2
32606	-1249214400	14.6
32606	-1246622400	19.9
32606	-1243944000	20.3
32606	-1241265600	14.4
32606	-1238673600	5.4
32606	-1235995200	-1.2
32606	-1233403200	-3.2
32606	-1230724800	-1
32606	-1228046400	-1.1
32606	-1225627200	3.4
32606	-1222948800	7.6
32606	-1220356800	13.1
32606	-1217678400	17.1
32606	-1215086400	20
32606	-1212408000	19.8
32606	-1209729600	13.1
32606	-1207137600	6.4
32606	-1204459200	-2
32606	-1201867200	-4.8
32606	-1199188800	-6.3
32606	-1196510400	-3
32606	-1194004800	-1.6
32606	-1191326400	7.1
32606	-1188734400	11.5
32606	-1186056000	15.9
32606	-1183464000	18.9
32606	-1180785600	18
32606	-1178107200	12.5
32606	-1175515200	7.4
32606	-1172836800	4.3
32606	-1170244800	-6.8
32606	-1167566400	-2.4
32606	-1164888000	-5.8
32606	-1162468800	2.7
32606	-1159790400	6.3
32606	-1157198400	9.2
32606	-1154520000	16.6
32606	-1151928000	19.2
32606	-1149249600	18.1
32606	-1146571200	11.9
32606	-1143979200	8.6
32606	-1141300800	3.1
32606	-1138708800	0.8
32606	-1136030400	1.7
32606	-1133352000	0.5
32606	-1130932800	5.9
32606	-1128254400	10.4
32606	-1125662400	13.7
32606	-1122984000	15.1
32606	-1120392000	19
32606	-1117713600	18.3
32606	-1115035200	11.6
32606	-1112443200	8.3
32606	-1109764800	3.9
32606	-1107172800	-1.3
32606	-1104494400	-3.7
32606	-1101816000	-1.8
32606	-1099396800	1.3
32606	-1096718400	4.3
32606	-1094126400	10.5
32606	-1091448000	14.5
32606	-1088856000	18.5
32606	-1086177600	17
32606	-1083499200	14.4
32606	-1080907200	7.1
32606	-1078228800	-1.3
32606	-1075636800	-1.1
32606	-1072958400	-1.9
32606	-1070280000	-14.1
32606	-1067774400	1.6
32606	-1065096000	7.5
32606	-1062504000	14.7
32606	-1059825600	16.9
32606	-1057233600	21.3
32606	-1054555200	19.3
32606	-1051876800	13
32606	-1049284800	8.8
32606	-1046606400	-3.7
32606	-1044014400	0.1
32606	-1041336000	-17.1
32606	-1038657600	-4.5
32606	-1036238400	1.3
32606	-1033560000	6.4
32606	-1030968000	12.1
32606	-1028289600	16.1
32606	-1025697600	21.2
32606	-1023019200	17.2
32606	-1020340800	14.2
32606	-1017748800	8.8
32606	-1015070400	3.2
32606	-1012478400	-0.9
32606	-1009800000	-2.3
32606	-1007121600	-5.6
32606	-1004702400	1.6
32606	-1002024000	7.5
32606	-999432000	11.5
32606	-996753600	16.7
32606	-994161600	20.3
32606	-991483200	17.9
32606	-988804800	16.1
32606	-986212800	7.4
32606	-983534400	-1.1
32606	-980942400	-1
32606	-978264000	0.6
32606	-975585600	-3.9
32606	-973166400	3.2
32606	-970488000	8.7
32606	-967896000	13.1
32606	-965217600	13.5
32606	-962625600	19.4
32606	-959947200	18.8
32606	-957268800	14.1
32606	-954676800	8.5
32606	-951998400	1
32606	-949406400	1.2
32606	-946728000	-8
32606	-944049600	-0.1
32606	-941544000	5.7
32606	-938865600	8.3
32606	-936273600	13.8
32606	-933595200	17.6
32606	-931003200	20.4
32606	-928324800	18.8
32606	-925646400	15.9
32606	-923054400	9.9
32606	-920376000	-2.7
32606	-917784000	-0.6
32606	-915105600	-2.5
32606	-912427200	0.3
32606	-910008000	5.5
32606	-907329600	8.7
32606	-904737600	12.4
32606	-902059200	16
32606	-899467200	20.7
32606	-896788800	18.2
32606	-894110400	11.1
32606	-891518400	6.2
32606	-888840000	1.3
32606	-886248000	-1.1
32606	-883569600	-9.7
32606	-880891200	-5.7
32606	-878472000	2.1
32606	-875793600	8
32606	-873201600	10.2
32606	-870523200	12.7
32606	-867931200	18.7
32606	-865252800	18.2
32606	-862574400	13.8
32606	-859982400	8.4
32606	-857304000	1.5
32606	-854712000	-0.9
32606	-852033600	-8.8
32606	-849355200	-3.8
32606	-846936000	-2.4
32606	-844257600	8.9
32606	-841665600	9.6
32606	-838987200	12.3
32606	-836395200	18.3
32606	-833716800	17.3
32606	-831038400	13.7
32606	-828446400	8.1
32606	-825768000	0.1
32606	-823176000	-3.4
32606	-820497600	-2.3
32606	-817819200	-1.7
32606	-815313600	0.6
32606	-812635200	7.8
32606	-810043200	12.1
32606	-807364800	14.9
32606	-804772800	18.4
32606	-802094400	16.7
32606	-799416000	14.2
32606	-796824000	9.2
32606	-794145600	1.9
32606	-791553600	-4.8
32606	-788875200	-0.2
32606	-786196800	-0.2
32606	-783777600	2.9
32606	-781099200	5.3
32606	-778507200	11.4
32606	-775828800	14.3
32606	-773236800	19.7
32606	-770558400	19
32606	-767880000	11.8
32606	-765288000	8.9
32606	-762609600	2.2
32606	-760017600	-3.6
32606	-757339200	-0.7
32606	-754660800	0.5
32606	-752241600	4.9
32606	-749563200	7.9
32606	-746971200	11.6
32606	-744292800	14.3
32606	-741700800	19.3
32606	-739022400	17.6
32606	-736344000	12.9
32606	-733752000	4.7
32606	-731073600	-0.9
32606	-728481600	-1.5
32606	-725803200	-5.3
32606	-723124800	-0.3
32606	-720705600	3.3
32606	-718027200	7.7
32606	-715435200	13.1
32606	-712756800	13.4
32606	-710164800	19
32606	-707486400	17.1
32606	-704808000	12.7
32606	-702216000	9.1
32606	-699537600	0.1
32606	-696945600	-0.9
32606	-694267200	-2
32606	-691588800	-1.7
32606	-689083200	-0.4
32606	-686404800	6.7
32606	-683812800	11.6
32606	-681134400	16.6
32606	-678542400	16.6
32606	-675864000	16.8
32606	-673185600	12.8
32606	-670593600	6.3
32606	-667915200	1.8
32606	-665323200	-6.3
32606	-662644800	-14.7
32606	-659966400	-5.5
32606	-657547200	0.2
32606	-654868800	9.3
32606	-652276800	13.4
32606	-649598400	15.7
32606	-647006400	18.1
32606	-644328000	18.3
32606	-641649600	13
32606	-639057600	5.5
32606	-636379200	3.1
32606	-633787200	-1.8
32606	-631108800	-11.7
32606	-628430400	-2.6
32606	-626011200	1.2
32606	-623332800	5.9
32606	-620740800	9.8
32606	-618062400	14.1
32606	-615470400	18.1
32606	-612792000	17.5
32606	-610113600	12.8
32606	-607521600	8.7
32606	-604843200	0.1
32606	-602251200	0.2
32606	-599572800	-3.7
32606	-596894400	-0.9
32606	-594475200	-0.5
32606	-591796800	6.9
32606	-589204800	10.9
32606	-586526400	12.8
32606	-583934400	18.5
32606	-581256000	17.6
32606	-578577600	12
32606	-575985600	6.2
32606	-573307200	0.5
32606	-570715200	-5.8
32606	-568036800	-6.7
32606	-565358400	-1.5
32606	-562852800	1.1
32606	-560174400	8.8
32606	-557582400	12.2
32606	-554904000	14.5
32606	-552312000	18.5
32606	-549633600	18.2
32606	-546955200	14.5
32606	-544363200	8.4
32606	-541684800	-0.5
32606	-539092800	-1.5
32606	-536414400	3.4
32606	-533736000	1.1
32606	-531316800	3.7
32606	-528638400	5.6
32606	-526046400	9.8
32606	-523368000	13.8
32606	-520776000	19.9
32606	-518097600	18.9
32606	-515419200	15.1
32606	-512827200	8.7
32606	-510148800	3.4
32606	-507556800	1.1
32606	-504878400	-4.4
32606	-502200000	0.7
32606	-499780800	-0.2
32606	-497102400	6.7
32606	-494510400	12.5
32606	-491832000	14
32606	-489240000	19.6
32606	-486561600	16.9
32606	-483883200	12.7
32606	-481291200	5.3
32606	-478612800	3.6
32606	-476020800	-1.9
32606	-473342400	-4.3
32606	-470664000	-3.6
32606	-468244800	-2.1
32606	-465566400	5
32606	-462974400	9.7
32606	-460296000	16.1
32606	-457704000	18
32606	-455025600	19
32606	-452347200	13.3
32606	-449755200	8.2
32606	-447076800	-4.5
32606	-444484800	-4.2
32606	-441806400	-4.3
32606	-439128000	-7.3
32606	-436622400	0.2
32606	-433944000	7.7
32606	-431352000	12.6
32606	-428673600	15.2
32606	-426081600	19.6
32606	-423403200	17.6
32606	-420724800	14.2
32606	-418132800	7.3
32606	-415454400	-0.1
32606	-412862400	-0.6
32606	-410184000	-12.2
32606	-407505600	-3.3
32606	-405086400	1.4
32606	-402408000	6.8
32606	-399816000	13.9
32606	-397137600	16.1
32606	-394545600	19.4
32606	-391867200	17.7
32606	-389188800	14.7
32606	-386596800	4.9
32606	-383918400	0.5
32606	-381326400	1.5
32606	-378648000	-1.1
32606	-375969600	-0.3
32606	-373550400	1.9
32606	-370872000	6.6
32606	-368280000	15.7
32606	-365601600	16.6
32606	-363009600	18.6
32606	-360331200	20.6
32606	-357652800	13.4
32606	-355060800	7.1
32606	-352382400	0.7
32606	-349790400	-1.4
32606	-347112000	-2.3
32606	-344433600	-4.3
32606	-342014400	2.9
32606	-339336000	7.6
32606	-336744000	9.2
32606	-334065600	15.9
32606	-331473600	19.4
32606	-328795200	17.5
32606	-326116800	12.1
32606	-323524800	7.5
32606	-320846400	-3.1
32606	-318254400	-2.2
32606	-315576000	-7.7
32606	-312897600	-3
32606	-310392000	1.5
32606	-307713600	6.7
32606	-305121600	10.7
32606	-302443200	16
32606	-299851200	21.9
32606	-297172800	16.9
32606	-294494400	14
32606	-291902400	7.8
32606	-289224000	1
32606	-286632000	-3.7
32606	-283953600	-2.1
32606	-281275200	3.2
32606	-278856000	2.9
32606	-276177600	5.7
32606	-273585600	11.2
32606	-270907200	18.4
32606	-268315200	20.4
32606	-265636800	21.1
32606	-262958400	10.7
32606	-260366400	5.8
32606	-257688000	-2.4
32606	-255096000	-3.6
32606	-252417600	-9.3
32606	-249739200	-2.1
32606	-247320000	0.3
32606	-244641600	8.7
32606	-242049600	10.5
32606	-239371200	15.1
32606	-236779200	18
32606	-234100800	17.7
32606	-231422400	12.8
32606	-228830400	6.8
32606	-226152000	2.8
32606	-223560000	0.6
32606	-220881600	-11.6
32606	-218203200	0.4
32606	-215784000	4.2
32606	-213105600	6.4
32606	-210513600	11.6
32606	-207835200	15.5
32606	-205243200	18
32606	-202564800	19.1
32606	-199886400	15.8
32606	-197294400	8.7
32606	-194616000	2.3
32606	-192024000	-5.8
32606	-189345600	-1.3
32606	-186667200	-0.1
32606	-184161600	1.1
32606	-181483200	5.9
32606	-178891200	10.6
32606	-176212800	15.6
32606	-173620800	19.2
32606	-170942400	16.4
32606	-168264000	11.4
32606	-165672000	6.3
32606	-162993600	1.1
32606	-160401600	-4.7
32606	-157723200	-1.6
32606	-155044800	-0.5
32606	-152625600	-2.1
32606	-149947200	7.6
32606	-147355200	10.4
32606	-144676800	14.4
32606	-142084800	18.9
32606	-139406400	18
32606	-136728000	8.7
32606	-134136000	9
32606	-131457600	2.3
32606	-128865600	-1.1
32606	-126187200	-2.3
32606	-123508800	-2.7
32606	-121089600	2.2
32606	-118411200	6.3
32606	-115819200	12.5
32606	-113140800	14
32606	-110548800	18.8
32606	-107870400	17.8
32606	-105192000	16
32606	-102600000	7.5
32606	-99921600	1
32606	-97329600	-0.3
32606	-94651200	0
32606	-91972800	1.8
32606	-89553600	1
32606	-86875200	4.2
32606	-84283200	11
32606	-81604800	15.4
32606	-79012800	20.3
32606	-76334400	20.8
32606	-73656000	16.9
32606	-71064000	8.1
32606	-68385600	0.2
32606	-65793600	-3
32606	-63115200	-4.8
32606	-60436800	1.1
32606	-57931200	5.4
32606	-55252800	5.6
32606	-52660800	10.5
32606	-49982400	15.2
32606	-47390400	19.5
32606	-44712000	16.9
32606	-42033600	12.6
32606	-39441600	6.2
32606	-36763200	1.3
32606	-34171200	-5.7
32606	-31492800	-9.4
32606	-28814400	-5.4
32606	-26395200	-1.7
32606	-23716800	8.2
32606	-21124800	12.5
32606	-18446400	15.1
32606	-15854400	17.9
32606	-13176000	18.3
32606	-10497600	13.5
32606	-7905600	4.8
32606	-5227200	0.7
32606	-2635200	-2.3
32606	43200	-4.6
32606	2721600	-0.5
32606	5140800	1
32606	7819200	4.1
32606	10411200	11.9
32606	13089600	17.5
32606	15681600	20
32606	18360000	18.7
32606	21038400	10.4
32606	23630400	5.1
32606	26308800	-0.9
32606	28900800	-3
32606	31579200	-3.3
32606	34257600	-0.8
32606	36676800	1.3
32606	39355200	6.7
32606	41947200	12.2
32606	44625600	14.2
32606	47217600	18.5
32606	49896000	20.8
32606	52574400	10.6
32606	55166400	5.1
32606	57844800	0.8
32606	60436800	-4.2
32606	63115200	-5.7
32606	65793600	-1.5
32606	68299200	5
32606	70977600	5.3
32606	73569600	12.1
32606	76248000	16.7
32606	78840000	18.1
32606	81518400	19.9
32606	84196800	11.8
32606	86788800	5.1
32606	89467200	0.9
32606	92059200	-6.6
32606	94737600	-5.2
32606	97416000	-1.2
32606	99835200	3.9
32606	102513600	6.5
32606	105105600	12
32606	107784000	15.6
32606	110376000	19.9
32606	113054400	19
32606	115732800	12.3
32606	118324800	6.8
32606	121003200	-0.1
32606	123595200	0.1
32606	126273600	-6.4
32606	128952000	1.5
32606	131371200	2.4
32606	134049600	7.1
32606	136641600	9.4
32606	139320000	17.5
32606	141912000	18.9
32606	144590400	17.7
32606	147268800	12.9
32606	149860800	7.2
32606	152539200	1.9
32606	155131200	-1
32606	157809600	-3.4
32606	160488000	-3.7
32606	162907200	0.7
32606	165585600	4
32606	168177600	9.8
32606	170856000	13.6
32606	173448000	21.1
32606	176126400	16.4
32606	178804800	12.5
32606	181396800	7
32606	184075200	-0.1
32606	186667200	-1.2
32606	189345600	-1.8
32606	192024000	0.2
32606	194529600	1.1
32606	197208000	6.9
32606	199800000	12.7
32606	202478400	13.6
32606	205070400	18.9
32606	207748800	17
32606	210427200	14
32606	213019200	6.9
32606	215697600	0.8
32606	218289600	-1.4
32606	220968000	-6.5
32606	223646400	-0.2
32606	226065600	2.8
32606	228744000	8.7
32606	231336000	10.7
32606	234014400	17.8
32606	236606400	18.5
32606	239284800	18.7
32606	241963200	12.6
32606	244555200	6.6
32606	247233600	-0.2
32606	249825600	-3.7
32606	252504000	-4.4
32606	255182400	-2.2
32606	257601600	3.5
32606	260280000	7.3
32606	262872000	10
32606	265550400	16.1
32606	268142400	17.9
32606	270820800	17.4
32606	273499200	13.1
32606	276091200	7.6
32606	278769600	-3.4
32606	281361600	-7.3
32606	284040000	-16.3
32606	286718400	-2.5
32606	289137600	3
32606	291816000	6.5
32606	294408000	11.7
32606	297086400	16.4
32606	299678400	18.5
32606	302356800	18
32606	305035200	14.6
32606	307627200	8.9
32606	310305600	-1.7
32606	312897600	-0.3
32606	315576000	-8.2
32606	318254400	-1.4
32606	320760000	0.9
32606	323438400	9.6
32606	326030400	12.3
32606	328708800	14.7
32606	331300800	18.3
32606	333979200	15.5
32606	336657600	13.3
32606	339249600	7.2
32606	341928000	2.1
32606	344520000	0.7
32606	347198400	-0.8
32606	349876800	0.4
32606	352296000	3.9
32606	354974400	7.9
32606	357566400	11.3
32606	360244800	13.2
32606	362836800	17.5
32606	365515200	19.5
32606	368193600	13.7
32606	370785600	6.8
32606	373464000	1
32606	376056000	-2.4
32606	378734400	-4.9
32606	381412800	-3.7
32606	383832000	3.5
32606	386510400	5.1
32606	389102400	10.6
32606	391780800	15.8
32606	394372800	17
32606	397051200	18
32606	399729600	12.7
32606	402321600	6.5
32606	4.05e+08	-1.9
32606	407592000	-3
32606	410270400	0.1
32606	412948800	2.6
32606	415368000	4.5
32606	418046400	6.6
32606	420638400	11.6
32606	423316800	15.1
32606	425908800	16.3
32606	428587200	19.5
32606	431265600	11.1
32606	433857600	7
32606	436536000	2.3
32606	439128000	-10.1
32606	441806400	-3.3
32606	444484800	0.8
32606	446990400	4.7
32606	449668800	6.8
32606	452260800	10.5
32606	454939200	14
32606	457531200	19.1
32606	460209600	19.2
32606	462888000	11.1
32606	465480000	5.2
32606	468158400	1.4
32606	470750400	-4.1
32606	473428800	-6.3
32606	476107200	-5.2
32606	478526400	2.1
32606	481204800	8.8
32606	483796800	13
32606	486475200	16.6
32606	489067200	22.4
32606	491745600	16.8
32606	494424000	10.7
32606	497016000	5.9
32606	499694400	-6
32606	502286400	-9
32606	504964800	-1.5
32606	507643200	-1.2
32606	510062400	7
32606	512740800	7.6
32606	515332800	12.6
32606	518011200	19.1
32606	520603200	16.8
32606	523281600	20.1
32606	525960000	11.1
32606	528552000	6.1
32606	531230400	-0.3
32606	533822400	-5.4
32606	536500800	-4.4
32606	539179200	-1.4
32606	541598400	3.7
32606	544276800	10.5
32606	546868800	13.9
32606	549547200	16.9
32606	552139200	17.8
32606	554817600	16
32606	557496000	14.6
32606	560088000	7.4
32606	562766400	1.7
32606	565358400	-1.4
32606	568036800	-3.3
32606	570715200	0.5
32606	573220800	4.5
32606	575899200	9
32606	578491200	12.6
32606	581169600	18.1
32606	583761600	20.2
32606	586440000	19.2
32606	589118400	14.7
32606	591710400	10.4
32606	594388800	3.2
32606	596980800	-2.3
32606	599659200	-1.6
32606	602337600	-9.5
32606	604756800	0
32606	607435200	8.7
32606	610027200	12
32606	612705600	17.1
32606	615297600	20.4
32606	617976000	17.4
32606	620654400	13
32606	623246400	7.5
32606	625924800	3.5
32606	628516800	-3.4
32606	631195200	0.4
32606	633873600	-1.2
32606	636292800	3.4
32606	638971200	8.7
32606	641563200	10.8
32606	644241600	15.5
32606	646833600	19.9
32606	649512000	19
32606	652190400	16.4
32606	654782400	7.6
32606	657460800	3.9
32606	660052800	-7.9
32606	662731200	-5.4
32606	665409600	3.1
32606	667828800	1.9
32606	670507200	6.9
32606	673099200	10.9
32606	675777600	14.2
32606	678369600	19.7
32606	681048000	20.1
32606	683726400	14.1
32606	686318400	7.1
32606	688996800	-0.7
32606	691588800	-0.8
32606	694267200	-0.7
32606	696945600	1.5
32606	699451200	5.2
32606	702129600	8.6
32606	704721600	13.6
32606	707400000	18.1
32606	709992000	17.6
32606	712670400	18.4
32606	715348800	12.8
32606	717940800	8.6
32606	720619200	0.2
32606	723211200	-4.6
32606	725889600	-8.1
32606	728568000	-7.9
32606	730987200	3.7
32606	733665600	7.5
32606	736257600	14.2
32606	738936000	15
32606	741528000	14.8
32606	744206400	17
32606	746884800	12.8
32606	749476800	8.3
32606	752155200	-2.7
32606	754747200	-1.3
32606	757425600	2
32606	760104000	-3
32606	762523200	4.9
32606	765201600	8.5
32606	767793600	13.1
32606	770472000	15.6
32606	773064000	20.8
32606	775742400	20.3
32606	778420800	15.5
32606	781012800	7.2
32606	783691200	0.4
32606	786283200	-1.1
32606	788961600	-2.4
32606	791640000	2.2
32606	794059200	2.8
32606	796737600	6.7
32606	799329600	11.9
32606	802008000	14.8
32606	804600000	19.3
32606	807278400	17.2
32606	809956800	14.2
32606	812548800	6.5
32606	815227200	3.7
32606	817819200	-1.6
32606	820497600	-5.1
32606	823176000	-3.5
32606	825681600	0.9
32606	828360000	7.9
32606	830952000	9.5
32606	833630400	16
32606	836222400	20.1
32606	838900800	18.9
32606	841579200	13.1
32606	844171200	7.2
32606	846849600	-1.3
32606	849441600	-3.6
32606	852120000	-4.8
32606	854798400	0.3
32606	857217600	3.7
32606	859896000	5.2
32606	862488000	13.2
32606	865166400	14.7
32606	867758400	18.3
32606	870436800	19.3
32606	873115200	14.4
32606	875707200	7.8
32606	878385600	1.5
32606	880977600	-1.1
32606	883656000	-2.2
32606	886334400	1.2
32606	888753600	2.8
32606	891432000	8.6
32606	894024000	12.6
32606	896702400	14.6
32606	899294400	21.5
32606	901972800	20.3
32606	904651200	17.6
32606	907243200	7
32606	909921600	3.3
32606	912513600	-1
32606	915192000	0.6
32606	917870400	1.5
32606	920289600	4.7
32606	922968000	6.3
32606	925560000	10.6
32606	928238400	14.9
32606	930830400	18.4
32606	933508800	20
32606	936187200	12.8
32606	938779200	8.1
32606	941457600	4.4
32606	944049600	0.8
32606	946728000	-1.1
32606	949406400	-1.2
32606	951912000	4.7
32606	954590400	8.2
32606	957182400	11.4
32606	959860800	15.1
32606	962452800	19.5
32606	965131200	19.2
32606	967809600	12.9
32606	970401600	6.4
32606	973080000	-1.8
32606	975672000	-5.5
32606	978350400	-4.7
32606	981028800	-5.5
32606	983448000	2.4
32606	986126400	6.2
32606	988718400	12.9
32606	991396800	14
32606	993988800	19.1
32606	996667200	20.4
32606	999345600	16.2
32606	1001937600	6.8
32606	1004616000	3.5
32606	1007208000	-1.4
32606	1009886400	-1.1
32606	1012564800	-0.6
32606	1014984000	-1.3
32606	1017662400	5.8
32606	1020254400	10
32606	1022932800	15.6
32606	1025524800	21.2
32606	1028203200	17.7
32606	1030881600	14.9
32606	1033473600	5.3
32606	1036152000	1
32606	1038744000	0.8
32606	1041422400	0.2
32606	1044100800	-1
32606	1046520000	3.7
32606	1049198400	8
32606	1051790400	11.1
32606	1054468800	16.6
32606	1057060800	22.5
32606	1059739200	21
32606	1062417600	16
32606	1065009600	9.9
32606	1067688000	-3.1
32606	1070280000	-2.6
32606	1072958400	-6
32606	1075636800	-0.5
32606	1078142400	6
32606	1080820800	9.6
32606	1083412800	11.1
32606	1086091200	16
32606	1088683200	20.9
32606	1091361600	19.7
32606	1094040000	13.3
32606	1096632000	8
32606	1099310400	2.2
32606	1101902400	0.7
32606	1104580800	-4
32606	1107259200	0.4
32606	1109678400	4.5
32606	1112356800	7.4
32606	1114948800	11.4
32606	1117627200	14
32606	1120219200	20.3
32606	1122897600	19.8
32606	1125576000	13.4
32606	1128168000	7.7
32606	1130846400	1.2
32606	1133438400	-4.7
32606	1136116800	1.8
32606	1138795200	-2.7
32606	1141214400	2.8
32606	1143892800	8.4
32606	1146484800	12.6
32606	1149163200	16.9
32606	1151755200	21.7
32606	1154433600	19
32606	1157112000	13.8
32606	1159704000	7.3
32606	1162382400	1.4
32606	1164974400	-2.5
32606	1167652800	-4.5
32606	1170331200	-0.5
32606	1172750400	6
32606	1175428800	7.4
32606	1178020800	12.4
32606	1180699200	16.6
32606	1183291200	23.6
32606	1185969600	18.9
32606	1188648000	14
32606	1191240000	7.7
32606	1193918400	0.7
32606	1196510400	-1
32606	1199188800	-4.2
32606	1201867200	0.7
32606	1204372800	2
32606	1207051200	4.4
32606	1209643200	11.4
32606	1212321600	14.6
32606	1214913600	19.5
32606	1217592000	19.2
32606	1220270400	13
32606	1222862400	7.4
32606	1225540800	3.7
32606	1228132800	-5.4
32606	1230811200	-2.9
32606	1233489600	-0.6
32606	1235908800	0.3
32606	1238587200	6.9
32606	1241179200	12.1
32606	1243857600	16.2
32606	1246449600	19.9
32606	1249128000	19.5
32606	1251806400	16.5
32606	1254398400	4.4
32606	1257076800	2.7
32606	1259668800	-5.2
32606	1262347200	-1.5
32606	1265025600	1.1
32606	1267444800	5.2
32606	1270123200	6.3
32606	1272715200	9.5
32606	1275393600	14.9
32606	1277985600	18.9
32606	1280664000	18.2
32606	1283342400	13.4
32606	1285934400	8.3
32606	1288612800	-1.3
32606	1291204800	-3.4
32606	1293883200	-2.6
32606	1296561600	-4.2
32606	1298980800	3.5
32606	1301659200	4.9
32606	1304251200	10.5
32606	1306929600	13.9
32606	1309521600	18.9
32606	1312200000	20.5
32606	1314878400	15.7
32606	1317470400	8.1
32606	1320148800	0.1
32606	1322740800	-1.3
32606	1325419200	-1.2
32606	1328097600	-1.2
32606	1330603200	4.5
32606	1333281600	8.6
32606	1335873600	10.7
32606	1338552000	14.4
32606	1341144000	21.4
32606	1343822400	20
32606	1346500800	15.3
32606	1349092800	7.4
32606	1351771200	2.8
32606	1354363200	-0.7
32606	1357041600	-3
32606	1359720000	1.3
32606	1362139200	4
32606	1364817600	6
32606	1367409600	12.8
32606	1370088000	15.9
32606	1372680000	21.5
32606	1375358400	20.7
32606	1378036800	15.9
32606	1380628800	5.6
32606	1383307200	0.6
32606	1385899200	-3.9
32606	1388577600	-1.4
32606	1391256000	-4.7
32606	1393675200	2.6
32606	1396353600	6.9
32606	1398945600	12.4
32606	1401624000	15.1
32606	1404216000	22.2
32606	1406894400	20
32606	1409572800	14.9
32606	1412164800	10
32606	1414843200	-1.4
32606	1417435200	-3.1
32606	1420113600	-3.3
32606	1422792000	1.5
32606	1425211200	5.3
32606	1427889600	6.8
32606	1430481600	12.5
32607	-2314094400	11.1
32607	-2311502400	7.1
32607	-2308824000	-1.7
32607	-2306232000	1.5
32607	-2303553600	-5.8
32607	-2300875200	-3.8
32607	-2298456000	-2.3
32607	-2295777600	8
32607	-2293185600	15.3
32607	-2290507200	15.8
32608	-2243160000	-7.1
32608	-2240481600	-4.9
32608	-2237803200	-7.9
32608	-2235384000	0.8
32608	-2232705600	6.5
32608	-2230113600	9.7
32608	-2227435200	15.1
32608	-2224843200	19.6
32608	-2222164800	16.5
32608	-2219486400	15.7
32608	-2216894400	4.8
32608	-2214216000	4.4
32608	-2211624000	-5.7
32608	-2208945600	-4.9
32608	-2206267200	-4
32608	-2203848000	5.4
32608	-2201169600	8.6
32608	-2198577600	13.6
32608	-2195899200	18.6
32608	-2193307200	18.1
32608	-2190628800	16
32608	-2187950400	12.5
32608	-2185358400	6.7
32608	-2182680000	-1.3
32608	-2180088000	-3
32608	-2177409600	-6
32608	-2174731200	-5.7
32608	-2172312000	1.5
32608	-2169633600	5.7
32608	-2167041600	13.7
32608	-2164363200	12.6
32608	-2161771200	20.9
32608	-2159092800	19.6
32608	-2156414400	10.6
32608	-2153822400	8.8
32608	-2151144000	2.7
32608	-2148552000	-5.5
32608	-2145873600	-9
32608	-2143195200	-2.8
32608	-2140776000	0.5
32608	-2138097600	5.7
32608	-2135505600	12.3
32608	-2132827200	14.3
32608	-2130235200	17.2
32608	-2127556800	16.6
32608	-2124878400	12.4
32608	-2122286400	8.1
32608	-2119608000	-0.9
32608	-2117016000	-5.6
32608	-2114337600	-6.2
32608	-2111659200	-7.4
32608	-2109240000	0.7
32608	-2106561600	6.1
32608	-2103969600	10.5
32608	-2101291200	17.4
32608	-2098699200	16.9
32608	-2096020800	17.9
32608	-2093342400	11.9
32608	-2090750400	8.5
32608	-2088072000	-2.1
32608	-2085480000	-5.2
32608	-2082801600	-5.9
32608	-2080123200	-4.1
32608	-2077617600	0.8
32608	-2074939200	9.4
32608	-2072347200	12.6
32608	-2069668800	15.3
32608	-2067076800	19.1
32608	-2064398400	18.9
32608	-2061720000	15.2
32608	-2059128000	8.5
32608	-2056449600	3.2
32608	-2053857600	-4.5
32608	-2051179200	-7.9
32608	-2048500800	-7.1
32608	-2046081600	5.1
32608	-2043403200	8.4
32608	-2040811200	11
32608	-2038132800	14.3
32608	-2035540800	19.5
32608	-2032862400	18.6
32608	-2030184000	14.6
32608	-2027592000	3.7
32608	-2024913600	0
32608	-2022321600	-6.9
32608	-2019643200	-6.9
32608	-2016964800	-3.8
32608	-2014545600	-1.8
32608	-2011867200	8.7
32608	-2009275200	11.9
32608	-2006596800	14.6
32608	-2004004800	21.5
32608	-2001326400	19
32608	-1998648000	14.5
32608	-1996056000	8.6
32608	-1993377600	-0.2
32608	-1990785600	-2.1
32608	-1988107200	-9.6
32608	-1985428800	-1.7
32608	-1983009600	4.2
32608	-1980331200	7.4
32608	-1977739200	11.8
32608	-1975060800	13.8
32608	-1972468800	18.2
32608	-1969790400	16.4
32608	-1967112000	13.5
32608	-1964520000	8.8
32608	-1961841600	1.3
32608	-1959249600	-5
32608	-1956571200	-7.6
32608	-1953892800	-1.8
32608	-1951387200	3.5
32608	-1948708800	8.8
32608	-1946116800	11.2
32608	-1943438400	14.1
32608	-1940846400	21
32608	-1938168000	18.2
32608	-1935489600	14.2
32608	-1932897600	6.6
32608	-1930219200	0.8
32608	-1927627200	-6.4
32608	-1924948800	-3.5
32608	-1922270400	-1.5
32608	-1919851200	2.9
32608	-1917172800	4.6
32608	-1914580800	10.7
32608	-1911902400	15.9
32608	-1909310400	18.7
32608	-1906632000	19.5
32608	-1903953600	15.1
32608	-1901361600	7.6
32608	-1898683200	2.5
32608	-1896091200	-10.7
32608	-1893412800	-11.3
32608	-1890734400	-8.4
32608	-1888315200	6.1
32608	-1885636800	11.3
32608	-1883044800	13.5
32608	-1880366400	16.9
32608	-1877774400	20.7
32608	-1875096000	16.7
32608	-1872417600	13.5
32608	-1869825600	8.7
32608	-1867147200	1.3
32608	-1864555200	-7
32608	-1861876800	-7.2
32608	-1859198400	-8
32608	-1856779200	4.9
32608	-1854100800	6.4
32608	-1851508800	11.1
32608	-1848830400	16.8
32608	-1846238400	18.9
32608	-1843560000	16.8
32608	-1840881600	11.6
32608	-1838289600	5
32608	-1835611200	-1.8
32608	-1833019200	-6.2
32608	-1830340800	-6.3
32608	-1827662400	-3.1
32608	-1825156800	-2.6
32608	-1822478400	7.8
32608	-1819886400	11.8
32608	-1817208000	17.4
32608	-1814616000	17.4
32608	-1811937600	16.3
32608	-1809259200	10.3
32608	-1806667200	5.4
32608	-1803988800	1.6
32608	-1801396800	-5.1
32608	-1798718400	-7.8
32608	-1796040000	-9.5
32608	-1793620800	0.2
32608	-1790942400	8.1
32608	-1788350400	13.1
32608	-1785672000	15.4
32608	-1783080000	18.3
32608	-1780401600	19.1
32608	-1777723200	13.8
32608	-1775131200	5.6
32608	-1772452800	1.3
32608	-1769860800	-7.1
32608	-1767182400	-3.3
32608	-1764504000	-3.9
32608	-1762084800	4.3
32608	-1759406400	8.1
32608	-1756814400	13.7
32608	-1754136000	16.1
32608	-1751544000	19.3
32608	-1748865600	17.8
32608	-1746187200	13
32608	-1743595200	7.7
32608	-1740916800	0.6
32608	-1738324800	-9.7
32608	-1735646400	-8.3
32608	-1732968000	-0.5
32608	-1730548800	4.2
32608	-1727870400	10.9
32608	-1725278400	10.9
32608	-1722600000	13.7
32608	-1720008000	17.1
32608	-1717329600	19.4
32608	-1714651200	12.8
32608	-1712059200	8.7
32608	-1709380800	0.3
32608	-1706788800	-5.5
32608	-1704110400	-13.1
32608	-1701432000	-3.2
32608	-1698926400	4.6
32608	-1696248000	8
32608	-1693656000	8.8
32608	-1690977600	14
32608	-1688385600	19.6
32608	-1685707200	17.5
32608	-1683028800	13.6
32608	-1680436800	5.4
32608	-1677758400	-2.7
32608	-1675166400	-8.5
32608	-1672488000	-9.2
32608	-1669809600	-5.6
32608	-1667390400	-3
32608	-1664712000	5.9
32608	-1662120000	10.2
32608	-1659441600	14.4
32608	-1656849600	21.4
32608	-1654171200	18.5
32608	-1651492800	15.4
32608	-1648900800	7.5
32608	-1646222400	1.7
32608	-1643630400	2.2
32608	-1640952000	-4.6
32608	-1638273600	-5.2
32608	-1635854400	2.9
32608	-1633176000	6.7
32608	-1630584000	10.9
32608	-1627905600	19.4
32608	-1625313600	19.8
32608	-1622635200	16.8
32608	-1619956800	13.8
32608	-1617364800	9.4
32608	-1614686400	-1.6
32608	-1612094400	-6.9
32608	-1609416000	-6.9
32608	-1606737600	-5.3
32608	-1604318400	2.6
32608	-1601640000	9
32608	-1599048000	12.9
32608	-1596369600	18.4
32608	-1593777600	21.9
32608	-1591099200	19.3
32608	-1588420800	14.9
32608	-1585828800	4.7
32608	-1583150400	-1.6
32608	-1580558400	-14.5
32608	-1577880000	-9.5
32608	-1575201600	-2.8
32608	-1572696000	0.6
32608	-1570017600	4.8
32608	-1567425600	10.5
32608	-1564747200	14.6
32608	-1562155200	20.3
32608	-1559476800	18.3
32608	-1556798400	13.6
32608	-1554206400	6.4
32608	-1551528000	-0.9
32608	-1548936000	-4.4
32608	-1546257600	-5.9
32608	-1543579200	-3.6
32608	-1541160000	5.1
32608	-1538481600	6.9
32608	-1535889600	13.1
32608	-1533211200	17.7
32608	-1530619200	21.1
32608	-1527940800	19
32608	-1525262400	12.4
32608	-1522670400	9.9
32608	-1519992000	1.4
32608	-1517400000	-7.7
32608	-1514721600	-12.9
32608	-1512043200	-9.6
32608	-1509624000	-1.5
32608	-1506945600	6.4
32608	-1504353600	11.5
32608	-1501675200	17.5
32608	-1499083200	20
32608	-1496404800	20.1
32608	-1493726400	15.2
32608	-1491134400	10
32608	-1488456000	-0.1
32608	-1485864000	-5.9
32608	-1483185600	-3.3
32608	-1480507200	-6.7
32608	-1478088000	1.5
32608	-1475409600	7.1
32608	-1472817600	12.9
32608	-1470139200	14.6
32608	-1467547200	21.1
32608	-1464868800	19
32608	-1462190400	14.7
32608	-1459598400	6.5
32608	-1456920000	0.1
32608	-1454328000	-7.2
32608	-1451649600	-11.6
32608	-1448971200	-0.7
32608	-1446465600	0.7
32608	-1443787200	5.9
32608	-1441195200	13.5
32608	-1438516800	15.7
32608	-1435924800	18.9
32608	-1433246400	17.8
32608	-1430568000	13.4
32608	-1427976000	8
32608	-1425297600	-1.8
32608	-1422705600	-12.8
32608	-1420027200	-6.6
32608	-1417348800	-0.9
32608	-1414929600	2.9
32608	-1412251200	9.2
32608	-1409659200	13.3
32608	-1406980800	17.5
32608	-1404388800	20.9
32608	-1401710400	17.2
32608	-1399032000	12.9
32608	-1396440000	5.6
32608	-1393761600	-0.7
32608	-1391169600	-3.5
32608	-1388491200	-11.2
32608	-1385812800	-2.1
32608	-1383393600	2.6
32608	-1380715200	9.3
32608	-1378123200	11.8
32608	-1375444800	17.1
32608	-1372852800	20.3
32608	-1370174400	18
32608	-1367496000	9.5
32608	-1364904000	7.9
32608	-1362225600	1.1
32608	-1359633600	-5.1
32608	-1356955200	-6.6
32608	-1354276800	-1.7
32608	-1351857600	3.5
32608	-1349179200	6.7
32608	-1346587200	10.7
32608	-1343908800	16.7
32608	-1341316800	19.6
32608	-1338638400	17.2
32608	-1335960000	12.4
32608	-1333368000	8.2
32608	-1330689600	0.6
32608	-1328097600	-9.4
32608	-1325419200	-7.8
32608	-1322740800	-7.6
32608	-1320235200	1.2
32608	-1317556800	6.2
32608	-1314964800	15
32608	-1312286400	14.3
32608	-1309694400	20.2
32608	-1307016000	17.4
32608	-1304337600	13.8
32608	-1301745600	6.7
32608	-1299067200	-0.5
32608	-1296475200	-8.3
32608	-1293796800	-11.2
32608	-1291118400	-9.5
32608	-1288699200	2.9
32608	-1286020800	6
32608	-1283428800	11
32608	-1280750400	17.1
32608	-1278158400	21.4
32608	-1275480000	20.9
32608	-1272801600	12.9
32608	-1270209600	7.3
32608	-1267531200	-2.4
32608	-1264939200	-1.1
32608	-1262260800	-15.2
32608	-1259582400	-1
32608	-1257163200	2.6
32608	-1254484800	10.3
32608	-1251892800	12.3
32608	-1249214400	16.8
32608	-1246622400	21.3
32608	-1243944000	20.4
32608	-1241265600	14.2
32608	-1238673600	6.3
32608	-1235995200	-1.8
32608	-1233403200	-9.5
32608	-1230724800	-7.9
32608	-1228046400	-6.4
32608	-1225627200	1.3
32608	-1222948800	7.2
32608	-1220356800	13.1
32608	-1217678400	17
32608	-1215086400	21.2
32608	-1212408000	19.7
32608	-1209729600	14.1
32608	-1207137600	7.3
32608	-1204459200	-3.5
32608	-1201867200	-9.2
32608	-1199188800	-9.9
32608	-1196510400	-5.4
32608	-1194004800	0.8
32608	-1191326400	7.5
32608	-1188734400	11.6
32608	-1186056000	16.5
32608	-1183464000	19.1
32608	-1180785600	18
32608	-1178107200	12.8
32608	-1175515200	5.8
32608	-1172836800	0.8
32608	-1170244800	-8.9
32608	-1167566400	-6.3
32608	-1164888000	-10.7
32608	-1162468800	1.8
32608	-1159790400	5.8
32608	-1157198400	9
32608	-1154520000	18.3
32608	-1151928000	20.8
32608	-1149249600	17.9
32608	-1146571200	11.9
32608	-1143979200	9.3
32608	-1141300800	1.6
32608	-1138708800	0
32608	-1136030400	-1.4
32608	-1133352000	2
32608	-1130932800	6.2
32608	-1128254400	10.9
32608	-1125662400	14.7
32608	-1122984000	15.7
32608	-1120392000	20.3
32608	-1117713600	20
32608	-1115035200	11.7
32608	-1112443200	8.5
32608	-1109764800	3.9
32608	-1107172800	-4.6
32608	-1104494400	-4.8
32608	-1101816000	-2.6
32608	-1099396800	1.3
32608	-1096718400	5.5
32608	-1094126400	9.7
32608	-1091448000	15.8
32608	-1088856000	18.9
32608	-1086177600	18.1
32608	-1083499200	14
32608	-1080907200	5.7
32608	-1078228800	-2.9
32608	-1075636800	-8.1
32608	-1072958400	-9.7
32608	-1070280000	-9.2
32608	-1067774400	0.7
32608	-1065096000	7.2
32608	-1062504000	13.8
32608	-1059825600	16.5
32608	-1057233600	21.4
32608	-1054555200	20
32608	-1051876800	13.1
32608	-1049284800	7.2
32608	-1046606400	-3.7
32608	-1044014400	-5.9
32608	-1041336000	-17.6
32608	-1038657600	-6
32608	-1036238400	1.9
32608	-1033560000	5.5
32608	-1030968000	12.1
32608	-1028289600	14.6
32608	-1025697600	20.6
32608	-1023019200	17.6
32608	-1020340800	13.9
32608	-1017748800	7.1
32608	-1015070400	0.7
32608	-1012478400	-4.9
32608	-1009800000	-7.8
32608	-1007121600	-3.2
32608	-1004702400	1.5
32608	-1002024000	7.5
32608	-999432000	10.5
32608	-996753600	15.6
32608	-994161600	18.7
32608	-991483200	17.6
32608	-988804800	15.6
32608	-986212800	6.5
32608	-983534400	-2.4
32608	-980942400	-5
32608	-978264000	-3.7
32608	-975585600	-7.8
32608	-973166400	1.6
32608	-970488000	7.7
32608	-967896000	12.2
32608	-965217600	13.7
32608	-962625600	18.9
32608	-959947200	17.7
32608	-957268800	13.2
32608	-954676800	7.3
32608	-951998400	-0.3
32608	-949406400	-1.1
32608	-946728000	-8.4
32608	-944049600	-2.9
32608	-941544000	4.3
32608	-938865600	7.9
32608	-936273600	13.4
32608	-933595200	17.9
32608	-931003200	20
32608	-928324800	19.4
32608	-925646400	14.1
32608	-923054400	8.2
32608	-920376000	-3.2
32608	-917784000	-4.5
32608	-915105600	-7.9
32608	-912427200	-3.7
32608	-910008000	4.2
32608	-907329600	6.9
32608	-904737600	12.5
32608	-902059200	15.6
32608	-899467200	19.2
32608	-896788800	17.8
32608	-894110400	9.7
32608	-891518400	6.1
32608	-888840000	1.1
32608	-886248000	-3.8
32608	-883569600	-13
32608	-880891200	-9.9
32608	-878472000	-1.2
32608	-875793600	7.6
32608	-873201600	8.9
32608	-870523200	13.1
32608	-867931200	19.7
32608	-865252800	18.6
32608	-862574400	13.4
32608	-859982400	7.5
32608	-857304000	-0.3
32608	-854712000	-6
32608	-852033600	-9.8
32608	-849355200	-6.4
32608	-846936000	-3.1
32608	-844257600	9.1
32608	-841665600	9.2
32608	-838987200	13.4
32608	-836395200	18.8
32608	-833716800	17.5
32608	-831038400	14.5
32608	-828446400	8.3
32608	-825768000	0.5
32608	-823176000	-6
32608	-820497600	-12.3
32608	-817819200	-3.2
32608	-815313600	-0.8
32608	-812635200	7.6
32608	-810043200	11.7
32608	-807364800	13.8
32608	-804772800	18.4
32608	-802094400	17.3
32608	-799416000	13.5
32608	-796824000	8.9
32608	-794145600	-1
32608	-791553600	-9.8
32608	-788875200	-6.2
32608	-786196800	-0.1
32608	-783777600	2
32608	-781099200	5.3
32608	-778507200	11.4
32608	-775828800	13.4
32608	-773236800	19.9
32608	-770558400	18.8
32608	-767880000	11.5
32608	-765288000	8.2
32608	-762609600	-1
32608	-760017600	-6.6
32608	-757339200	-6.5
32608	-754660800	-5.6
32608	-752241600	4
32608	-749563200	8
32608	-746971200	10.7
32608	-744292800	15.7
32608	-741700800	19.8
32608	-739022400	18.1
32608	-736344000	11.5
32608	-733752000	4.1
32608	-731073600	-0.9
32608	-728481600	-4.2
32608	-725803200	-10.5
32608	-723124800	-1.6
32608	-720705600	3.6
32608	-718027200	6.8
32608	-715435200	13.3
32608	-712756800	12.7
32608	-710164800	19.2
32608	-707486400	17.3
32608	-704808000	12.6
32608	-702216000	9
32608	-699537600	-0.9
32608	-696945600	-5.5
32608	-694267200	-6.3
32608	-691588800	-3.1
32608	-689083200	0.3
32608	-686404800	6
32608	-683812800	11.4
32608	-681134400	16.6
32608	-678542400	16.9
32608	-675864000	16.9
32608	-673185600	12.8
32608	-670593600	6.3
32608	-667915200	-1.1
32608	-665323200	-13.8
32608	-662644800	-19.9
32608	-659966400	-5.7
32608	-657547200	2.1
32608	-654868800	7.9
32608	-652276800	12.6
32608	-649598400	14.9
32608	-647006400	18.5
32608	-644328000	18.6
32608	-641649600	13.2
32608	-639057600	3.8
32608	-636379200	1.6
32608	-633787200	-5.8
32608	-631108800	-7.8
32608	-628430400	-1.4
32608	-626011200	1.8
32608	-623332800	5.9
32608	-620740800	9.7
32608	-618062400	14.6
32608	-615470400	18.7
32608	-612792000	17.9
32608	-610113600	12.6
32608	-607521600	9.3
32608	-604843200	0.1
32608	-602251200	-6.1
32608	-599572800	-9.9
32608	-596894400	-3
32608	-594475200	-0.9
32608	-591796800	7.4
32608	-589204800	12
32608	-586526400	13.1
32608	-583934400	19.4
32608	-581256000	17.2
32608	-578577600	12.7
32608	-575985600	6.3
32608	-573307200	-0.5
32608	-570715200	-6.7
32608	-568036800	-9.9
32608	-565358400	-8.1
32608	-562852800	-4.2
32608	-560174400	8
32608	-557582400	12.6
32608	-554904000	15.6
32608	-552312000	18.3
32608	-549633600	18.4
32608	-546955200	14.7
32608	-544363200	8
32608	-541684800	-4
32608	-539092800	-5.5
32608	-536414400	0.5
32608	-533736000	-1.5
32608	-531316800	2.9
32608	-528638400	5.4
32608	-526046400	8.9
32608	-523368000	13.7
32608	-520776000	20.1
32608	-518097600	18
32608	-515419200	14.6
32608	-512827200	7.7
32608	-510148800	1.8
32608	-507556800	-4.2
32608	-504878400	-2.7
32608	-502200000	0.1
32608	-499780800	0.6
32608	-497102400	7.6
32608	-494510400	12
32608	-491832000	12.7
32608	-489240000	19.5
32608	-486561600	16.6
32608	-483883200	13
32608	-481291200	6.1
32608	-478612800	2.7
32608	-476020800	-7.5
32608	-473342400	-9.1
32608	-470664000	-8.1
32608	-468244800	-2.2
32608	-465566400	4.6
32608	-462974400	10.4
32608	-460296000	14.5
32608	-457704000	18.1
32608	-455025600	19.3
32608	-452347200	12.9
32608	-449755200	7.6
32608	-447076800	-2.7
32608	-444484800	-4.4
32608	-441806400	-7.3
32608	-439128000	-9.4
32608	-436622400	0
32608	-433944000	7.7
32608	-431352000	12.8
32608	-428673600	15.7
32608	-426081600	18.9
32608	-423403200	16.4
32608	-420724800	12.6
32608	-418132800	6.2
32608	-415454400	-2.9
32608	-412862400	-5.8
32608	-410184000	-13.6
32608	-407505600	-3.9
32608	-405086400	2
32608	-402408000	6.3
32608	-399816000	12.8
32608	-397137600	15.3
32608	-394545600	19.3
32608	-391867200	18.3
32608	-389188800	13.3
32608	-386596800	6.9
32608	-383918400	-2.1
32608	-381326400	-3.7
32608	-378648000	-8.8
32608	-375969600	-0.9
32608	-373550400	1.2
32608	-370872000	5.8
32608	-368280000	14.6
32608	-365601600	15.7
32608	-363009600	18.3
32608	-360331200	19.4
32608	-357652800	12.9
32608	-355060800	7.4
32608	-352382400	-0.8
32608	-349790400	-3.5
32608	-347112000	-4.9
32608	-344433600	-1.6
32608	-342014400	2
32608	-339336000	6.9
32608	-336744000	9.2
32608	-334065600	16.6
32608	-331473600	18.7
32608	-328795200	17
32608	-326116800	12
32608	-323524800	5.9
32608	-320846400	-2.1
32608	-318254400	-5.7
32608	-315576000	-11
32608	-312897600	-7.5
32608	-310392000	-1.5
32608	-307713600	7
32608	-305121600	9.9
32608	-302443200	15.9
32608	-299851200	21
32608	-297172800	16.6
32608	-294494400	13.9
32608	-291902400	6.5
32608	-289224000	0.5
32608	-286632000	-6.7
32608	-283953600	-6.9
32608	-281275200	1.5
32608	-278856000	2.8
32608	-276177600	6.2
32608	-273585600	11.3
32608	-270907200	18.4
32608	-268315200	20.4
32608	-265636800	20.5
32608	-262958400	10.6
32608	-260366400	6.3
32608	-257688000	-0.7
32608	-255096000	-6.2
32608	-252417600	-12.2
32608	-249739200	-4.3
32608	-247320000	0.9
32608	-244641600	8.3
32608	-242049600	11.3
32608	-239371200	15.4
32608	-236779200	18.2
32608	-234100800	17.2
32608	-231422400	13.7
32608	-228830400	7.9
32608	-226152000	0.7
32608	-223560000	-2
32608	-220881600	-11.2
32608	-218203200	1.4
32608	-215784000	3.1
32608	-213105600	5.4
32608	-210513600	12.1
32608	-207835200	14
32608	-205243200	19
32608	-202564800	18.8
32608	-199886400	15.1
32608	-197294400	9.4
32608	-194616000	1.1
32608	-192024000	-8.5
32608	-189345600	-8.1
32608	-186667200	-6.5
32608	-184161600	-1.8
32608	-181483200	5.1
32608	-178891200	10.9
32608	-176212800	13.8
32608	-173620800	20.2
32608	-170942400	16.8
32608	-168264000	12
32608	-165672000	6.8
32608	-162993600	-1.1
32608	-160401600	-5.4
32608	-157723200	-5.3
32608	-155044800	-3
32608	-152625600	-1.1
32608	-149947200	7.3
32608	-147355200	9.2
32608	-144676800	14.8
32608	-142084800	18.8
32608	-139406400	17.5
32608	-136728000	8.6
32608	-134136000	8.1
32608	-131457600	1.6
32608	-128865600	-5.6
32608	-126187200	-5
32608	-123508800	-3.3
32608	-121089600	1.9
32608	-118411200	5.9
32608	-115819200	13.3
32608	-113140800	14.8
32608	-110548800	20.3
32608	-107870400	18.5
32608	-105192000	15.3
32608	-102600000	6
32608	-99921600	0.4
32608	-97329600	-5.8
32608	-94651200	-3.9
32608	-91972800	-2.6
32608	-89553600	1.3
32608	-86875200	4
32608	-84283200	10.6
32608	-81604800	14.8
32608	-79012800	20.7
32608	-76334400	20.2
32608	-73656000	15.9
32608	-71064000	6.4
32608	-68385600	-0.5
32608	-65793600	-7.7
32608	-63115200	-9
32608	-60436800	-2.7
32608	-57931200	4.3
32608	-55252800	4.6
32608	-52660800	9.8
32608	-49982400	15.8
32608	-47390400	20.9
32608	-44712000	16.5
32608	-42033600	11.8
32608	-39441600	5.7
32608	-36763200	-1.2
32608	-34171200	-7.1
32608	-31492800	-5.5
32608	-28814400	-4.8
32608	-26395200	-0.9
32608	-23716800	8.2
32608	-21124800	13.1
32608	-18446400	14.7
32608	-15854400	19
32608	-13176000	19.6
32608	-10497600	13.1
32608	-7905600	3.1
32608	-5227200	-1.4
32608	-2635200	-4.9
32608	43200	-4.7
32608	2721600	0
32608	5140800	0.5
32608	7819200	3.1
32608	10411200	10.2
32608	13089600	16.3
32608	15681600	19.7
32608	18360000	19.8
32608	21038400	9.9
32608	23630400	3.8
32608	26308800	-0.4
32608	28900800	-8
32608	31579200	-6.8
32608	34257600	-2.6
32608	36676800	0.1
32608	39355200	5.1
32608	41947200	10.8
32608	44625600	14.2
32608	47217600	18.9
32608	49896000	20.1
32608	52574400	10.7
32608	55166400	5.2
32608	57844800	-0.5
32608	60436800	-9.9
32608	63115200	-8.4
32608	65793600	-5.4
32608	68299200	3.3
32608	70977600	4.9
32608	73569600	10.9
32608	76248000	16.4
32608	78840000	18.5
32608	81518400	19.3
32608	84196800	11.2
32608	86788800	6.1
32608	89467200	-1.3
32608	92059200	-9.4
32608	94737600	-9.2
32608	97416000	-3.1
32608	99835200	1.9
32608	102513600	5.6
32608	105105600	12.2
32608	107784000	16
32608	110376000	21
32608	113054400	19.2
32608	115732800	12.8
32608	118324800	7.4
32608	121003200	0.1
32608	123595200	-2.8
32608	126273600	-8.4
32608	128952000	-0.5
32608	131371200	1.8
32608	134049600	7
32608	136641600	9.4
32608	139320000	18.3
32608	141912000	20.5
32608	144590400	17.3
32608	147268800	13.9
32608	149860800	6.8
32608	152539200	0.8
32608	155131200	-5.6
32608	157809600	-8.3
32608	160488000	-6.6
32608	162907200	-0.3
32608	165585600	3.3
32608	168177600	9.4
32608	170856000	13.8
32608	173448000	21
32608	176126400	16.8
32608	178804800	13.1
32608	181396800	6.7
32608	184075200	-2.2
32608	186667200	-3.5
32608	189345600	-7.9
32608	192024000	-6
32608	194529600	-1.4
32608	197208000	6.1
32608	199800000	12.4
32608	202478400	14.6
32608	205070400	20.3
32608	207748800	16.4
32608	210427200	13.7
32608	213019200	5.4
32608	215697600	0.1
32608	218289600	-6.8
32608	220968000	-12.5
32608	223646400	-3.2
32608	226065600	1
32608	228744000	8.4
32608	231336000	10.2
32608	234014400	17.7
32608	236606400	18.8
32608	239284800	17.7
32608	241963200	12.7
32608	244555200	6.3
32608	247233600	-2.4
32608	249825600	-4.6
32608	252504000	-4.9
32608	255182400	-2
32608	257601600	3.6
32608	260280000	7.2
32608	262872000	9.5
32608	265550400	15.2
32608	268142400	19.1
32608	270820800	17.3
32608	273499200	13
32608	276091200	6.9
32608	278769600	-3.7
32608	281361600	-11.3
32608	284040000	-17.7
32608	286718400	-3.5
32608	289137600	2.1
32608	291816000	6.1
32608	294408000	11.4
32608	297086400	15.9
32608	299678400	19.8
32608	302356800	18.3
32608	305035200	15.9
32608	307627200	7.8
32608	310305600	-3.7
32608	312897600	-1.9
32608	315576000	-8
32608	318254400	-3
32608	320760000	1.9
32608	323438400	8
32608	326030400	11.6
32608	328708800	14.7
32608	331300800	19.4
32608	333979200	17.6
32608	336657600	13.6
32608	339249600	6.7
32608	341928000	-0.6
32608	344520000	-2.2
32608	347198400	-3.6
32608	349876800	-1.3
32608	352296000	3.7
32608	354974400	7.3
32608	357566400	11
32608	360244800	14.9
32608	362836800	19.9
32608	365515200	20.7
32608	368193600	14.3
32608	370785600	5.8
32608	373464000	0.3
32608	376056000	-4.9
32608	378734400	-8
32608	381412800	-6.4
32608	383832000	3.1
32608	386510400	4
32608	389102400	10.1
32608	391780800	15.3
32608	394372800	18.9
32608	397051200	19.8
32608	399729600	12.9
32608	402321600	5.5
32608	4.05e+08	-2.5
32608	407592000	-6.5
32608	410270400	-3.4
32608	412948800	-0.6
32608	415368000	4
32608	418046400	4.9
32608	420638400	11
32608	423316800	15.5
32608	425908800	18.5
32608	428587200	19.6
32608	431265600	12.7
32608	433857600	7.1
32608	436536000	0.9
32608	439128000	-11.9
32608	441806400	-10.4
32608	444484800	-6.9
32608	446990400	1.3
32608	449668800	5.4
32608	452260800	10.5
32608	454939200	14
32608	457531200	19.9
32608	460209600	19.1
32608	462888000	11.7
32608	465480000	4.6
32608	468158400	-0.7
32608	470750400	-10.6
32608	473428800	-10.1
32608	476107200	-9.1
32608	478526400	-2.8
32608	481204800	8.4
32608	483796800	12.4
32608	486475200	16.9
32608	489067200	21.8
32608	491745600	17.1
32608	494424000	10.8
32608	497016000	5.6
32608	499694400	-5.1
32608	502286400	-12.2
32608	504964800	-8.7
32608	507643200	-2
32608	510062400	5.1
32608	512740800	7.3
32608	515332800	12.3
32608	518011200	17.8
32608	520603200	18.2
32608	523281600	19.7
32608	525960000	10.6
32608	528552000	6.4
32608	531230400	-0.3
32608	533822400	-7.3
32608	536500800	-7.2
32608	539179200	-0.9
32608	541598400	3.9
32608	544276800	10.4
32608	546868800	13.3
32608	549547200	16.6
32608	552139200	18
32608	554817600	16.6
32608	557496000	14.4
32608	560088000	7.3
32608	562766400	0.4
32608	565358400	-4.9
32608	568036800	-7.5
32608	570715200	-1
32608	573220800	2.9
32608	575899200	8.8
32608	578491200	12.1
32608	581169600	19
32608	583761600	21.3
32608	586440000	18.4
32608	589118400	12.9
32608	591710400	9.9
32608	594388800	-1
32608	596980800	-9.4
32608	599659200	-7.2
32608	602337600	-9.6
32608	604756800	3
32608	607435200	8.3
32608	610027200	10.9
32608	612705600	16.3
32608	615297600	21
32608	617976000	17.5
32608	620654400	13.1
32608	623246400	7.1
32608	625924800	0.5
32608	628516800	-5.4
32608	631195200	-2.5
32608	633873600	-2.1
32608	636292800	3.4
32608	638971200	9.4
32608	641563200	10.3
32608	644241600	15.2
32608	646833600	19.9
32608	649512000	17.7
32608	652190400	16
32608	654782400	6.2
32608	657460800	0.5
32608	660052800	-10.6
32608	662731200	-10.8
32608	665409600	-0.6
32608	667828800	3.1
32608	670507200	5.7
32608	673099200	10
32608	675777600	14
32608	678369600	20.4
32608	681048000	20.3
32608	683726400	14.5
32608	686318400	6.8
32608	688996800	-2.4
32608	691588800	-8.1
32608	694267200	-7.2
32608	696945600	-1.5
32608	699451200	6
32608	702129600	9.1
32608	704721600	14.4
32608	707400000	17.2
32608	709992000	17.5
32608	712670400	18.9
32608	715348800	12.5
32608	717940800	7.5
32608	720619200	-3
32608	723211200	-9.4
32608	725889600	-11
32608	728568000	-8
32608	730987200	3.1
32608	733665600	6.4
32608	736257600	14.1
32608	738936000	14
32608	741528000	14.8
32608	744206400	15.6
32608	746884800	13
32608	749476800	6.8
32608	752155200	-3.8
32608	754747200	-5.8
32608	757425600	-4.7
32608	760104000	-4.6
32608	762523200	3.2
32608	765201600	8.5
32608	767793600	13.4
32608	770472000	16
32608	773064000	19.3
32608	775742400	19.4
32608	778420800	14.8
32608	781012800	6.7
32608	783691200	-2.7
32608	786283200	-6.2
32608	788961600	-6.5
32608	791640000	0.1
32608	794059200	2.5
32608	796737600	6.2
32608	799329600	10.7
32608	802008000	14
32608	804600000	18.8
32608	807278400	18.4
32608	809956800	13.8
32608	812548800	5.6
32608	815227200	0.7
32608	817819200	-3.8
32608	820497600	-7.3
32608	823176000	-4.8
32608	825681600	1.9
32608	828360000	7.1
32608	830952000	9.8
32608	833630400	16.7
32608	836222400	21.1
32608	838900800	19.1
32608	841579200	12.9
32608	844171200	7.3
32608	846849600	0.1
32608	849441600	-4.5
32608	852120000	-5.7
32608	854798400	-3.2
32608	857217600	3.7
32608	859896000	5.8
32608	862488000	12.9
32608	865166400	16
32608	867758400	19.3
32608	870436800	18.8
32608	873115200	15.2
32608	875707200	6.2
32608	878385600	-0.6
32608	880977600	-9.4
32608	883656000	-5.5
32608	886334400	-4.3
32608	888753600	2.3
32608	891432000	7.7
32608	894024000	12.4
32608	896702400	13.7
32608	899294400	21.4
32608	901972800	20.1
32608	904651200	16.3
32608	907243200	6.2
32608	909921600	2.2
32608	912513600	-5.7
32608	915192000	-3.1
32608	917870400	-3.1
32608	920289600	2.8
32608	922968000	5.9
32608	925560000	10.6
32608	928238400	15.2
32608	930830400	19.4
32608	933508800	19.8
32608	936187200	13.5
32608	938779200	8.5
32608	941457600	2.6
32608	944049600	-4.9
32608	946728000	-6.2
32608	949406400	-1.6
32608	951912000	3.9
32608	954590400	9.6
32608	957182400	12.2
32608	959860800	16.8
32608	962452800	20.5
32608	965131200	19.1
32608	967809600	12.9
32608	970401600	6.6
32608	973080000	-6.5
32608	975672000	-8.9
32608	978350400	-10.7
32608	981028800	-7.3
32608	983448000	3.2
32608	986126400	5.8
32608	988718400	13.1
32608	991396800	16.6
32608	993988800	19.9
32608	996667200	21
32608	999345600	16
32608	1001937600	7.7
32608	1004616000	1.9
32608	1007208000	-8.6
32608	1009886400	-5.8
32608	1012564800	-4.4
32608	1014984000	1.8
32608	1017662400	6.6
32608	1020254400	11.6
32608	1022932800	16.3
32608	1025524800	21.9
32608	1028203200	17.2
32608	1030881600	13.8
32608	1033473600	4.7
32608	1036152000	-0.7
32608	1038744000	-2.7
32608	1041422400	-2.3
32608	1044100800	-3.2
32608	1046520000	4.1
32608	1049198400	6.7
32608	1051790400	11.8
32608	1054468800	17.1
32608	1057060800	22.5
32608	1059739200	20.7
32608	1062417600	14.4
32608	1065009600	9.3
32608	1067688000	-2.1
32608	1070280000	-2.7
32608	1072958400	-7.9
32608	1075636800	-4.3
32608	1078142400	6
32608	1080820800	8.6
32608	1083412800	11
32608	1086091200	15.8
32608	1088683200	19.5
32608	1091361600	18.1
32608	1094040000	12.3
32608	1096632000	7.1
32608	1099310400	-1
32608	1101902400	-3.5
32608	1104580800	-8.4
32608	1107259200	-3.8
32608	1109678400	4.2
32608	1112356800	7.9
32608	1114948800	11.4
32608	1117627200	14.2
32608	1120219200	21.1
32608	1122897600	19.3
32608	1125576000	12.8
32608	1128168000	7.9
32608	1130846400	-1.7
32608	1133438400	-8.8
32608	1136116800	-3.1
32608	1138795200	-4.5
32608	1141214400	2.7
32608	1143892800	8.4
32608	1146484800	13.1
32608	1149163200	17.7
32608	1151755200	22.8
32608	1154433600	18.4
32608	1157112000	12.5
32608	1159704000	6.3
32608	1162382400	1.1
32608	1164974400	-4.8
32608	1167652800	-6.9
32608	1170331200	-0.9
32608	1172750400	5.1
32608	1175428800	8.2
32608	1178020800	12.9
32608	1180699200	17.1
32608	1183291200	22.7
32608	1185969600	18.7
32608	1188648000	12.9
32608	1191240000	6
32608	1193918400	0
32608	1196510400	-5.4
32608	1199188800	-9.1
32608	1201867200	-2.3
32608	1204372800	1.3
32608	1207051200	4.3
32608	1209643200	11.2
32608	1212321600	14.9
32608	1214913600	20.4
32608	1217592000	19.2
32608	1220270400	12.4
32608	1222862400	6.1
32608	1225540800	2.1
32608	1228132800	-6.2
32608	1230811200	-5.8
32608	1233489600	-2.9
32608	1235908800	1
32608	1238587200	6.8
32608	1241179200	12
32608	1243857600	15.3
32608	1246449600	19.6
32608	1249128000	18.5
32608	1251806400	15.8
32608	1254398400	4.7
32608	1257076800	0.2
32608	1259668800	-8
32608	1262347200	-4.6
32608	1265025600	-2.3
32608	1267444800	3.6
32608	1270123200	6.8
32608	1272715200	8.6
32608	1275393600	14.1
32608	1277985600	19
32608	1280664000	18
32608	1283342400	12.9
32608	1285934400	8.3
32608	1288612800	0.2
32608	1291204800	-6.9
32608	1293883200	-8.3
32608	1296561600	-5.6
32608	1298980800	2.6
32608	1301659200	5
32608	1304251200	10.4
32608	1306929600	14
32608	1309521600	19.7
32608	1312200000	19.2
32608	1314878400	14.7
32608	1317470400	7.4
32608	1320148800	-1
32608	1322740800	-6.3
32608	1325419200	-3
32608	1328097600	-1.4
32608	1330603200	4.5
32608	1333281600	8.8
32608	1335873600	11.2
32608	1338552000	16
32608	1341144000	21.2
32608	1343822400	19
32608	1346500800	13.7
32608	1349092800	6.6
32608	1351771200	1.7
32608	1354363200	-4.2
32608	1357041600	-10.6
32608	1359720000	-2.7
32608	1362139200	2.4
32608	1364817600	6.6
32608	1367409600	12.5
32608	1370088000	16.4
32608	1372680000	21.8
32608	1375358400	19.9
32608	1378036800	14.7
32608	1380628800	5.1
32608	1383307200	-0.3
32608	1385899200	-8.9
32608	1388577600	-3.9
32608	1391256000	-4.6
32608	1393675200	3.2
32609	378734400	-19.5
32609	381412800	-10.2
32609	383832000	-3.5
32609	386510400	3.8
32609	389102400	10.7
32609	391780800	17.3
32609	394372800	18.9
32609	397051200	18.4
32609	399729600	12.8
32609	402321600	7.3
32609	4.05e+08	-4
32609	407592000	-5.3
32609	410270400	-4.4
32609	412948800	-1.3
32609	415368000	0.8
32609	418046400	6.1
32609	420638400	11.9
32609	423316800	16.6
32609	425908800	19.1
32609	428587200	22.3
32609	431265600	12.2
32609	433857600	9.3
32609	436536000	0.1
32609	439128000	-19.7
32609	441806400	-5.6
32609	444484800	2.4
32609	446990400	-0.8
32609	449668800	8.1
32609	452260800	11.8
32609	454939200	16.5
32609	457531200	20.6
32609	460209600	20.9
32609	462888000	10
32609	465480000	3.9
32609	468158400	-3.7
32609	470750400	-13.1
32609	473428800	-10.1
32609	476107200	-10.1
32609	478526400	0.8
32609	481204800	7.8
32609	483796800	14.2
32609	486475200	15.7
32609	489067200	21.5
32609	491745600	17.7
32609	494424000	9.1
32609	497016000	6.8
32609	499694400	-13.1
32609	502286400	-6.3
32609	504964800	-0.2
32609	507643200	-8.6
32609	510062400	4.6
32609	512740800	6.4
32609	515332800	12.9
32609	518011200	18.6
32609	520603200	17.6
32609	523281600	20
32609	525960000	9.9
32609	528552000	9
32609	531230400	-4.2
32609	533822400	-2.2
32609	536500800	-2.2
32609	539179200	0.2
32609	541598400	0.9
32609	544276800	10.4
32609	546868800	14.4
32609	549547200	18.9
32609	552139200	19.2
32609	554817600	16
32609	557496000	14.9
32609	560088000	7.9
32609	562766400	2.8
32609	565358400	-3.1
32609	568036800	-8.7
32609	570715200	-5.6
32609	573220800	2.8
32609	575899200	8.5
32609	578491200	15.8
32609	581169600	20.8
32609	583761600	20.6
32609	586440000	18.5
32609	589118400	13.8
32609	591710400	9
32609	594388800	0.2
32609	596980800	-5.2
32609	599659200	-7.9
32609	602337600	-14
32609	604756800	-3.9
32609	607435200	6.4
32609	610027200	12.3
32609	612705600	17.4
32609	615297600	21.5
32609	617976000	18.3
32609	620654400	13.4
32609	623246400	7.9
32609	625924800	-0.4
32609	628516800	-6.4
32609	631195200	-3.3
32609	633873600	-5.7
32609	636292800	1.8
32609	638971200	6.8
32609	641563200	11.9
32609	644241600	16.8
32609	646833600	19.7
32609	649512000	20.4
32609	652190400	16.7
32609	654782400	6.8
32609	657460800	-1.9
32609	660052800	-11
32609	662731200	-10.7
32609	665409600	1.5
32609	667828800	-1
32609	670507200	7.6
32609	673099200	11.7
32609	675777600	16.1
32609	678369600	19.5
32609	681048000	21.4
32609	683726400	14.2
32609	686318400	3.9
32609	688996800	-2
32609	691588800	-2.2
32609	694267200	-1.3
32609	696945600	-2.2
32609	699451200	4.3
32609	702129600	8.7
32609	704721600	12.8
32609	707400000	17.8
32609	709992000	16.5
32609	712670400	17.2
32609	715348800	11.8
32609	717940800	6.9
32609	720619200	0.3
32609	723211200	-10.8
32609	725889600	-12.9
32609	728568000	-8.2
32609	730987200	2.2
32609	733665600	7.6
32609	736257600	13.8
32609	738936000	15.4
32609	741528000	16
32609	744206400	16.6
32609	746884800	11.9
32609	749476800	7.5
32609	752155200	-2.4
32609	754747200	-2.6
32609	757425600	-12.1
32609	760104000	-14.7
32609	762523200	3.5
32609	765201600	7.9
32609	767793600	13.5
32609	770472000	16.4
32609	773064000	20.4
32609	775742400	19.7
32609	778420800	16.3
32609	781012800	7
32609	783691200	-1.4
32609	786283200	-3.9
32609	788961600	-10
32609	791640000	-4
32609	794059200	-0.6
32609	796737600	4.8
32609	799329600	11.7
32609	802008000	16.8
32609	804600000	18.9
32609	807278400	17.9
32609	809956800	13.2
32609	812548800	6.4
32609	815227200	-3.2
32609	817819200	-12.3
32609	820497600	-17.4
32609	823176000	-5.9
32609	825681600	-4.4
32609	828360000	7.6
32609	830952000	9.6
32609	833630400	17
32609	836222400	19.6
32609	838900800	20.4
32609	841579200	12.1
32609	844171200	6.3
32609	846849600	-8.5
32609	849441600	-13.6
32609	852120000	-13.7
32609	854798400	-2.3
32609	857217600	-1
32609	859896000	4.4
32609	862488000	12.2
32609	865166400	17.3
32609	867758400	19.6
32609	870436800	19.9
32609	873115200	16.4
32609	875707200	7.3
32609	878385600	-0.6
32609	880977600	-2.1
32609	883656000	-13.3
32609	886334400	-0.6
32609	888753600	-2.6
32609	891432000	8.8
32609	894024000	14.5
32609	896702400	15.6
32609	899294400	21.6
32609	901972800	21.6
32609	904651200	16.5
32609	907243200	8.4
32609	909921600	0.8
32609	912513600	-7.2
32609	915192000	-9.8
32609	917870400	0.2
32609	920289600	2.2
32609	922968000	6.6
32609	925560000	10.9
32609	928238400	15.5
32609	930830400	17.6
32609	933508800	20
32609	936187200	12.7
32609	938779200	8.4
32609	941457600	4.3
32609	944049600	-0.2
32609	946728000	-9.1
32609	949406400	-5.3
32609	951912000	2.1
32609	954590400	7
32609	957182400	12.5
32609	959860800	15.9
32609	962452800	21.7
32609	965131200	20
32609	967809600	13.5
32609	970401600	7.7
32609	973080000	-3.3
32609	975672000	-11.1
32609	978350400	-3.8
32609	981028800	-11.6
32609	983448000	2.6
32609	986126400	6.9
32609	988718400	14.3
32609	991396800	16.7
32609	993988800	21.5
32609	996667200	22.2
32609	999345600	16.4
32609	1001937600	7.2
32609	1004616000	3.5
32609	1007208000	-7
32609	1009886400	-5.8
32609	1012564800	-2.3
32609	1014984000	-11.8
32609	1017662400	3
32609	1020254400	10.3
32609	1022932800	16.7
32609	1025524800	21
32609	1028203200	16.7
32609	1030881600	12.9
32609	1033473600	3.1
32609	1036152000	2.5
32609	1038744000	-2.4
32609	1041422400	-7.1
32609	1044100800	-7.3
32609	1046520000	-2.5
32609	1049198400	7.7
32609	1051790400	11
32609	1054468800	16.3
32609	1057060800	21.4
32609	1059739200	22.5
32609	1062417600	13.2
32609	1065009600	9.9
32609	1067688000	-6.5
32609	1070280000	-3.7
32609	1072958400	-11
32609	1075636800	-5.7
32609	1078142400	3.4
32609	1080820800	8.2
32609	1083412800	10.4
32609	1086091200	15.3
32609	1088683200	20.3
32609	1091361600	18
32609	1094040000	12.8
32609	1096632000	6.3
32609	1099310400	2.1
32609	1101902400	-4.5
32609	1104580800	-10.6
32609	1107259200	-2
32609	1109678400	1.7
32609	1112356800	7.6
32609	1114948800	11.9
32609	1117627200	15.5
32609	1120219200	20.3
32609	1122897600	17.4
32609	1125576000	12.9
32609	1128168000	8.6
32609	1130846400	1.8
32609	1133438400	-4.8
32609	1136116800	-0.3
32609	1138795200	-4.3
32609	1141214400	-0.7
32609	1143892800	9.4
32609	1146484800	13.8
32609	1149163200	17.4
32609	1151755200	22.4
32609	1154433600	19.7
32609	1157112000	14.1
32610	-2306232000	-0.8
32610	-2303553600	-7.3
32610	-2300875200	-5.5
32610	-2298456000	-8.4
32610	-2295777600	6.5
32610	-2293185600	13.6
32611	-334065600	12
32611	-331473600	16
32611	-328795200	13.2
32611	-326116800	8.4
32611	-323524800	4.1
32611	-320846400	-3.7
32611	-318254400	-1.3
32611	-315576000	-7
32611	-312897600	-7.2
32611	-310392000	-3.6
32611	-307713600	2.8
32611	-305121600	7.2
32611	-302443200	12.4
32611	-299851200	18.8
32611	-297172800	14.1
32611	-294494400	12.2
32611	-291902400	6.5
32611	-289224000	-1.4
32611	-286632000	-3.4
32611	-283953600	-2.1
32611	-281275200	-2.3
32612	-2285236800	19.9
32612	-2282558400	12.3
32612	-2279966400	7.2
32612	-2277288000	0.4
32612	-2274696000	-3.8
32612	-2272017600	-5.4
32612	-2269339200	1.3
32612	-2266920000	-0.4
32612	-2264241600	8.7
32612	-2261649600	12.2
32613	1162382400	-3
32613	1164974400	-3.2
32613	1167652800	-5.2
32613	1170331200	-8.3
32613	1172750400	3.7
32613	1175428800	4.8
32613	1178020800	12.6
32613	1180699200	17
32613	1183291200	24.1
32613	1185969600	19
32613	1188648000	12.6
32613	1191240000	8.4
32613	1193918400	-0.7
32613	1196510400	-9.2
32613	1199188800	-8.8
32613	1201867200	-8.9
32613	1204372800	0.6
32613	1207051200	3
32613	1209643200	11.9
32613	1212321600	15.7
32613	1214913600	19.6
32613	1217592000	19.3
32613	1220270400	13.1
32613	1222862400	7.3
32613	1225540800	2.9
32613	1228132800	-13
32613	1230811200	-9.7
32613	1233489600	-8.1
32613	1235908800	-3.6
32613	1238587200	6
32613	1241179200	11.7
32613	1243857600	14.9
32613	1246449600	18.9
32613	1249128000	18
32613	1251806400	17.6
32613	1254398400	3.4
32613	1257076800	2.5
32613	1259668800	-14.7
32613	1262347200	-8.2
32613	1265025600	-8.3
32613	1267444800	4.5
32613	1270123200	7
32613	1272715200	9.2
32613	1275393600	15.2
32613	1277985600	18.5
32613	1280664000	17.8
32613	1283342400	12.2
32613	1285934400	8.4
32613	1288612800	-4.4
32613	1291204800	-9.8
32613	1293883200	-10.7
32613	1296561600	-10.7
32613	1298980800	-5
32613	1301659200	4.6
32613	1304251200	11.2
32613	1306929600	15.5
32613	1309521600	19.4
32613	1312200000	19.7
32613	1314878400	16.5
32613	1317470400	8.3
32613	1320148800	-0.4
32613	1322740800	-2.4
32613	1325419200	-4.5
32613	1328097600	-4
32613	1330603200	3.3
32613	1333281600	7.8
32613	1335873600	11.3
32613	1338552000	16.1
32613	1341144000	21.5
32613	1343822400	19.8
32613	1346500800	15
32613	1349092800	4.5
32613	1351771200	-2.5
32613	1354363200	-9.4
32613	1357041600	-7.4
32613	1359720000	-1.6
32613	1362139200	-1.8
32613	1364817600	4
32613	1367409600	13.6
32613	1370088000	16.7
32613	1372680000	19.6
32613	1375358400	20.8
32613	1378036800	17
32613	1380628800	6
32613	1383307200	-3.6
32613	1385899200	-11.1
32613	1388577600	-5.2
32613	1391256000	-11.5
32613	1393675200	-4.1
32613	1396353600	6.5
32613	1398945600	11.6
32613	1401624000	14.7
32613	1404216000	20.9
32613	1406894400	19.9
32613	1409572800	13.1
32613	1412164800	9.9
32613	1414843200	-4.9
32613	1417435200	-4.7
32613	1420113600	-6.2
32613	1422792000	-6
32613	1425211200	3.9
32613	1427889600	7.6
32613	1430481600	11.5
32614	-2287915200	15
32614	-2285236800	16.5
32614	-2282558400	11.8
32614	-2279966400	7
32614	-2277288000	-7.2
32614	-2274696000	-5.6
32614	-2272017600	-4.1
32615	-276177600	1.4
32615	-273585600	8.8
32615	-270907200	16.2
32615	-268315200	16.3
32615	-265636800	18.2
32615	-262958400	6.9
32615	-260366400	4.8
32615	-257688000	-2.6
32615	-255096000	-8
32615	-252417600	-7.3
32615	-249739200	-8.7
32615	-247320000	-5.3
32615	-244641600	5.8
32615	-242049600	7.6
32615	-239371200	12.6
32615	-236779200	14.4
32615	-234100800	14.9
32615	-231422400	10.1
32615	-228830400	8.5
32615	-226152000	2.2
32615	-223560000	-0.6
32615	-220881600	-12
32615	-218203200	1
32615	-215784000	0.5
32615	-213105600	3.2
32615	-210513600	7.9
32615	-207835200	11.7
32615	-205243200	15.3
32615	-202564800	15.8
32615	-199886400	14.8
32615	-197294400	8.4
32615	-194616000	-0.6
32616	-2251022400	12.9
32616	-2248430400	6.1
32616	-2245752000	2.9
32616	-2243160000	-4.4
32616	-2240481600	0
32616	-2237803200	-9
32616	-2235384000	0.7
32616	-2232705600	7.4
32616	-2230113600	11
32616	-2227435200	14.8
32616	-2224843200	20.3
32616	-2222164800	17
32616	-2219486400	17.2
32616	-2216894400	8.5
32616	-2214216000	7.2
32616	-2211624000	-3.7
32616	-2208945600	0.2
32616	-2206267200	-2.5
32616	-2203848000	5.7
32616	-2201169600	8
32616	-2198577600	12.3
32616	-2195899200	18.1
32616	-2193307200	19.1
32616	-2190628800	16.2
32616	-2187950400	13.7
32616	-2185358400	9
32616	-2182680000	-0.2
32616	-2180088000	1.2
32616	-2177409600	-2.2
32616	-2174731200	-2.9
32616	-2172312000	3.3
32616	-2169633600	6.1
32616	-2167041600	14.4
32616	-2164363200	13.8
32616	-2161771200	21.2
32616	-2159092800	21.2
32616	-2156414400	16.3
32616	-2153822400	9.7
32616	-2151144000	3.3
32616	-2148552000	-3.5
32616	-2145873600	-5.6
32616	-2143195200	0
32616	-2140776000	2.4
32616	-2138097600	6.2
32616	-2135505600	12.5
32616	-2132827200	14
32616	-2130235200	17.2
32616	-2127556800	17.1
32616	-2124878400	12.6
32616	-2122286400	8.8
32616	-2119608000	1.3
32616	-2117016000	-2
32616	-2114337600	-1.8
32616	-2111659200	-3.7
32616	-2109240000	2.3
32616	-2106561600	6.9
32616	-2103969600	10.9
32616	-2101291200	16.9
32616	-2098699200	16.7
32616	-2096020800	18.3
32616	-2093342400	12.3
32616	-2090750400	7.4
32616	-2088072000	-1.5
32616	-2085480000	-2.5
32616	-2082801600	0.2
32616	-2080123200	0.4
32616	-2077617600	1.4
32616	-2074939200	9.3
32616	-2072347200	12
32616	-2069668800	14.4
32616	-2067076800	18.5
32616	-2064398400	18.9
32616	-2061720000	15
32616	-2059128000	9.2
32616	-2056449600	4.6
32616	-2053857600	-0.8
32616	-2051179200	-3.7
32616	-2048500800	-4.5
32616	-2046081600	5.2
32616	-2043403200	9.1
32616	-2040811200	12.4
32616	-2038132800	13.9
32616	-2035540800	19.5
32616	-2032862400	18.7
32616	-2030184000	14.5
32616	-2027592000	4.7
32616	-2024913600	0.5
32616	-2022321600	-4.1
32616	-2019643200	0
32616	-2016964800	1.2
32616	-2014545600	-0.5
32616	-2011867200	9.6
32616	-2009275200	11.6
32616	-2006596800	13.9
32616	-2004004800	21
32616	-2001326400	18.3
32616	-1998648000	14.3
32616	-1996056000	8.6
32616	-1993377600	2.6
32616	-1990785600	-0.2
32616	-1988107200	-10.2
32616	-1985428800	-0.4
32616	-1983009600	3.3
32616	-1980331200	7.1
32616	-1977739200	10.8
32616	-1975060800	13.2
32616	-1972468800	17.5
32616	-1969790400	15.8
32616	-1967112000	12.6
32616	-1964520000	9.7
32616	-1961841600	3.9
32616	-1959249600	-1.8
32616	-1956571200	-1.9
32616	-1953892800	1.1
32616	-1951387200	3.7
32616	-1948708800	8.8
32616	-1946116800	10
32616	-1943438400	12.5
32616	-1940846400	19.1
32616	-1938168000	17.1
32616	-1935489600	14.3
32616	-1932897600	6.6
32616	-1930219200	1.9
32616	-1927627200	-3.7
32616	-1924948800	-6.2
32616	-1922270400	-0.1
32616	-1919851200	2.7
32616	-1917172800	3.9
32616	-1914580800	10.1
32616	-1911902400	14.8
32616	-1909310400	17.7
32616	-1906632000	17.6
32616	-1903953600	12.9
32616	-1901361600	7.6
32616	-1898683200	2.5
32616	-1896091200	-6.6
32616	-1893412800	-4.9
32616	-1890734400	-5.5
32616	-1888315200	6.8
32616	-1885636800	11.5
32616	-1883044800	13.2
32616	-1880366400	16.1
32616	-1877774400	20.1
32616	-1875096000	16.1
32616	-1872417600	11.3
32616	-1869825600	9
32616	-1867147200	1.6
32616	-1864555200	-3
32616	-1861876800	-3.9
32616	-1859198400	-4.1
32616	-1856779200	4.9
32616	-1854100800	6.1
32616	-1851508800	10
32616	-1848830400	15.7
32616	-1846238400	18.1
32616	-1843560000	15.7
32616	-1840881600	10.8
32616	-1838289600	5.1
32616	-1835611200	-0.5
32616	-1833019200	-3.5
32616	-1830340800	-3
32616	-1827662400	-0.1
32616	-1825156800	-1.1
32616	-1822478400	7.3
32616	-1819886400	10.9
32616	-1817208000	16.5
32616	-1814616000	16.9
32616	-1811937600	16.4
32616	-1809259200	9.7
32616	-1806667200	5.4
32616	-1803988800	2.6
32616	-1801396800	-1.2
32616	-1798718400	-4.3
32616	-1796040000	-7
32616	-1793620800	0.7
32616	-1790942400	7.6
32616	-1788350400	11.3
32616	-1785672000	15.7
32616	-1783080000	17.6
32616	-1780401600	18.5
32616	-1777723200	14.2
32616	-1775131200	6.2
32616	-1772452800	2.8
32616	-1769860800	-6.5
32616	-1767182400	0.5
32616	-1764504000	-3.3
32616	-1762084800	4.4
32616	-1759406400	8.2
32616	-1756814400	13.9
32616	-1754136000	15.4
32616	-1751544000	20
32616	-1748865600	17.9
32616	-1746187200	12.5
32616	-1743595200	7.7
32616	-1740916800	2.4
32616	-1738324800	-8.9
32616	-1735646400	-3.2
32616	-1732968000	1
32616	-1730548800	5.1
32616	-1727870400	10.7
32616	-1725278400	11.7
32616	-1722600000	14
32616	-1720008000	16.1
32616	-1717329600	20
32616	-1714651200	11.5
32616	-1712059200	8.8
32616	-1709380800	0.5
32616	-1706788800	-3.9
32616	-1704110400	-13.9
32616	-1701432000	-3.1
32616	-1698926400	4.3
32616	-1696248000	7.3
32616	-1693656000	8.8
32616	-1690977600	12.6
32616	-1688385600	17.7
32616	-1685707200	16.7
32616	-1683028800	12.1
32616	-1680436800	5
32616	-1677758400	-2.6
32616	-1675166400	-6.8
32616	-1672488000	-5.2
32616	-1669809600	-3
32616	-1667390400	-3.3
32616	-1664712000	4.5
32616	-1662120000	11.2
32616	-1659441600	14.7
32616	-1656849600	19.9
32616	-1654171200	16.4
32616	-1651492800	12.6
32616	-1648900800	7.9
32616	-1646222400	2.1
32616	-1643630400	1.2
32616	-1640952000	-3.5
32616	-1638273600	-2.9
32616	-1635854400	5.2
32616	-1633176000	6.3
32616	-1630584000	10
32616	-1627905600	18.2
32616	-1625313600	19.1
32616	-1622635200	15.9
32616	-1619956800	14.9
32616	-1617364800	9
32616	-1614686400	0.2
32616	-1612094400	-3.1
32616	-1609416000	-0.8
32616	-1606737600	-2.9
32616	-1604318400	3
32616	-1601640000	9
32616	-1599048000	12
32616	-1596369600	17
32616	-1593777600	21.4
32616	-1591099200	19
32616	-1588420800	13.3
32616	-1585828800	3.9
32616	-1583150400	-1.3
32616	-1580558400	-7.9
32616	-1577880000	-2.3
32616	-1575201600	-1.2
32616	-1572696000	0
32616	-1570017600	4.1
32616	-1567425600	9.7
32616	-1564747200	14.2
32616	-1562155200	20.2
32616	-1559476800	18.4
32616	-1556798400	12.9
32616	-1554206400	7.2
32616	-1551528000	0.5
32616	-1548936000	-2.1
32616	-1546257600	-1.9
32616	-1543579200	1.8
32616	-1541160000	3.8
32616	-1538481600	5.8
32616	-1535889600	12.4
32616	-1533211200	16.8
32616	-1530619200	19.6
32616	-1527940800	18.6
32616	-1525262400	10.4
32616	-1522670400	10.8
32616	-1519992000	1.6
32616	-1517400000	-6.4
32616	-1514721600	-6.3
32616	-1512043200	-7.1
32616	-1509624000	0.2
32616	-1506945600	5
32616	-1504353600	10.3
32616	-1501675200	18.2
32616	-1499083200	19.1
32616	-1496404800	18.5
32616	-1493726400	15.5
32616	-1491134400	9.2
32616	-1488456000	-0.9
32616	-1485864000	-6.4
32616	-1483185600	-1.9
32616	-1480507200	-5.6
32616	-1478088000	1.6
32616	-1475409600	7
32616	-1472817600	11.6
32616	-1470139200	15
32616	-1467547200	21
32616	-1464868800	18.4
32616	-1462190400	14.8
32616	-1459598400	7.2
32616	-1456920000	1.8
32616	-1454328000	-3.9
32616	-1451649600	-6.5
32616	-1448971200	2.3
32616	-1446465600	1.9
32616	-1443787200	6
32616	-1441195200	16
32616	-1438516800	14.1
32616	-1435924800	20.3
32616	-1433246400	18.7
32616	-1430568000	15.8
32616	-1427976000	7.8
32616	-1425297600	-0.7
32616	-1422705600	-8.5
32616	-1420027200	-1.2
32616	-1417348800	2.8
32616	-1414929600	4.1
32616	-1412251200	9.5
32616	-1409659200	13.6
32616	-1406980800	16
32616	-1404388800	21.2
32616	-1401710400	17.6
32616	-1399032000	13.1
32616	-1396440000	5.3
32616	-1393761600	0.6
32616	-1391169600	0.4
32616	-1388491200	-3.3
32616	-1385812800	1.9
32616	-1383393600	3.9
32616	-1380715200	10
32616	-1378123200	11.9
32616	-1375444800	16.3
32616	-1372852800	20.4
32616	-1370174400	18
32616	-1367496000	9.5
32616	-1364904000	8.7
32616	-1362225600	2.4
32616	-1359633600	-3.3
32616	-1356955200	-4.8
32616	-1354276800	-1.7
32616	-1351857600	2.6
32616	-1349179200	5.9
32616	-1346587200	9.6
32616	-1343908800	16.8
32616	-1341316800	20.3
32616	-1338638400	17.8
32616	-1335960000	12
32616	-1333368000	8.3
32616	-1330689600	3
32616	-1328097600	-10
32616	-1325419200	-2.6
32616	-1322740800	-4.6
32616	-1320235200	2.8
32616	-1317556800	5.3
32616	-1314964800	13.8
32616	-1312286400	13.6
32616	-1309694400	19.6
32616	-1307016000	17.3
32616	-1304337600	12.8
32616	-1301745600	8.3
32616	-1299067200	0.8
32616	-1296475200	-5.2
32616	-1293796800	-9.3
32616	-1291118400	-6.8
32616	-1288699200	2.6
32616	-1286020800	4.8
32616	-1283428800	10.5
32616	-1280750400	14.5
32616	-1278158400	19.5
32616	-1275480000	20.7
32616	-1272801600	10.7
32616	-1270209600	7.1
32616	-1267531200	0.9
32616	-1264939200	1.2
32616	-1262260800	-15.4
32616	-1259582400	1.9
32616	-1257163200	1.5
32616	-1254484800	10.3
32616	-1251892800	11.3
32616	-1249214400	15
32616	-1246622400	20.1
32616	-1243944000	19.6
32616	-1241265600	13.4
32616	-1238673600	5.3
32616	-1235995200	-2
32616	-1233403200	-5.2
32616	-1230724800	-1.5
32616	-1228046400	-0.7
32616	-1225627200	3.3
32616	-1222948800	6.7
32616	-1220356800	13.1
32616	-1217678400	16.8
32616	-1215086400	20.2
32616	-1212408000	19.7
32616	-1209729600	13.1
32616	-1207137600	6.7
32616	-1204459200	-3.4
32616	-1201867200	-5.4
32616	-1199188800	-5.2
32616	-1196510400	-3
32616	-1194004800	0.2
32616	-1191326400	6.6
32616	-1188734400	11.5
32616	-1186056000	16.2
32616	-1183464000	19.4
32616	-1180785600	17.9
32616	-1178107200	13.3
32616	-1175515200	6.8
32616	-1172836800	3.8
32616	-1170244800	-8.7
32616	-1167566400	-3.9
32616	-1164888000	-6.1
32616	-1162468800	2.1
32616	-1159790400	5.8
32616	-1157198400	8.6
32616	-1154520000	17.1
32616	-1151928000	19.9
32616	-1149249600	18.6
32616	-1146571200	12.2
32616	-1143979200	9.2
32616	-1141300800	3.4
32616	-1138708800	0.7
32616	-1136030400	1.6
32616	-1133352000	1.2
32616	-1130932800	6.2
32616	-1128254400	10.1
32616	-1125662400	14.3
32616	-1122984000	14.9
32616	-1120392000	19.3
32616	-1117713600	18.7
32616	-1115035200	11.6
32616	-1112443200	8.6
32616	-1109764800	3.4
32616	-1107172800	-1.8
32616	-1104494400	-1.7
32616	-1101816000	-0.6
32616	-1099396800	1.6
32616	-1096718400	5.5
32616	-1094126400	10.3
32616	-1091448000	15.4
32616	-1088856000	19.4
32616	-1086177600	18.9
32616	-1083499200	15.1
32616	-1080907200	7.2
32616	-1078228800	-0.3
32616	-1075636800	-3.3
32616	-1072958400	-2.8
32616	-1070280000	-12.5
32616	-1067774400	1.7
32616	-1065096000	8.7
32616	-1062504000	14.7
32616	-1059825600	17.2
32616	-1057233600	21.6
32616	-1054555200	19.3
32616	-1051876800	12.5
32616	-1049284800	8.9
32616	-1046606400	-1.6
32616	-1044014400	-1.1
32616	-1041336000	-15.1
32616	-1038657600	-3.6
32616	-1036238400	2.5
32616	-1033560000	5.8
32616	-1030968000	12.7
32616	-1028289600	15.3
32616	-1025697600	21.1
32616	-1023019200	18
32616	-1020340800	15.1
32616	-1017748800	9.2
32616	-1015070400	2.8
32616	-1012478400	-1.2
32616	-1009800000	-3.3
32616	-1007121600	-4.1
32616	-1004702400	1.8
32616	-1002024000	7.5
32616	-999432000	11.1
32616	-996753600	16.1
32616	-994161600	19.6
32616	-991483200	18.4
32616	-988804800	16.7
32616	-986212800	8.1
32616	-983534400	-0.5
32616	-980942400	-0.8
32616	-978264000	0.5
32616	-975585600	-3.8
32616	-973166400	3.9
32616	-970488000	9.5
32616	-967896000	13.8
32616	-965217600	13.9
32616	-962625600	20.6
32616	-959947200	19.6
32616	-957268800	14.5
32616	-954676800	9
32616	-951998400	1
32616	-949406400	0.5
32616	-946728000	-6.6
32616	-944049600	1.1
32616	-941544000	4.2
32616	-938865600	7.2
32616	-936273600	14.1
32616	-933595200	17.7
32616	-931003200	19.7
32616	-928324800	19.4
32616	-925646400	14.8
32616	-923054400	9.2
32616	-920376000	-1.7
32616	-917784000	-1.7
32616	-915105600	-2.8
32616	-912427200	-0.5
32616	-910008000	5.8
32616	-907329600	7.9
32616	-904737600	12.6
32616	-902059200	15.6
32616	-899467200	20.5
32616	-896788800	18.2
32616	-894110400	10.5
32616	-891518400	5.9
32616	-888840000	1.4
32616	-886248000	-2.9
32616	-883569600	-10.2
32616	-880891200	-5.8
32616	-878472000	2.5
32616	-875793600	9.2
32616	-873201600	10.3
32616	-870523200	13.3
32616	-867931200	20
32616	-865252800	18.9
32616	-862574400	14
32616	-859982400	8.7
32616	-857304000	0
32616	-854712000	-1.3
32616	-852033600	-7.5
32616	-849355200	-2.7
32616	-846936000	-1
32616	-844257600	9
32616	-841665600	9.2
32616	-838987200	12.9
32616	-836395200	19.2
32616	-833716800	17.8
32616	-831038400	14.7
32616	-828446400	8.4
32616	-825768000	0.4
32616	-823176000	-6.4
32616	-820497600	-3.7
32616	-817819200	-1.1
32616	-815313600	0.7
32616	-812635200	7.8
32616	-810043200	12
32616	-807364800	14.4
32616	-804772800	19
32616	-802094400	17
32616	-799416000	14.3
32616	-796824000	9.3
32616	-794145600	0.8
32616	-791553600	-6.7
32616	-788875200	-2.1
32616	-786196800	0.1
32616	-783777600	2.3
32616	-781099200	5.3
32616	-778507200	11.3
32616	-775828800	13.9
32616	-773236800	20.3
32616	-770558400	19.7
32616	-767880000	12.1
32616	-765288000	9.3
32616	-762609600	1.3
32616	-760017600	-4.3
32616	-757339200	-1.8
32616	-754660800	0
32616	-752241600	5.3
32616	-749563200	8.7
32616	-746971200	11.3
32616	-744292800	15
32616	-741700800	19.8
32616	-739022400	18.1
32616	-736344000	13
32616	-733752000	5.1
32616	-731073600	-0.5
32616	-728481600	-1.2
32616	-725803200	-4.6
32616	-723124800	0
32616	-720705600	4.2
32616	-718027200	7.8
32616	-715435200	13.8
32616	-712756800	13.9
32616	-710164800	20.2
32616	-707486400	18
32616	-704808000	13
32616	-702216000	9.6
32616	-699537600	-0.6
32616	-696945600	-1.5
32616	-694267200	-4.1
32616	-691588800	-3.2
32616	-689083200	0.5
32616	-686404800	6.7
32616	-683812800	11.5
32616	-681134400	16.4
32616	-678542400	17.5
32616	-675864000	17.6
32616	-673185600	13.3
32616	-670593600	6.7
32616	-667915200	0.6
32616	-665323200	-8.4
32616	-662644800	-14
32616	-659966400	-4.4
32616	-657547200	0.5
32616	-654868800	9.7
32616	-652276800	13.7
32616	-649598400	15.9
32616	-647006400	18.9
32616	-644328000	19.3
32616	-641649600	14.3
32616	-639057600	5.6
32616	-636379200	4.2
32616	-633787200	-2.9
32616	-631108800	-9.7
32616	-628430400	-1.5
32616	-626011200	1.5
32616	-623332800	6.1
32616	-620740800	9.9
32616	-618062400	14.2
32616	-615470400	18.6
32616	-612792000	17.7
32616	-610113600	13.4
32616	-607521600	9
32616	-604843200	0.2
32616	-602251200	-0.1
32616	-599572800	-5.5
32616	-596894400	-1.6
32616	-594475200	-0.2
32616	-591796800	7.6
32616	-589204800	11.3
32616	-586526400	13.3
32616	-583934400	19.4
32616	-581256000	17.6
32616	-578577600	12.5
32616	-575985600	6.3
32616	-573307200	-0.9
32616	-570715200	-6.4
32616	-568036800	-6.4
32616	-565358400	-2.1
32616	-562852800	0.4
32616	-560174400	10.2
32616	-557582400	12.4
32616	-554904000	15.4
32616	-552312000	19
32616	-549633600	19
32616	-546955200	15
32616	-544363200	9.2
32616	-541684800	-1.7
32616	-539092800	-3.1
32616	-536414400	3.2
32616	-533736000	0.8
32616	-531316800	4.3
32616	-528638400	6.2
32616	-526046400	9.6
32616	-523368000	13.7
32616	-520776000	20.3
32616	-518097600	18.1
32616	-515419200	15.3
32616	-512827200	8.6
32616	-510148800	3.8
32616	-507556800	0.7
32616	-504878400	-3.1
32616	-502200000	2
32616	-499780800	1.4
32616	-497102400	7.9
32616	-494510400	12.4
32616	-491832000	13.5
32616	-489240000	20
32616	-486561600	16.4
32616	-483883200	13
32616	-481291200	6.3
32616	-478612800	4.3
32616	-476020800	-3.1
32616	-473342400	-5.2
32616	-470664000	-3.3
32616	-468244800	-2.4
32616	-465566400	5.1
32616	-462974400	10
32616	-460296000	14.9
32616	-457704000	17.9
32616	-455025600	19
32616	-452347200	12.5
32616	-449755200	8.8
32616	-447076800	-2.8
32616	-444484800	-5.4
32616	-441806400	-4.1
32616	-439128000	-5
32616	-436622400	1.4
32616	-433944000	7.5
32616	-431352000	12.8
32616	-428673600	15.3
32616	-426081600	19.3
32616	-423403200	17.2
32616	-420724800	14.1
32616	-418132800	7.5
32616	-415454400	-0.4
32616	-412862400	0.7
32616	-410184000	-11.2
32616	-407505600	-2.6
32616	-405086400	2.6
32616	-402408000	6.6
32616	-399816000	13.9
32616	-397137600	16
32616	-394545600	19.6
32616	-391867200	17.9
32616	-389188800	14.6
32616	-386596800	6
32616	-383918400	0.7
32616	-381326400	1.2
32616	-378648000	-2
32616	-375969600	2.6
32616	-373550400	2.3
32616	-370872000	6.2
32616	-368280000	15.4
32616	-365601600	16.2
32616	-363009600	18.5
32616	-360331200	20.1
32616	-357652800	13.4
32616	-355060800	8.1
32616	-352382400	1.4
32616	-349790400	0.8
32616	-347112000	-1.2
32616	-344433600	-3.7
32616	-342014400	3.6
32616	-339336000	7.4
32616	-336744000	9.3
32616	-334065600	16.5
32616	-331473600	19.5
32616	-328795200	17.3
32616	-326116800	12.1
32616	-323524800	7.3
32616	-320846400	-2.2
32616	-318254400	-2.1
32616	-315576000	-7.3
32616	-312897600	-2.1
32616	-310392000	1.8
32616	-307713600	6.6
32616	-305121600	10.4
32616	-302443200	16.4
32616	-299851200	22.1
32616	-297172800	16.8
32616	-294494400	14.3
32616	-291902400	8.2
32616	-289224000	1.5
32616	-286632000	-5.2
32616	-283953600	-1.8
32616	-281275200	2.7
32616	-278856000	3.8
32616	-276177600	5.8
32616	-273585600	10.9
32616	-270907200	18.6
32616	-268315200	20.6
32616	-265636800	20.5
32616	-262958400	10.3
32616	-260366400	6.5
32616	-257688000	-1.4
32616	-255096000	-3
32616	-252417600	-6.9
32616	-249739200	-1.2
32616	-247320000	1.8
32616	-244641600	8.1
32616	-242049600	10.4
32616	-239371200	15.4
32616	-236779200	18.1
32616	-234100800	17.4
32616	-231422400	13.1
32616	-228830400	7
32616	-226152000	1.8
32616	-223560000	0.6
32616	-220881600	-10.3
32616	-218203200	2.8
32616	-215784000	3.6
32616	-213105600	6.4
32616	-210513600	11.9
32616	-207835200	14.4
32616	-205243200	18.1
32616	-202564800	18.2
32616	-199886400	14.9
32616	-197294400	9.2
32616	-194616000	2.4
32616	-192024000	-5.6
32616	-189345600	-1.9
32616	-186667200	-0.8
32616	-184161600	0.4
32616	-181483200	5.2
32616	-178891200	10.3
32616	-176212800	14.2
32616	-173620800	19.2
32616	-170942400	16.1
32616	-168264000	11.5
32616	-165672000	7.1
32616	-162993600	0.7
32616	-160401600	-3.9
32616	-157723200	-0.7
32616	-155044800	1
32616	-152625600	-2
32616	-149947200	7.5
32616	-147355200	10.2
32616	-144676800	14.8
32616	-142084800	18.4
32616	-139406400	17.1
32616	-136728000	8.5
32616	-134136000	8.7
32616	-131457600	2.1
32616	-128865600	-1.9
32616	-126187200	-1.5
32616	-123508800	-0.7
32616	-121089600	2.3
32616	-118411200	6.5
32616	-115819200	13.1
32616	-113140800	14.1
32616	-110548800	19.7
32616	-107870400	17.8
32616	-105192000	15.2
32616	-102600000	7.5
32616	-99921600	2.7
32616	-97329600	0.7
32616	-94651200	0.6
32616	-91972800	2.2
32616	-89553600	2
32616	-86875200	4.4
32616	-84283200	11.1
32616	-81604800	15.5
32616	-79012800	20.9
32616	-76334400	20.8
32616	-73656000	16.9
32616	-71064000	8.1
32616	-68385600	0.7
32616	-65793600	-4.2
32616	-63115200	-4.6
32616	-60436800	0.4
32616	-57931200	5.3
32616	-55252800	5.2
32616	-52660800	9.8
32616	-49982400	14.8
32616	-47390400	19.3
32616	-44712000	16
32616	-42033600	12.1
32616	-39441600	6.4
32616	-36763200	2.1
32616	-34171200	-3.4
32616	-31492800	-5.6
32616	-28814400	-4.4
32616	-26395200	0.6
32616	-23716800	9.1
32616	-21124800	13.3
32616	-18446400	15.6
32616	-15854400	18.9
32616	-13176000	19.7
32616	-10497600	14.1
32616	-7905600	5
32616	-5227200	2.2
32616	-2635200	-2.2
32616	43200	-3.3
32616	2721600	1.2
32616	5140800	1.3
32616	7819200	3.9
32616	10411200	11.9
32616	13089600	17.2
32616	15681600	20.1
32616	18360000	18.9
32616	21038400	10.4
32616	23630400	5.4
32616	26308800	1.1
32616	28900800	-3.1
32616	31579200	-1.6
32616	34257600	-0.2
32616	36676800	1.6
32616	39355200	6.2
32616	41947200	11.6
32616	44625600	14.2
32616	47217600	18.2
32616	49896000	20.7
32616	52574400	10.2
32616	55166400	5.5
32616	57844800	2.3
32616	60436800	-3.1
32616	63115200	-4.2
32616	65793600	0
32616	68299200	5.9
32616	70977600	5.8
32616	73569600	12
32616	76248000	16.7
32616	78840000	18.4
32616	81518400	19.2
32616	84196800	11.3
32616	86788800	5.3
32616	89467200	-0.1
32616	92059200	-7.4
32616	94737600	-4.5
32616	97416000	-1.2
32616	99835200	3.2
32616	102513600	5.3
32616	105105600	11.6
32616	107784000	15.4
32616	110376000	19.2
32616	113054400	19.2
32616	115732800	13
32616	118324800	8
32616	121003200	-0.6
32616	123595200	-0.3
32616	126273600	-6.4
32616	128952000	2.3
32616	131371200	2.6
32616	134049600	7.4
32616	136641600	9.4
32616	139320000	17.7
32616	141912000	18.8
32616	144590400	16.9
32616	147268800	12.6
32616	149860800	7.3
32616	152539200	2
32616	155131200	-1.3
32616	157809600	-3.5
32616	160488000	-4.2
32616	162907200	0.8
32616	165585600	3.5
32616	168177600	9.5
32616	170856000	13.2
32616	173448000	20.5
32616	176126400	16
32616	178804800	12.2
32616	181396800	7.1
32616	184075200	-0.2
32616	186667200	-2.4
32616	189345600	-1
32616	192024000	-0.9
32616	194529600	0.5
32616	197208000	7
32616	199800000	12.7
32616	202478400	13.2
32616	205070400	18.7
32616	207748800	17.1
32616	210427200	14.6
32616	213019200	7.4
32616	215697600	0.6
32616	218289600	-2.2
32616	220968000	-6.2
32616	223646400	1.3
32616	226065600	1.9
32616	228744000	8.9
32616	231336000	9.8
32616	234014400	17.3
32616	236606400	18.1
32616	239284800	18.3
32616	241963200	12.6
32616	244555200	6.4
32616	247233600	-0.8
32616	249825600	-2.8
32616	252504000	-3.2
32616	255182400	-0.4
32616	257601600	5.6
32616	260280000	7.2
32616	262872000	9.6
32616	265550400	15.7
32616	268142400	18.2
32616	270820800	17.3
32616	273499200	14.2
32616	276091200	8.4
32616	278769600	-3.3
32616	281361600	-7
32616	284040000	-14.6
32616	286718400	-1.3
32616	289137600	3.9
32616	291816000	6.6
32616	294408000	12.1
32616	297086400	16.3
32616	299678400	19.1
32616	302356800	17.8
32616	305035200	14.7
32616	307627200	8.3
32616	310305600	-2.9
32616	312897600	-0.1
32616	315576000	-7.2
32616	318254400	-0.6
32616	320760000	1.2
32616	323438400	9.2
32616	326030400	12.2
32616	328708800	14.5
32616	331300800	18.2
32616	333979200	15.6
32616	336657600	13.8
32616	339249600	7.6
32616	341928000	2
32616	344520000	1.1
32616	347198400	-1.2
32616	349876800	0.3
32616	352296000	4.5
32616	354974400	7.7
32616	357566400	11
32616	360244800	13.8
32616	362836800	18.1
32616	365515200	20.2
32616	368193600	14.1
32616	370785600	7.2
32616	373464000	1.4
32616	376056000	-2.1
32616	378734400	-3.3
32616	381412800	-2.6
32616	383832000	3.1
32616	386510400	4.8
32616	389102400	10.8
32616	391780800	15.4
32616	394372800	18.3
32616	397051200	18.7
32616	399729600	12.1
32616	402321600	6
32616	4.05e+08	-2
32616	407592000	-5.7
32616	410270400	-1
32616	412948800	1.3
32616	415368000	3.8
32616	418046400	6.1
32616	420638400	11.6
32616	423316800	15.3
32616	425908800	17
32616	428587200	20
32616	431265600	11.3
32616	433857600	7.6
32616	436536000	2.6
32616	439128000	-10.4
32616	441806400	-1.7
32616	444484800	1.4
32616	446990400	4.3
32616	449668800	6.7
32616	452260800	10.1
32616	454939200	14.6
32616	457531200	19.6
32616	460209600	19.4
32616	462888000	11.4
32616	465480000	5.3
32616	468158400	1.4
32616	470750400	-4.8
32616	473428800	-7.4
32616	476107200	-4
32616	478526400	2.7
32616	481204800	9.1
32616	483796800	13.4
32616	486475200	16.6
32616	489067200	22.2
32616	491745600	16.6
32616	494424000	9.8
32616	497016000	6
32616	499694400	-4.8
32616	502286400	-8.4
32616	504964800	-0.5
32616	507643200	0.1
32616	510062400	6.6
32616	512740800	7.3
32616	515332800	12.8
32616	518011200	19.1
32616	520603200	17.3
32616	523281600	19.2
32616	525960000	10.1
32616	528552000	7.5
32616	531230400	0.2
32616	533822400	-6.1
32616	536500800	-4.1
32616	539179200	0.1
32616	541598400	4.1
32616	544276800	10.7
32616	546868800	14
32616	549547200	17.6
32616	552139200	18.2
32616	554817600	16.4
32616	557496000	15.1
32616	560088000	8.2
32616	562766400	1.6
32616	565358400	-3.2
32616	568036800	-4.6
32616	570715200	1.2
32616	573220800	4.1
32616	575899200	9.2
32616	578491200	11.7
32616	581169600	17.6
32616	583761600	19.3
32616	586440000	17.8
32616	589118400	13.2
32616	591710400	11.4
32616	594388800	2.1
32616	596980800	-3
32616	599659200	-0.9
32616	602337600	-8.4
32616	604756800	1.1
32616	607435200	8.4
32616	610027200	11.2
32616	612705600	16.2
32616	615297600	20.5
32616	617976000	16.5
32616	620654400	13.4
32616	623246400	7.5
32616	625924800	3.9
32616	628516800	-3
32616	631195200	0.5
32616	633873600	-0.7
32616	636292800	3.5
32616	638971200	9.3
32616	641563200	10.4
32616	644241600	15.7
32616	646833600	20.4
32616	649512000	18.7
32616	652190400	16.9
32616	654782400	7.3
32616	657460800	3.9
32616	660052800	-8.1
32616	662731200	-2.5
32616	665409600	3.6
32616	667828800	2.1
32616	670507200	6.7
32616	673099200	10.5
32616	675777600	13.9
32616	678369600	20.5
32616	681048000	20.9
32616	683726400	14.8
32616	686318400	7.4
32616	688996800	0.4
32616	691588800	-2.4
32616	694267200	-1
32616	696945600	3.2
32616	699451200	6.4
32616	702129600	9
32616	704721600	14.2
32616	707400000	17.8
32616	709992000	17.5
32616	712670400	18.3
32616	715348800	13.1
32616	717940800	8.5
32616	720619200	0
32616	723211200	-5.8
32616	725889600	-8.8
32616	728568000	-8
32616	730987200	4.3
32616	733665600	6.9
32616	736257600	14.4
32616	738936000	14.1
32616	741528000	14.8
32616	744206400	16.5
32616	746884800	13.2
32616	749476800	8.6
32616	752155200	-1.8
32616	754747200	-0.8
32616	757425600	2.3
32616	760104000	-1.6
32616	762523200	5.2
32616	765201600	9.2
32616	767793600	13.3
32616	770472000	15.5
32616	773064000	20.6
32616	775742400	20.2
32616	778420800	14.9
32616	781012800	7
32616	783691200	0.4
32616	786283200	-1.9
32616	788961600	-3.1
32616	791640000	1.8
32616	794059200	2.9
32616	796737600	6.4
32616	799329600	11.2
32616	802008000	14.3
32616	804600000	18.7
32616	807278400	17.7
32616	809956800	13.7
32616	812548800	6.3
32616	815227200	3.5
32616	817819200	-2.7
32616	820497600	-3.9
32616	823176000	-3.2
32616	825681600	1.6
32616	828360000	7.9
32616	830952000	9.6
32616	833630400	15.7
32616	836222400	20.7
32616	838900800	18.3
32616	841579200	12.4
32616	844171200	6.8
32616	846849600	0.3
32616	849441600	-3
32616	852120000	-4.1
32616	854798400	-1.1
32616	857217600	3.8
32616	859896000	5.3
32616	862488000	13.3
32616	865166400	15.4
32616	867758400	18.3
32616	870436800	19.3
32616	873115200	14.5
32616	875707200	7.2
32616	878385600	1.1
32616	880977600	-3.1
32616	883656000	-1.6
32616	886334400	0.9
32616	888753600	3.8
32616	891432000	8.1
32616	894024000	12.6
32616	896702400	13.6
32616	899294400	21.5
32616	901972800	20.8
32616	904651200	17.4
32616	907243200	6.6
32616	909921600	3
32616	912513600	-2.5
32616	915192000	0.6
32616	917870400	0.5
32616	920289600	4
32616	922968000	6.6
32616	925560000	10.7
32616	928238400	14.8
32616	930830400	18.7
32616	933508800	20.1
32616	936187200	13.2
32616	938779200	8
32616	941457600	4.1
32616	944049600	-0.3
32616	946728000	-1.4
32616	949406400	0.6
32616	951912000	4.7
32616	954590400	9.3
32616	957182400	12.1
32616	959860800	16.7
32616	962452800	21
32616	965131200	19.4
32616	967809600	12.9
32616	970401600	7.3
32616	973080000	-3.2
32616	975672000	-4.8
32616	978350400	-3.4
32616	981028800	-2.8
32616	983448000	4.1
32616	986126400	6.5
32616	988718400	13.4
32616	991396800	15.2
32616	993988800	19.6
32616	996667200	21.3
32616	999345600	16.5
32616	1001937600	8.1
32616	1004616000	3.5
32616	1007208000	-3.5
32616	1009886400	-1.1
32616	1012564800	0.2
32616	1014984000	0
32616	1017662400	6.7
32616	1020254400	10.4
32616	1022932800	15.9
32616	1025524800	21.4
32616	1028203200	17.2
32616	1030881600	14.6
32616	1033473600	5.2
32616	1036152000	1.7
32616	1038744000	-1.2
32616	1041422400	-0.1
32616	1044100800	-1.3
32616	1046520000	4.3
32616	1049198400	7.6
32616	1051790400	12.3
32616	1054468800	16.6
32616	1057060800	22.3
32616	1059739200	20.7
32616	1062417600	14.4
32616	1065009600	9.6
32616	1067688000	-1.5
32616	1070280000	-1.4
32616	1072958400	-4.7
32616	1075636800	0.5
32616	1078142400	6.5
32616	1080820800	9.1
32616	1083412800	11.6
32616	1086091200	15.7
32616	1088683200	20.5
32616	1091361600	18.8
32616	1094040000	12.1
32616	1096632000	7.8
32616	1099310400	1.4
32616	1101902400	0.1
32616	1104580800	-3.1
32616	1107259200	0
32616	1109678400	4.9
32616	1112356800	7.7
32616	1114948800	12.7
32616	1117627200	14
32616	1120219200	20.6
32616	1122897600	19
32616	1125576000	12.8
32616	1128168000	8.5
32616	1130846400	-0.5
32616	1133438400	-5
32616	1136116800	2.6
32616	1138795200	-1.6
32616	1141214400	3.1
32616	1143892800	8.5
32616	1146484800	13.6
32616	1149163200	17.6
32616	1151755200	22.2
32616	1154433600	18.4
32616	1157112000	13.8
32616	1159704000	7.6
32616	1162382400	2.3
32616	1164974400	-2.2
32616	1167652800	-2.8
32616	1170331200	1.3
32616	1172750400	6.7
32616	1175428800	7.7
32616	1178020800	12.5
32616	1180699200	16.6
32616	1183291200	23.5
32616	1185969600	18
32616	1188648000	13.2
32616	1191240000	7.7
32616	1193918400	0.6
32616	1196510400	-1.4
32616	1199188800	-3.9
32616	1201867200	0.8
32616	1204372800	2.9
32616	1207051200	5.3
32616	1209643200	11.4
32616	1212321600	15
32616	1214913600	20
32616	1217592000	19.4
32616	1220270400	12.6
32616	1222862400	7.3
32616	1225540800	3.7
32616	1228132800	-4.5
32616	1230811200	-1.6
32616	1233489600	1
32616	1235908800	1.7
32616	1238587200	7.3
32616	1241179200	11.8
32616	1243857600	15.5
32616	1246449600	19.8
32616	1249128000	19.1
32616	1251806400	16.3
32616	1254398400	4.6
32616	1257076800	3
32616	1259668800	-6
32616	1262347200	-0.9
32616	1265025600	1
32616	1267444800	5.1
32616	1270123200	7
32616	1272715200	9
32616	1275393600	15
32616	1277985600	18.7
32616	1280664000	18.3
32616	1283342400	14.2
32616	1285934400	9
32616	1288612800	-0.2
32616	1291204800	-3.4
32616	1293883200	-1.4
32616	1296561600	-2.7
32616	1298980800	3.5
32616	1301659200	5.5
32616	1304251200	10.2
32616	1306929600	14.2
32616	1309521600	18.7
32616	1312200000	20.5
32616	1314878400	15.4
32616	1317470400	8.4
32616	1320148800	1.2
32616	1322740800	-2.2
32616	1325419200	0
32616	1328097600	0.3
32616	1330603200	5.2
32616	1333281600	8.4
32616	1335873600	10.5
32616	1338552000	15
32616	1341144000	20.9
32616	1343822400	19.5
32616	1346500800	14
32616	1349092800	7.5
32616	1351771200	3.1
32616	1354363200	-0.3
32616	1357041600	-4.2
32616	1359720000	1.7
32616	1362139200	4.2
32616	1364817600	6.8
32616	1367409600	12.1
32616	1370088000	16.1
32616	1372680000	21.8
32616	1375358400	20.2
32616	1378036800	15.9
32616	1380628800	5.7
32616	1383307200	1.3
32616	1385899200	-2.8
32616	1388577600	0.3
32616	1391256000	-4.5
32616	1393675200	3.1
32617	-2193307200	15.9
32617	-2190628800	13.6
32617	-2187950400	9.5
32617	-2185358400	4.9
32617	-2182680000	-2.9
32617	-2180088000	1.9
32617	-2177409600	-5.4
32617	-2174731200	-7.4
32617	-2172312000	0.2
32617	-2169633600	3.7
32617	-2167041600	10.8
32617	-2164363200	9.7
32617	-2161771200	15.4
32617	-2159092800	16.5
32617	-2156414400	8
32617	-2153822400	10.2
32617	-2151144000	1.7
32617	-2148552000	-1.1
32617	-2145873600	-5.3
32617	-2143195200	-5.6
32617	-2140776000	-3
32617	-2138097600	3.9
32617	-2135505600	9.3
32617	-2132827200	11.1
32617	-2130235200	14.5
32617	-2127556800	14.5
32617	-2124878400	10.4
32617	-2122286400	8.3
32617	-2119608000	-3.5
32617	-2117016000	-7.3
32617	-2114337600	-3.9
32617	-2111659200	-6.4
32617	-2109240000	-8.6
32617	-2106561600	3.5
32617	-2103969600	7.8
32617	-2101291200	15.2
32617	-2098699200	14.3
32617	-2096020800	13.5
32617	-2093342400	8.7
32617	-2090750400	8.5
32617	-2088072000	-3.3
32617	-2085480000	-0.4
32617	-2082801600	-5.8
32617	-2080123200	-14.6
32617	-2077617600	-9
32617	-2074939200	6.4
32617	-2072347200	9.1
32617	-2069668800	12.7
32617	-2067076800	16.8
32618	-189345600	-4.8
32618	-186667200	-1.6
32618	-184161600	-5.9
32618	-181483200	1.8
32618	-178891200	7.9
32618	-176212800	12.3
32618	-173620800	16.1
32618	-170942400	13.2
32618	-168264000	7.7
32618	-165672000	8.2
32618	-162993600	-1.5
32618	-160401600	-13.1
32618	-157723200	-7.2
32618	-155044800	-5.7
32618	-152625600	-7.9
32618	-149947200	3.9
32618	-147355200	7.3
32618	-144676800	10.8
32618	-142084800	15.7
32618	-139406400	15.6
32618	-136728000	4.1
32618	-134136000	10
32618	-131457600	-2
32618	-128865600	-3.5
32618	-126187200	-10.9
32618	-123508800	-5.2
32618	-121089600	-0.5
32618	-118411200	1.5
32618	-115819200	9.8
32618	-113140800	10.9
32618	-110548800	15.3
32618	-107870400	14.2
32618	-105192000	13.1
32618	-102600000	5.2
32618	-99921600	-3.3
32618	-97329600	-3.5
32618	-94651200	-5.4
32618	-91972800	-2.9
32618	-89553600	-6.4
32618	-86875200	-1.6
32618	-84283200	6.5
32618	-81604800	11.3
32618	-79012800	16.7
32618	-76334400	17.7
32618	-73656000	15.3
32619	-2061720000	11.2
32619	-2059128000	7.9
32619	-2056449600	4.6
32619	-2053857600	-2.8
32619	-2051179200	-8.3
32619	-2048500800	-8.3
32619	-2046081600	2.7
32619	-2043403200	4.2
32620	-68385600	-0.7
32620	-65793600	-6.3
32620	-63115200	-8.5
32620	-60436800	-1.5
32620	-57931200	2.2
32620	-55252800	1.5
32620	-52660800	6.7
32620	-49982400	11.2
32620	-47390400	14.5
32620	-44712000	13
32620	-42033600	10.6
32620	-39441600	5.6
32620	-36763200	-0.2
32620	-34171200	-11.1
32620	-31492800	-21.2
32620	-28814400	-7.3
32620	-26395200	-2.3
32620	-23716800	6.2
32620	-21124800	9.5
32620	-18446400	11.6
32620	-15854400	14.5
32620	-13176000	16.1
32620	-10497600	12
32620	-7905600	1.7
32620	-5227200	2.7
32620	-2635200	-2
32620	43200	-10.3
32620	2721600	-2.2
32620	5140800	-4.1
32620	7819200	0.3
32620	10411200	9
32620	13089600	15.2
32620	15681600	17
32620	18360000	16.7
32620	21038400	9.1
32620	23630400	4.5
32620	26308800	-3
32621	-2038132800	11.3
32621	-2035540800	16.6
32621	-2032862400	16.7
32621	-2030184000	12
32621	-2027592000	2.8
32621	-2024913600	2.7
32621	-2022321600	-0.9
32621	-2019643200	-4.9
32621	-2016964800	-2.4
32621	-2014545600	-4.6
32621	-2011867200	7.5
32621	-2009275200	7.4
32621	-2006596800	12.7
32621	-2004004800	18.3
32621	-2001326400	15.6
32621	-1998648000	11.7
32621	-1996056000	7.9
32621	-1993377600	0.3
32621	-1990785600	-7.1
32621	-1988107200	-17.3
32622	31579200	-12
32622	34257600	-3.2
32622	36676800	-4.1
32622	39355200	4
32622	41947200	9.1
32622	44625600	11.1
32622	47217600	15
32622	49896000	19.2
32622	52574400	8.6
32622	55166400	3.7
32622	57844800	-0.3
32622	60436800	-10.1
32622	63115200	-13.9
32622	65793600	-8.9
32622	68299200	-0.4
32622	70977600	1.8
32622	73569600	8.4
32622	76248000	13
32622	78840000	12.6
32622	81518400	16.2
32622	84196800	6.5
32622	86788800	3.9
32622	89467200	-0.3
32622	92059200	-9.4
32622	94737600	-5.4
32622	97416000	-5
32622	99835200	0.7
32622	102513600	2.1
32622	105105600	9.3
32622	107784000	12.7
32622	110376000	16.5
32622	113054400	16.1
32622	115732800	10.8
32622	118324800	6
32622	121003200	-8.2
32622	123595200	-3.3
32622	126273600	-9.1
32622	128952000	-2.9
32622	131371200	-3.3
32622	134049600	4.8
32622	136641600	6.5
32622	139320000	14.7
32622	141912000	16.2
32622	144590400	13.1
32622	147268800	10.2
32622	149860800	8.9
32622	152539200	1
32622	155131200	-2.5
32622	157809600	-8
32622	160488000	-12
32622	162907200	-6.3
32622	165585600	-2.6
32622	168177600	7.1
32622	170856000	10.8
32622	173448000	17.4
32622	176126400	13.3
32622	178804800	11.4
32622	181396800	3.8
32622	184075200	-2.3
32622	186667200	-3.1
32622	189345600	-4.5
32622	192024000	-3.6
32622	194529600	-3.1
32622	197208000	4.4
32622	199800000	9.6
32622	202478400	9.8
32622	205070400	15
32622	207748800	14.9
32622	210427200	13
32622	213019200	5.5
32622	215697600	1.4
32622	218289600	-2.6
32622	220968000	-6.8
32622	223646400	2.1
32622	226065600	-1.6
32622	228744000	6.5
32622	231336000	7.7
32622	234014400	13.9
32622	236606400	14.9
32622	239284800	12.7
32622	241963200	8.9
32622	244555200	5.8
32622	247233600	-4
32622	249825600	-9.9
32623	255182400	-8
32623	257601600	-0.8
32623	260280000	2.8
32623	262872000	6.7
32623	265550400	12.6
32623	268142400	14.9
32623	270820800	13.7
32624	-1940846400	17.5
32624	-1938168000	15.2
32624	-1935489600	12.3
32624	-1932897600	4.6
32624	-1930219200	2.2
32624	-1927627200	-3.9
32624	-1924948800	-14.3
32624	-1922270400	-6.9
32624	-1919851200	-1.3
32624	-1917172800	-0.5
32624	-1914580800	7.1
32624	-1911902400	13.5
32624	-1909310400	16.1
32624	-1906632000	15.2
32624	-1903953600	13.3
32624	-1901361600	6.3
32624	-1898683200	-3.6
32624	-1896091200	-8.6
32624	-1893412800	-4.1
32624	-1890734400	-11.2
32624	-1888315200	5.2
32624	-1885636800	8.8
32624	-1883044800	9.8
32624	-1880366400	14.2
32624	-1877774400	17.8
32624	-1875096000	13.6
32624	-1872417600	10.1
32624	-1869825600	8.3
32625	276091200	7.1
32625	278769600	-6.3
32625	281361600	-9.8
32625	284040000	-13.9
32625	286718400	-10.6
32625	289137600	-1
32626	294408000	7.8
32626	297086400	12.5
32626	299678400	15.8
32626	302356800	16
32626	305035200	13.8
32626	307627200	7.3
32626	310305600	-0.7
32626	312897600	-1
32626	315576000	-11.6
32626	318254400	-4.7
32626	320760000	-3
32626	323438400	6.5
32626	326030400	10.1
32626	328708800	11.6
32626	331300800	15.5
32626	333979200	12.1
32626	336657600	10.7
32626	339249600	7.2
32626	341928000	0.9
32626	344520000	-7.6
32626	347198400	-0.1
32626	349876800	-1.1
32626	352296000	0.9
32626	354974400	4.9
32626	357566400	8.3
32626	360244800	10
32626	362836800	14.5
32626	365515200	17.3
32626	368193600	12.1
32626	370785600	4.8
32626	373464000	2
32626	376056000	-5.9
32626	378734400	-15.9
32626	381412800	-7.6
32626	383832000	-4.5
32626	386510400	-0.1
32626	389102400	7.3
32626	391780800	12.7
32626	394372800	14.9
32626	397051200	14.7
32626	399729600	10.5
32626	402321600	5.9
32626	4.05e+08	-4.5
32626	407592000	-4.4
32626	410270400	-1.4
32626	412948800	0.9
32626	415368000	-1.3
32626	418046400	3.2
32626	420638400	8.6
32626	423316800	11.9
32626	425908800	14.5
32626	428587200	18.3
32626	431265600	8.8
32626	433857600	7
32626	436536000	-1.7
32626	439128000	-15.7
32627	-1848830400	14.5
32627	-1846238400	14.8
32627	-1843560000	13.1
32627	-1840881600	9.1
32627	-1838289600	5.7
32627	-1835611200	-5.6
32627	-1833019200	-3.6
32627	-1830340800	-6.4
32628	444484800	1.4
32628	446990400	-1
32628	449668800	3.6
32628	452260800	7.1
32628	454939200	11.5
32628	457531200	16.2
32628	460209600	17.1
32629	-1814616000	13.7
32629	-1811937600	15
32630	468158400	-2.4
32630	470750400	-12.6
32630	473428800	-5.4
32630	476107200	-6.8
32630	478526400	-2
32630	481204800	4.6
32630	483796800	9.8
32630	486475200	11.2
32630	489067200	18.1
32630	491745600	13.7
32630	494424000	6
32630	497016000	4.3
32630	499694400	-12.9
32630	502286400	-2.7
32630	504964800	0.5
32630	507643200	-8.8
32630	510062400	3.9
32630	512740800	3.2
32630	515332800	9.2
32630	518011200	14.3
32630	520603200	13.9
32630	523281600	16.3
32630	525960000	6.4
32630	528552000	7.7
32630	531230400	-4
32630	533822400	-1.8
32630	536500800	-1.8
32630	539179200	-1.9
32630	541598400	-1.1
32630	544276800	7.4
32630	546868800	9.9
32630	549547200	14.3
32630	552139200	14.5
32630	554817600	11.8
32630	557496000	12.5
32630	560088000	6.9
32630	562766400	2.9
32630	565358400	-3.8
32630	568036800	-6.8
32630	570715200	-3.7
32630	573220800	-0.2
32630	575899200	5
32630	578491200	9.9
32630	581169600	14.8
32630	583761600	16.1
32630	586440000	15.2
32630	589118400	10.6
32630	591710400	7.4
32630	594388800	0
32630	596980800	-3.4
32630	599659200	-4.3
32630	602337600	-12.5
32631	-1806667200	4.1
32631	-1803988800	0.6
32632	607435200	4.2
32632	610027200	8
32632	612705600	13
32632	615297600	16.4
32632	617976000	13.9
32632	620654400	10.9
32632	623246400	5.1
32632	625924800	-0.2
32632	628516800	-3.7
32632	631195200	-4
32632	633873600	-5.2
32632	636292800	0.4
32632	638971200	3.6
32632	641563200	7.7
32632	644241600	12.3
32632	646833600	15.7
32632	649512000	16
32632	652190400	13.9
32632	654782400	4
32632	657460800	-1.5
32632	660052800	-10.6
32632	662731200	-9.6
32632	665409600	2.2
32632	667828800	-2.1
32632	670507200	4
32632	673099200	8.2
32632	675777600	11.3
32632	678369600	15.7
32632	681048000	16.9
32632	683726400	11.3
32632	686318400	3.6
32632	688996800	-0.6
32633	694267200	0.2
32633	696945600	2
32633	699451200	4.1
32634	-1754136000	12.9
32634	-1751544000	18.8
32634	-1748865600	15.1
32634	-1746187200	10.5
32634	-1743595200	5.6
32634	-1740916800	1
32634	-1738324800	-9.5
32634	-1735646400	-4.3
32634	-1732968000	-2.9
32634	-1730548800	0.8
32634	-1727870400	8.4
32634	-1725278400	8.8
32634	-1722600000	11
32634	-1720008000	14
32634	-1717329600	17.5
32634	-1714651200	8.6
32634	-1712059200	7.5
32634	-1709380800	-1.2
32634	-1706788800	-3.9
32634	-1704110400	-22.2
32634	-1701432000	-7.5
32634	-1698926400	-0.4
32634	-1696248000	5.2
32634	-1693656000	7
32634	-1690977600	12.4
32634	-1688385600	15.5
32634	-1685707200	14.6
32634	-1683028800	9.9
32634	-1680436800	3.8
32634	-1677758400	-1.2
32634	-1675166400	-10.5
32634	-1672488000	-8.8
32634	-1669809600	-10.7
32634	-1667390400	-4.3
32634	-1664712000	1.3
32634	-1662120000	8.2
32634	-1659441600	12.5
32634	-1656849600	18.2
32634	-1654171200	14.8
32634	-1651492800	11.8
32634	-1648900800	5.2
32634	-1646222400	6.1
32634	-1643630400	-11
32634	-1640952000	-7.9
32634	-1638273600	-6.8
32634	-1635854400	-0.3
32634	-1633176000	3.9
32634	-1630584000	7.6
32634	-1627905600	15.2
32634	-1625313600	15.9
32634	-1622635200	15.3
32634	-1619956800	11.8
32634	-1617364800	7.2
32634	-1614686400	-0.1
32634	-1612094400	-2.1
32634	-1609416000	0.5
32634	-1606737600	-8.9
32634	-1604318400	-7.3
32634	-1601640000	6
32634	-1599048000	9.6
32634	-1596369600	14.4
32634	-1593777600	17.5
32634	-1591099200	16.6
32634	-1588420800	10.5
32634	-1585828800	0
32634	-1583150400	-4.9
32634	-1580558400	-6.9
32634	-1577880000	-8.6
32634	-1575201600	-3.7
32634	-1572696000	-3
32634	-1570017600	-1.3
32634	-1567425600	6.7
32634	-1564747200	12.1
32634	-1562155200	17.4
32634	-1559476800	16
32634	-1556798400	10.7
32634	-1554206400	5.4
32634	-1551528000	-0.4
32634	-1548936000	-4.1
32634	-1546257600	-4.6
32634	-1543579200	-3
32634	-1541160000	-4.4
32634	-1538481600	3.9
32634	-1535889600	9
32634	-1533211200	14.5
32634	-1530619200	16.4
32634	-1527940800	16
32634	-1525262400	8.1
32634	-1522670400	8.3
32634	-1519992000	-3.4
32634	-1517400000	-5.3
32634	-1514721600	-8.3
32634	-1512043200	-14
32634	-1509624000	-3
32634	-1506945600	2.8
32634	-1504353600	9.4
32634	-1501675200	15.1
32634	-1499083200	15.8
32634	-1496404800	16.7
32634	-1493726400	13.3
32634	-1491134400	7.7
32634	-1488456000	-0.3
32634	-1485864000	-10.6
32634	-1483185600	-5.3
32634	-1480507200	-6.9
32634	-1478088000	-2.6
32634	-1475409600	3.6
32634	-1472817600	9.5
32634	-1470139200	12.9
32634	-1467547200	16.2
32634	-1464868800	14.3
32634	-1462190400	11.3
32634	-1459598400	5.8
32634	-1456920000	3.9
32634	-1454328000	-4
32634	-1451649600	-8.6
32634	-1448971200	-1.5
32634	-1446465600	-3.1
32634	-1443787200	3.3
32634	-1441195200	10.6
32634	-1438516800	11.2
32634	-1435924800	16.3
32634	-1433246400	13.5
32634	-1430568000	11.1
32634	-1427976000	6.5
32634	-1425297600	-2.7
32634	-1422705600	-10.9
32634	-1420027200	-6.3
32634	-1417348800	-3.6
32634	-1414929600	-1.5
32634	-1412251200	5.8
32634	-1409659200	10.5
32634	-1406980800	14.2
32634	-1404388800	17.3
32634	-1401710400	14.7
32634	-1399032000	8.4
32634	-1396440000	0.7
32634	-1393761600	0.7
32634	-1391169600	1
32634	-1388491200	-1.1
32634	-1385812800	-0.7
32634	-1383393600	1.8
32634	-1380715200	5.6
32634	-1378123200	10.9
32634	-1375444800	13.3
32634	-1372852800	18.2
32634	-1370174400	14
32634	-1367496000	5.1
32634	-1364904000	7.2
32634	-1362225600	-1.1
32634	-1359633600	-5.7
32634	-1356955200	-7.3
32634	-1354276800	-6.2
32634	-1351857600	-1
32634	-1349179200	2.7
32634	-1346587200	6.1
32634	-1343908800	12.9
32634	-1341316800	14.6
32634	-1338638400	13.8
32634	-1335960000	9.2
32634	-1333368000	6.6
32634	-1330689600	-7.8
32634	-1328097600	-13
32634	-1325419200	-3.5
32634	-1322740800	-2.8
32634	-1320235200	0.2
32634	-1317556800	2.5
32634	-1314964800	12.3
32634	-1312286400	11.5
32634	-1309694400	16.1
32634	-1307016000	13.7
32634	-1304337600	10.9
32634	-1301745600	3.7
32634	-1299067200	1.8
32634	-1296475200	-2.1
32634	-1293796800	-13.5
32634	-1291118400	-11
32634	-1288699200	1.3
32634	-1286020800	1.6
32634	-1283428800	8.8
32634	-1280750400	13.4
32634	-1278158400	17.1
32634	-1275480000	17.7
32635	704721600	9.2
32635	707400000	13.4
32635	709992000	12.5
32635	712670400	13.4
32635	715348800	9.8
32635	717940800	5.6
32635	720619200	-0.5
32635	723211200	-10.8
32635	725889600	-9.6
32635	728568000	-6.6
32635	730987200	0.3
32635	733665600	4.5
32635	736257600	11.3
32635	738936000	11.3
32635	741528000	11.4
32635	744206400	12.9
32635	746884800	9.5
32635	749476800	6.7
32635	752155200	-3.5
32635	754747200	-0.9
32635	757425600	-3.9
32635	760104000	-9.9
32635	762523200	2.1
32635	765201600	4.2
32635	767793600	9.7
32635	770472000	12.8
32635	773064000	17.2
32635	775742400	16.2
32635	778420800	13.6
32635	781012800	3.9
32635	783691200	-3
32635	786283200	-3.7
32635	788961600	-3.4
32635	791640000	-4
32635	794059200	-1.7
32635	796737600	1.9
32635	799329600	7.3
32635	802008000	11.8
32635	804600000	14.7
32635	807278400	12.8
32635	809956800	10.9
32635	812548800	3.5
32635	815227200	0.3
32635	817819200	-5.4
32635	820497600	-11.8
32635	823176000	-3.8
32635	825681600	-5.3
32635	828360000	5.1
32635	830952000	5.7
32635	833630400	12.8
32635	836222400	15.8
32635	838900800	17.2
32635	841579200	9
32635	844171200	4.3
32635	846849600	-7.8
32635	849441600	-10.6
32635	852120000	-8.1
32635	854798400	-1.6
32635	857217600	-2.3
32635	859896000	1
32635	862488000	8.7
32635	865166400	12.5
32635	867758400	15.2
32635	870436800	15.8
32635	873115200	13.4
32635	875707200	5.3
32635	878385600	-0.3
32635	880977600	-0.8
32635	883656000	-7.7
32635	886334400	-1.1
32635	888753600	-2.9
32635	891432000	5.6
32635	894024000	10.3
32635	896702400	11.1
32635	899294400	17.7
32635	901972800	18
32635	904651200	14.3
32635	907243200	7.1
32635	909921600	-0.6
32635	912513600	-6.3
32635	915192000	-4
32635	917870400	-0.4
32635	920289600	0.5
32635	922968000	3.3
32635	925560000	6.9
32635	928238400	11.2
32635	930830400	14
32635	933508800	16.7
32635	936187200	10.2
32635	938779200	6.2
32635	941457600	3.8
32635	944049600	0.3
32635	946728000	-5.7
32635	949406400	-4.3
32635	951912000	0.4
32635	954590400	4.6
32635	957182400	8.7
32635	959860800	12
32635	962452800	17.3
32635	965131200	16.4
32635	967809600	10.8
32635	970401600	5.6
32635	973080000	-3.2
32635	975672000	-7.8
32635	978350400	-1
32635	981028800	-9.1
32635	983448000	-0.5
32635	986126400	1.9
32635	988718400	10.3
32635	991396800	11.6
32635	993988800	16.4
32635	996667200	18
32635	999345600	12.7
32635	1001937600	4.3
32635	1004616000	1.2
32635	1007208000	-5.1
32635	1009886400	-5.7
32635	1012564800	-3.4
32635	1014984000	-10.3
32635	1017662400	-0.4
32635	1020254400	5.8
32635	1022932800	12.1
32635	1025524800	17.6
32635	1028203200	12.5
32635	1030881600	9.3
32635	1033473600	1.3
32635	1036152000	2.5
32635	1038744000	-2.2
32635	1041422400	-2.6
32635	1044100800	-5.5
32635	1046520000	-2.7
32635	1049198400	3.8
32635	1051790400	7.3
32635	1054468800	12.4
32635	1057060800	17.9
32635	1059739200	17.9
32635	1062417600	10.7
32635	1065009600	6.9
32635	1067688000	-5.2
32635	1070280000	-1.8
32635	1072958400	-7.9
32635	1075636800	-1.6
32635	1078142400	2.9
32635	1080820800	5.8
32635	1083412800	6.9
32635	1086091200	12
32635	1088683200	16.6
32635	1091361600	15.7
32635	1094040000	9.9
32635	1096632000	4.6
32635	1099310400	1.3
32635	1101902400	-2.7
32635	1104580800	-6.9
32635	1107259200	-2.2
32635	1109678400	-0.5
32635	1112356800	4
32635	1114948800	8.5
32635	1117627200	11
32635	1120219200	15.5
32635	1122897600	13.1
32635	1125576000	8.8
32636	-1270209600	7.4
32636	-1267531200	-0.8
32636	-1264939200	-8.3
32636	-1262260800	-14.8
32636	-1259582400	-0.2
32636	-1257163200	-2
32636	-1254484800	7.6
32636	-1251892800	8.5
32636	-1249214400	13.3
32636	-1246622400	16.7
32636	-1243944000	17
32636	-1241265600	11.9
32636	-1238673600	3.5
32636	-1235995200	1.8
32636	-1233403200	1.2
32636	-1230724800	1.1
32636	-1228046400	1.3
32636	-1225627200	-0.9
32636	-1222948800	6.2
32636	-1220356800	11.6
32636	-1217678400	15.3
32636	-1215086400	17.4
32636	-1212408000	16.8
32636	-1209729600	12.4
32636	-1207137600	9.5
32636	-1204459200	-3
32637	1130846400	0
32637	1133438400	-5.6
32637	1136116800	-0.5
32637	1138795200	-6.3
32637	1141214400	-3.7
32637	1143892800	4.7
32637	1146484800	9.3
32637	1149163200	12.7
32637	1151755200	17.4
32637	1154433600	15
32637	1157112000	11
32637	1159704000	2.7
32637	1162382400	-3.9
32637	1164974400	-1.7
32637	1167652800	-3.5
32637	1170331200	-6.1
32637	1172750400	3.3
32637	1175428800	3.3
32637	1178020800	9.7
32637	1180699200	13.5
32637	1183291200	21.1
32637	1185969600	16.2
32637	1188648000	11
32637	1191240000	6.4
32637	1193918400	-0.1
32638	-1167566400	-4.7
32638	-1164888000	-7.6
32638	-1162468800	-1.3
32638	-1159790400	2.7
32638	-1157198400	8.7
32638	-1154520000	14.7
32638	-1151928000	16.7
32638	-1149249600	15.7
32638	-1146571200	8.7
32638	-1143979200	3.9
32638	-1141300800	2.8
32638	-1138708800	-11.8
32638	-1136030400	0
32638	-1133352000	-0.9
32638	-1130932800	0
32638	-1128254400	8.1
32638	-1125662400	13
32638	-1122984000	12.8
32638	-1120392000	16.5
32638	-1117713600	15.3
32638	-1115035200	8.6
32638	-1112443200	7.6
32638	-1109764800	2.9
32638	-1107172800	-5.9
32638	-1104494400	-9.2
32638	-1101816000	-0.3
32638	-1099396800	-5.2
32638	-1096718400	0.3
32638	-1094126400	8.6
32638	-1091448000	12.8
32638	-1088856000	16.4
32638	-1086177600	14.6
32638	-1083499200	11.9
32638	-1080907200	4.1
32638	-1078228800	-1.6
32638	-1075636800	-1.6
32638	-1072958400	-10.5
32638	-1070280000	-23.2
32638	-1067774400	-3.2
32638	-1065096000	5
32638	-1062504000	13.5
32638	-1059825600	14.7
32638	-1057233600	18.4
32638	-1054555200	15.6
32638	-1051876800	10.7
32638	-1049284800	7.8
32638	-1046606400	1.6
32638	-1044014400	-7.5
32638	-1041336000	-17.5
32638	-1038657600	-10.5
32638	-1036238400	-1.7
32638	-1033560000	5.2
32638	-1030968000	10
32638	-1028289600	12.6
32638	-1025697600	17.2
32638	-1023019200	14.3
32638	-1020340800	11.7
32638	-1017748800	6.9
32638	-1015070400	-3.7
32638	-1012478400	-7.2
32638	-1009800000	-4.9
32638	-1007121600	-11.5
32638	-1004702400	-1
32638	-1002024000	2.9
32638	-999432000	8.2
32638	-996753600	13.5
32638	-994161600	17.3
32638	-991483200	15
32638	-988804800	14.8
32638	-986212800	8.5
32638	-983534400	-2.6
32638	-980942400	-5
32638	-978264000	-2.5
32638	-975585600	-11
32638	-973166400	-1.6
32638	-970488000	6.4
32638	-967896000	11.2
32638	-965217600	10.3
32638	-962625600	18.6
32638	-959947200	16.3
32638	-957268800	11
32638	-954676800	4
32638	-951998400	5.2
32638	-949406400	-0.4
32638	-946728000	-9.5
32638	-944049600	-7.4
32638	-941544000	-0.3
32638	-938865600	2.1
32638	-936273600	11.3
32638	-933595200	14.6
32638	-931003200	16.8
32638	-928324800	15.8
32638	-925646400	12.3
32638	-923054400	6.7
32638	-920376000	-6.3
32638	-917784000	-3.1
32638	-915105600	-5.7
32638	-912427200	-4.4
32638	-910008000	-1.5
32638	-907329600	6.2
32638	-904737600	9.4
32638	-902059200	13.9
32638	-899467200	18.4
32638	-896788800	15.1
32638	-894110400	7.1
32638	-891518400	5.5
32638	-888840000	1.4
32638	-886248000	-4.9
32638	-883569600	-2.9
32638	-880891200	-6.2
32638	-878472000	0.9
32638	-875793600	6.1
32638	-873201600	8.4
32638	-870523200	11.4
32638	-867931200	17
32638	-865252800	15.7
32638	-862574400	11.8
32638	-859982400	7.9
32638	-857304000	-3.4
32638	-854712000	-5.1
32638	-852033600	-14.7
32638	-849355200	-1.5
32638	-846936000	-6.1
32638	-844257600	7.3
32638	-841665600	7.9
32638	-838987200	10.9
32638	-836395200	17.7
32638	-833716800	16.6
32638	-831038400	13.3
32638	-828446400	8
32638	-825768000	3.4
32638	-823176000	-0.3
32638	-820497600	-1.2
32638	-817819200	-6.7
32638	-815313600	-4.6
32638	-812635200	7.2
32638	-810043200	11.3
32638	-807364800	12.7
32638	-804772800	17
32638	-802094400	15.6
32638	-799416000	12.7
32638	-796824000	11
32638	-794145600	-1.8
32638	-791553600	-4.2
32638	-788875200	-3.2
32638	-786196800	-5.6
32638	-783777600	-0.1
32638	-781099200	0.2
32638	-778507200	8.6
32638	-775828800	11.3
32638	-773236800	17.2
32638	-770558400	16.7
32638	-767880000	9.4
32638	-765288000	7.7
32638	-762609600	-5.9
32638	-760017600	-6.6
32638	-757339200	-2.9
32638	-754660800	-3.4
32638	-752241600	1.7
32638	-749563200	5.6
32638	-746971200	7.8
32638	-744292800	11.2
32638	-741700800	16.2
32638	-739022400	14.8
32638	-736344000	9.5
32638	-733752000	1.8
32638	-731073600	-7.1
32638	-728481600	-7.3
32638	-725803200	-7.4
32638	-723124800	-8.5
32638	-720705600	-4.9
32638	-718027200	4.2
32638	-715435200	9.5
32638	-712756800	11.5
32638	-710164800	18
32638	-707486400	14.6
32638	-704808000	9.6
32638	-702216000	6.6
32638	-699537600	-3.3
32638	-696945600	-2.9
32638	-694267200	-2.8
32638	-691588800	-11.2
32638	-689083200	-5.4
32638	-686404800	0.4
32638	-683812800	8.9
32638	-681134400	13.5
32638	-678542400	15.1
32638	-675864000	14.7
32638	-673185600	11.2
32638	-670593600	7
32638	-667915200	-0.7
32638	-665323200	-10.3
32638	-662644800	-13.9
32638	-659966400	-12
32638	-657547200	-2.1
32638	-654868800	7.5
32638	-652276800	11
32638	-649598400	12.4
32638	-647006400	15.9
32638	-644328000	16.5
32638	-641649600	11.2
32638	-639057600	2.6
32638	-636379200	6
32638	-633787200	-12.1
32638	-631108800	-25.2
32638	-628430400	-2.5
32638	-626011200	-3.9
32638	-623332800	3.5
32638	-620740800	7.8
32638	-618062400	13.2
32638	-615470400	16.7
32638	-612792000	14.9
32638	-610113600	12.2
32638	-607521600	3.7
32638	-604843200	-4.2
32638	-602251200	-3.2
32638	-599572800	-11.7
32638	-596894400	-8.6
32638	-594475200	-8.3
32638	-591796800	2.9
32638	-589204800	8.9
32638	-586526400	9.7
32638	-583934400	16.4
32638	-581256000	13
32638	-578577600	8.8
32638	-575985600	1.2
32638	-573307200	-1.1
32638	-570715200	-12.3
32638	-568036800	-11.8
32638	-565358400	-3.8
32638	-562852800	-3.6
32638	-560174400	6.6
32638	-557582400	9.5
32638	-554904000	11.8
32638	-552312000	14.7
32638	-549633600	14.2
32638	-546955200	12
32638	-544363200	8.3
32638	-541684800	-1.2
32638	-539092800	-2.7
32638	-536414400	-5.2
32638	-533736000	-2.4
32638	-531316800	-0.6
32638	-528638400	1.3
32638	-526046400	8.4
32638	-523368000	11.9
32638	-520776000	16.7
32638	-518097600	16.2
32638	-515419200	12.4
32638	-512827200	9.5
32638	-510148800	2.9
32638	-507556800	-2.5
32638	-504878400	-16.8
32638	-502200000	-0.3
32638	-499780800	-5
32638	-497102400	-0.6
32638	-494510400	9
32638	-491832000	11.8
32638	-489240000	16.6
32638	-486561600	14.4
32638	-483883200	10.4
32638	-481291200	5.4
32638	-478612800	4.8
32638	-476020800	-0.1
32638	-473342400	-5
32638	-470664000	-8.6
32638	-468244800	-8
32638	-465566400	2.9
32638	-462974400	6.5
32638	-460296000	13.5
32638	-457704000	15.6
32638	-455025600	15.8
32638	-452347200	10.5
32638	-449755200	6.6
32638	-447076800	-9.7
32638	-444484800	-9.7
32638	-441806400	-9.5
32638	-439128000	-8.6
32638	-436622400	-3.1
32638	-433944000	2.8
32638	-431352000	10.2
32638	-428673600	13.8
32638	-426081600	16.6
32638	-423403200	15.5
32638	-420724800	11.1
32638	-418132800	4.7
32638	-415454400	1.8
32638	-412862400	-3.9
32638	-410184000	-14.7
32638	-407505600	-9.7
32638	-405086400	-2.4
32638	-402408000	3.3
32638	-399816000	10.9
32638	-397137600	12.9
32638	-394545600	16.3
32638	-391867200	13
32638	-389188800	12.3
32638	-386596800	2.2
32638	-383918400	0
32638	-381326400	-0.4
32638	-378648000	-0.5
32638	-375969600	-7.4
32638	-373550400	-5.6
32638	-370872000	4.1
32638	-368280000	13.6
32638	-365601600	13.3
32638	-363009600	15.8
32638	-360331200	18.1
32638	-357652800	11.2
32638	-355060800	8.5
32638	-352382400	-2.4
32638	-349790400	-3.3
32638	-347112000	-10.3
32638	-344433600	-10.3
32638	-342014400	-0.2
32638	-339336000	4
32638	-336744000	7.2
32638	-334065600	13.8
32638	-331473600	17.5
32638	-328795200	14.2
32638	-326116800	9.6
32638	-323524800	4.8
32638	-320846400	-3.7
32638	-318254400	-0.4
32638	-315576000	-8.1
32638	-312897600	-7.9
32638	-310392000	-4.9
32638	-307713600	3.6
32638	-305121600	8.8
32638	-302443200	14.4
32638	-299851200	19.5
32638	-297172800	16.1
32638	-294494400	13.1
32638	-291902400	7.9
32638	-289224000	-1
32638	-286632000	-3.1
32638	-283953600	-1.1
32638	-281275200	-1.9
32638	-278856000	1.1
32638	-276177600	2.9
32638	-273585600	10
32638	-270907200	17.6
32638	-268315200	17.4
32638	-265636800	19.1
32638	-262958400	8.4
32638	-260366400	5.3
32638	-257688000	-2.9
32638	-255096000	-6.9
32638	-252417600	-7.4
32638	-249739200	-8.3
32638	-247320000	-5.4
32638	-244641600	7.1
32638	-242049600	8.7
32638	-239371200	14
32638	-236779200	15.7
32638	-234100800	16
32638	-231422400	11.8
32638	-228830400	8.9
32638	-226152000	2.6
32638	-223560000	-1.8
32638	-220881600	-11.3
32638	-218203200	0.6
32638	-215784000	1.2
32638	-213105600	4.5
32638	-210513600	9.1
32638	-207835200	13.7
32638	-205243200	15.9
32638	-202564800	16.8
32638	-199886400	15.5
32638	-197294400	9.4
32638	-194616000	-0.3
32638	-192024000	-5.4
32638	-189345600	-4.5
32638	-186667200	-0.6
32638	-184161600	-4.5
32638	-181483200	3.1
32638	-178891200	9
32638	-176212800	13.3
32638	-173620800	17.3
32638	-170942400	14.8
32638	-168264000	9
32638	-165672000	8.8
32638	-162993600	-2.2
32638	-160401600	-15
32638	-157723200	-8.2
32638	-155044800	-5
32638	-152625600	-7.1
32638	-149947200	4.8
32638	-147355200	8.7
32638	-144676800	12.3
32638	-142084800	16.9
32638	-139406400	16.6
32638	-136728000	5.7
32638	-134136000	10.5
32638	-131457600	-2.3
32638	-128865600	-6.2
32638	-126187200	-12.7
32638	-123508800	-4.6
32638	-121089600	1.3
32638	-118411200	2.7
32638	-115819200	10.8
32638	-113140800	12
32638	-110548800	16.1
32638	-107870400	14.9
32638	-105192000	14.1
32638	-102600000	6.6
32638	-99921600	-4.6
32638	-97329600	-3.6
32638	-94651200	-5.7
32638	-91972800	-2.8
32638	-89553600	-6.2
32638	-86875200	-0.6
32638	-84283200	7.6
32638	-81604800	12.2
32638	-79012800	17.4
32638	-76334400	18.2
32638	-73656000	16.2
32638	-71064000	7.2
32638	-68385600	0.1
32638	-65793600	-5.9
32638	-63115200	-8.9
32638	-60436800	-0.7
32638	-57931200	2.9
32638	-55252800	2.6
32638	-52660800	8.2
32638	-49982400	12.6
32638	-47390400	15.7
32638	-44712000	14.2
32638	-42033600	11.7
32638	-39441600	5.7
32638	-36763200	0.5
32638	-34171200	-12.1
32638	-31492800	-22
32638	-28814400	-7.7
32638	-26395200	-2.6
32638	-23716800	7.3
32638	-21124800	10
32638	-18446400	13
32638	-15854400	15.2
32638	-13176000	16.7
32638	-10497600	12.1
32638	-7905600	3.3
32638	-5227200	3.4
32638	-2635200	-1.4
32638	43200	-10.1
32638	2721600	-1
32638	5140800	-2.9
32638	7819200	2
32638	10411200	10.1
32638	13089600	16.1
32638	15681600	18.4
32638	18360000	17.8
32638	21038400	10.3
32638	23630400	5.4
32638	26308800	-3.5
32638	28900800	-8.1
32638	31579200	-11.2
32638	34257600	-2.5
32638	36676800	-2.7
32638	39355200	5.4
32638	41947200	10.2
32638	44625600	13
32638	47217600	16.6
32638	49896000	19.9
32638	52574400	9.8
32638	55166400	4.8
32638	57844800	0.2
32638	60436800	-11
32638	63115200	-13.6
32638	65793600	-8.4
32638	68299200	-0.2
32638	70977600	2.2
32638	73569600	9.5
32638	76248000	14.1
32638	78840000	14.1
32638	81518400	17.4
32638	84196800	7.5
32638	86788800	4
32638	89467200	0.4
32638	92059200	-9
32638	94737600	-5
32638	97416000	-4.9
32638	99835200	1.9
32638	102513600	3.1
32638	105105600	10.9
32638	107784000	13.9
32638	110376000	17.6
32638	113054400	17
32638	115732800	12.1
32638	118324800	6.5
32638	121003200	-6.9
32638	123595200	-3
32638	126273600	-9.1
32638	128952000	-1.7
32638	131371200	-2.9
32638	134049600	6.3
32638	136641600	7.7
32638	139320000	15.3
32638	141912000	16.7
32638	144590400	13.8
32638	147268800	11.2
32638	149860800	9.1
32638	152539200	1.5
32638	155131200	-1
32638	157809600	-6.8
32638	160488000	-11.7
32638	162907200	-4.7
32638	165585600	-0.4
32638	168177600	8.6
32638	170856000	12.4
32638	173448000	18.8
32638	176126400	13.9
32638	178804800	12.6
32638	181396800	4.7
32638	184075200	-1.7
32638	186667200	-3.2
32638	189345600	-4.1
32638	192024000	-3.1
32638	194529600	-2
32638	197208000	6.1
32638	199800000	11
32638	202478400	11.3
32638	205070400	16.9
32638	207748800	15.8
32638	210427200	13.9
32638	213019200	6
32638	215697600	1.3
32638	218289600	-1.5
32638	220968000	-6.5
32638	223646400	3.3
32638	226065600	-0.5
32639	1201867200	-3.6
32639	1204372800	-1.7
32639	1207051200	1.3
32639	1209643200	9.1
32639	1212321600	12.5
32639	1214913600	15.3
32639	1217592000	15.1
32639	1220270400	11.1
32639	1222862400	5.8
32639	1225540800	2.8
32639	1228132800	-9.1
32639	1230811200	-4
32639	1233489600	-4.7
32639	1235908800	-3.8
32639	1238587200	3.4
32639	1241179200	8.8
32639	1243857600	11.7
32639	1246449600	15.7
32639	1249128000	15.1
32639	1251806400	14.2
32639	1254398400	0.5
32639	1257076800	2.2
32639	1259668800	-10.9
32639	1262347200	-4.5
32640	231336000	9.7
32640	234014400	15.9
32640	236606400	16.8
32640	239284800	14.1
32640	241963200	10.4
32640	244555200	7.2
32640	247233600	-2.7
32640	249825600	-9.4
32640	252504000	-11.6
32640	255182400	-7.2
32640	257601600	0.8
32640	260280000	4.2
32640	262872000	8.5
32640	265550400	14.7
32640	268142400	16.4
32640	270820800	15
32640	273499200	12.3
32640	276091200	8.8
32640	278769600	-4.5
32640	281361600	-8.3
32640	284040000	-12.6
32640	286718400	-11
32640	289137600	1
32640	291816000	3
32640	294408000	8.8
32640	297086400	14.5
32640	299678400	16.8
32640	302356800	16.5
32640	305035200	13.9
32640	307627200	8
32640	310305600	-1.1
32640	312897600	-1.3
32640	315576000	-11.3
32640	318254400	-4.8
32640	320760000	-2.6
32640	323438400	7.6
32640	326030400	11
32640	328708800	12.9
32640	331300800	16.6
32640	333979200	13.1
32640	336657600	11.3
32640	339249600	8.1
32640	341928000	1.4
32640	344520000	-7.3
32640	347198400	-0.3
32640	349876800	-2.4
32640	352296000	2.4
32640	354974400	5.7
32640	357566400	9.2
32640	360244800	11.5
32640	362836800	15.6
32640	365515200	17.7
32640	368193600	12.6
32640	370785600	5.5
32640	373464000	3.2
32640	376056000	-5.4
32640	378734400	-15.9
32640	381412800	-8.8
32640	383832000	-3.5
32640	386510400	0.9
32640	389102400	8.3
32640	391780800	13.9
32640	394372800	16.3
32640	397051200	15.4
32640	399729600	11.3
32640	402321600	7.1
32640	4.05e+08	-4.1
32640	407592000	-4.6
32640	410270400	-1.9
32640	412948800	0.8
32640	415368000	-1.5
32640	418046400	4
32640	420638400	9.4
32640	423316800	12.9
32640	425908800	15.8
32640	428587200	18.7
32640	431265600	9.8
32640	433857600	7.8
32640	436536000	-0.7
32640	439128000	-16.2
32640	441806400	-2.6
32640	444484800	1.6
32640	446990400	-0.7
32640	449668800	4.7
32640	452260800	8.2
32640	454939200	13
32640	457531200	17.8
32640	460209600	17.8
32640	462888000	8.1
32640	465480000	2.6
32640	468158400	-1.8
32640	470750400	-12.1
32640	473428800	-5.7
32640	476107200	-7.9
32640	478526400	0
32640	481204800	6
32640	483796800	11.5
32640	486475200	13
32640	489067200	19
32640	491745600	14.8
32640	494424000	6.7
32640	497016000	4.8
32640	499694400	-13.3
32640	502286400	-3.5
32640	504964800	0.9
32640	507643200	-7.9
32640	510062400	4.7
32640	512740800	4.3
32640	515332800	10.5
32640	518011200	15.7
32640	520603200	15.2
32640	523281600	17
32640	525960000	7.4
32640	528552000	8.8
32640	531230400	-4.2
32640	533822400	-1.2
32640	536500800	-2.4
32640	539179200	-0.3
32640	541598400	-0.6
32640	544276800	8.4
32640	546868800	11.5
32640	549547200	16.3
32640	552139200	16.2
32640	554817600	13.2
32640	557496000	13.6
32640	560088000	7.9
32640	562766400	4.3
32640	565358400	-3.2
32640	568036800	-6.8
32640	570715200	-3.5
32640	573220800	1.1
32640	575899200	6.6
32640	578491200	11.5
32640	581169600	16.7
32640	583761600	17.9
32640	586440000	17
32640	589118400	12.2
32640	591710400	8.7
32640	594388800	0.9
32640	596980800	-3
32640	599659200	-4.8
32640	602337600	-13.1
32640	604756800	-4.2
32640	607435200	4.7
32640	610027200	8.5
32640	612705600	13.9
32640	615297600	17.2
32640	617976000	15.2
32640	620654400	11.8
32640	623246400	5.2
32640	625924800	0.1
32640	628516800	-4.1
32640	631195200	-3.9
32640	633873600	-5.9
32640	636292800	1.1
32640	638971200	3.6
32640	641563200	7.8
32640	644241600	12.6
32640	646833600	15.9
32640	649512000	16.9
32640	652190400	14.4
32640	654782400	4.8
32640	657460800	-0.9
32640	660052800	-10.2
32640	662731200	-8.4
32640	665409600	2.3
32640	667828800	-2.4
32640	670507200	5
32640	673099200	8.9
32640	675777600	12.3
32640	678369600	16.5
32640	681048000	18.3
32640	683726400	12.1
32640	686318400	4.3
32640	688996800	-0.9
32640	691588800	0.3
32640	694267200	-0.2
32640	696945600	0.5
32640	699451200	4
32640	702129600	6.8
32640	704721600	10.4
32640	707400000	15
32640	709992000	13.9
32640	712670400	14.5
32640	715348800	10.5
32640	717940800	6.2
32640	720619200	-0.3
32640	723211200	-10.1
32640	725889600	-9.8
32640	728568000	-7.3
32640	730987200	0.8
32640	733665600	5.5
32640	736257600	11.5
32640	738936000	12
32640	741528000	12.4
32640	744206400	13.8
32640	746884800	10.4
32640	749476800	7.2
32640	752155200	-3.1
32640	754747200	-0.6
32640	757425600	-3.9
32640	760104000	-11.4
32640	762523200	3.2
32640	765201600	5.8
32640	767793600	9.8
32640	770472000	13.9
32641	1267444800	2.6
32641	1270123200	3.8
32641	1272715200	5.5
32641	1275393600	12.2
32641	1277985600	14.9
32641	1280664000	14
32641	1283342400	9.4
32641	1285934400	8.2
32642	775742400	16.6
32642	778420800	14.4
32642	781012800	5.5
32642	783691200	-3.3
32642	786283200	-3.6
32642	788961600	-4
32642	791640000	-3.3
32642	794059200	-0.4
32642	796737600	2.8
32642	799329600	8.2
32642	802008000	12.7
32642	804600000	16
32642	807278400	14.2
32642	809956800	12.3
32642	812548800	4.4
32642	815227200	-1
32642	817819200	-6.3
32642	820497600	-13
32642	823176000	-4.1
32642	825681600	-5.1
32642	828360000	5.7
32642	830952000	6.7
32642	833630400	13.5
32642	836222400	16.5
32642	838900800	17.5
32642	841579200	9.6
32642	844171200	4.5
32642	846849600	-8.2
32642	849441600	-11.8
32642	852120000	-9.4
32642	854798400	-1.2
32642	857217600	-2
32642	859896000	1.1
32642	862488000	9.2
32642	865166400	13.5
32642	867758400	16.1
32642	870436800	16.6
32642	873115200	13.9
32642	875707200	5.6
32642	878385600	-0.1
32642	880977600	-1.9
32642	883656000	-8.9
32642	886334400	-0.6
32642	888753600	-3.2
32642	891432000	6.1
32642	894024000	11.3
32642	896702400	12.3
32642	899294400	18.9
32642	901972800	18.1
32642	904651200	14.5
32642	907243200	7.5
32642	909921600	-0.1
32642	912513600	-6.6
32642	915192000	-5.2
32642	917870400	-0.3
32642	920289600	0.6
32642	922968000	3.9
32642	925560000	8.3
32642	928238400	12
32642	930830400	14.3
32642	933508800	17
32642	936187200	10.5
32642	938779200	6.6
32642	941457600	3.2
32642	944049600	-0.3
32642	946728000	-6.6
32642	949406400	-4.1
32642	951912000	-0.1
32642	954590400	4.7
32642	957182400	9.4
32642	959860800	12.9
32642	962452800	17.5
32642	965131200	16.7
32642	967809600	11.2
32642	970401600	6.2
32642	973080000	-3.6
32642	975672000	-9
32642	978350400	-1.7
32642	981028800	-10.5
32642	983448000	0.4
32642	986126400	3
32642	988718400	11.4
32642	991396800	12.6
32642	993988800	16.6
32642	996667200	18.5
32642	999345600	13.5
32642	1001937600	5.4
32642	1004616000	1.8
32642	1007208000	-5.3
32642	1009886400	-5.2
32642	1012564800	-3.8
32642	1014984000	-11.6
32642	1017662400	-0.3
32642	1020254400	6.6
32642	1022932800	13.6
32642	1025524800	18.5
32642	1028203200	14.1
32642	1030881600	10.8
32642	1033473600	1.8
32642	1036152000	3.6
32642	1038744000	-1.7
32642	1041422400	-3.2
32642	1044100800	-4.8
32642	1046520000	-2.6
32642	1049198400	4.5
32642	1051790400	8.7
32642	1054468800	13.9
32642	1057060800	18.3
32642	1059739200	19
32642	1062417600	11.9
32642	1065009600	8
32642	1067688000	-4.1
32642	1070280000	-2.3
32642	1072958400	-8.3
32642	1075636800	-1.7
32642	1078142400	2.8
32642	1080820800	6.3
32642	1083412800	7.9
32642	1086091200	12.3
32642	1088683200	17.1
32642	1091361600	16.3
32642	1094040000	10.8
32642	1096632000	5.1
32642	1099310400	1.2
32642	1101902400	-3.3
32642	1104580800	-6.6
32642	1107259200	-1.7
32642	1109678400	0
32642	1112356800	5
32642	1114948800	9.2
32642	1117627200	11.8
32642	1120219200	16.2
32642	1122897600	14.2
32642	1125576000	9.9
32642	1128168000	6.8
32642	1130846400	0.7
32642	1133438400	-4.8
32642	1136116800	0.6
32642	1138795200	-5.6
32642	1141214400	-2.5
32642	1143892800	6.6
32642	1146484800	10.5
32642	1149163200	13.8
32642	1151755200	18.6
32642	1154433600	15.8
32642	1157112000	12.6
32642	1159704000	4.6
32642	1162382400	-4
32642	1164974400	-1.3
32642	1167652800	-4.2
32642	1170331200	-5.7
32642	1172750400	3.3
32642	1175428800	3.8
32642	1178020800	9.8
32642	1180699200	13.3
32642	1183291200	20.6
32642	1185969600	15.9
32642	1188648000	10.8
32642	1191240000	6.6
32642	1193918400	-0.9
32642	1196510400	-6.2
32642	1199188800	-7.4
32642	1201867200	-3.6
32642	1204372800	0.1
32642	1207051200	1.9
32642	1209643200	9.6
32642	1212321600	12.5
32642	1214913600	16.5
32642	1217592000	16.5
32642	1220270400	11.9
32642	1222862400	6.4
32642	1225540800	3.5
32642	1228132800	-11.2
32642	1230811200	-5.2
32642	1233489600	-5.3
32642	1235908800	-3.6
32642	1238587200	3.2
32642	1241179200	9.2
32642	1243857600	11.9
32642	1246449600	16.1
32642	1249128000	15.1
32642	1251806400	14.2
32642	1254398400	0.9
32642	1257076800	2.5
32642	1259668800	-11.8
32642	1262347200	-5
32642	1265025600	-2.3
32642	1267444800	3.7
32642	1270123200	4.4
32642	1272715200	6.1
32642	1275393600	12.2
32642	1277985600	15.3
32642	1280664000	14.8
32642	1283342400	9.6
32642	1285934400	8.7
32642	1288612800	-4.6
32642	1291204800	-5.6
32642	1293883200	-7.7
32642	1296561600	-9.1
32642	1298980800	-4.2
32642	1301659200	1.2
32642	1304251200	7.9
32642	1306929600	12.5
32643	1291204800	-3.6
32643	1293883200	-6.5
32644	1301659200	1.1
32644	1304251200	7.8
32644	1306929600	11.6
32645	1317470400	5.4
32645	1320148800	-3.1
