group	x	y
20908	-1472817600	19
20908	-1470139200	21.8
20908	-1467547200	26.3
20908	-1464868800	25.8
20909	-1472817600	18.2
20909	-1470139200	20.8
20909	-1467547200	25.8
20909	-1464868800	27.3
20909	-1462190400	21.9
20909	-1459598400	20.8
20909	-1456920000	16.9
20909	-1454328000	7.9
20909	-1451649600	9.2
20909	-1448971200	9.4
20909	-1446465600	13
20909	-1443787200	14.7
20909	-1441195200	20.1
20909	-1438516800	23.2
20909	-1435924800	26.4
20909	-1433246400	25.8
20909	-1430568000	23
20909	-1427976000	17.7
20909	-1425297600	13.4
20909	-1422705600	10.3
20909	-1420027200	9.7
20909	-1417348800	8.8
20909	-1414929600	10
20909	-1412251200	13.4
20909	-1409659200	16.7
20909	-1406980800	19.5
20909	-1404388800	23.4
20909	-1401710400	26.6
20909	-1399032000	22.9
20909	-1396440000	17.6
20909	-1393761600	12.5
20909	-1391169600	13.7
20909	-1388491200	12.5
20909	-1385812800	13.4
20909	-1383393600	13.7
20909	-1380715200	15.9
20909	-1378123200	16.4
20909	-1375444800	21.3
20909	-1372852800	25.9
20909	-1370174400	26
20909	-1367496000	26.1
20909	-1364904000	20.3
20909	-1362225600	10.9
20909	-1359633600	10.1
20910	-1451649600	11.6
20910	-1448971200	11.8
20910	-1446465600	15.5
20910	-1443787200	16
20910	-1441195200	19.4
20910	-1438516800	21.4
20910	-1435924800	23.4
20910	-1433246400	22.7
20910	-1430568000	21.8
20910	-1427976000	18.6
20910	-1425297600	15.7
20910	-1422705600	13.4
20910	-1420027200	11.1
20910	-1417348800	11.8
20910	-1414929600	12.4
20910	-1412251200	14.4
20910	-1409659200	16.9
20910	-1406980800	20.1
20910	-1404388800	20.9
20910	-1401710400	23.4
20910	-1399032000	21.5
20910	-1396440000	19.1
20910	-1393761600	15.7
20910	-1391169600	15.2
20910	-1388491200	13.2
20910	-1385812800	14.7
20910	-1383393600	14.9
20910	-1380715200	16.4
20910	-1378123200	17
20910	-1375444800	20.3
20910	-1372852800	22.4
20910	-1370174400	22.7
20910	-1367496000	21.9
20910	-1364904000	21.2
20910	-1362225600	15
20910	-1359633600	13.4
20910	-1356955200	12.5
20910	-1354276800	11.5
20910	-1351857600	13.4
20910	-1349179200	14.6
20910	-1346587200	18.1
20910	-1343908800	20.4
20910	-1341316800	21.2
20910	-1338638400	23.1
20910	-1335960000	21.6
20910	-1333368000	20.1
20910	-1330689600	15.2
20910	-1328097600	14.7
20910	-1325419200	11.5
20910	-1322740800	12.6
20910	-1320235200	14
20910	-1317556800	14.9
20910	-1314964800	16
20910	-1312286400	20.6
20910	-1309694400	23.9
20910	-1307016000	23
20910	-1304337600	22.4
20910	-1301745600	18.7
20910	-1299067200	15
20911	-1325419200	9.5
20911	-1322740800	13.2
20911	-1320235200	15
20911	-1317556800	16.8
20911	-1314964800	18.2
20911	-1312286400	26.3
20911	-1309694400	31.9
20911	-1307016000	30.8
20911	-1304337600	26.8
20911	-1301745600	20.7
20911	-1299067200	15.2
20911	-1296475200	11.8
20911	-1293796800	13.9
20912	-2900491200	15.8
20912	-2898072000	17.1
20912	-2895393600	18.9
20912	-2892801600	20.7
20912	-2890123200	20.6
20912	-2887531200	20.4
20912	-2884852800	20.8
20912	-2882174400	20.9
20912	-2879582400	19.4
20912	-2876904000	17.8
20912	-2874312000	18.4
20912	-2871633600	15.8
20912	-2868955200	15.3
20912	-2866536000	15.3
20912	-2863857600	16.3
20912	-2861265600	17.9
20912	-2858587200	18.4
20912	-2855995200	19.7
20912	-2853316800	20.2
20912	-2850638400	20.1
20912	-2848046400	18.7
20912	-2845368000	19.4
20912	-2842776000	13.9
20913	-2177409600	12.5
20913	-2174731200	13.5
20913	-2172312000	15
20913	-2169633600	20.9
20913	-2167041600	22.1
20913	-2164363200	26.6
20913	-2161771200	28.5
20913	-2159092800	30.7
20913	-2156414400	23.8
20913	-2153822400	19
20914	-1472817600	18.7
20914	-1470139200	17.8
20914	-1467547200	20.1
20914	-1464868800	22.5
20914	-1462190400	20.9
20914	-1459598400	23.3
20914	-1456920000	16.9
20914	-1454328000	15.1
20914	-1451649600	15.2
20914	-1448971200	13.7
20914	-1446465600	16.1
20914	-1443787200	17.8
20914	-1441195200	21.4
20914	-1438516800	20.4
20914	-1435924800	22.3
20914	-1433246400	20
20914	-1430568000	20.6
20914	-1427976000	20.4
20914	-1425297600	17.9
20914	-1422705600	15.3
20914	-1420027200	15.3
20914	-1417348800	17.6
20914	-1414929600	16.2
20915	-1228046400	10.8
20915	-1225627200	15.8
20915	-1222948800	17.3
20915	-1220356800	22.8
20915	-1217678400	27.5
20915	-1215086400	30.3
20915	-1212408000	29.4
20915	-1209729600	26.2
20915	-1207137600	21.3
20915	-1204459200	14.1
20915	-1201867200	7.2
20915	-1199188800	7.2
20915	-1196510400	10.3
20915	-1194004800	12.7
20916	-1456920000	11.4
20916	-1454328000	9.6
20916	-1451649600	10.9
20916	-1448971200	11.9
20916	-1446465600	15.3
20916	-1443787200	15.9
20916	-1441195200	21.1
20916	-1438516800	22.8
20916	-1435924800	25.4
20916	-1433246400	23.7
20916	-1430568000	22.4
20916	-1427976000	18.8
20916	-1425297600	14.2
20916	-1422705600	12.7
20916	-1420027200	9.9
20916	-1417348800	11.6
20916	-1414929600	12.7
20916	-1412251200	15.3
20916	-1409659200	19.2
20916	-1406980800	21.5
20916	-1404388800	23.7
20916	-1401710400	26.6
20916	-1399032000	23.3
20916	-1396440000	20.1
20916	-1393761600	15.3
20916	-1391169600	14.8
20916	-1388491200	12.3
20916	-1385812800	14.9
20916	-1383393600	15.6
20916	-1380715200	17.4
20916	-1378123200	17.7
20916	-1375444800	21.7
20916	-1372852800	24.1
20916	-1370174400	24.8
20916	-1367496000	25
20916	-1364904000	20.2
20916	-1362225600	13.4
20916	-1359633600	11.5
20917	-1325419200	8.3
20917	-1322740800	11.6
20917	-1320235200	13.3
20918	-1293796800	12.9
20918	-1291118400	13.4
20918	-1288699200	14.6
20918	-1286020800	16.1
20918	-1283428800	17
20918	-1280750400	19.8
20918	-1278158400	22.8
20918	-1275480000	22.4
20918	-1272801600	21.1
20918	-1270209600	18.8
20918	-1267531200	14.6
20918	-1264939200	12.8
20918	-1262260800	12.7
20918	-1259582400	10.9
20918	-1257163200	13.6
20918	-1254484800	13.6
20918	-1251892800	17.2
20918	-1249214400	19
20918	-1246622400	22.7
20918	-1243944000	23.6
20918	-1241265600	22.2
20918	-1238673600	20.7
20918	-1235995200	17.3
20918	-1233403200	14
20918	-1230724800	10.9
20918	-1228046400	11
20918	-1225627200	14.2
20918	-1222948800	15
20918	-1220356800	17.1
20918	-1217678400	20.6
20918	-1215086400	22.1
20918	-1212408000	21.4
20918	-1209729600	20.7
20918	-1207137600	18.4
20918	-1204459200	16.3
20918	-1201867200	16.4
20918	-1199188800	11.4
20918	-1196510400	12.6
20918	-1194004800	14
20918	-1191326400	14.4
20918	-1188734400	16.8
20918	-1186056000	19.3
20918	-1183464000	21.2
20918	-1180785600	22.2
20918	-1178107200	21.4
20918	-1175515200	17.9
20918	-1172836800	16.5
20918	-1170244800	13
20918	-1167566400	11.9
20918	-1164888000	12.1
20918	-1162468800	13.3
20918	-1159790400	15.4
20918	-1157198400	18.6
20918	-1154520000	19.6
20918	-1151928000	21.6
20918	-1149249600	23.9
20918	-1146571200	20.4
20918	-1143979200	19.8
20918	-1141300800	13.9
20918	-1138708800	12.2
20918	-1136030400	10.5
20918	-1133352000	11.2
20918	-1130932800	11.8
20918	-1128254400	14.9
20918	-1125662400	17.5
20918	-1122984000	20.3
20918	-1120392000	22.5
20918	-1117713600	21.5
20918	-1115035200	21.5
20918	-1112443200	19.4
20918	-1109764800	15.1
20918	-1107172800	14.1
20918	-1104494400	11.2
20918	-1101816000	10.4
20918	-1099396800	13.9
20918	-1096718400	15.3
20918	-1094126400	16.1
20918	-1091448000	19.6
20918	-1088856000	23.1
20918	-1086177600	23
20918	-1083499200	22.5
20918	-1080907200	17.7
20918	-1078228800	15.7
20918	-1075636800	13.4
20918	-1072958400	14.1
20918	-1070280000	15.1
20918	-1067774400	14.1
20918	-1065096000	16
20918	-1062504000	16
20918	-1059825600	18.8
20918	-1057233600	21.7
20918	-1054555200	23.6
20918	-1051876800	23.1
20918	-1049284800	18.2
20918	-1046606400	14.3
20918	-1044014400	11.7
20918	-1041336000	12.5
20918	-1038657600	13.1
20918	-1036238400	13.7
20918	-1033560000	16.7
20918	-1030968000	17.8
20918	-1028289600	20.1
20918	-1025697600	23.1
20918	-1023019200	23.5
20918	-1020340800	22.3
20918	-1017748800	20.2
20918	-1015070400	18.5
20918	-1012478400	13.7
20918	-1009800000	11
20918	-1007121600	12.9
20918	-1004702400	14.8
20918	-1002024000	16.9
20918	-999432000	17.6
20918	-996753600	21.4
20918	-994161600	22.8
20918	-991483200	22.3
20918	-988804800	20.3
20918	-986212800	19.7
20918	-983534400	17.1
20918	-980942400	13.2
20918	-978264000	13.2
20918	-975585600	12.6
20918	-973166400	13.3
20918	-970488000	14.9
20918	-967896000	17
20918	-965217600	19.9
20918	-962625600	23.6
20918	-959947200	23
20918	-957268800	22.8
20918	-954676800	19.9
20918	-951998400	15.8
20918	-949406400	14.2
20918	-946728000	12.9
20918	-944049600	14.8
20918	-941544000	17
20918	-938865600	16.4
20918	-936273600	17.5
20918	-933595200	20.4
20918	-931003200	22.2
20918	-928324800	25
20918	-925646400	22.4
20918	-923054400	18.9
20918	-920376000	15.7
20918	-917784000	12.1
20918	-915105600	12.5
20918	-912427200	13.8
20918	-910008000	14.7
20918	-907329600	15.4
20918	-904737600	16.9
20918	-902059200	20.1
20918	-899467200	23.2
20918	-896788800	23.5
20918	-894110400	23.3
20918	-891518400	21
20918	-888840000	16.8
20918	-886248000	12.5
20918	-883569600	11.8
20918	-880891200	12.4
20918	-878472000	15.4
20918	-875793600	15.9
20918	-873201600	18.7
20918	-870523200	20.8
20918	-867931200	22
20918	-865252800	22.3
20918	-862574400	21.8
20918	-859982400	20.8
20918	-857304000	17.1
20918	-854712000	14.5
20918	-852033600	13.4
20918	-849355200	12.6
20918	-846936000	14.8
20918	-844257600	17.5
20918	-841665600	19.6
20918	-838987200	22.2
20918	-836395200	23.2
20918	-833716800	24.8
20918	-831038400	21.6
20918	-828446400	19
20918	-825768000	14.3
20918	-823176000	13.6
20918	-820497600	12
20918	-817819200	12
20918	-815313600	14.9
20918	-812635200	17.7
20918	-810043200	20.6
20918	-807364800	21.7
20918	-804772800	23.1
20918	-802094400	23.6
20918	-799416000	22.7
20918	-796824000	19.4
20918	-794145600	16.8
20918	-791553600	12.7
20918	-788875200	10.8
20918	-786196800	12.6
20918	-783777600	14.9
20918	-781099200	19.5
20918	-778507200	19.4
20918	-775828800	22.1
20918	-773236800	23
20918	-770558400	21.8
20918	-767880000	21.8
20918	-765288000	21.5
20918	-762609600	17.6
20918	-760017600	15.6
20918	-757339200	12.3
20918	-754660800	12.8
20918	-752241600	14.3
20918	-749563200	15.7
20918	-746971200	16.6
20918	-744292800	20.5
20918	-741700800	23.8
20918	-739022400	22.9
20918	-736344000	21.4
20918	-733752000	19.4
20918	-731073600	16.7
20918	-728481600	12.5
20918	-725803200	12.9
20918	-723124800	13.9
20918	-720705600	16.9
20918	-718027200	16.9
20918	-715435200	17.7
20918	-712756800	20.7
20918	-710164800	21.6
20918	-707486400	22.3
20918	-704808000	22.5
20918	-702216000	20
20918	-699537600	17.3
20918	-696945600	13.7
20918	-694267200	13.7
20918	-691588800	14.1
20918	-689083200	16.2
20918	-686404800	15.9
20918	-683812800	18
20918	-681134400	21.4
20918	-678542400	23.1
20918	-675864000	23.2
20918	-673185600	22.1
20918	-670593600	19.2
20918	-667915200	16.8
20918	-665323200	15.2
20918	-662644800	13
20918	-659966400	13.4
20918	-657547200	15.1
20918	-654868800	18.4
20918	-652276800	18.2
20918	-649598400	20.4
20918	-647006400	22.2
20918	-644328000	24
20918	-641649600	22
20918	-639057600	19.3
20918	-636379200	16.5
20918	-633787200	14.6
20918	-631108800	12.9
20918	-628430400	13.3
20918	-626011200	14.7
20918	-623332800	15.7
20918	-620740800	17.7
20918	-618062400	20.1
20918	-615470400	22.7
20918	-612792000	22.4
20918	-610113600	21.4
20918	-607521600	18.9
20918	-604843200	17.3
20918	-602251200	13.8
20918	-599572800	11.7
20918	-596894400	12
20918	-594475200	15.2
20918	-591796800	15.6
20918	-589204800	16.7
20918	-586526400	20.6
20918	-583934400	21.5
20918	-581256000	21.9
20918	-578577600	21.1
20918	-575985600	18
20918	-573307200	16
20918	-570715200	13.8
20918	-568036800	11.2
20918	-565358400	12
20918	-562852800	15.6
20918	-560174400	15.3
20918	-557582400	17.7
20918	-554904000	21.1
20918	-552312000	22.4
20918	-549633600	22
20918	-546955200	20.5
20918	-544363200	19.2
20918	-541684800	16.3
20918	-539092800	13.3
20918	-536414400	12.7
20918	-533736000	12.3
20918	-531316800	14
20918	-528638400	16.5
20918	-526046400	19.3
20918	-523368000	20
20918	-520776000	22.1
20918	-518097600	23.4
20918	-515419200	22.2
20918	-512827200	19.2
20918	-510148800	16.3
20918	-507556800	14.3
20918	-504878400	11.4
20918	-502200000	12
20918	-499780800	14.1
20918	-497102400	15
20918	-494510400	18
20918	-491832000	19.6
20918	-489240000	21.4
20918	-486561600	21.5
20918	-483883200	20.6
20918	-481291200	19.5
20918	-478612800	17.2
20918	-476020800	13.1
20918	-473342400	14.5
20918	-470664000	14.8
20918	-468244800	14.3
20918	-465566400	17.4
20918	-462974400	19.8
20918	-460296000	22.6
20918	-457704000	22.5
20918	-455025600	23.2
20918	-452347200	22.6
20918	-449755200	20
20918	-447076800	17.8
20918	-444484800	14.4
20918	-441806400	12.3
20918	-439128000	11.1
20918	-436622400	13.7
20918	-433944000	15.4
20918	-431352000	18.7
20918	-428673600	20.2
20918	-426081600	21.7
20918	-423403200	21.9
20918	-420724800	20.6
20918	-418132800	19.9
20918	-415454400	14.1
20918	-412862400	10.8
20918	-410184000	10.5
20918	-407505600	13.5
20918	-405086400	15.6
20918	-402408000	15.2
20918	-399816000	17.4
20918	-397137600	19.6
20918	-394545600	22.9
20918	-391867200	23.4
20918	-389188800	22.2
20918	-386596800	18.8
20918	-383918400	15.6
20918	-381326400	11.9
20918	-378648000	12.8
20918	-375969600	15.2
20918	-373550400	14.3
20918	-370872000	15.9
20918	-368280000	19.3
20918	-365601600	19.7
20918	-363009600	21.2
20918	-360331200	22.4
20918	-357652800	22.2
20918	-355060800	19.3
20918	-352382400	15.6
20918	-349790400	14.2
20918	-347112000	14
20918	-344433600	12.5
20918	-342014400	14.9
20918	-339336000	15.7
20918	-336744000	17.3
20918	-334065600	20
20918	-331473600	22.4
20918	-328795200	22.7
20918	-326116800	21.5
20918	-323524800	18.9
20918	-320846400	15.3
20918	-318254400	13.4
20918	-315576000	12.2
20918	-312897600	14.5
20918	-310392000	15.6
20918	-307713600	16.3
20918	-305121600	18.7
20918	-302443200	20.9
20918	-299851200	22.1
20918	-297172800	22.2
20918	-294494400	21.2
20918	-291902400	18.4
20918	-289224000	16.5
20918	-286632000	12.3
20918	-283953600	11.4
20918	-281275200	13.5
20918	-278856000	15.5
20918	-276177600	16.7
20919	-1275480000	28.5
20919	-1272801600	23.9
20919	-1270209600	21
20919	-1267531200	13.5
20919	-1264939200	12.9
20920	-2387880000	17.1
20920	-2385201600	18.9
20920	-2382609600	19.5
20920	-2379931200	19.5
20920	-2377252800	19.3
20920	-2374660800	19.3
20920	-2371982400	17.1
20920	-2369390400	15.2
20920	-2366712000	13.9
20920	-2364033600	16.8
20920	-2361614400	15
20920	-2358936000	17.5
20920	-2356344000	18.5
20920	-2353665600	19.8
20920	-2351073600	20.1
20920	-2348395200	19.6
20920	-2345716800	21.5
20920	-2343124800	20.8
20920	-2340446400	19.2
20920	-2337854400	17.3
20920	-2335176000	14.8
20920	-2332497600	15.4
20920	-2329992000	15.7
20920	-2327313600	17.4
20920	-2324721600	18.6
20920	-2322043200	20.1
20920	-2319451200	20.3
20920	-2316772800	20.2
20920	-2314094400	19.5
20920	-2311502400	17.6
20920	-2308824000	15.3
20920	-2306232000	14.5
20920	-2303553600	13.4
20920	-2300875200	14.3
20920	-2298456000	16.4
20920	-2295777600	16.7
20920	-2293185600	18.8
20920	-2290507200	20.4
20920	-2287915200	20.3
20920	-2285236800	20
20920	-2282558400	19.5
20920	-2279966400	20.2
20920	-2277288000	17.8
20920	-2274696000	15
20920	-2272017600	13.9
20920	-2269339200	15.6
20920	-2266920000	15.8
20920	-2264241600	16.5
20920	-2261649600	18.2
20920	-2258971200	19.7
20920	-2256379200	20.5
20920	-2253700800	20.5
20920	-2251022400	21.2
20920	-2248430400	19.6
20920	-2245752000	16.6
20920	-2243160000	14.3
20920	-2240481600	14.2
20920	-2237803200	15.4
20920	-2235384000	16.5
20920	-2232705600	18.4
20920	-2230113600	18.8
20920	-2227435200	20.3
20920	-2224843200	21
20920	-2222164800	21.5
20920	-2219486400	21.5
20920	-2216894400	21.6
20920	-2214216000	18.2
20920	-2211624000	15.9
20920	-2208945600	13.9
20920	-2206267200	16.2
20920	-2203848000	16.2
20920	-2201169600	17.5
20920	-2198577600	18.3
20920	-2195899200	18.7
20920	-2193307200	20.5
20920	-2190628800	20.4
20920	-2187950400	20.6
20920	-2185358400	19.5
20920	-2182680000	16.1
20920	-2180088000	14.4
20920	-2177409600	14.7
20920	-2174731200	15.3
20920	-2172312000	15.7
20920	-2169633600	18.5
20920	-2167041600	18.7
20920	-2164363200	20.3
20920	-2161771200	20.6
20920	-2159092800	20.2
20920	-2156414400	19.9
20920	-2153822400	17.3
20920	-2151144000	18.2
20920	-2148552000	14.6
20920	-2145873600	15.1
20920	-2143195200	15.7
20920	-2140776000	16.4
20920	-2138097600	17.9
20920	-2135505600	18.1
20920	-2132827200	18.9
20920	-2130235200	19.8
20920	-2127556800	20.3
20920	-2124878400	19.7
20920	-2122286400	18.6
20920	-2119608000	17.1
20920	-2117016000	14.8
20920	-2114337600	14.1
20920	-2111659200	15.1
20920	-2109240000	15.7
20920	-2106561600	17.4
20920	-2103969600	17.4
20920	-2101291200	19.5
20920	-2098699200	20.6
20920	-2096020800	19.8
20920	-2093342400	19.8
20920	-2090750400	18.6
20920	-2088072000	16.3
20920	-2085480000	14.2
20920	-2082801600	12.8
20920	-2080123200	13.4
20920	-2077617600	14.2
20920	-2074939200	16.3
20920	-2072347200	17.9
20920	-2069668800	19.7
20920	-2067076800	19.4
20920	-2064398400	19.3
20920	-2061720000	20.3
20920	-2059128000	20.3
20920	-2056449600	18.1
20920	-2053857600	15.5
20920	-2051179200	13.9
20920	-2048500800	14.4
20920	-2046081600	15.9
20920	-2043403200	17.8
20920	-2040811200	18.5
20920	-2038132800	20.1
20920	-2035540800	20.7
20920	-2032862400	20.5
20920	-2030184000	19.9
20920	-2027592000	19.4
20920	-2024913600	16.9
20920	-2022321600	14.3
20920	-2019643200	13.9
20920	-2016964800	13.1
20920	-2014545600	15.5
20920	-2011867200	16.5
20920	-2009275200	18.1
20920	-2006596800	20.2
20920	-2004004800	19.6
20920	-2001326400	19.5
20920	-1998648000	20.5
20920	-1996056000	19.4
20920	-1993377600	16.4
20920	-1990785600	13.1
20920	-1988107200	12.5
20920	-1985428800	12.4
20920	-1983009600	15.3
20920	-1980331200	17
20920	-1977739200	18
20920	-1975060800	19.3
20920	-1972468800	19.5
20920	-1969790400	21.1
20920	-1967112000	21
20920	-1964520000	18.2
20920	-1961841600	16
20920	-1959249600	14.9
20921	-1861876800	7.5
20921	-1859198400	12.6
20921	-1856779200	12.5
20921	-1854100800	17
20921	-1851508800	19.5
20921	-1848830400	23.8
20921	-1846238400	25.9
20921	-1843560000	28
20921	-1840881600	26.4
20921	-1838289600	19.5
20921	-1835611200	14.3
20921	-1833019200	13.3
20921	-1830340800	10
20921	-1827662400	15.1
20921	-1825156800	16.3
20921	-1822478400	15.8
20921	-1819886400	21.6
20921	-1817208000	24.1
20921	-1814616000	22.7
20922	-1409659200	18.9
20922	-1406980800	20.7
20923	-1188734400	21.7
20923	-1186056000	25.3
20923	-1183464000	27.3
20923	-1180785600	27.6
20923	-1178107200	24.7
20923	-1175515200	18.9
20924	-1325419200	10.5
20924	-1322740800	12.2
20924	-1320235200	14.4
20924	-1317556800	15.1
20924	-1314964800	16.8
20924	-1312286400	21.3
20924	-1309694400	26.6
20924	-1307016000	25.3
20924	-1304337600	23.4
20924	-1301745600	18.5
20924	-1299067200	13.5
20924	-1296475200	11
20924	-1293796800	11.3
20924	-1291118400	13.1
20924	-1288699200	14.4
20924	-1286020800	16.4
20924	-1283428800	17.1
20924	-1280750400	20.7
20924	-1278158400	24.5
20924	-1275480000	23.4
20924	-1272801600	21
20924	-1270209600	19.4
20924	-1267531200	13.1
20924	-1264939200	12.2
20924	-1262260800	11.8
20924	-1259582400	10.7
20924	-1257163200	14.6
20924	-1254484800	14.5
20924	-1251892800	18.3
20924	-1249214400	19.4
20924	-1246622400	22
20924	-1243944000	25.2
20924	-1241265600	22.2
20924	-1238673600	20
20924	-1235995200	16.2
20924	-1233403200	11.8
20924	-1230724800	9.7
20924	-1228046400	10.3
20924	-1225627200	14.5
20924	-1222948800	14.8
20925	-1314964800	15
20925	-1312286400	20.4
20925	-1309694400	26.9
20925	-1307016000	24.6
20925	-1304337600	23.7
20926	-270907200	21
20926	-268315200	23.2
20926	-265636800	23.8
20926	-262958400	22.4
20926	-260366400	18.9
20926	-257688000	16
20926	-255096000	14.9
20926	-252417600	12.9
20926	-249739200	12.4
20926	-247320000	14.5
20926	-244641600	16
20926	-242049600	18.5
20926	-239371200	20.5
20926	-236779200	22.2
20926	-234100800	23.5
20926	-231422400	22.4
20926	-228830400	20.7
20926	-226152000	14.6
20926	-223560000	13.8
20926	-220881600	14.3
20926	-218203200	13
20926	-215784000	14.4
20926	-213105600	16.1
20926	-210513600	17.9
20926	-207835200	20
20926	-205243200	22.2
20926	-202564800	22.3
20926	-199886400	20.4
20926	-197294400	19.3
20926	-194616000	17.1
20926	-192024000	13.8
20926	-189345600	12.8
20926	-186667200	13.5
20926	-184161600	14.7
20926	-181483200	15.4
20926	-178891200	19.4
20926	-176212800	20.8
20926	-173620800	22.5
20926	-170942400	22.5
20926	-168264000	23.2
20926	-165672000	19
20926	-162993600	15.5
20926	-160401600	11.9
20926	-157723200	11.9
20926	-155044800	12.6
20926	-152625600	15.2
20926	-149947200	15.9
20926	-147355200	19.4
20926	-144676800	20.9
20926	-142084800	21.3
20926	-139406400	22.4
20926	-136728000	20.4
20926	-134136000	19.4
20926	-131457600	15.7
20926	-128865600	13.2
20926	-126187200	13.8
20926	-123508800	14.9
20926	-121089600	14.5
20926	-118411200	16.5
20926	-115819200	18.1
20926	-113140800	20
20926	-110548800	21.4
20926	-107870400	22.3
20926	-105192000	22.4
20926	-102600000	18.4
20926	-99921600	13.6
20926	-97329600	12.1
20926	-94651200	11.8
20926	-91972800	12.9
20926	-89553600	15.2
20926	-86875200	15.5
20926	-84283200	17.7
20926	-81604800	20
20926	-79012800	22.3
20926	-76334400	22.3
20926	-73656000	21
20926	-71064000	19.3
20926	-68385600	15.5
20926	-65793600	11.9
20926	-63115200	11.6
20926	-60436800	13.1
20926	-57931200	13.5
20926	-55252800	15.4
20926	-52660800	17.8
20926	-49982400	20.2
20926	-47390400	22.3
20926	-44712000	22.1
20926	-42033600	21
20926	-39441600	19.8
20926	-36763200	17.4
20926	-34171200	13.1
20926	-31492800	14.5
20926	-28814400	15.1
20926	-26395200	15.3
20926	-23716800	15.1
20926	-21124800	17.6
20926	-18446400	19.6
20926	-15854400	23.3
20926	-13176000	22.5
20926	-10497600	20.2
20926	-7905600	18.8
20926	-5227200	16.2
20926	-2635200	12.1
20926	43200	14.6
20926	2721600	13
20926	5140800	13.6
20926	7819200	15.8
20926	10411200	17.6
20926	13089600	19.9
20926	15681600	23.1
20926	18360000	22.3
20926	21038400	22.5
20926	23630400	18.7
20926	26308800	16.8
20926	28900800	12.4
20926	31579200	13
20926	34257600	13.5
20926	36676800	13.4
20926	39355200	14.6
20926	41947200	15.9
20926	44625600	19.1
20926	47217600	22.4
20926	49896000	21.8
20926	52574400	21.6
20926	55166400	21.2
20926	57844800	14.6
20926	60436800	11.9
20926	63115200	12.1
20926	65793600	12
20926	68299200	12.9
20926	70977600	15.3
20926	73569600	16.4
20926	76248000	18.2
20926	78840000	21
20926	81518400	21.7
20926	84196800	20.6
20926	86788800	19.5
20926	89467200	15.6
20926	92059200	12.5
20926	94737600	11.7
20926	97416000	12.4
20926	99835200	14.1
20926	102513600	15.7
20926	105105600	18
20926	107784000	20
20926	110376000	21.7
20926	113054400	22.9
20926	115732800	20.9
20926	118324800	18.8
20926	121003200	17.2
20926	123595200	11.9
20926	126273600	12.5
20926	128952000	12.7
20926	131371200	13.2
20926	134049600	13.8
20926	136641600	17.3
20926	139320000	20
20926	141912000	22.9
20926	144590400	22.8
20926	147268800	20.5
20926	149860800	16.9
20926	152539200	14.7
20926	155131200	11.8
20926	157809600	12.7
20926	160488000	13.8
20926	162907200	13.5
20926	165585600	15.6
20926	168177600	16.7
20926	170856000	19.2
20926	173448000	22.1
20926	176126400	22.8
20926	178804800	20.5
20926	181396800	18.5
20926	184075200	14.6
20926	186667200	12.7
20926	189345600	10.6
20926	192024000	13.2
20926	194529600	13.6
20926	197208000	14.1
20926	199800000	16.9
20926	202478400	21
20926	205070400	22.3
20926	207748800	23.9
20926	210427200	21.6
20926	213019200	18.2
20926	215697600	14
20926	218289600	14.6
20926	220968000	12.7
20926	223646400	13.3
20926	226065600	15.1
20926	228744000	16.5
20926	231336000	17
20926	234014400	18.7
20926	236606400	20.2
20926	239284800	20.5
20926	241963200	21.7
20926	244555200	18.5
20926	247233600	15.4
20926	249825600	15.3
20926	252504000	13
20926	255182400	14.4
20926	257601600	13.9
20926	260280000	14.8
20926	262872000	16.7
20926	265550400	18.7
20926	268142400	21.9
20926	270820800	21.9
20926	273499200	22.7
20926	276091200	18.7
20926	278769600	15.8
20926	281361600	15.5
20926	284040000	14.4
20926	286718400	14.6
20926	289137600	13.5
20926	291816000	14.9
20926	294408000	17.7
20926	297086400	19.6
20926	299678400	22
20926	302356800	22.1
20926	305035200	21.3
20926	307627200	18.4
20926	310305600	14.9
20926	312897600	11.6
20926	315576000	11.9
20926	318254400	13.4
20926	320760000	14.2
20926	323438400	16.2
20926	326030400	17.6
20926	328708800	20.3
20926	331300800	21.9
20926	333979200	22.8
20926	336657600	23.2
20926	339249600	19.4
20926	341928000	15.6
20926	344520000	12
20926	347198400	10.7
20927	-1257163200	16.6
20927	-1254484800	15.7
20927	-1251892800	23.8
20927	-1249214400	23.1
20927	-1246622400	30.2
20927	-1243944000	28.2
20927	-1241265600	24.7
20927	-1238673600	18.8
20927	-1235995200	18.8
20927	-1233403200	13.2
20927	-1230724800	10.2
20927	-1228046400	11.3
20927	-1225627200	15.6
20927	-1222948800	16.4
20927	-1220356800	21.7
20927	-1217678400	27.8
20927	-1215086400	30.1
20928	-1924948800	12.1
20928	-1922270400	13.6
20928	-1919851200	14.7
20928	-1917172800	16.7
20928	-1914580800	18.4
20929	-1798718400	11.6
20929	-1796040000	13.4
20929	-1793620800	15.1
20929	-1790942400	16
20929	-1788350400	19.8
20929	-1785672000	24.9
20929	-1783080000	26.1
20929	-1780401600	24.9
20929	-1777723200	21.5
20929	-1775131200	20.8
20929	-1772452800	14.2
20929	-1769860800	11.4
20929	-1767182400	9
20929	-1764504000	11
20929	-1762084800	14.5
20929	-1759406400	16.9
20929	-1756814400	20.5
20929	-1754136000	21.2
20929	-1751544000	26.4
20929	-1748865600	27.1
20929	-1746187200	23.7
20929	-1743595200	19.4
20929	-1740916800	14.5
20929	-1738324800	10.5
20930	-1399032000	22.2
20930	-1396440000	18.8
20931	-1296475200	10.2
20931	-1293796800	11
20931	-1291118400	11.6
20931	-1288699200	13.1
20931	-1286020800	14.7
20931	-1283428800	15.8
20931	-1280750400	21.5
20931	-1278158400	25.6
20932	-1209729600	24.1
20932	-1207137600	22.3
20932	-1204459200	16.1
20932	-1201867200	11
20932	-1199188800	11.9
20933	-1909310400	19.3
20933	-1906632000	19.1
20933	-1903953600	19.2
20933	-1901361600	18.4
20933	-1898683200	17.5
20933	-1896091200	15.4
20934	-1451649600	10.5
20934	-1448971200	11
20934	-1446465600	15.4
20934	-1443787200	18.4
20934	-1441195200	23.3
20934	-1438516800	26.3
20934	-1435924800	30.2
20934	-1433246400	27.6
20934	-1430568000	24.6
20934	-1427976000	20.8
20934	-1425297600	15.3
20934	-1422705600	12
20934	-1420027200	10.9
20934	-1417348800	11.3
20934	-1414929600	12.6
20934	-1412251200	17.2
20934	-1409659200	20.3
20934	-1406980800	21.7
20934	-1404388800	26.2
20934	-1401710400	29.6
20934	-1399032000	25
20934	-1396440000	20
20934	-1393761600	15.3
20934	-1391169600	15.4
20934	-1388491200	13.4
20934	-1385812800	15.3
20934	-1383393600	16.4
20934	-1380715200	19
20934	-1378123200	20.6
20934	-1375444800	25.2
20934	-1372852800	29.1
20934	-1370174400	28.8
20934	-1367496000	28.7
20934	-1364904000	22.9
20934	-1362225600	13.6
20934	-1359633600	12
20934	-1356955200	11.6
20934	-1354276800	11.2
20934	-1351857600	16
20934	-1349179200	18.4
20934	-1346587200	22
20934	-1343908800	26.5
20934	-1341316800	26.6
20934	-1338638400	30.1
20934	-1335960000	24.9
20934	-1333368000	22.3
20934	-1330689600	14.5
20934	-1328097600	12.6
20934	-1325419200	9.7
20934	-1322740800	13.3
20934	-1320235200	15.5
20934	-1317556800	17.3
20934	-1314964800	19
20934	-1312286400	25.5
20934	-1309694400	31
20934	-1307016000	30.1
20934	-1304337600	26.3
20934	-1301745600	20.2
20934	-1299067200	15
20934	-1296475200	11.4
20934	-1293796800	13.5
20934	-1291118400	14.3
20935	-1391169600	18.9
20935	-1388491200	17.3
20935	-1385812800	18.4
20936	-1143979200	20.3
20936	-1141300800	11.7
20937	-1212408000	22.5
20937	-1209729600	20.9
20937	-1207137600	17.6
20937	-1204459200	14.8
20937	-1201867200	8.8
20937	-1199188800	9.2
20937	-1196510400	11.4
20937	-1194004800	13.9
20937	-1191326400	14.6
20937	-1188734400	17.6
20937	-1186056000	19.5
20937	-1183464000	21.4
20937	-1180785600	23.3
20937	-1178107200	21.5
20937	-1175515200	16.8
20937	-1172836800	13.8
20937	-1170244800	12.4
20937	-1167566400	10.1
20937	-1164888000	11.8
20937	-1162468800	13.3
20937	-1159790400	16.1
20937	-1157198400	18.6
20937	-1154520000	21
20937	-1151928000	23
20937	-1149249600	25.8
20937	-1146571200	20.6
20937	-1143979200	19.6
20937	-1141300800	13.6
20937	-1138708800	11.5
20937	-1136030400	9.5
20937	-1133352000	11.5
20937	-1130932800	11.6
20937	-1128254400	15.5
20937	-1125662400	18.9
20937	-1122984000	21.3
20937	-1120392000	20.8
20938	-1272801600	21.1
20938	-1270209600	18.1
20938	-1267531200	12.2
20938	-1264939200	11.3
20939	-1188734400	21.7
20939	-1186056000	24.1
20939	-1183464000	27.6
20939	-1180785600	29.7
20939	-1178107200	24.7
20939	-1175515200	19.5
20939	-1172836800	15.8
20939	-1170244800	10.9
20940	-1843560000	20.9
20940	-1840881600	22.1
20940	-1838289600	20
20940	-1835611200	16.1
20940	-1833019200	15.8
20941	-1380715200	18.5
20941	-1378123200	19
20941	-1375444800	19.9
20941	-1372852800	21.2
20941	-1370174400	22.3
20942	-1128254400	17.8
20942	-1125662400	22.2
20942	-1122984000	27.7
20943	-1112443200	18.6
20943	-1109764800	14
20943	-1107172800	12.2
20943	-1104494400	9.6
20943	-1101816000	9.2
20943	-1099396800	14.7
20943	-1096718400	16.4
20943	-1094126400	17
20943	-1091448000	20.4
20943	-1088856000	24.2
20943	-1086177600	23.2
20943	-1083499200	22.8
20943	-1080907200	17
20943	-1078228800	14.3
20943	-1075636800	11.9
20943	-1072958400	13.4
20943	-1070280000	14.5
20943	-1067774400	14.2
20943	-1065096000	16.4
20943	-1062504000	16.5
20943	-1059825600	18.9
20943	-1057233600	22.6
20943	-1054555200	25
20944	-1259582400	9.1
20944	-1257163200	12.8
20944	-1254484800	11.7
20944	-1251892800	17.5
20944	-1249214400	18.5
20944	-1246622400	23.7
20944	-1243944000	27.1
20944	-1241265600	23.3
20944	-1238673600	21.3
20944	-1235995200	15.4
20944	-1233403200	9.9
20944	-1230724800	8.4
20944	-1228046400	9
20944	-1225627200	13.5
20944	-1222948800	13.3
20944	-1220356800	16.6
20944	-1217678400	22.5
20944	-1215086400	24.4
20944	-1212408000	22.8
20944	-1209729600	21
20944	-1207137600	18.9
20944	-1204459200	14.1
20944	-1201867200	8.6
20944	-1199188800	9.1
20944	-1196510400	9.5
20944	-1194004800	12.9
20944	-1191326400	13.2
20944	-1188734400	17.7
20944	-1186056000	19.6
20944	-1183464000	22.7
20944	-1180785600	24.6
20944	-1178107200	20.4
20944	-1175515200	16.4
20944	-1172836800	13.6
20944	-1170244800	9.7
20944	-1167566400	8.1
20944	-1164888000	10.1
20944	-1162468800	11.2
20944	-1159790400	15.5
20944	-1157198400	20.4
20944	-1154520000	19.4
20944	-1151928000	24.8
20944	-1149249600	27.3
20944	-1146571200	20.8
20944	-1143979200	19.8
20944	-1141300800	11.5
20944	-1138708800	9.2
20944	-1136030400	8.3
20944	-1133352000	9.5
20944	-1130932800	9.7
20944	-1128254400	13.7
20944	-1125662400	17.5
20944	-1122984000	21.8
20944	-1120392000	24.3
20944	-1117713600	23.3
20944	-1115035200	22.6
20944	-1112443200	19.3
20944	-1109764800	17.2
20944	-1107172800	12.4
20944	-1104494400	8.8
20944	-1101816000	8.7
20944	-1099396800	14
20944	-1096718400	16
20944	-1094126400	15.4
20944	-1091448000	21.8
20944	-1088856000	26.6
20944	-1086177600	25.1
20944	-1083499200	23.6
20944	-1080907200	16.5
20944	-1078228800	13.3
20944	-1075636800	10.8
20944	-1072958400	12.2
20944	-1070280000	8
20944	-1067774400	11.9
20944	-1065096000	15.1
20944	-1062504000	14.2
20944	-1059825600	18.8
20944	-1057233600	23.9
20944	-1054555200	27.7
20944	-1051876800	24.4
20944	-1049284800	17.1
20944	-1046606400	11.6
20944	-1044014400	9.6
20944	-1041336000	10.8
20944	-1038657600	12.3
20944	-1036238400	11.8
20944	-1033560000	16.9
20944	-1030968000	18.9
20944	-1028289600	20.4
20944	-1025697600	27
20944	-1023019200	25
20944	-1020340800	21.4
20944	-1017748800	18.4
20944	-1015070400	16.7
20944	-1012478400	10.5
20944	-1009800000	9.6
20944	-1007121600	11.5
20944	-1004702400	14.4
20944	-1002024000	15.9
20944	-999432000	17.2
20944	-996753600	23.9
20944	-994161600	25.4
20944	-991483200	23.5
20944	-988804800	19.5
20944	-986212800	18.7
20944	-983534400	14.5
20944	-980942400	10.1
20944	-978264000	10.4
20944	-975585600	10.3
20944	-973166400	12.1
20944	-970488000	13.4
20944	-967896000	17.1
20944	-965217600	20.4
20944	-962625600	25.8
20944	-959947200	23.6
20944	-957268800	22.2
20944	-954676800	17.5
20944	-951998400	14.3
20944	-949406400	11.4
20944	-946728000	10.1
20944	-944049600	13.5
20944	-941544000	16.6
20944	-938865600	16.9
20944	-936273600	17.7
20944	-933595200	20.7
20944	-931003200	24.6
20944	-928324800	27.4
20944	-925646400	22.6
20944	-923054400	16.8
20944	-920376000	13.4
20944	-917784000	9.5
20944	-915105600	9.5
20944	-912427200	11.7
20944	-910008000	13
20944	-907329600	14
20944	-904737600	15.9
20944	-902059200	21.3
20944	-899467200	24.9
20944	-896788800	26.4
20944	-894110400	23.6
20944	-891518400	20.9
20944	-888840000	14.2
20944	-886248000	9.6
20944	-883569600	8.2
20944	-880891200	9.2
20944	-878472000	13.8
20944	-875793600	14.8
20944	-873201600	18.9
20944	-870523200	21.6
20944	-867931200	25.3
20944	-865252800	24.7
20944	-862574400	22.4
20944	-859982400	20
20944	-857304000	14.4
20944	-854712000	11.1
20944	-852033600	9.9
20944	-849355200	10.4
20944	-846936000	12.7
20944	-844257600	16.9
20944	-841665600	19.5
20944	-838987200	24
20944	-836395200	23.5
20944	-833716800	27.7
20944	-831038400	21.8
20944	-828446400	17.5
20944	-825768000	10.7
20944	-823176000	9.3
20944	-820497600	9.8
20944	-817819200	10.3
20944	-815313600	12.6
20944	-812635200	16.3
20944	-810043200	20.1
20944	-807364800	21.4
20944	-804772800	25.5
20944	-802094400	24.4
20944	-799416000	22.5
20944	-796824000	17.8
20944	-794145600	14.4
20944	-791553600	9.6
20944	-788875200	7.5
20944	-786196800	12
20944	-783777600	15.4
20944	-781099200	20.2
20944	-778507200	19.9
20944	-775828800	24.3
20944	-773236800	25.7
20944	-770558400	24
20944	-767880000	24.9
20944	-765288000	20.5
20944	-762609600	16.4
20944	-760017600	12.7
20945	370785600	19.9
20945	373464000	18.2
20946	-1162468800	11.4
20946	-1159790400	17
20947	-1472817600	17
20947	-1470139200	19.6
20947	-1467547200	20.8
20947	-1464868800	21.2
20947	-1462190400	19
20947	-1459598400	20
20947	-1456920000	12.8
20947	-1454328000	12.8
20947	-1451649600	5.5
20947	-1448971200	14.8
20947	-1446465600	16.9
20947	-1443787200	17.2
20947	-1441195200	19.7
20947	-1438516800	21.2
20947	-1435924800	24
20947	-1433246400	21.3
20947	-1430568000	22.6
20948	-1280750400	25.6
20948	-1278158400	29.4
20948	-1275480000	29.1
20949	-1117713600	29.9
20949	-1115035200	24.4
20950	-1049284800	17.9
20950	-1046606400	13.8
20950	-1044014400	10.6
20950	-1041336000	12.2
20950	-1038657600	12.8
20950	-1036238400	13.4
20950	-1033560000	16.9
20950	-1030968000	18.4
20950	-1028289600	20
20950	-1025697600	24.2
20950	-1023019200	23.3
20950	-1020340800	21.7
20950	-1017748800	19.7
20950	-1015070400	17.4
20950	-1012478400	13
20950	-1009800000	11.5
20950	-1007121600	12.6
20950	-1004702400	15.4
20950	-1002024000	17.6
20950	-999432000	17.8
20950	-996753600	21.9
20950	-994161600	23.3
20950	-991483200	23.2
20950	-988804800	20.1
20950	-986212800	19.8
20950	-983534400	16.2
20950	-980942400	12.7
20950	-978264000	12.5
20950	-975585600	12.2
20950	-973166400	13.1
20950	-970488000	15.1
20950	-967896000	18
20950	-965217600	20.3
20950	-962625600	23.2
20950	-959947200	23.5
20950	-957268800	21.5
20950	-954676800	17.3
20950	-951998400	15.6
20950	-949406400	13.2
20950	-946728000	12.9
20950	-944049600	13.2
20950	-941544000	16.8
20950	-938865600	16.8
20950	-936273600	17.4
20950	-933595200	20.2
20950	-931003200	22.8
20950	-928324800	25.8
20950	-925646400	22.1
20950	-923054400	18.7
20950	-920376000	15.6
20950	-917784000	11.4
20951	-754660800	11.4
20951	-752241600	12.3
20951	-749563200	13.8
20951	-746971200	15.6
20951	-744292800	22.5
20951	-741700800	28.6
20951	-739022400	26.2
20951	-736344000	22.8
20951	-733752000	19
20951	-731073600	14.8
20952	-1072958400	13
20952	-1070280000	13.5
20952	-1067774400	12.6
20952	-1065096000	16.4
20952	-1062504000	16.3
20952	-1059825600	23.1
20952	-1057233600	29.6
20952	-1054555200	31.6
20952	-1051876800	27.2
20952	-1049284800	19.1
20952	-1046606400	13.2
20952	-1044014400	10.5
20952	-1041336000	11.6
20952	-1038657600	14.6
20952	-1036238400	14.5
20952	-1033560000	20.5
20952	-1030968000	22.2
20952	-1028289600	24.4
20952	-1025697600	31.8
20952	-1023019200	30.3
20953	-1425297600	16.2
20953	-1422705600	14.6
20954	-1270209600	20.9
20954	-1267531200	14.5
20955	-1109764800	12.8
20955	-1107172800	11.7
20956	-883569600	10.8
20956	-880891200	11.4
20956	-878472000	14.8
20956	-875793600	15.7
20956	-873201600	19
20956	-870523200	21.3
20956	-867931200	24.6
20956	-865252800	23.2
20956	-862574400	22.6
20956	-859982400	21.1
20956	-857304000	15.9
20956	-854712000	13.6
20956	-852033600	12.2
20956	-849355200	11.2
20956	-846936000	14.2
20956	-844257600	17.8
20956	-841665600	20
20956	-838987200	23.6
20956	-836395200	23
20956	-833716800	25.8
20956	-831038400	21.4
20956	-828446400	18.6
20956	-825768000	13.3
20956	-823176000	13.1
20956	-820497600	10.9
20956	-817819200	10.5
20956	-815313600	14
20956	-812635200	18
20956	-810043200	20.4
20956	-807364800	22.1
20956	-804772800	23.8
20956	-802094400	23.3
20956	-799416000	22.8
20956	-796824000	18
20956	-794145600	16.2
20956	-791553600	12
20956	-788875200	10.1
20956	-786196800	12.7
20956	-783777600	14.8
20956	-781099200	20.1
20956	-778507200	19.3
20956	-775828800	23.1
20956	-773236800	24.1
20956	-770558400	21.8
20956	-767880000	22.3
20956	-765288000	21.2
20956	-762609600	18.2
20956	-760017600	15.4
20956	-757339200	12
20956	-754660800	12.7
20956	-752241600	14.3
20956	-749563200	15.9
20956	-746971200	16.8
20956	-744292800	22.2
20956	-741700800	25.9
20956	-739022400	24.9
20956	-736344000	19.8
20957	-725803200	9.9
20957	-723124800	10.9
20957	-720705600	15.5
20957	-718027200	17.7
20957	-715435200	17.5
20957	-712756800	21.8
20957	-710164800	24.1
20957	-707486400	24.2
20957	-704808000	22.9
20957	-702216000	20
20957	-699537600	17
20957	-696945600	10.3
20957	-694267200	12
20957	-691588800	13.4
20957	-689083200	15.3
20957	-686404800	14.9
20957	-683812800	17.2
20957	-681134400	23.9
20957	-678542400	26.4
20957	-675864000	26.2
20957	-673185600	23.8
20957	-670593600	18.2
20957	-667915200	16.9
20957	-665323200	12.9
20957	-662644800	10.7
20957	-659966400	12.1
20957	-657547200	13.4
20957	-654868800	17.4
20957	-652276800	16.9
20957	-649598400	22.4
20957	-647006400	26.4
20957	-644328000	25.9
20957	-641649600	21
20957	-639057600	20.6
20957	-636379200	14.1
20957	-633787200	11.7
20957	-631108800	9.9
20957	-628430400	12.5
20957	-626011200	14.1
20957	-623332800	15
20958	402321600	17.6
20958	4.05e+08	15.1
20959	-978264000	9.9
20959	-975585600	10
20959	-973166400	13.3
20959	-970488000	15.2
20959	-967896000	20.1
20959	-965217600	24.2
20959	-962625600	30.7
20959	-959947200	28
20959	-957268800	26.1
20959	-954676800	20.3
20959	-951998400	15.9
20959	-949406400	12.6
20959	-946728000	10.4
20959	-944049600	13.3
20959	-941544000	17
20959	-938865600	19.2
20959	-936273600	21.6
20959	-933595200	24.4
20959	-931003200	24.9
20960	-1417348800	13.8
20960	-1414929600	14.2
20960	-1412251200	15.3
20960	-1409659200	16.2
20961	-1262260800	12.7
20961	-1259582400	12.6
20961	-1257163200	17.1
20961	-1254484800	16
20961	-1251892800	22.8
20961	-1249214400	22.1
20961	-1246622400	27.6
20961	-1243944000	30.8
20961	-1241265600	26.7
20961	-1238673600	23.6
20961	-1235995200	18.2
20961	-1233403200	12.6
20961	-1230724800	10.3
20961	-1228046400	10.8
20961	-1225627200	16.4
20961	-1222948800	17.4
20961	-1220356800	22.1
20961	-1217678400	26.1
20961	-1215086400	28.6
20961	-1212408000	27.2
20961	-1209729600	24.2
20961	-1207137600	23
20961	-1204459200	17.1
20961	-1201867200	11.5
20961	-1199188800	11.7
20961	-1196510400	12.8
20961	-1194004800	15.7
20961	-1191326400	17.5
20961	-1188734400	21.8
20961	-1186056000	23.4
20961	-1183464000	26.6
20961	-1180785600	29
20961	-1178107200	24.6
20961	-1175515200	19.5
20961	-1172836800	14.3
20961	-1170244800	11.4
20961	-1167566400	11
20961	-1164888000	14.8
20961	-1162468800	15.4
20961	-1159790400	20.4
20961	-1157198400	23.4
20961	-1154520000	23.9
20961	-1151928000	28.8
20961	-1149249600	31.4
20961	-1146571200	24.3
20961	-1143979200	21.9
20961	-1141300800	13.3
20961	-1138708800	10.7
20961	-1136030400	9.6
20961	-1133352000	11.9
20961	-1130932800	12.6
20961	-1128254400	16.9
20961	-1125662400	20.6
20961	-1122984000	24.7
20961	-1120392000	27.6
20961	-1117713600	27.8
20961	-1115035200	25.2
20961	-1112443200	22.8
20961	-1109764800	14
20961	-1107172800	13.7
20961	-1104494400	10.6
20961	-1101816000	10.2
20961	-1099396800	16.4
20961	-1096718400	19.9
20961	-1094126400	21.1
20961	-1091448000	25.1
20961	-1088856000	29.9
20961	-1086177600	27.1
20961	-1083499200	28.2
20962	-1309694400	23.8
20962	-1307016000	23
20962	-1304337600	25.2
20963	-718027200	17.8
20963	-715435200	18.4
20963	-712756800	21.6
20963	-710164800	22.7
20963	-707486400	22.9
20963	-704808000	22.6
20963	-702216000	20.1
20963	-699537600	17.4
20964	-618062400	15.2
20964	-615470400	27.7
20965	-923054400	18.8
20965	-920376000	13.6
20965	-917784000	11.3
20965	-915105600	10.2
20965	-912427200	12.9
20965	-910008000	14.2
20965	-907329600	16
20965	-904737600	19.5
20965	-902059200	26.2
20965	-899467200	28.3
20965	-896788800	31.1
20965	-894110400	27
20965	-891518400	23.4
20965	-888840000	15.9
20965	-886248000	11.6
20966	-1404388800	18.8
20966	-1401710400	19.6
20966	-1399032000	19.7
20966	-1396440000	18.9
20966	-1393761600	16.6
20966	-1391169600	17.6
20966	-1388491200	15.9
20966	-1385812800	16.1
20966	-1383393600	15.8
20966	-1380715200	16.2
20966	-1378123200	16.8
20966	-1375444800	17.6
20966	-1372852800	19.6
20966	-1370174400	20.4
20966	-1367496000	26
20966	-1364904000	20.4
20966	-1362225600	15.3
20966	-1359633600	14.8
20967	-1070280000	14.8
20967	-1067774400	14.4
20967	-1065096000	18
20967	-1062504000	17.5
20967	-1059825600	23.1
20967	-1057233600	28.9
20967	-1054555200	30.2
20967	-1051876800	27.1
20967	-1049284800	19.8
20967	-1046606400	14.1
20967	-1044014400	11.2
20967	-1041336000	12.2
20967	-1038657600	15.5
20967	-1036238400	16.5
20967	-1033560000	21.9
20967	-1030968000	22.8
20967	-1028289600	24.8
20967	-1025697600	30.9
20967	-1023019200	29.2
20967	-1020340800	24.4
20967	-1017748800	20.1
20967	-1015070400	18.9
20967	-1012478400	12.9
20967	-1009800000	10.7
20967	-1007121600	14.5
20967	-1004702400	17.3
20967	-1002024000	19.1
20967	-999432000	21.2
20967	-996753600	27.1
20967	-994161600	30.1
20967	-991483200	27.5
20967	-988804800	22.7
20967	-986212800	21.9
20967	-983534400	16.9
20967	-980942400	11.4
20967	-978264000	11.7
20967	-975585600	11.7
20967	-973166400	14.9
20967	-970488000	16.4
20967	-967896000	20.9
20967	-965217600	23.4
20967	-962625600	28.7
20967	-959947200	26.8
20967	-957268800	25.7
20967	-954676800	19.9
20967	-951998400	15.9
20967	-949406400	12.9
20968	-689083200	16.8
20968	-686404800	16.1
20968	-683812800	18.2
20968	-681134400	23
20968	-678542400	23.9
20968	-675864000	23.7
20968	-673185600	22.6
20968	-670593600	19.6
20968	-667915200	16.3
20968	-665323200	15.2
20968	-662644800	12.7
20968	-659966400	13.1
20968	-657547200	15.2
20968	-654868800	19.2
20968	-652276800	18.4
20968	-649598400	21
20968	-647006400	23.2
20968	-644328000	25.8
20968	-641649600	22.2
20968	-639057600	19.2
20968	-636379200	16.5
20968	-633787200	15
20968	-631108800	12.3
20968	-628430400	13.6
20968	-626011200	15.4
20968	-623332800	16.5
20968	-620740800	18.9
20968	-618062400	21.4
20968	-615470400	24.6
20968	-612792000	22.6
20968	-610113600	22.6
20968	-607521600	19.5
20968	-604843200	16.5
20968	-602251200	13.5
20968	-599572800	11.5
20968	-596894400	12.2
20968	-594475200	15.9
20968	-591796800	15.9
20968	-589204800	17.3
20968	-586526400	22.1
20968	-583934400	22.2
20968	-581256000	22.8
20968	-578577600	22.4
20968	-575985600	18.1
20968	-573307200	16.4
20968	-570715200	13.9
20968	-568036800	11.2
20968	-565358400	12.2
20968	-562852800	16.4
20968	-560174400	15.8
20968	-557582400	18.4
20968	-554904000	21.8
20968	-552312000	23.3
20968	-549633600	22.8
20968	-546955200	20.8
20968	-544363200	19.8
20968	-541684800	16.3
20968	-539092800	13.2
20968	-536414400	11.9
20968	-533736000	12.2
20968	-531316800	14.3
20968	-528638400	16.9
20968	-526046400	20.7
20968	-523368000	20.8
20968	-520776000	23.4
20968	-518097600	24.7
20968	-515419200	22.6
20968	-512827200	19.3
20968	-510148800	16.5
20968	-507556800	14.4
20968	-504878400	11.6
20968	-502200000	11.9
20968	-499780800	14.2
20968	-497102400	15.1
20968	-494510400	18.1
20968	-491832000	19.8
20968	-489240000	22.3
20968	-486561600	22.2
20968	-483883200	21.2
20968	-481291200	20.6
20968	-478612800	17.6
20968	-476020800	13.3
20968	-473342400	14.9
20968	-470664000	14.9
20968	-468244800	15.2
20968	-465566400	18.6
20968	-462974400	20.3
20968	-460296000	23.6
20968	-457704000	23.1
20968	-455025600	23.4
20968	-452347200	23.2
20968	-449755200	20.1
20968	-447076800	18.1
20968	-444484800	14.8
20968	-441806400	12.8
20968	-439128000	10.6
20968	-436622400	14.3
20968	-433944000	16.2
20968	-431352000	19.3
20968	-428673600	21
20968	-426081600	22.1
20968	-423403200	22.4
20968	-420724800	20.8
20968	-418132800	20.9
20968	-415454400	13.7
20968	-412862400	10.8
20968	-410184000	10.7
20968	-407505600	14.2
20968	-405086400	16.2
20968	-402408000	15.4
20968	-399816000	17.8
20968	-397137600	19.6
20968	-394545600	23.3
20968	-391867200	24.2
20968	-389188800	22.8
20968	-386596800	18.8
20968	-383918400	15.5
20968	-381326400	11.9
20968	-378648000	12.9
20968	-375969600	15.9
20968	-373550400	14.6
20968	-370872000	16.3
20968	-368280000	19.6
20968	-365601600	19.9
20968	-363009600	21.3
20968	-360331200	23.2
20968	-357652800	22.5
20968	-355060800	19.6
20968	-352382400	15.8
20968	-349790400	14.3
20968	-347112000	13.9
20968	-344433600	12.8
20968	-342014400	15.4
20968	-339336000	16.3
20968	-336744000	17.7
20968	-334065600	20.2
20968	-331473600	23.2
20968	-328795200	23.1
20968	-326116800	21.1
20968	-323524800	18.9
20968	-320846400	15.5
20968	-318254400	13.7
20968	-315576000	12.3
20968	-312897600	14.6
20968	-310392000	16.1
20968	-307713600	16.7
20968	-305121600	19.1
20968	-302443200	21.6
20968	-299851200	22.4
20968	-297172800	22.2
20968	-294494400	21.8
20968	-291902400	18.4
20968	-289224000	16.4
20968	-286632000	12.3
20969	-610113600	22.7
20969	-607521600	18
20969	-604843200	15.7
20969	-602251200	11.3
20969	-599572800	9.2
20969	-596894400	9.8
20969	-594475200	14.8
20969	-591796800	15.6
20969	-589204800	15.5
20969	-586526400	24.3
20969	-583934400	24.3
20969	-581256000	24.9
20969	-578577600	23
20969	-575985600	16.1
20969	-573307200	14.4
20969	-570715200	11.6
20969	-568036800	8.6
20969	-565358400	10.9
20969	-562852800	15.4
20969	-560174400	13.7
20969	-557582400	17.6
20969	-554904000	22.8
20969	-552312000	24.7
20969	-549633600	24.7
20969	-546955200	21.4
20969	-544363200	20.2
20969	-541684800	15.7
20969	-539092800	10.3
20969	-536414400	9.8
20969	-533736000	10
20969	-531316800	12.3
20969	-528638400	16.6
20969	-526046400	20.7
20969	-523368000	20.7
20969	-520776000	26.2
20969	-518097600	27.5
20969	-515419200	22.3
20969	-512827200	17.9
20969	-510148800	15.1
20969	-507556800	12.2
20969	-504878400	8.5
20969	-502200000	9.2
20969	-499780800	11.8
20969	-497102400	13
20969	-494510400	18.4
20969	-491832000	21.2
20969	-489240000	25.5
20969	-486561600	24.4
20969	-483883200	23.6
20969	-481291200	20.9
20969	-478612800	15.7
20969	-476020800	11
20969	-473342400	12
20969	-470664000	12.4
20969	-468244800	12
20969	-465566400	16.4
20969	-462974400	21
20969	-460296000	23.5
20969	-457704000	24.3
20969	-455025600	25.4
20969	-452347200	23.4
20969	-449755200	18.9
20969	-447076800	15.9
20969	-444484800	12.2
20969	-441806400	9.9
20969	-439128000	7.8
20969	-436622400	11.8
20969	-433944000	13.4
20969	-431352000	17.4
20969	-428673600	21.6
20969	-426081600	24.1
20969	-423403200	24.1
20969	-420724800	21.5
20969	-418132800	20.6
20969	-415454400	11.8
20969	-412862400	9.3
20969	-410184000	8.5
20969	-407505600	12.9
20969	-405086400	15.3
20969	-402408000	13.4
20969	-399816000	17.6
20969	-397137600	20.6
20969	-394545600	26.4
20969	-391867200	26.6
20969	-389188800	23.8
20969	-386596800	17.1
20969	-383918400	12.6
20969	-381326400	8.8
20969	-378648000	10.3
20969	-375969600	13.6
20969	-373550400	13.1
20969	-370872000	14.3
20969	-368280000	19.3
20969	-365601600	20.6
20969	-363009600	24
20969	-360331200	25.4
20969	-357652800	23.7
20969	-355060800	18.8
20969	-352382400	13.1
20969	-349790400	11
20969	-347112000	11.8
20969	-344433600	9.7
20969	-342014400	13
20969	-339336000	14.6
20969	-336744000	16.6
20969	-334065600	21.1
20969	-331473600	25.7
20969	-328795200	25.8
20969	-326116800	20.5
20969	-323524800	17.9
20969	-320846400	13.2
20969	-318254400	10.4
20969	-315576000	10.3
20969	-312897600	13.4
20969	-310392000	13.6
20969	-307713600	14.9
20969	-305121600	18.8
20969	-302443200	22.1
20969	-299851200	24.6
20969	-297172800	24.4
20969	-294494400	22.2
20969	-291902400	16.5
20969	-289224000	15.1
20969	-286632000	8.6
20970	420638400	16.8
20970	423316800	20.7
20971	-852033600	10.5
20971	-849355200	10.7
20971	-846936000	14.2
20971	-844257600	18.5
20971	-841665600	23.5
20971	-838987200	29.4
20971	-836395200	29
20971	-833716800	31.6
20971	-831038400	24.4
20971	-828446400	20.5
20971	-825768000	13.5
20971	-823176000	10.7
20971	-820497600	11.6
20971	-817819200	11.7
20971	-815313600	15.1
20971	-812635200	19.5
20971	-810043200	23
20971	-807364800	23.5
20971	-804772800	30.1
20971	-802094400	28.7
20971	-799416000	25.4
20971	-796824000	20.4
20971	-794145600	16.4
20971	-791553600	11.1
20971	-788875200	8.3
20971	-786196800	13.8
20971	-783777600	16.9
20971	-781099200	23.7
20971	-778507200	23.1
20971	-775828800	27.2
20971	-773236800	28.8
20971	-770558400	27.7
20971	-767880000	28.8
20971	-765288000	23.8
20971	-762609600	18.3
20971	-760017600	14.4
20971	-757339200	10.3
20971	-754660800	13.6
20971	-752241600	14
20971	-749563200	16.2
20971	-746971200	18.3
20971	-744292800	27.1
20971	-741700800	34
20972	-1325419200	12.7
20972	-1322740800	13.8
20972	-1320235200	14.5
20972	-1317556800	15.5
20972	-1314964800	16
20972	-1312286400	18.3
20972	-1309694400	19.6
20972	-1307016000	20.7
20972	-1304337600	19.2
20972	-1301745600	17.6
20972	-1299067200	15.3
20972	-1296475200	13.3
20972	-1293796800	14.8
20972	-1291118400	14.8
20972	-1288699200	16
20972	-1286020800	15.9
20972	-1283428800	16.6
20972	-1280750400	17.9
20972	-1278158400	17.8
20972	-1275480000	16.1
20972	-1272801600	19.1
20972	-1270209600	19.1
20972	-1267531200	16.2
20972	-1264939200	14.1
20972	-1262260800	14.7
20972	-1259582400	13.5
20972	-1257163200	15.6
20972	-1254484800	15.1
20972	-1251892800	16.6
20972	-1249214400	17.7
20972	-1246622400	19
20972	-1243944000	20.5
20972	-1241265600	19.1
20973	-944049600	15.1
20973	-941544000	18.5
20973	-938865600	20.3
20973	-936273600	21.2
20973	-933595200	23.4
20973	-931003200	28.7
20973	-928324800	30.3
20973	-925646400	24.9
20973	-923054400	19.5
20973	-920376000	16.3
20973	-917784000	12.6
20973	-915105600	12.2
20973	-912427200	14.1
20973	-910008000	15.9
20973	-907329600	17.1
20973	-904737600	19.7
20973	-902059200	24.7
20973	-899467200	28.6
20973	-896788800	29.1
20973	-894110400	26.2
20973	-891518400	23
20973	-888840000	16.7
20973	-886248000	12.1
20973	-883569600	10.5
20973	-880891200	11.7
20973	-878472000	16.4
20973	-875793600	18.7
20973	-873201600	24.6
20973	-870523200	25
20973	-867931200	30.3
20973	-865252800	29.5
20973	-862574400	24.9
20973	-859982400	22.6
20973	-857304000	16
20973	-854712000	12.9
20973	-852033600	11.2
20973	-849355200	12.2
20973	-846936000	15.1
20973	-844257600	19.3
20973	-841665600	23
20973	-838987200	28.3
20973	-836395200	27.3
20973	-833716800	30.7
20973	-831038400	24.2
20973	-828446400	20.7
20973	-825768000	13.4
20973	-823176000	11.1
20973	-820497600	11.8
20973	-817819200	13
20973	-815313600	16.1
20973	-812635200	21.2
20973	-810043200	23.1
20973	-807364800	23.5
20973	-804772800	29.3
20973	-802094400	28.3
20973	-799416000	24.5
20973	-796824000	20.9
20973	-794145600	16.6
20973	-791553600	11.8
20973	-788875200	9.2
20973	-786196800	14.9
20973	-783777600	18.2
20973	-781099200	23.6
20973	-778507200	23
20973	-775828800	26.1
20973	-773236800	28.2
20973	-770558400	26.5
20973	-767880000	28.1
20973	-765288000	23.4
20973	-762609600	19
20973	-760017600	16.1
20973	-757339200	12.4
20973	-754660800	14.8
20973	-752241600	16.2
20973	-749563200	17.1
20973	-746971200	18.9
20973	-744292800	25.2
20973	-741700800	32
20973	-739022400	29.2
20973	-736344000	26.6
20973	-733752000	22.3
20973	-731073600	16.3
20973	-728481600	11.7
20973	-725803200	11.8
20973	-723124800	13.2
20973	-720705600	18.8
20973	-718027200	21.8
20973	-715435200	20.9
20973	-712756800	25.5
20973	-710164800	26.6
20973	-707486400	27.6
20973	-704808000	26
20973	-702216000	21.8
20973	-699537600	19.7
20973	-696945600	11.8
20973	-694267200	12.7
20973	-691588800	15
20973	-689083200	17.2
20973	-686404800	17.1
20973	-683812800	20
20973	-681134400	27.2
20973	-678542400	30.2
20973	-675864000	30.2
20973	-673185600	26.2
20973	-670593600	20.5
20973	-667915200	19
20973	-665323200	14.1
20973	-662644800	11.7
20973	-659966400	13.9
20973	-657547200	14.9
20973	-654868800	19
20973	-652276800	19.9
20973	-649598400	24.8
20973	-647006400	29.2
20973	-644328000	31.5
20973	-641649600	25.1
20973	-639057600	22.9
20973	-636379200	17.6
20973	-633787200	12.9
20973	-631108800	11.1
20973	-628430400	14.3
20973	-626011200	17.8
20973	-623332800	18.5
20973	-620740800	21.5
20973	-618062400	24.9
20973	-615470400	31
20973	-612792000	28.6
20973	-610113600	25.2
20973	-607521600	20
20973	-604843200	17.5
20973	-602251200	11.9
20973	-599572800	10.6
20973	-596894400	11.5
20973	-594475200	16.8
20973	-591796800	18.6
20973	-589204800	19.1
20973	-586526400	25.8
20973	-583934400	27.2
20973	-581256000	27.6
20973	-578577600	26.3
20973	-575985600	19
20973	-573307200	16.1
20973	-570715200	12.3
20973	-568036800	9.5
20973	-565358400	12.8
20973	-562852800	18.1
20973	-560174400	16.3
20973	-557582400	20.1
20973	-554904000	25.1
20973	-552312000	27.1
20973	-549633600	28
20973	-546955200	23.2
20973	-544363200	22.4
20973	-541684800	18.3
20973	-539092800	12.2
20973	-536414400	11.6
20973	-533736000	11.7
20973	-531316800	13.6
20973	-528638400	18.1
20973	-526046400	23.6
20973	-523368000	22.4
20973	-520776000	27.9
20973	-518097600	29.2
20973	-515419200	23.8
20973	-512827200	19
20973	-510148800	17.3
20973	-507556800	12.9
20973	-504878400	10.2
20973	-502200000	10.7
20973	-499780800	13.6
20973	-497102400	14
20973	-494510400	20.6
20973	-491832000	22.7
20973	-489240000	28.9
20973	-486561600	27
20973	-483883200	25.9
20973	-481291200	23.5
20973	-478612800	17.3
20973	-476020800	11.8
20973	-473342400	13.3
20973	-470664000	14.4
20973	-468244800	14.1
20973	-465566400	19.2
20973	-462974400	24.2
20973	-460296000	25.2
20973	-457704000	26.3
20973	-455025600	27.1
20973	-452347200	25.8
20973	-449755200	20.3
20973	-447076800	17.3
20973	-444484800	12.4
20973	-441806400	10.9
20973	-439128000	10.1
20973	-436622400	12.7
20973	-433944000	15.1
20973	-431352000	20.1
20973	-428673600	23.6
20973	-426081600	27.2
20973	-423403200	26
20973	-420724800	23.5
20973	-418132800	22.2
20973	-415454400	13.5
20973	-412862400	10.6
20973	-410184000	9.9
20973	-407505600	14
20973	-405086400	17.5
20973	-402408000	15.6
20973	-399816000	19.4
20973	-397137600	23.2
20973	-394545600	28.5
20973	-391867200	28
20973	-389188800	25.2
20973	-386596800	18.8
20973	-383918400	14
20973	-381326400	9.9
20973	-378648000	11
20973	-375969600	15.4
20973	-373550400	15.8
20973	-370872000	17.1
20973	-368280000	21.5
20973	-365601600	22.3
20973	-363009600	26.1
20973	-360331200	28
20973	-357652800	25.9
20973	-355060800	21.2
20973	-352382400	14.5
20973	-349790400	11.9
20973	-347112000	12.7
20973	-344433600	11.5
20973	-342014400	15.1
20973	-339336000	17.9
20973	-336744000	19
20973	-334065600	23.5
20973	-331473600	26.7
20973	-328795200	28.3
20973	-326116800	22.5
20973	-323524800	19.5
20973	-320846400	14.8
20973	-318254400	12.2
20973	-315576000	11.7
20973	-312897600	14.9
20973	-310392000	15.9
20973	-307713600	17.9
20973	-305121600	20.7
20973	-302443200	23
20973	-299851200	26.8
20973	-297172800	27.6
20973	-294494400	24.5
20973	-291902400	18.6
20973	-289224000	16.6
20973	-286632000	9.6
20973	-283953600	9.8
20973	-281275200	15.7
20973	-278856000	18
20973	-276177600	19.3
20974	-1259582400	14.8
20974	-1257163200	16.6
20974	-1254484800	16.9
20974	-1251892800	19.5
20974	-1249214400	20
20974	-1246622400	22.1
20974	-1243944000	25.2
20974	-1241265600	21.9
20974	-1238673600	23.5
20974	-1235995200	19.9
20975	-1072958400	11.2
20975	-1070280000	13.4
20975	-1067774400	14.8
20975	-1065096000	20
20975	-1062504000	20.2
20975	-1059825600	31.3
20975	-1057233600	30.2
20975	-1054555200	26.5
20975	-1051876800	18.6
20976	757425600	11.1
20976	760104000	12.3
20976	762523200	15.6
20976	765201600	15.8
20977	-278856000	15.3
20977	-276177600	15.4
20978	428587200	21.9
20978	431265600	22.3
20978	433857600	20.6
20978	436536000	18.1
20979	-736344000	26.6
20979	-733752000	21.6
20979	-731073600	15.5
20979	-728481600	11
20979	-725803200	10.8
20979	-723124800	11.6
20979	-720705600	16.3
20979	-718027200	19.2
20979	-715435200	20.1
20979	-712756800	26.1
20979	-710164800	28
20979	-707486400	28.6
20979	-704808000	26
20979	-702216000	21.7
20979	-699537600	19.7
20979	-696945600	11.2
20979	-694267200	11.2
20979	-691588800	13.5
20979	-689083200	15.6
20979	-686404800	15.9
20979	-683812800	18.4
20979	-681134400	27.1
20979	-678542400	30.7
20980	-1235995200	18
20980	-1233403200	15.1
20980	-1230724800	12.6
20980	-1228046400	13.2
20980	-1225627200	14.9
20980	-1222948800	16
20980	-1220356800	16.3
20980	-1217678400	18.4
20980	-1215086400	18.2
20980	-1212408000	18.3
20980	-1209729600	19.1
20980	-1207137600	19.6
20980	-1204459200	17.3
20980	-1201867200	13.8
20980	-1199188800	13.5
20980	-1196510400	14.7
20980	-1194004800	15.9
20980	-1191326400	15.3
20980	-1188734400	16.7
20980	-1186056000	17.5
20980	-1183464000	18.3
20980	-1180785600	19
20980	-1178107200	19.1
20980	-1175515200	16.9
20980	-1172836800	16.9
20980	-1170244800	14
20980	-1167566400	13.2
20980	-1164888000	14.2
20980	-1162468800	14.3
20980	-1159790400	16.6
20980	-1157198400	17.7
20980	-1154520000	17.8
20980	-1151928000	18.2
20980	-1149249600	20
20980	-1146571200	18.7
20980	-1143979200	19.1
20980	-1141300800	15.1
20980	-1138708800	13.5
20980	-1136030400	12
20980	-1133352000	13.8
20980	-1130932800	13.1
20980	-1128254400	15.3
20980	-1125662400	16.6
20980	-1122984000	18
20980	-1120392000	18.9
20980	-1117713600	18
20980	-1115035200	18.3
20980	-1112443200	18
20980	-1109764800	15.8
20980	-1107172800	14.9
20980	-1104494400	12.6
20980	-1101816000	11.6
20980	-1099396800	14.8
20980	-1096718400	16.2
20980	-1094126400	16
20980	-1091448000	17.3
20980	-1088856000	19.1
20980	-1086177600	18.5
20980	-1083499200	18.1
20980	-1080907200	15.9
20980	-1078228800	15.5
20980	-1075636800	14.4
20980	-1072958400	15.1
20980	-1070280000	15.9
20980	-1067774400	15.4
20980	-1065096000	16.4
20980	-1062504000	16.2
20980	-1059825600	17.4
20980	-1057233600	18.1
20980	-1054555200	19.5
20980	-1051876800	19.9
20980	-1049284800	17.2
20980	-1046606400	14.7
20980	-1044014400	13.8
20980	-1041336000	13.4
20980	-1038657600	14.5
20980	-1036238400	14.5
20980	-1033560000	16.3
20980	-1030968000	16.8
20980	-1028289600	17.6
20980	-1025697600	18.8
20980	-1023019200	19.6
20980	-1020340800	19.7
20980	-1017748800	19.7
20980	-1015070400	19
20980	-1012478400	15.2
20980	-1009800000	13
20980	-1007121600	14.6
20980	-1004702400	16
20980	-1002024000	17.4
20980	-999432000	17.2
20980	-996753600	18
20980	-994161600	18
20980	-991483200	18.5
20980	-988804800	18.1
20980	-986212800	18.2
20980	-983534400	17.3
20980	-980942400	14.2
20980	-978264000	13.9
20980	-975585600	13.9
20980	-973166400	14.6
20980	-970488000	15.4
20980	-967896000	16.5
20980	-965217600	18.8
20980	-962625600	19.7
20980	-959947200	19.2
20980	-957268800	20
20980	-954676800	18.6
20980	-951998400	16.3
20980	-949406400	14.6
20980	-946728000	15
20980	-944049600	16.2
20980	-941544000	18
20980	-938865600	16.9
20980	-936273600	17
20980	-933595200	18.5
20980	-931003200	18.9
20980	-928324800	22.8
20980	-925646400	19.3
20980	-923054400	18
20980	-920376000	16.2
20980	-917784000	13.4
20980	-915105600	13.7
20980	-912427200	14.5
20980	-910008000	15.3
20980	-907329600	16.1
20980	-904737600	16.7
20980	-902059200	18.5
20980	-899467200	20.9
20980	-896788800	20.2
20980	-894110400	19.2
20980	-891518400	20.6
20980	-888840000	17.5
20980	-886248000	14.1
20980	-883569600	13.8
20980	-880891200	13.9
20980	-878472000	16.1
20980	-875793600	17.1
20980	-873201600	18.9
20980	-870523200	20.5
20980	-867931200	20.7
20980	-865252800	21.1
20980	-862574400	19.9
20980	-859982400	19.7
20980	-857304000	17
20980	-854712000	15.5
20980	-852033600	13.7
20980	-849355200	13.4
20980	-846936000	15.6
20980	-844257600	16.6
20980	-841665600	17.6
20980	-838987200	18.4
20980	-836395200	19.3
20980	-833716800	19.9
20980	-831038400	19.3
20980	-828446400	18.1
20980	-825768000	14.5
20980	-823176000	13.4
20980	-820497600	13.2
20980	-817819200	14
20980	-815313600	14.5
20980	-812635200	16.8
20980	-810043200	18.8
20980	-807364800	19.9
20980	-804772800	19.5
20980	-802094400	19.3
20980	-799416000	19.9
20980	-796824000	18.1
20980	-794145600	16.3
20980	-791553600	13.6
20980	-788875200	11.9
20980	-786196800	13.6
20980	-783777600	14.5
20980	-781099200	18.2
20980	-778507200	17.9
20980	-775828800	19
20980	-773236800	19.7
20980	-770558400	18.2
20980	-767880000	18.6
20980	-765288000	19.5
20980	-762609600	18.3
20980	-760017600	16.8
20980	-757339200	13.8
20980	-754660800	14.3
20980	-752241600	14.5
20980	-749563200	15.7
20980	-746971200	16.6
20980	-744292800	18.2
20980	-741700800	19.3
20980	-739022400	18.6
20980	-736344000	19
20980	-733752000	17.7
20980	-731073600	17.3
20980	-728481600	13.2
20980	-725803200	13.6
20980	-723124800	14.5
20980	-720705600	17.5
20980	-718027200	17.2
20980	-715435200	16.9
20980	-712756800	18.2
20980	-710164800	18.6
20980	-707486400	19.6
20980	-704808000	19.9
20980	-702216000	18.8
20980	-699537600	17.7
20980	-696945600	14.8
20980	-694267200	15.4
20980	-691588800	14.4
20980	-689083200	16.5
20980	-686404800	16.3
20980	-683812800	17.6
20980	-681134400	19
20980	-678542400	18.9
20980	-675864000	18.9
20980	-673185600	19.9
20980	-670593600	18.1
20980	-667915200	17.4
20980	-665323200	16.7
20980	-662644800	14.9
20980	-659966400	15
20980	-657547200	15.8
20980	-654868800	18.7
20980	-652276800	17.6
20980	-649598400	18.8
20980	-647006400	19.9
20980	-644328000	20.3
20980	-641649600	20.4
20980	-639057600	18.9
20980	-636379200	16.5
20980	-633787200	16.3
20980	-631108800	14.5
20980	-628430400	14.7
20980	-626011200	15.8
20980	-623332800	16.6
20980	-620740800	17.4
20980	-618062400	18.5
20980	-615470400	19
20980	-612792000	18.8
20980	-610113600	19.2
20980	-607521600	19.3
20980	-604843200	19.1
20980	-602251200	15.6
20980	-599572800	14
20980	-596894400	14.1
20980	-594475200	16.6
20980	-591796800	16.1
20980	-589204800	16.7
20981	-270907200	22.2
20981	-268315200	30.6
20981	-265636800	29.8
20981	-262958400	24.8
20981	-260366400	20.7
20981	-257688000	15.4
20981	-255096000	14.5
20981	-252417600	12.7
20981	-249739200	12.1
20981	-247320000	14.4
20981	-244641600	17.5
20981	-242049600	21.6
20981	-239371200	23.3
20981	-236779200	28
20981	-234100800	30.5
20981	-231422400	25.2
20981	-228830400	21.1
20981	-226152000	13.4
20981	-223560000	12.2
20981	-220881600	12.6
20981	-218203200	11.7
20981	-215784000	15.1
20981	-213105600	17
20981	-210513600	18.3
20981	-207835200	21.6
20981	-205243200	27
20981	-202564800	25.8
20981	-199886400	22.3
20981	-197294400	22.4
20981	-194616000	16.8
20981	-192024000	11.7
20981	-189345600	11.8
20981	-186667200	13.3
20981	-184161600	15.4
20981	-181483200	15.3
20981	-178891200	24
20981	-176212800	23.4
20981	-173620800	27.8
20981	-170942400	27.2
20981	-168264000	26.5
20981	-165672000	21.3
20981	-162993600	15.9
20981	-160401600	10.1
20981	-157723200	9.8
20981	-155044800	12.3
20981	-152625600	17
20981	-149947200	16.5
20981	-147355200	23.1
20981	-144676800	25.8
20981	-142084800	25.2
20981	-139406400	27.7
20981	-136728000	22
20981	-134136000	19.2
20981	-131457600	14.9
20981	-128865600	11.4
20981	-126187200	13.1
20981	-123508800	15.2
20981	-121089600	15.2
20981	-118411200	18.9
20981	-115819200	22.1
20981	-113140800	24.1
20981	-110548800	25.2
20981	-107870400	28.5
20981	-105192000	25.7
20981	-102600000	18.4
20981	-99921600	12.8
20981	-97329600	11.3
20981	-94651200	11.8
20981	-91972800	12.2
20981	-89553600	17.1
20981	-86875200	15.7
20981	-84283200	19.5
20981	-81604800	23.6
20981	-79012800	29.8
20981	-76334400	28.9
20981	-73656000	23.9
20981	-71064000	19.9
20981	-68385600	14.1
20981	-65793600	9.7
20981	-63115200	10.4
20981	-60436800	11.9
20981	-57931200	12.5
20981	-55252800	15.5
20981	-52660800	20.3
20981	-49982400	24
20981	-47390400	28.5
20981	-44712000	25.8
20981	-42033600	25.3
20981	-39441600	23.9
20981	-36763200	16.6
20981	-34171200	11.4
20981	-31492800	13.6
20981	-28814400	14.4
20981	-26395200	15.3
20981	-23716800	14.6
20981	-21124800	19
20981	-18446400	22.7
20981	-15854400	29.8
20981	-13176000	26.9
20981	-10497600	21.9
20981	-7905600	19.8
20981	-5227200	16.6
20981	-2635200	10.3
20981	43200	12.7
20981	2721600	13.3
20981	5140800	13.4
20981	7819200	18
20981	10411200	21.7
20981	13089600	22.6
20981	15681600	29.7
20981	18360000	26.8
20981	21038400	25.8
20981	23630400	20
20981	26308800	16.9
20981	28900800	10.9
20981	31579200	11.9
20981	34257600	13.1
20981	36676800	12.7
20981	39355200	14
20981	41947200	15.6
20981	44625600	22.3
20981	47217600	26
20981	49896000	26.6
20981	52574400	23.7
20981	55166400	23.1
20981	57844800	13.7
20981	60436800	10.3
20981	63115200	10.1
20981	65793600	11.1
20981	68299200	12.2
20981	70977600	16.3
20981	73569600	18.7
20981	76248000	20.9
20981	78840000	25.3
20981	81518400	24.6
20981	84196800	21.7
20981	86788800	19.9
20981	89467200	15.1
20981	92059200	11
20981	94737600	10.7
20981	97416000	12.1
20981	99835200	15.1
20981	102513600	17.9
20981	105105600	21
20981	107784000	22.2
20981	110376000	26.5
20981	113054400	28.7
20981	115732800	25.2
20981	118324800	20.1
20981	121003200	16.8
20981	123595200	9.8
20981	126273600	11.4
20981	128952000	12
20981	131371200	12.6
20981	134049600	13.2
20981	136641600	20.4
20981	139320000	18.2
20981	141912000	28.6
20981	144590400	28.7
20981	147268800	24.2
20981	149860800	18.5
20981	152539200	16.4
20981	155131200	12
20981	157809600	12.4
20981	160488000	13.7
20981	162907200	14.1
20981	165585600	15.6
20981	168177600	17.4
20981	170856000	21.3
20981	173448000	31
20981	176126400	28.7
20981	178804800	23.6
20981	181396800	21.1
20981	184075200	14.8
20981	186667200	12
20981	189345600	11
20981	192024000	12.7
20981	194529600	14.1
20981	197208000	13.7
20981	199800000	17.6
20981	202478400	23.9
20981	205070400	24.7
20981	207748800	28.9
20981	210427200	23.3
20981	213019200	19.1
20981	215697600	14.6
20981	218289600	13.1
20981	220968000	11.5
20981	223646400	13.8
20981	226065600	17.7
20981	228744000	20.2
20981	231336000	20
20981	234014400	21.9
20981	236606400	23.9
20981	239284800	24.6
20981	241963200	24
20981	244555200	19
20981	247233600	15.5
20981	249825600	13.9
20981	252504000	11.2
20981	255182400	14.4
20981	257601600	15.7
20981	260280000	16.7
20981	262872000	18.1
20981	265550400	20.9
20981	268142400	30
20981	270820800	27.4
20981	273499200	27.5
20981	276091200	20.2
20981	278769600	16.5
20981	281361600	13.7
20981	284040000	13.2
20981	286718400	13.6
20981	289137600	14.1
20981	291816000	17.8
20981	294408000	21.8
20981	297086400	22.6
20981	299678400	26.8
20981	302356800	26.6
20981	305035200	23.5
20981	307627200	18.7
20981	310305600	16.9
20981	312897600	12.6
20981	315576000	11.9
20981	318254400	14.5
20981	320760000	15.7
20981	323438400	19
20981	326030400	20.2
20981	328708800	24.9
20981	331300800	29.5
20981	333979200	29.6
20981	336657600	25.8
20981	339249600	21.5
20981	341928000	15.7
20981	344520000	11.1
20981	347198400	11.7
20982	-1230724800	13.1
20982	-1228046400	12.7
20982	-1225627200	16.5
20982	-1222948800	16.7
20982	-1220356800	18.6
20982	-1217678400	19.8
20982	-1215086400	21.1
20982	-1212408000	21.1
20982	-1209729600	21.8
20982	-1207137600	23.7
20982	-1204459200	17.5
20982	-1201867200	13.6
20982	-1199188800	14.1
20982	-1196510400	14.4
20982	-1194004800	17.1
20982	-1191326400	18.6
20982	-1188734400	18.9
20982	-1186056000	20.4
20982	-1183464000	21.6
20982	-1180785600	23.2
20982	-1178107200	20.6
20982	-1175515200	18.2
20982	-1172836800	19.1
20982	-1170244800	13.7
20982	-1167566400	13.5
20982	-1164888000	15.8
20982	-1162468800	15.2
20982	-1159790400	18.6
20982	-1157198400	22.6
20982	-1154520000	20.8
20982	-1151928000	21.7
20982	-1149249600	23.1
20983	-1044014400	9.1
20983	-1041336000	9.4
20983	-1038657600	14.6
20983	-1036238400	17
20983	-1033560000	23
20983	-1030968000	23.4
20983	-1028289600	21.7
20984	773064000	23.6
20984	775742400	23
20984	778420800	20.6
20984	781012800	19.8
20984	783691200	16.4
20985	-270907200	20.4
20985	-268315200	26.4
20985	-265636800	25.6
20985	-262958400	22.7
20985	-260366400	17.6
20985	-257688000	13.4
20985	-255096000	13.3
20985	-252417600	10.4
20985	-249739200	9.6
20985	-247320000	11.6
20985	-244641600	14.3
20985	-242049600	18.4
20985	-239371200	21.3
20985	-236779200	24.9
20985	-234100800	27.6
20985	-231422400	23.4
20985	-228830400	19.4
20985	-226152000	11.1
20985	-223560000	10.4
20985	-220881600	10.9
20985	-218203200	9.6
20985	-215784000	12.6
20985	-213105600	14.5
20985	-210513600	16.4
20985	-207835200	20
20985	-205243200	24
20985	-202564800	24.4
20985	-199886400	20.1
20985	-197294400	19.6
20985	-194616000	15.1
20985	-192024000	10.7
20985	-189345600	9.6
20985	-186667200	11.3
20985	-184161600	12.7
20985	-181483200	13.2
20985	-178891200	20.9
20985	-176212800	21.6
20985	-173620800	24.6
20985	-170942400	24.6
20985	-168264000	25.4
20985	-165672000	18.3
20985	-162993600	13.8
20985	-160401600	8.5
20985	-157723200	8.5
20985	-155044800	10.2
20985	-152625600	13.7
20985	-149947200	13.7
20985	-147355200	19.9
20985	-144676800	22.9
20985	-142084800	21.9
20985	-139406400	25.2
20985	-136728000	19.5
20985	-134136000	17.8
20985	-131457600	12.9
20985	-128865600	10.1
20985	-126187200	12
20985	-123508800	13.3
20985	-121089600	12.3
20985	-118411200	15.1
20985	-115819200	19.6
20985	-113140800	21.2
20985	-110548800	22.4
20985	-107870400	24.9
20985	-105192000	23.6
20985	-102600000	16
20985	-99921600	10.3
20985	-97329600	9.7
20985	-94651200	9.6
20985	-91972800	10.9
20985	-89553600	13.7
20985	-86875200	13.6
20985	-84283200	17.3
20985	-81604800	21.1
20985	-79012800	25.8
20985	-76334400	25.5
20985	-73656000	21.1
20985	-71064000	18.1
20985	-68385600	12.7
20985	-65793600	8.4
20985	-63115200	9.1
20985	-60436800	10.3
20985	-57931200	11.2
20985	-55252800	14
20985	-52660800	17.4
20985	-49982400	21.9
20985	-47390400	25.6
20985	-44712000	23.4
20985	-42033600	21.4
20985	-39441600	21.2
20985	-36763200	14.8
20985	-34171200	10.2
20985	-31492800	11.9
20985	-28814400	12
20985	-26395200	13
20985	-23716800	12.4
20985	-21124800	16.7
20985	-18446400	20.1
20985	-15854400	26.4
20985	-13176000	24.4
20985	-10497600	19
20985	-7905600	17.6
20985	-5227200	14.3
20985	-2635200	8.2
20985	43200	11.6
20985	2721600	11.2
20985	5140800	11.5
20985	7819200	14.5
20985	10411200	18.7
20985	13089600	20
20985	15681600	26.1
20985	18360000	23.4
20985	21038400	24
20985	23630400	17.7
20985	26308800	15.9
20985	28900800	9.3
20985	31579200	10.3
20985	34257600	11.4
20985	36676800	11.1
20985	39355200	12.5
20985	41947200	13.7
20985	44625600	19.2
20985	47217600	23.1
20985	49896000	22.7
20985	52574400	21.5
20985	55166400	20.8
20985	57844800	11.1
20985	60436800	8.9
20985	63115200	8.6
20985	65793600	9.5
20985	68299200	10.7
20985	70977600	13.5
20985	73569600	15.2
20985	76248000	18
20985	78840000	22
20985	81518400	22.2
20985	84196800	19.2
20985	86788800	17.7
20985	89467200	13.5
20985	92059200	9.5
20985	94737600	9
20985	97416000	9.3
20985	99835200	11.4
20985	102513600	14.5
20985	105105600	18.2
20985	107784000	20
20985	110376000	23.7
20985	113054400	26.2
20985	115732800	21.5
20985	118324800	17.2
20985	121003200	15
20985	123595200	9
20985	126273600	10.1
20985	128952000	10.1
20985	131371200	10.4
20985	134049600	10.9
20985	136641600	17.4
20985	139320000	20.4
20985	141912000	26.2
20985	144590400	25.6
20985	147268800	21
20985	149860800	15.3
20985	152539200	14.1
20985	155131200	11.2
20985	157809600	10.4
20985	160488000	11.6
20985	162907200	10.8
20985	165585600	13.2
20985	168177600	14.7
20985	170856000	18.8
20985	173448000	26.7
20985	176126400	25.6
20985	178804800	20.8
20985	181396800	15.6
20985	184075200	12.7
20985	186667200	9.8
20985	189345600	8.6
20985	192024000	10.7
20985	194529600	11.2
20985	197208000	11.8
20985	199800000	15.8
20985	202478400	22.3
20985	205070400	23
20985	207748800	26
20985	210427200	20.1
20985	213019200	15.9
20985	215697600	11.7
20985	218289600	12
20985	220968000	10.2
20985	223646400	11.2
20985	226065600	14.2
20985	228744000	16.4
20985	231336000	16.3
20985	234014400	14.8
20985	236606400	20.8
20985	239284800	21.6
20985	241963200	22.6
20985	244555200	17
20985	247233600	10.4
20985	249825600	12.8
20985	252504000	9.5
20985	255182400	12.8
20985	257601600	12.2
20985	260280000	17
20985	262872000	15.3
20985	265550400	17.4
20985	268142400	26.3
20985	270820800	25
20985	273499200	24.8
20985	276091200	18.4
20985	278769600	14.2
20985	281361600	12.7
20985	284040000	11.7
20985	286718400	11.5
20985	289137600	11.4
20985	291816000	13.7
20985	294408000	17
20985	297086400	20.4
20985	299678400	24.4
20985	302356800	24.3
20985	305035200	21.5
20985	307627200	16.6
20985	310305600	13.4
20985	312897600	10.6
20985	315576000	9.7
20985	318254400	11.7
20985	320760000	12.2
20985	323438400	15.3
20985	326030400	16.3
20985	328708800	21.4
20985	331300800	25.3
20985	333979200	25.8
20985	336657600	24.4
20985	339249600	17.8
20985	341928000	13.3
20985	344520000	9.1
20985	347198400	8.9
20986	-673185600	26.1
20986	-670593600	19.7
20986	-667915200	18.4
20986	-665323200	12.9
20986	-662644800	11.5
20986	-659966400	12.5
20986	-657547200	15.1
20986	-654868800	19
20986	-652276800	20.6
20986	-649598400	27
20987	-578577600	19.3
20987	-575985600	17.9
20987	-573307200	17.5
20987	-570715200	16
20987	-568036800	13.1
20987	-565358400	14.6
20987	-562852800	16.9
20987	-560174400	15.8
20987	-557582400	17.6
20987	-554904000	20
20988	-1117713600	21.2
20988	-1115035200	21.4
20988	-1112443200	20.9
20988	-1109764800	17.7
20988	-1107172800	16
20988	-1104494400	12.8
20988	-1101816000	15.7
20988	-1099396800	19.1
20989	-1020340800	25.8
20989	-1017748800	19.2
20989	-1015070400	15.7
20990	788961600	11.7
20990	791640000	13.7
20990	794059200	15.6
20991	449668800	17.4
20991	452260800	16.2
20991	454939200	19.9
20991	457531200	22.2
20992	-641649600	25.2
20992	-639057600	22.8
20992	-636379200	16.3
20993	-549633600	19.2
20993	-546955200	19.3
20993	-544363200	19.4
20993	-541684800	18
20993	-539092800	15.2
20993	-536414400	15.3
20993	-533736000	14.2
20993	-531316800	15.4
20993	-528638400	17.1
20993	-526046400	18.6
20993	-523368000	18.9
20993	-520776000	19.3
20993	-518097600	20
20993	-515419200	20.3
20993	-512827200	19.1
20993	-510148800	17.5
20993	-507556800	16.3
20993	-504878400	13.6
20993	-502200000	13.4
20993	-499780800	15
20993	-497102400	15.3
20993	-494510400	17.5
20993	-491832000	18.2
20993	-489240000	18.7
20993	-486561600	19.1
20993	-483883200	18.2
20993	-481291200	18.7
20993	-478612800	18.1
20993	-476020800	15.2
20993	-473342400	15.3
20993	-470664000	16.1
20993	-468244800	15.4
20993	-465566400	17.6
20993	-462974400	18.6
20993	-460296000	20.2
20993	-457704000	19.7
20993	-455025600	20.6
20993	-452347200	19.8
20993	-449755200	19.2
20993	-447076800	18.5
20993	-444484800	15.8
20993	-441806400	14.4
20993	-439128000	13.6
20993	-436622400	14.3
20993	-433944000	15.8
20993	-431352000	18.4
20993	-428673600	18.3
20993	-426081600	18.8
20993	-423403200	19.2
20993	-420724800	18.9
20993	-418132800	19.4
20993	-415454400	15.9
20993	-412862400	13.3
20993	-410184000	13.3
20993	-407505600	14.5
20993	-405086400	16.4
20993	-402408000	15.8
20993	-399816000	16.7
20993	-397137600	18.1
20993	-394545600	20
20993	-391867200	20
20993	-389188800	19.6
20993	-386596800	18.9
20993	-383918400	16.4
20993	-381326400	14.1
20993	-378648000	15.1
20993	-375969600	15.4
20993	-373550400	15.4
20993	-370872000	16.4
20993	-368280000	18.5
20993	-365601600	18.3
20993	-363009600	18.5
20994	-1004702400	13.9
20994	-1002024000	17.5
20994	-999432000	21
20994	-996753600	27.7
20994	-994161600	30.3
20994	-991483200	30.1
20994	-988804800	25.5
20994	-986212800	20.4
20994	-983534400	15.5
20994	-980942400	10.5
20994	-978264000	10
20994	-975585600	10.2
20994	-973166400	14.2
20994	-970488000	17
20995	799329600	20.1
20995	802008000	21.1
20996	-357652800	19.4
20996	-355060800	19
20996	-352382400	16.5
20996	-349790400	15.6
20996	-347112000	15.7
20996	-344433600	13.9
20996	-342014400	16
20996	-339336000	16.2
20996	-336744000	16.9
20996	-334065600	18.1
20996	-331473600	19.5
20996	-328795200	19.9
20996	-326116800	19.3
20996	-323524800	19
20996	-320846400	16.2
20996	-318254400	14.3
20996	-315576000	14.2
20996	-312897600	15.8
20996	-310392000	17
20996	-307713600	16.2
20996	-305121600	17.5
20996	-302443200	18.6
20996	-299851200	18.9
20996	-297172800	18.7
20996	-294494400	18.9
20996	-291902400	18.3
20996	-289224000	18.1
20996	-286632000	13.5
20997	370785600	22.1
20997	373464000	19.6
20998	-1080907200	19.3
20998	-1078228800	17.5
20998	-1075636800	15.7
20998	-1072958400	17.2
20999	-965217600	25.4
20999	-962625600	30
20999	-959947200	28
20999	-957268800	26.3
20999	-954676800	19.3
20999	-951998400	14.2
20999	-949406400	11
20999	-946728000	9.8
20999	-944049600	12.7
20999	-941544000	16.1
20999	-938865600	19.7
20999	-936273600	22.3
20999	-933595200	25.5
20999	-931003200	29.4
21000	807278400	23.7
21000	809956800	21.3
21000	812548800	20.6
21000	815227200	18.2
21000	817819200	15.5
21000	820497600	14.6
21000	823176000	13.1
21001	370785600	19.9
21001	373464000	17.4
21002	468158400	15.8
21002	470750400	13.8
21002	473428800	11.8
21002	476107200	14.7
21002	478526400	13.5
21002	481204800	16.6
21002	483796800	17.4
21002	486475200	20.6
21002	489067200	22.4
21002	491745600	22.3
21002	494424000	22.3
21002	497016000	20.1
21002	499694400	17.4
21002	502286400	14.1
21002	504964800	12.8
21002	507643200	13.2
21002	510062400	13.7
21002	512740800	13.8
21002	515332800	18.4
21002	518011200	19.7
21002	520603200	22.3
21002	523281600	22
21002	525960000	22.2
21002	528552000	19.5
21002	531230400	15
21002	533822400	12.4
21002	536500800	13.5
21002	539179200	13.6
21002	541598400	15
21002	544276800	17.1
21002	546868800	18.6
21002	549547200	20.6
21002	552139200	22.6
21002	554817600	22.9
21002	557496000	23.8
21002	560088000	19.4
21002	562766400	16
21002	565358400	14.7
21002	568036800	12.8
21002	570715200	13.3
21002	573220800	14.6
21002	575899200	15.9
21002	578491200	17.6
21002	581169600	20
21002	583761600	22.6
21002	586440000	23.3
21002	589118400	22.5
21002	591710400	19.8
21002	594388800	17.2
21002	596980800	12.3
21002	599659200	14.6
21002	602337600	13.2
21003	-623332800	17.6
21003	-620740800	21.1
21003	-618062400	26.2
21004	757425600	12.9
21004	760104000	15.9
21004	762523200	16.7
21004	765201600	16.4
21005	-923054400	18.4
21005	-920376000	13.9
21005	-917784000	8.4
21005	-915105600	10.5
21005	-912427200	13.9
21005	-910008000	15.8
21005	-907329600	18
21005	-904737600	22.7
21005	-902059200	27.4
21005	-899467200	28.8
21005	-896788800	30
21005	-894110400	25.3
21005	-891518400	21.3
21005	-888840000	15.6
21005	-886248000	9.8
21006	830952000	19.6
21006	833630400	23.3
21006	836222400	23.8
21006	838900800	22.1
21006	841579200	21.2
21006	844171200	18.5
21006	846849600	15.7
21006	849441600	14.5
21006	852120000	13.9
21006	854798400	14.3
21006	857217600	16.9
21006	859896000	18.5
21006	862488000	19.5
21006	865166400	21
21006	867758400	22.3
21006	870436800	23.3
21006	873115200	23.3
21006	875707200	21
21006	878385600	17.5
21006	880977600	13.9
21006	883656000	13
21006	886334400	16.1
21006	888753600	16.7
21006	891432000	16.3
21006	894024000	18.4
21006	896702400	21.8
21006	899294400	23.2
21006	901972800	23.9
21006	904651200	22.5
21006	907243200	18.2
21006	909921600	16.1
21006	912513600	11.8
21006	915192000	11.5
21006	917870400	11.8
21006	920289600	14.6
21007	607435200	14.7
21007	610027200	18.5
21007	612705600	21
21007	615297600	23.9
21007	617976000	24.2
21007	620654400	22.4
21007	623246400	21.3
21007	625924800	17.1
21007	628516800	15.8
21007	631195200	11.9
21007	633873600	14.3
21007	636292800	15.8
21007	638971200	15.6
21007	641563200	18.7
21007	644241600	20.5
21007	646833600	23.2
21007	649512000	24.1
21007	652190400	22.8
21007	654782400	19.7
21007	657460800	16.1
21007	660052800	13.8
21007	662731200	11.6
21007	665409600	13.8
21007	667828800	14.1
21007	670507200	15.4
21007	673099200	17.7
21007	675777600	20.5
21007	678369600	23.2
21008	773064000	20.1
21008	775742400	20
21008	778420800	19.2
21008	781012800	18.9
21008	783691200	18
21009	-1059825600	21.5
21009	-1057233600	21.7
21009	-1054555200	21.6
21009	-1051876800	23.7
21010	-852033600	10.4
21010	-849355200	10.3
21010	-846936000	13.8
21011	925560000	19.2
21011	928238400	21.2
21011	930830400	23.3
21011	933508800	23.6
21011	936187200	21.8
21011	938779200	20.6
21011	941457600	14.7
21011	944049600	12.9
21011	946728000	10.8
21011	949406400	13.6
21012	402321600	21.9
21012	4.05e+08	13.4
21013	683726400	22.6
21013	686318400	18.1
21013	688996800	15.1
21013	691588800	12.3
21013	694267200	11.8
21013	696945600	13.8
21013	699451200	14.8
21013	702129600	16.3
21013	704721600	20.1
21013	707400000	19.4
21013	709992000	22.4
21013	712670400	23.2
21013	715348800	21.7
21013	717940800	18.7
21013	720619200	15.1
21013	723211200	14.2
21013	725889600	11.2
21013	728568000	13.5
21013	730987200	15.6
21013	733665600	16
21013	736257600	18
21013	738936000	20.4
21013	741528000	22.9
21014	-586526400	27.5
21014	-583934400	28.6
21014	-581256000	29
21014	-578577600	26.7
21014	-575985600	18.4
21015	788961600	15.2
21015	791640000	15.8
21015	794059200	16.4
21016	-1046606400	15.2
21016	-1044014400	14.4
21016	-1041336000	14.1
21016	-1038657600	16.2
21016	-1036238400	15.9
21016	-1033560000	19.7
21016	-1030968000	19.2
21016	-1028289600	22.4
21016	-1025697600	22.7
21016	-1023019200	24.1
21016	-1020340800	23
21017	-841665600	22.1
21017	-838987200	27
21017	-836395200	29.6
21017	-833716800	29.2
21017	-831038400	22.8
21017	-828446400	19.6
21017	-825768000	12.1
21017	-823176000	9.1
21017	-820497600	10.4
21017	-817819200	10.8
21017	-815313600	14.7
21017	-812635200	19.4
21017	-810043200	23.2
21017	-807364800	24.9
21017	-804772800	25.6
21017	-802094400	29
21017	-799416000	24.1
21017	-796824000	20.4
21018	954590400	16
21018	957182400	19.4
21018	959860800	22.2
21018	962452800	23.3
21018	965131200	24.1
21018	967809600	22.7
21018	970401600	18.2
21018	973080000	14.9
21018	975672000	14.2
21018	978350400	13.4
21018	981028800	13.4
21018	983448000	16.7
21018	986126400	16.8
21018	988718400	19
21018	991396800	21.9
21019	746884800	20.8
21019	749476800	18.4
21020	-570715200	12.5
21020	-568036800	9
21020	-565358400	12.1
21020	-562852800	16.6
21020	-560174400	15.9
21020	-557582400	21.7
21021	420638400	19
21021	423316800	25.8
21022	-1009800000	13.3
21022	-1007121600	16.6
21022	-1004702400	19.6
21023	-786196800	10.5
21023	-783777600	15.5
21023	-781099200	21.9
21023	-778507200	22.2
21023	-775828800	27.2
21024	996667200	22.8
21024	999345600	22.1
21024	1001937600	20.7
21024	1004616000	15.7
21024	1007208000	14.5
21024	1009886400	13.3
21024	1012564800	13.8
21024	1014984000	15.6
21025	420638400	16.2
21025	423316800	22.9
21026	754747200	13.3
21026	757425600	11.6
21026	760104000	12.8
21026	762523200	14.5
21026	765201600	15.6
21026	767793600	18.3
21026	770472000	20.6
21026	773064000	22.7
21026	775742400	22.3
21026	778420800	20.4
21026	781012800	19.6
21026	783691200	16.9
21026	786283200	14.2
21026	788961600	12.9
21026	791640000	14.4
21026	794059200	15.9
21026	796737600	17.4
21026	799329600	20
21026	802008000	20.8
21026	804600000	23.5
21026	807278400	23.2
21026	809956800	21.5
21026	812548800	20.9
21026	815227200	18.8
21026	817819200	15.9
21026	820497600	15.1
21026	823176000	13.1
21026	825681600	15
21026	828360000	17.2
21026	830952000	19
21026	833630400	22.3
21026	836222400	23.1
21026	838900800	22.4
21026	841579200	21.4
21026	844171200	19.3
21026	846849600	16.7
21026	849441600	14.9
21026	852120000	14.4
21026	854798400	15.1
21026	857217600	17
21026	859896000	18.5
21026	862488000	19.4
21026	865166400	21.2
21026	867758400	22.2
21026	870436800	23.3
21026	873115200	23
21026	875707200	21.4
21026	878385600	18
21026	880977600	14.7
21026	883656000	13.9
21026	886334400	16.2
21026	888753600	17.1
21026	891432000	16.7
21026	894024000	18.4
21026	896702400	21.2
21026	899294400	22.6
21026	901972800	23.4
21026	904651200	22.5
21026	907243200	18.9
21026	909921600	17
21026	912513600	12.9
21026	915192000	12.2
21026	917870400	12.5
21026	920289600	14.8
21026	922968000	17
21026	925560000	18.9
21026	928238400	21.2
21026	930830400	22.9
21026	933508800	23.6
21026	936187200	22.3
21026	938779200	20.4
21026	941457600	15.7
21026	944049600	13.4
21026	946728000	12
21026	949406400	14.8
21026	951912000	16.8
21026	954590400	16.3
21026	957182400	19.1
21026	959860800	21.5
21026	962452800	23
21026	965131200	23.9
21026	967809600	22.4
21026	970401600	18.6
21026	973080000	15.6
21026	975672000	15
21026	978350400	14
21026	981028800	14.1
21026	983448000	17.1
21026	986126400	17
21026	988718400	18.6
21026	991396800	21.5
21027	807278400	20.3
21027	809956800	19.7
21027	812548800	19.9
21027	815227200	19.6
21027	817819200	17.5
21027	820497600	17.2
21027	823176000	15.4
21028	428587200	25
21028	431265600	26.6
21028	433857600	24
21028	436536000	17.6
21029	-999432000	19.9
21029	-996753600	21.7
21029	-994161600	21.8
21029	-991483200	21.8
21029	-988804800	21.3
21029	-986212800	21.6
21029	-983534400	18.9
21029	-980942400	14.9
21029	-978264000	14.8
21029	-975585600	14.6
21029	-973166400	16
21029	-970488000	18.5
21029	-967896000	19
21029	-965217600	20.7
21029	-962625600	22
21029	-959947200	21.8
21029	-957268800	23
21029	-954676800	19.5
21029	-951998400	16.8
21029	-949406400	14.6
21029	-946728000	13.3
21029	-944049600	15.9
21029	-941544000	18.9
21029	-938865600	19.1
21029	-936273600	18.5
21029	-933595200	20.6
21029	-931003200	21.7
21029	-928324800	25.8
21029	-925646400	22.9
21029	-923054400	19.9
21029	-920376000	16.9
21029	-917784000	12.7
21029	-915105600	13.3
21029	-912427200	14.9
21029	-910008000	16.2
21029	-907329600	16.5
21029	-904737600	18.5
21029	-902059200	20.3
21029	-899467200	22.5
21029	-896788800	23
21029	-894110400	23
21029	-891518400	22.7
21029	-888840000	18.3
21029	-886248000	14.4
21029	-883569600	12
21029	-880891200	13.7
21029	-878472000	17
21029	-875793600	17.7
21029	-873201600	20
21029	-870523200	20.7
21029	-867931200	21.7
21029	-865252800	21.4
21029	-862574400	22
21029	-859982400	22.7
21029	-857304000	18
21029	-854712000	14.7
21029	-852033600	11.5
21029	-849355200	13.3
21029	-846936000	16.8
21029	-844257600	19
21029	-841665600	20.6
21029	-838987200	20.7
21029	-836395200	22.3
21029	-833716800	24.2
21029	-831038400	21.6
21029	-828446400	19.9
21029	-825768000	15
21029	-823176000	13.1
21029	-820497600	13.4
21029	-817819200	16.1
21029	-815313600	15.7
21029	-812635200	19.9
21029	-810043200	21.6
21029	-807364800	21.8
21029	-804772800	23
21029	-802094400	22
21029	-799416000	22
21029	-796824000	19.4
21029	-794145600	18.5
21029	-791553600	13.2
21029	-788875200	12
21029	-786196800	14.8
21029	-783777600	16.2
21029	-781099200	21.8
21029	-778507200	20.6
21029	-775828800	21.6
21029	-773236800	24.1
21029	-770558400	21.6
21029	-767880000	21.4
21029	-765288000	23.4
21029	-762609600	20.6
21029	-760017600	17.8
21029	-757339200	13.7
21029	-754660800	14.2
21029	-752241600	16
21029	-749563200	17.4
21029	-746971200	18.4
21029	-744292800	21.5
21029	-741700800	22.4
21029	-739022400	22.2
21029	-736344000	23.8
21029	-733752000	20
21029	-731073600	17.6
21029	-728481600	13
21029	-725803200	13.8
21029	-723124800	14.6
21029	-720705600	19.1
21029	-718027200	18.9
21029	-715435200	18.8
21029	-712756800	20.8
21029	-710164800	21.1
21029	-707486400	22.7
21029	-704808000	23.2
21029	-702216000	19.5
21029	-699537600	20.5
21029	-696945600	14.3
21029	-694267200	14.3
21029	-691588800	15.1
21029	-689083200	18.6
21029	-686404800	17.8
21029	-683812800	19.3
21029	-681134400	21.2
21029	-678542400	21.8
21029	-675864000	21.8
21029	-673185600	20.9
21029	-670593600	19.1
21029	-667915200	19.1
21029	-665323200	16.4
21029	-662644800	14.3
21029	-659966400	16
21029	-657547200	16
21029	-654868800	19.1
21029	-652276800	19.1
21029	-649598400	21
21029	-647006400	22.4
21029	-644328000	25.6
21029	-641649600	21.2
21029	-639057600	19
21029	-636379200	16.9
21029	-633787200	16.2
21029	-631108800	13.4
21029	-628430400	15.6
21029	-626011200	16.2
21029	-623332800	19.5
21029	-620740800	19.5
21029	-618062400	21
21029	-615470400	22.1
21029	-612792000	23
21029	-610113600	22
21029	-607521600	19.9
21029	-604843200	19.6
21029	-602251200	14.7
21029	-599572800	13.3
21029	-596894400	13.9
21029	-594475200	18.2
21029	-591796800	17.6
21029	-589204800	18.2
21029	-586526400	21.1
21029	-583934400	21.7
21029	-581256000	21
21029	-578577600	22.2
21029	-575985600	18.5
21029	-573307200	18.3
21029	-570715200	15.9
21029	-568036800	12.4
21029	-565358400	14.7
21029	-562852800	18.2
21029	-560174400	17.1
21029	-557582400	19.1
21029	-554904000	21.9
21029	-552312000	24.7
21029	-549633600	23
21029	-546955200	22
21029	-544363200	20.9
21029	-541684800	20.1
21029	-539092800	14.8
21029	-536414400	15
21029	-533736000	14.1
21029	-531316800	15.9
21029	-528638400	17.7
21029	-526046400	20.8
21029	-523368000	20.7
21029	-520776000	23.7
21029	-518097600	22.4
21029	-515419200	22
21029	-512827200	20.2
21029	-510148800	18.5
21029	-507556800	16
21029	-504878400	12.3
21029	-502200000	12.8
21029	-499780800	14.9
21029	-497102400	15.2
21029	-494510400	19.1
21029	-491832000	20.4
21029	-489240000	21.7
21029	-486561600	21.8
21029	-483883200	19.9
21029	-481291200	21.8
21029	-478612800	19.4
21029	-476020800	15
21029	-473342400	14.7
21029	-470664000	16.2
21029	-468244800	15.4
21029	-465566400	18.2
21029	-462974400	20.9
21029	-460296000	21.3
21029	-457704000	22
21029	-455025600	22.5
21029	-452347200	22.6
21029	-449755200	21.2
21029	-447076800	19.5
21029	-444484800	15.1
21029	-441806400	13.6
21029	-439128000	14
21029	-436622400	14.4
21029	-433944000	15.5
21029	-431352000	19.4
21029	-428673600	19.2
21029	-426081600	20.6
21029	-423403200	21.3
21029	-420724800	20.3
21029	-418132800	22.2
21029	-415454400	16.2
21029	-412862400	13.3
21029	-410184000	12.8
21029	-407505600	15.7
21029	-405086400	17.3
21029	-402408000	16.6
21029	-399816000	17.8
21029	-397137600	19.8
21029	-394545600	23
21029	-391867200	22.3
21029	-389188800	22
21029	-386596800	19.3
21029	-383918400	16.6
21029	-381326400	13.9
21029	-378648000	15.4
21029	-375969600	19.4
21029	-373550400	16
21029	-370872000	17.4
21029	-368280000	20.3
21029	-365601600	19.8
21029	-363009600	20.3
21029	-360331200	22.6
21029	-357652800	21.2
21029	-355060800	20.2
21029	-352382400	15.8
21029	-349790400	14.9
21029	-347112000	15.6
21029	-344433600	14.1
21029	-342014400	16.6
21029	-339336000	16.8
21029	-336744000	17.8
21029	-334065600	19.7
21029	-331473600	21.7
21029	-328795200	22.3
21029	-326116800	21
21029	-323524800	19.9
21029	-320846400	16.1
21029	-318254400	13.7
21029	-315576000	14.2
21029	-312897600	16
21029	-310392000	17.6
21029	-307713600	17.8
21029	-305121600	18.8
21029	-302443200	20.5
21029	-299851200	21.1
21029	-297172800	21.4
21029	-294494400	20.6
21029	-291902400	18.9
21029	-289224000	19.1
21029	-286632000	12.5
21030	-723124800	12.7
21030	-720705600	18.4
21030	-718027200	20.5
21030	-715435200	21.9
21030	-712756800	28.3
21030	-710164800	30.2
21030	-707486400	29.3
21030	-704808000	25.6
21031	1020254400	18.1
21031	1022932800	20.7
21031	1025524800	22.8
21031	1028203200	22.5
21031	1030881600	22
21031	1033473600	20.1
21031	1036152000	15.9
21031	1038744000	14.7
21031	1041422400	12.4
21031	1044100800	12.6
21031	1046520000	16.2
21031	1049198400	16.9
21031	1051790400	20.6
21031	1054468800	23
21031	1057060800	23.7
21031	1059739200	25.3
21031	1062417600	23.1
21031	1065009600	19.6
21031	1067688000	16
21031	1070280000	13.1
21031	1072958400	12.6
21031	1075636800	13.5
21031	1078142400	14.4
21031	1080820800	16.2
21031	1083412800	18.2
21031	1086091200	23.7
21031	1088683200	24.2
21031	1091361600	24.7
21031	1094040000	23
21031	1096632000	20.4
21031	1099310400	15.3
21031	1101902400	12.5
21031	1104580800	9.2
21031	1107259200	10.9
21031	1109678400	15.9
21031	1112356800	16.8
21031	1114948800	19.6
21031	1117627200	23.5
21031	1120219200	23.4
21031	1122897600	24.4
21031	1125576000	22.7
21032	428587200	22.2
21032	431265600	25
21032	433857600	21.6
21032	436536000	15.8
21033	996667200	22.9
21033	999345600	22.4
21033	1001937600	21.4
21033	1004616000	16.5
21033	1007208000	15.9
21033	1009886400	14.8
21033	1012564800	15
21033	1014984000	15.4
21034	830952000	18.7
21034	833630400	19.9
21034	836222400	20.5
21034	838900800	19.7
21034	841579200	19.9
21034	844171200	18.6
21034	846849600	18
21034	849441600	16.5
21034	852120000	16.7
21034	854798400	17
21034	857217600	18.4
21034	859896000	18.1
21034	862488000	18.6
21034	865166400	19.9
21035	-699537600	16
21035	-696945600	9.9
21035	-694267200	10.2
21035	-691588800	12.1
21035	-689083200	14.5
21035	-686404800	17.6
21035	-683812800	21.8
21035	-681134400	28.4
21035	-678542400	30.8
21035	-675864000	30.5
21035	-673185600	26.4
21035	-670593600	19.4
21035	-667915200	15.3
21035	-665323200	10.4
21036	1130846400	14.8
21036	1133438400	12.8
21036	1136116800	11
21036	1138795200	12.7
21036	1141214400	14.5
21036	1143892800	17.4
21036	1146484800	20.5
21036	1149163200	22.5
21036	1151755200	24.8
21036	1154433600	25.1
21036	1157112000	23.8
21036	1159704000	20.9
21036	1162382400	17.5
21036	1164974400	11.8
21036	1167652800	11
21036	1170331200	14.1
21036	1172750400	14.3
21036	1175428800	16.4
21036	1178020800	19
21036	1180699200	21.6
21036	1183291200	23.5
21036	1185969600	23.4
21036	1188648000	22.4
21036	1191240000	20.1
21036	1193918400	15.5
21037	1020254400	18.2
21037	1022932800	20.4
21037	1025524800	22
21037	1028203200	22
21037	1030881600	22.2
21037	1033473600	21.1
21037	1036152000	16.8
21037	1038744000	15.8
21037	1041422400	12.9
21037	1044100800	13.2
21037	1046520000	16.4
21037	1049198400	17
21037	1051790400	19.8
21037	1054468800	22.2
21037	1057060800	23.3
21037	1059739200	24.8
21037	1062417600	23.1
21037	1065009600	20.1
21037	1067688000	16.5
21037	1070280000	14.1
21037	1072958400	13.5
21037	1075636800	14
21037	1078142400	14.7
21037	1080820800	16.6
21037	1083412800	18
21037	1086091200	22
21037	1088683200	23.5
21037	1091361600	24.2
21037	1094040000	22.7
21037	1096632000	20.7
21037	1099310400	16.5
21037	1101902400	13.5
21037	1104580800	11.3
21037	1107259200	11.6
21037	1109678400	16.3
21037	1112356800	17
21037	1114948800	19.4
21037	1117627200	22.5
21037	1120219200	22.8
21037	1122897600	23.8
21037	1125576000	22.6
21038	870436800	20.3
21038	873115200	20.7
21038	875707200	21.2
21038	878385600	19.8
21038	880977600	17.5
21038	883656000	16.9
21038	886334400	18.1
21038	888753600	19
21038	891432000	16.6
21038	894024000	17.5
21038	896702400	19.2
21038	899294400	19.3
21038	901972800	20.2
21038	904651200	20.1
21038	907243200	19.3
21038	909921600	17.4
21038	912513600	14.3
21038	915192000	14.9
21038	917870400	12.9
21038	920289600	15.9
21038	922968000	15.8
21038	925560000	17.9
21038	928238400	18.8
21038	930830400	19.3
21038	933508800	19.7
21038	936187200	20.1
21038	938779200	20
21038	941457600	17.2
21038	944049600	15.1
21038	946728000	14.4
21038	949406400	14.9
21038	951912000	17.2
21038	954590400	15.7
21038	957182400	17.7
21038	959860800	18.6
21038	962452800	19.3
21038	965131200	19.6
21038	967809600	18.9
21038	970401600	16.5
21038	973080000	15
21039	449668800	19.9
21039	452260800	16.9
21039	454939200	23.5
21039	457531200	31.5
21040	-270907200	20.7
21040	-268315200	23
21040	-265636800	22.5
21040	-262958400	22.3
21040	-260366400	19.7
21040	-257688000	16.5
21040	-255096000	16
21040	-252417600	14.2
21040	-249739200	13
21040	-247320000	15.9
21040	-244641600	17.1
21040	-242049600	20.2
21040	-239371200	19.7
21040	-236779200	20.9
21040	-234100800	24.4
21040	-231422400	22.8
21040	-228830400	21.3
21040	-226152000	16.7
21040	-223560000	14.6
21040	-220881600	15
21040	-218203200	14.7
21040	-215784000	15.3
21040	-213105600	16.8
21040	-210513600	17.7
21040	-207835200	19.4
21040	-205243200	20.5
21040	-202564800	20.2
21040	-199886400	20.5
21040	-197294400	20.4
21040	-194616000	17.7
21040	-192024000	14.4
21040	-189345600	14.8
21040	-186667200	14.7
21040	-184161600	16.1
21040	-181483200	16
21040	-178891200	19.6
21040	-176212800	20.1
21040	-173620800	20.7
21040	-170942400	20
21040	-168264000	22.4
21040	-165672000	18.9
21040	-162993600	17.1
21040	-160401600	12.4
21040	-157723200	12.2
21040	-155044800	14
21040	-152625600	16.5
21040	-149947200	16.5
21040	-147355200	20.2
21040	-144676800	19.9
21040	-142084800	19.7
21040	-139406400	20.8
21040	-136728000	19.6
21040	-134136000	20.2
21040	-131457600	16.9
21040	-128865600	12.8
21040	-126187200	14.3
21040	-123508800	16.6
21040	-121089600	17.1
21040	-118411200	17.6
21040	-115819200	19
21040	-113140800	19.7
21040	-110548800	20.4
21040	-107870400	22
21040	-105192000	20.9
21040	-102600000	19.1
21040	-99921600	14.8
21040	-97329600	13
21040	-94651200	12.9
21040	-91972800	14.8
21040	-89553600	17.6
21040	-86875200	16
21040	-84283200	18
21040	-81604800	19.7
21040	-79012800	22.2
21040	-76334400	20.9
21040	-73656000	20.7
21040	-71064000	19.6
21040	-68385600	16.7
21040	-65793600	12
21040	-63115200	12.2
21040	-60436800	14
21040	-57931200	14.3
21040	-55252800	15.8
21040	-52660800	17.4
21040	-49982400	19.8
21040	-47390400	21
21040	-44712000	20.4
21040	-42033600	20.2
21040	-39441600	20.2
21040	-36763200	19.1
21040	-34171200	13.7
21040	-31492800	15.7
21040	-28814400	16.1
21040	-26395200	16
21040	-23716800	16.2
21040	-21124800	17.9
21040	-18446400	19.7
21040	-15854400	23.1
21040	-13176000	21
21040	-10497600	20
21040	-7905600	19.2
21040	-5227200	18.6
21040	-2635200	12.6
21040	43200	15.1
21040	2721600	15.3
21040	5140800	15.7
21040	7819200	16.9
21040	10411200	18.6
21040	13089600	20
21040	15681600	22
21040	18360000	20.4
21040	21038400	20.3
21040	23630400	19.2
21040	26308800	18.9
21040	28900800	14.6
21040	31579200	14.2
21040	34257600	15.1
21040	36676800	14.8
21040	39355200	15.5
21040	41947200	17.1
21040	44625600	18.6
21040	47217600	20.4
21040	49896000	21.2
21040	52574400	20.1
21040	55166400	22.7
21040	57844800	18.1
21040	60436800	12.7
21040	63115200	13
21040	65793600	13.5
21040	68299200	13.8
21040	70977600	16.3
21040	73569600	17.4
21040	76248000	18.1
21040	78840000	19.5
21040	81518400	20.2
21040	84196800	19.8
21040	86788800	21.1
21040	89467200	16.7
21040	92059200	14
21040	94737600	12.7
21040	97416000	14.6
21040	99835200	16.8
21040	102513600	17.9
21040	105105600	19.4
21040	107784000	19.6
21040	110376000	20.7
21040	113054400	20.7
21040	115732800	20
21040	118324800	19
21040	121003200	19.4
21040	123595200	12.8
21040	126273600	12.7
21040	128952000	13.8
21040	131371200	14.8
21040	134049600	15.3
21040	136641600	18.4
21040	139320000	20.3
21040	141912000	22
21040	144590400	22.5
21040	147268800	20.4
21040	149860800	18.1
21040	152539200	15.9
21040	155131200	14
21040	157809600	14.6
21040	160488000	15.6
21040	162907200	15.4
21040	165585600	16.7
21040	168177600	18
21040	170856000	19.3
21040	173448000	23.9
21040	176126400	21.5
21040	178804800	20.8
21040	181396800	19
21040	184075200	16.4
21040	186667200	15.1
21040	189345600	13.4
21040	192024000	14.8
21040	194529600	16.8
21040	197208000	16.1
21040	199800000	17.8
21040	202478400	19.8
21040	205070400	21.7
21040	207748800	25.9
21040	210427200	22.2
21040	213019200	19.5
21040	215697600	15.6
21040	218289600	15.6
21040	220968000	14.3
21040	223646400	14.8
21040	226065600	19.2
21040	228744000	19.9
21040	231336000	18.6
21040	234014400	19.1
21040	236606400	20.1
21040	239284800	19.6
21040	241963200	21.1
21040	244555200	19.5
21040	247233600	16.4
21040	249825600	16.8
21040	252504000	14.4
21040	255182400	15.6
21040	257601600	16.1
21040	260280000	16.1
21040	262872000	17.6
21040	265550400	19.2
21040	268142400	22.2
21040	270820800	20
21040	273499200	22.9
21040	276091200	20.1
21040	278769600	18.5
21040	281361600	15.6
21040	284040000	16.3
21040	286718400	16.5
21040	289137600	15.7
21040	291816000	16.8
21040	294408000	19.7
21040	297086400	19.7
21040	299678400	25.6
21040	302356800	20.7
21040	305035200	20.6
21040	307627200	18.8
21040	310305600	16.6
21040	312897600	13.6
21040	315576000	18.1
21040	318254400	14.9
21040	320760000	17.2
21040	323438400	18.4
21040	326030400	18.5
21040	328708800	19.8
21040	331300800	20.5
21040	333979200	23.2
21040	336657600	23.3
21040	339249600	20.6
21040	341928000	17.8
21040	344520000	13.2
21040	347198400	13.3
21041	449668800	16.7
21041	452260800	13.5
21041	454939200	20.1
21041	457531200	26.9
21042	1130846400	15.7
21042	1133438400	13.7
21042	1136116800	11.7
21042	1138795200	13
21042	1141214400	14.7
21042	1143892800	17.2
21042	1146484800	19.5
21043	-504878400	9.7
21043	-502200000	10.2
21043	-499780800	12.9
21043	-497102400	13.4
21043	-494510400	20.8
21043	-491832000	24.8
21043	-489240000	29.5
21043	-486561600	29
21043	-483883200	26.8
21043	-481291200	23.6
21043	-478612800	17.3
21043	-476020800	11.8
21043	-473342400	13.5
21043	-470664000	14
21043	-468244800	13.4
21043	-465566400	18.9
21043	-462974400	24.5
21043	-460296000	26.5
21043	-457704000	28.7
21043	-455025600	29.5
21043	-452347200	26.6
21043	-449755200	20.5
21043	-447076800	17.3
21043	-444484800	12.6
21043	-441806400	10.3
21043	-439128000	9.5
21043	-436622400	10.2
21043	-433944000	14.5
21043	-431352000	19.8
21043	-428673600	25
21043	-426081600	28.7
21043	-423403200	28.1
21043	-420724800	24.8
21043	-418132800	22.6
21043	-415454400	13.1
21043	-412862400	10.8
21043	-410184000	9.6
21043	-407505600	14.6
21043	-405086400	17.7
21043	-402408000	15.3
21043	-399816000	20.2
21043	-397137600	24.6
21043	-394545600	30.4
21043	-391867200	30.1
21043	-389188800	26.5
21043	-386596800	18.8
21043	-383918400	13.6
21043	-381326400	9.3
21043	-378648000	11
21043	-375969600	14.9
21043	-373550400	14.9
21043	-370872000	16.9
21043	-368280000	21.9
21043	-365601600	24.1
21043	-363009600	28.5
21043	-360331200	29.5
21043	-357652800	27.6
21044	978350400	14.6
21044	981028800	14.1
21044	983448000	16.2
21044	986126400	15.4
21044	988718400	15.9
21045	-652276800	21.6
21045	-649598400	26.5
21046	1204372800	14.8
21046	1207051200	17.8
21046	1209643200	18.5
21046	1212321600	22.3
21046	1214913600	23.5
21047	996667200	18
21047	999345600	19
21047	1001937600	19.5
21047	1004616000	16.3
21047	1007208000	18.1
21047	1009886400	15.8
21047	1012564800	16.2
21047	1014984000	16.3
21048	468158400	15
21048	470750400	13.1
21048	473428800	10.6
21048	476107200	14.9
21048	478526400	14.9
21048	481204800	17.7
21048	483796800	18.6
21048	486475200	23.7
21048	489067200	28.6
21048	491745600	29.5
21048	494424000	26.3
21048	497016000	22.5
21048	499694400	16.9
21048	502286400	12.5
21048	504964800	11.4
21048	507643200	12.9
21048	510062400	14.9
21048	512740800	15.4
21048	515332800	23.2
21048	518011200	22.2
21048	520603200	28.4
21048	523281600	28.2
21048	525960000	25.8
21048	528552000	20.2
21048	531230400	15.5
21048	533822400	12.4
21048	536500800	13.3
21048	539179200	13.6
21048	541598400	17.6
21048	544276800	20.8
21048	546868800	21.6
21048	549547200	24.5
21048	552139200	25.9
21048	554817600	25.7
21048	557496000	28.2
21048	560088000	19.8
21048	562766400	16.3
21048	565358400	13.1
21048	568036800	11
21048	570715200	12.8
21048	573220800	16.4
21048	575899200	17.7
21048	578491200	19.4
21048	581169600	21.4
21048	583761600	29.3
21048	586440000	30
21048	589118400	27.4
21048	591710400	20.7
21048	594388800	16.6
21048	596980800	11.5
21048	599659200	10.5
21048	602337600	13.4
21049	-636379200	15.7
21049	-633787200	10.2
21049	-631108800	8.9
21049	-628430400	12.1
21050	1220270400	22.6
21050	1222862400	19
21050	1225540800	14.1
21050	1228132800	12.4
21051	468158400	14.1
21051	470750400	11.2
21051	473428800	8.8
21051	476107200	13.5
21051	478526400	11.4
21051	481204800	16.4
21051	483796800	15.9
21051	486475200	21.1
21051	489067200	25.7
21051	491745600	26.4
21051	494424000	24.3
21051	497016000	20.5
21051	499694400	14.9
21051	502286400	10.8
21052	1157112000	23.5
21052	1159704000	20.8
21052	1162382400	18.4
21052	1164974400	12.7
21052	1167652800	12.1
21052	1170331200	14.6
21052	1172750400	14.8
21052	1175428800	16.2
21052	1178020800	18.6
21052	1180699200	20.9
21052	1183291200	22.7
21052	1185969600	22.9
21052	1188648000	22.1
21052	1191240000	20.5
21052	1193918400	16.3
21053	1020254400	16.5
21053	1022932800	18
21053	1025524800	18.7
21053	1028203200	19.2
21053	1030881600	20.4
21053	1033473600	20.2
21053	1036152000	17.9
21053	1038744000	17.8
21053	1041422400	14.4
21053	1044100800	14.3
21053	1046520000	16.6
21053	1049198400	16.7
21053	1051790400	17.7
21053	1054468800	19.4
21053	1057060800	18.8
21053	1059739200	21.3
21053	1062417600	20.1
21053	1065009600	18.8
21054	607435200	15.3
21054	610027200	21.5
21054	612705600	23.8
21054	615297600	28.8
21054	617976000	28.4
21054	620654400	25.2
21054	623246400	22.5
21054	625924800	16.7
21054	628516800	15.3
21054	631195200	10.5
21054	633873600	16.8
21054	636292800	17.7
21054	638971200	16.7
21054	641563200	21.1
21054	644241600	23.5
21054	646833600	28.6
21054	649512000	30.5
21054	652190400	25.7
21054	654782400	20.2
21054	657460800	16.7
21054	660052800	12.6
21054	662731200	11.7
21055	370785600	20.6
21055	373464000	22.1
21056	-620740800	21
21056	-618062400	27.4
21056	-615470400	30.4
21056	-612792000	27.9
21056	-610113600	23.5
21056	-607521600	18.2
21056	-604843200	15.1
21056	-602251200	10.3
21056	-599572800	9.7
21056	-596894400	11
21056	-594475200	16.6
21056	-591796800	19.2
21056	-589204800	20.6
21056	-586526400	27.6
21056	-583934400	30.4
21056	-581256000	30.1
21056	-578577600	25.7
21056	-575985600	18.3
21056	-573307200	14.4
21056	-570715200	9.9
21056	-568036800	8.1
21056	-565358400	11.4
21056	-562852800	17.2
21056	-560174400	16.6
21056	-557582400	23.1
21056	-554904000	28.3
21056	-552312000	30.3
21056	-549633600	29.3
21056	-546955200	23.8
21056	-544363200	21.2
21056	-541684800	14.4
21056	-539092800	10.3
21056	-536414400	8.9
21056	-533736000	9.4
21056	-531316800	10.7
21056	-528638400	19
21056	-526046400	23.3
21056	-523368000	24.9
21056	-520776000	30
21056	-518097600	30
21056	-515419200	23.3
21056	-512827200	18.2
21056	-510148800	14.5
21056	-507556800	8.7
21056	-504878400	8.4
21056	-502200000	9.6
21056	-499780800	14.5
21056	-497102400	14.6
21056	-494510400	23.9
21056	-491832000	26.5
21056	-489240000	29.8
21056	-486561600	29.8
21056	-483883200	26.4
21056	-481291200	20.3
21056	-478612800	13.8
21056	-476020800	8.9
21056	-473342400	11.5
21056	-470664000	12.1
21056	-468244800	13.5
21056	-465566400	18.3
21056	-462974400	23.1
21056	-460296000	26.3
21056	-457704000	29.5
21056	-455025600	28.7
21056	-452347200	25.9
21056	-449755200	19
21056	-447076800	15.2
21056	-444484800	9.9
21056	-441806400	8.1
21056	-439128000	9.3
21056	-436622400	12.3
21056	-433944000	15.4
21056	-431352000	20.7
21056	-428673600	25.8
21056	-426081600	29
21056	-423403200	28
21056	-420724800	24.6
21056	-418132800	19.4
21056	-415454400	11.8
21056	-412862400	7.4
21056	-410184000	6.6
21056	-407505600	11.9
21056	-405086400	15.4
21056	-402408000	15.7
21056	-399816000	20.8
21056	-397137600	25.8
21056	-394545600	29.2
21056	-391867200	28.2
21056	-389188800	25.5
21056	-386596800	17.5
21056	-383918400	12.3
21056	-381326400	6.6
21056	-378648000	9.3
21056	-375969600	12.7
21056	-373550400	16.3
21056	-370872000	17.3
21056	-368280000	22.5
21056	-365601600	25.9
21056	-363009600	30
21056	-360331200	28.2
21056	-357652800	26
21056	-355060800	20.2
21056	-352382400	12.7
21056	-349790400	10.6
21056	-347112000	9.2
21056	-344433600	9.6
21056	-342014400	15.7
21056	-339336000	20
21056	-336744000	20.8
21056	-334065600	26.1
21056	-331473600	29.6
21056	-328795200	28.5
21056	-326116800	23.9
21056	-323524800	19
21056	-320846400	13.2
21056	-318254400	10.6
21056	-315576000	9.6
21056	-312897600	13.3
21056	-310392000	15.3
21056	-307713600	17.2
21056	-305121600	21.7
21056	-302443200	24.7
21056	-299851200	29.1
21056	-297172800	29.2
21056	-294494400	24.8
21056	-291902400	19.6
21056	-289224000	15.3
21056	-286632000	8.4
21057	1233489600	13.2
21057	1235908800	16.5
21057	1238587200	16
21057	1241179200	20.2
21057	1243857600	23.4
21057	1246449600	24.7
21057	1249128000	24.9
21057	1251806400	23
21057	1254398400	20.8
21057	1257076800	17
21058	507643200	10.9
21058	510062400	11.5
21058	512740800	11.6
21058	515332800	20
21058	518011200	20
21058	520603200	25.6
21058	523281600	24.7
21058	525960000	23.2
21058	528552000	18.5
21058	531230400	13.5
21058	533822400	10
21058	536500800	10.6
21058	539179200	11
21058	541598400	14.2
21058	544276800	17.4
21058	546868800	18.3
21058	549547200	21.9
21058	552139200	23.7
21058	554817600	23.9
21058	557496000	25.8
21058	560088000	17.4
21058	562766400	13.2
21058	565358400	11.8
21058	568036800	9.7
21058	570715200	10.7
21058	573220800	13.1
21058	575899200	14.5
21058	578491200	16.2
21058	581169600	19.3
21058	583761600	26.2
21058	586440000	26.7
21058	589118400	24.9
21058	591710400	19
21058	594388800	15.1
21058	596980800	9.4
21058	599659200	8.6
21058	602337600	11.7
21059	-270907200	23.3
21059	-268315200	31.5
21059	-265636800	30.6
21059	-262958400	26
21059	-260366400	20.7
21059	-257688000	14.4
21059	-255096000	13.4
21059	-252417600	11.1
21059	-249739200	10.4
21059	-247320000	12.4
21059	-244641600	16
21059	-242049600	21.1
21059	-239371200	24.4
21059	-236779200	29.4
21059	-234100800	31.3
21059	-231422400	26.2
21059	-228830400	20.9
21059	-226152000	12.3
21059	-223560000	11
21059	-220881600	11.8
21059	-218203200	10.8
21059	-215784000	13.8
21059	-213105600	16
21059	-210513600	17.8
21059	-207835200	22.6
21059	-205243200	28.6
21059	-202564800	28.2
21059	-199886400	23
21059	-197294400	21.9
21059	-194616000	16.2
21059	-192024000	10.8
21059	-189345600	10.5
21059	-186667200	12.4
21059	-184161600	13.9
21059	-181483200	14.1
21059	-178891200	24.1
21059	-176212800	25.1
21059	-173620800	29.1
21059	-170942400	28.8
21059	-168264000	27.6
21059	-165672000	21.2
21059	-162993600	15.2
21059	-160401600	8.9
21059	-157723200	9.2
21059	-155044800	11.3
21059	-152625600	15.5
21059	-149947200	15.1
21059	-147355200	23.3
21059	-144676800	26.8
21059	-142084800	27
21059	-139406400	28.9
21059	-136728000	22.2
21059	-134136000	19.4
21059	-131457600	14.4
21059	-128865600	10.6
21059	-126187200	12
21059	-123508800	13.9
21059	-121089600	13.7
21059	-118411200	17.9
21059	-115819200	23
21059	-113140800	25.3
21059	-110548800	27.3
21059	-107870400	29.6
21059	-105192000	26.4
21059	-102600000	17.7
21059	-99921600	11.7
21059	-97329600	10.2
21059	-94651200	10.7
21059	-91972800	11.7
21059	-89553600	16.3
21059	-86875200	15.2
21059	-84283200	19.7
21059	-81604800	24.6
21059	-79012800	31
21059	-76334400	30.4
21059	-73656000	25.3
21059	-71064000	20.3
21059	-68385600	13.7
21059	-65793600	8.8
21059	-63115200	9.8
21059	-60436800	10.8
21059	-57931200	12.1
21059	-55252800	15.3
21059	-52660800	20
21059	-49982400	25.2
21059	-47390400	30
21059	-44712000	27.3
21059	-42033600	25.8
21059	-39441600	23.3
21059	-36763200	15.6
21059	-34171200	10.2
21059	-31492800	12.9
21059	-28814400	13
21059	-26395200	14
21059	-23716800	13.5
21059	-21124800	19.2
21059	-18446400	23.3
21059	-15854400	30.2
21059	-13176000	27.9
21059	-10497600	21.9
21059	-7905600	19.5
21059	-5227200	15.8
21059	-2635200	9.6
21059	43200	12
21059	2721600	12.9
21059	5140800	12.7
21059	7819200	17.3
21059	10411200	21.9
21059	13089600	23.1
21059	15681600	31
21059	18360000	28.6
21059	21038400	27.4
21059	23630400	20.1
21059	26308800	17
21059	28900800	10.3
21059	31579200	11.2
21059	34257600	12.8
21059	36676800	12.2
21059	39355200	13.3
21059	41947200	15.3
21059	44625600	22.6
21059	47217600	27.1
21059	49896000	28
21059	52574400	25
21059	55166400	22.9
21059	57844800	12.5
21059	60436800	9.9
21059	63115200	9.3
21060	1070280000	15.4
21060	1072958400	14.3
21060	1075636800	15.8
21060	1078142400	15.2
21060	1080820800	16.9
21060	1083412800	16.9
21060	1086091200	18.6
21060	1088683200	20.7
21060	1091361600	20.7
21060	1094040000	19.9
21060	1096632000	19.4
21061	667828800	14.1
21061	670507200	16.8
21061	673099200	20.3
21061	675777600	25.6
21061	678369600	28.5
21062	607435200	12.5
21062	610027200	18.5
21062	612705600	21.3
21062	615297600	26.6
21062	617976000	26.2
21062	620654400	22.7
21062	623246400	20.4
21062	625924800	14.5
21062	628516800	13
21062	631195200	8.4
21062	633873600	12.7
21062	636292800	14.4
21062	638971200	13.2
21062	641563200	18.2
21062	644241600	20.5
21062	646833600	26.4
21062	649512000	26.5
21062	652190400	23.7
21062	654782400	17.7
21062	657460800	14.1
21062	660052800	10.6
21062	662731200	13.7
21062	665409600	9.9
21062	667828800	11.7
21062	670507200	13.7
21062	673099200	17.2
21063	1204372800	15.4
21063	1207051200	17.9
21063	1209643200	18.4
21064	683726400	25.1
21064	686318400	18.6
21064	688996800	16
21064	691588800	14.2
21064	694267200	11.7
21064	696945600	14.6
21064	699451200	15.7
21064	702129600	18.8
21064	704721600	22.2
21064	707400000	20.7
21064	709992000	27.1
21064	712670400	27.8
21064	715348800	25.8
21064	717940800	18.4
21064	720619200	16.1
21064	723211200	12.5
21064	725889600	11
21064	728568000	13.5
21064	730987200	16.5
21064	733665600	17.9
21064	736257600	19.1
21064	738936000	23.3
21064	741528000	28.5
21065	402321600	12.8
21065	4.05e+08	16.4
21066	-270907200	24.4
21066	-268315200	30.8
21066	-265636800	29.3
21066	-262958400	24
21066	-260366400	19.8
21066	-257688000	13.6
21066	-255096000	10.3
21066	-252417600	9.7
21066	-249739200	9.8
21066	-247320000	13.8
21066	-244641600	18.7
21066	-242049600	22.7
21066	-239371200	25.9
21066	-236779200	30.1
21066	-234100800	29.5
21066	-231422400	24.7
21066	-228830400	19
21066	-226152000	12.4
21066	-223560000	9.6
21066	-220881600	10.2
21066	-218203200	12
21066	-215784000	16
21066	-213105600	18.2
21066	-210513600	19.5
21066	-207835200	24.7
21066	-205243200	30
21066	-202564800	29.4
21066	-199886400	24.1
21066	-197294400	20.7
21066	-194616000	14.8
21066	-192024000	10.1
21066	-189345600	7.5
21066	-186667200	13
21066	-184161600	16
21066	-181483200	16.3
21066	-178891200	24.6
21066	-176212800	26.3
21066	-173620800	30.5
21066	-170942400	29.7
21066	-168264000	26
21066	-165672000	20.8
21066	-162993600	13.2
21066	-160401600	7
21066	-157723200	7.8
21066	-155044800	10.7
21066	-152625600	16.6
21066	-149947200	16.5
21066	-147355200	23.5
21066	-144676800	26
21066	-142084800	30.1
21066	-139406400	27.7
21066	-136728000	23.2
21066	-134136000	17.6
21066	-131457600	13.1
21066	-128865600	10.1
21066	-126187200	10.9
21066	-123508800	13.7
21066	-121089600	13.7
21066	-118411200	20.1
21066	-115819200	22.3
21066	-113140800	27.4
21066	-110548800	29.4
21066	-107870400	29.4
21066	-105192000	23.9
21066	-102600000	18.4
21066	-99921600	11.3
21066	-97329600	8.3
21066	-94651200	8.9
21066	-91972800	10
21066	-89553600	15.9
21066	-86875200	15.2
21066	-84283200	21.3
21066	-81604800	25.4
21066	-79012800	30.7
21066	-76334400	29.5
21066	-73656000	22.9
21066	-71064000	18.3
21066	-68385600	11.9
21066	-65793600	7.4
21066	-63115200	7.6
21066	-60436800	10.1
21066	-57931200	13
21066	-55252800	17.2
21066	-52660800	21.8
21066	-49982400	25.8
21066	-47390400	29.4
21066	-44712000	27.7
21066	-42033600	25.4
21066	-39441600	21.1
21066	-36763200	14.4
21066	-34171200	9.5
21066	-31492800	10.7
21066	-28814400	12.9
21066	-26395200	16.7
21066	-23716800	15.5
21066	-21124800	22
21066	-18446400	25.5
21066	-15854400	29.5
21066	-13176000	28.7
21066	-10497600	23
21066	-7905600	17.9
21066	-5227200	14
21066	-2635200	8
21066	43200	10.6
21066	2721600	12.8
21066	5140800	13.5
21066	7819200	18.3
21066	10411200	22.3
21066	13089600	25
21066	15681600	30.2
21066	18360000	29.6
21066	21038400	25.6
21066	23630400	18.1
21066	26308800	12.4
21066	28900800	7.3
21066	31579200	9.6
21066	34257600	10.3
21066	36676800	12.1
21066	39355200	14.7
21066	41947200	18
21066	44625600	25.3
21066	47217600	28.7
21066	49896000	28.1
21066	52574400	24
21066	55166400	19.2
21066	57844800	10.6
21066	60436800	7.3
21066	63115200	8
21066	65793600	9.8
21066	68299200	12.3
21066	70977600	16.2
21066	73569600	19.3
21066	76248000	25
21066	78840000	29
21066	81518400	28.3
21066	84196800	22.6
21066	86788800	18.6
21066	89467200	13
21066	92059200	7
21066	94737600	8
21066	97416000	10.5
21066	99835200	14.3
21066	102513600	18
21066	105105600	23.1
21066	107784000	25.3
21066	110376000	29.6
21066	113054400	28.6
21066	115732800	26
21066	118324800	19.5
21066	121003200	13.4
21066	123595200	7.4
21066	126273600	8.6
21066	128952000	10.6
21066	131371200	11.8
21066	134049600	14.7
21066	136641600	23.1
21066	139320000	25.1
21066	141912000	29.1
21066	144590400	28.9
21066	147268800	24
21066	149860800	18.3
21066	152539200	13.9
21066	155131200	8.3
21066	157809600	8.8
21066	160488000	12
21066	162907200	14.2
21066	165585600	16.5
21066	168177600	19.5
21066	170856000	25.4
21066	173448000	30.6
21066	176126400	28.3
21066	178804800	24.3
21066	181396800	20.2
21066	184075200	12
21066	186667200	8.9
21066	189345600	6.9
21066	192024000	10.4
21066	194529600	13.1
21066	197208000	15.1
21066	199800000	19.6
21066	202478400	26.6
21066	205070400	28.5
21066	207748800	28.3
21066	210427200	23.2
21066	213019200	19.2
21066	215697600	13.4
21066	218289600	10.9
21066	220968000	13.7
21066	223646400	13
21066	226065600	15.9
21066	228744000	18.7
21066	231336000	20.9
21066	234014400	25.5
21066	236606400	29.3
21066	239284800	29.1
21066	241963200	24.2
21066	244555200	18.1
21066	247233600	13.4
21066	249825600	11
21066	252504000	9.4
21066	255182400	14.1
21066	257601600	16
21066	260280000	17.6
21066	262872000	20.3
21066	265550400	25.6
21066	268142400	30.5
21066	270820800	27.9
21066	273499200	26.1
21066	276091200	19.1
21066	278769600	12.9
21066	281361600	10.5
21066	284040000	7.9
21066	286718400	12.6
21066	289137600	13.9
21066	291816000	18.3
21066	294408000	22.9
21066	297086400	26.2
21066	299678400	30
21066	302356800	29.9
21066	305035200	24.4
21066	307627200	18
21066	310305600	14.6
21066	312897600	9.6
21066	315576000	8.2
21066	318254400	12
21066	320760000	13.8
21066	323438400	19
21066	326030400	22.2
21066	328708800	27.4
21066	331300800	30.8
21066	333979200	29.7
21066	336657600	24.3
21066	339249600	19.6
21066	341928000	10.5
21066	344520000	8.7
21066	347198400	8.3
21067	1267444800	16.2
21067	1270123200	18.8
21067	1272715200	19.4
21067	1275393600	21.3
21068	1214913600	22.7
21068	1217592000	22.7
21068	1220270400	22
21068	1222862400	18.8
21068	1225540800	14.3
21068	1228132800	12.9
21068	1230811200	12.1
21069	746884800	22.1
21069	749476800	18.2
21070	683726400	22.7
21070	686318400	16.1
21070	688996800	12.8
21071	1241179200	19.2
21071	1243857600	23.1
21071	1246449600	23.7
21071	1249128000	23.8
21071	1251806400	22
21071	1254398400	21.2
21071	1257076800	18
21072	754747200	12
21072	757425600	11.1
21072	760104000	10.7
21072	762523200	15.3
21072	765201600	18
21072	767793600	20.4
21072	770472000	25.3
21072	773064000	30.7
21072	775742400	28.6
21072	778420800	24.4
21072	781012800	20.4
21072	783691200	17.3
21072	786283200	13.8
21072	788961600	12.1
21072	791640000	14.8
21072	794059200	16.3
21072	796737600	17.1
21072	799329600	23.6
21072	802008000	23.4
21072	804600000	28.5
21072	807278400	28.2
21072	809956800	23.3
21072	812548800	23.2
21072	815227200	18.4
21072	817819200	13.8
21072	820497600	13.4
21072	823176000	11.8
21072	825681600	14.6
21072	828360000	18
21072	830952000	21.5
21072	833630400	25.3
21072	836222400	28.4
21072	838900800	25.9
21072	841579200	23.6
21072	844171200	21.8
21072	846849600	16.8
21072	849441600	12.7
21072	852120000	13.3
21072	854798400	16.1
21072	857217600	18.2
21072	859896000	18.3
21072	862488000	20.1
21072	865166400	22.9
21072	867758400	25.3
21072	870436800	26.3
21072	873115200	24.6
21072	875707200	22
21072	878385600	16.7
21072	880977600	13
21072	883656000	13.4
21072	886334400	16.3
21072	888753600	19
21072	891432000	17.8
21072	894024000	19.1
21072	896702400	26
21072	899294400	28.8
21072	901972800	28.8
21072	904651200	25
21072	907243200	21.7
21072	909921600	17.8
21072	912513600	11.8
21072	915192000	11.6
21072	917870400	11.3
21072	920289600	14.6
21072	922968000	19.8
21072	925560000	22.7
21072	928238400	25.5
21072	930830400	27.9
21072	933508800	27.8
21072	936187200	24.1
21072	938779200	20.3
21072	941457600	14.9
21072	944049600	12.3
21072	946728000	11
21072	949406400	16.6
21072	951912000	19.1
21072	954590400	16.7
21072	957182400	20.8
21072	959860800	27.1
21072	962452800	28.4
21072	965131200	28.7
21072	967809600	25.2
21072	970401600	19.5
21072	973080000	15.7
21072	975672000	14.4
21072	978350400	13
21072	981028800	14.5
21072	983448000	19.1
21072	986126400	20.2
21072	988718400	21.8
21072	991396800	27.2
21073	420638400	18.1
21073	423316800	21.1
21074	1291204800	14.9
21074	1293883200	11.9
21074	1296561600	11.9
21074	1298980800	14.2
21074	1301659200	18.5
21074	1304251200	21.5
21074	1306929600	23
21074	1309521600	23.4
21074	1312200000	23.8
21074	1314878400	22.3
21074	1317470400	20.2
21074	1320148800	15.5
21074	1322740800	11.2
21074	1325419200	10.3
21074	1328097600	9.8
21074	1330603200	14.9
21074	1333281600	15.3
21074	1335873600	20.4
21074	1338552000	22.2
21074	1341144000	22.9
21074	1343822400	23.6
21074	1346500800	22.5
21074	1349092800	19.7
21074	1351771200	17.1
21074	1354363200	12.5
21074	1357041600	12.3
21074	1359720000	11.8
21074	1362139200	15.3
21074	1364817600	16.5
21074	1367409600	18
21074	1370088000	21.5
21074	1372680000	23.2
21074	1375358400	24.4
21074	1378036800	23.1
21074	1380628800	20.5
21075	694267200	9.2
21075	696945600	12
21075	699451200	12.6
21075	702129600	15.3
21075	704721600	19.4
21075	707400000	17.3
21075	709992000	25
21075	712670400	27.7
21075	715348800	23.2
21075	717940800	16.2
21075	720619200	13.7
21075	723211200	11
21075	725889600	8.4
21075	728568000	11
21075	730987200	13
21075	733665600	14
21075	736257600	16.5
21075	738936000	20.8
21075	741528000	26.5
21076	996667200	28.5
21076	999345600	23.5
21076	1001937600	23.5
21076	1004616000	16.3
21076	1007208000	15.3
21076	1009886400	14.5
21076	1012564800	16.2
21076	1014984000	17.1
21077	428587200	21
21077	431265600	22
21077	433857600	23.5
21077	436536000	19.1
21078	370785600	20.8
21078	373464000	14.1
21079	1385899200	12.5
21079	1388577600	13.2
21079	1391256000	13.3
21079	1393675200	14.6
21079	1396353600	17.5
21079	1398945600	20
21079	1401624000	21.2
21079	1404216000	22.5
21079	1406894400	23
21079	1409572800	21.7
21079	1412164800	21.2
21079	1414843200	16.8
21080	746884800	19.3
21080	749476800	16.2
21081	1267444800	16.5
21081	1270123200	18.4
21081	1272715200	19
21081	1275393600	20.7
21081	1277985600	23.4
21081	1280664000	25.6
21081	1283342400	23.4
21081	1285934400	19.1
21081	1288612800	19.1
21081	1291204800	16.8
21081	1293883200	14.2
21081	1296561600	13.5
21082	1020254400	21.1
21082	1022932800	24.4
21082	1025524800	26.7
21082	1028203200	25.7
21082	1030881600	25
21082	1033473600	23.4
21082	1036152000	17
21082	1038744000	14.3
21082	1041422400	11.5
21082	1044100800	12.7
21082	1046520000	18.1
21082	1049198400	18.1
21082	1051790400	23.4
21082	1054468800	26
21082	1057060800	29.3
21082	1059739200	29.6
21082	1062417600	27.2
21082	1065009600	20.5
21082	1067688000	15.9
21082	1070280000	12.7
21082	1072958400	12
21082	1075636800	14.9
21082	1078142400	16
21082	1080820800	17.7
21082	1083412800	18.9
21082	1086091200	27.5
21082	1088683200	29.3
21082	1091361600	28.9
21082	1094040000	26.5
21082	1096632000	22.3
21082	1099310400	15.6
21082	1101902400	11.3
21082	1104580800	10.9
21082	1107259200	11.9
21082	1109678400	17.8
21082	1112356800	19.7
21082	1114948800	23.4
21082	1117627200	27.7
21082	1120219200	28
21082	1122897600	29.3
21082	1125576000	25.7
21083	1420113600	11.3
21083	1422792000	11.8
21083	1425211200	14
21083	1427889600	16.8
21083	1430481600	20.5
21084	754747200	10.6
21084	757425600	9.2
21084	760104000	11
21084	762523200	13.9
21084	765201600	14.2
21085	1301659200	18.9
21085	1304251200	21.9
21085	1306929600	23.1
21085	1309521600	23
21085	1312200000	23.5
21085	1314878400	22.8
21085	1317470400	21
21085	1320148800	16.8
21085	1322740800	13.6
21085	1325419200	12.4
21085	1328097600	11.8
21085	1330603200	15.9
21085	1333281600	15.9
21085	1335873600	20
21085	1338552000	22.3
21086	1130846400	15.7
21086	1133438400	12.5
21086	1136116800	10
21086	1138795200	12
21086	1141214400	16.8
21086	1143892800	19.5
21086	1146484800	22.7
21086	1149163200	24.3
21086	1151755200	29.4
21086	1154433600	28.1
21086	1157112000	26.3
21086	1159704000	22.5
21086	1162382400	17.2
21086	1164974400	11.4
21086	1167652800	12.4
21086	1170331200	14.7
21086	1172750400	17
21086	1175428800	17
21086	1178020800	21.2
21086	1180699200	24.4
21086	1183291200	29.9
21086	1185969600	27.4
21086	1188648000	23.8
21087	449668800	18.5
21087	452260800	17.7
21087	454939200	19.8
21087	457531200	21.5
21088	402321600	20.3
21088	4.05e+08	13.5
21089	773064000	27.4
21089	775742400	25.1
21089	778420800	20.5
21089	781012800	18.5
21089	783691200	15.4
21090	1343822400	23.4
21090	1346500800	22.9
21090	1349092800	20.7
21091	1193918400	17.1
21091	1196510400	13.3
21091	1199188800	13.3
21092	791640000	12.4
21092	794059200	14.2
21093	1362139200	16
21093	1364817600	17
21093	1367409600	18.2
21093	1370088000	20.6
21093	1372680000	23
21093	1375358400	24.2
21093	1378036800	23.1
21093	1380628800	21.2
21094	1204372800	17.3
21094	1207051200	21.6
21094	1209643200	20.4
21094	1212321600	26.3
21094	1214913600	28.4
21094	1217592000	29.1
21094	1220270400	24.1
21094	1222862400	19
21094	1225540800	13.6
21094	1228132800	11.2
21094	1230811200	10.3
21094	1233489600	13.3
21094	1235908800	16.5
21094	1238587200	17.2
21094	1241179200	21.9
21094	1243857600	26.1
21094	1246449600	30.8
21094	1249128000	28.5
21094	1251806400	23.3
21094	1254398400	23.8
21094	1257076800	18.6
21095	468158400	17.3
21095	470750400	15.3
21095	473428800	13.2
21095	476107200	16.5
21095	478526400	16.2
21095	481204800	18.4
21095	483796800	18.4
21095	486475200	20.6
21095	489067200	21.1
21095	491745600	22.2
21095	494424000	21.3
21095	497016000	20
21095	499694400	18.1
21095	502286400	15.1
21096	420638400	21.7
21096	423316800	27.5
21097	1385899200	13.5
21097	1388577600	13.8
21097	1391256000	13.8
21097	1393675200	15.3
21097	1396353600	17.8
21097	1398945600	19.9
21097	1401624000	21.2
21097	1404216000	22.4
21097	1406894400	23.3
21097	1409572800	23.1
21097	1412164800	22.3
21097	1414843200	17.8
21097	1417435200	13.8
21097	1420113600	13.2
21097	1422792000	12.8
21097	1425211200	14.6
21097	1427889600	17.3
21097	1430481600	20.6
21098	507643200	14.3
21098	510062400	15.6
21098	512740800	16
21098	515332800	19.6
21098	518011200	19.6
21098	520603200	20.9
21098	523281600	22.5
21098	525960000	22.5
21098	528552000	19.1
21098	531230400	15.6
21098	533822400	14.1
21098	536500800	15.7
21098	539179200	15.2
21098	541598400	17
21098	544276800	19.5
21098	546868800	19.5
21098	549547200	20.6
21098	552139200	22.2
21098	554817600	21.7
21098	557496000	25.3
21098	560088000	20.1
21098	562766400	18.5
21098	565358400	15.2
21098	568036800	13
21098	570715200	15.1
21098	573220800	16.6
21098	575899200	16.6
21098	578491200	18.4
21098	581169600	20
21098	583761600	21.7
21098	586440000	22.8
21098	589118400	21.9
21098	591710400	20.8
21098	594388800	18.7
21098	596980800	13.5
21098	599659200	12.7
21098	602337600	17.2
21099	428587200	29.6
21099	431265600	26.2
21099	433857600	20.5
21099	436536000	15.5
21100	807278400	25.3
21100	809956800	20.2
21100	812548800	20.6
21100	815227200	16.4
21100	817819200	12.5
21100	820497600	11.6
21100	823176000	9.4
21100	825681600	12.3
21100	828360000	15.1
21100	830952000	17.9
21100	833630400	23.4
21100	836222400	25.2
21100	838900800	22.3
21100	841579200	20.3
21100	844171200	18.1
21100	846849600	14
21100	849441600	11.5
21100	852120000	10.9
21100	854798400	12.9
21100	857217600	15.9
21100	859896000	16.6
21100	862488000	17.5
21100	865166400	19.5
21100	867758400	22.4
21100	870436800	23.4
21100	873115200	23.4
21100	875707200	19.7
21100	878385600	14.8
21100	880977600	11.3
21100	883656000	10.5
21100	886334400	12.9
21100	888753600	15.8
21100	891432000	13.6
21100	894024000	16
21100	896702400	22.6
21100	899294400	25.1
21100	901972800	26.1
21100	904651200	22.5
21100	907243200	17.8
21100	909921600	11.9
21100	912513600	9.7
21100	915192000	9.5
21100	917870400	8.6
21100	920289600	12.5
21100	922968000	16.1
21100	925560000	19.7
21100	928238400	22.2
21100	930830400	24.7
21100	933508800	24.8
21100	936187200	21.1
21100	938779200	19
21100	941457600	12.4
21100	944049600	9.8
21100	946728000	8.8
21100	949406400	12.8
21100	951912000	15.3
21100	954590400	13.6
21100	957182400	18.2
21100	959860800	23.8
21100	962452800	25.2
21100	965131200	26.5
21100	967809600	22.8
21100	970401600	16.2
21100	973080000	12.8
21100	975672000	11.9
21100	978350400	10.7
21100	981028800	10.9
21100	983448000	15.2
21100	986126400	15.3
21100	988718400	18
21100	991396800	24
21101	1267444800	16.8
21101	1270123200	20.5
21101	1272715200	21.1
21101	1275393600	23.7
21101	1277985600	29.4
21101	1280664000	31.1
21101	1283342400	26.6
21101	1285934400	21
21101	1288612800	21
21101	1291204800	16.1
21101	1293883200	13.8
21101	1296561600	13.6
21101	1298980800	15.8
21101	1301659200	20.3
21101	1304251200	22.3
21101	1306929600	28.5
21101	1309521600	28
21101	1312200000	28.3
21101	1314878400	25.6
21101	1317470400	23.3
21101	1320148800	16.2
21101	1322740800	13.1
21101	1325419200	11.8
21101	1328097600	11.6
21101	1330603200	18.6
21101	1333281600	16.3
21101	1335873600	24.6
21101	1338552000	27.7
21101	1341144000	30.7
21101	1343822400	32.3
21101	1346500800	26
21101	1349092800	22.3
21101	1351771200	16.9
21101	1354363200	12.5
21101	1357041600	12.5
21101	1359720000	14.4
21101	1362139200	16.5
21101	1364817600	20.5
21101	1367409600	20.8
21101	1370088000	25.4
21101	1372680000	29.5
21101	1375358400	30.7
21101	1378036800	24
21101	1380628800	22
21101	1383307200	17.4
21101	1385899200	13.4
21101	1388577600	12.6
21101	1391256000	13.4
21101	1393675200	16.5
21101	1396353600	21.2
21101	1398945600	24.1
21101	1401624000	24.6
21101	1404216000	27
21101	1406894400	28.8
21101	1409572800	24.8
21101	1412164800	24.4
21101	1414843200	16.7
21101	1417435200	12.5
21101	1420113600	11.2
21101	1422792000	11.6
21101	1425211200	16.4
21101	1427889600	19.3
21101	1430481600	24.6
21102	607435200	16.2
21102	610027200	18.6
21102	612705600	20.8
21102	615297600	22.4
21102	617976000	23.5
21102	620654400	22.1
21102	623246400	22.4
21102	625924800	17.8
21102	628516800	17
21102	631195200	12.6
21102	633873600	16.4
21102	636292800	17.9
21102	638971200	17.2
21102	641563200	19.4
21102	644241600	20.6
21102	646833600	21.9
21102	649512000	23.4
21102	652190400	23.2
21102	654782400	20
21102	657460800	17.3
21102	660052800	14.7
21102	662731200	12.7
21102	665409600	14.7
21102	667828800	15.3
21102	670507200	16.7
21102	673099200	18.7
21103	996667200	24.7
21103	999345600	20.9
21103	1001937600	20.8
21103	1004616000	13.8
21103	1007208000	12.8
21103	1009886400	12.4
21103	1012564800	13.2
21103	1014984000	14.4
21104	449668800	20.7
21104	452260800	18.4
21104	454939200	27.5
21104	457531200	30.8
21105	1020254400	17.5
21105	1022932800	21.3
21105	1025524800	24.2
21105	1028203200	22.6
21105	1030881600	21.6
21105	1033473600	19.5
21105	1036152000	14
21105	1038744000	12.3
21105	1041422400	9.4
21106	683726400	21.4
21106	686318400	18.8
21106	688996800	16.7
21106	691588800	16
21106	694267200	14.4
21106	696945600	17
21106	699451200	16.5
21106	702129600	18.1
21106	704721600	21
21106	707400000	19.9
21106	709992000	17.2
21106	712670400	21.9
21106	715348800	21.2
21106	717940800	18.8
21106	720619200	16.3
21106	723211200	14.1
21106	725889600	13.5
21106	728568000	15.9
21106	730987200	17.9
21106	733665600	17.8
21106	736257600	18.5
21106	738936000	20.6
21106	741528000	21.6
21107	1046520000	14.5
21107	1049198400	14.8
21107	1051790400	19.9
21107	1054468800	23.1
21107	1057060800	25.3
21107	1059739200	26.1
21107	1062417600	23.3
21107	1065009600	17.5
21107	1067688000	13.4
21107	1070280000	10.7
21107	1072958400	10.1
21107	1075636800	11.7
21107	1078142400	12.5
21107	1080820800	14.5
21107	1083412800	15.8
21107	1086091200	24.8
21107	1088683200	25.7
21107	1091361600	25.7
21107	1094040000	23.6
21107	1096632000	19.9
21107	1099310400	13.8
21107	1101902400	9.6
21107	1104580800	8.4
21107	1107259200	8.3
21107	1109678400	14.2
21107	1112356800	15.6
21107	1114948800	20.4
21107	1117627200	25.1
21107	1120219200	25.1
21107	1122897600	27.2
21107	1125576000	22.8
21108	746884800	21
21108	749476800	18.5
21109	468158400	13
21109	470750400	9.6
21109	473428800	8.3
21109	476107200	13.1
21109	478526400	15.3
21109	481204800	17.6
21109	483796800	20.2
21109	486475200	27.5
21109	489067200	29.9
21109	491745600	30.2
21109	494424000	25.7
21109	497016000	20.1
21109	499694400	14.7
21109	502286400	9.6
21110	1130846400	13.3
21110	1133438400	10.2
21110	1136116800	8.2
21110	1138795200	9.6
21110	1141214400	13.3
21110	1143892800	16.3
21110	1146484800	20.5
21110	1149163200	22.3
21110	1151755200	27.4
21110	1154433600	26
21110	1157112000	23.6
21110	1159704000	21.2
21110	1162382400	16.4
21110	1164974400	11
21110	1167652800	10.5
21111	754747200	13.1
21111	757425600	13.5
21111	760104000	16.3
21111	762523200	17
21111	765201600	18
21112	507643200	12.2
21112	510062400	15
21112	512740800	16.8
21112	515332800	24.2
21112	518011200	25.8
21112	520603200	30.6
21112	523281600	29.3
21112	525960000	25.5
21112	528552000	18.7
21112	531230400	14
21112	533822400	9
21112	536500800	10.4
21112	539179200	13.3
21112	541598400	16.9
21112	544276800	21.5
21112	546868800	22.7
21112	549547200	27.4
21112	552139200	29.1
21112	554817600	29.4
21112	557496000	25.9
21112	560088000	19.7
21112	562766400	13.9
21112	565358400	10.6
21112	568036800	9.6
21112	570715200	11.9
21112	573220800	15.3
21112	575899200	19.4
21112	578491200	20.7
21112	581169600	24.5
21112	583761600	31.4
21112	586440000	30.9
21112	589118400	25.8
21112	591710400	19.4
21112	594388800	13.3
21112	596980800	7.8
21112	599659200	6
21112	602337600	9.8
21113	773064000	23.9
21113	775742400	22
21113	778420800	19.7
21113	781012800	19.8
21113	783691200	18.5
21114	607435200	16.8
21114	610027200	22.4
21114	612705600	26
21114	615297600	29.4
21114	617976000	28.5
21114	620654400	24.7
21114	623246400	19.6
21114	625924800	13.6
21114	628516800	10.7
21114	631195200	7.7
21114	633873600	13.6
21114	636292800	16.1
21114	638971200	16.3
21114	641563200	22.2
21114	644241600	27.1
21114	646833600	29.7
21114	649512000	28.7
21114	652190400	23.9
21114	654782400	20.3
21114	657460800	14.9
21114	660052800	9.1
21114	662731200	8.6
21114	665409600	10
21114	667828800	13.6
21114	670507200	18
21114	673099200	21.3
21115	1178020800	17.8
21115	1180699200	22.1
21115	1183291200	26.5
21115	1185969600	25.3
21115	1188648000	21.9
21115	1191240000	19.2
21115	1193918400	15
21115	1196510400	10.9
21115	1199188800	11.3
21116	791640000	16
21116	794059200	18
21117	1204372800	13.4
21117	1207051200	17
21117	1209643200	16.9
21117	1212321600	23.8
21117	1214913600	25.9
21117	1217592000	25.5
21117	1220270400	22.1
21117	1222862400	16.5
21117	1225540800	11.5
21117	1228132800	9.6
21117	1230811200	9
21117	1233489600	11.3
21117	1235908800	14.2
21117	1238587200	13.7
21117	1241179200	19.4
21117	1243857600	24
21117	1246449600	27.2
21117	1249128000	26.5
21117	1251806400	21.3
21117	1254398400	21.7
21117	1257076800	16.7
21118	799329600	20.1
21118	802008000	20.7
21119	683726400	25.6
21119	686318400	17.8
21119	688996800	13.9
21119	691588800	8.8
21119	694267200	6.9
21119	696945600	9.7
21119	699451200	12.9
21119	702129600	17.6
21119	704721600	21.5
21119	707400000	23.9
21119	709992000	29.5
21119	712670400	28.4
21119	715348800	25.5
21119	717940800	18.8
21119	720619200	13.2
21119	723211200	9.5
21119	725889600	6.8
21119	728568000	9.1
21119	730987200	14.2
21119	733665600	18
21119	736257600	21.1
21119	738936000	27.7
21119	741528000	30.6
21120	807278400	23
21120	809956800	22.1
21121	746884800	24.9
21121	749476800	18.6
21122	1267444800	14
21122	1270123200	17
21122	1272715200	18.2
21122	1275393600	21.1
21122	1277985600	26.8
21123	815227200	20.1
21123	817819200	16.6
21123	820497600	15.9
21123	823176000	15.4
21123	825681600	16.1
21123	828360000	17.5
21123	830952000	20.1
21123	833630400	22.7
21123	836222400	22.4
21123	838900800	21.9
21123	841579200	21.5
21123	844171200	20
21123	846849600	18.6
21123	849441600	15.8
21123	852120000	15.7
21123	854798400	17.3
21123	857217600	18.8
21123	859896000	19.4
21123	862488000	19.8
21123	865166400	21.6
21123	867758400	21.7
21123	870436800	22
21123	873115200	22.2
21123	875707200	21.6
21123	878385600	18.2
21123	880977600	15
21123	883656000	15.4
21123	886334400	18.9
21123	888753600	20.5
21123	891432000	18.9
21123	894024000	19
21123	896702400	21.4
21123	899294400	21.2
21123	901972800	21.8
21123	904651200	21.7
21123	907243200	20.3
21124	754747200	9.8
21124	757425600	8.8
21124	760104000	11.5
21124	762523200	14.7
21124	765201600	18.7
21124	767793600	23.2
21124	770472000	28.9
21124	773064000	31.1
21124	775742400	30.1
21124	778420800	25.5
21124	781012800	19.5
21124	783691200	14.4
21124	786283200	10.2
21124	788961600	9.3
21124	791640000	12.6
21124	794059200	14.4
21124	796737600	15.8
21124	799329600	25.9
21124	802008000	26.5
21124	804600000	30.3
21124	807278400	29.5
21124	809956800	25
21124	812548800	20
21124	815227200	15.5
21124	817819200	11
21124	820497600	11.1
21124	823176000	11.2
21124	825681600	14.1
21124	828360000	19.5
21124	830952000	21.3
21124	833630400	25.5
21124	836222400	30.2
21124	838900800	28.6
21124	841579200	24.7
21124	844171200	20.9
21124	846849600	14.1
21124	849441600	10.1
21124	852120000	10.2
21124	854798400	13.9
21124	857217600	15.6
21124	859896000	18
21124	862488000	22.8
21124	865166400	26.8
21124	867758400	29.7
21124	870436800	27.6
21124	873115200	24.5
21124	875707200	21
21124	878385600	15.8
21124	880977600	10.8
21124	883656000	10.2
21124	886334400	13.3
21124	888753600	15.7
21124	891432000	20.4
21124	894024000	21.2
21124	896702400	27.7
21124	899294400	32.2
21124	901972800	31
21124	904651200	27.1
21124	907243200	20.6
21124	909921600	15.4
21124	912513600	8.7
21124	915192000	8.7
21124	917870400	10.2
21124	920289600	14.2
21124	922968000	20.9
21124	925560000	24.8
21124	928238400	28.4
21124	930830400	31.2
21124	933508800	30
21124	936187200	26.1
21124	938779200	19.6
21124	941457600	12.6
21124	944049600	9.2
21124	946728000	7.2
21124	949406400	13.2
21124	951912000	16.5
21124	954590400	17.5
21124	957182400	22.2
21124	959860800	28.5
21124	962452800	31.2
21124	965131200	30.3
21124	967809600	25.6
21124	970401600	18.5
21124	973080000	14.4
21124	975672000	10.4
21124	978350400	10.9
21124	981028800	12.3
21124	983448000	18.2
21124	986126400	21
21124	988718400	23
21124	991396800	29.7
21125	1283342400	24
21125	1285934400	24
21126	996667200	29.8
21126	999345600	26.4
21126	1001937600	21.9
21126	1004616000	14.4
21126	1007208000	11.3
21126	1009886400	10.4
21126	1012564800	13.6
21126	1014984000	14.8
21127	1291204800	13.3
21127	1293883200	11.1
21127	1296561600	10.3
21127	1298980800	12.5
21127	1301659200	17.7
21127	1304251200	20.4
21127	1306929600	25.2
21127	1309521600	25.4
21127	1312200000	26.6
21127	1314878400	23.3
21127	1317470400	20.8
21127	1320148800	14.1
21127	1322740800	10.3
21127	1325419200	9.8
21127	1328097600	8.4
21128	1020254400	23.8
21128	1022932800	28.8
21128	1025524800	31
21128	1028203200	28.9
21128	1030881600	25.4
21128	1033473600	21.7
21128	1036152000	15.8
21128	1038744000	11.4
21128	1041422400	9.7
21128	1044100800	11.9
21128	1046520000	16.5
21128	1049198400	19.4
21128	1051790400	24.3
21128	1054468800	28
21128	1057060800	31
21128	1059739200	28.8
21128	1062417600	26.3
21128	1065009600	19.9
21128	1067688000	13.8
21128	1070280000	10.1
21128	1072958400	10.2
21128	1075636800	11.5
21128	1078142400	15.2
21128	1080820800	18.2
21128	1083412800	19.7
21128	1086091200	27.7
21128	1088683200	30.6
21128	1091361600	30.6
21128	1094040000	26.3
21128	1096632000	21.2
21128	1099310400	12.7
21128	1101902400	7.6
21128	1104580800	7.3
21128	1107259200	9.1
21128	1109678400	16.4
21128	1112356800	21.6
21128	1114948800	25.8
21128	1117627200	28.4
21128	1120219200	31.6
21128	1122897600	30.7
21128	1125576000	26.1
21129	1333281600	13
21129	1335873600	21.8
21129	1338552000	24.2
21129	1341144000	27
21129	1343822400	28.1
21129	1346500800	22.7
21129	1349092800	19.2
21129	1351771200	14.4
21129	1354363200	11
21129	1357041600	10.1
21129	1359720000	9.6
21129	1362139200	12.8
21129	1364817600	15
21129	1367409600	16.6
21129	1370088000	22
21129	1372680000	25.8
21129	1375358400	27.3
21129	1378036800	22.2
21129	1380628800	19.7
21129	1383307200	13.1
21129	1385899200	10.2
21129	1388577600	10.2
21129	1391256000	10.1
21129	1393675200	12
21129	1396353600	12
21129	1398945600	20.9
21129	1401624000	21.3
21129	1404216000	23.4
21129	1406894400	25.1
21129	1409572800	26.8
21129	1412164800	21.7
21129	1414843200	14.7
21129	1417435200	10.3
21129	1420113600	9.6
21129	1422792000	8.5
21129	1425211200	12.4
21129	1427889600	15.8
21129	1430481600	21.5
21130	1130846400	14.2
21130	1133438400	9
21130	1136116800	7.2
21130	1138795200	10.7
21130	1141214400	17.5
21130	1143892800	20.9
21130	1146484800	23.8
21131	1151755200	31.2
21131	1154433600	30.1
21131	1157112000	25.8
21131	1159704000	20.9
21131	1162382400	15.1
21132	1167652800	9.4
21132	1170331200	13.4
21132	1172750400	15.6
21133	1178020800	23
21133	1180699200	28.4
21133	1183291200	31.9
21133	1185969600	29.7
21133	1188648000	25.5
21133	1191240000	19.4
21133	1193918400	14.7
21133	1196510400	10.2
21133	1199188800	10.8
21134	1204372800	17
21134	1207051200	20.6
21134	1209643200	21.3
21134	1212321600	29.1
21134	1214913600	31.5
21134	1217592000	30.4
21134	1220270400	24.6
21134	1222862400	18
21134	1225540800	11.3
21134	1228132800	8.9
21134	1230811200	8.6
21134	1233489600	11
21134	1235908800	15.4
21134	1238587200	18.9
21134	1241179200	24
21134	1243857600	26.1
21134	1246449600	31.7
21134	1249128000	30.8
21134	1251806400	24.2
21134	1254398400	24.2
21134	1257076800	16.8
21135	1267444800	17.7
21135	1270123200	21.9
21135	1272715200	22.3
21135	1275393600	27.7
21135	1277985600	32.2
21135	1280664000	30.5
21135	1283342400	26.8
21135	1285934400	20
21135	1288612800	20
21135	1291204800	12.2
21135	1293883200	10.2
21135	1296561600	11.8
21135	1298980800	14.4
21135	1301659200	20
21135	1304251200	21.4
21136	1309521600	31.7
21136	1312200000	30.2
21136	1314878400	27.1
21136	1317470400	20.4
21136	1320148800	13.3
21136	1322740800	10.1
21136	1325419200	8
21136	1328097600	9.1
21136	1330603200	15.8
21136	1333281600	17.9
21136	1335873600	24.8
21136	1338552000	30.2
21136	1341144000	31.7
21136	1343822400	31
21136	1346500800	25.8
21136	1349092800	20.7
21136	1351771200	15.3
21136	1354363200	9.6
21136	1357041600	10.1
21136	1359720000	12.4
21136	1362139200	17
21136	1364817600	20.5
21136	1367409600	22
21136	1370088000	28.8
21136	1372680000	30.9
21136	1375358400	30.6
21137	1380628800	22.7
21137	1383307200	15.6
21137	1385899200	10
21137	1388577600	10.1
21137	1391256000	13.3
21137	1393675200	16
21137	1396353600	21.7
21137	1398945600	25.2
21137	1401624000	27.2
21137	1404216000	31.3
21137	1406894400	30.8
21137	1409572800	25.3
21137	1412164800	21.7
21137	1414843200	14.3
21137	1417435200	10
21138	1422792000	11.6
21138	1425211200	15.5
21138	1427889600	21.7
21138	1430481600	25.7
