group	x	y
33484	-347112000	-18.8
33484	-344433600	-12.3
33484	-342014400	-3.3
33484	-339336000	3.9
33484	-336744000	10.3
33484	-334065600	18.2
33484	-331473600	19.8
33484	-328795200	17.1
33484	-326116800	11.9
33484	-323524800	2.1
33484	-320846400	-16.2
33484	-318254400	-20.7
33484	-315576000	-19.5
33484	-312897600	-10.2
33484	-310392000	-11
33484	-307713600	3.3
33484	-305121600	9.8
33484	-302443200	17.4
33484	-299851200	18.1
33484	-297172800	15.6
33484	-294494400	9.7
33484	-291902400	-0.6
33484	-289224000	-11.1
33484	-286632000	-17.9
33484	-283953600	-16.4
33484	-281275200	-12.7
33484	-278856000	-5.6
33484	-276177600	5.7
33484	-273585600	10.9
33484	-270907200	15.3
33484	-268315200	19.5
33484	-265636800	16.4
33484	-262958400	9.9
33484	-260366400	-2.9
33484	-257688000	-11.1
33484	-255096000	-16
33484	-252417600	-20.4
33484	-249739200	-12.8
33484	-247320000	-3.6
33484	-244641600	4
33484	-242049600	13.2
33484	-239371200	17.2
33484	-236779200	20.3
33484	-234100800	18.1
33484	-231422400	10.7
33484	-228830400	0.9
33484	-226152000	-12.4
33484	-223560000	-12.9
33484	-220881600	-20.5
33484	-218203200	-12.2
33484	-215784000	-3.6
33484	-213105600	0.1
33484	-210513600	10.6
33484	-207835200	16
33484	-205243200	18.6
33484	-202564800	17
33484	-199886400	7.8
33484	-197294400	1
33484	-194616000	-4.2
33484	-192024000	-12
33484	-189345600	-14.8
33484	-186667200	-25.5
33484	-184161600	-7.3
33484	-181483200	-0.2
33484	-178891200	12.1
33484	-176212800	17.7
33484	-173620800	20.8
33484	-170942400	18
33484	-168264000	10.5
33484	-165672000	-1.8
33484	-162993600	-4.7
33484	-160401600	-10.7
33484	-157723200	-14.9
33484	-155044800	-14.8
33484	-152625600	-5.3
33484	-149947200	1.9
33484	-147355200	14.6
33484	-144676800	20.2
33484	-142084800	21
33484	-139406400	17.4
33484	-136728000	9.6
33484	-134136000	2.4
33484	-131457600	-10.4
33484	-128865600	-18.9
33484	-126187200	-20.2
33484	-123508800	-15.1
33484	-121089600	-7.7
33484	-118411200	-0.1
33484	-115819200	9.6
33484	-113140800	18.3
33484	-110548800	18.6
33484	-107870400	17.2
33484	-105192000	13.5
33484	-102600000	2.5
33484	-99921600	-8.9
33484	-97329600	-28
33484	-94651200	-23
33484	-91972800	-17
33484	-89553600	-4.7
33484	-86875200	5.2
33484	-84283200	12.3
33484	-81604800	15.6
33484	-79012800	19.4
33484	-76334400	14.4
33484	-73656000	7.7
33484	-71064000	2.5
33484	-68385600	-15.9
33484	-65793600	-21.2
33484	-63115200	-22
33484	-60436800	-20.6
33484	-57931200	-2.7
33484	-55252800	3.9
33484	-52660800	12.2
33484	-49982400	16.3
33484	-47390400	20.2
33484	-44712000	16.6
33484	-42033600	6.7
33484	-39441600	-0.9
33484	-36763200	-10
33484	-34171200	-18.1
33484	-31492800	-27.6
33484	-28814400	-24.5
33484	-26395200	-8.9
33484	-23716800	2.6
33484	-21124800	8.7
33484	-18446400	18.2
33484	-15854400	23.2
33484	-13176000	15.3
33484	-10497600	8.8
33484	-7905600	2.4
33484	-5227200	-8.3
33484	-2635200	-18.5
33484	43200	-17.6
33484	2721600	-16.5
33484	5140800	-13.4
33484	7819200	3.5
33484	10411200	8.9
33484	13089600	16.3
33484	15681600	18.8
33484	18360000	15.4
33484	21038400	9.4
33484	23630400	-0.1
33484	26308800	-10.5
33484	28900800	-17.8
33484	31579200	-13.3
33484	34257600	-22.5
33484	36676800	-12.7
33484	39355200	4
33484	41947200	10.1
33484	44625600	16.4
33484	47217600	17.4
33484	49896000	15.5
33484	52574400	9.5
33484	55166400	2.3
33484	57844800	-4.4
33484	60436800	-17.5
33484	63115200	-19.6
33484	65793600	-13.4
33484	68299200	-5.6
33484	70977600	6.4
33484	73569600	10
33484	76248000	18.2
33484	78840000	17.2
33484	81518400	15.4
33484	84196800	7.5
33484	86788800	1.3
33484	89467200	-6.8
33484	92059200	-15
33484	94737600	-18
33484	97416000	-17.2
33484	99835200	-5.8
33484	102513600	3
33484	105105600	9
33484	107784000	17.7
33484	110376000	19.3
33484	113054400	16.9
33484	115732800	11.3
33484	118324800	0.1
33484	121003200	-4.8
33484	123595200	-13.3
33484	126273600	-18.8
33484	128952000	-18.7
33484	131371200	-9
33484	134049600	5.7
33484	136641600	11
33484	139320000	15.9
33484	141912000	20.1
33484	144590400	18.9
33484	147268800	9.2
33484	149860800	-2.2
33484	152539200	-9.8
33484	155131200	-20.4
33484	157809600	-14.6
33484	160488000	-15.7
33484	162907200	-3
33484	165585600	2.5
33484	168177600	10.4
33484	170856000	16.5
33484	173448000	19.8
33484	176126400	16.1
33484	178804800	10.9
33484	181396800	1.2
33484	184075200	-9.3
33484	186667200	-20.9
33484	189345600	-19.4
33484	192024000	-16.2
33484	194529600	-9.2
33484	197208000	2.5
33484	199800000	10.2
33484	202478400	19.5
33484	205070400	19.6
33484	207748800	14.7
33484	210427200	10
33484	213019200	-1.6
33484	215697600	-10.8
33484	218289600	-16.6
33484	220968000	-25.7
33484	223646400	-17.9
33484	226065600	-3.9
33484	228744000	3.8
33484	231336000	10.4
33484	234014400	18.6
33484	236606400	19.4
33484	239284800	15.7
33484	241963200	11.4
33484	244555200	3.6
33484	247233600	-4
33484	249825600	-11.7
33484	252504000	-12
33484	255182400	-16.4
33484	257601600	-6.7
33484	260280000	5
33484	262872000	9.6
33484	265550400	18.9
33484	268142400	20.6
33484	270820800	15.3
33484	273499200	10.7
33484	276091200	1.2
33484	278769600	-5.5
33484	281361600	-14.8
33484	284040000	-22.2
33484	286718400	-11.9
33484	289137600	-4.8
33484	291816000	0.6
33484	294408000	11.2
33484	297086400	20.5
33484	299678400	20.4
33484	302356800	16
33484	305035200	10.6
33484	307627200	3.1
33484	310305600	-8.1
33484	312897600	-12.6
33484	315576000	-19.6
33484	318254400	-20.6
33484	320760000	-10.9
33484	323438400	0.9
33484	326030400	9.9
33484	328708800	18.1
33484	331300800	19.3
33484	333979200	17.2
33484	336657600	10.1
33484	339249600	1.1
33484	341928000	-4.7
33484	344520000	-14.6
33484	347198400	-21.6
33484	349876800	-15.2
33484	352296000	-3.2
33484	354974400	5.4
33484	357566400	13
33484	360244800	19.7
33484	362836800	18.5
33484	365515200	16.6
33484	368193600	10.4
33484	370785600	-2.2
33484	373464000	-15
33484	376056000	-16.4
33484	378734400	-18.5
33484	381412800	-17.1
33484	383832000	-9
33484	386510400	6.3
33484	389102400	11.6
33484	391780800	18.3
33484	394372800	18.5
33485	-2666606400	20.6
33485	-2663928000	17.1
33485	-2661249600	9.9
33485	-2658657600	1.5
33485	-2655979200	-11.3
33485	-2653387200	-11.9
33485	-2650708800	-15
33485	-2648030400	-23.7
33485	-2645611200	-8.7
33485	-2642932800	2.9
33485	-2640340800	10.6
33485	-2637662400	16.9
33485	-2635070400	21
33485	-2632392000	17.7
33485	-2629713600	12.3
33485	-2627121600	-1.1
33485	-2624443200	-13.5
33485	-2621851200	-11.2
33485	-2619172800	-24.7
33485	-2616494400	-15
33485	-2614075200	-6.5
33485	-2611396800	4.4
33485	-2608804800	10
33486	-1372852800	13.5
33486	-1370174400	9.2
33486	-1367496000	5.4
33486	-1364904000	-2.6
33486	-1362225600	-11.8
33486	-1359633600	-21
33486	-1356955200	-19.9
33486	-1354276800	-15.8
33486	-1351857600	-14.1
33486	-1349179200	-4.2
33486	-1346587200	4.9
33486	-1343908800	8.4
33486	-1341316800	11.9
33486	-1338638400	9.6
33486	-1335960000	5.9
33486	-1333368000	-3.6
33486	-1330689600	-11.4
33486	-1328097600	-16.9
33486	-1325419200	-19.3
33486	-1322740800	-15.4
33486	-1320235200	-11.4
33486	-1317556800	-2.4
33486	-1314964800	4.4
33486	-1312286400	10.8
33486	-1309694400	12.2
33486	-1307016000	10.2
33486	-1304337600	4.8
33486	-1301745600	-0.5
33486	-1299067200	-10.8
33486	-1296475200	-21
33486	-1293796800	-22.8
33486	-1291118400	-19.8
33486	-1288699200	-7
33486	-1286020800	0.9
33486	-1283428800	1.1
33486	-1280750400	10.2
33486	-1278158400	11.1
33486	-1275480000	8.7
33486	-1272801600	5.7
33486	-1270209600	-3
33486	-1267531200	-11.3
33486	-1264939200	-26.7
33486	-1262260800	-21.9
33486	-1259582400	-15.5
33486	-1257163200	-8.1
33486	-1254484800	-7.6
33486	-1251892800	3.1
33486	-1249214400	9.9
33487	-852033600	-28
33487	-849355200	-20.7
33487	-846936000	-14.3
33487	-844257600	-2
33487	-841665600	4.3
33487	-838987200	11.3
33487	-836395200	13.4
33487	-833716800	11.2
33487	-831038400	4.5
33487	-828446400	-0.3
33487	-825768000	-15.6
33487	-823176000	-25.6
33487	-820497600	-37.3
33487	-817819200	-30.3
33487	-815313600	-13
33487	-812635200	1
33487	-810043200	11.1
33487	-807364800	19.9
33487	-804772800	18.7
33487	-802094400	16.8
33487	-799416000	9.8
33487	-796824000	0.1
33487	-794145600	-18.3
33487	-791553600	-37.9
33487	-788875200	-36.3
33487	-786196800	-40.2
33487	-783777600	-21.9
33487	-781099200	0.3
33487	-778507200	15.3
33487	-775828800	17.9
33487	-773236800	20.2
33487	-770558400	17
33487	-767880000	10.7
33487	-765288000	1.5
33487	-762609600	-11.9
33487	-760017600	-26.9
33487	-757339200	-26.6
33487	-754660800	-22.6
33487	-752241600	-21.5
33487	-749563200	3.3
33487	-746971200	11
33487	-744292800	17.8
33487	-741700800	20.7
33487	-739022400	16.7
33487	-736344000	8.3
33487	-733752000	1.1
33487	-731073600	-13.8
33487	-728481600	-34.7
33487	-725803200	-35.8
33487	-723124800	-30.8
33487	-720705600	-19.2
33487	-718027200	5.1
33487	-715435200	12.7
33487	-712756800	18.2
33487	-710164800	20.3
33487	-707486400	16.3
33487	-704808000	9.6
33487	-702216000	-0.1
33487	-699537600	-15.3
33487	-696945600	-34.6
33487	-694267200	-30.7
33487	-691588800	-31.3
33487	-689083200	-15.5
33487	-686404800	4.9
33487	-683812800	9.2
33487	-681134400	16.5
33487	-678542400	20.7
33487	-675864000	16.3
33487	-673185600	9.4
33487	-670593600	-0.9
33487	-667915200	-20.4
33487	-665323200	-26.9
33487	-662644800	-29.7
33487	-659966400	-23.9
33487	-657547200	-19
33487	-654868800	5.5
33487	-652276800	10.5
33487	-649598400	17.3
33487	-647006400	20.2
33487	-644328000	17.4
33487	-641649600	8.7
33487	-639057600	0.4
33487	-636379200	-15.4
33487	-633787200	-32.4
33487	-631108800	-31.7
33487	-628430400	-33.3
33487	-626011200	-15.8
33487	-623332800	-5.4
33487	-620740800	12.9
33487	-618062400	18.9
33487	-615470400	21.5
33487	-612792000	17.1
33487	-610113600	10.6
33487	-607521600	-1.1
33487	-604843200	-21.4
33487	-602251200	-28.6
33487	-599572800	-38.6
33487	-596894400	-30.6
33487	-594475200	-18.3
33487	-591796800	-0.6
33487	-589204800	13.9
33487	-586526400	18.3
33487	-583934400	19.8
33487	-581256000	13.8
33487	-578577600	10.1
33487	-575985600	1.5
33487	-573307200	-12.1
33487	-570715200	-20.9
33487	-568036800	-30.7
33487	-565358400	-34.7
33487	-562852800	-19.7
33487	-560174400	0.1
33487	-557582400	11.8
33487	-554904000	17.2
33487	-552312000	19.4
33487	-549633600	17
33487	-546955200	10.3
33487	-544363200	-0.3
33487	-541684800	-20.2
33487	-539092800	-27.6
33487	-536414400	-30.6
33487	-533736000	-29.3
33487	-531316800	-13
33487	-528638400	1.4
33487	-526046400	12.5
33487	-523368000	19.6
33487	-520776000	22.1
33487	-518097600	16.6
33487	-515419200	12.8
33487	-512827200	1.1
33487	-510148800	-15.9
33487	-507556800	-25.5
33487	-504878400	-32.9
33487	-502200000	-29.5
33487	-499780800	-18.5
33487	-497102400	-0.3
33487	-494510400	8.2
33487	-491832000	18.7
33487	-489240000	17.1
33487	-486561600	19.7
33487	-483883200	10.8
33487	-481291200	1.6
33487	-478612800	-12.5
33487	-476020800	-36.4
33487	-473342400	-36.3
33487	-470664000	-22.4
33487	-468244800	-17.2
33487	-465566400	1.4
33487	-462974400	11.5
33487	-460296000	18
33487	-457704000	20.4
33487	-455025600	19.3
33487	-452347200	9.1
33487	-449755200	-0.4
33487	-447076800	-12.9
33487	-444484800	-23.6
33487	-441806400	-34.5
33487	-439128000	-28.7
33487	-436622400	-17.8
33487	-433944000	3.4
33487	-431352000	13.1
33487	-428673600	15.8
33487	-426081600	19.8
33487	-423403200	17.3
33487	-420724800	9
33487	-418132800	1
33487	-415454400	-17.7
33487	-412862400	-34.3
33487	-410184000	-35.4
33487	-407505600	-29.5
33487	-405086400	-17.8
33487	-402408000	1.7
33487	-399816000	9.6
33487	-397137600	19.3
33487	-394545600	19.2
33487	-391867200	15.9
33487	-389188800	8.9
33487	-386596800	-1
33487	-383918400	-16.1
33487	-381326400	-26.5
33487	-378648000	-34.5
33487	-375969600	-27
33487	-373550400	-20.1
33487	-370872000	-0.5
33487	-368280000	11.7
33487	-365601600	15.8
33487	-363009600	19.6
33487	-360331200	18.6
33487	-357652800	9.3
33487	-355060800	-0.1
33487	-352382400	-14.6
33487	-349790400	-23.5
33487	-347112000	-31.4
33487	-344433600	-28.5
33487	-342014400	-14.4
33487	-339336000	4
33487	-336744000	11
33487	-334065600	17.7
33487	-331473600	19.7
33487	-328795200	17.8
33487	-326116800	11.6
33487	-323524800	0.2
33487	-320846400	-23.5
33487	-318254400	-31.6
33487	-315576000	-33
33487	-312897600	-26.2
33487	-310392000	-17.8
33487	-307713600	1.6
33487	-305121600	9.8
33487	-302443200	16.4
33487	-299851200	18.8
33487	-297172800	16.3
33487	-294494400	9.6
33487	-291902400	-1.7
33487	-289224000	-17.7
33487	-286632000	-30.6
33487	-283953600	-32.3
33487	-281275200	-26.3
33487	-278856000	-18.3
33487	-276177600	6
33487	-273585600	10.7
33487	-270907200	15
33487	-268315200	19.9
33487	-265636800	16.6
33487	-262958400	9.4
33487	-260366400	-4.4
33487	-257688000	-15.9
33487	-255096000	-25.8
33487	-252417600	-34.6
33487	-249739200	-28
33487	-247320000	-15.2
33487	-244641600	1
33487	-242049600	13.5
33487	-239371200	16.9
33487	-236779200	19.8
33487	-234100800	17.5
33487	-231422400	10.8
33487	-228830400	-0.1
33487	-226152000	-20.4
33487	-223560000	-25.7
33487	-220881600	-34.7
33487	-218203200	-28.4
33487	-215784000	-11.6
33487	-213105600	-2.8
33487	-210513600	11.7
33487	-207835200	16.6
33487	-205243200	20.2
33487	-202564800	18
33487	-199886400	8.3
33487	-197294400	-0.2
33487	-194616000	-12.1
33487	-192024000	-26.8
33487	-189345600	-31.8
33487	-186667200	-37.5
33487	-184161600	-15
33487	-181483200	-0.6
33487	-178891200	11.8
33487	-176212800	19.4
33487	-173620800	21.1
33487	-170942400	18.7
33487	-168264000	10
33487	-165672000	-3.3
33487	-162993600	-12.5
33487	-160401600	-22.5
33487	-157723200	-27.9
33487	-155044800	-28.2
33487	-152625600	-16
33487	-149947200	0.8
33487	-147355200	13.7
33487	-144676800	19.6
33487	-142084800	20.4
33487	-139406400	16
33487	-136728000	9
33487	-134136000	0.8
33487	-131457600	-15.1
33487	-128865600	-27.6
33487	-126187200	-27.4
33487	-123508800	-22.3
33487	-121089600	-12.3
33487	-118411200	0.7
33487	-115819200	10
33487	-113140800	18
33487	-110548800	18.4
33487	-107870400	17.7
33487	-105192000	13.3
33487	-102600000	0.2
33487	-99921600	-12.4
33487	-97329600	-35.1
33487	-94651200	-34.1
33487	-91972800	-28.6
33487	-89553600	-13.4
33487	-86875200	4
33487	-84283200	13.5
33487	-81604800	15.7
33487	-79012800	19.7
33487	-76334400	15
33487	-73656000	8
33487	-71064000	1.2
33487	-68385600	-17.7
33487	-65793600	-29.6
33487	-63115200	-32.9
33487	-60436800	-30.3
33487	-57931200	-8.8
33487	-55252800	3.4
33487	-52660800	11.6
33487	-49982400	18.4
33487	-47390400	21.3
33487	-44712000	17
33487	-42033600	6.7
33487	-39441600	-1.4
33487	-36763200	-13.8
33487	-34171200	-26.1
33487	-31492800	-39.6
33487	-28814400	-33.8
33487	-26395200	-17.3
33487	-23716800	2.7
33487	-21124800	10.1
33487	-18446400	19
33487	-15854400	21.8
33487	-13176000	15
33487	-10497600	8.7
33487	-7905600	0.8
33487	-5227200	-14.7
33487	-2635200	-28.5
33487	43200	-30.1
33487	2721600	-24.8
33487	5140800	-18.1
33487	7819200	3.5
33487	10411200	10.7
33487	13089600	16.9
33487	15681600	19.7
33487	18360000	16.1
33487	21038400	8.8
33487	23630400	-1.4
33487	26308800	-16.7
33487	28900800	-30.2
33487	31579200	-27.4
33487	34257600	-26.8
33487	36676800	-15.7
33487	39355200	4.6
33487	41947200	11.6
33487	44625600	16.5
33487	47217600	18.1
33487	49896000	16.4
33487	52574400	8.9
33487	55166400	0.4
33487	57844800	-11.1
33487	60436800	-29.2
33487	63115200	-29.7
33487	65793600	-25.5
33487	68299200	-11.2
33487	70977600	6.9
33487	73569600	11.2
33487	76248000	18.5
33487	78840000	17.6
33487	81518400	16.9
33487	84196800	8.2
33487	86788800	-0.7
33487	89467200	-14.8
33487	92059200	-29
33487	94737600	-29.4
33487	97416000	-25.3
33487	99835200	-11.8
33487	102513600	4.2
33487	105105600	9.6
33487	107784000	18.7
33487	110376000	19.4
33487	113054400	16.7
33487	115732800	11.6
33487	118324800	-1.1
33487	121003200	-15.2
33487	123595200	-26.4
33487	126273600	-30
33487	128952000	-25.8
33487	131371200	-12.5
33487	134049600	6.2
33487	136641600	12.5
33487	139320000	17.2
33487	141912000	20
33487	144590400	19.2
33487	147268800	8.6
33487	149860800	-2.5
33487	152539200	-15.3
33487	155131200	-31.1
33487	157809600	-28.3
33487	160488000	-26
33487	162907200	-11.8
33487	165585600	1.4
33487	168177600	11
33487	170856000	17.4
33487	173448000	21.1
33487	176126400	16.9
33487	178804800	10.9
33487	181396800	0.1
33487	184075200	-14.5
33487	186667200	-30.1
33487	189345600	-30.8
33487	192024000	-22.4
33487	194529600	-11.6
33487	197208000	3.9
33487	199800000	10.3
33487	202478400	19.8
33487	205070400	18.2
33487	207748800	15.9
33487	210427200	11.4
33487	213019200	-1.3
33487	215697600	-21.5
33487	218289600	-27.6
33487	220968000	-36
33487	223646400	-23.5
33487	226065600	-9.5
33487	228744000	3.9
33487	231336000	10.4
33487	234014400	19.1
33487	236606400	19.3
33487	239284800	17.2
33487	241963200	11.6
33487	244555200	1.7
33487	247233600	-11.5
33487	249825600	-23.8
33487	252504000	-28
33487	255182400	-27.6
33487	257601600	-11
33487	260280000	4.2
33487	262872000	10.3
33487	265550400	20.6
33487	268142400	20.1
33487	270820800	15.9
33487	273499200	11.2
33487	276091200	0.4
33487	278769600	-13.5
33487	281361600	-25.3
33487	284040000	-28.8
33487	286718400	-20.9
33487	289137600	-10.8
33487	291816000	1.9
33487	294408000	12.3
33487	297086400	20.9
33487	299678400	21
33487	302356800	15.9
33487	305035200	11
33487	307627200	2.4
33487	310305600	-16.6
33487	312897600	-23.2
33487	315576000	-30.4
33487	318254400	-28.2
33487	320760000	-17.2
33487	323438400	0.4
33487	326030400	12.3
33487	328708800	18.1
33487	331300800	19.4
33487	333979200	19
33487	336657600	10.7
33487	339249600	-0.4
33487	341928000	-10.9
33487	344520000	-25.5
33487	347198400	-33.5
33487	349876800	-24.2
33487	352296000	-8.6
33487	354974400	7.2
33487	357566400	13.7
33487	360244800	20.3
33487	362836800	19.3
33487	365515200	16.7
33487	368193600	10.5
33487	370785600	-3.2
33487	373464000	-20.1
33487	376056000	-29.1
33487	378734400	-27.6
33487	381412800	-26.1
33487	383832000	-12.1
33487	386510400	6
33487	389102400	12.5
33487	391780800	18.4
33487	394372800	18.9
33488	-189345600	-26.1
33488	-186667200	-31.2
33488	-184161600	-12.4
33488	-181483200	-2.2
33488	-178891200	10
33488	-176212800	17.3
33488	-173620800	18.3
33488	-170942400	15.9
33488	-168264000	8.6
33488	-165672000	-4
33488	-162993600	-10.9
33488	-160401600	-18.4
33488	-157723200	-22.9
33488	-155044800	-22.8
33488	-152625600	-11.9
33488	-149947200	-0.2
33488	-147355200	12.4
33488	-144676800	17.8
33488	-142084800	18.1
33488	-139406400	13.7
33488	-136728000	8
33488	-134136000	0.2
33488	-131457600	-15.6
33488	-128865600	-23.9
33488	-126187200	-24.3
33488	-123508800	-20.3
33488	-121089600	-11.1
33488	-118411200	-1.4
33488	-115819200	8.4
33488	-113140800	15.6
33488	-110548800	15.6
33488	-107870400	15.2
33488	-105192000	11.8
33488	-102600000	-1.2
33488	-99921600	-12.2
33488	-97329600	-31.2
33488	-94651200	-28.9
33488	-91972800	-23.6
33488	-89553600	-10.9
33488	-86875200	2.3
33488	-84283200	12
33488	-81604800	13.2
33488	-79012800	17.1
33488	-76334400	12.4
33488	-73656000	6.3
33488	-71064000	1.3
33488	-68385600	-15.6
33488	-65793600	-25.1
33488	-63115200	-27.6
33488	-60436800	-24.6
33488	-57931200	-7.7
33488	-55252800	1.7
33488	-52660800	10.2
33488	-49982400	16.1
33488	-47390400	18.7
33488	-44712000	14.6
33488	-42033600	4.7
33488	-39441600	-2.7
33488	-36763200	-14.7
33488	-34171200	-22.9
33488	-31492800	-35.3
33488	-28814400	-30.1
33488	-26395200	-14.9
33488	-23716800	0.8
33488	-21124800	8.3
33488	-18446400	16.8
33488	-15854400	18.9
33488	-13176000	12.7
33488	-10497600	6.7
33488	-7905600	-0.5
33488	-5227200	-13.7
33488	-2635200	-24.4
33488	43200	-25.2
33488	2721600	-20.8
33488	5140800	-14.8
33488	7819200	1.4
33488	10411200	8.9
33488	13089600	14.8
33488	15681600	17.3
33488	18360000	13.7
33488	21038400	7.1
33488	23630400	-1.9
33488	26308800	-16.1
33488	28900800	-26.2
33488	31579200	-23.1
33488	34257600	-22.5
33488	36676800	-13.8
33488	39355200	3.4
33488	41947200	10
33488	44625600	13.8
33488	47217600	15
33488	49896000	14
33488	52574400	7
33488	55166400	0.6
33488	57844800	-10.1
33488	60436800	-25
33488	63115200	-24.7
33488	65793600	-22
33488	68299200	-10.1
33488	70977600	5.3
33488	73569600	9.5
33488	76248000	16.2
33488	78840000	15
33488	81518400	14.6
33488	84196800	6.5
33488	86788800	-1.8
33488	89467200	-12.9
33488	92059200	-23.2
33488	94737600	-25
33488	97416000	-21.6
33488	99835200	-10.2
33488	102513600	2.8
33488	105105600	7.8
33488	107784000	16.4
33488	110376000	16.8
33488	113054400	14.4
33488	115732800	9.8
33488	118324800	-1.5
33488	121003200	-12.5
33488	123595200	-24
33488	126273600	-25.5
33488	128952000	-23.4
33488	131371200	-12.5
33488	134049600	4.1
33488	136641600	10.9
33488	139320000	15
33488	141912000	17.7
33488	144590400	17.2
33488	147268800	6.6
33488	149860800	-3.6
33488	152539200	-15.6
33488	155131200	-27.8
33488	157809600	-23
33488	160488000	-21.2
33488	162907200	-10.4
33488	165585600	-1.2
33488	168177600	9.4
33488	170856000	15.1
33488	173448000	18.6
33488	176126400	14.8
33488	178804800	9.1
33488	181396800	-0.2
33488	184075200	-13.4
33488	186667200	-27.2
33488	189345600	-25.8
33488	192024000	-19.3
33488	194529600	-12.2
33488	197208000	1.8
33488	199800000	8.5
33488	202478400	17
33488	205070400	15.6
33488	207748800	13.6
33488	210427200	9.4
33488	213019200	-2.5
33488	215697600	-19.2
33488	218289600	-24
33488	220968000	-32.2
33488	223646400	-20.6
33488	226065600	-11.2
33488	228744000	1.7
33488	231336000	8.7
33488	234014400	16.8
33488	236606400	16.6
33488	239284800	15
33488	241963200	10.4
33488	244555200	1.3
33488	247233600	-11.9
33488	249825600	-20.5
33488	252504000	-23.4
33488	255182400	-22.7
33488	257601600	-10.6
33488	260280000	2.9
33488	262872000	8.4
33488	265550400	18
33488	268142400	17.4
33488	270820800	13.6
33488	273499200	9.9
33488	276091200	0
33488	278769600	-12.5
33488	281361600	-21.7
33488	284040000	-24.7
33488	286718400	-17.3
33488	289137600	-10.7
33488	291816000	-1.1
33488	294408000	10.5
33488	297086400	18.4
33488	299678400	18.3
33488	302356800	13.8
33488	305035200	9.4
33488	307627200	1.6
33488	310305600	-15
33488	312897600	-19.8
33488	315576000	-26.1
33488	318254400	-23.8
33488	320760000	-15.2
33488	323438400	-1.9
33488	326030400	10.7
33488	328708800	15.5
33488	331300800	16.9
33488	333979200	17.1
33488	336657600	9.3
33488	339249600	-1.5
33488	341928000	-10.8
33488	344520000	-22.8
33488	347198400	-28.3
33488	349876800	-19.8
33488	352296000	-9
33488	354974400	5.4
33488	357566400	11.8
33488	360244800	17.6
33488	362836800	17.1
33488	365515200	14.1
33488	368193600	8.6
33488	370785600	-4.8
33488	373464000	-17.8
33488	376056000	-25.2
33488	378734400	-23.5
33488	381412800	-21.8
33488	383832000	-12.7
33488	386510400	4.2
33488	389102400	10.8
33488	391780800	15.7
33488	394372800	16.3
33488	397051200	14.2
33488	399729600	9.1
33488	402321600	2.9
33488	4.05e+08	-11.9
33488	407592000	-21.1
33488	410270400	-24.1
33488	412948800	-19.8
33488	415368000	-9.7
33488	418046400	-1.7
33488	420638400	9.3
33488	423316800	13
33488	425908800	15.9
33488	428587200	15
33488	431265600	7
33488	433857600	1.9
33488	436536000	-8.5
33488	439128000	-24.4
33488	441806400	-27.7
33488	444484800	-26.8
33488	446990400	-9.3
33488	449668800	0.3
33488	452260800	9.9
33488	454939200	15.2
33488	457531200	14.5
33488	460209600	13.7
33488	462888000	9.3
33488	465480000	1.3
33488	468158400	-16.5
33488	470750400	-27
33488	473428800	-24.3
33488	476107200	-21.3
33488	478526400	-14.6
33488	481204800	2.8
33488	483796800	8.6
33488	486475200	13.2
33488	489067200	15.6
33488	491745600	13.8
33488	494424000	7.6
33488	497016000	0
33488	499694400	-13.4
33488	502286400	-24.2
33488	504964800	-23.9
33488	507643200	-21.4
33488	510062400	-10.2
33488	512740800	1.5
33488	515332800	12.1
33488	518011200	15.3
33488	520603200	17
33488	523281600	14.3
33488	525960000	9
33488	528552000	-1.5
33488	531230400	-16.6
33488	533822400	-23.1
33488	536500800	-22.5
33488	539179200	-17.2
33488	541598400	-11.5
33488	544276800	3.9
33488	546868800	10.4
33488	549547200	12.6
33488	552139200	17.4
33488	554817600	16.3
33488	557496000	8.5
33488	560088000	-3.2
33488	562766400	-16.8
33488	565358400	-20.7
33488	568036800	-26.8
33488	570715200	-22.7
33488	573220800	-11.2
33488	575899200	2.5
33488	578491200	9.6
33488	581169600	14
33488	583761600	15.1
33488	586440000	15.7
33488	589118400	10.6
33488	591710400	0.9
33488	594388800	-11
33488	596980800	-19.9
33488	599659200	-23.5
33488	602337600	-21.3
33488	604756800	-6.3
33488	607435200	3.8
33488	610027200	11.4
33488	612705600	14.7
33488	615297600	16.4
33488	617976000	16.1
33488	620654400	8.5
33488	623246400	1.8
33488	625924800	-14.9
33488	628516800	-18.5
33488	631195200	-26.4
33488	633873600	-18
33488	636292800	-7
33488	638971200	2.3
33488	641563200	12.6
33488	644241600	15.2
33488	646833600	18.5
33488	649512000	14.3
33488	652190400	8.4
33488	654782400	1.2
33488	657460800	-14.9
33488	660052800	-20.2
33488	662731200	-25.1
33488	665409600	-19.3
33488	667828800	-12.8
33488	670507200	0.4
33488	673099200	9.6
33488	675777600	15.4
33488	678369600	18.5
33488	681048000	14.7
33488	683726400	8.6
33488	686318400	1.9
33488	688996800	-14
33488	691588800	-23.8
33488	694267200	-22.9
33488	696945600	-20.5
33488	699451200	-10.8
33488	702129600	2.3
33488	704721600	11.9
33488	707400000	15.3
33488	709992000	18.1
33488	712670400	13.5
33488	715348800	5.6
33488	717940800	-0.9
33488	720619200	-10.5
33488	723211200	-20.7
33488	725889600	-26
33488	728568000	-15.3
33488	730987200	-7.2
33488	733665600	1.9
33488	736257600	8.1
33488	738936000	14.5
33488	741528000	17
33488	744206400	14.6
33488	746884800	7.5
33488	749476800	0.6
33488	752155200	-17.9
33488	754747200	-23.7
33488	757425600	-21.1
33488	760104000	-19.2
33488	762523200	-10.8
33488	765201600	4
33488	767793600	10.8
33488	770472000	16.6
33489	-220881600	-19
33489	-218203200	-17.6
33489	-215784000	-6.4
33489	-213105600	-7
33489	-210513600	5
33489	-207835200	10.9
33489	-205243200	13.3
33489	-202564800	12.2
33489	-199886400	4
33489	-197294400	-4.2
33489	-194616000	-10.6
33489	-192024000	-17
33489	-189345600	-20.3
33489	-186667200	-25.9
33489	-184161600	-10.4
33489	-181483200	-2.4
33489	-178891200	5.4
33489	-176212800	13.6
33489	-173620800	13.6
33489	-170942400	12.2
33489	-168264000	5.3
33489	-165672000	-6.4
33489	-162993600	-9.8
33489	-160401600	-12.6
33489	-157723200	-17.3
33489	-155044800	-16.4
33489	-152625600	-9.1
33489	-149947200	-2.9
33489	-147355200	8.3
33489	-144676800	12.6
33489	-142084800	13.9
33489	-139406400	10.6
33489	-136728000	5.8
33489	-134136000	-2.3
33489	-131457600	-11.8
33489	-128865600	-19.3
33489	-126187200	-18.5
33489	-123508800	-14.3
33489	-121089600	-8.8
33489	-118411200	-3.4
33489	-115819200	4.5
33489	-113140800	12.1
33489	-110548800	12.6
33489	-107870400	12.5
33489	-105192000	8.4
33489	-102600000	-1.5
33489	-99921600	-11.6
33489	-97329600	-25.8
33489	-94651200	-22
33489	-91972800	-18.2
33489	-89553600	-8.5
33489	-86875200	-1.5
33489	-84283200	9
33489	-81604800	10.1
33489	-79012800	13
33489	-76334400	9.1
33489	-73656000	3.8
33489	-71064000	-1.4
33489	-68385600	-14.8
33489	-65793600	-22.7
33489	-63115200	-23.9
33489	-60436800	-22.1
33489	-57931200	-8.4
33489	-55252800	-3.1
33489	-52660800	6.4
33489	-49982400	12.4
33489	-47390400	14
33489	-44712000	10.2
33489	-42033600	2.2
33489	-39441600	-4.3
33489	-36763200	-11
33489	-34171200	-17.1
33489	-31492800	-28.8
33489	-28814400	-23.7
33489	-26395200	-10.6
33489	-23716800	-1.3
33489	-21124800	4.6
33489	-18446400	11.8
33489	-15854400	14.8
33489	-13176000	8.9
33489	-10497600	3.8
33489	-7905600	-2.2
33489	-5227200	-11.4
33489	-2635200	-19.5
33489	43200	-18.4
33489	2721600	-16.3
33489	5140800	-13.6
33489	7819200	-2.3
33489	10411200	4.4
33489	13089600	10.6
33489	15681600	12.7
33489	18360000	11.2
33489	21038400	4.6
33489	23630400	-3.3
33489	26308800	-13.8
33489	28900800	-20.2
33489	31579200	-18
33489	34257600	-17.9
33489	36676800	-12.5
33489	39355200	0.1
33489	41947200	5.1
33489	44625600	10.8
33489	47217600	12
33489	49896000	12.1
33489	52574400	5.5
33489	55166400	-1.5
33489	57844800	-10.3
33489	60436800	-18.4
33489	63115200	-19.7
33489	65793600	-19.5
33489	68299200	-9.1
33489	70977600	0.4
33489	73569600	6.6
33489	76248000	12.8
33489	78840000	11.7
33489	81518400	11.6
33489	84196800	3.8
33489	86788800	-2.5
33489	89467200	-9.8
33489	92059200	-18.9
33489	94737600	-20.2
33489	97416000	-19.6
33489	99835200	-10.3
33489	102513600	-0.7
33489	105105600	3.2
33489	107784000	11.8
33489	110376000	12.6
33489	113054400	12
33489	115732800	6.9
33489	118324800	-1.9
33489	121003200	-8.8
33489	123595200	-18
33489	126273600	-19.1
33489	128952000	-20.7
33489	131371200	-11.4
33489	134049600	0.7
33489	136641600	7.4
33489	139320000	11.3
33489	141912000	15.4
33489	144590400	12.9
33489	147268800	3.9
33489	149860800	-3.7
33489	152539200	-12.5
33489	155131200	-22.6
33489	157809600	-17.2
33489	160488000	-15.8
33489	162907200	-8.2
33489	165585600	-4.7
33489	168177600	4.1
33489	170856000	11.1
33489	173448000	13.4
33489	176126400	11.4
33489	178804800	5.5
33489	181396800	-3.5
33489	184075200	-10.7
33489	186667200	-20.5
33489	189345600	-20.4
33489	192024000	-15.3
33489	194529600	-12.1
33489	197208000	-1.6
33489	199800000	5.5
33489	202478400	13
33489	205070400	11.5
33489	207748800	10.3
33490	399729600	10.1
33490	402321600	3.5
33490	4.05e+08	-3.1
33490	407592000	-12.4
33490	410270400	-14.6
33490	412948800	-14.3
33490	415368000	-3.2
33490	418046400	0.5
33490	420638400	9.3
33490	423316800	17.5
33490	425908800	18.4
33490	428587200	17.3
33490	431265600	8.7
33490	433857600	4.1
33490	436536000	-2.9
33490	439128000	-13.7
33490	441806400	-20.6
33490	444484800	-21.7
33490	446990400	-6.1
33490	449668800	-0.3
33490	452260800	11.1
33490	454939200	17.9
33490	457531200	17.9
33490	460209600	15.8
33490	462888000	10.3
33490	465480000	3
33490	468158400	-9.5
33490	470750400	-18.7
33490	473428800	-16.5
33490	476107200	-21.1
33490	478526400	-10.2
33490	481204800	3.4
33490	483796800	9.8
33490	486475200	14.9
33490	489067200	19.1
33490	491745600	16
33490	494424000	9.5
33490	497016000	2.1
33490	499694400	-6.3
33490	502286400	-17.9
33490	504964800	-17.7
33490	507643200	-18
33490	510062400	-4.9
33490	512740800	2.6
33490	515332800	10.9
33490	518011200	16.9
33490	520603200	21
33490	523281600	16.5
33490	525960000	10.4
33490	528552000	0.3
33490	531230400	-9.8
33490	533822400	-16
33490	536500800	-16.2
33490	539179200	-14.1
33490	541598400	-9.4
33490	544276800	2.8
33490	546868800	12.3
33490	549547200	13.7
33490	552139200	19.5
33490	554817600	18.2
33490	557496000	10.6
33490	560088000	0.2
33490	562766400	-13.1
33490	565358400	-12.8
33490	568036800	-18.8
33490	570715200	-18.5
33490	573220800	-8
33490	575899200	4.7
33490	578491200	10.1
33490	581169600	15.7
33490	583761600	17.4
33490	586440000	16.5
33490	589118400	11.4
33490	591710400	2.3
33490	594388800	-5.6
33490	596980800	-12.9
33490	599659200	-14.9
33490	602337600	-15.3
33490	604756800	-2
33490	607435200	3.4
33490	610027200	12.4
33490	612705600	15.8
33490	615297600	19.9
33490	617976000	17
33490	620654400	9.2
33490	623246400	3.3
33490	625924800	-10.6
33490	628516800	-13.8
33490	631195200	-21.1
33490	633873600	-14.7
33490	636292800	-3.3
33490	638971200	4.4
33490	641563200	14.3
33490	644241600	17.4
33490	646833600	21.3
33490	649512000	17.1
33490	652190400	9.8
33490	654782400	4.3
33490	657460800	-7.4
33490	660052800	-10.4
33490	662731200	-14.4
33490	665409600	-11.8
33490	667828800	-8.3
33490	670507200	3
33490	673099200	10.7
33490	675777600	17.7
33490	678369600	20.8
33490	681048000	16.9
33490	683726400	10.5
33490	686318400	2.4
33490	688996800	-7.4
33490	691588800	-18.2
33490	694267200	-11.6
33490	696945600	-14.7
33490	699451200	-6.9
33490	702129600	3.2
33490	704721600	13.5
33490	707400000	16.5
33490	709992000	21.3
33490	712670400	16.4
33490	715348800	7.3
33490	717940800	1.1
33490	720619200	-5.7
33490	723211200	-12.4
33490	725889600	-17.4
33490	728568000	-11.6
33490	730987200	-5.3
33490	733665600	3.4
33490	736257600	9.3
33490	738936000	17
33490	741528000	20.8
33490	744206400	17
33490	746884800	8.9
33490	749476800	2.7
33490	752155200	-13.7
33490	754747200	-16.2
33490	757425600	-14.9
33490	760104000	-18.9
33490	762523200	-6.3
33490	765201600	3.8
33490	767793600	12.3
33490	770472000	21.1
33490	773064000	21
33490	775742400	16.4
33490	778420800	9.7
33490	781012800	2.8
33490	783691200	-6.6
33490	786283200	-14.8
33490	788961600	-16.8
33490	791640000	-12.4
33490	794059200	-3.5
33490	796737600	5
33490	799329600	10.9
33490	802008000	14.3
33490	804600000	20.9
33490	807278400	18.7
33490	809956800	9.2
33490	812548800	4.1
33490	815227200	-3.4
33490	817819200	-13.1
33490	820497600	-21.9
33490	823176000	-20
33490	825681600	-8.7
33490	828360000	2.2
33490	830952000	11.4
33490	833630400	16.6
33490	836222400	21.9
33490	838900800	16.3
33490	841579200	7.7
33490	844171200	0.8
33490	846849600	-9.7
33490	849441600	-12.6
33490	852120000	-14.8
33490	854798400	-12.9
33490	857217600	-1.3
33490	859896000	8.8
33490	862488000	13.2
33490	865166400	17.3
33490	867758400	18.6
33490	870436800	17.1
33490	873115200	10.1
33490	875707200	2.9
33490	878385600	-8.3
33490	880977600	-14.3
33490	883656000	-20.5
33490	886334400	-11.3
33490	888753600	-6.2
33490	891432000	3.7
33490	894024000	11.5
33490	896702400	16.6
33490	899294400	21.9
33490	901972800	19.9
33490	904651200	10.6
33490	907243200	3.3
33490	909921600	-8.8
33490	912513600	-8.9
33490	915192000	-17.2
33490	917870400	-14.5
33490	920289600	-15.1
33490	922968000	3.8
33490	925560000	16
33490	928238400	17.2
33490	930830400	22.8
33490	933508800	16.8
33490	936187200	9.5
33490	938779200	1.7
33490	941457600	-8.8
33490	944049600	-10.7
33490	946728000	-21.3
33490	949406400	-12.7
33490	951912000	-2.8
33490	954590400	5.9
33490	957182400	12.3
33490	959860800	17.2
33490	962452800	18.9
33490	965131200	17.9
33490	967809600	10.7
33490	970401600	0
33490	973080000	-10.5
33490	975672000	-13.3
33490	978350400	-22.1
33490	981028800	-16.2
33490	983448000	-4.4
33490	986126400	3.8
33490	988718400	14.9
33490	991396800	19.8
33490	993988800	18.3
33490	996667200	19.4
33490	999345600	10.6
33490	1001937600	1.5
33490	1004616000	-3.1
33490	1007208000	-16.3
33490	1009886400	-7.5
33490	1012564800	-6.1
33490	1014984000	-1
33490	1017662400	2.5
33490	1020254400	13.9
33490	1022932800	18.5
33490	1025524800	19.6
33490	1028203200	18
33490	1030881600	10.4
33490	1033473600	-0.1
33490	1036152000	-6.3
33490	1038744000	-22.5
33490	1041422400	-16.1
33490	1044100800	-14.6
33490	1046520000	-6
33490	1049198400	2.7
33490	1051790400	12
33490	1054468800	18.9
33490	1057060800	18.8
33490	1059739200	16.3
33490	1062417600	10.4
33490	1065009600	1.6
33490	1067688000	-8.3
33490	1070280000	-13.8
33490	1072958400	-18.7
33490	1075636800	-10.2
33490	1078142400	-5.8
33490	1080820800	3.2
33490	1083412800	14.1
33490	1086091200	18.1
33490	1088683200	19.6
33490	1091361600	16.7
33490	1094040000	10.9
33490	1096632000	3.7
33490	1099310400	-6.1
33490	1101902400	-16.4
33490	1104580800	-21
33490	1107259200	-24.5
33490	1109678400	-5.1
33490	1112356800	4.7
33490	1114948800	10.8
33490	1117627200	18.3
33490	1120219200	22.4
33490	1122897600	18
33490	1125576000	10.7
33490	1128168000	4.7
33490	1130846400	-5.5
33490	1133438400	-22
33490	1136116800	-21.4
33490	1138795200	-18
33490	1141214400	-6.3
33490	1143892800	-0.3
33490	1146484800	9.6
33490	1149163200	18.9
33490	1151755200	19.3
33490	1154433600	14.9
33490	1157112000	10.3
33490	1159704000	2.8
33490	1162382400	-5.5
33490	1164974400	-9.7
33490	1167652800	-11.8
33490	1170331200	-8.9
33490	1172750400	-4.6
33490	1175428800	8.4
33490	1178020800	13.1
33490	1180699200	16.1
33490	1183291200	22.8
33490	1185969600	16.6
33490	1188648000	12.4
33490	1191240000	1.8
33490	1193918400	-6.9
33490	1196510400	-10.5
33490	1199188800	-21.5
33490	1201867200	-15.2
33490	1204372800	-0.2
33490	1207051200	4.3
33490	1209643200	12.3
33490	1212321600	19.6
33490	1214913600	20.9
33490	1217592000	16.9
33490	1220270400	9.5
33490	1222862400	3.2
33490	1225540800	-2.2
33490	1228132800	-15.7
33490	1230811200	-20
33490	1233489600	-20.3
33490	1235908800	-8.1
33490	1238587200	6
33490	1241179200	12.7
33490	1243857600	16
33490	1246449600	20.1
33490	1249128000	16.8
33490	1251806400	9.8
33490	1254398400	2.2
33490	1257076800	-6.5
33490	1259668800	-15
33490	1262347200	-25.9
33490	1265025600	-23
33490	1267444800	-7.9
33490	1270123200	2.8
33490	1272715200	9.4
33490	1275393600	18
33490	1277985600	19.5
33490	1280664000	16.7
33490	1283342400	10.7
33490	1285934400	3.6
33490	1288612800	-2.7
33490	1291204800	-20.3
33490	1293883200	-28.9
33490	1296561600	-15.4
33490	1298980800	-7
33490	1301659200	7.9
33490	1304251200	11.8
33490	1306929600	19.9
33490	1309521600	17.8
33490	1312200000	17.3
33490	1314878400	10.2
33490	1317470400	5
33490	1320148800	-8.6
33490	1322740800	-15.7
33490	1325419200	-23
33490	1328097600	-27
33490	1330603200	-8.9
33490	1333281600	4.3
33490	1335873600	11
33490	1338552000	21.5
33490	1341144000	21.2
33490	1343822400	17.1
33490	1346500800	11.6
33490	1349092800	2.9
33490	1351771200	-6.8
33490	1354363200	-21.9
33490	1357041600	-19.8
33490	1359720000	-16.2
33490	1362139200	-4.2
33490	1364817600	5.7
33490	1367409600	10.1
33490	1370088000	16.5
33490	1372680000	19.4
33490	1375358400	17.9
33490	1378036800	8.8
33490	1380628800	2.7
33491	-2603534400	22.3
33491	-2600856000	15.5
33491	-2598177600	8.9
33491	-2595585600	3.2
33491	-2592907200	-3.8
33492	-1241265600	3.1
33492	-1238673600	-1.5
33492	-1235995200	-10.1
33492	-1233403200	-18.3
33492	-1230724800	-20.7
33492	-1228046400	-22.4
33492	-1225627200	-10.6
33492	-1222948800	-4.8
33492	-1220356800	0.3
33492	-1217678400	11.7
33492	-1215086400	10.9
33492	-1212408000	11.8
33492	-1209729600	4.4
33492	-1207137600	-1.1
33492	-1204459200	-13.7
33492	-1201867200	-17.5
33492	-1199188800	-15
33492	-1196510400	-13.7
33492	-1194004800	-11.8
33492	-1191326400	-2.6
33492	-1188734400	0.5
33492	-1186056000	7.6
33492	-1183464000	14.9
33492	-1180785600	8.1
33493	399729600	10.8
33493	402321600	3
33493	4.05e+08	-12.4
33493	407592000	-23.6
33493	410270400	-27.5
33493	412948800	-23.6
33493	415368000	-11.2
33493	418046400	0.8
33493	420638400	11.3
33493	423316800	15.8
33493	425908800	18.3
33493	428587200	17.5
33493	431265600	9.2
33493	433857600	2.3
33493	436536000	-8.9
33493	439128000	-27
33493	441806400	-30.9
33493	444484800	-30
33493	446990400	-10.2
33493	449668800	1.6
33493	452260800	11.8
33493	454939200	17.9
33493	457531200	17.6
33493	460209600	16.4
33493	462888000	11.5
33493	465480000	2.2
33493	468158400	-18
33493	470750400	-29.4
33493	473428800	-28.7
33493	476107200	-25.7
33493	478526400	-15.8
33493	481204800	4.8
33493	483796800	10.5
33493	486475200	15.7
33493	489067200	18.5
33493	491745600	16.2
33493	494424000	9.4
33493	497016000	1
33493	499694400	-12.9
33493	502286400	-27.7
33493	504964800	-27.6
33493	507643200	-24.2
33493	510062400	-10.9
33493	512740800	3.3
33493	515332800	14.1
33493	518011200	18.1
33493	520603200	19.4
33493	523281600	16.3
33493	525960000	10.7
33493	528552000	-0.4
33493	531230400	-18.2
33493	533822400	-26.8
33493	536500800	-25.6
33493	539179200	-19.9
33493	541598400	-11
33493	544276800	5.7
33493	546868800	12
33493	549547200	15.1
33493	552139200	19.8
33493	554817600	18.8
33493	557496000	10.3
33493	560088000	-1.3
33493	562766400	-16.9
33493	565358400	-23.5
33493	568036800	-30.1
33493	570715200	-25.1
33493	573220800	-11.6
33493	575899200	4.5
33493	578491200	12.2
33493	581169600	16.6
33493	583761600	17.7
33493	586440000	17.9
33493	589118400	12
33493	591710400	1.9
33493	594388800	-12
33493	596980800	-23
33493	599659200	-27.1
33493	602337600	-25.1
33493	604756800	-5.8
33493	607435200	5.4
33493	610027200	13.3
33493	612705600	17.4
33493	615297600	19.2
33493	617976000	18.7
33493	620654400	10.3
33493	623246400	2.9
33493	625924800	-14.7
33493	628516800	-20.5
33493	631195200	-30.1
33493	633873600	-21
33493	636292800	-8
33493	638971200	4.3
33493	641563200	14.6
33493	644241600	17.9
33493	646833600	21.7
33493	649512000	17.9
33493	652190400	10.6
33493	654782400	2.6
33493	657460800	-14.9
33493	660052800	-22.7
33493	662731200	-29
33493	665409600	-23
33493	667828800	-13.1
33493	670507200	2.8
33493	673099200	11.8
33493	675777600	18.4
33493	678369600	21.2
33493	681048000	17.4
33493	683726400	10.5
33493	686318400	2.6
33493	688996800	-14
33493	691588800	-26.8
33493	694267200	-26.2
33493	696945600	-24.6
33493	699451200	-11.7
33493	702129600	3.8
33493	704721600	14.2
33493	707400000	17.8
33493	709992000	21
33493	712670400	16.1
33493	715348800	7.5
33493	717940800	-0.8
33493	720619200	-10.5
33493	723211200	-22.8
33493	725889600	-29.9
33493	728568000	-17.3
33493	730987200	-7.1
33493	733665600	3.8
33493	736257600	10.8
33493	738936000	17.3
33493	741528000	20.7
33493	744206400	17.7
33493	746884800	9.2
33493	749476800	0.7
33493	752155200	-17.7
33493	754747200	-27
33493	757425600	-23.9
33493	760104000	-21.7
33493	762523200	-11.1
33493	765201600	5.8
33493	767793600	12.7
33493	770472000	19.5
33493	773064000	19.7
33493	775742400	15.7
33493	778420800	9.9
33493	781012800	1.3
33493	783691200	-6.8
33493	786283200	-25.1
33493	788961600	-28.2
33493	791640000	-23.5
33493	794059200	-8.8
33493	796737600	5.5
33493	799329600	10.7
33493	802008000	15.9
33493	804600000	21
33493	807278400	18.7
33493	809956800	10.1
33493	812548800	2.5
33493	815227200	-8.6
33493	817819200	-22.6
33493	820497600	-29.8
33493	823176000	-25.9
33493	825681600	-10.1
33493	828360000	3.6
33493	830952000	12.2
33493	833630400	17
33493	836222400	23.1
33493	838900800	17.4
33493	841579200	9.1
33493	844171200	1.3
33493	846849600	-12.1
33493	849441600	-21
33493	852120000	-27.4
33493	854798400	-21.6
33493	857217600	-6.6
33493	859896000	9.3
33493	862488000	14.7
33493	865166400	19.1
33493	867758400	18.1
33493	870436800	16.6
33493	873115200	10.1
33493	875707200	2
33493	878385600	-12
33493	880977600	-24
33493	883656000	-28.8
33493	886334400	-18.1
33493	888753600	-8.2
33493	891432000	5
33493	894024000	12.9
33493	896702400	17.7
33493	899294400	22.5
33493	901972800	20.2
33493	904651200	11.4
33493	907243200	1.8
33493	909921600	-13
33493	912513600	-22
33493	915192000	-27.3
33493	917870400	-24.1
33493	920289600	-16.8
33493	922968000	4.4
33493	925560000	15.9
33493	928238400	17.6
33493	930830400	23.5
33493	933508800	17.9
33493	936187200	9.6
33493	938779200	1
33493	941457600	-14.3
33493	944049600	-23.7
33493	946728000	-32.2
33493	949406400	-24.2
33493	951912000	-9.4
33493	954590400	5.5
33493	957182400	14
33493	959860800	20.3
33493	962452800	20.1
33493	965131200	18.8
33493	967809600	11.3
33493	970401600	-1.7
33493	973080000	-15.7
33493	975672000	-20.8
33493	978350400	-29.6
33493	981028800	-23.1
33493	983448000	-7.5
33493	986126400	4.9
33493	988718400	14.4
33493	991396800	21.1
33493	993988800	21.3
33493	996667200	19.2
33493	999345600	10.6
33493	1001937600	1.3
33493	1004616000	-12.4
33493	1007208000	-28.3
33493	1009886400	-23
33493	1012564800	-20.5
33493	1014984000	-7.9
33493	1017662400	3.9
33493	1020254400	14.1
33493	1022932800	19.3
33493	1025524800	22.1
33493	1028203200	19.6
33493	1030881600	11
33493	1033473600	0
33493	1036152000	-9.5
33493	1038744000	-27.9
33493	1041422400	-25.8
33493	1044100800	-21.6
33493	1046520000	-10.2
33493	1049198400	3.1
33493	1051790400	13
33493	1054468800	20.5
33493	1057060800	19.8
33493	1059739200	15.6
33493	1062417600	9.9
33493	1065009600	-0.3
33493	1067688000	-15.8
33493	1070280000	-26.5
33493	1072958400	-28.2
33493	1075636800	-18.7
33493	1078142400	-10.5
33493	1080820800	5.1
33493	1083412800	13.4
33493	1086091200	18.8
33493	1088683200	20.9
33493	1091361600	17.3
33493	1094040000	9.9
33493	1096632000	1.3
33493	1099310400	-13.1
33493	1101902400	-23.3
33493	1104580800	-31.7
33493	1107259200	-32
33493	1109678400	-9.5
33493	1112356800	6.1
33493	1114948800	11.5
33493	1117627200	18.1
33493	1120219200	22.7
33493	1122897600	18.6
33493	1125576000	10.3
33493	1128168000	3.7
33493	1130846400	-10.4
33493	1133438400	-31.9
33493	1136116800	-29.1
33493	1138795200	-22.1
33493	1141214400	-9.6
33493	1143892800	1.9
33493	1146484800	10.3
33493	1149163200	19.2
33493	1151755200	19.3
33493	1154433600	15.4
33493	1157112000	10.9
33493	1159704000	2.1
33493	1162382400	-8.8
33493	1164974400	-22.4
33493	1167652800	-25.4
33493	1170331200	-18.4
33493	1172750400	-11.6
33493	1175428800	7.9
33493	1178020800	13.2
33493	1180699200	18
33493	1183291200	23.6
33493	1185969600	19.6
33493	1188648000	12.9
33493	1191240000	0.3
33493	1193918400	-12.4
33493	1196510400	-24.3
33493	1199188800	-34.2
33493	1201867200	-26.3
33493	1204372800	-5.7
33493	1207051200	6.4
33493	1209643200	12.5
33493	1212321600	20.2
33493	1214913600	21.1
33493	1217592000	18
33493	1220270400	10.5
33493	1222862400	2.3
33493	1225540800	-8.2
33493	1228132800	-24.7
33493	1230811200	-28.8
33493	1233489600	-23.7
33493	1235908800	-11.3
33493	1238587200	7.6
33493	1241179200	13.7
33493	1243857600	16.1
33493	1246449600	20.3
33493	1249128000	17.9
33493	1251806400	9.9
33493	1254398400	1.7
33493	1257076800	-14
33493	1259668800	-24.7
33493	1262347200	-32.1
33493	1265025600	-29
33493	1267444800	-14.4
33493	1270123200	1.2
33493	1272715200	11.1
33493	1275393600	19.3
33493	1277985600	21
33493	1280664000	16.1
33493	1283342400	10.8
33493	1285934400	2.8
33493	1288612800	-8
33493	1291204800	-24.6
33493	1293883200	-35.1
33493	1296561600	-22.9
33493	1298980800	-11.9
33493	1301659200	8.1
33493	1304251200	11.5
33493	1306929600	20.4
33493	1309521600	18.9
33493	1312200000	18
33493	1314878400	9.9
33493	1317470400	3.1
33493	1320148800	-13.7
33493	1322740800	-26.3
33493	1325419200	-30.2
33493	1328097600	-28.9
33493	1330603200	-11
33493	1333281600	5.1
33493	1335873600	12
33493	1338552000	22
33493	1341144000	22
33493	1343822400	17.9
33493	1346500800	12.2
33493	1349092800	1.6
33493	1351771200	-13.2
33493	1354363200	-29.5
33493	1357041600	-29.2
33493	1359720000	-23.5
33493	1362139200	-5.1
33493	1364817600	6.2
33493	1367409600	11.6
33493	1370088000	17.4
33493	1372680000	20.4
33493	1375358400	18.2
33493	1378036800	9.3
33493	1380628800	1.1
33493	1383307200	-7.1
33493	1385899200	-18.9
33493	1388577600	-24.9
33493	1391256000	-25.5
33493	1393675200	-6.8
33493	1396353600	8.2
33493	1398945600	10.7
33493	1401624000	18.5
33493	1404216000	21.3
33493	1406894400	19.6
33493	1409572800	11.1
33493	1412164800	2.7
33493	1414843200	-9.2
33493	1417435200	-26
33493	1420113600	-25.3
33493	1422792000	-23
33493	1425211200	-8.3
33493	1427889600	8
33493	1430481600	13.1
33494	788961600	-24.7
33494	791640000	-19.6
33494	794059200	-9.2
33494	796737600	3.8
33494	799329600	8.6
33494	802008000	13.4
33494	804600000	18.4
33494	807278400	15.5
33494	809956800	8.5
33494	812548800	2.3
33494	815227200	-8.9
33494	817819200	-20.8
33494	820497600	-26.8
33494	823176000	-22.8
33494	825681600	-11.2
33494	828360000	2.4
33494	830952000	10.1
33494	833630400	14.5
33494	836222400	20.3
33494	838900800	15.1
33494	841579200	7.5
33494	844171200	0.3
33494	846849600	-11
33494	849441600	-18.4
33494	852120000	-23.7
33494	854798400	-18.1
33494	857217600	-5.5
33494	859896000	7.9
33494	862488000	12.4
33494	865166400	17
33494	867758400	15.5
33494	870436800	14.1
33494	873115200	8.7
33494	875707200	2.4
33494	878385600	-12.4
33494	880977600	-21.6
33494	883656000	-25
33494	886334400	-14.9
33494	888753600	-7.6
33494	891432000	3.4
33494	894024000	11.3
33494	896702400	15.3
33494	899294400	19.6
33494	901972800	18
33494	904651200	9.7
33494	907243200	0.7
33494	909921600	-12.3
33494	912513600	-19.8
33494	915192000	-23.7
33494	917870400	-19.4
33494	920289600	-16.2
33494	922968000	3.2
33494	925560000	14
33494	928238400	15
33494	930830400	20.8
33494	933508800	15.4
33494	936187200	7.7
33494	938779200	0.6
33494	941457600	-13.3
33494	944049600	-20.4
33494	946728000	-28.1
33494	949406400	-20.3
33494	951912000	-8.5
33494	954590400	4
33494	957182400	12.2
33494	959860800	17.7
33494	962452800	17.4
33494	965131200	16.5
33494	967809600	10.2
33494	970401600	-2.8
33494	973080000	-15.5
33494	975672000	-18.6
33494	978350400	-26.7
33494	981028800	-20.7
33494	983448000	-7.8
33494	986126400	3.1
33494	988718400	12.7
33494	991396800	18.5
33494	993988800	18.9
33494	996667200	16.9
33494	999345600	9.2
33494	1001937600	0.9
33494	1004616000	-10.3
33494	1007208000	-25.1
33494	1009886400	-19.6
33494	1012564800	-16.8
33494	1014984000	-7
33494	1017662400	2.4
33494	1020254400	12.3
33494	1022932800	16.8
33494	1025524800	19.9
33494	1028203200	18.1
33494	1030881600	9.9
33494	1033473600	-1.3
33494	1036152000	-10.4
33494	1038744000	-26.1
33494	1041422400	-22.8
33494	1044100800	-19.3
33494	1046520000	-9.8
33494	1049198400	1.6
33494	1051790400	11.3
33494	1054468800	18.4
33494	1057060800	17.7
33494	1059739200	13.6
33494	1062417600	8.6
33494	1065009600	-0.4
33494	1067688000	-14.6
33494	1070280000	-23.2
33494	1072958400	-24.6
33494	1075636800	-15.3
33494	1078142400	-10.7
33494	1080820800	3.9
33494	1083412800	12
33494	1086091200	16.4
33494	1088683200	18.6
33494	1091361600	15.3
33494	1094040000	8.6
33494	1096632000	1
33494	1099310400	-12.2
33494	1101902400	-20.4
33494	1104580800	-28.2
33494	1107259200	-27.7
33494	1109678400	-8.4
33494	1112356800	4.7
33494	1114948800	9.3
33494	1117627200	15.8
33494	1120219200	20.3
33494	1122897600	16.4
33494	1125576000	8.7
33494	1128168000	3
33494	1130846400	-11.2
33494	1133438400	-27.9
33494	1136116800	-25.2
33494	1138795200	-19.5
33494	1141214400	-9.7
33494	1143892800	-0.3
33494	1146484800	8.2
33494	1149163200	16.4
33494	1151755200	17.1
33494	1154433600	13.7
33494	1157112000	9.5
33494	1159704000	1.2
33494	1162382400	-8.7
33494	1164974400	-19.1
33494	1167652800	-21.7
33494	1170331200	-15.2
33494	1172750400	-10.7
33494	1175428800	6.6
33494	1178020800	11.6
33494	1180699200	15.7
33494	1183291200	20.5
33494	1185969600	17.1
33494	1188648000	11.6
33494	1191240000	-0.2
33494	1193918400	-12.2
33494	1196510400	-21.8
33494	1199188800	-30.2
33494	1201867200	-22.4
33494	1204372800	-5.8
33494	1207051200	5.1
33494	1209643200	10.4
33494	1212321600	17.7
33494	1214913600	18.7
33494	1217592000	16.2
33494	1220270400	8.5
33494	1222862400	2.1
33494	1225540800	-8.1
33494	1228132800	-21.4
33494	1230811200	-25.8
33494	1233489600	-20.8
33494	1235908800	-10.3
33494	1238587200	6.3
33494	1241179200	11.7
33494	1243857600	13.6
33494	1246449600	17.6
33494	1249128000	15.1
33494	1251806400	8
33494	1254398400	0.3
33494	1257076800	-13.9
33494	1259668800	-22.9
33494	1262347200	-28.8
33494	1265025600	-25.8
33494	1267444800	-14.2
33494	1270123200	-1
33494	1272715200	8.6
33494	1275393600	16.7
33494	1277985600	18.5
33494	1280664000	13.9
33494	1283342400	9.1
33494	1285934400	2
33494	1288612800	-7.8
33494	1291204800	-22.4
33494	1293883200	-31.3
33494	1296561600	-19.2
33494	1298980800	-10.9
33494	1301659200	6.7
33494	1304251200	9.8
33494	1306929600	17.4
33494	1309521600	16.4
33494	1312200000	15.9
33494	1314878400	8.7
33494	1317470400	3
33494	1320148800	-13.8
33494	1322740800	-24
33494	1325419200	-27
33494	1328097600	-24.7
33494	1330603200	-10.3
33494	1333281600	3.3
33494	1335873600	10.1
33494	1338552000	18.7
33494	1341144000	18.7
33494	1343822400	15.6
33494	1346500800	10.5
33494	1349092800	0.6
33494	1351771200	-13.3
33494	1354363200	-26.8
33494	1357041600	-25.8
33494	1359720000	-20.8
33494	1362139200	-6.9
33494	1364817600	3.8
33494	1367409600	9.6
33494	1370088000	14.6
33494	1372680000	17.5
33494	1375358400	15.8
33494	1378036800	7.3
33494	1380628800	-0.6
33495	215697600	-16
33495	218289600	-20.2
33495	220968000	-28
33495	223646400	-17.5
33495	226065600	-9.1
33495	228744000	0.1
33495	231336000	5.2
33495	234014400	13.6
33495	236606400	12.8
33495	239284800	11.8
33495	241963200	7.9
33495	244555200	-0.6
33495	247233600	-10.9
33495	249825600	-16.5
33495	252504000	-17.7
33495	255182400	-18.8
33495	257601600	-9.8
33495	260280000	0.9
33495	262872000	5.1
33495	265550400	13.8
33495	268142400	13.5
33495	270820800	9.6
33495	273499200	6.7
33495	276091200	-2.2
33495	278769600	-12.1
33495	281361600	-16.2
33495	284040000	-18.1
33495	286718400	-10.8
33495	289137600	-10.2
33495	291816000	-3.2
33495	294408000	6.4
33495	297086400	13.9
33495	299678400	14.8
33495	302356800	10.5
33495	305035200	5.8
33495	307627200	0.2
33495	310305600	-10.5
33495	312897600	-12.9
33495	315576000	-19.2
33495	318254400	-17.8
33495	320760000	-13.1
33495	323438400	-2.5
33495	326030400	7.1
33495	328708800	11.5
33495	331300800	13
33495	333979200	13.1
33495	336657600	6.4
33495	339249600	-3.2
33495	341928000	-10.2
33495	344520000	-18.4
33495	347198400	-26.7
33495	349876800	-18.1
33495	352296000	-8
33495	354974400	0.8
33495	357566400	8.3
33495	360244800	13.8
33495	362836800	13.4
33495	365515200	10.5
33495	368193600	5.8
33495	370785600	-4.7
33495	373464000	-14.6
33495	376056000	-18.2
33495	378734400	-17.3
33495	381412800	-19.7
33495	383832000	-11.1
33495	386510400	1.5
33495	389102400	7.5
33495	391780800	12.9
33495	394372800	12.4
33496	-2577182400	13.4
33496	-2574504000	20
33496	-2571912000	22.4
33496	-2569233600	19.6
33496	-2566555200	10.8
33496	-2563963200	1.7
33496	-2561284800	-8.3
33496	-2558692800	-14
33496	-2556014400	-26.6
33496	-2553336000	-19
33496	-2550916800	-7.7
33496	-2548238400	3.5
33496	-2545646400	8.2
33496	-2542968000	17.3
33496	-2540376000	18.8
33496	-2537697600	16.2
33496	-2535019200	9.2
33496	-2532427200	-1.9
33496	-2529748800	-13.1
33496	-2527156800	-18.1
33496	-2524478400	-18.7
33496	-2521800000	-14.4
33496	-2519380800	-10.6
33496	-2516702400	0.8
33496	-2514110400	8.6
33496	-2511432000	15.9
33496	-2508840000	19.5
33496	-2506161600	16.9
33496	-2503483200	8.7
33496	-2500891200	3.8
33496	-2498212800	-11.1
33496	-2495620800	-13.2
33496	-2492942400	-22.6
33496	-2490264000	-15.4
33496	-2487844800	-7.6
33496	-2485166400	0.9
33496	-2482574400	10.5
33496	-2479896000	15.9
33496	-2477304000	20.3
33496	-2474625600	17.9
33496	-2471947200	9.8
33496	-2469355200	1.1
33496	-2466676800	-10.2
33496	-2464084800	-13.9
33496	-2461406400	-21.6
33496	-2458728000	-23
33496	-2456222400	-16.7
33496	-2453544000	1.8
33496	-2450952000	13.2
33496	-2448273600	20.1
33496	-2445681600	21.2
33496	-2443003200	17.7
33496	-2440324800	10.1
33496	-2437732800	1.5
33496	-2435054400	-14.3
33496	-2432462400	-19.2
33496	-2429784000	-30
33496	-2427105600	-19.3
33496	-2424686400	-4.6
33496	-2422008000	8.2
33496	-2419416000	10.3
33496	-2416737600	19.3
33496	-2414145600	20.6
33496	-2411467200	18.1
33496	-2408788800	10.2
33496	-2406196800	3.1
33496	-2403518400	-3.8
33497	-1170244800	-16.8
33497	-1167566400	-24.2
33497	-1164888000	-20.2
33497	-1162468800	-11.9
33497	-1159790400	-3
33497	-1157198400	2.4
33497	-1154520000	9
33497	-1151928000	11.9
33497	-1149249600	11.7
33497	-1146571200	2.6
33497	-1143979200	-5.8
33497	-1141300800	-11.1
33497	-1138708800	-17.3
33497	-1136030400	-20.1
33497	-1133352000	-14.7
33497	-1130932800	-13.1
33498	399729600	6.7
33498	402321600	0.7
33498	4.05e+08	-11.1
33498	407592000	-16.8
33498	410270400	-21.4
33498	412948800	-17.3
33498	415368000	-9.4
33498	418046400	-4.1
33498	420638400	5
33498	423316800	10
33498	425908800	12.5
33498	428587200	11.9
33498	431265600	4
33498	433857600	-0.2
33498	436536000	-8.6
33498	439128000	-19.5
33498	441806400	-23.6
33498	444484800	-24.1
33498	446990400	-8.9
33498	449668800	-3.9
33498	452260800	5.9
33498	454939200	10.9
33499	-2395569600	-8.2
33499	-2393150400	-3.8
33499	-2390472000	0.5
33499	-2387880000	9.8
33499	-2385201600	16.8
33499	-2382609600	20.1
33499	-2379931200	16.1
33499	-2377252800	10
33499	-2374660800	0.9
33499	-2371982400	-8.6
33499	-2369390400	-18.7
33499	-2366712000	-23.7
33499	-2364033600	-19.8
33499	-2361614400	-14.5
33499	-2358936000	2.2
33499	-2356344000	11.1
33499	-2353665600	15.6
33499	-2351073600	22
33499	-2348395200	16.7
33499	-2345716800	11.4
33499	-2343124800	0
33499	-2340446400	-7.8
33499	-2337854400	-21
33499	-2335176000	-22.4
33499	-2332497600	-18.6
33499	-2329992000	-16.1
33499	-2327313600	2.1
33499	-2324721600	11.3
33499	-2322043200	21.2
33499	-2319451200	20.8
33499	-2316772800	17.3
33499	-2314094400	10.4
33499	-2311502400	3.3
33499	-2308824000	-3.7
33499	-2306232000	-18.4
33499	-2303553600	-19.6
33499	-2300875200	-20.7
33499	-2298456000	-18.3
33499	-2295777600	2.5
33499	-2293185600	7.8
33499	-2290507200	18
33499	-2287915200	19.7
33499	-2285236800	16.5
33499	-2282558400	8.3
33499	-2279966400	2.5
33499	-2277288000	-9.7
33499	-2274696000	-16.5
33499	-2272017600	-12.4
33499	-2269339200	-21.9
33499	-2266920000	-20.8
33499	-2264241600	0.6
33499	-2261649600	7.2
33499	-2258971200	18.9
33499	-2256379200	19.9
33499	-2253700800	17
33499	-2251022400	9.2
33499	-2248430400	2.2
33499	-2245752000	-4.5
33499	-2243160000	-9.8
33499	-2240481600	-14.6
33499	-2237803200	-18.6
33499	-2235384000	-8.5
33499	-2232705600	2.1
33499	-2230113600	12.7
33499	-2227435200	17.3
33499	-2224843200	17.6
33499	-2222164800	16.1
33499	-2219486400	9.3
33499	-2216894400	2
33499	-2214216000	-7.5
33499	-2211624000	-21.7
33499	-2208945600	-28.4
33499	-2206267200	-16.2
33499	-2203848000	-9.5
33499	-2201169600	2.4
33499	-2198577600	12.4
33500	-1125662400	3.5
33500	-1122984000	9.8
33500	-1120392000	10.5
33500	-1117713600	10.1
33500	-1115035200	1.3
33500	-1112443200	-3.4
33500	-1109764800	-13.5
33500	-1107172800	-17.9
33500	-1104494400	-19.6
33500	-1101816000	-13.8
33500	-1099396800	-8.7
33500	-1096718400	-5.5
33500	-1094126400	2.7
33500	-1091448000	11.1
33500	-1088856000	13.7
33500	-1086177600	10.2
33500	-1083499200	5.9
33500	-1080907200	-2.6
33500	-1078228800	-16.3
33500	-1075636800	-25.6
33500	-1072958400	-22.2
33500	-1070280000	-18
33500	-1067774400	-12.6
33500	-1065096000	-7.8
33500	-1062504000	0.2
33500	-1059825600	7.2
33500	-1057233600	12.2
33500	-1054555200	8.3
33500	-1051876800	4.5
33500	-1049284800	1.2
33500	-1046606400	-10.9
33500	-1044014400	-16.5
33500	-1041336000	-21.7
33500	-1038657600	-15.6
33500	-1036238400	-15.2
33500	-1033560000	-6.7
33500	-1030968000	4.8
33500	-1028289600	9.1
33500	-1025697600	11.6
33500	-1023019200	8.7
33500	-1020340800	3.3
33500	-1017748800	-1.8
33500	-1015070400	-14
33500	-1012478400	-20.1
33500	-1009800000	-20.9
33500	-1007121600	-15.1
33500	-1004702400	-8.9
33500	-1002024000	-0.1
33500	-999432000	2.5
33500	-996753600	8.7
33500	-994161600	12.9
33500	-991483200	9.4
33500	-988804800	2.2
33500	-986212800	-3.5
33500	-983534400	-7.8
33500	-980942400	-21.7
33500	-978264000	-19
33500	-975585600	-13.4
33500	-973166400	-11.8
33500	-970488000	-0.7
33500	-967896000	2.7
33500	-965217600	11.2
33500	-962625600	13
33500	-959947200	11.2
33500	-957268800	6.7
33500	-954676800	-4.8
33500	-951998400	-13.8
33500	-949406400	-15.3
33500	-946728000	-20.6
33500	-944049600	-15.2
33500	-941544000	-6.1
33500	-938865600	-1.6
33500	-936273600	3.1
33500	-933595200	10
33500	-931003200	11.5
33500	-928324800	10.4
33500	-925646400	2
33500	-923054400	-3.9
33500	-920376000	-12.4
33500	-917784000	-14
33500	-915105600	-16.9
33500	-912427200	-19.2
33500	-910008000	-9.4
33500	-907329600	-4.9
33500	-904737600	2
33500	-902059200	10.8
33500	-899467200	11.8
33500	-896788800	10.2
33500	-894110400	5.5
33500	-891518400	-2.8
33500	-888840000	-12.7
33500	-886248000	-16.7
33500	-883569600	-18
33500	-880891200	-20.5
33500	-878472000	-9
33500	-875793600	-3.9
33500	-873201600	0.7
33500	-870523200	9.6
33500	-867931200	12.5
33500	-865252800	10.1
33500	-862574400	6.6
33500	-859982400	-3.8
33500	-857304000	-9.5
33500	-854712000	-17.3
33500	-852033600	-20.5
33500	-849355200	-15.8
33500	-846936000	-10.8
33500	-844257600	-1.7
33500	-841665600	5.4
33500	-838987200	10.6
33500	-836395200	12.8
33500	-833716800	12.6
33500	-831038400	4.7
33500	-828446400	-4
33500	-825768000	-12.9
33500	-823176000	-14.6
33500	-820497600	-19.8
33500	-817819200	-13.8
33500	-815313600	-8
33500	-812635200	-1.5
33500	-810043200	2.8
33500	-807364800	11.7
33500	-804772800	11.2
33500	-802094400	11.2
33500	-799416000	4.8
33500	-796824000	-2.4
33500	-794145600	-15.5
33500	-791553600	-23.6
33500	-788875200	-21.3
33500	-786196800	-20.8
33500	-783777600	-12.3
33500	-781099200	1.4
33500	-778507200	7.8
33500	-775828800	10.5
33500	-773236800	12.5
33500	-770558400	9.9
33500	-767880000	5.8
33500	-765288000	0.2
33500	-762609600	-11.4
33500	-760017600	-16.5
33500	-757339200	-17.1
33500	-754660800	-10.6
33500	-752241600	-13.8
33500	-749563200	-2
33500	-746971200	2.5
33500	-744292800	9
33500	-741700800	13.3
33500	-739022400	10
33500	-736344000	1.8
33500	-733752000	-0.8
33500	-731073600	-11.8
33500	-728481600	-21.5
33500	-725803200	-22.8
33500	-723124800	-17.9
33500	-720705600	-12.8
33500	-718027200	-0.6
33500	-715435200	4.9
33500	-712756800	9.8
33500	-710164800	12.2
33500	-707486400	9.5
33500	-704808000	4.8
33500	-702216000	-1.3
33500	-699537600	-13
33500	-696945600	-21.4
33500	-694267200	-17.2
33500	-691588800	-18.2
33500	-689083200	-6.7
33500	-686404800	-1.2
33500	-683812800	1
33500	-681134400	8.1
33500	-678542400	13.8
33500	-675864000	9.3
33500	-673185600	4.1
33500	-670593600	-2.6
33500	-667915200	-14.5
33500	-665323200	-16.3
33500	-662644800	-16.5
33500	-659966400	-12.2
33500	-657547200	-11.9
33500	-654868800	0.8
33500	-652276800	2
33500	-649598400	8
33500	-647006400	12
33500	-644328000	9.9
33500	-641649600	2.9
33500	-639057600	0.4
33500	-636379200	-13.6
33500	-633787200	-23.5
33500	-631108800	-17.5
33500	-628430400	-16.2
33500	-626011200	-9.2
33500	-623332800	-7.2
33500	-620740800	3.9
33500	-618062400	11.1
33500	-615470400	13.8
33500	-612792000	11.1
33500	-610113600	5.7
33500	-607521600	-3.6
33500	-604843200	-16.9
33500	-602251200	-17.1
33500	-599572800	-21.3
33500	-596894400	-22.1
33500	-594475200	-11.5
33500	-591796800	-4.4
33500	-589204800	5.6
33500	-586526400	10.8
33500	-583934400	12.5
33500	-581256000	6.8
33500	-578577600	6
33500	-575985600	-2.8
33500	-573307200	-10.8
33500	-570715200	-12.5
33500	-568036800	-16.2
33500	-565358400	-18.8
33500	-562852800	-10.6
33500	-560174400	-6
33500	-557582400	3.4
33500	-554904000	10.1
33500	-552312000	11.8
33500	-549633600	11.1
33500	-546955200	5.3
33500	-544363200	-4.1
33500	-541684800	-17.6
33500	-539092800	-17.8
33500	-536414400	-18.2
33500	-533736000	-16.8
33500	-531316800	-7.8
33500	-528638400	-1.5
33500	-526046400	4.2
33500	-523368000	11.8
33500	-520776000	14.3
33500	-518097600	9.3
33500	-515419200	9.1
33500	-512827200	-3.2
33500	-510148800	-14.3
33500	-507556800	-15.6
33500	-504878400	-18.9
33500	-502200000	-19
33500	-499780800	-11.2
33500	-497102400	-5.8
33500	-494510400	-0.6
33500	-491832000	10.3
33500	-489240000	9.8
33500	-486561600	12.5
33500	-483883200	5.4
33500	-481291200	-1.8
33500	-478612800	-12.9
33500	-476020800	-24.1
33500	-473342400	-19.7
33500	-470664000	-17.2
33500	-468244800	-12.1
33500	-465566400	-5.2
33500	-462974400	3.9
33500	-460296000	10.3
33500	-457704000	12.5
33500	-455025600	12.5
33500	-452347200	2.7
33500	-449755200	-2.3
33500	-447076800	-9.9
33500	-444484800	-17.1
33500	-441806400	-20.9
33500	-439128000	-18.2
33500	-436622400	-12.2
33500	-433944000	-3.5
33500	-431352000	4.7
33500	-428673600	7.8
33500	-426081600	13.2
33500	-423403200	10.9
33500	-420724800	4.3
33500	-418132800	-1.6
33500	-415454400	-12.4
33500	-412862400	-19.5
33500	-410184000	-20.5
33500	-407505600	-19
33500	-405086400	-11
33500	-402408000	-5
33500	-399816000	1.4
33500	-397137600	11
33500	-394545600	10.9
33500	-391867200	8.9
33500	-389188800	4.2
33500	-386596800	-3.4
33500	-383918400	-10.5
33500	-381326400	-14.5
33500	-378648000	-20.7
33500	-375969600	-14.2
33500	-373550400	-13.2
33500	-370872000	-5.1
33500	-368280000	3.2
33500	-365601600	6.9
33500	-363009600	12.5
33500	-360331200	11.5
33500	-357652800	3.9
33500	-355060800	-2.7
33500	-352382400	-10.9
33500	-349790400	-14
33500	-347112000	-18.1
33500	-344433600	-14.5
33500	-342014400	-8.1
33500	-339336000	-2.9
33500	-336744000	2.1
33500	-334065600	10.4
33500	-331473600	12.4
33500	-328795200	10.8
33500	-326116800	7.9
33500	-323524800	-3.3
33500	-320846400	-16.7
33500	-318254400	-19.8
33500	-315576000	-19.3
33500	-312897600	-13.8
33500	-310392000	-12.9
33500	-307713600	-3.4
33500	-305121600	1.9
33500	-302443200	9.3
33500	-299851200	11
33500	-297172800	9.5
33500	-294494400	4.6
33500	-291902400	-5
33500	-289224000	-14.2
33500	-286632000	-17.8
33500	-283953600	-18
33500	-281275200	-13.4
33500	-278856000	-8
33500	-276177600	-0.1
33500	-273585600	2.6
33500	-270907200	7.1
33500	-268315200	12.4
33500	-265636800	10.1
33500	-262958400	4.6
33500	-260366400	-7.5
33500	-257688000	-10.9
33500	-255096000	-17.5
33500	-252417600	-18
33500	-249739200	-13.8
33500	-247320000	-7.9
33500	-244641600	-3.1
33500	-242049600	5.6
33500	-239371200	9.6
33500	-236779200	12.8
33500	-234100800	11.8
33500	-231422400	5.7
33500	-228830400	-2.6
33500	-226152000	-14.2
33500	-223560000	-14.5
33500	-220881600	-16.9
33500	-218203200	-12.2
33500	-215784000	-5
33500	-213105600	-7.7
33500	-210513600	3.1
33500	-207835200	7.9
33500	-205243200	11.7
33500	-202564800	11
33500	-199886400	3.1
33500	-197294400	-2.7
33500	-194616000	-8.4
33500	-192024000	-15.3
33500	-189345600	-15.1
33500	-186667200	-20
33500	-184161600	-11.2
33500	-181483200	-6.4
33500	-178891200	4.3
33500	-176212800	10.9
33500	-173620800	13.2
33500	-170942400	11.4
33500	-168264000	5.4
33500	-165672000	-6.4
33500	-162993600	-8.4
33500	-160401600	-14
33500	-157723200	-16.5
33500	-155044800	-14
33500	-152625600	-8.1
33500	-149947200	-4.2
33500	-147355200	5.9
33500	-144676800	12.1
33500	-142084800	13
33500	-139406400	10
33500	-136728000	4.6
33500	-134136000	-1.8
33500	-131457600	-13.9
33500	-128865600	-18.6
33500	-126187200	-18.7
33500	-123508800	-17.1
33500	-121089600	-9.7
33500	-118411200	-6.1
33500	-115819200	1.9
33500	-113140800	10.4
33500	-110548800	11
33500	-107870400	11.8
33500	-105192000	9.6
33500	-102600000	-3.2
33500	-99921600	-14
33500	-97329600	-24.2
33500	-94651200	-19.5
33500	-91972800	-16.7
33500	-89553600	-8.1
33500	-86875200	-2
33500	-84283200	5.7
33500	-81604800	8.5
33500	-79012800	12.6
33500	-76334400	7.5
33500	-73656000	2.6
33500	-71064000	-1
33500	-68385600	-13.4
33500	-65793600	-16.8
33500	-63115200	-18.5
33500	-60436800	-17.7
33500	-57931200	-6.4
33500	-55252800	-3.5
33500	-52660800	4.3
33500	-49982400	10
33500	-47390400	13.3
33500	-44712000	10.1
33500	-42033600	0.2
33500	-39441600	-4
33500	-36763200	-14
33500	-34171200	-18.8
33500	-31492800	-26.4
33500	-28814400	-23.7
33500	-26395200	-11.4
33500	-23716800	-3.9
33500	-21124800	1.1
33500	-18446400	10.8
33500	-15854400	15
33500	-13176000	8.4
33500	-10497600	2.5
33500	-7905600	-3.4
33500	-5227200	-11.4
33500	-2635200	-17.2
33500	43200	-17.6
33500	2721600	-17
33500	5140800	-12.9
33500	7819200	-3.6
33500	10411200	2.6
33500	13089600	9.5
33500	15681600	12.4
33500	18360000	9.8
33500	21038400	3.6
33500	23630400	-4.7
33500	26308800	-14.1
33500	28900800	-18.7
33500	31579200	-16.6
33500	34257600	-19
33500	36676800	-12.7
33500	39355200	-1.6
33500	41947200	3.3
33500	44625600	9.3
33500	47217600	9.9
33500	49896000	10
33500	52574400	3.8
33500	55166400	-0.4
33500	57844800	-8
33500	60436800	-17.4
33500	63115200	-18.9
33500	65793600	-17.7
33500	68299200	-9.4
33500	70977600	0.4
33500	73569600	2.3
33500	76248000	11.2
33500	78840000	10.5
33500	81518400	9.2
33500	84196800	2.1
33500	86788800	-4.9
33500	89467200	-11
33500	92059200	-16.6
33500	94737600	-16.5
33500	97416000	-17.1
33500	99835200	-8.5
33500	102513600	-3.3
33500	105105600	0.9
33500	107784000	10.1
33500	110376000	11.9
33500	113054400	10.1
33500	115732800	6.5
33500	118324800	-3.7
33500	121003200	-8.2
33500	123595200	-15.2
33500	126273600	-19
33500	128952000	-19.1
33500	131371200	-13.1
33500	134049600	-0.5
33500	136641600	3.8
33500	139320000	9.5
33500	141912000	12.7
33500	144590400	12.4
33500	147268800	3.1
33500	149860800	-6.3
33500	152539200	-13.2
33500	155131200	-19.4
33500	157809600	-15.2
33500	160488000	-14.5
33500	162907200	-8
33500	165585600	-5.6
33500	168177600	2.7
33500	170856000	8.5
33500	173448000	13.2
33500	176126400	9.9
33500	178804800	4.8
33500	181396800	-3.2
33500	184075200	-12
33500	186667200	-18.7
33500	189345600	-16
33500	192024000	-15
33500	194529600	-12.8
33500	197208000	-3.8
33500	199800000	2.3
33500	202478400	11.8
33500	205070400	11.2
33500	207748800	8.7
33500	210427200	5.2
33500	213019200	-5.7
33500	215697600	-14.1
33500	218289600	-18.7
33500	220968000	-23.5
33500	223646400	-17.1
33500	226065600	-10.5
33500	228744000	-3.1
33500	231336000	1.5
33500	234014400	10.9
33500	236606400	11.6
33500	239284800	10
33500	241963200	6.3
33500	244555200	-1.8
33500	247233600	-8.3
33500	249825600	-14.5
33500	252504000	-15.8
33500	255182400	-16.9
33500	257601600	-9.9
33500	260280000	-2.1
33500	262872000	1.9
33500	265550400	11.7
33500	268142400	12.6
33500	270820800	8.4
33500	273499200	5.8
33500	276091200	-2.9
33500	278769600	-9
33500	281361600	-15
33500	284040000	-21.2
33500	286718400	-12.5
33500	289137600	-10.4
33500	291816000	-6.1
33500	294408000	3.2
33500	297086400	12.9
33500	299678400	13.4
33500	302356800	9
33500	305035200	5.5
33500	307627200	-1.2
33500	310305600	-12.9
33500	312897600	-13.7
33500	315576000	-19.1
33500	318254400	-16.1
33500	320760000	-13.9
33500	323438400	-5.3
33500	326030400	3.2
33500	328708800	10.7
33500	331300800	12.1
33500	333979200	12.2
33500	336657600	5.6
33500	339249600	-4.4
33500	341928000	-9.7
33500	344520000	-15.4
33500	347198400	-18.6
33500	349876800	-16.2
33500	352296000	-8
33500	354974400	0.3
33500	357566400	6.1
33500	360244800	11.6
33500	362836800	11
33500	365515200	9.2
33500	368193600	4.7
33500	370785600	-6.8
33500	373464000	-12.6
33500	376056000	-15.6
33500	378734400	-16.2
33500	381412800	-14.2
33500	383832000	-12.5
33500	386510400	0.5
33500	389102400	3.8
33500	391780800	10.5
33500	394372800	11.3
33500	397051200	10
33500	399729600	5
33500	402321600	-0.7
33500	4.05e+08	-8.7
33500	407592000	-15
33500	410270400	-15.8
33500	412948800	-12.9
33500	415368000	-6.7
33500	418046400	-7.5
33500	420638400	2.4
33500	423316800	8.9
33500	425908800	10.7
33500	428587200	10.8
33500	431265600	2.4
33500	433857600	0.4
33500	436536000	-6.9
33500	439128000	-15.8
33500	441806400	-19.1
33500	444484800	-20.3
33500	446990400	-9.5
33500	449668800	-6.1
33500	452260800	3.4
33500	454939200	10.3
33500	457531200	10.4
33500	460209600	10.1
33500	462888000	5.6
33500	465480000	-2.3
33500	468158400	-13.3
33500	470750400	-22.3
33500	473428800	-16
33500	476107200	-18
33500	478526400	-13.7
33500	481204800	-2.3
33500	483796800	1.9
33500	486475200	7.1
33500	489067200	11.7
33500	491745600	10.1
33500	494424000	5.1
33500	497016000	-2.4
33500	499694400	-11.4
33500	502286400	-17.9
33500	504964800	-16.1
33500	507643200	-16
33500	510062400	-10
33500	512740800	-4.2
33500	515332800	5.3
33500	518011200	9.5
33500	520603200	13.5
33500	523281600	10
33500	525960000	6
33500	528552000	-4.3
33500	531230400	-12.9
33500	533822400	-16.4
33500	536500800	-16
33500	539179200	-12.8
33500	541598400	-12.6
33500	544276800	-2.6
33500	546868800	4
33500	549547200	6.6
33500	552139200	11.9
33500	554817600	10.9
33500	557496000	4.4
33500	560088000	-6.1
33500	562766400	-16
33500	565358400	-14.2
33500	568036800	-19.4
33500	570715200	-19.6
33500	573220800	-10.7
33500	575899200	-2.5
33500	578491200	3.3
33500	581169600	7.8
33500	583761600	10.2
33500	586440000	10.4
33500	589118400	7.6
33500	591710400	-2.6
33500	594388800	-8
33500	596980800	-14
33500	599659200	-16
33500	602337600	-15.5
33500	604756800	-6.6
33500	607435200	-2.9
33500	610027200	4.4
33500	612705600	8.3
33500	615297600	12
33500	617976000	10.9
33500	620654400	3.4
33500	623246400	-1
33500	625924800	-12.3
33500	628516800	-12.7
33500	631195200	-19.2
33500	633873600	-13.7
33500	636292800	-6.7
33500	638971200	-3.6
33500	641563200	6.7
33500	644241600	9.5
33500	646833600	13.8
33500	649512000	10
33500	652190400	4.4
33500	654782400	-0.3
33500	657460800	-12.4
33500	660052800	-13.5
33500	662731200	-16.9
33500	665409600	-14.3
33500	667828800	-12.6
33500	670507200	-4.2
33500	673099200	2.8
33500	675777600	9.9
33500	678369600	13.9
33500	681048000	10.6
33500	683726400	5.2
33500	686318400	-1.3
33500	688996800	-10.5
33500	691588800	-17.9
33500	694267200	-14.3
33500	696945600	-13.5
33500	699451200	-9.2
33500	702129600	-2.9
33500	704721600	5.5
33501	460209600	9.8
33501	462888000	5.5
33501	465480000	-2.2
33501	468158400	-14.2
33501	470750400	-23.8
33501	473428800	-18.8
33501	476107200	-17.2
33501	478526400	-14.8
33501	481204800	-0.8
33501	483796800	4.2
33501	486475200	8.9
33501	489067200	12.7
33501	491745600	11.3
33501	494424000	5.2
33501	497016000	-3.7
33501	499694400	-13.3
33501	502286400	-18.5
33501	504964800	-19.7
33501	507643200	-20.3
33501	510062400	-10.1
33501	512740800	-2.1
33501	515332800	8.8
33501	518011200	11.2
33501	520603200	13.9
33501	523281600	11.5
33501	525960000	7.3
33501	528552000	-3.4
33501	531230400	-14.4
33501	533822400	-17.5
33501	536500800	-16.9
33501	539179200	-13.1
33501	541598400	-11.8
33501	544276800	-0.8
33501	546868800	5.5
33501	549547200	10.2
33501	552139200	14.3
33501	554817600	12.6
33501	557496000	5.7
33501	560088000	-4.9
33501	562766400	-15.7
33501	565358400	-16.1
33501	568036800	-20.7
33501	570715200	-19
33501	573220800	-10.4
33501	575899200	-0.8
33501	578491200	5
33501	581169600	11.2
33501	583761600	12.6
33501	586440000	12.2
33501	589118400	8.5
33501	591710400	-4.1
33501	594388800	-9.5
33501	596980800	-15.9
33501	599659200	-20.3
33501	602337600	-19.3
33501	604756800	-7.9
33501	607435200	-1.1
33501	610027200	7.6
33501	612705600	10.6
33501	615297600	13.7
33501	617976000	12.5
33501	620654400	6.8
33501	623246400	-0.4
33501	625924800	-13.1
33501	628516800	-15.2
33501	631195200	-21.1
33501	633873600	-15.2
33501	636292800	-7.9
33501	638971200	-1.6
33501	641563200	8.4
33501	644241600	11.9
33501	646833600	13.9
33501	649512000	10.6
33501	652190400	6.4
33501	654782400	1.5
33501	657460800	-11.4
33501	660052800	-15.5
33501	662731200	-21.1
33501	665409600	-16.1
33501	667828800	-11.4
33501	670507200	-2.1
33501	673099200	5.8
33501	675777600	12.3
33501	678369600	14.7
33501	681048000	12
33501	683726400	6.5
33501	686318400	0.6
33501	688996800	-10
33501	691588800	-18.1
33501	694267200	-19.1
33501	696945600	-20
33501	699451200	-11.9
33501	702129600	-0.2
33501	704721600	7.8
33501	707400000	11.8
33501	709992000	14.2
33501	712670400	10.9
33501	715348800	2.4
33501	717940800	-3.1
33501	720619200	-9
33501	723211200	-15.9
33501	725889600	-21.1
33501	728568000	-13.5
33501	730987200	-8.6
33501	733665600	-1.6
33501	736257600	4.1
33501	738936000	11.5
33501	741528000	13.1
33501	744206400	11.7
33501	746884800	5.6
33501	749476800	-1.4
33501	752155200	-12.7
33501	754747200	-19
33501	757425600	-16.6
33501	760104000	-16.7
33501	762523200	-9.3
33501	765201600	0.4
33501	767793600	5.2
33502	-2190628800	18.4
33502	-2187950400	12.7
33502	-2185358400	2.9
33502	-2182680000	-11.3
33502	-2180088000	-19.7
33502	-2177409600	-19.2
33502	-2174731200	-17.4
33502	-2172312000	-5.8
33502	-2169633600	3
33502	-2167041600	12.1
33502	-2164363200	20.2
33502	-2161771200	21.2
33502	-2159092800	20.7
33502	-2156414400	11.4
33502	-2153822400	-2.1
33502	-2151144000	-4.8
33502	-2148552000	-24.4
33502	-2145873600	-14.3
33502	-2143195200	-12.2
33502	-2140776000	-5.2
33502	-2138097600	1.5
33502	-2135505600	9.4
33502	-2132827200	16.8
33502	-2130235200	18.5
33502	-2127556800	16.9
33502	-2124878400	11.2
33502	-2122286400	2.5
33502	-2119608000	-8.5
33502	-2117016000	-19
33502	-2114337600	-19.9
33502	-2111659200	-13.5
33502	-2109240000	-7.4
33502	-2106561600	0.7
33502	-2103969600	9.4
33502	-2101291200	15
33502	-2098699200	19.3
33502	-2096020800	15.1
33502	-2093342400	9.2
33502	-2090750400	-2.6
33502	-2088072000	-10.4
33502	-2085480000	-14.1
33502	-2082801600	-15.7
33502	-2080123200	-11.3
33502	-2077617600	-12.3
33502	-2074939200	-2.2
33502	-2072347200	12.9
33502	-2069668800	18.6
33502	-2067076800	19.4
33502	-2064398400	16.9
33502	-2061720000	9.1
33502	-2059128000	1.5
33502	-2056449600	-3.5
33502	-2053857600	-12.4
33502	-2051179200	-12.5
33502	-2048500800	-22.3
33502	-2046081600	-13.1
33502	-2043403200	-0.9
33502	-2040811200	10.5
33502	-2038132800	16.3
33502	-2035540800	21.7
33502	-2032862400	17.9
33502	-2030184000	9.5
33502	-2027592000	1.8
33502	-2024913600	-6.9
33502	-2022321600	-14.6
33502	-2019643200	-20.6
33502	-2016964800	-24.1
33502	-2014545600	-4.2
33502	-2011867200	6.1
33502	-2009275200	7.9
33502	-2006596800	17
33502	-2004004800	17.2
33502	-2001326400	18.7
33502	-1998648000	9.9
33502	-1996056000	0.1
33502	-1993377600	-12.1
33502	-1990785600	-14.5
33502	-1988107200	-19.7
33502	-1985428800	-21.7
33502	-1983009600	-9.7
33502	-1980331200	4.3
33502	-1977739200	12.8
33502	-1975060800	16.5
33502	-1972468800	16.2
33502	-1969790400	17.3
33502	-1967112000	11
33502	-1964520000	1.9
33502	-1961841600	-12.7
33503	709992000	13.2
33503	712670400	9.6
33504	-1943438400	17.6
33504	-1940846400	19.2
33504	-1938168000	18.4
33504	-1935489600	10.4
33504	-1932897600	0.7
33504	-1930219200	-8.8
33504	-1927627200	-12.6
33504	-1924948800	-18.5
33504	-1922270400	-19.9
33504	-1919851200	-14.3
33504	-1917172800	4.5
33504	-1914580800	10
33504	-1911902400	17.6
33504	-1909310400	21.6
33504	-1906632000	19
33504	-1903953600	8.2
33504	-1901361600	-2.4
33504	-1898683200	-7.4
33504	-1896091200	-18.7
33504	-1893412800	-23.1
33504	-1890734400	-21.8
33504	-1888315200	-12.1
33504	-1885636800	2
33504	-1883044800	12.3
33504	-1880366400	17.7
33504	-1877774400	21.3
33504	-1875096000	19
33504	-1872417600	9.2
33504	-1869825600	1.8
33504	-1867147200	-14.6
33504	-1864555200	-14.7
33504	-1861876800	-18.3
33504	-1859198400	-17.2
33504	-1856779200	-10.4
33504	-1854100800	4.6
33504	-1851508800	10.2
33504	-1848830400	17.3
33504	-1846238400	20.5
33504	-1843560000	16.4
33504	-1840881600	9.9
33504	-1838289600	3.3
33504	-1835611200	-3.7
33504	-1833019200	-18.3
33504	-1830340800	-18.1
33504	-1827662400	-14.4
33504	-1825156800	-11
33504	-1822478400	4.1
33504	-1819886400	11.9
33504	-1817208000	16
33504	-1814616000	19.8
33504	-1811937600	12
33504	-1809259200	6.9
33504	-1806667200	-5.1
33504	-1803988800	-14
33504	-1801396800	-23.1
33504	-1798718400	-17.9
33504	-1796040000	-17.3
33504	-1793620800	-8
33504	-1790942400	-0.2
33504	-1788350400	11.1
33504	-1785672000	18.7
33504	-1783080000	18.5
33504	-1780401600	15.5
33504	-1777723200	8.4
33504	-1775131200	3
33504	-1772452800	-4.6
33504	-1769860800	-16.1
33504	-1767182400	-10.4
33504	-1764504000	-12
33504	-1762084800	-11.6
33504	-1759406400	4.9
33504	-1756814400	10.1
33504	-1754136000	17.9
33504	-1751544000	18.5
33504	-1748865600	17.4
33504	-1746187200	10.9
33504	-1743595200	-0.9
33504	-1740916800	-8.9
33504	-1738324800	-15
33505	725889600	-17.7
33505	728568000	-12.4
33505	730987200	-6.9
33505	733665600	-2.8
33505	736257600	2.1
33505	738936000	9.5
33505	741528000	13.4
33505	744206400	10.3
33505	746884800	3.5
33505	749476800	-2.2
33505	752155200	-15.2
33505	754747200	-17.1
33505	757425600	-16
33505	760104000	-16.3
33506	-1725278400	14.1
33506	-1722600000	19.4
33506	-1720008000	22.4
33506	-1717329600	17.4
33506	-1714651200	8.8
33506	-1712059200	-2.6
33506	-1709380800	-9.3
33506	-1706788800	-14.4
33506	-1704110400	-22.1
33506	-1701432000	-20
33506	-1698926400	-18.3
33507	778420800	3.2
33507	781012800	-0.8
33507	783691200	-8
33507	786283200	-16.2
33507	788961600	-17
33507	791640000	-12.2
33507	794059200	-8.3
33507	796737600	-1.9
33507	799329600	2.6
33507	802008000	7.4
33507	804600000	13.5
33507	807278400	11.8
33508	788961600	-20.8
33508	791640000	-16.2
33508	794059200	-7.4
33508	796737600	0.3
33508	799329600	6
33508	802008000	12.1
33508	804600000	16
33508	807278400	12.9
33508	809956800	6.9
33508	812548800	0.5
33508	815227200	-9.6
33508	817819200	-16
33508	820497600	-21.5
33508	823176000	-18.8
33508	825681600	-12.6
33508	828360000	-1.6
33508	830952000	8.1
33508	833630400	12.4
33508	836222400	16.5
33508	838900800	12.3
33508	841579200	6.6
33508	844171200	-2.8
33508	846849600	-9.4
33508	849441600	-12.6
33508	852120000	-18.6
33508	854798400	-17.2
33508	857217600	-5.7
33508	859896000	4.4
33508	862488000	11
33508	865166400	13.3
33508	867758400	13.6
33508	870436800	11.5
33508	873115200	7.6
33508	875707200	0.5
33508	878385600	-11.5
33508	880977600	-15.9
33508	883656000	-19.9
33508	886334400	-13.1
33508	888753600	-9.5
33508	891432000	-0.6
33508	894024000	8
33508	896702400	13.4
33508	899294400	15
33508	901972800	14.5
33508	904651200	7.3
33508	907243200	-0.1
33508	909921600	-9.6
33508	912513600	-14.6
33508	915192000	-17.7
33508	917870400	-14.6
33508	920289600	-14.7
33508	922968000	0.2
33508	925560000	9.1
33508	928238400	13.4
33508	930830400	15.7
33508	933508800	13.1
33508	936187200	5.4
33508	938779200	-1
33508	941457600	-11.5
33508	944049600	-15.3
33508	946728000	-22.4
33508	949406400	-17.3
33508	951912000	-8.3
33508	954590400	1.8
33508	957182400	8.2
33508	959860800	13.7
33508	962452800	15.2
33508	965131200	13.8
33508	967809600	7.5
33508	970401600	-5.5
33508	973080000	-14.1
33508	975672000	-14.7
33508	978350400	-18.8
33508	981028800	-16.2
33508	983448000	-7.5
33508	986126400	0.2
33508	988718400	9.4
33508	991396800	15.1
33508	993988800	14.9
33508	996667200	14.4
33508	999345600	6.4
33508	1001937600	-0.9
33508	1004616000	-11.8
33508	1007208000	-21.6
33508	1009886400	-18.2
33508	1012564800	-15.8
33508	1014984000	-8.5
33508	1017662400	-1.5
33508	1020254400	9.3
33508	1022932800	14.9
33508	1025524800	16.5
33508	1028203200	15
33508	1030881600	8.2
33508	1033473600	-2.3
33508	1036152000	-9.4
33508	1038744000	-21.5
33508	1041422400	-18.3
33508	1044100800	-15.7
33508	1046520000	-10.2
33508	1049198400	-2.7
33508	1051790400	7.2
33508	1054468800	14.4
33508	1057060800	14.1
33508	1059739200	11.6
33508	1062417600	7.5
33508	1065009600	-1.5
33508	1067688000	-12.8
33508	1070280000	-18.3
33508	1072958400	-20.4
33508	1075636800	-13.1
33508	1078142400	-10.5
33508	1080820800	1.7
33508	1083412800	9.2
33508	1086091200	13.8
33508	1088683200	15.6
33508	1091361600	13
33508	1094040000	6.4
33508	1096632000	-0.8
33508	1099310400	-11.6
33508	1101902400	-18.6
33508	1104580800	-26.8
33508	1107259200	-27.3
33508	1109678400	-10.2
33508	1112356800	-0.2
33508	1114948800	6.9
33508	1117627200	12.3
33508	1120219200	15.7
33508	1122897600	12.7
33508	1125576000	6.7
33508	1128168000	-0.8
33508	1130846400	-12.7
33508	1133438400	-22.7
33508	1136116800	-20.4
33508	1138795200	-16.5
33508	1141214400	-9.2
33508	1143892800	-1.3
33508	1146484800	4.9
33508	1149163200	13.2
33508	1151755200	13.9
33508	1154433600	11.1
33508	1157112000	6.4
33508	1159704000	-0.4
33508	1162382400	-8.6
33508	1164974400	-16.2
33508	1167652800	-19.3
33508	1170331200	-13.5
33508	1172750400	-9.7
33508	1175428800	2.6
33508	1178020800	8.9
33508	1180699200	14
33508	1183291200	17.5
33508	1185969600	13.7
33508	1188648000	8.3
33508	1191240000	-2.6
33508	1193918400	-9.9
33508	1196510400	-17
33508	1199188800	-22.6
33508	1201867200	-16.8
33508	1204372800	-4.9
33508	1207051200	1.1
33508	1209643200	8.8
33508	1212321600	14.3
33508	1214913600	15.9
33508	1217592000	13.6
33508	1220270400	6.6
33508	1222862400	-0.6
33508	1225540800	-9.4
33508	1228132800	-17.1
33508	1230811200	-19.7
33508	1233489600	-16.3
33508	1235908800	-7.7
33508	1238587200	2.5
33508	1241179200	8.8
33508	1243857600	12.3
33508	1246449600	15
33508	1249128000	11.7
33508	1251806400	6.4
33508	1254398400	-0.9
33508	1257076800	-11.2
33508	1259668800	-18.3
33508	1262347200	-22.4
33508	1265025600	-21.6
33508	1267444800	-14.2
33508	1270123200	-5.3
33508	1272715200	5.4
33508	1275393600	14.4
33508	1277985600	14.7
33508	1280664000	11.8
33508	1283342400	7.7
33508	1285934400	-1.5
33508	1288612800	-7.9
33508	1291204800	-17.6
33508	1293883200	-28.1
33508	1296561600	-16.2
33508	1298980800	-10.7
33508	1301659200	2.6
33508	1304251200	7.3
33508	1306929600	14
33508	1309521600	13.7
33508	1312200000	13.6
33508	1314878400	5.6
33508	1317470400	-1.1
33508	1320148800	-11.7
33508	1322740800	-19.9
33508	1325419200	-24.4
33508	1328097600	-21
33508	1330603200	-9.5
33508	1333281600	1.6
33508	1335873600	7.1
33508	1338552000	15.6
33508	1341144000	15.7
33508	1343822400	11.9
33508	1346500800	7.1
33508	1349092800	-1.4
33508	1351771200	-12
33508	1354363200	-20
33508	1357041600	-19.4
33508	1359720000	-17.1
33508	1362139200	-4.4
33508	1364817600	1.7
33508	1367409600	5.6
33508	1370088000	11.5
33508	1372680000	13.7
33508	1375358400	12.9
33508	1378036800	5.9
33508	1380628800	-1.8
33509	-1693656000	10.2
33509	-1690977600	16.6
33509	-1688385600	20.5
33509	-1685707200	17
33509	-1683028800	10.4
33509	-1680436800	1.7
33509	-1677758400	-7.5
33509	-1675166400	-23.7
33509	-1672488000	-23.5
33509	-1669809600	-21.3
33509	-1667390400	-9.9
33509	-1664712000	3.1
33509	-1662120000	12.3
33509	-1659441600	17.6
33509	-1656849600	19.6
33509	-1654171200	14.8
33509	-1651492800	10.2
33509	-1648900800	2
33509	-1646222400	-6.6
33509	-1643630400	-23.4
33509	-1640952000	-19.2
33509	-1638273600	-17
33509	-1635854400	-7.6
33509	-1633176000	1.9
33509	-1630584000	10.5
33509	-1627905600	17.3
33509	-1625313600	19.4
33509	-1622635200	18.2
33509	-1619956800	10.8
33509	-1617364800	1.5
33509	-1614686400	-8.5
33509	-1612094400	-25.1
33509	-1609416000	-27
33509	-1606737600	-13.1
33509	-1604318400	-10
33509	-1601640000	1.8
33509	-1599048000	11.2
33509	-1596369600	15.8
33509	-1593777600	21.4
33509	-1591099200	17
33509	-1588420800	9.8
33509	-1585828800	4.1
33509	-1583150400	-10
33509	-1580558400	-15.6
33509	-1577880000	-18.2
33509	-1575201600	-22.5
33509	-1572696000	-7.4
33509	-1570017600	5
33509	-1567425600	9.6
33509	-1564747200	18.8
33509	-1562155200	22.2
33509	-1559476800	16.9
33509	-1556798400	7.8
33509	-1554206400	3.6
33510	820497600	-13.3
33510	823176000	-15.3
33510	825681600	-9.8
33510	828360000	-2.8
33510	830952000	3.7
33510	833630400	9.1
33510	836222400	14.1
33510	838900800	10.5
33510	841579200	9.6
33510	844171200	-3.6
33510	846849600	-11.4
33510	849441600	-15
33510	852120000	-16.1
33510	854798400	-13.2
33510	857217600	-3.4
33510	859896000	3.1
33510	862488000	6.1
33510	865166400	10.8
33511	-1546257600	-19.7
33511	-1543579200	-17.5
33511	-1541160000	-5.6
33511	-1538481600	2.8
33511	-1535889600	8.9
33511	-1533211200	16
33511	-1530619200	21.9
33511	-1527940800	17.7
33511	-1525262400	11
33511	-1522670400	4.1
33512	883656000	-19.3
33512	886334400	-11.4
33512	888753600	-9.2
33512	891432000	-3
33512	894024000	4.3
33512	896702400	9.4
33512	899294400	12.1
33512	901972800	12.5
33512	904651200	4.5
33512	907243200	-3.4
33512	909921600	-12.9
33512	912513600	-13.8
33512	915192000	-18.5
33512	917870400	-11.9
33512	920289600	-16.9
33512	922968000	-2.7
33512	925560000	8.3
33512	928238400	10.2
33512	930830400	15.5
33512	933508800	10.9
33512	936187200	3.4
33512	938779200	-2.2
33512	941457600	-11
33512	944049600	-13.8
33512	946728000	-20.8
33512	949406400	-13.6
33512	951912000	-7.4
33512	954590400	-0.4
33512	957182400	5.8
33512	959860800	12.3
33512	962452800	11.8
33512	965131200	11.6
33512	967809600	6
33512	970401600	-5.8
33512	973080000	-14.2
33512	975672000	-15.2
33512	978350400	-20.9
33512	981028800	-15.4
33512	983448000	-7.3
33512	986126400	-2.3
33512	988718400	7.1
33512	991396800	12.9
33512	993988800	12.1
33512	996667200	13.4
33512	999345600	5
33512	1001937600	-2.1
33512	1004616000	-7.7
33512	1007208000	-18.2
33512	1009886400	-13.2
33512	1012564800	-10.3
33512	1014984000	-6.4
33512	1017662400	-3.9
33512	1020254400	7.1
33512	1022932800	11.1
33512	1025524800	13.3
33512	1028203200	12.5
33512	1030881600	6.2
33512	1033473600	-4.7
33512	1036152000	-9
33512	1038744000	-18.3
33512	1041422400	-16
33512	1044100800	-14.4
33512	1046520000	-9.5
33512	1049198400	-4.2
33512	1051790400	5
33512	1054468800	12.5
33512	1057060800	12.4
33512	1059739200	9.6
33512	1062417600	5
33512	1065009600	-3.1
33512	1067688000	-13.6
33512	1070280000	-15.7
33512	1072958400	-16.3
33512	1075636800	-12.1
33512	1078142400	-11.2
33512	1080820800	-1.7
33512	1083412800	6
33512	1086091200	11
33512	1088683200	13
33512	1091361600	11.2
33512	1094040000	4.2
33512	1096632000	-1.1
33512	1099310400	-9.7
33512	1101902400	-15.8
33512	1104580800	-20
33512	1107259200	-21.5
33512	1109678400	-6.8
33512	1112356800	-1.9
33512	1114948800	3
33512	1117627200	9.9
33512	1120219200	14.8
33512	1122897600	11.9
33512	1125576000	5
33512	1128168000	-0.1
33512	1130846400	-10.3
33512	1133438400	-18.8
33512	1136116800	-20.2
33512	1138795200	-15.4
33512	1141214400	-8.7
33512	1143892800	-6.4
33512	1146484800	1.2
33512	1149163200	10.6
33512	1151755200	12.5
33512	1154433600	8.9
33512	1157112000	6
33512	1159704000	-2
33512	1162382400	-7.2
33512	1164974400	-12.9
33512	1167652800	-14.1
33512	1170331200	-11.5
33512	1172750400	-9.3
33512	1175428800	2.1
33512	1178020800	5.2
33512	1180699200	9.5
33512	1183291200	15.1
33512	1185969600	10.8
33512	1188648000	7.5
33512	1191240000	-3.1
33512	1193918400	-9.1
33512	1196510400	-15
33512	1199188800	-21.2
33512	1201867200	-15.6
33512	1204372800	-5.2
33512	1207051200	-1.7
33512	1209643200	4.6
33512	1212321600	12.6
33512	1214913600	13.4
33512	1217592000	10.3
33512	1220270400	4.1
33512	1222862400	-0.8
33512	1225540800	-6.8
33512	1228132800	-16.6
33512	1230811200	-17.9
33512	1233489600	-18
33512	1235908800	-8.4
33512	1238587200	0.3
33512	1241179200	4.6
33512	1243857600	7.9
33512	1246449600	12.5
33512	1249128000	10
33512	1251806400	4.4
33512	1254398400	-2.2
33512	1257076800	-12.2
33512	1259668800	-19
33512	1262347200	-22.1
33512	1265025600	-20.3
33512	1267444800	-12.5
33512	1270123200	-4.2
33512	1272715200	2.2
33512	1275393600	11.1
33512	1277985600	13.3
33512	1280664000	10.3
33512	1283342400	5.3
33512	1285934400	-0.7
33512	1288612800	-7.8
33512	1291204800	-18.6
33512	1293883200	-22.7
33512	1296561600	-13.8
33512	1298980800	-9.2
33512	1301659200	1.9
33512	1304251200	4
33512	1306929600	12.2
33512	1309521600	11.2
33512	1312200000	11.4
33512	1314878400	5.4
33512	1317470400	1.4
33512	1320148800	-10.6
33512	1322740800	-15.2
33512	1325419200	-20
33512	1328097600	-17.1
33512	1330603200	-7.7
33512	1333281600	-1.8
33512	1335873600	3.6
33512	1338552000	13.9
33512	1341144000	13.1
33512	1343822400	10.8
33512	1346500800	7
33512	1349092800	-2.5
33512	1351771200	-12.1
33512	1354363200	-20.7
33512	1357041600	-16.7
33512	1359720000	-16.3
33512	1362139200	-7.2
33512	1364817600	-1.5
33512	1367409600	2.7
33512	1370088000	9
33512	1372680000	12.3
33512	1375358400	11.5
33512	1378036800	3.9
33512	1380628800	-2.8
33513	-1517400000	-14.5
33513	-1514721600	-27.8
33513	-1512043200	-18.8
33513	-1509624000	-7.4
33513	-1506945600	1.5
33513	-1504353600	9.7
33513	-1501675200	17.7
33513	-1499083200	22.7
33513	-1496404800	17.4
33513	-1493726400	8
33513	-1491134400	1.2
33513	-1488456000	-10.4
33513	-1485864000	-17.3
33513	-1483185600	-19.9
33513	-1480507200	-23.9
33513	-1478088000	-7.7
33513	-1475409600	4.8
33513	-1472817600	10.7
33513	-1470139200	18.1
33513	-1467547200	20.3
33513	-1464868800	17.9
33513	-1462190400	11.6
33513	-1459598400	3.5
33513	-1456920000	-10.3
33513	-1454328000	-14.8
33513	-1451649600	-15.5
33513	-1448971200	-25.9
33513	-1446465600	-14.5
33513	-1443787200	3.6
33513	-1441195200	12.9
33513	-1438516800	15.4
33513	-1435924800	22.7
33513	-1433246400	17.3
33513	-1430568000	10.9
33513	-1427976000	1.3
33513	-1425297600	-5
33513	-1422705600	-11.4
33513	-1420027200	-16
33513	-1417348800	-18.8
33513	-1414929600	-10.8
33513	-1412251200	2.6
33513	-1409659200	9
33513	-1406980800	15.8
33513	-1404388800	17.2
33513	-1401710400	17.3
33514	-1356955200	-20.1
33514	-1354276800	-19.7
33514	-1351857600	-14.2
33514	-1349179200	2.2
33514	-1346587200	12.4
33514	-1343908800	15.9
33514	-1341316800	19.2
33514	-1338638400	16.2
33514	-1335960000	10.7
33514	-1333368000	1.4
33514	-1330689600	-7.8
33514	-1328097600	-18.2
33514	-1325419200	-19
33514	-1322740800	-20.5
33514	-1320235200	-15.5
33514	-1317556800	3.3
33514	-1314964800	11.2
33514	-1312286400	18.2
33514	-1309694400	18.9
33514	-1307016000	16.6
33514	-1304337600	9.4
33514	-1301745600	2.7
33514	-1299067200	-7.9
33514	-1296475200	-25
33514	-1293796800	-22.4
33514	-1291118400	-31.5
33514	-1288699200	-11.3
33514	-1286020800	4.9
33514	-1283428800	9
33514	-1280750400	17.3
33514	-1278158400	18.7
33514	-1275480000	16.2
33514	-1272801600	9.8
33514	-1270209600	3.2
33514	-1267531200	-7
33514	-1264939200	-24
33514	-1262260800	-22.6
33514	-1259582400	-14.9
33514	-1257163200	-5.6
33514	-1254484800	-0.5
33514	-1251892800	10.2
33514	-1249214400	17.6
33514	-1246622400	18.9
33514	-1243944000	16.4
33514	-1241265600	7.7
33514	-1238673600	0.7
33514	-1235995200	-11.3
33514	-1233403200	-19.3
33514	-1230724800	-21
33514	-1228046400	-26.7
33514	-1225627200	-11.1
33514	-1222948800	2.1
33514	-1220356800	8.1
33514	-1217678400	19.2
33514	-1215086400	18.1
33514	-1212408000	19.1
33514	-1209729600	9.5
33514	-1207137600	3.7
33514	-1204459200	-11.3
33514	-1201867200	-19.4
33514	-1199188800	-13.3
33514	-1196510400	-22
33514	-1194004800	-8.5
33514	-1191326400	4.2
33514	-1188734400	8.8
33514	-1186056000	15.9
33514	-1183464000	22.5
33514	-1180785600	15.1
33514	-1178107200	10.9
33514	-1175515200	5
33514	-1172836800	-4.6
33514	-1170244800	-12.2
33514	-1167566400	-27.9
33514	-1164888000	-26.8
33514	-1162468800	-16.2
33514	-1159790400	3.7
33514	-1157198400	9.7
33514	-1154520000	16.4
33514	-1151928000	20.1
33514	-1149249600	18.7
33514	-1146571200	8
33514	-1143979200	-1
33514	-1141300800	-7
33514	-1138708800	-17
33514	-1136030400	-17
33514	-1133352000	-19.9
33514	-1130932800	-14.8
33514	-1128254400	-1.6
33514	-1125662400	10.7
33514	-1122984000	16.8
33514	-1120392000	16.8
33514	-1117713600	16.3
33514	-1115035200	6.7
33514	-1112443200	-0.4
33514	-1109764800	-7.9
33514	-1107172800	-14.7
33514	-1104494400	-21.1
33514	-1101816000	-17.7
33514	-1099396800	-6.4
33514	-1096718400	0
33514	-1094126400	9.9
33514	-1091448000	18
33514	-1088856000	20.6
33514	-1086177600	16.2
33514	-1083499200	10.1
33514	-1080907200	1.7
33514	-1078228800	-12.4
33514	-1075636800	-26.2
33514	-1072958400	-21.4
33514	-1070280000	-22.4
33514	-1067774400	-11.9
33514	-1065096000	-2.3
33514	-1062504000	8.3
33514	-1059825600	14.3
33514	-1057233600	18.8
33514	-1054555200	14.8
33514	-1051876800	9.6
33514	-1049284800	4.2
33514	-1046606400	-4.4
33514	-1044014400	-12.4
33514	-1041336000	-22.6
33514	-1038657600	-18
33514	-1036238400	-16.1
33514	-1033560000	-2.9
33514	-1030968000	10.7
33514	-1028289600	16.7
33514	-1025697600	18.6
33514	-1023019200	15
33514	-1020340800	9.2
33514	-1017748800	3
33514	-1015070400	-9.6
33514	-1012478400	-21.7
33514	-1009800000	-26
33514	-1007121600	-15.1
33514	-1004702400	-10.1
33514	-1002024000	5.5
33514	-999432000	10.2
33514	-996753600	15.9
33514	-994161600	19.4
33514	-991483200	15.9
33514	-988804800	7
33514	-986212800	2.8
33514	-983534400	-3.4
33514	-980942400	-23.8
33514	-978264000	-18.4
33514	-975585600	-17.3
33514	-973166400	-10
33514	-970488000	5.1
33514	-967896000	9.9
33514	-965217600	18.5
33514	-962625600	19.9
33514	-959947200	17.8
33514	-957268800	10.9
33514	-954676800	-0.4
33514	-951998400	-11.8
33514	-949406400	-14.1
33514	-946728000	-29.4
33514	-944049600	-16.7
33514	-941544000	-6.6
33514	-938865600	5.5
33514	-936273600	10.7
33514	-933595200	17.8
33514	-931003200	18.4
33514	-928324800	17.7
33514	-925646400	8.7
33514	-923054400	1.4
33514	-920376000	-10.8
33514	-917784000	-15.4
33514	-915105600	-20.4
33514	-912427200	-22.9
33514	-910008000	-6.7
33514	-907329600	2.2
33514	-904737600	9.9
33514	-902059200	18.7
33514	-899467200	18.4
33514	-896788800	16.6
33514	-894110400	9
33514	-891518400	1.6
33514	-888840000	-10.1
33514	-886248000	-19.3
33514	-883569600	-23.7
33514	-880891200	-23.2
33514	-878472000	-6.5
33514	-875793600	3.2
33514	-873201600	8.4
33514	-870523200	17.5
33514	-867931200	20.1
33514	-865252800	17.3
33514	-862574400	11.4
33514	-859982400	0.9
33514	-857304000	-6.7
33514	-854712000	-16
33514	-852033600	-25.2
33514	-849355200	-18
33514	-846936000	-11.5
33514	-844257600	3.2
33514	-841665600	12.9
33514	-838987200	17.9
33514	-836395200	20.2
33514	-833716800	19
33514	-831038400	10.3
33514	-828446400	1.9
33514	-825768000	-10.4
33514	-823176000	-12.6
33514	-820497600	-26.2
33514	-817819200	-17.8
33514	-815313600	-6.2
33514	-812635200	5.2
33514	-810043200	10.6
33514	-807364800	18.4
33514	-804772800	19.1
33514	-802094400	17
33514	-799416000	10
33514	-796824000	1.2
33514	-794145600	-13
33514	-791553600	-21.1
33514	-788875200	-25.9
33514	-786196800	-30
33514	-783777600	-12.8
33514	-781099200	5.9
33514	-778507200	14.7
33514	-775828800	18.4
33514	-773236800	20.1
33514	-770558400	16.9
33514	-767880000	11.6
33514	-765288000	3.7
33514	-762609600	-5
33514	-760017600	-19.6
33514	-757339200	-13.4
33514	-754660800	-9.6
33514	-752241600	-12.4
33514	-749563200	4.8
33514	-746971200	10.3
33514	-744292800	16.6
33514	-741700800	21
33514	-739022400	17.5
33514	-736344000	8.1
33514	-733752000	2.9
33514	-731073600	-7
33514	-728481600	-23.6
33514	-725803200	-27.7
33514	-723124800	-21.9
33514	-720705600	-9.9
33514	-718027200	6
33514	-715435200	12.2
33514	-712756800	16.5
33514	-710164800	19.1
33514	-707486400	16.4
33514	-704808000	9.2
33514	-702216000	1
33514	-699537600	-12.8
33514	-696945600	-26.4
33514	-694267200	-16.4
33514	-691588800	-18.9
33514	-689083200	-5
33514	-686404800	5.3
33514	-683812800	8.8
33514	-681134400	15.3
33514	-678542400	20.7
33514	-675864000	16.4
33514	-673185600	9.9
33514	-670593600	1.4
33514	-667915200	-13.4
33514	-665323200	-14.6
33514	-662644800	-15
33514	-659966400	-11
33514	-657547200	-8.7
33514	-654868800	6.2
33514	-652276800	10.1
33514	-649598400	15.5
33514	-647006400	19.4
33514	-644328000	16.6
33514	-641649600	8.5
33514	-639057600	2.9
33514	-636379200	-9.2
33514	-633787200	-26.2
33514	-631108800	-21.5
33514	-628430400	-22.6
33514	-626011200	-5.9
33514	-623332800	-0.9
33514	-620740800	10.8
33514	-618062400	17.9
33514	-615470400	21.2
33514	-612792000	18.6
33514	-610113600	11.2
33514	-607521600	0.9
33514	-604843200	-15.8
33514	-602251200	-14.4
33514	-599572800	-25.3
33514	-596894400	-20.6
33514	-594475200	-6.1
33514	-591796800	3.8
33514	-589204800	12.6
33514	-586526400	18.7
33514	-583934400	20.4
33514	-581256000	14.1
33514	-578577600	10.3
33514	-575985600	1.4
33514	-573307200	-6.2
33514	-570715200	-10.8
33514	-568036800	-14
33514	-565358400	-24.2
33514	-562852800	-10.8
33514	-560174400	1
33514	-557582400	11.5
33514	-554904000	18.2
33514	-552312000	18.8
33514	-549633600	16.7
33514	-546955200	11.2
33514	-544363200	1.9
33514	-541684800	-16.8
33514	-539092800	-16.4
33514	-536414400	-18.6
33514	-533736000	-22.5
33514	-531316800	-3.1
33514	-528638400	4.9
33514	-526046400	12.1
33514	-523368000	19.4
33514	-520776000	21.7
33514	-518097600	15.7
33514	-515419200	12.2
33514	-512827200	3
33514	-510148800	-14.6
33514	-507556800	-14.5
33514	-504878400	-20.6
33514	-502200000	-20.7
33514	-499780800	-11.7
33514	-497102400	1.1
33514	-494510400	7.6
33514	-491832000	17.9
33514	-489240000	17.6
33514	-486561600	18.5
33514	-483883200	11
33514	-481291200	3.6
33514	-478612800	-8.4
33514	-476020800	-25.3
33514	-473342400	-23.5
33514	-470664000	-14.3
33514	-468244800	-11.4
33514	-465566400	2
33514	-462974400	11.6
33514	-460296000	17.8
33514	-457704000	19.4
33514	-455025600	18.9
33514	-452347200	9
33514	-449755200	1
33514	-447076800	-7.1
33514	-444484800	-14.9
33514	-441806400	-23.9
33514	-439128000	-23.5
33514	-436622400	-10.2
33514	-433944000	3.5
33514	-431352000	12.3
33514	-428673600	15.2
33514	-426081600	20.2
33514	-423403200	17.8
33514	-420724800	9.4
33514	-418132800	4.6
33514	-415454400	-12.6
33514	-412862400	-24.8
33514	-410184000	-20.5
33514	-407505600	-19.4
33514	-405086400	-15.2
33514	-402408000	2.1
33514	-399816000	9.4
33514	-397137600	18.7
33514	-394545600	18.4
33514	-391867200	16.1
33514	-389188800	9.1
33514	-386596800	2.4
33514	-383918400	-8.4
33514	-381326400	-10.2
33514	-378648000	-21.5
33514	-375969600	-16.3
33514	-373550400	-14.2
33514	-370872000	0.6
33514	-368280000	10.3
33514	-365601600	13.9
33514	-363009600	19.9
33514	-360331200	17.7
33514	-357652800	9.2
33514	-355060800	3
33514	-352382400	-4
33514	-349790400	-11
33514	-347112000	-18.8
33514	-344433600	-12.6
33514	-342014400	-2.6
33514	-339336000	4.3
33514	-336744000	10.2
33514	-334065600	18.1
33514	-331473600	19.8
33514	-328795200	17.6
33514	-326116800	12.1
33514	-323524800	2.8
33514	-320846400	-16
33514	-318254400	-20.9
33514	-315576000	-20
33514	-312897600	-9.4
33514	-310392000	-11.7
33514	-307713600	3.7
33514	-305121600	9.7
33514	-302443200	17.4
33514	-299851200	18.4
33514	-297172800	15.8
33514	-294494400	10.2
33514	-291902400	0.4
33514	-289224000	-10.4
33514	-286632000	-18.2
33514	-283953600	-16.3
33514	-281275200	-11.2
33514	-278856000	-4.7
33514	-276177600	5.9
33514	-273585600	10.9
33514	-270907200	14.9
33514	-268315200	19.6
33514	-265636800	16.5
33514	-262958400	10.5
33514	-260366400	-1.8
33514	-257688000	-11
33514	-255096000	-15.5
33514	-252417600	-20.6
33514	-249739200	-12.5
33514	-247320000	-3.3
33514	-244641600	4.3
33514	-242049600	12.4
33514	-239371200	17
33514	-236779200	20.5
33514	-234100800	18.6
33514	-231422400	10.8
33514	-228830400	1.6
33514	-226152000	-12
33514	-223560000	-12
33514	-220881600	-20.3
33514	-218203200	-12.3
33514	-215784000	-3.6
33514	-213105600	0.5
33514	-210513600	10.3
33514	-207835200	15.8
33514	-205243200	18.9
33514	-202564800	17.5
33514	-199886400	8.1
33514	-197294400	1.7
33514	-194616000	-3.4
33514	-192024000	-11.9
33514	-189345600	-14.3
33514	-186667200	-26.3
33514	-184161600	-6.7
33514	-181483200	0.1
33514	-178891200	11.9
33514	-176212800	17.9
33514	-173620800	20.8
33514	-170942400	18.4
33514	-168264000	10.8
33514	-165672000	-1.6
33514	-162993600	-4.6
33514	-160401600	-10.2
33514	-157723200	-14.8
33514	-155044800	-15
33514	-152625600	-4.8
33514	-149947200	2.4
33514	-147355200	14.4
33514	-144676800	20.3
33514	-142084800	21
33514	-139406400	17.5
33514	-136728000	10.1
33514	-134136000	2.6
33514	-131457600	-10.4
33514	-128865600	-19.3
33514	-126187200	-19.9
33514	-123508800	-14.2
33514	-121089600	-7.6
33514	-118411200	0.3
33514	-115819200	9.7
33514	-113140800	18.4
33514	-110548800	18.7
33514	-107870400	17.6
33514	-105192000	13.6
33514	-102600000	2.9
33514	-99921600	-8.4
33514	-97329600	-28.6
33514	-94651200	-23.4
33514	-91972800	-17.2
33514	-89553600	-4.5
33514	-86875200	5.4
33514	-84283200	12.4
33514	-81604800	16
33514	-79012800	19.8
33514	-76334400	14.7
33514	-73656000	8
33514	-71064000	3
33514	-68385600	-16.3
33514	-65793600	-21
33514	-63115200	-22.6
33514	-60436800	-21
33514	-57931200	-2.5
33514	-55252800	4.4
33514	-52660800	12.2
33514	-49982400	16.7
33514	-47390400	20.4
33514	-44712000	16.7
33514	-42033600	6.9
33514	-39441600	-0.8
33514	-36763200	-9.5
33514	-34171200	-18.1
33514	-31492800	-28.8
33514	-28814400	-24.9
33514	-26395200	-8.8
33514	-23716800	2.8
33514	-21124800	8.9
33514	-18446400	18.3
33514	-15854400	23.1
33514	-13176000	15.6
33514	-10497600	9.2
33514	-7905600	2.7
33514	-5227200	-8.3
33514	-2635200	-18.8
33514	43200	-17.7
33514	2721600	-16.7
33514	5140800	-13.7
33514	7819200	3.8
33514	10411200	9.3
33514	13089600	16.7
33514	15681600	19.2
33514	18360000	16.1
33514	21038400	9.3
33514	23630400	0.4
33514	26308800	-10
33514	28900800	-18.2
33514	31579200	-12.4
33514	34257600	-22.7
33514	36676800	-13.1
33514	39355200	4.4
33514	41947200	10.4
33514	44625600	16.3
33514	47217600	17.6
33514	49896000	16
33514	52574400	9.7
33514	55166400	2.7
33514	57844800	-3.9
33514	60436800	-18.4
33514	63115200	-19.8
33514	65793600	-13.1
33514	68299200	-5
33514	70977600	6.5
33514	73569600	10
33514	76248000	18.5
33514	78840000	17.5
33514	81518400	15.8
33514	84196800	7.8
33514	86788800	1.9
33514	89467200	-6.3
33514	92059200	-14.2
33514	94737600	-17.1
33514	97416000	-17.6
33514	99835200	-5.5
33514	102513600	3.2
33514	105105600	9.1
33514	107784000	17.8
33514	110376000	19.2
33514	113054400	16.7
33514	115732800	11.5
33514	118324800	0.7
33514	121003200	-4.1
33514	123595200	-13.6
33514	126273600	-19.4
33514	128952000	-19.2
33514	131371200	-8.9
33514	134049600	6.1
33514	136641600	11.3
33514	139320000	16.3
33514	141912000	20.2
33514	144590400	19.2
33514	147268800	9.2
33514	149860800	-1
33514	152539200	-9.2
33514	155131200	-20.8
33514	157809600	-14
33514	160488000	-16.2
33514	162907200	-2.9
33514	165585600	2.4
33514	168177600	10.6
33514	170856000	16.3
33514	173448000	20
33514	176126400	16.4
33514	178804800	10.8
33514	181396800	1.7
33514	184075200	-8.2
33514	186667200	-21.3
33514	189345600	-20.3
33514	192024000	-16.4
33514	194529600	-9.5
33514	197208000	2.8
33514	199800000	10.1
33514	202478400	19.4
33514	205070400	19.7
33514	207748800	14.9
33514	210427200	10.1
33514	213019200	-1
33514	215697600	-10.9
33514	218289600	-17
33514	220968000	-26.7
33514	223646400	-17.8
33514	226065600	-3.6
33514	228744000	3.8
33514	231336000	10.1
33514	234014400	18.4
33514	236606400	19.4
33514	239284800	16
33514	241963200	11.5
33514	244555200	3.8
33514	247233600	-3.5
33514	249825600	-11.4
33514	252504000	-11.9
33514	255182400	-16.7
33514	257601600	-6.5
33514	260280000	5.2
33514	262872000	9.7
33514	265550400	18.9
33514	268142400	21.1
33514	270820800	15.8
33514	273499200	10.7
33514	276091200	1.6
33514	278769600	-5.2
33514	281361600	-14.5
33514	284040000	-22.6
33514	286718400	-11.7
33514	289137600	-5
33514	291816000	0.9
33514	294408000	10.8
33514	297086400	20.5
33514	299678400	20.7
33514	302356800	16.2
33514	305035200	10.7
33514	307627200	3.5
33514	310305600	-7.6
33514	312897600	-12.2
33514	315576000	-19.7
33514	318254400	-21.1
33514	320760000	-12.1
33514	323438400	0.9
33514	326030400	9.7
33514	328708800	18.1
33514	331300800	19.3
33514	333979200	17.4
33514	336657600	10
33514	339249600	1.1
33514	341928000	-4.3
33514	344520000	-14
33514	347198400	-21.4
33514	349876800	-14.6
33514	352296000	-2.6
33514	354974400	5.4
33514	357566400	13.1
33514	360244800	19.3
33514	362836800	18.5
33514	365515200	16.4
33514	368193600	10.5
33514	370785600	-2.2
33514	373464000	-14.8
33514	376056000	-17.1
33514	378734400	-18.9
33514	381412800	-17.3
33514	383832000	-9.8
33514	386510400	6.1
33514	389102400	11.4
33514	391780800	18
33514	394372800	18.6
33514	397051200	16.5
33514	399729600	10.2
33514	402321600	4.1
33514	4.05e+08	-2.3
33514	407592000	-12.8
33514	410270400	-15.1
33514	412948800	-14.4
33514	415368000	-3.5
33514	418046400	0.7
33514	420638400	9.4
33514	423316800	16.9
33514	425908800	18.2
33514	428587200	17.2
33514	431265600	8.9
33514	433857600	4.3
33514	436536000	-2.4
33514	439128000	-13.9
33514	441806400	-20.6
33514	444484800	-21.9
33514	446990400	-6.5
33514	449668800	0
33514	452260800	11.1
33514	454939200	17.9
33514	457531200	17.8
33514	460209600	16
33514	462888000	10.3
33514	465480000	3.6
33514	468158400	-8.9
33514	470750400	-18.5
33514	473428800	-16.4
33514	476107200	-21.4
33514	478526400	-9.8
33514	481204800	3.8
33514	483796800	9.9
33514	486475200	14.9
33514	489067200	19.1
33514	491745600	16.2
33514	494424000	9.5
33514	497016000	2.3
33514	499694400	-5.8
33514	502286400	-17.9
33514	504964800	-17.7
33514	507643200	-17.5
33514	510062400	-5
33514	512740800	2.8
33514	515332800	11.3
33514	518011200	16.8
33514	520603200	21
33514	523281600	17
33514	525960000	10.5
33514	528552000	0.5
33514	531230400	-9.8
33514	533822400	-16.1
33514	536500800	-16.3
33514	539179200	-14.3
33514	541598400	-11.1
33514	544276800	3.1
33514	546868800	12.3
33514	549547200	13.8
33514	552139200	19.4
33514	554817600	18.2
33514	557496000	11.1
33514	560088000	0.6
33514	562766400	-12.1
33514	565358400	-12
33514	568036800	-19
33514	570715200	-19.2
33514	573220800	-8.6
33514	575899200	4.8
33514	578491200	10.2
33514	581169600	15.8
33514	583761600	17.6
33514	586440000	16.8
33514	589118400	11.5
33514	591710400	3.1
33514	594388800	-5.6
33514	596980800	-13.4
33514	599659200	-14.5
33514	602337600	-14.7
33514	604756800	-1.8
33514	607435200	3.9
33514	610027200	12.2
33514	612705600	15.9
33514	615297600	19.9
33514	617976000	17.1
33514	620654400	9.3
33514	623246400	3.7
33514	625924800	-10.3
33514	628516800	-13.4
33514	631195200	-20.6
33514	633873600	-14
33514	636292800	-2.9
33514	638971200	4.3
33514	641563200	14.5
33514	644241600	17.4
33514	646833600	21.4
33514	649512000	17
33514	652190400	9.9
33514	654782400	4.5
33514	657460800	-7.1
33514	660052800	-10.2
33514	662731200	-14.4
33514	665409600	-11.5
33514	667828800	-8.8
33514	670507200	3
33514	673099200	10.5
33514	675777600	17.6
33514	678369600	20.8
33514	681048000	17
33514	683726400	10.4
33514	686318400	2.8
33514	688996800	-6.7
33514	691588800	-18
33514	694267200	-10.7
33514	696945600	-14.3
33514	699451200	-7.3
33514	702129600	3.6
33514	704721600	13.2
33514	707400000	16.6
33514	709992000	21.3
33514	712670400	16.5
33514	715348800	7.7
33514	717940800	1.3
33514	720619200	-5.3
33514	723211200	-12.3
33514	725889600	-17.5
33514	728568000	-11.4
33514	730987200	-5.2
33514	733665600	3.8
33514	736257600	9.5
33514	738936000	16.9
33514	741528000	20.6
33514	744206400	16.7
33514	746884800	9.2
33514	749476800	3.1
33514	752155200	-13.1
33514	754747200	-15.7
33514	757425600	-14.3
33514	760104000	-19.1
33514	762523200	-6.5
33514	765201600	4.2
33514	767793600	12
33514	770472000	20.8
33514	773064000	20.7
33514	775742400	16.2
33514	778420800	9.6
33514	781012800	2.8
33514	783691200	-6.1
33514	786283200	-14.2
33514	788961600	-16.5
33514	791640000	-12.3
33514	794059200	-3.8
33514	796737600	4.8
33514	799329600	10.8
33514	802008000	14.5
33514	804600000	20.4
33514	807278400	18.5
33514	809956800	9
33514	812548800	4.5
33514	815227200	-3
33514	817819200	-12.7
33514	820497600	-21.7
33514	823176000	-20
33514	825681600	-9.7
33514	828360000	2.3
33514	830952000	11.2
33514	833630400	16.3
33514	836222400	21.5
33514	838900800	16.2
33514	841579200	7.8
33514	844171200	0.7
33514	846849600	-9.1
33514	849441600	-12.4
33514	852120000	-14.4
33514	854798400	-12.2
33514	857217600	-1.3
33514	859896000	8.4
33514	862488000	13
33514	865166400	17.1
33514	867758400	18.8
33514	870436800	16.8
33514	873115200	9.5
33514	875707200	3.1
33514	878385600	-7.9
33514	880977600	-13.8
33514	883656000	-20.4
33514	886334400	-11
33514	888753600	-6.5
33514	891432000	4.2
33514	894024000	11.4
33514	896702400	16.5
33514	899294400	21.7
33514	901972800	19.5
33514	904651200	10.4
33514	907243200	3.6
33514	909921600	-8
33514	912513600	-8.2
33514	915192000	-16.4
33514	917870400	-14.4
33514	920289600	-15
33514	922968000	3.9
33514	925560000	15.5
33514	928238400	17.1
33514	930830400	22.5
33514	933508800	16.5
33514	936187200	9.2
33514	938779200	2
33514	941457600	-8
33514	944049600	-10.2
33514	946728000	-20.9
33514	949406400	-12.2
33514	951912000	-2.5
33514	954590400	6.1
33514	957182400	12.6
33514	959860800	19.4
33514	962452800	19.1
33514	965131200	18.1
33514	967809600	11
33514	970401600	0.3
33514	973080000	-10.6
33514	975672000	-12.5
33514	978350400	-21.3
33514	981028800	-15.7
33514	983448000	-4.2
33514	986126400	4.1
33514	988718400	15.1
33514	991396800	20.1
33514	993988800	18.7
33514	996667200	19.4
33514	999345600	10.5
33514	1001937600	2
33514	1004616000	-3.3
33514	1007208000	-16.5
33514	1009886400	-6.9
33514	1012564800	-5.6
33514	1014984000	-0.4
33514	1017662400	2.5
33514	1020254400	13.5
33514	1022932800	18.5
33514	1025524800	19.8
33514	1028203200	18
33514	1030881600	10.6
33514	1033473600	0.2
33514	1036152000	-6.1
33514	1038744000	-22
33514	1041422400	-15.6
33514	1044100800	-14.1
33514	1046520000	-6.1
33514	1049198400	3.1
33514	1051790400	12
33514	1054468800	19.1
33514	1057060800	18.7
33514	1059739200	15.9
33514	1062417600	10.3
33514	1065009600	1.9
33514	1067688000	-7.9
33514	1070280000	-13.3
33514	1072958400	-19.3
33514	1075636800	-9.7
33514	1078142400	-6
33514	1080820800	3.6
33514	1083412800	13.7
33514	1086091200	18.4
33514	1088683200	19.5
33514	1091361600	16.6
33514	1094040000	10.9
33514	1096632000	4.2
33514	1099310400	-4.9
33514	1101902400	-16.4
33514	1104580800	-20.3
33514	1107259200	-23.8
33514	1109678400	-5.2
33514	1112356800	4.9
33514	1114948800	10.8
33514	1117627200	18.1
33514	1120219200	22.4
33514	1122897600	18
33514	1125576000	10.7
33514	1128168000	4.9
33514	1130846400	-5.5
33514	1133438400	-22.9
33514	1136116800	-20.7
33514	1138795200	-17.8
33514	1141214400	-6.9
33514	1143892800	-0.1
33514	1146484800	9.7
33514	1149163200	18.6
33514	1151755200	19.4
33514	1154433600	14.8
33514	1157112000	10.2
33514	1159704000	3.1
33514	1162382400	-5.3
33514	1164974400	-9.3
33514	1167652800	-11.8
33514	1170331200	-8.4
33514	1172750400	-4.4
33514	1175428800	8.3
33514	1178020800	12.8
33514	1180699200	16.1
33514	1183291200	22.2
33514	1185969600	16.6
33514	1188648000	12.3
33514	1191240000	1.9
33514	1193918400	-6.5
33514	1196510400	-10
33514	1199188800	-21
33514	1201867200	-14.7
33514	1204372800	0.4
33514	1207051200	4.7
33514	1209643200	12.1
33514	1212321600	19.2
33514	1214913600	20.6
33514	1217592000	16.9
33514	1220270400	9.7
33514	1222862400	3.4
33514	1225540800	-1.7
33514	1228132800	-15.4
33514	1230811200	-19.1
33514	1233489600	-19.8
33514	1235908800	-8.3
33514	1238587200	6.3
33514	1241179200	12.5
33514	1243857600	15.9
33514	1246449600	20
33514	1249128000	16.8
33514	1251806400	9.9
33514	1254398400	2
33514	1257076800	-6.1
33514	1259668800	-14.1
33514	1262347200	-25.7
33514	1265025600	-22.7
33514	1267444800	-7.6
33514	1270123200	3.1
33514	1272715200	9.5
33514	1275393600	18.1
33514	1277985600	19.5
33514	1280664000	16.6
33514	1283342400	10.6
33514	1285934400	3.7
33514	1288612800	-2
33514	1291204800	-19.9
33514	1293883200	-28.4
33514	1296561600	-15
33514	1298980800	-6.7
33514	1301659200	8.1
33514	1304251200	11.5
33514	1306929600	19.5
33514	1309521600	17.9
33514	1312200000	17.3
33514	1314878400	10
33514	1317470400	5.2
33514	1320148800	-8.3
33514	1322740800	-15.3
33514	1325419200	-22.2
33514	1328097600	-25.9
33514	1330603200	-8.1
33514	1333281600	4.5
33514	1335873600	10.8
33514	1338552000	21.1
33514	1341144000	20.6
33514	1343822400	17
33514	1346500800	11.6
33514	1349092800	3.1
33514	1351771200	-6.2
33514	1354363200	-21.6
33514	1357041600	-18.8
33514	1359720000	-15.1
33514	1362139200	-3.8
33514	1364817600	5.8
33514	1367409600	10.1
33514	1370088000	16.3
33514	1372680000	19.5
33514	1375358400	18.1
33514	1378036800	8.9
33514	1380628800	3
33514	1383307200	-1
33514	1385899200	-8.9
33514	1388577600	-13.7
33514	1391256000	-16.4
33514	1393675200	-0.5
33514	1396353600	7.7
33514	1398945600	9
33514	1401624000	16.9
33514	1404216000	19.9
33514	1406894400	17.8
33514	1409572800	9
33514	1412164800	2.1
33514	1414843200	-5.4
33514	1417435200	-14.4
33514	1420113600	-10.8
33514	1422792000	-12
33514	1425211200	-3.1
33514	1427889600	7
33514	1430481600	12.6
