group	x	y
33675	-347112000	-11.4
33675	-344433600	-13.8
33675	-342014400	-7.3
33675	-339336000	2.4
33675	-336744000	11.5
33675	-334065600	13.9
33675	-331473600	16.8
33675	-328795200	12.9
33675	-326116800	7.7
33675	-323524800	-1.1
33675	-320846400	-8.4
33675	-318254400	-15.7
33675	-315576000	-11.3
33675	-312897600	-13
33675	-310392000	-12.9
33675	-307713600	2.8
33675	-305121600	5.6
33675	-302443200	16
33675	-299851200	15.3
33675	-297172800	14
33675	-294494400	8
33675	-291902400	-1
33675	-289224000	-10.7
33675	-286632000	-9.1
33675	-283953600	-13.2
33675	-281275200	-11.6
33675	-278856000	-3.4
33675	-276177600	2.1
33675	-273585600	12.2
33675	-270907200	15.5
33675	-268315200	16.4
33675	-265636800	13.7
33675	-262958400	8
33675	-260366400	1.2
33675	-257688000	-7.1
33675	-255096000	-8.6
33675	-252417600	-11
33675	-249739200	-9.5
33675	-247320000	-2.4
33675	-244641600	4.6
33675	-242049600	12.9
33675	-239371200	13.7
33675	-236779200	18.8
33675	-234100800	12.8
33675	-231422400	8
33675	-228830400	0.4
33675	-226152000	-6
33675	-223560000	-12.1
33675	-220881600	-13.8
33675	-218203200	-11
33675	-215784000	-11.6
33675	-213105600	1.6
33675	-210513600	11
33675	-207835200	15.2
33675	-205243200	16.9
33675	-202564800	12.7
33675	-199886400	8.2
33675	-197294400	3.4
33675	-194616000	-4.6
33675	-192024000	-13
33675	-189345600	-14.8
33675	-186667200	-14
33675	-184161600	-9.3
33675	-181483200	-0.5
33675	-178891200	10.1
33675	-176212800	13.5
33675	-173620800	16.5
33675	-170942400	12.8
33675	-168264000	8.8
33675	-165672000	0.8
33675	-162993600	-4.8
33675	-160401600	-9.5
33675	-157723200	-13.1
33675	-155044800	-13.2
33675	-152625600	-4.6
33675	-149947200	0.3
33675	-147355200	11.2
33675	-144676800	14.8
33675	-142084800	17.1
33675	-139406400	12.5
33675	-136728000	9
33675	-134136000	-0.3
33675	-131457600	-7.6
33675	-128865600	-9
33675	-126187200	-14
33675	-123508800	-12.6
33675	-121089600	-5
33675	-118411200	3.7
33675	-115819200	9.5
33675	-113140800	12.9
33675	-110548800	18.5
33675	-107870400	16.1
33675	-105192000	8.5
33675	-102600000	0.4
33675	-99921600	-5.6
33675	-97329600	-17.5
33675	-94651200	-15.8
33675	-91972800	-16.8
33675	-89553600	-4.8
33675	-86875200	7
33675	-84283200	12.2
33675	-81604800	14.8
33675	-79012800	15.9
33675	-76334400	15.9
33675	-73656000	7
33675	-71064000	3.9
33675	-68385600	-1.6
33675	-65793600	-9.6
33675	-63115200	-13.3
33675	-60436800	-12.3
33675	-57931200	-6.1
33675	-55252800	0.6
33675	-52660800	12.1
33675	-49982400	13.1
33675	-47390400	14.1
33675	-44712000	13.9
33675	-42033600	7.5
33675	-39441600	-0.7
33675	-36763200	-7.1
33675	-34171200	-17.1
33675	-31492800	-26
33675	-28814400	-17.9
33675	-26395200	-10.9
33675	-23716800	3.1
33675	-21124800	6
33675	-18446400	12.9
33675	-15854400	15.4
33675	-13176000	13
33675	-10497600	9.9
33675	-7905600	-1.5
33675	-5227200	-5.5
33675	-2635200	-13.4
33675	43200	-16.1
33675	2721600	-9.9
33675	5140800	-5
33675	7819200	3.6
33675	10411200	10.5
33675	13089600	12.6
33675	15681600	16.5
33675	18360000	13.2
33675	21038400	10
33675	23630400	1
33675	26308800	-7.6
33675	28900800	-17.8
33675	31579200	-10.7
33675	34257600	-15.5
33675	36676800	-8.9
33675	39355200	0.3
33675	41947200	7.9
33675	44625600	13.4
33675	47217600	18.1
33675	49896000	12.5
33675	52574400	12
33675	55166400	1.4
33675	57844800	-1
33675	60436800	-10.5
33675	63115200	-24.4
33675	65793600	-15.1
33675	68299200	-10
33675	70977600	4.8
33675	73569600	9.8
33675	76248000	13
33675	78840000	16
33675	81518400	15.4
33675	84196800	7.2
33675	86788800	1
33675	89467200	-4.6
33675	92059200	-11.6
33675	94737600	-20.1
33675	97416000	-11
33675	99835200	-6
33675	102513600	5.2
33675	105105600	10.9
33675	107784000	14.8
33675	110376000	13.6
33675	113054400	12.8
33675	115732800	4.7
33675	118324800	0
33675	121003200	-4.6
33675	123595200	-7.7
33675	126273600	-20.4
33675	128952000	-13.6
33675	131371200	-4.1
33675	134049600	3
33675	136641600	10.6
33675	139320000	14.1
33675	141912000	17.6
33675	144590400	12.9
33675	147268800	9.6
33675	149860800	5.6
33675	152539200	-6.3
33675	155131200	-10.8
33675	157809600	-11.9
33675	160488000	-14.9
33675	162907200	-4
33675	165585600	7.9
33675	168177600	11.6
33675	170856000	16.3
33675	173448000	17.8
33675	176126400	13.8
33675	178804800	11
33675	181396800	-1.2
33675	184075200	-8.9
33675	186667200	-9.6
33675	189345600	-12
33675	192024000	-19
33675	194529600	-9.6
33675	197208000	4.3
33675	199800000	10.7
33675	202478400	15.5
33675	205070400	13.7
33675	207748800	15.8
33675	210427200	6.1
33675	213019200	-7.5
33675	215697600	-9
33675	218289600	-14
33675	220968000	-19.2
33675	223646400	-14.4
33675	226065600	-3.9
33675	228744000	5.6
33675	231336000	12.9
33675	234014400	16.5
33675	236606400	16.3
33675	239284800	12.4
33675	241963200	7.8
33675	244555200	-1.8
33675	247233600	-4.7
33675	249825600	-15.2
33675	252504000	-12.9
33675	255182400	-12.9
33675	257601600	-3
33675	260280000	1.2
33675	262872000	8.8
33675	265550400	14.9
33675	268142400	15.3
33675	270820800	12.3
33675	273499200	9
33675	276091200	0.1
33675	278769600	-6.6
33675	281361600	-17.1
33675	284040000	-17.1
33675	286718400	-11.5
33675	289137600	-4.6
33675	291816000	-1.7
33675	294408000	12.1
33675	297086400	10.1
33675	299678400	16.9
33675	302356800	14.6
33675	305035200	9.3
33675	307627200	-0.1
33675	310305600	-6.3
33675	312897600	-9.5
33675	315576000	-18.3
33675	318254400	-14
33675	320760000	-9.9
33675	323438400	2.7
33675	326030400	11.6
33675	328708800	13.6
33675	331300800	15.6
33675	333979200	11
33675	336657600	7.9
33675	339249600	1.8
33675	341928000	-6.8
33675	344520000	-8.2
33675	347198400	-11.7
33675	349876800	-10.4
33675	352296000	-7.4
33675	354974400	-0.3
33675	357566400	7.8
33675	360244800	16.1
33675	362836800	18.5
33675	365515200	17.5
33675	368193600	9.6
33675	370785600	3.9
33675	373464000	-2.7
33675	376056000	-9.7
33675	378734400	-13.3
33675	381412800	-16.8
33675	383832000	-8.8
33675	386510400	6
33675	389102400	10.3
33675	391780800	13.7
33675	394372800	17.3
33675	397051200	14.6
33675	399729600	9.9
33675	402321600	1.5
33675	4.05e+08	-6.7
33675	407592000	-8.1
33675	410270400	-9.3
33675	412948800	-8.2
33675	415368000	-7.3
33675	418046400	7.5
33675	420638400	9.4
33675	423316800	14.4
33675	425908800	18
33675	428587200	13.5
33675	431265600	7.5
33675	433857600	2.6
33675	436536000	-6.3
33675	439128000	-8.9
33675	441806400	-12.3
33675	444484800	-14.8
33675	446990400	-4.4
33675	449668800	-0.1
33675	452260800	11.5
33675	454939200	15.2
33675	457531200	19.3
33675	460209600	13.3
33675	462888000	8.6
33675	465480000	1.6
33675	468158400	-8.5
33675	470750400	-20.9
33675	473428800	-13.6
33675	476107200	-14.2
33675	478526400	-8.3
33675	481204800	1.8
33675	483796800	8.4
33675	486475200	14.5
33675	489067200	14.5
33675	491745600	15.1
33675	494424000	10.1
33675	497016000	-0.7
33675	499694400	-7.2
33675	502286400	-10.4
33675	504964800	-12.2
33675	507643200	-14.1
33675	510062400	-6.7
33675	512740800	5
33675	515332800	7.6
33675	518011200	14.4
33675	520603200	14
33675	523281600	12.8
33675	525960000	7.3
33675	528552000	0.8
33675	531230400	-9.2
33675	533822400	-15.8
33675	536500800	-17.8
33675	539179200	-9.9
33675	541598400	-8.7
33675	544276800	-1.2
33675	546868800	12.4
33675	549547200	17.9
33675	552139200	16.1
33675	554817600	13.9
33675	557496000	7.8
33675	560088000	0
33675	562766400	-12.1
33675	565358400	-12.8
33675	568036800	-14.9
33675	570715200	-12.8
33675	573220800	-4.8
33675	575899200	3.5
33675	578491200	8.5
33675	581169600	17.6
33675	583761600	18.3
33675	586440000	16.3
33675	589118400	9.4
33675	591710400	1
33675	594388800	-8.3
33675	596980800	-11.5
33675	599659200	-13.6
33675	602337600	-11.9
33675	604756800	-4.2
33675	607435200	-0.3
33675	610027200	10.9
33675	612705600	18
33675	615297600	19.7
33675	617976000	13.4
33675	620654400	9.1
33675	623246400	1.7
33675	625924800	-5.3
33675	628516800	-10.7
33675	631195200	-14.2
33675	633873600	-9.3
33675	636292800	-2.6
33675	638971200	3.4
33675	641563200	9.4
33675	644241600	15.6
33675	646833600	15.7
33675	649512000	13.6
33675	652190400	8.5
33675	654782400	-0.1
33675	657460800	-6.7
33675	660052800	-11.4
33675	662731200	-14.2
33675	665409600	-13.8
33675	667828800	-7.9
33675	670507200	6.7
33675	673099200	13.7
33675	675777600	18
33675	678369600	16.8
33675	681048000	12.3
33675	683726400	9.4
33675	686318400	6.6
33675	688996800	-5.2
33675	691588800	-15.2
33675	694267200	-10.9
33675	696945600	-11.2
33675	699451200	-6.3
33675	702129600	3.3
33675	704721600	9.2
33675	707400000	12.6
33675	709992000	13.9
33675	712670400	12
33675	715348800	9.7
33675	717940800	0.6
33675	720619200	-5.1
33675	723211200	-12.3
33675	725889600	-10.1
33675	728568000	-14.8
33675	730987200	-8.4
33675	733665600	1.5
33675	736257600	9.5
33675	738936000	14.5
33675	741528000	16.5
33675	744206400	14.4
33675	746884800	4.6
33675	749476800	1.2
33675	752155200	-15.7
33675	754747200	-11.5
33675	757425600	-11.4
33675	760104000	-19.2
33675	762523200	-8.8
33675	765201600	2.9
33675	767793600	9.8
33675	770472000	14.8
33675	773064000	13.5
33675	775742400	13.4
33675	778420800	9.9
33675	781012800	3.9
33675	783691200	-7.2
33675	786283200	-13.4
33675	788961600	-14.6
33675	791640000	-7.2
33675	794059200	-2.9
33675	796737600	9.7
33675	799329600	12.1
33675	802008000	16.6
33675	804600000	18.1
33675	807278400	14.9
33675	809956800	8.7
33675	812548800	2.9
33675	815227200	-3.5
33675	817819200	-14.4
33675	820497600	-18.3
33675	823176000	-13.4
33675	825681600	-8.1
33675	828360000	-1.4
33675	830952000	11.6
33675	833630400	17.4
33675	836222400	17.8
33675	838900800	12.2
33675	841579200	7.9
33675	844171200	0.6
33675	846849600	-4.5
33675	849441600	-14
33675	852120000	-17.8
33675	854798400	-11.6
33675	857217600	-2.8
33675	859896000	4
33675	862488000	10.3
33675	865166400	16.6
33675	867758400	14.9
33675	870436800	13.1
33675	873115200	9.1
33675	875707200	5.7
33675	878385600	-7.5
33675	880977600	-13.4
33675	883656000	-13.5
33675	886334400	-15
33675	888753600	-5.4
33675	891432000	-2
33675	894024000	10.6
33675	896702400	18.5
33675	899294400	19.3
33675	901972800	16
33675	904651200	7.9
33675	907243200	3.3
33675	909921600	-10.6
33675	912513600	-8.8
33675	915192000	-10
33675	917870400	-7.9
33675	920289600	-10.9
33675	922968000	3.4
33675	925560000	7.9
33675	928238400	13.6
33675	930830400	17.2
33675	933508800	14.9
33675	936187200	8
33675	938779200	4.5
33675	941457600	-10.2
33675	944049600	-7.5
33675	946728000	-9.2
33675	949406400	-8.9
33675	951912000	-5.4
33675	954590400	6.6
33675	957182400	6.8
33675	959860800	16
33675	962452800	17.8
33675	965131200	14.4
33675	967809600	7.3
33675	970401600	1
33675	973080000	-7.4
33675	975672000	-8.4
33675	978350400	-10.7
33675	981028800	-12
33675	983448000	-3.3
33675	986126400	5.6
33675	988718400	11.8
33675	991396800	13
33675	993988800	16.3
33675	996667200	13.3
33675	999345600	8.4
33675	1001937600	0.7
33675	1004616000	-4.7
33675	1007208000	-14.4
33675	1009886400	-9.2
33675	1012564800	-6
33675	1014984000	-2.2
33675	1017662400	0.2
33675	1020254400	6.9
33675	1022932800	12.5
33675	1025524800	17.7
33675	1028203200	12.5
33675	1030881600	10.3
33675	1033473600	2.6
33675	1036152000	-3.5
33675	1038744000	-21.2
33675	1041422400	-12.4
33675	1044100800	-13.8
33675	1046520000	-7.5
33675	1049198400	2.9
33675	1051790400	10.6
33675	1054468800	12.3
33675	1057060800	17.1
33675	1059739200	17.8
33675	1062417600	10.8
33675	1065009600	3.4
33675	1067688000	-5.8
33675	1070280000	-7.6
33675	1072958400	-10.9
33675	1075636800	-10.2
33675	1078142400	-4.6
33675	1080820800	0.1
33675	1083412800	12.6
33675	1086091200	15.4
33675	1088683200	18.4
33675	1091361600	15.1
33675	1094040000	10.4
33675	1096632000	1.3
33675	1099310400	-2.8
33675	1101902400	-11.4
33675	1104580800	-12.2
33675	1107259200	-16.3
33675	1109678400	-7.7
33675	1112356800	3.1
33675	1114948800	13.1
33675	1117627200	15
33675	1120219200	17.3
33675	1122897600	14.5
33675	1125576000	9.8
33675	1128168000	3
33675	1130846400	-3.4
33675	1133438400	-10.2
33675	1136116800	-19.9
33675	1138795200	-10.2
33675	1141214400	-3.6
33675	1143892800	4
33675	1146484800	10.9
33675	1149163200	17.8
33675	1151755200	14.2
33675	1154433600	14.6
33675	1157112000	9.7
33675	1159704000	2.2
33675	1162382400	-6.8
33675	1164974400	-8
33675	1167652800	-6
33675	1170331200	-13.4
33675	1172750400	-5.1
33675	1175428800	3
33675	1178020800	11.8
33675	1180699200	13
33675	1183291200	16.8
33675	1185969600	17.3
33675	1188648000	10.2
33675	1191240000	3.3
33675	1193918400	-8.8
33675	1196510400	-17.6
33675	1199188800	-16.5
33675	1201867200	-11.2
33675	1204372800	-1.4
33675	1207051200	4.1
33675	1209643200	11.1
33675	1212321600	14
33675	1214913600	18.6
33675	1217592000	16.1
33675	1220270400	7
33675	1222862400	3.2
33675	1225540800	-1
33675	1228132800	-10
33675	1230811200	-12.2
33675	1233489600	-9.9
33675	1235908800	-3.9
33675	1238587200	0.7
33675	1241179200	10.9
33675	1243857600	16.5
33675	1246449600	15.6
33675	1249128000	13.9
33675	1251806400	10.6
33675	1254398400	3.1
33675	1257076800	-4.5
33675	1259668800	-15
33675	1262347200	-17.8
33675	1265025600	-14.8
33675	1267444800	-6.3
33675	1270123200	4.1
33675	1272715200	13.2
33675	1275393600	17.9
33675	1277985600	19.8
33675	1280664000	18.8
33675	1283342400	10.2
33675	1285934400	1.7
33675	1288612800	-1.2
33675	1291204800	-10.1
33675	1293883200	-14.6
33675	1296561600	-17.3
33675	1298980800	-7.7
33675	1301659200	3
33675	1304251200	10.8
33675	1306929600	14.2
33675	1309521600	18.9
33675	1312200000	13.5
33675	1314878400	10.9
33675	1317470400	3.6
33675	1320148800	-9.8
33675	1322740800	-11
33675	1325419200	-13.9
33675	1328097600	-16
33675	1330603200	-5.9
33675	1333281600	10.6
33675	1335873600	13.1
33675	1338552000	18.7
33675	1341144000	19.7
33675	1343822400	18.2
33675	1346500800	9.2
33675	1349092800	4.8
33675	1351771200	-2.7
33675	1354363200	-14.2
33675	1357041600	-14
33675	1359720000	-10.6
33675	1362139200	-6.2
33675	1364817600	5.1
33675	1367409600	11.2
33675	1370088000	16.7
33675	1372680000	16.8
33675	1375358400	15.8
33675	1378036800	9.9
33676	-1446465600	-11.2
33676	-1443787200	3.7
33676	-1441195200	12.8
33676	-1438516800	18.9
33676	-1435924800	18.4
33676	-1433246400	15.9
33676	-1430568000	12.9
33676	-1427976000	3.3
33676	-1425297600	-3.5
33676	-1422705600	-10.6
33676	-1420027200	-11
33676	-1417348800	-9
33676	-1414929600	-2.2
33676	-1412251200	4.3
33676	-1409659200	13.8
33676	-1406980800	18.7
33676	-1404388800	20.8
33676	-1401710400	20.2
33676	-1399032000	12.8
33676	-1396440000	3.3
33676	-1393761600	-2.1
33676	-1391169600	-8.2
33676	-1388491200	-13.4
33676	-1385812800	-16.7
33676	-1383393600	-5.6
33676	-1380715200	-1.1
33676	-1378123200	11.2
33676	-1375444800	17
33676	-1372852800	14.7
33676	-1370174400	15.4
33676	-1367496000	11.1
33676	-1364904000	3.9
33676	-1362225600	-1.9
33676	-1359633600	-8.5
33676	-1356955200	-18.3
33676	-1354276800	-13.8
33676	-1351857600	-11.8
33676	-1349179200	3.5
33676	-1346587200	14.1
33676	-1343908800	18.6
33676	-1341316800	21.5
33676	-1338638400	17.8
33676	-1335960000	12.4
33676	-1333368000	5.3
33676	-1330689600	-4.7
33676	-1328097600	-16.6
33676	-1325419200	-14.3
33676	-1322740800	-13.5
33676	-1320235200	-12.9
33676	-1317556800	1.1
33676	-1314964800	12.3
33676	-1312286400	16.5
33676	-1309694400	18.9
33676	-1307016000	16.2
33676	-1304337600	11.9
33676	-1301745600	3
33676	-1299067200	-2.1
33676	-1296475200	-12.7
33676	-1293796800	-17.1
33676	-1291118400	-22.5
33676	-1288699200	-7.5
33676	-1286020800	1.2
33676	-1283428800	13.1
33676	-1280750400	18.4
33676	-1278158400	22
33676	-1275480000	19
33676	-1272801600	9.6
33676	-1270209600	4.7
33676	-1267531200	-2.6
33676	-1264939200	-18.7
33676	-1262260800	-12.8
33676	-1259582400	-16.7
33676	-1257163200	-3.3
33676	-1254484800	5.1
33676	-1251892800	13.8
33676	-1249214400	16.3
33676	-1246622400	19.6
33676	-1243944000	20.6
33676	-1241265600	9.7
33676	-1238673600	3.8
33676	-1235995200	-2.4
33676	-1233403200	-19
33676	-1230724800	-20
33676	-1228046400	-24.7
33676	-1225627200	-7.7
33676	-1222948800	5.3
33676	-1220356800	14.4
33676	-1217678400	20.3
33676	-1215086400	24.8
33676	-1212408000	17.4
33676	-1209729600	12.4
33676	-1207137600	5.2
33676	-1204459200	-4.7
33676	-1201867200	-12.8
33676	-1199188800	-9.4
33676	-1196510400	-17.1
33676	-1194004800	-7.8
33676	-1191326400	5.8
33676	-1188734400	14.2
33676	-1186056000	19.3
33676	-1183464000	18.4
33676	-1180785600	19.4
33676	-1178107200	11.6
33676	-1175515200	5.2
33676	-1172836800	-6.4
33676	-1170244800	-9.9
33676	-1167566400	-19.7
33676	-1164888000	-21.9
33676	-1162468800	-10.7
33676	-1159790400	5.6
33676	-1157198400	12.3
33676	-1154520000	18
33676	-1151928000	22.1
33676	-1149249600	16.5
33676	-1146571200	11.5
33676	-1143979200	2.4
33676	-1141300800	-5
33676	-1138708800	-17.8
33676	-1136030400	-16.4
33676	-1133352000	-9.1
33676	-1130932800	-11.3
33676	-1128254400	0.2
33676	-1125662400	15.2
33676	-1122984000	15.6
33676	-1120392000	19.4
33676	-1117713600	19.3
33676	-1115035200	8.8
33676	-1112443200	5.7
33676	-1109764800	-4.4
33676	-1107172800	-16.8
33676	-1104494400	-16.8
33676	-1101816000	-8.8
33676	-1099396800	-8.6
33676	-1096718400	7.2
33676	-1094126400	13
33676	-1091448000	16.7
33676	-1088856000	18
33676	-1086177600	18.6
33676	-1083499200	11.8
33676	-1080907200	8
33676	-1078228800	-8.1
33676	-1075636800	-15.2
33676	-1072958400	-11.7
33676	-1070280000	-15
33676	-1067774400	-9.9
33676	-1065096000	3
33676	-1062504000	11.3
33676	-1059825600	21.5
33676	-1057233600	21
33676	-1054555200	19.1
33676	-1051876800	11.2
33676	-1049284800	5.4
33676	-1046606400	-2.4
33676	-1044014400	-6.7
33676	-1041336000	-17.1
33676	-1038657600	-15.8
33676	-1036238400	-4.6
33676	-1033560000	4.9
33676	-1030968000	9.6
33676	-1028289600	18.2
33676	-1025697600	20
33676	-1023019200	18.7
33676	-1020340800	14.4
33676	-1017748800	4.7
33676	-1015070400	-4.8
33676	-1012478400	-11.2
33676	-1009800000	-13.5
33676	-1007121600	-12.8
33676	-1004702400	-7.8
33676	-1002024000	7.2
33676	-999432000	14.3
33676	-996753600	17.4
33676	-994161600	18.7
33676	-991483200	19.5
33676	-988804800	14.2
33676	-986212800	5
33676	-983534400	-2.7
33676	-980942400	-19.3
33676	-978264000	-17
33676	-975585600	-10.9
33676	-973166400	-6.6
33676	-970488000	5
33676	-967896000	12.6
33676	-965217600	21.2
33676	-962625600	20.9
33676	-959947200	15.7
33676	-957268800	8.4
33676	-954676800	1.2
33676	-951998400	-2.9
33676	-949406400	-8.5
33676	-946728000	-21.7
33676	-944049600	-18.1
33676	-941544000	-6.3
33676	-938865600	7.1
33676	-936273600	9.7
33676	-933595200	17.4
33676	-931003200	21.7
33676	-928324800	22
33676	-925646400	15
33676	-923054400	-0.8
33676	-920376000	-1.6
33676	-917784000	-11.8
33676	-915105600	-17.6
33676	-912427200	-15.3
33676	-910008000	-7.3
33676	-907329600	1.6
33676	-904737600	9.9
33676	-902059200	15.7
33676	-899467200	18.4
33676	-896788800	18.2
33676	-894110400	11.5
33676	-891518400	1.6
33676	-888840000	-10.4
33676	-886248000	-13.8
33676	-883569600	-19.6
33676	-880891200	-20.1
33676	-878472000	-12
33676	-875793600	0.4
33676	-873201600	13.3
33676	-870523200	18.1
33676	-867931200	19.9
33676	-865252800	16.9
33676	-862574400	10.3
33676	-859982400	3.9
33676	-857304000	-6.6
33676	-854712000	-10.2
33676	-852033600	-19
33676	-849355200	-14.7
33676	-846936000	-8
33676	-844257600	6.6
33676	-841665600	18.4
33676	-838987200	17.5
33676	-836395200	20.9
33676	-833716800	17.7
33676	-831038400	10.1
33676	-828446400	2.7
33676	-825768000	-7.1
33676	-823176000	-9.9
33676	-820497600	-7.8
33676	-817819200	-10
33676	-815313600	-2.2
33676	-812635200	5.4
33676	-810043200	15
33676	-807364800	17.2
33676	-804772800	18.3
33676	-802094400	14.9
33676	-799416000	13.3
33676	-796824000	3.7
33676	-794145600	-7.2
33676	-791553600	-17.5
33676	-788875200	-16.5
33676	-786196800	-17.8
33676	-783777600	-8.3
33676	-781099200	2.6
33676	-778507200	8.6
33676	-775828800	17.7
33676	-773236800	17.5
33676	-770558400	19.4
33676	-767880000	10.3
33676	-765288000	1.8
33676	-762609600	-7.5
33676	-760017600	-13.5
33676	-757339200	-13.1
33676	-754660800	-6.5
33676	-752241600	-9.8
33676	-749563200	2.5
33676	-746971200	13.5
33676	-744292800	17.7
33676	-741700800	17.6
33676	-739022400	18
33676	-736344000	12.3
33676	-733752000	0.3
33676	-731073600	-5
33676	-728481600	-14.1
33676	-725803200	-17.3
33676	-723124800	-15.4
33676	-720705600	-3.5
33676	-718027200	5.9
33676	-715435200	10
33676	-712756800	15.3
33676	-710164800	17.6
33676	-707486400	16.6
33676	-704808000	12
33676	-702216000	4.5
33676	-699537600	-0.5
33676	-696945600	-9.5
33676	-694267200	-8.1
33676	-691588800	-12.4
33676	-689083200	-8.8
33676	-686404800	-0.4
33676	-683812800	16.6
33676	-681134400	21.9
33676	-678542400	17.9
33676	-675864000	17.9
33676	-673185600	11.1
33676	-670593600	4.6
33676	-667915200	-2.1
33676	-665323200	-13.4
33676	-662644800	-9.5
33676	-659966400	-13
33676	-657547200	-9
33676	-654868800	2.2
33676	-652276800	15
33676	-649598400	20.2
33676	-647006400	19.6
33676	-644328000	18.6
33676	-641649600	10
33676	-639057600	3
33676	-636379200	-5.1
33676	-633787200	-13.8
33676	-631108800	-22.4
33676	-628430400	-13.9
33676	-626011200	-6.5
33676	-623332800	7.8
33676	-620740800	13.5
33676	-618062400	16.3
33676	-615470400	17.9
33676	-612792000	16.4
33676	-610113600	12.7
33676	-607521600	3.7
33676	-604843200	-4.7
33676	-602251200	-12.8
33676	-599572800	-17.7
33676	-596894400	-21.4
33676	-594475200	-7.6
33676	-591796800	10.6
33676	-589204800	12.9
33676	-586526400	18.5
33676	-583934400	20.8
33676	-581256000	19.5
33676	-578577600	12.5
33676	-575985600	2.2
33676	-573307200	-10.2
33676	-570715200	-7.4
33676	-568036800	-15
33676	-565358400	-11.8
33676	-562852800	-8.7
33676	-560174400	0.4
33676	-557582400	15.6
33676	-554904000	19.6
33676	-552312000	22.4
33676	-549633600	18.2
33676	-546955200	13
33676	-544363200	3.2
33676	-541684800	-6.6
33676	-539092800	-12.5
33676	-536414400	-14.5
33676	-533736000	-16
33676	-531316800	-6.6
33676	-528638400	6.8
33676	-526046400	13.9
33676	-523368000	17.6
33676	-520776000	21.7
33676	-518097600	21.4
33676	-515419200	12.4
33676	-512827200	1.7
33676	-510148800	-10.2
33676	-507556800	-10.3
33676	-504878400	-19.6
33676	-502200000	-24.2
33676	-499780800	-10
33676	-497102400	3.7
33676	-494510400	14.4
33676	-491832000	18.7
33676	-489240000	22.7
33676	-486561600	18.2
33676	-483883200	12.7
33676	-481291200	5.6
33676	-478612800	-3.2
33676	-476020800	-9.8
33676	-473342400	-9.2
33676	-470664000	-10.1
33676	-468244800	-9.4
33676	-465566400	5.1
33676	-462974400	15.2
33676	-460296000	20.6
33676	-457704000	18.4
33676	-455025600	16.6
33676	-452347200	11.6
33676	-449755200	6.5
33676	-447076800	-7
33676	-444484800	-17.4
33676	-441806400	-15.7
33676	-439128000	-20.1
33676	-436622400	-10.3
33676	-433944000	5.8
33676	-431352000	13.1
33676	-428673600	19.6
33676	-426081600	17.5
33676	-423403200	17.2
33676	-420724800	7.3
33676	-418132800	4.9
33676	-415454400	-7.4
33676	-412862400	-8
33676	-410184000	-16.1
33676	-407505600	-9.7
33676	-405086400	-9.6
33676	-402408000	2.7
33676	-399816000	18.9
33676	-397137600	20.9
33676	-394545600	19.3
33676	-391867200	18.1
33676	-389188800	16.2
33676	-386596800	3.7
33676	-383918400	-8.6
33676	-381326400	-6.9
33676	-378648000	-10.9
33676	-375969600	-7.9
33676	-373550400	-7.3
33676	-370872000	2.7
33676	-368280000	12.5
33676	-365601600	20.1
33676	-363009600	19.3
33676	-360331200	19.3
33676	-357652800	8
33676	-355060800	4.3
33676	-352382400	-3.8
33676	-349790400	-14.1
33676	-347112000	-10.1
33676	-344433600	-13.9
33676	-342014400	-7.2
33676	-339336000	4.6
33676	-336744000	14.9
33676	-334065600	17.1
33676	-331473600	20.3
33676	-328795200	16.1
33676	-326116800	10.1
33676	-323524800	1.3
33676	-320846400	-7
33676	-318254400	-16.9
33676	-315576000	-10.6
33676	-312897600	-13.4
33676	-310392000	-11.1
33676	-307713600	5.5
33676	-305121600	9.1
33676	-302443200	19
33676	-299851200	18.7
33676	-297172800	17.1
33676	-294494400	11
33676	-291902400	1.7
33676	-289224000	-9.9
33676	-286632000	-6.5
33676	-283953600	-12.6
33676	-281275200	-11
33676	-278856000	-2.3
33676	-276177600	4.9
33676	-273585600	14.9
33676	-270907200	18.4
33676	-268315200	19.8
33676	-265636800	16.9
33676	-262958400	10.6
33676	-260366400	4.4
33676	-257688000	-5.5
33676	-255096000	-7
33676	-252417600	-10.7
33676	-249739200	-9.6
33676	-247320000	-0.6
33676	-244641600	7.8
33676	-242049600	15.6
33676	-239371200	16.8
33676	-236779200	21.4
33676	-234100800	15.6
33676	-231422400	11
33676	-228830400	2.9
33676	-226152000	-3.4
33676	-223560000	-10.6
33676	-220881600	-14.1
33676	-218203200	-12.2
33676	-215784000	-10.4
33676	-213105600	3.8
33676	-210513600	14.4
33676	-207835200	17.7
33677	-2111659200	-11.3
33677	-2109240000	-10.3
33677	-2106561600	4.8
33677	-2103969600	9.6
33677	-2101291200	15.9
33677	-2098699200	18.6
33677	-2096020800	18.2
33677	-2093342400	9.3
33677	-2090750400	-0.3
33677	-2088072000	-8.9
33677	-2085480000	-15.2
33677	-2082801600	-15.9
33677	-2080123200	-11.6
33677	-2077617600	-11.2
33677	-2074939200	-1.3
33677	-2072347200	12
33677	-2069668800	13.5
33677	-2067076800	16.9
33677	-2064398400	15.1
33677	-2061720000	8.2
33677	-2059128000	0.8
33677	-2056449600	-5.2
33677	-2053857600	-13.9
33678	-946728000	-19.5
33678	-944049600	-15.7
33678	-941544000	-5.8
33678	-938865600	5.8
33678	-936273600	8.3
33678	-933595200	15.1
33678	-931003200	20.5
33678	-928324800	19.6
33678	-925646400	12
33678	-923054400	-2.1
33678	-920376000	-3.9
33678	-917784000	-12.3
33678	-915105600	-18.9
33678	-912427200	-15.1
33678	-910008000	-7.4
33678	-907329600	1
33678	-904737600	8.1
33678	-902059200	14
33678	-899467200	16
33678	-896788800	15.5
33678	-894110400	9.8
33678	-891518400	0.7
33678	-888840000	-10.7
33678	-886248000	-15.3
33678	-883569600	-17.6
33678	-880891200	-15.2
33678	-878472000	-13.2
33678	-875793600	-1.1
33678	-873201600	10.6
33678	-870523200	15.7
33678	-867931200	18.2
33678	-865252800	15.4
33678	-862574400	8.7
33678	-859982400	1.9
33678	-857304000	-7.6
33678	-854712000	-12.3
33678	-852033600	-18.3
33678	-849355200	-14.7
33678	-846936000	-9.5
33678	-844257600	5.3
33678	-841665600	16.5
33678	-838987200	15.8
33678	-836395200	19
33678	-833716800	15.8
33678	-831038400	8.4
33678	-828446400	1.1
33678	-825768000	-8.3
33678	-823176000	-11.2
33678	-820497600	-10.3
33678	-817819200	-9.2
33678	-815313600	-2.6
33678	-812635200	4.3
33678	-810043200	12.9
33678	-807364800	15.2
33678	-804772800	16.4
33678	-802094400	13.5
33678	-799416000	10.6
33678	-796824000	2.1
33678	-794145600	-9
33678	-791553600	-15.4
33678	-788875200	-16.5
33678	-786196800	-19
33678	-783777600	-9.5
33678	-781099200	0.9
33678	-778507200	6.9
33678	-775828800	15.3
33678	-773236800	15.6
33678	-770558400	17.6
33678	-767880000	8.2
33678	-765288000	0.2
33678	-762609600	-10
33678	-760017600	-13.5
33678	-757339200	-13.8
33678	-754660800	-7.1
33678	-752241600	-8.3
33678	-749563200	1.9
33678	-746971200	11.2
33678	-744292800	15.4
33678	-741700800	15.3
33678	-739022400	15.7
33678	-736344000	9.9
33678	-733752000	-1.1
33678	-731073600	-6.9
33678	-728481600	-16
33678	-725803200	-17.2
33678	-723124800	-14.4
33678	-720705600	-4.5
33678	-718027200	4.1
33678	-715435200	9
33678	-712756800	12.7
33678	-710164800	15.7
33678	-707486400	14.3
33678	-704808000	9.7
33678	-702216000	2.3
33678	-699537600	-3
33678	-696945600	-12.9
33678	-694267200	-9.3
33678	-691588800	-13.8
33678	-689083200	-10.4
33678	-686404800	-0.6
33678	-683812800	14.3
33678	-681134400	19.9
33678	-678542400	16.8
33678	-675864000	16.1
33678	-673185600	9.2
33678	-670593600	2.6
33678	-667915200	-5
33678	-665323200	-15.6
33678	-662644800	-11.8
33678	-659966400	-14.2
33678	-657547200	-11.2
33678	-654868800	1.2
33678	-652276800	13.2
33678	-649598400	18.1
33678	-647006400	17.8
33678	-644328000	15.9
33678	-641649600	7
33678	-639057600	0.7
33678	-636379200	-7.2
33678	-633787200	-13.8
33678	-631108800	-22.8
33678	-628430400	-14.2
33678	-626011200	-8.4
33678	-623332800	5.6
33678	-620740800	11.4
33678	-618062400	13.6
33678	-615470400	15.5
33678	-612792000	14.1
33678	-610113600	10.9
33678	-607521600	1.5
33678	-604843200	-7.9
33678	-602251200	-11.6
33678	-599572800	-17.8
33678	-596894400	-20.2
33678	-594475200	-5.1
33678	-591796800	8.8
33678	-589204800	11.8
33678	-586526400	15.9
33678	-583934400	19.1
33678	-581256000	17
33678	-578577600	10.6
33678	-575985600	-0.1
33678	-573307200	-10.3
33678	-570715200	-8.5
33678	-568036800	-13.5
33678	-565358400	-12.6
33678	-562852800	-11
33678	-560174400	-1.8
33678	-557582400	13.8
33678	-554904000	17.4
33678	-552312000	20.4
33678	-549633600	16.5
33678	-546955200	10.7
33678	-544363200	1.5
33678	-541684800	-9.2
33678	-539092800	-14.2
33678	-536414400	-14.1
33678	-533736000	-14.7
33678	-531316800	-8.4
33678	-528638400	4.5
33678	-526046400	11.8
33678	-523368000	14.8
33678	-520776000	18.8
33678	-518097600	18.4
33678	-515419200	10.3
33678	-512827200	-0.2
33678	-510148800	-12.2
33678	-507556800	-11.4
33678	-504878400	-18.2
33678	-502200000	-23.4
33678	-499780800	-10.3
33678	-497102400	0.6
33678	-494510400	12.7
33678	-491832000	16.4
33678	-489240000	20.8
33678	-486561600	16.9
33678	-483883200	11.2
33678	-481291200	4
33678	-478612800	-3.7
33678	-476020800	-11.5
33678	-473342400	-12.1
33678	-470664000	-12.2
33678	-468244800	-10.6
33678	-465566400	2.1
33678	-462974400	13.6
33678	-460296000	19.6
33678	-457704000	16.9
33678	-455025600	15.3
33678	-452347200	8.7
33678	-449755200	3.1
33678	-447076800	-8.4
33678	-444484800	-15.9
33678	-441806400	-16
33678	-439128000	-20.1
33678	-436622400	-11.3
33678	-433944000	3.2
33678	-431352000	9.9
33678	-428673600	15.9
33678	-426081600	16.3
33678	-423403200	16.1
33678	-420724800	5.8
33678	-418132800	3.5
33678	-415454400	-7.6
33678	-412862400	-9.9
33678	-410184000	-17.4
33678	-407505600	-11.9
33678	-405086400	-11.8
33678	-402408000	1.3
33678	-399816000	15.9
33678	-397137600	18.3
33678	-394545600	17.5
33678	-391867200	15.6
33678	-389188800	13.5
33678	-386596800	1.7
33678	-383918400	-9.5
33678	-381326400	-9.1
33678	-378648000	-12.3
33678	-375969600	-9.3
33678	-373550400	-10.4
33678	-370872000	0.3
33678	-368280000	10.3
33678	-365601600	18.5
33678	-363009600	16.9
33678	-360331200	16.9
33678	-357652800	6.2
33678	-355060800	2.1
33678	-352382400	-6.3
33678	-349790400	-15.4
33678	-347112000	-12.4
33678	-344433600	-14.2
33678	-342014400	-8.3
33678	-339336000	2.7
33678	-336744000	12.2
33678	-334065600	14.6
33678	-331473600	17.8
33678	-328795200	14
33678	-326116800	8.4
33678	-323524800	-0.9
33678	-320846400	-7.9
33678	-318254400	-15.9
33678	-315576000	-12.3
33678	-312897600	-13.5
33678	-310392000	-13.6
33678	-307713600	3.3
33678	-305121600	6.8
33678	-302443200	17.2
33678	-299851200	15.8
33678	-297172800	14.9
33678	-294494400	8.6
33678	-291902400	0.3
33678	-289224000	-9.2
33678	-286632000	-9.6
33678	-283953600	-14.4
33678	-281275200	-12
33678	-278856000	-4.2
33678	-276177600	2.8
33678	-273585600	13.4
33678	-270907200	16.2
33678	-268315200	17.4
33678	-265636800	15.3
33678	-262958400	8.3
33678	-260366400	1.5
33678	-257688000	-6.6
33678	-255096000	-8.4
33678	-252417600	-11.8
33678	-249739200	-10.4
33678	-247320000	-2.7
33678	-244641600	5.1
33678	-242049600	12.8
33678	-239371200	14.7
33678	-236779200	20
33678	-234100800	13.6
33678	-231422400	8.9
33678	-228830400	0.6
33678	-226152000	-5.7
33678	-223560000	-12.6
33678	-220881600	-13.8
33678	-218203200	-11
33678	-215784000	-11.4
33678	-213105600	0.8
33678	-210513600	11.6
33678	-207835200	15.3
33678	-205243200	17.8
33678	-202564800	13.8
33678	-199886400	9
33678	-197294400	4.1
33678	-194616000	-3.4
33678	-192024000	-13.2
33678	-189345600	-15.4
33678	-186667200	-16.6
33678	-184161600	-11
33678	-181483200	-1
33678	-178891200	10
33678	-176212800	14.2
33678	-173620800	16.9
33678	-170942400	13.9
33678	-168264000	9.4
33678	-165672000	0.4
33678	-162993600	-4.2
33678	-160401600	-10
33678	-157723200	-13.2
33678	-155044800	-14.4
33678	-152625600	-4.9
33678	-149947200	0.6
33678	-147355200	11.7
33678	-144676800	16
33678	-142084800	18.6
33678	-139406400	14.4
33678	-136728000	10.6
33678	-134136000	0.4
33678	-131457600	-7
33678	-128865600	-10.5
33678	-126187200	-14.3
33678	-123508800	-13.1
33678	-121089600	-5.5
33678	-118411200	3.5
33678	-115819200	10.8
33678	-113140800	14.4
33678	-110548800	19.5
33678	-107870400	17.1
33678	-105192000	9.2
33678	-102600000	0
33678	-99921600	-5.5
33678	-97329600	-17.4
33678	-94651200	-15.4
33678	-91972800	-16.6
33678	-89553600	-5.7
33678	-86875200	7.6
33678	-84283200	13.6
33678	-81604800	16.4
33678	-79012800	17.2
33678	-76334400	17.4
33678	-73656000	7.6
33678	-71064000	3.9
33678	-68385600	-2.9
33678	-65793600	-10.2
33678	-63115200	-14.8
33678	-60436800	-14
33678	-57931200	-6.5
33678	-55252800	2
33678	-52660800	13.5
33678	-49982400	13.8
33678	-47390400	15
33678	-44712000	15.9
33678	-42033600	9.1
33678	-39441600	-0.4
33678	-36763200	-6.9
33678	-34171200	-16.5
33678	-31492800	-24.8
33678	-28814400	-17.1
33678	-26395200	-12
33678	-23716800	2.9
33678	-21124800	7.7
33678	-18446400	14.8
33678	-15854400	16.8
33678	-13176000	14.3
33678	-10497600	10.2
33678	-7905600	-0.3
33678	-5227200	-4.4
33678	-2635200	-13.2
33678	43200	-16.4
33678	2721600	-11.8
33678	5140800	-6
33678	7819200	4.8
33678	10411200	11.1
33678	13089600	13.5
33678	15681600	17.6
33678	18360000	14.2
33678	21038400	10.9
33678	23630400	1.2
33678	26308800	-6.8
33678	28900800	-16.1
33678	31579200	-11.1
33678	34257600	-17.1
33678	36676800	-9.7
33678	39355200	0.8
33678	41947200	9.4
33678	44625600	14.8
33678	47217600	19.1
33678	49896000	13.8
33678	52574400	13.3
33678	55166400	2
33678	57844800	-2.2
33678	60436800	-9.8
33678	63115200	-24.2
33678	65793600	-15.4
33678	68299200	-11
33678	70977600	5.4
33678	73569600	11.3
33678	76248000	14.4
33678	78840000	17.5
33678	81518400	17
33678	84196800	8.1
33678	86788800	1.7
33678	89467200	-4.4
33678	92059200	-10.8
33678	94737600	-19.7
33678	97416000	-12
33678	99835200	-6.9
33678	102513600	5.6
33678	105105600	12.6
33678	107784000	16.3
33678	110376000	15.1
33678	113054400	13.7
33678	115732800	5.4
33678	118324800	0.8
33678	121003200	-4.4
33678	123595200	-8.6
33678	126273600	-20.1
33678	128952000	-15.5
33678	131371200	-4.2
33678	134049600	3.7
33678	136641600	11.8
33678	139320000	15.4
33678	141912000	18.8
33678	144590400	14.1
33678	147268800	10.9
33678	149860800	6.4
33678	152539200	-6.6
33678	155131200	-12.6
33678	157809600	-11.6
33678	160488000	-15.4
33678	162907200	-5.3
33678	165585600	8.5
33678	168177600	13.1
33678	170856000	18.8
33678	173448000	19.7
33678	176126400	15.5
33678	178804800	12.6
33678	181396800	-0.2
33678	184075200	-7.9
33678	186667200	-9.8
33678	189345600	-12
33678	192024000	-18.8
33678	194529600	-10.5
33678	197208000	3.8
33678	199800000	11.6
33678	202478400	16.6
33678	205070400	15.4
33678	207748800	18
33678	210427200	7.8
33678	213019200	-6.8
33678	215697600	-9.2
33678	218289600	-14.7
33678	220968000	-19.3
33678	223646400	-15.5
33678	226065600	-4.1
33678	228744000	6.6
33678	231336000	14.6
33678	234014400	18.5
33678	236606400	18
33678	239284800	14.6
33678	241963200	8.6
33678	244555200	-1
33678	247233600	-4.8
33678	249825600	-14.6
33678	252504000	-13.8
33678	255182400	-13.2
33678	257601600	-4.4
33678	260280000	2.3
33678	262872000	9.8
33678	265550400	15.7
33678	268142400	17.2
33678	270820800	14
33678	273499200	10.4
33678	276091200	0.4
33678	278769600	-5.5
33678	281361600	-15.7
33678	284040000	-16.5
33678	286718400	-11.3
33678	289137600	-5.4
33678	291816000	-1.8
33678	294408000	13.9
33678	297086400	12.2
33678	299678400	17.9
33678	302356800	16.6
33678	305035200	10.4
33678	307627200	1.6
33678	310305600	-6.4
33678	312897600	-8.5
33678	315576000	-17.8
33678	318254400	-15.4
33678	320760000	-10.8
33678	323438400	3.2
33678	326030400	13.8
33678	328708800	15
33678	331300800	18
33678	333979200	12.7
33678	336657600	9.3
33678	339249600	2.3
33678	341928000	-6.5
33678	344520000	-8.8
33678	347198400	-12.2
33678	349876800	-10.3
33678	352296000	-6.8
33678	354974400	0.6
33678	357566400	8.9
33678	360244800	16.6
33678	362836800	19.6
33678	365515200	19.2
33678	368193600	10.8
33678	370785600	4.2
33678	373464000	-2.7
33678	376056000	-9.8
33678	378734400	-13.4
33678	381412800	-17.2
33678	383832000	-9.1
33678	386510400	6.8
33678	389102400	11.4
33678	391780800	14.8
33678	394372800	18.4
33678	397051200	15.8
33678	399729600	11.2
33678	402321600	1.5
33678	4.05e+08	-5.6
33678	407592000	-8
33678	410270400	-9.7
33678	412948800	-7.4
33678	415368000	-7
33678	418046400	7.3
33678	420638400	10.1
33678	423316800	15.1
33678	425908800	19.7
33678	428587200	15
33678	431265600	8.9
33678	433857600	3.3
33678	436536000	-5.4
33678	439128000	-9
33678	441806400	-10.6
33678	444484800	-13
33678	446990400	-4
33678	449668800	1.4
33678	452260800	12.7
33678	454939200	16.6
33678	457531200	21.3
33678	460209600	15
33678	462888000	9.5
33678	465480000	2.6
33678	468158400	-7.6
33678	470750400	-18.5
33678	473428800	-13.8
33678	476107200	-14.9
33678	478526400	-8.4
33678	481204800	2.6
33678	483796800	10.2
33678	486475200	16.3
33678	489067200	15.8
33678	491745600	16.7
33678	494424000	11
33678	497016000	0.4
33678	499694400	-6.8
33678	502286400	-11
33678	504964800	-10.5
33678	507643200	-15.5
33678	510062400	-7.2
33678	512740800	5.9
33678	515332800	9.3
33678	518011200	15.6
33678	520603200	15.5
33678	523281600	14.8
33678	525960000	9.2
33678	528552000	1.6
33678	531230400	-7.5
33678	533822400	-14
33678	536500800	-16.9
33678	539179200	-10.9
33678	541598400	-10.1
33678	544276800	-1.1
33678	546868800	13.4
33678	549547200	18.2
33678	552139200	17.3
33678	554817600	15.4
33678	557496000	8.4
33678	560088000	0.9
33678	562766400	-10.3
33678	565358400	-12.2
33678	568036800	-14.7
33678	570715200	-13.3
33678	573220800	-5.8
33678	575899200	4.4
33678	578491200	9.9
33678	581169600	19.1
33678	583761600	19
33678	586440000	17.7
33678	589118400	10.1
33678	591710400	2
33678	594388800	-7.7
33678	596980800	-11.4
33678	599659200	-13.1
33678	602337600	-11.9
33678	604756800	-4.8
33678	607435200	0.7
33678	610027200	11.6
33678	612705600	18.5
33678	615297600	21.2
33678	617976000	15.3
33678	620654400	10.1
33678	623246400	2.9
33678	625924800	-4.6
33678	628516800	-10.1
33678	631195200	-14.8
33678	633873600	-10.4
33678	636292800	-2.2
33678	638971200	3.8
33678	641563200	10.5
33678	644241600	16.7
33678	646833600	16.6
33678	649512000	14
33678	652190400	9.6
33678	654782400	1.2
33678	657460800	-5.6
33678	660052800	-10.1
33678	662731200	-13.5
33678	665409600	-14.1
33678	667828800	-7.5
33678	670507200	7.8
33678	673099200	14
33678	675777600	18.4
33678	678369600	18.1
33678	681048000	14.5
33678	683726400	10.6
33678	686318400	7.2
33678	688996800	-4.4
33678	691588800	-13.7
33678	694267200	-10.8
33678	696945600	-11.3
33678	699451200	-6.2
33678	702129600	3.4
33678	704721600	9.6
33678	707400000	14
33678	709992000	15
33678	712670400	13
33678	715348800	11
33678	717940800	1
33678	720619200	-4.3
33678	723211200	-12.4
33678	725889600	-9.9
33678	728568000	-14.6
33678	730987200	-8.1
33678	733665600	1.2
33678	736257600	10.4
33678	738936000	15.5
33678	741528000	17.5
33678	744206400	15.7
33678	746884800	5.9
33678	749476800	1.9
33678	752155200	-13.7
33678	754747200	-11.9
33678	757425600	-12.7
33678	760104000	-19.8
33678	762523200	-9.3
33678	765201600	4.4
33678	767793600	10.6
33678	770472000	15.3
33678	773064000	13.8
33678	775742400	14.1
33678	778420800	11.1
33678	781012800	4.5
33678	783691200	-6
33678	786283200	-12.4
33678	788961600	-13.6
33678	791640000	-8
33678	794059200	-3.5
33678	796737600	10.6
33678	799329600	12.9
33678	802008000	18.5
33678	804600000	19.8
33678	807278400	16.6
33678	809956800	9.8
33678	812548800	3.8
33678	815227200	-3.9
33678	817819200	-13.7
33678	820497600	-17.1
33678	823176000	-13.6
33678	825681600	-8.7
33678	828360000	-0.7
33678	830952000	12.9
33678	833630400	18.5
33678	836222400	19.7
33678	838900800	14.8
33678	841579200	9.4
33678	844171200	0.9
33678	846849600	-4.9
33678	849441600	-12.9
33678	852120000	-16.9
33678	854798400	-12.1
33678	857217600	-3.5
33678	859896000	4.4
33678	862488000	11.5
33678	865166400	18
33678	867758400	16.1
33678	870436800	14.4
33678	873115200	10.2
33678	875707200	7
33678	878385600	-6.7
33678	880977600	-14.1
33678	883656000	-13.6
33678	886334400	-14.6
33678	888753600	-7.1
33678	891432000	-0.7
33678	894024000	11.8
33678	896702400	20.3
33678	899294400	21.2
33678	901972800	18
33678	904651200	9.6
33678	907243200	3.9
33678	909921600	-9.7
33678	912513600	-9
33678	915192000	-9.8
33678	917870400	-8.9
33678	920289600	-10.8
33678	922968000	4.6
33678	925560000	9.4
33678	928238400	15
33678	930830400	18.2
33678	933508800	17.1
33678	936187200	8.8
33678	938779200	5.4
33678	941457600	-9.8
33678	944049600	-7.7
33678	946728000	-10.7
33678	949406400	-9
33678	951912000	-5.3
33678	954590400	7.7
33678	957182400	7.6
33678	959860800	17
33678	962452800	18.5
33678	965131200	16.4
33678	967809600	8.6
33678	970401600	1.2
33678	973080000	-5.3
33678	975672000	-8.7
33678	978350400	-10.7
33678	981028800	-12.7
33678	983448000	-4
33678	986126400	5.6
33678	988718400	13.1
33678	991396800	14.7
33678	993988800	18
33678	996667200	14.9
33678	999345600	9.1
33678	1001937600	1
33678	1004616000	-3.6
33678	1007208000	-12.7
33678	1009886400	-8.8
33678	1012564800	-5.9
33678	1014984000	-1.8
33678	1017662400	0.4
33678	1020254400	8
33678	1022932800	14.5
33678	1025524800	19
33678	1028203200	14.4
33678	1030881600	12
33678	1033473600	2.9
33678	1036152000	-3.6
33678	1038744000	-20.1
33678	1041422400	-12.3
33678	1044100800	-13.5
33678	1046520000	-7.9
33678	1049198400	2.2
33678	1051790400	11.6
33678	1054468800	13.1
33678	1057060800	17.6
33678	1059739200	18.6
33678	1062417600	11.7
33678	1065009600	3.6
33678	1067688000	-6
33678	1070280000	-8
33678	1072958400	-11.3
33678	1075636800	-9.9
33678	1078142400	-5.1
33678	1080820800	2.2
33678	1083412800	13.5
33678	1086091200	16.5
33678	1088683200	18.3
33678	1091361600	17.4
33678	1094040000	12.2
33678	1096632000	2.6
33678	1099310400	-2.6
33678	1101902400	-10.4
33678	1104580800	-12.7
33678	1107259200	-15.3
33678	1109678400	-7.3
33678	1112356800	4
33678	1114948800	13.9
33678	1117627200	16.8
33678	1120219200	18.8
33678	1122897600	15.9
33678	1125576000	11.7
33678	1128168000	4.7
33678	1130846400	-3.4
33678	1133438400	-8.8
33678	1136116800	-19.9
33678	1138795200	-11.1
33678	1141214400	-3.7
33678	1143892800	5.2
33678	1146484800	12.1
33678	1149163200	19.3
33678	1151755200	15.8
33678	1154433600	16.7
33678	1157112000	11.2
33678	1159704000	3.1
33678	1162382400	-5.9
33678	1164974400	-7.6
33678	1167652800	-6.1
33678	1170331200	-12
33678	1172750400	-5.5
33678	1175428800	3.2
33678	1178020800	12.9
33678	1180699200	14.8
33678	1183291200	18
33678	1185969600	19.8
33678	1188648000	11.9
33678	1191240000	4.7
33678	1193918400	-8.1
33678	1196510400	-15.3
33678	1199188800	-15.7
33678	1201867200	-11.1
33678	1204372800	-1.5
33678	1207051200	5.5
33678	1209643200	11.8
33678	1212321600	15.4
33678	1214913600	20.7
33678	1217592000	18.8
33678	1220270400	8.5
33678	1222862400	4.2
33678	1225540800	-0.9
33678	1228132800	-8.9
33678	1230811200	-12.8
33678	1233489600	-10.1
33678	1235908800	-3.5
33678	1238587200	1.4
33678	1241179200	12
33678	1243857600	18.5
33678	1246449600	18
33678	1249128000	15.6
33678	1251806400	11.9
33678	1254398400	3.7
33678	1257076800	-3.4
33678	1259668800	-13.6
33678	1262347200	-18.8
33678	1265025600	-14.5
33678	1267444800	-6.5
33678	1270123200	4.1
33678	1272715200	14.1
33678	1275393600	20.6
33678	1277985600	21.1
33678	1280664000	20
33678	1283342400	11.9
33678	1285934400	1.9
33678	1288612800	-0.7
33678	1291204800	-9.7
33678	1293883200	-16.7
33678	1296561600	-16.7
33678	1298980800	-8.4
33678	1301659200	4
33678	1304251200	12.2
33678	1306929600	15.3
33678	1309521600	21.1
33678	1312200000	15.7
33678	1314878400	11.2
33678	1317470400	3.8
33678	1320148800	-9.7
33678	1322740800	-12.4
33678	1325419200	-13.5
33678	1328097600	-16.7
33678	1330603200	-7.4
33678	1333281600	11.3
33678	1335873600	14.1
33678	1338552000	19.6
33678	1341144000	21.4
33678	1343822400	20.5
33678	1346500800	10.4
33678	1349092800	5.7
33678	1351771200	-2.7
33678	1354363200	-14.2
33678	1357041600	-13.7
33678	1359720000	-10.3
33678	1362139200	-4.9
33678	1364817600	6.5
33678	1367409600	12.9
33678	1370088000	17.9
33678	1372680000	18
33678	1375358400	16.9
33678	1378036800	10.7
33679	-4354862400	-15.8
33679	-4352184000	-10.9
33679	-4349678400	-11.6
33679	-4.347e+09	2.7
33679	-4344408000	18.7
33679	-4341729600	20.3
33679	-4339137600	26.1
33679	-4336459200	20.3
33679	-4333780800	14.9
33679	-4331188800	4
33679	-4328510400	-10
33679	-4325918400	-17.1
33679	-4323240000	-14.9
33679	-4320561600	-14.9
33679	-4318142400	-9.5
33679	-4315464000	4.6
33679	-4312872000	10.9
33679	-4310193600	21.4
33679	-4307601600	21.8
33679	-4304923200	18.6
33679	-4302244800	10.7
33679	-4299652800	3.7
33679	-4296974400	0.8
33679	-4294382400	-9.4
33679	-4291704000	-17.4
33679	-4289025600	-17.5
33679	-4286606400	-4.5
33679	-4283928000	-0.2
33679	-4281336000	12
33679	-4278657600	18.3
33679	-4276065600	19.8
33679	-4273387200	20.7
33679	-4270708800	14.1
33679	-4268116800	5.7
33679	-4265438400	-1.9
33679	-4262846400	-9.2
33680	-1356955200	-17.3
33680	-1354276800	-13.8
33680	-1351857600	-10.9
33680	-1349179200	6.3
33680	-1346587200	15.9
33680	-1343908800	21.2
33680	-1341316800	24.9
33680	-1338638400	20.9
33680	-1335960000	14.2
33680	-1333368000	7.2
33680	-1330689600	-4.1
33680	-1328097600	-15.1
33680	-1325419200	-16.1
33680	-1322740800	-13.2
33680	-1320235200	-14.4
33680	-1317556800	2.4
33680	-1314964800	13.3
33680	-1312286400	17.4
33680	-1309694400	20.7
33680	-1307016000	18
33680	-1304337600	13.3
33680	-1301745600	4.6
33680	-1299067200	-1
33680	-1296475200	-11.1
33681	-1036238400	-8.4
33681	-1033560000	3.5
33681	-1030968000	10.3
33682	-2056449600	-5.1
33682	-2053857600	-8.6
33682	-2051179200	-15.6
33682	-2048500800	-15.7
33682	-2046081600	-13.3
33682	-2043403200	1.7
33682	-2040811200	14.1
33682	-2038132800	19.3
33682	-2035540800	21.1
33682	-2032862400	18.6
33682	-2030184000	14.4
33682	-2027592000	11.2
33682	-2024913600	-1.3
33682	-2022321600	-6.9
33682	-2019643200	-15.5
33682	-2016964800	-19.1
33682	-2014545600	-3.2
33682	-2011867200	7.2
33682	-2009275200	16.7
33682	-2006596800	23
33682	-2004004800	24.2
33682	-2001326400	19.5
33682	-1998648000	11.6
33682	-1996056000	3.5
33682	-1993377600	-4.5
33682	-1990785600	-9.8
33682	-1988107200	-18
33682	-1985428800	-15.7
33682	-1983009600	-8.4
33682	-1980331200	3.9
33682	-1977739200	13
33682	-1975060800	18.2
33682	-1972468800	24.4
33682	-1969790400	19.7
33682	-1967112000	12.5
33682	-1964520000	3
33682	-1961841600	-11.6
33682	-1959249600	-12.3
33682	-1956571200	-17
33682	-1953892800	-16.9
33682	-1951387200	-13.3
33683	-1041336000	-18.7
33683	-1038657600	-20.6
33683	-1036238400	-8
33683	-1033560000	4.3
33683	-1030968000	11.2
33683	-1028289600	19.3
33683	-1025697600	23.2
33683	-1023019200	23
33684	-3676449600	21.6
33684	-3673771200	20.2
33684	-3671092800	9.6
33684	-3668500800	4.6
33684	-3665822400	-5.8
33685	-202564800	15.8
33685	-199886400	11.2
33685	-197294400	5.8
33685	-194616000	-2.4
33685	-192024000	-12
33685	-189345600	-13.6
33685	-186667200	-15.6
33685	-184161600	-9.8
33685	-181483200	0.8
33685	-178891200	12.4
33685	-176212800	16.2
33685	-173620800	19
33685	-170942400	15.4
33685	-168264000	11
33685	-165672000	2.2
33685	-162993600	-2.5
33685	-160401600	-8.4
33685	-157723200	-13.8
33685	-155044800	-14.1
33685	-152625600	-4.7
33685	-149947200	2.8
33685	-147355200	13.2
33685	-144676800	17.6
33685	-142084800	19.8
33685	-139406400	15.9
33685	-136728000	12.5
33685	-134136000	2.2
33685	-131457600	-6.4
33685	-128865600	-7.4
33685	-126187200	-13.9
33685	-123508800	-11.2
33685	-121089600	-4.4
33685	-118411200	5.6
33685	-115819200	12.8
33685	-113140800	16
33685	-110548800	21.3
33685	-107870400	19.2
33685	-105192000	11.1
33685	-102600000	2.2
33685	-99921600	-3.1
33685	-97329600	-17.8
33685	-94651200	-16.6
33685	-91972800	-18.8
33685	-89553600	-4.8
33685	-86875200	9.5
33685	-84283200	15.3
33685	-81604800	17.6
33685	-79012800	19
33685	-76334400	19.5
33685	-73656000	9.6
33685	-71064000	5.8
33685	-68385600	-1.2
33685	-65793600	-8.7
33685	-63115200	-14.8
33685	-60436800	-15.2
33685	-57931200	-5.9
33685	-55252800	3.3
33685	-52660800	15.1
33685	-49982400	16.1
33685	-47390400	16.8
33685	-44712000	17.2
33685	-42033600	10.5
33685	-39441600	1.7
33685	-36763200	-5
33685	-34171200	-17.2
33685	-31492800	-28.9
33685	-28814400	-21.8
33685	-26395200	-12.7
33685	-23716800	4.5
33685	-21124800	8.7
33685	-18446400	15.2
33685	-15854400	17.8
33685	-13176000	15.4
33685	-10497600	12.6
33685	-7905600	1.1
33685	-5227200	-3.4
33685	-2635200	-12.3
33685	43200	-16.3
33685	2721600	-11.3
33685	5140800	-5.5
33685	7819200	5.7
33685	10411200	12.9
33685	13089600	15.8
33685	15681600	19.9
33685	18360000	16.4
33685	21038400	12.1
33685	23630400	3.1
33685	26308800	-4.5
33685	28900800	-17.9
33685	31579200	-9.3
33685	34257600	-16.9
33685	36676800	-9.6
33685	39355200	2.6
33685	41947200	11
33685	44625600	16.4
33685	47217600	21
33685	49896000	15.9
33685	52574400	15.1
33685	55166400	3.5
33685	57844800	0.2
33685	60436800	-8.6
33685	63115200	-24.9
33685	65793600	-15.9
33685	68299200	-9.8
33685	70977600	6.7
33685	73569600	13.1
33685	76248000	16.3
33685	78840000	19.7
33685	81518400	19.6
33685	84196800	10.2
33685	86788800	3.8
33685	89467200	-2.4
33685	92059200	-8.8
33685	94737600	-19
33685	97416000	-12.3
33685	99835200	-5.6
33685	102513600	7.4
33685	105105600	14.3
33685	107784000	17.9
33685	110376000	16.4
33685	113054400	15.6
33685	115732800	7.3
33685	118324800	2.7
33685	121003200	-2.5
33685	123595200	-6.2
33685	126273600	-21.6
33685	128952000	-14.3
33685	131371200	-2.8
33685	134049600	5.5
33685	136641600	13.5
33685	139320000	16.7
33685	141912000	20.4
33685	144590400	16.2
33685	147268800	12.5
33685	149860800	7.4
33685	152539200	-3.5
33685	155131200	-11.1
33685	157809600	-9.9
33685	160488000	-14.7
33685	162907200	-3.6
33685	165585600	10.6
33685	168177600	15
33685	170856000	19.5
33685	173448000	21.4
33685	176126400	17.1
33685	178804800	13.8
33685	181396800	1.4
33685	184075200	-5.8
33685	186667200	-7.2
33685	189345600	-11.6
33685	192024000	-19.7
33685	194529600	-10.9
33685	197208000	5.9
33685	199800000	13.7
33685	202478400	17.9
33685	205070400	16.7
33685	207748800	18.5
33685	210427200	9.3
33685	213019200	-4.5
33685	215697600	-7.2
33685	218289600	-15.4
33685	220968000	-21
33685	223646400	-14.7
33685	226065600	-2.4
33685	228744000	8
33685	231336000	16.3
33685	234014400	19.8
33685	236606400	19.5
33685	239284800	16
33685	241963200	10.9
33685	244555200	0.2
33685	247233600	-3.1
33685	249825600	-13.1
33685	252504000	-12.4
33685	255182400	-13.7
33685	257601600	-3.1
33685	260280000	4
33685	262872000	11.8
33685	265550400	17
33685	268142400	17.8
33685	270820800	15.4
33685	273499200	11.4
33685	276091200	2.3
33685	278769600	-3.4
33685	281361600	-17.4
33685	284040000	-18.1
33685	286718400	-11.8
33685	289137600	-4.6
33685	291816000	0
33685	294408000	16.2
33685	297086400	13.5
33685	299678400	19.5
33685	302356800	17.6
33685	305035200	12.2
33685	307627200	2
33685	310305600	-4.4
33685	312897600	-7
33685	315576000	-17
33685	318254400	-15.8
33685	320760000	-11.5
33685	323438400	5.2
33685	326030400	14.4
33685	328708800	16.6
33685	331300800	18.9
33685	333979200	14.2
33685	336657600	10.8
33685	339249600	3.7
33685	341928000	-5.1
33685	344520000	-6.7
33685	347198400	-11.3
33685	349876800	-11.6
33685	352296000	-7.1
33685	354974400	2.6
33685	357566400	11.5
33685	360244800	19.9
33685	362836800	22
33685	365515200	20.7
33685	368193600	12.1
33685	370785600	6.3
33685	373464000	-0.9
33685	376056000	-7.2
33685	378734400	-12.5
33685	381412800	-17.1
33685	383832000	-6.8
33685	386510400	7.6
33685	389102400	13.5
33685	391780800	16.6
33685	394372800	20.9
33685	397051200	17.7
33685	399729600	13
33685	402321600	4
33685	4.05e+08	-2.7
33685	407592000	-5.9
33685	410270400	-7.2
33685	412948800	-6.9
33685	415368000	-7
33685	418046400	9
33685	420638400	12.9
33685	423316800	17.3
33685	425908800	20.9
33685	428587200	16.5
33685	431265600	10.6
33685	433857600	4.8
33685	436536000	-3.5
33685	439128000	-7.2
33685	441806400	-13
33685	444484800	-16.9
33685	446990400	-5.2
33685	449668800	3.2
33685	452260800	15.3
33685	454939200	18.5
33685	457531200	22.2
33685	460209600	16.2
33685	462888000	11.3
33685	465480000	4.3
33685	468158400	-5.9
33685	470750400	-19.6
33685	473428800	-14
33685	476107200	-12.1
33685	478526400	-9.4
33685	481204800	4.4
33685	483796800	12.3
33685	486475200	17.3
33685	489067200	17.6
33685	491745600	18.4
33685	494424000	12.6
33685	497016000	2.2
33685	499694400	-4.1
33685	502286400	-9.3
33685	504964800	-11.9
33685	507643200	-14.2
33685	510062400	-6.5
33685	512740800	6.5
33685	515332800	11.5
33685	518011200	17.5
33685	520603200	16.8
33685	523281600	16.1
33685	525960000	10.4
33685	528552000	3.4
33685	531230400	-8.2
33685	533822400	-13.8
33685	536500800	-16.7
33685	539179200	-9.7
33685	541598400	-9.3
33685	544276800	1.3
33685	546868800	16.1
33685	549547200	21.5
33685	552139200	19.1
33685	554817600	16.3
33685	557496000	10.4
33685	560088000	1.8
33685	562766400	-10.5
33685	565358400	-11.8
33685	568036800	-15.9
33685	570715200	-15.2
33685	573220800	-5.8
33685	575899200	5.2
33685	578491200	12.6
33685	581169600	21
33685	583761600	22
33685	586440000	19.7
33685	589118400	12.3
33685	591710400	3.5
33685	594388800	-6.4
33685	596980800	-9.7
33685	599659200	-11.8
33685	602337600	-10.1
33685	604756800	-4.9
33685	607435200	2.8
33685	610027200	14.3
33685	612705600	21.4
33685	615297600	22.6
33685	617976000	16.7
33685	620654400	11.8
33685	623246400	4.8
33685	625924800	-3.2
33685	628516800	-8.4
33685	631195200	-13
33685	633873600	-8.7
33685	636292800	0.1
33685	638971200	7.2
33685	641563200	12.3
33685	644241600	18
33685	646833600	19.3
33685	649512000	16.2
33685	652190400	11
33685	654782400	3.1
33685	657460800	-3
33685	660052800	-8.6
33685	662731200	-12.3
33685	665409600	-12.1
33685	667828800	-6
33685	670507200	8.9
33685	673099200	16.1
33685	675777600	20.7
33685	678369600	20.2
33685	681048000	15.6
33685	683726400	11.8
33685	686318400	8.7
33685	688996800	-3.3
33685	691588800	-13.5
33685	694267200	-9.1
33685	696945600	-10.8
33685	699451200	-6.9
33685	702129600	5.9
33685	704721600	12.6
33685	707400000	16.4
33685	709992000	17.4
33685	712670400	15.5
33685	715348800	13.1
33685	717940800	3.4
33685	720619200	-2.4
33685	723211200	-11.1
33685	725889600	-8.4
33685	728568000	-15.5
33685	730987200	-7.7
33685	733665600	4.3
33685	736257600	13.3
33685	738936000	17.8
33685	741528000	19.7
33685	744206400	17.4
33685	746884800	7.9
33685	749476800	3.9
33685	752155200	-12.5
33685	754747200	-10
33685	757425600	-10.7
33685	760104000	-18.4
33685	762523200	-9.5
33685	765201600	5.1
33685	767793600	13.2
33685	770472000	17.2
33685	773064000	16.3
33685	775742400	16.2
33685	778420800	12.6
33685	781012800	6.2
33685	783691200	-4.4
33685	786283200	-12.6
33685	788961600	-14.5
33685	791640000	-5.7
33685	794059200	-1.4
33685	796737600	13.4
33685	799329600	15.8
33685	802008000	20.2
33685	804600000	21.5
33685	807278400	18.2
33685	809956800	12.1
33685	812548800	5.6
33685	815227200	-1.2
33685	817819200	-13
33685	820497600	-18.8
33685	823176000	-13.9
33685	825681600	-9.5
33685	828360000	1.1
33685	830952000	15.7
33685	833630400	20.6
33685	836222400	21.7
33685	838900800	15.9
33685	841579200	11
33685	844171200	3.1
33685	846849600	-2.6
33685	849441600	-13.6
33685	852120000	-16.3
33685	854798400	-10.1
33685	857217600	-1.5
33685	859896000	6.7
33685	862488000	13.2
33685	865166400	20.2
33685	867758400	18.2
33685	870436800	16.4
33685	873115200	11.9
33685	875707200	7.5
33685	878385600	-6
33685	880977600	-11.6
33685	883656000	-13.3
33685	886334400	-14.1
33685	888753600	-3.8
33685	891432000	1.2
33685	894024000	14.4
33685	896702400	22.4
33685	899294400	23.2
33685	901972800	19
33685	904651200	11.1
33685	907243200	5.5
33685	909921600	-7.9
33685	912513600	-7.2
33685	915192000	-8.8
33685	917870400	-6.6
33685	920289600	-9.4
33685	922968000	6.4
33685	925560000	11.1
33685	928238400	17.9
33685	930830400	21.1
33685	933508800	18.7
33685	936187200	10.7
33685	938779200	7.1
33685	941457600	-7.5
33685	944049600	-6.4
33685	946728000	-7.7
33685	949406400	-7.1
33685	951912000	-4.8
33685	954590400	9.5
33685	957182400	10
33685	959860800	19.6
33685	962452800	21.1
33685	965131200	18.1
33685	967809600	10.5
33685	970401600	4.2
33685	973080000	-6.1
33685	975672000	-6.5
33685	978350400	-8.4
33685	981028800	-10.6
33685	983448000	-2.2
33685	986126400	7.9
33685	988718400	14.8
33685	991396800	16.7
33685	993988800	20.6
33685	996667200	16.9
33685	999345600	11.9
33685	1001937600	3.5
33685	1004616000	-1.5
33685	1007208000	-13.6
33685	1009886400	-7.2
33685	1012564800	-3.9
33685	1014984000	-0.1
33685	1017662400	4.8
33685	1020254400	10.4
33685	1022932800	15.4
33685	1025524800	21.7
33685	1028203200	15.5
33685	1030881600	13
33685	1033473600	5.4
33685	1036152000	-0.8
33685	1038744000	-19.7
33685	1041422400	-11.5
33685	1044100800	-12.9
33685	1046520000	-8.5
33685	1049198400	5.6
33685	1051790400	14.1
33685	1054468800	14.8
33685	1057060800	20.9
33685	1059739200	20.9
33685	1062417600	13.4
33685	1065009600	6.1
33685	1067688000	-2.6
33685	1070280000	-4.8
33685	1072958400	-10.2
33685	1075636800	-10.2
33685	1078142400	-2.9
33685	1080820800	3.5
33685	1083412800	15.7
33685	1086091200	19
33685	1088683200	21.4
33685	1091361600	19
33685	1094040000	13.1
33685	1096632000	4.2
33685	1099310400	-0.6
33685	1101902400	-8.9
33685	1104580800	-12.3
33685	1107259200	-17.2
33685	1109678400	-6.4
33685	1112356800	4.9
33685	1114948800	16.8
33685	1117627200	18
33685	1120219200	20.3
33685	1122897600	18
33685	1125576000	12.9
33685	1128168000	5.3
33685	1130846400	-1.4
33685	1133438400	-7.4
33685	1136116800	-19.5
33685	1138795200	-11
33685	1141214400	-2.5
33685	1143892800	7.4
33685	1146484800	14
33685	1149163200	21.7
33685	1151755200	18
33685	1154433600	18.1
33685	1157112000	12.7
33685	1159704000	4.7
33685	1162382400	-4.4
33685	1164974400	-5.1
33685	1167652800	-4.3
33685	1170331200	-12.1
33685	1172750400	-6
33685	1175428800	5.1
33685	1178020800	15.4
33685	1180699200	16.8
33685	1183291200	20
33685	1185969600	21.1
33685	1188648000	13.3
33685	1191240000	5.1
33685	1193918400	-5.9
33685	1196510400	-17.4
33685	1199188800	-15.4
33685	1201867200	-9.9
33685	1204372800	1
33685	1207051200	8.4
33685	1209643200	14.1
33685	1212321600	17.5
33685	1214913600	22
33685	1217592000	20
33685	1220270400	10.3
33685	1222862400	5.8
33685	1225540800	1.3
33685	1228132800	-9.3
33685	1230811200	-12
33685	1233489600	-11.2
33685	1235908800	-2.7
33685	1238587200	3.8
33685	1241179200	14.3
33685	1243857600	21.2
33685	1246449600	20
33685	1249128000	17.5
33685	1251806400	13.9
33685	1254398400	5.6
33685	1257076800	-1.8
33685	1259668800	-13.4
33685	1262347200	-18.9
33685	1265025600	-15.9
33685	1267444800	-6.2
33685	1270123200	6.9
33685	1272715200	17
33685	1275393600	22
33685	1277985600	24.3
33685	1280664000	22.8
33685	1283342400	13.2
33685	1285934400	3.5
33685	1288612800	1.2
33685	1291204800	-7.4
33685	1293883200	-14.6
33685	1296561600	-17.1
33685	1298980800	-7.2
33685	1301659200	5.7
33685	1304251200	14.8
33685	1306929600	17.3
33685	1309521600	23
33685	1312200000	17.4
33685	1314878400	13.2
33685	1317470400	5.7
33685	1320148800	-7
33685	1322740800	-9.8
33685	1325419200	-12.5
33685	1328097600	-15.9
33685	1330603200	-4.4
33685	1333281600	13.3
33685	1335873600	17
33685	1338552000	21.9
33685	1341144000	23.4
33685	1343822400	22
33685	1346500800	12.4
33685	1349092800	7.1
33685	1351771200	0
33685	1354363200	-13.1
33685	1357041600	-12.6
33685	1359720000	-11.4
33685	1362139200	-5.2
33685	1364817600	7.1
33685	1367409600	15.3
33685	1370088000	20.6
33685	1372680000	20.7
33685	1375358400	19.1
33685	1378036800	13.4
33686	-4244529600	22.4
33686	-4241851200	16.2
33686	-4239172800	10.8
33686	-4236580800	3.8
33686	-4233902400	-5.4
33686	-4231310400	-9.4
33687	-1230724800	-17.9
33687	-1228046400	-22.4
33687	-1225627200	-7.7
33687	-1222948800	4.9
33687	-1220356800	15.3
33687	-1217678400	20.9
33687	-1215086400	28.3
33687	-1212408000	19.9
33687	-1209729600	14.3
33687	-1207137600	6.4
33687	-1204459200	-4
33687	-1201867200	-12
33687	-1199188800	-10.1
33687	-1196510400	-16.9
33687	-1194004800	-8.2
33687	-1191326400	7
33687	-1188734400	16.1
33687	-1186056000	21.7
33687	-1183464000	21.2
33687	-1180785600	21.1
33687	-1178107200	13.2
33687	-1175515200	5.1
33687	-1172836800	-5
33687	-1170244800	-9.4
33687	-1167566400	-16.9
33687	-1164888000	-19
33687	-1162468800	-9.9
33687	-1159790400	7.6
33687	-1157198400	14.5
33687	-1154520000	20.6
33687	-1151928000	24.6
33687	-1149249600	19
33687	-1146571200	15.3
33687	-1143979200	3.3
33687	-1141300800	-3.5
33687	-1138708800	-16.5
33687	-1136030400	-18.6
33687	-1133352000	-10.1
33687	-1130932800	-10.9
33687	-1128254400	0.2
33687	-1125662400	15.6
33687	-1122984000	16.4
33687	-1120392000	21.4
33687	-1117713600	21.2
33687	-1115035200	10.4
33687	-1112443200	5.3
33687	-1109764800	-4
33687	-1107172800	-17.2
33688	-1009800000	-19
33688	-1007121600	-14.8
33688	-1004702400	-9.4
33688	-1002024000	7.1
33688	-999432000	13.9
33688	-996753600	17.2
33688	-994161600	18.2
33688	-991483200	18.9
33688	-988804800	12.8
33688	-986212800	4.7
33688	-983534400	-4.6
33688	-980942400	-21.4
33688	-978264000	-22
33688	-975585600	-13.3
33688	-973166400	-8.5
33688	-970488000	5.4
33688	-967896000	12.2
33688	-965217600	21.5
33688	-962625600	20.6
33688	-959947200	15.7
33688	-957268800	10.2
33688	-954676800	-0.5
33688	-951998400	-5.5
33688	-949406400	-10.7
33688	-946728000	-20
33688	-944049600	-19.6
33688	-941544000	-6.7
33688	-938865600	7.5
33688	-936273600	9.9
33688	-933595200	17
33688	-931003200	23.1
33688	-928324800	21.6
33688	-925646400	13.8
33688	-923054400	0.6
33688	-920376000	-1.8
33688	-917784000	-11.2
33688	-915105600	-19.5
33688	-912427200	-17.8
33688	-910008000	-8.7
33688	-907329600	1.2
33688	-904737600	11.1
33688	-902059200	15.9
33688	-899467200	18.3
33688	-896788800	17.2
33688	-894110400	13.1
33688	-891518400	2.7
33689	-1943438400	19.7
33689	-1940846400	20.6
33689	-1938168000	18.8
33689	-1935489600	14.5
33689	-1932897600	1.4
33689	-1930219200	-6.6
33690	-1017748800	5.5
33690	-1015070400	-6.5
33690	-1012478400	-15
33690	-1009800000	-17.5
33690	-1007121600	-13.5
33690	-1004702400	-7.9
33690	-1002024000	8
33690	-999432000	15.1
33690	-996753600	19.1
33691	-3660552000	-20.3
33691	-3657873600	-10.6
33691	-3655454400	-8.1
33691	-3652776000	-0.4
33691	-3650184000	14.3
33691	-3647505600	17.8
33692	-3978849600	-11.6
33692	-3976171200	-9.9
33692	-3973492800	-11.4
33692	-3970987200	-7.7
33692	-3968308800	-2.1
33692	-3965716800	13.6
33692	-3963038400	20.2
33692	-3960446400	23
33692	-3957768000	18.8
33692	-3955089600	12.9
33692	-3952497600	3.7
33692	-3949819200	-9.3
33692	-3947227200	-16.2
33692	-3944548800	-11.8
33692	-3941870400	-15.4
33692	-3939451200	-7.5
33692	-3936772800	2.4
33692	-3934180800	12.5
33692	-3931502400	19
33692	-3928910400	19.2
33692	-3926232000	19.8
33692	-3923553600	14.3
33692	-3920961600	4.6
33692	-3918283200	-1.5
33692	-3915691200	-12.7
33692	-3913012800	-14.9
33692	-3910334400	-8.1
33692	-3907915200	-7.1
33692	-3905236800	2
33692	-3902644800	12.8
33692	-3899966400	18.3
33692	-3897374400	20.4
33692	-3894696000	17.2
33692	-3892017600	12
33692	-3889425600	2.4
33692	-3886747200	-4.3
33692	-3884155200	-8.2
33692	-3881476800	-16.9
33692	-3878798400	-10.1
33692	-3876379200	-10.5
33692	-3873700800	4.7
33692	-3871108800	11.9
33692	-3868430400	16.4
33692	-3865838400	21.5
33692	-3863160000	19.7
33692	-3860481600	16.4
33692	-3857889600	4.7
33692	-3855211200	-1.7
33692	-3852619200	-16.7
33692	-3849940800	-21.2
33692	-3847262400	-14
33692	-3844756800	-8.4
33692	-3842078400	8.2
33692	-3839486400	13.8
33692	-3836808000	19.2
33692	-3834216000	24.1
33692	-3831537600	19.4
33692	-3828859200	12.3
33692	-3826267200	3.8
33692	-3823588800	-5.6
33692	-3820996800	-15.6
33692	-3818318400	-13.3
33692	-3815640000	-12.2
33692	-3813220800	-5.3
33692	-3810542400	0.4
33692	-3807950400	10.6
33692	-3805272000	17.9
33692	-3802680000	24.4
33692	-3800001600	21.1
33692	-3797323200	10.9
33692	-3794731200	5.8
33692	-3792052800	-3.7
33692	-3789460800	-14.2
33692	-3786782400	-22.2
33692	-3784104000	-9.6
33692	-3781684800	-4
33692	-3779006400	2.6
33692	-3776414400	12.8
33692	-3773736000	18.9
33692	-3771144000	23
33692	-3768465600	19.1
33692	-3765787200	13.2
33692	-3763195200	0.3
33692	-3760516800	-0.7
33692	-3757924800	-9.2
33692	-3755246400	-14.8
33692	-3752568000	-13.9
33692	-3750148800	-11.6
33692	-3747470400	-1.6
33692	-3744878400	14.3
33692	-3742200000	20.1
33692	-3739608000	19.4
33692	-3736929600	18.8
33692	-3734251200	17.3
33692	-3731659200	3.6
33692	-3728980800	-2
33692	-3726388800	-9
33692	-3723710400	-16.9
33692	-3721032000	-15.3
33692	-3718526400	-13
33692	-3715848000	1.3
33692	-3713256000	15.5
33692	-3710577600	17.5
33692	-3707985600	18.3
33692	-3705307200	19.6
33692	-3702628800	12.9
33692	-3700036800	3.9
33692	-3697358400	-9.1
33692	-3694766400	-11.1
33692	-3692088000	-15.1
33692	-3689409600	-17.3
33692	-3686990400	-9.1
33692	-3684312000	1.6
33692	-3681720000	16.4
33692	-3679041600	17.7
33692	-3676449600	22
33692	-3673771200	24
33692	-3671092800	13.6
33692	-3668500800	5.7
33692	-3665822400	-7
33692	-3663230400	-13.9
33692	-3660552000	-21.2
33692	-3657873600	-11.7
33692	-3655454400	-9.5
33692	-3652776000	1.7
33692	-3650184000	14.4
33692	-3647505600	19.1
33692	-3644913600	23.3
33692	-3642235200	19
33692	-3639556800	14.8
33692	-3636964800	5.5
33692	-3634286400	-1
33692	-3631694400	-5.4
33692	-3629016000	-13.2
33692	-3626337600	-10
33692	-3623918400	-6.9
33692	-3621240000	7.3
33692	-3618648000	19
33692	-3615969600	17.1
33692	-3613377600	20.2
33692	-3610699200	20.6
33692	-3608020800	11.2
33692	-3605428800	5.1
33692	-3602750400	-4.7
33692	-3600158400	-14.2
33692	-3597480000	-11.4
33692	-3594801600	-12.2
33692	-3592296000	-10.9
33692	-3589617600	-0.7
33692	-3587025600	15.5
33692	-3584347200	18.1
33692	-3581755200	21.1
33692	-3579076800	17.8
33692	-3576398400	12.6
33692	-3573806400	0.3
33692	-3571128000	-5.5
33692	-3568536000	-6
33692	-3565857600	-11.4
33692	-3563179200	-20.7
33692	-3560760000	-7.4
33692	-3558081600	2.7
33692	-3555489600	13.8
33692	-3552811200	17.4
33692	-3550219200	20.9
33692	-3547540800	20.2
33692	-3544862400	10.3
33692	-3542270400	1.6
33692	-3539592000	-7.6
33692	-3.537e+09	-12.1
33692	-3534321600	-15.1
33692	-3531643200	-13.1
33692	-3529224000	-10
33692	-3526545600	5
33692	-3523953600	16.8
33692	-3521275200	16.9
33692	-3518683200	23.7
33692	-3516004800	15.6
33692	-3513326400	10.1
33692	-3510734400	4.5
33692	-3508056000	-5.2
33692	-3505464000	-11.6
33692	-3502785600	-14
33692	-3500107200	-12.2
33692	-3497688000	-9.8
33692	-3495009600	7.9
33692	-3492417600	12.7
33692	-3489739200	20.9
33692	-3487147200	22.6
33692	-3484468800	17.2
33692	-3481790400	13.1
33692	-3479198400	6.2
33692	-3476520000	-2.9
33692	-3473928000	-14
33692	-3471249600	-16.3
33692	-3468571200	-16.1
33692	-3466065600	-17.4
33692	-3463387200	4.9
33692	-3460795200	14.6
33692	-3458116800	18.6
33692	-3455524800	23.3
33692	-3452846400	20.8
33692	-3450168000	14.2
33692	-3447576000	5.6
33692	-3444897600	-7.6
33692	-3442305600	-20.3
33692	-3439627200	-18.6
33692	-3436948800	-17.3
33692	-3434529600	-7.6
33692	-3431851200	2.3
33692	-3429259200	16.2
33692	-3426580800	14.5
33692	-3423988800	23
33692	-3421310400	18.8
33692	-3418632000	12.2
33692	-3416040000	1.2
33692	-3413361600	-0.2
33692	-3410769600	-11.3
33692	-3408091200	-18.6
33692	-3405412800	-19
33692	-3402993600	-8.6
33692	-3400315200	2.2
33692	-3397723200	9.9
33692	-3395044800	18.4
33692	-3392452800	21.8
33692	-3389774400	17
33692	-3387096000	12.8
33692	-3384504000	1.4
33692	-3381825600	-6
33692	-3379233600	-15.7
33692	-3376555200	-8.5
33692	-3373876800	-10.8
33692	-3371457600	-4.9
33692	-3368779200	4.8
33692	-3366187200	18.3
33692	-3363508800	16.1
33692	-3360916800	24.2
33692	-3358238400	21.2
33692	-3355560000	15.4
33693	-1101816000	-8.8
33693	-1099396800	-10
33693	-1096718400	7
33693	-1094126400	15.4
33693	-1091448000	17.7
33693	-1088856000	21.2
33693	-1086177600	21.8
33693	-1083499200	13.5
33693	-1080907200	8.8
33693	-1078228800	-7.9
33693	-1075636800	-11.7
33693	-1072958400	-13.2
33693	-1070280000	-14.2
33693	-1067774400	-10.6
33693	-1065096000	4
33693	-1062504000	12.8
33693	-1059825600	23.1
33693	-1057233600	22.9
33693	-1054555200	22.3
33693	-1051876800	12.9
33693	-1049284800	6.5
33693	-1046606400	-0.9
33693	-1044014400	-5.4
33693	-1041336000	-15.3
33693	-1038657600	-16.3
33693	-1036238400	-4.2
33693	-1033560000	6
33693	-1030968000	11.8
33693	-1028289600	19.7
33693	-1025697600	24
33693	-1023019200	22.6
33693	-1020340800	18.1
33693	-1017748800	6.4
33693	-1015070400	-4
33693	-1012478400	-11.1
33693	-1009800000	-12.9
33693	-1007121600	-12
33693	-1004702400	-7
33693	-1002024000	9.3
33693	-999432000	15.5
33693	-996753600	19.7
33693	-994161600	20.5
33693	-991483200	22.2
33693	-988804800	15.9
33693	-986212800	6.4
33693	-983534400	-1.6
33693	-980942400	-19.2
33693	-978264000	-18.9
33693	-975585600	-10.5
33693	-973166400	-5.5
33693	-970488000	7
33693	-967896000	15.4
33693	-965217600	24
33693	-962625600	23.3
33693	-959947200	18.7
33693	-957268800	11.2
33693	-954676800	1.3
33693	-951998400	-2.8
33693	-949406400	-8.1
33693	-946728000	-19.2
33693	-944049600	-16.5
33693	-941544000	-4
33693	-938865600	9.8
33693	-936273600	12.3
33693	-933595200	19.1
33693	-931003200	25.5
33693	-928324800	25.2
33693	-925646400	16.4
33693	-923054400	1.9
33693	-920376000	0.1
33693	-917784000	-8.4
33693	-915105600	-17.9
33693	-912427200	-12.2
33693	-910008000	-7.4
33693	-907329600	3.9
33693	-904737600	11.6
33693	-902059200	17.2
33693	-899467200	20.1
33693	-896788800	19.9
33693	-894110400	13.9
33693	-891518400	3.6
33693	-888840000	-9.9
33693	-886248000	-12.9
33693	-883569600	-16.2
33693	-880891200	-18.5
33693	-878472000	-11.5
33693	-875793600	0.5
33693	-873201600	14
33693	-870523200	18.8
33693	-867931200	22
33693	-865252800	20.5
33693	-862574400	12.3
33693	-859982400	5
33693	-857304000	-4.7
33693	-854712000	-11.2
33693	-852033600	-18.7
33693	-849355200	-16.3
33693	-846936000	-10
33693	-844257600	8.5
33693	-841665600	18.7
33693	-838987200	19.6
33693	-836395200	23.1
33693	-833716800	19.6
33693	-831038400	12.4
33693	-828446400	3.4
33693	-825768000	-6.4
33693	-823176000	-10.7
33693	-820497600	-8.9
33693	-817819200	-6.5
33693	-815313600	-1
33693	-812635200	7.7
33693	-810043200	16.1
33693	-807364800	18.7
33693	-804772800	21.5
33693	-802094400	17.9
33693	-799416000	15.2
33693	-796824000	4.4
33693	-794145600	-6.5
33693	-791553600	-16.1
33693	-788875200	-17.5
33693	-786196800	-21.1
33693	-783777600	-7
33693	-781099200	4.9
33693	-778507200	10
33693	-775828800	18.5
33693	-773236800	19.3
33693	-770558400	21.3
33693	-767880000	12
33693	-765288000	3.5
33693	-762609600	-7.3
33693	-760017600	-12
33693	-757339200	-12.7
33693	-754660800	-4.7
33693	-752241600	-7.4
33693	-749563200	6
33693	-746971200	14.7
33693	-744292800	19.5
33693	-741700800	18.6
33693	-739022400	20.7
33693	-736344000	14.5
33693	-733752000	1.4
33693	-731073600	-4.4
33693	-728481600	-13.4
33693	-725803200	-17.3
33693	-723124800	-14.1
33693	-720705600	-0.6
33693	-718027200	7.6
33693	-715435200	11.3
33693	-712756800	15.7
33693	-710164800	20.3
33693	-707486400	18.4
33693	-704808000	13.5
33693	-702216000	5.1
33693	-699537600	-0.1
33693	-696945600	-9.9
33693	-694267200	-6.5
33693	-691588800	-11.9
33693	-689083200	-8
33693	-686404800	1.6
33693	-683812800	17.7
33693	-681134400	24.2
33693	-678542400	21.1
33693	-675864000	21.3
33693	-673185600	12.7
33693	-670593600	5.5
33693	-667915200	-1.6
33693	-665323200	-13.4
33693	-662644800	-10.9
33693	-659966400	-12.5
33693	-657547200	-11.1
33693	-654868800	2.8
33693	-652276800	15.9
33693	-649598400	21.6
33693	-647006400	22.8
33693	-644328000	19.8
33693	-641649600	10.9
33693	-639057600	3.2
33693	-636379200	-5
33693	-633787200	-12.8
33693	-631108800	-21.8
33693	-628430400	-13.9
33693	-626011200	-6.8
33693	-623332800	9.1
33693	-620740800	15
33693	-618062400	17.3
33693	-615470400	19.1
33693	-612792000	18.2
33693	-610113600	14.7
33693	-607521600	4.7
33693	-604843200	-4.8
33693	-602251200	-12.7
33693	-599572800	-18.1
33693	-596894400	-21.4
33693	-594475200	-5.2
33693	-591796800	12.5
33693	-589204800	15.6
33693	-586526400	20.4
33693	-583934400	23.6
33693	-581256000	22.4
33693	-578577600	14.3
33693	-575985600	3.2
33693	-573307200	-7.4
33693	-570715200	-6.5
33693	-568036800	-13.6
33693	-565358400	-12.4
33693	-562852800	-9.6
33693	-560174400	0.8
33693	-557582400	17
33693	-554904000	21.3
33693	-552312000	24.5
33693	-549633600	22
33693	-546955200	14.9
33693	-544363200	5.1
33693	-541684800	-6
33693	-539092800	-12.6
33693	-536414400	-12.8
33693	-533736000	-11.6
33693	-531316800	-6.6
33693	-528638400	7
33693	-526046400	14.6
33693	-523368000	18.5
33693	-520776000	23.3
33693	-518097600	23.7
33693	-515419200	13.6
33693	-512827200	2.4
33693	-510148800	-9.8
33693	-507556800	-10.5
33693	-504878400	-18.4
33693	-502200000	-25.1
33693	-499780800	-10.8
33693	-497102400	2.5
33693	-494510400	15.6
33693	-491832000	20.5
33693	-489240000	25.7
33693	-486561600	21.7
33693	-483883200	15.1
33693	-481291200	6.8
33693	-478612800	-1.6
33693	-476020800	-10.2
33693	-473342400	-10.1
33693	-470664000	-10.5
33693	-468244800	-9.1
33693	-465566400	6
33693	-462974400	17.1
33693	-460296000	24
33693	-457704000	21.5
33693	-455025600	19.8
33693	-452347200	14
33693	-449755200	7.4
33693	-447076800	-5.8
33693	-444484800	-13
33693	-441806400	-14.8
33693	-439128000	-19.5
33693	-436622400	-11.8
33693	-433944000	7.3
33693	-431352000	13.4
33693	-428673600	19.5
33693	-426081600	20.5
33693	-423403200	22
33693	-420724800	10.1
33693	-418132800	6.8
33693	-415454400	-4.2
33693	-412862400	-9
33693	-410184000	-17.9
33693	-407505600	-11.5
33693	-405086400	-8.9
33693	-402408000	4.2
33693	-399816000	19.5
33693	-397137600	22
33693	-394545600	21.4
33693	-391867200	20.4
33693	-389188800	18.4
33693	-386596800	4.8
33693	-383918400	-7.2
33693	-381326400	-6.4
33693	-378648000	-10.5
33693	-375969600	-7
33693	-373550400	-8
33693	-370872000	2.1
33694	-883569600	-17.7
33694	-880891200	-21.4
33694	-878472000	-13.5
33694	-875793600	-2
33694	-873201600	11.5
33694	-870523200	17.3
33694	-867931200	20.8
33694	-865252800	17.6
33694	-862574400	11.4
33694	-859982400	3.6
33694	-857304000	-7.4
33694	-854712000	-14.1
33694	-852033600	-20.3
33694	-849355200	-17.9
33694	-846936000	-10.5
33694	-844257600	5.9
33694	-841665600	17.1
33694	-838987200	18.3
33695	-1924948800	-18.7
33695	-1922270400	-10.7
33695	-1919851200	-11.4
33695	-1917172800	7
33695	-1914580800	16.1
33695	-1911902400	19.4
33695	-1909310400	23
33695	-1906632000	19.2
33695	-1903953600	15.2
33695	-1901361600	3.3
33695	-1898683200	0.9
33695	-1896091200	-11.9
33695	-1893412800	-13.8
33695	-1890734400	-17.6
33695	-1888315200	-9.9
33695	-1885636800	6.7
33695	-1883044800	15.8
33695	-1880366400	17.3
33695	-1877774400	21.9
33695	-1875096000	18.1
33696	-991483200	20
33696	-988804800	14.2
33696	-986212800	5.3
33696	-983534400	-4
33696	-980942400	-19.7
33696	-978264000	-21.5
33696	-975585600	-12.3
33696	-973166400	-8
33696	-970488000	5.9
33696	-967896000	14
33696	-965217600	23.5
33696	-962625600	22
33696	-959947200	17.2
33696	-957268800	11.1
33696	-954676800	-0.3
33696	-951998400	-5.2
33696	-949406400	-10.3
33696	-946728000	-21.2
33696	-944049600	-18.7
33696	-941544000	-5.8
33696	-938865600	8
33697	-3642235200	17.2
33697	-3639556800	13
33697	-3636964800	4.9
33697	-3634286400	-1.7
33697	-3631694400	-5
33697	-3629016000	-13.2
33697	-3626337600	-10.4
33698	-2030184000	10.4
33698	-2027592000	7.1
33698	-2024913600	-3.3
33699	-3350289600	-3.2
33699	-3347697600	-10.3
33699	-3345019200	-16.7
33699	-3342340800	-17.3
33699	-3339835200	-8.1
33699	-3337156800	6.6
33699	-3334564800	15.2
33699	-3331886400	23.3
33699	-3329294400	23.8
33699	-3326616000	22.2
33699	-3323937600	12.3
33699	-3321345600	2
33699	-3318667200	-8.2
33699	-3316075200	-17.4
33699	-3313396800	-11.8
33699	-3310718400	-16.2
33699	-3308299200	-9.9
33699	-3305620800	1.8
33699	-3303028800	11.3
33699	-3300350400	20.3
33699	-3297758400	21
33699	-3295080000	21
33699	-3292401600	12.5
33699	-3289809600	2
33699	-3287131200	-3.4
33699	-3284539200	-14.5
33699	-3281860800	-13.2
33699	-3279182400	-16.2
33699	-3276763200	-7.5
33699	-3274084800	0
33699	-3271492800	16.2
33699	-3268814400	18.1
33699	-3266222400	23.1
33699	-3263544000	19.2
33699	-3260865600	13.6
33699	-3258273600	2.6
33699	-3255595200	-1.6
33699	-3253003200	-8.3
33699	-3250324800	-14.4
33699	-3247646400	-15.5
33699	-3245227200	-11
33699	-3242548800	3
33699	-3239956800	11.6
33699	-3237278400	18.5
33699	-3234686400	22
33699	-3232008000	17.7
33699	-3229329600	13.1
33699	-3226737600	6
33699	-3224059200	0.4
33699	-3221467200	-8
33699	-3218788800	-13.3
33699	-3216110400	-13.1
33699	-3213604800	-10.2
33699	-3210926400	3.8
33699	-3208334400	12
33699	-3205656000	16.9
33699	-3203064000	20.5
33699	-3200385600	18.6
33699	-3197707200	12
33699	-3195115200	4.5
33699	-3192436800	-2.7
33699	-3189844800	-12.5
33699	-3187166400	-17.8
33699	-3184488000	-8.3
33699	-3182068800	-13
33699	-3179390400	0.5
33699	-3176798400	12.2
33699	-3174120000	22.9
33699	-3171528000	21.6
33699	-3168849600	23.2
33699	-3166171200	15.4
33699	-3163579200	5
33699	-3160900800	-1.3
33699	-3158308800	-9.7
33699	-3155630400	-15.1
33699	-3152952000	-15.7
33699	-3150532800	-2.2
33699	-3147854400	4.4
33699	-3145262400	13.2
33699	-3142584000	19.9
33699	-3139992000	20
33699	-3137313600	18.6
33699	-3134635200	13.3
33699	-3132043200	2.4
33699	-3129364800	-3
33699	-3126772800	-13.9
33699	-3124094400	-18.9
33699	-3121416000	-22.7
33699	-3118996800	-10.3
33699	-3116318400	9.1
33699	-3113726400	12.5
33699	-3111048000	20
33699	-3108456000	21.6
33699	-3105777600	20.5
33699	-3103099200	11.9
33699	-3100507200	4.8
33699	-3097828800	-4.5
33699	-3095236800	-9.2
33699	-3092558400	-17.9
33699	-3089880000	-22.2
33699	-3087374400	-7.7
33699	-3084696000	10.6
33699	-3082104000	17.3
33699	-3079425600	17.8
33699	-3076833600	20.4
33699	-3074155200	19.6
33699	-3071476800	11.8
33699	-3068884800	5.4
33699	-3066206400	-1.9
33699	-3063614400	-7.8
33699	-3060936000	-14.1
33699	-3058257600	-15.7
33699	-3055838400	-11.7
33699	-3053160000	0.8
33699	-3050568000	14.8
33699	-3047889600	21.1
33699	-3045297600	20.5
33699	-3042619200	18.1
33699	-3039940800	9.6
33699	-3037348800	5.6
33699	-3034670400	-3
33699	-3032078400	-6.9
33699	-3029400000	-14.3
33699	-3026721600	-15.4
33699	-3024302400	-8
33699	-3021624000	3.3
33699	-3019032000	15.1
33699	-3016353600	16.9
33699	-3013761600	18.1
33699	-3011083200	19.6
33699	-3008404800	13
33699	-3005812800	4
33699	-3003134400	-0.7
33699	-3000542400	-7
33699	-2997864000	-15.7
33699	-2995185600	-18.3
33699	-2992766400	-10.6
33699	-2990088000	4.6
33699	-2987496000	12.2
33699	-2984817600	17.2
33699	-2982225600	20.1
33699	-2979547200	19.9
33699	-2976868800	10.9
33699	-2974276800	3.9
33699	-2971598400	-4.9
33699	-2969006400	-17.1
33699	-2966328000	-19.9
33699	-2963649600	-14.4
33700	-363009600	21.5
33700	-360331200	21.2
33700	-357652800	10.7
33700	-355060800	4.6
33700	-352382400	-3.7
33700	-349790400	-13.1
33700	-347112000	-11.3
33700	-344433600	-13.5
33700	-342014400	-8.9
33700	-339336000	7
33700	-336744000	16.2
33700	-334065600	18.9
33700	-331473600	21.9
33700	-328795200	18.7
33700	-326116800	12
33700	-323524800	1.7
33700	-320846400	-6.3
33700	-318254400	-17.5
33700	-315576000	-10
33700	-312897600	-12.9
33700	-310392000	-13
33700	-307713600	6.2
33700	-305121600	10.2
33700	-302443200	21.3
33700	-299851200	20.3
33700	-297172800	20.5
33700	-294494400	12.9
33700	-291902400	3.6
33700	-289224000	-8.9
33700	-286632000	-8.6
33700	-283953600	-12.8
33700	-281275200	-11.4
33700	-278856000	-3
33700	-276177600	6.4
33700	-273585600	17.8
33700	-270907200	21.2
33700	-268315200	21.7
33700	-265636800	20.7
33700	-262958400	11.8
33700	-260366400	4.6
33700	-257688000	-3.6
33700	-255096000	-5.2
33700	-252417600	-10.5
33700	-249739200	-10
33700	-247320000	0.4
33700	-244641600	9.3
33700	-242049600	15.7
33700	-239371200	19.2
33700	-236779200	24.4
33700	-234100800	18.7
33700	-231422400	13.7
33700	-228830400	4.1
33700	-226152000	-3.1
33700	-223560000	-10.5
33700	-220881600	-12.2
33700	-218203200	-11.8
33700	-215784000	-8.6
33700	-213105600	5.4
33700	-210513600	16
33700	-207835200	19.1
33700	-205243200	22.5
33700	-202564800	19
33700	-199886400	14.1
33700	-197294400	7.2
33700	-194616000	-1
33700	-192024000	-11.6
33700	-189345600	-12.8
33700	-186667200	-16.6
33700	-184161600	-10.2
33700	-181483200	0.7
33700	-178891200	14.2
33700	-176212800	18.8
33700	-173620800	21.5
33700	-170942400	18.6
33700	-168264000	14.4
33700	-165672000	3.6
33700	-162993600	-1.3
33700	-160401600	-7.8
33700	-157723200	-12.7
33700	-155044800	-14.3
33700	-152625600	-1.4
33700	-149947200	4.4
33700	-147355200	15.2
33700	-144676800	20.3
33700	-142084800	23.1
33700	-139406400	19.6
33700	-136728000	14.6
33700	-134136000	3.6
33700	-131457600	-3.2
33700	-128865600	-5.7
33700	-126187200	-11.6
33700	-123508800	-9.2
33700	-121089600	-1.9
33700	-118411200	8.4
33700	-115819200	14.7
33700	-113140800	19
33700	-110548800	24.6
33700	-107870400	23
33700	-105192000	13.6
33700	-102600000	3.4
33700	-99921600	-2.9
33700	-97329600	-15.6
33700	-94651200	-13.7
33700	-91972800	-16.2
33700	-89553600	-2.6
33700	-86875200	11.1
33700	-84283200	19.5
33700	-81604800	21.4
33700	-79012800	22.1
33700	-76334400	23.2
33700	-73656000	11
33700	-71064000	6.9
33700	-68385600	0.1
33700	-65793600	-8.4
33700	-63115200	-12.3
33700	-60436800	-14
33700	-57931200	-5.8
33700	-55252800	5.4
33700	-52660800	17.5
33700	-49982400	18.4
33700	-47390400	19.2
33700	-44712000	20.6
33700	-42033600	14.5
33700	-39441600	3
33700	-36763200	-4.4
33700	-34171200	-14.7
33700	-31492800	-24.7
33700	-28814400	-20.8
33700	-26395200	-13.2
33700	-23716800	6.1
33700	-21124800	12
33700	-18446400	20.4
33700	-15854400	21.1
33700	-13176000	19.5
33700	-10497600	14.7
33700	-7905600	3.3
33700	-5227200	-0.8
33700	-2635200	-9.7
33700	43200	-16.8
33700	2721600	-11.2
33700	5140800	-6
33700	7819200	8.6
33700	10411200	14.9
33700	13089600	17.5
33700	15681600	22.7
33700	18360000	18.9
33700	21038400	14.2
33700	23630400	4.4
33700	26308800	-2.4
33700	28900800	-15.2
33700	31579200	-10.6
33700	34257600	-17.1
33700	36676800	-8.7
33700	39355200	4.4
33700	41947200	13.4
33700	44625600	19
33700	47217600	24.1
33700	49896000	19.6
33700	52574400	18.8
33700	55166400	5.4
33700	57844800	1.3
33700	60436800	-6.8
33700	63115200	-23.7
33700	65793600	-16.1
33700	68299200	-10.1
33700	70977600	9.1
33700	73569600	15.5
33700	76248000	19.6
33700	78840000	23.6
33700	81518400	22.5
33700	84196800	12.9
33700	86788800	4.9
33700	89467200	-1.1
33700	92059200	-9.4
33700	94737600	-18.7
33700	97416000	-9.9
33700	99835200	-4.4
33700	102513600	9.3
33700	105105600	16.7
33700	107784000	20.6
33700	110376000	20
33700	113054400	18.6
33700	115732800	9
33700	118324800	3.8
33700	121003200	-0.6
33700	123595200	-5.8
33700	126273600	-18.8
33700	128952000	-14.6
33700	131371200	-2.9
33700	134049600	7
33700	136641600	16.2
33700	139320000	19
33700	141912000	23
33700	144590400	18.6
33700	147268800	14.8
33700	149860800	9.3
33700	152539200	-3.4
33700	155131200	-9.1
33700	157809600	-9.6
33700	160488000	-14.2
33700	162907200	-4.1
33700	165585600	12.4
33700	168177600	17.4
33700	170856000	24.2
33700	173448000	24.7
33700	176126400	20.7
33700	178804800	16.9
33700	181396800	3.5
33700	184075200	-4.8
33700	186667200	-6.3
33700	189345600	-10.2
33700	192024000	-18.2
33700	194529600	-10.7
33700	197208000	7.4
33700	199800000	16.4
33700	202478400	20.5
33700	205070400	19.9
33700	207748800	22.5
33700	210427200	12.2
33700	213019200	-3.8
33700	215697600	-6.3
33700	218289600	-14.3
33700	220968000	-19.1
33700	223646400	-14.1
33700	226065600	-0.8
33700	228744000	10
33700	231336000	18.3
33700	234014400	23.5
33700	236606400	22.8
33700	239284800	19.9
33700	241963200	12.9
33700	244555200	2.4
33700	247233600	-1.2
33700	249825600	-10.5
33700	252504000	-11.3
33700	255182400	-13.6
33700	257601600	-4
33700	260280000	6.2
33700	262872000	13.3
33700	265550400	19.1
33700	268142400	22
33700	270820800	19.2
33700	273499200	14.6
33700	276091200	3
33700	278769600	-2.4
33700	281361600	-13.1
33700	284040000	-16
33700	286718400	-11.2
33700	289137600	-4.6
33700	291816000	2.7
33700	294408000	18.5
33700	297086400	16.4
33700	299678400	22.6
33700	302356800	21.9
33700	305035200	14.4
33700	307627200	4.7
33700	310305600	-3.9
33701	-733752000	0.3
33701	-731073600	-6.7
33701	-728481600	-18.3
33701	-725803200	-19.8
33701	-723124800	-18.6
33701	-720705600	-4.4
33701	-718027200	6.3
33701	-715435200	9.9
33701	-712756800	14.1
33701	-710164800	17.5
33701	-707486400	16.4
33701	-704808000	11.8
33701	-702216000	3.9
33701	-699537600	-1.6
33701	-696945600	-15.8
33701	-694267200	-9.7
33701	-691588800	-15
33701	-689083200	-10.4
33701	-686404800	-0.2
33702	-931003200	24.8
33702	-928324800	23.7
33702	-925646400	14.9
33702	-923054400	1.6
33702	-920376000	-1.2
33702	-917784000	-9.4
33702	-915105600	-18.3
33702	-912427200	-15.9
33702	-910008000	-7.6
33702	-907329600	3
33702	-904737600	11.7
33702	-902059200	17.4
33702	-899467200	19.2
33702	-896788800	18.4
33702	-894110400	13.9
33702	-891518400	3
33702	-888840000	-11.2
33702	-886248000	-15
33702	-883569600	-16.3
33702	-880891200	-22.2
33702	-878472000	-12.6
33702	-875793600	-1.6
33702	-873201600	13.2
33702	-870523200	18.3
33702	-867931200	21.7
33702	-865252800	18.4
33703	-3597480000	-13.4
33703	-3594801600	-11.2
33703	-3592296000	-8.9
33703	-3589617600	-0.6
33703	-3587025600	14.3
33703	-3584347200	15.4
33704	-2016964800	-17.7
33704	-2014545600	-4.3
33704	-2011867200	3.5
33704	-2009275200	13.8
33705	-2958465600	6.4
33705	-2955873600	12.6
33705	-2953195200	20.9
33706	315576000	-15.8
33706	318254400	-17.4
33706	320760000	-10.2
33706	323438400	7.1
33706	326030400	17.2
33706	328708800	19.6
33706	331300800	23.2
33706	333979200	18.2
33706	336657600	13
33706	339249600	4.9
33706	341928000	-3.8
33706	344520000	-6
33706	347198400	-11.2
33706	349876800	-9
33706	352296000	-5.4
33706	354974400	4.5
33706	357566400	13.3
33706	360244800	21.1
33706	362836800	24.6
33706	365515200	22.7
33706	368193600	14.4
33706	370785600	6.6
33706	373464000	-1.1
33706	376056000	-6.3
33706	378734400	-11.6
33706	381412800	-16.6
33706	383832000	-7.6
33706	386510400	9.2
33706	389102400	15.4
33706	391780800	18.7
33706	394372800	23.4
33706	397051200	20.1
33706	399729600	15.3
33706	402321600	4.1
33706	4.05e+08	-2.4
33706	407592000	-4.4
33706	410270400	-6.9
33706	412948800	-5.3
33706	415368000	-6.3
33706	418046400	10.8
33706	420638400	13.8
33706	423316800	18.6
33706	425908800	23.7
33706	428587200	19.6
33706	431265600	13.3
33706	433857600	5.8
33706	436536000	-2.4
33706	439128000	-6.6
33706	441806400	-10.9
33706	444484800	-16.5
33706	446990400	-4.6
33706	449668800	4.4
33706	452260800	17.1
33706	454939200	20
33706	457531200	26.3
33706	460209600	18.8
33706	462888000	13.1
33706	465480000	5.6
33706	468158400	-4.6
33706	470750400	-17.8
33706	473428800	-13.7
33706	476107200	-12.5
33706	478526400	-8.9
33706	481204800	5.7
33706	483796800	15
33706	486475200	20.9
33706	489067200	20.8
33706	491745600	21.7
33706	494424000	14.8
33706	497016000	3.5
33706	499694400	-3.2
33706	502286400	-9.4
33706	504964800	-9.6
33706	507643200	-15.4
33706	510062400	-7.7
33706	512740800	8.7
33706	515332800	14
33706	518011200	20.7
33706	520603200	20.5
33706	523281600	19.8
33706	525960000	13.4
33706	528552000	4.4
33706	531230400	-5.7
33706	533822400	-10.9
33706	536500800	-15.7
33706	539179200	-11.3
33706	541598400	-10.2
33706	544276800	1.8
33706	546868800	17.3
33706	549547200	22.8
33706	552139200	21.8
33706	554817600	19.7
33706	557496000	11.7
33706	560088000	2.7
33706	562766400	-7.2
33706	565358400	-10.7
33706	568036800	-14.2
33706	570715200	-15.2
33706	573220800	-5.4
33706	575899200	7.4
33706	578491200	14.1
33706	581169600	23.7
33706	583761600	24.6
33706	586440000	22.6
33706	589118400	14.6
33706	591710400	5.3
33706	594388800	-4.1
33706	596980800	-8.6
33706	599659200	-10.7
33706	602337600	-10.8
33706	604756800	-4.9
33706	607435200	4.5
33706	610027200	15.2
33706	612705600	22.6
33706	615297600	24.2
33706	617976000	19.6
33706	620654400	14.2
33706	623246400	5.8
33706	625924800	-2.8
33706	628516800	-7.7
33706	631195200	-13
33706	633873600	-9.4
33706	636292800	0.7
33706	638971200	8.5
33706	641563200	13.8
33706	644241600	20.5
33706	646833600	20.6
33706	649512000	17.9
33706	652190400	13.3
33706	654782400	5
33706	657460800	-1.6
33706	660052800	-8.3
33706	662731200	-10.6
33706	665409600	-12.5
33706	667828800	-6.1
33706	670507200	10.3
33706	673099200	17.7
33706	675777600	22.1
33706	678369600	22.8
33706	681048000	19.1
33706	683726400	14.2
33706	686318400	10.4
33706	688996800	-2.1
33706	691588800	-12
33706	694267200	-9.2
33706	696945600	-10.8
33706	699451200	-7.5
33706	702129600	6.1
33706	704721600	13.3
33706	707400000	18.3
33706	709992000	19.4
33706	712670400	17
33706	715348800	14.8
33706	717940800	4.2
33706	720619200	-0.9
33706	723211200	-10.7
33706	725889600	-7.9
33706	728568000	-13.9
33706	730987200	-7
33706	733665600	4.6
33706	736257600	14.3
33706	738936000	18.5
33706	741528000	21.3
33706	744206400	19.9
33706	746884800	9.6
33706	749476800	4.5
33706	752155200	-12.9
33706	754747200	-10.9
33706	757425600	-10.6
33706	760104000	-20
33706	762523200	-9.8
33706	765201600	5.6
33706	767793600	14.3
33706	770472000	18.8
33706	773064000	17.4
33706	775742400	18.3
33706	778420800	14.8
33706	781012800	7
33706	783691200	-2.6
33706	786283200	-11.2
33706	788961600	-13.8
33706	791640000	-7.8
33706	794059200	-2
33706	796737600	14.4
33706	799329600	17.3
33706	802008000	23.7
33706	804600000	23.9
33706	807278400	21.2
33706	809956800	14.3
33706	812548800	7
33706	815227200	-0.5
33706	817819200	-11.3
33706	820497600	-18.3
33706	823176000	-13.9
33706	825681600	-10
33706	828360000	2.5
33706	830952000	17.2
33706	833630400	22.6
33706	836222400	24.1
33706	838900800	19.5
33706	841579200	13.6
33706	844171200	3.8
33706	846849600	-2.2
33706	849441600	-11.2
33706	852120000	-15
33706	854798400	-10.7
33706	857217600	-2.2
33706	859896000	7.9
33706	862488000	15
33706	865166400	22.6
33706	867758400	20.2
33706	870436800	18.5
33706	873115200	13.4
33706	875707200	9.4
33706	878385600	-5.5
33706	880977600	-12.7
33706	883656000	-14
33706	886334400	-13
33706	888753600	-6.3
33706	891432000	2.5
33706	894024000	15.2
33706	896702400	25
33706	899294400	25.4
33706	901972800	22.3
33706	904651200	13.9
33706	907243200	7
33706	909921600	-7.3
33706	912513600	-7.6
33706	915192000	-8.7
33706	917870400	-7.6
33706	920289600	-9.7
33706	922968000	8.5
33706	925560000	13.5
33706	928238400	19.2
33706	930830400	22.9
33706	933508800	22.6
33706	936187200	12.7
33706	938779200	8.2
33706	941457600	-7.4
33706	944049600	-4.8
33706	946728000	-8.5
33706	949406400	-6.5
33706	951912000	-4.9
33706	954590400	10.9
33706	957182400	11.1
33706	959860800	20.7
33706	962452800	22.5
33706	965131200	21.4
33706	967809600	12.5
33706	970401600	3.6
33706	973080000	-3.6
33706	975672000	-6.5
33706	978350400	-8.8
33706	981028800	-11.2
33706	983448000	-2.1
33706	986126400	9.8
33706	988718400	16.4
33706	991396800	18.8
33706	993988800	22.1
33706	996667200	19
33706	999345600	13
33706	1001937600	3.8
33706	1004616000	-0.9
33706	1007208000	-10.3
33706	1009886400	-6.6
33706	1012564800	-3.6
33706	1014984000	0.7
33706	1017662400	4.7
33706	1020254400	11.1
33706	1022932800	18
33706	1025524800	23.3
33706	1028203200	18.1
33706	1030881600	15.7
33706	1033473600	5.4
33706	1036152000	-0.4
33706	1038744000	-19.2
33706	1041422400	-11.3
33706	1044100800	-13
33706	1046520000	-9.2
33706	1049198400	4.7
33706	1051790400	14.9
33706	1054468800	16
33706	1057060800	20.8
33706	1059739200	22.1
33706	1062417600	14.7
33706	1065009600	6.9
33706	1067688000	-3
33706	1070280000	-5.1
33706	1072958400	-9.9
33706	1075636800	-8.4
33706	1078142400	-3
33706	1080820800	6.3
33706	1083412800	16.3
33706	1086091200	20.7
33706	1088683200	21.7
33706	1091361600	21.1
33706	1094040000	16.3
33706	1096632000	6.5
33706	1099310400	0.5
33706	1101902400	-8.2
33706	1104580800	-11.8
33706	1107259200	-16.5
33706	1109678400	-4.9
33706	1112356800	6.8
33706	1114948800	18.3
33706	1117627200	20.7
33706	1120219200	23.2
33706	1122897600	20.1
33706	1125576000	15.8
33706	1128168000	8.1
33706	1130846400	-1.2
33706	1133438400	-6.3
33706	1136116800	-19.5
33706	1138795200	-10.4
33706	1141214400	-0.2
33706	1143892800	9.5
33706	1146484800	15.5
33706	1149163200	23.8
33706	1151755200	20.5
33706	1154433600	22.7
33706	1157112000	14.6
33706	1159704000	6.9
33706	1162382400	-3.2
33706	1164974400	-4.8
33706	1167652800	-3.4
33706	1170331200	-9.2
33706	1172750400	-6.2
33706	1175428800	6
33706	1178020800	16.7
33706	1180699200	19
33706	1183291200	21.9
33706	1185969600	24.3
33706	1188648000	15.5
33706	1191240000	5.8
33706	1193918400	-5.3
33706	1196510400	-15.4
33706	1199188800	-15.8
33706	1201867200	-11.1
33706	1204372800	1.8
33706	1207051200	10.6
33706	1209643200	15.5
33706	1212321600	19.2
33706	1214913600	24.3
33706	1217592000	22.6
33706	1220270400	12.3
33706	1222862400	6.7
33706	1225540800	1.3
33706	1228132800	-8.4
33706	1230811200	-13.2
33706	1233489600	-10.3
33706	1235908800	-1
33706	1238587200	5.3
33706	1241179200	14.9
33706	1243857600	23
33706	1246449600	22.6
33706	1249128000	19.6
33706	1251806400	15.9
33706	1254398400	7
33706	1257076800	-1.3
33706	1259668800	-10.2
33706	1262347200	-18.2
33706	1265025600	-15.1
33706	1267444800	-5.1
33706	1270123200	7.7
33706	1272715200	18.2
33706	1275393600	24.8
33706	1277985600	26.4
33706	1280664000	25.3
33706	1283342400	16
33706	1285934400	4.7
33706	1288612800	2.8
33706	1291204800	-4.6
33706	1293883200	-14.9
33706	1296561600	-16.9
33706	1298980800	-7.5
33706	1301659200	7
33706	1304251200	15.9
33706	1306929600	19.4
33706	1309521600	26.4
33706	1312200000	20.6
33706	1314878400	15
33706	1317470400	6.3
33706	1320148800	-7.2
33706	1322740800	-12
33706	1325419200	-12.1
33706	1328097600	-17.6
33706	1330603200	-5.8
33706	1333281600	15.4
33706	1335873600	18.1
33706	1338552000	23.9
33706	1341144000	25.4
33706	1343822400	25
33706	1346500800	14.3
33706	1349092800	8.5
33706	1351771200	0.2
33706	1354363200	-11
33706	1357041600	-12
33706	1359720000	-10.1
33706	1362139200	-2.4
33706	1364817600	11
33706	1367409600	17.3
33706	1370088000	22.4
33706	1372680000	22.5
33706	1375358400	20.3
33706	1378036800	14.4
33706	1380628800	6.1
33707	-1840881600	10.2
33707	-1838289600	1.8
33707	-1835611200	-0.1
33707	-1833019200	-10.6
33707	-1830340800	-10.5
33707	-1827662400	-15.8
33707	-1825156800	-7.4
33707	-1822478400	5.2
33707	-1819886400	13.8
33708	-859982400	4
33708	-857304000	-5.1
33708	-854712000	-13.6
33708	-852033600	-19.3
33708	-849355200	-17.5
33708	-846936000	-10.6
33708	-844257600	6.9
33708	-841665600	18
33708	-838987200	19.4
33708	-836395200	22.7
33708	-833716800	19.3
33708	-831038400	12.3
33708	-828446400	3
33708	-825768000	-9.8
33708	-823176000	-12.6
33708	-820497600	-12.1
33708	-817819200	-8.7
33708	-815313600	-1.9
33708	-812635200	7.2
33708	-810043200	15.4
33708	-807364800	18.1
33708	-804772800	20.8
33708	-802094400	17.8
33708	-799416000	14.2
33708	-796824000	4.2
33708	-794145600	-9.5
33708	-791553600	-17.7
33708	-788875200	-20.7
33708	-786196800	-24.3
33708	-783777600	-9.7
33708	-781099200	5.2
33708	-778507200	10.1
33708	-775828800	18
33708	-773236800	19.2
33708	-770558400	21.1
33708	-767880000	11.8
33708	-765288000	3.1
33708	-762609600	-7.8
33708	-760017600	-14
33708	-757339200	-14.1
33708	-754660800	-6.9
33708	-752241600	-9
33708	-749563200	5.2
33708	-746971200	13.8
33708	-744292800	18
33708	-741700800	18.5
33709	-3576398400	10.9
33709	-3573806400	-1
33709	-3571128000	-5.3
33709	-3568536000	-6.6
33709	-3565857600	-12.5
33709	-3563179200	-17.9
33709	-3560760000	-5
33709	-3558081600	0.5
33709	-3555489600	10.2
33709	-3552811200	14.5
33709	-3550219200	18.7
33710	-2001326400	15.8
33710	-1998648000	8.5
33710	-1996056000	-0.3
33710	-1993377600	-8.5
33710	-1990785600	-13.6
33711	-2939976000	-8
33711	-2937384000	-17
33712	-659966400	-15.2
33712	-657547200	-14.6
33712	-654868800	1.3
33712	-652276800	13.9
33712	-649598400	19.7
33712	-647006400	20.6
33712	-644328000	18.8
33712	-641649600	9.4
33712	-639057600	2.2
33712	-636379200	-7.4
33712	-633787200	-18.6
33712	-631108800	-23.2
33712	-628430400	-17.5
33712	-626011200	-9.9
33712	-623332800	6.3
33712	-620740800	12.4
33712	-618062400	16.2
33712	-615470400	18.3
33712	-612792000	17.5
33712	-610113600	13.8
33712	-607521600	2.6
33712	-604843200	-7.3
33712	-602251200	-14
33712	-599572800	-19.7
33712	-596894400	-24.5
33712	-594475200	-8
33712	-591796800	9.8
33712	-589204800	14.1
33712	-586526400	17.6
33712	-583934400	22
33712	-581256000	18.9
33712	-578577600	13.2
33712	-575985600	1.4
33712	-573307200	-9.5
33712	-570715200	-8.5
33712	-568036800	-16.1
33712	-565358400	-16.1
33712	-562852800	-12.8
33712	-560174400	-1.7
33712	-557582400	14.5
33712	-554904000	19.1
33712	-552312000	22.5
33712	-549633600	19.6
33712	-546955200	13.3
33712	-544363200	3.9
33712	-541684800	-8.9
33712	-539092800	-15.9
33712	-536414400	-16.9
33712	-533736000	-14.6
33712	-531316800	-9.7
33712	-528638400	4.1
33712	-526046400	13.6
33712	-523368000	16
33712	-520776000	20.6
33712	-518097600	19.9
33712	-515419200	13.3
33712	-512827200	1.2
33712	-510148800	-13.8
33712	-507556800	-13
33712	-504878400	-21.7
33712	-502200000	-26.2
33712	-499780800	-13.9
33712	-497102400	-0.6
33712	-494510400	13.2
33712	-491832000	17.8
33712	-489240000	22.6
33712	-486561600	19.4
33712	-483883200	14.3
33712	-481291200	6.1
33712	-478612800	-3.5
33712	-476020800	-14.4
33712	-473342400	-13.8
33712	-470664000	-14.3
33712	-468244800	-14.5
33712	-465566400	2
33712	-462974400	15.8
33712	-460296000	21.5
33712	-457704000	19.3
33712	-455025600	18.1
33712	-452347200	11.8
33712	-449755200	5
33712	-447076800	-8.1
33712	-444484800	-15.8
33712	-441806400	-20.5
33712	-439128000	-22.1
33712	-436622400	-14.1
33712	-433944000	4.5
33712	-431352000	11.5
33712	-428673600	17.1
33712	-426081600	19.2
33712	-423403200	18.9
33712	-420724800	8.7
33712	-418132800	5.3
33712	-415454400	-5
33712	-412862400	-10.8
33712	-410184000	-19.1
33712	-407505600	-15.6
33712	-405086400	-12
33712	-402408000	1.8
33712	-399816000	16.6
33712	-397137600	19.9
33712	-394545600	20.2
33712	-391867200	17.9
33712	-389188800	17.1
33712	-386596800	3.8
33712	-383918400	-7.7
33712	-381326400	-9.9
33712	-378648000	-15.4
33712	-375969600	-9.1
33712	-373550400	-11.7
33712	-370872000	-0.4
33712	-368280000	11.7
33712	-365601600	19.7
33712	-363009600	19.2
33712	-360331200	19.5
33712	-357652800	9
33712	-355060800	3.6
33712	-352382400	-4.4
33712	-349790400	-17
33712	-347112000	-15.7
33712	-344433600	-16
33712	-342014400	-11
33712	-339336000	4.6
33712	-336744000	14.1
33712	-334065600	17.5
33712	-331473600	19.8
33712	-328795200	16.3
33712	-326116800	11.7
33712	-323524800	0.8
33712	-320846400	-7.6
33712	-318254400	-19.2
33712	-315576000	-13.8
33712	-312897600	-14.6
33712	-310392000	-14.7
33712	-307713600	4.9
33712	-305121600	8.8
33712	-302443200	18.9
33712	-299851200	17.9
33712	-297172800	16.7
33712	-294494400	11.5
33712	-291902400	2.1
33712	-289224000	-10.5
33712	-286632000	-10.8
33712	-283953600	-15.7
33712	-281275200	-15.1
33712	-278856000	-5
33712	-276177600	5.1
33712	-273585600	15.7
33712	-270907200	19.1
33712	-268315200	20.3
33712	-265636800	18.1
33712	-262958400	11.5
33712	-260366400	3.4
33712	-257688000	-4.9
33712	-255096000	-8.6
33712	-252417600	-13.1
33712	-249739200	-12.9
33712	-247320000	-2.5
33712	-244641600	7
33712	-242049600	15
33712	-239371200	17.7
33712	-236779200	23.7
33712	-234100800	17.4
33712	-231422400	12
33712	-228830400	3.5
33712	-226152000	-5.9
33712	-223560000	-13.6
33712	-220881600	-14.5
33712	-218203200	-12.9
33712	-215784000	-8.8
33712	-213105600	2.6
33712	-210513600	13.4
33712	-207835200	18.3
33712	-205243200	20.9
33712	-202564800	16.7
33712	-199886400	11.8
33712	-197294400	6.7
33712	-194616000	-1.5
33712	-192024000	-12.9
33712	-189345600	-14.8
33712	-186667200	-18.5
33712	-184161600	-11.9
33712	-181483200	-1.1
33712	-178891200	12.3
33712	-176212800	16.9
33712	-173620800	19.9
33712	-170942400	16.9
33712	-168264000	13.4
33712	-165672000	2.3
33712	-162993600	-2.8
33712	-160401600	-9.9
33712	-157723200	-14.8
33712	-155044800	-15.7
33712	-152625600	-4
33712	-149947200	3.5
33712	-147355200	13.8
33712	-144676800	18.6
33712	-142084800	22.1
33712	-139406400	17.4
33712	-136728000	13.8
33712	-134136000	2.1
33712	-131457600	-5.1
33712	-128865600	-11
33712	-126187200	-16.2
33712	-123508800	-13.2
33712	-121089600	-6.2
33712	-118411200	4.2
33712	-115819200	12.9
33712	-113140800	17.4
33712	-110548800	22
33712	-107870400	20
33712	-105192000	13.2
33712	-102600000	0.4
33712	-99921600	-3.8
33712	-97329600	-20.2
33712	-94651200	-17.4
33712	-91972800	-17.6
33712	-89553600	-7.2
33712	-86875200	7.7
33712	-84283200	16
33712	-81604800	19.4
33712	-79012800	19.7
33712	-76334400	19.2
33712	-73656000	10.4
33712	-71064000	5.5
33712	-68385600	-2.8
33712	-65793600	-10.1
33712	-63115200	-14.5
33712	-60436800	-17.2
33712	-57931200	-8.1
33712	-55252800	4.6
33712	-52660800	16
33712	-49982400	16.7
33712	-47390400	18.4
33712	-44712000	18.8
33712	-42033600	12.1
33712	-39441600	0.9
33712	-36763200	-6.2
33712	-34171200	-17.8
33712	-31492800	-28
33712	-28814400	-20.6
33712	-26395200	-14.7
33712	-23716800	4.9
33712	-21124800	10.1
33712	-18446400	18.7
33712	-15854400	20.5
33712	-13176000	16.9
33712	-10497600	13.1
33712	-7905600	2.1
33712	-5227200	-2.4
33712	-2635200	-14
33712	43200	-18.6
33712	2721600	-14.2
33712	5140800	-8.9
33712	7819200	6.7
33712	10411200	13.2
33712	13089600	16
33712	15681600	20.1
33712	18360000	17.4
33712	21038400	13.4
33712	23630400	3.6
33712	26308800	-4.5
33712	28900800	-17.2
33712	31579200	-12.1
33712	34257600	-20
33712	36676800	-11.1
33712	39355200	2.8
33712	41947200	11.7
33712	44625600	17.6
33712	47217600	22.7
33712	49896000	17.3
33712	52574400	15.8
33712	55166400	5
33712	57844800	-0.5
33712	60436800	-9.6
33712	63115200	-22.3
33712	65793600	-18.1
33712	68299200	-12.4
33712	70977600	6.7
33712	73569600	12.5
33712	76248000	16.9
33712	78840000	18.8
33712	81518400	18.4
33712	84196800	9.8
33712	86788800	3.4
33712	89467200	-4.6
33712	92059200	-11.6
33712	94737600	-21.8
33712	97416000	-14.2
33712	99835200	-7.6
33712	102513600	6.2
33712	105105600	14.2
33712	107784000	18.6
33712	110376000	18.9
33712	113054400	17.4
33712	115732800	8.7
33712	118324800	2.3
33712	121003200	-3.6
33712	123595200	-9.2
33712	126273600	-22.1
33712	128952000	-18.2
33712	131371200	-5
33712	134049600	6.4
33712	136641600	14.9
33712	139320000	18.5
33712	141912000	22.5
33712	144590400	17.1
33712	147268800	13.8
33712	149860800	7.3
33712	152539200	-6.1
33712	155131200	-16.7
33712	157809600	-11.3
33712	160488000	-16.6
33712	162907200	-7
33712	165585600	10.5
33712	168177600	14.7
33712	170856000	21.3
33712	173448000	22
33712	176126400	18.5
33712	178804800	14.7
33712	181396800	2
33712	184075200	-6.3
33712	186667200	-9.4
33712	189345600	-12.4
33712	192024000	-20
33712	194529600	-13.9
33712	197208000	4.7
33712	199800000	14.1
33712	202478400	19.1
33712	205070400	18.5
33712	207748800	21.7
33712	210427200	10.6
33712	213019200	-5.1
33712	215697600	-11.1
33712	218289600	-19.9
33712	220968000	-24.5
33712	223646400	-17.6
33712	226065600	-3.7
33712	228744000	8.5
33712	231336000	16.7
33712	234014400	21.8
33712	236606400	20.9
33712	239284800	17.2
33712	241963200	11.3
33712	244555200	1
33712	247233600	-3.7
33712	249825600	-13.1
33712	252504000	-16.2
33712	255182400	-15.7
33712	257601600	-7.6
33712	260280000	4.7
33712	262872000	11.4
33712	265550400	19.2
33712	268142400	21.5
33712	270820800	17.2
33712	273499200	13.5
33712	276091200	3.1
33712	278769600	-4.7
33712	281361600	-14
33712	284040000	-20.2
33712	286718400	-13.8
33712	289137600	-8.6
33712	291816000	-1.3
33712	294408000	15.3
33712	297086400	15.7
33712	299678400	21.4
33712	302356800	19.4
33712	305035200	14.2
33712	307627200	3.5
33712	310305600	-7.8
33712	312897600	-9.2
33712	315576000	-20.6
33712	318254400	-20.5
33712	320760000	-12.7
33712	323438400	4.6
33712	326030400	16
33712	328708800	17.8
33712	331300800	21.5
33712	333979200	16.2
33712	336657600	12.4
33712	339249600	4.1
33712	341928000	-6.5
33712	344520000	-10.1
33712	347198400	-15.7
33712	349876800	-13
33712	352296000	-6.8
33712	354974400	3
33712	357566400	11.6
33712	360244800	18
33712	362836800	21.7
33712	365515200	21
33712	368193600	13.5
33712	370785600	5.9
33712	373464000	-3.9
33712	376056000	-13.5
33712	378734400	-14.7
33712	381412800	-18.4
33712	383832000	-10.6
33712	386510400	7.9
33712	389102400	13.6
33712	391780800	17.7
33712	394372800	20.9
33712	397051200	18.1
33712	399729600	13.6
33712	402321600	3.5
33712	4.05e+08	-5
33712	407592000	-8.7
33712	410270400	-10.2
33712	412948800	-8.4
33712	415368000	-8.2
33712	418046400	8.4
33712	420638400	11.9
33712	423316800	18.6
33712	425908800	23.7
33712	428587200	19.3
33712	431265600	11.4
33712	433857600	5.1
33712	436536000	-4
33712	439128000	-9
33712	441806400	-15.4
33712	444484800	-18.6
33712	446990400	-6.7
33712	449668800	3.1
33712	452260800	14.6
33712	454939200	19.6
33712	457531200	24.4
33712	460209600	18.9
33712	462888000	12
33712	465480000	4.6
33712	468158400	-7.2
33712	470750400	-22.2
33712	473428800	-16.6
33712	476107200	-16.1
33712	478526400	-12.9
33712	481204800	4.5
33712	483796800	12.1
33712	486475200	20.2
33712	489067200	19.6
33712	491745600	19.6
33712	494424000	12.8
33712	497016000	2.1
33712	499694400	-8.3
33712	502286400	-13.1
33712	504964800	-12.2
33712	507643200	-17.7
33712	510062400	-10.1
33712	512740800	6.2
33712	515332800	12.2
33712	518011200	18.4
33712	520603200	19.3
33712	523281600	18.3
33712	525960000	12.5
33712	528552000	4.1
33713	-1806667200	2.6
33713	-1803988800	-1.7
33714	-736344000	13.1
33714	-733752000	1.2
33714	-731073600	-5.5
33714	-728481600	-17.5
33714	-725803200	-19.7
33714	-723124800	-17.5
33714	-720705600	-3.6
33714	-718027200	6.7
33714	-715435200	11
33714	-712756800	14.6
33714	-710164800	19.1
33714	-707486400	17.5
33714	-704808000	11.9
33714	-702216000	4.4
33714	-699537600	-0.9
33714	-696945600	-14.1
33714	-694267200	-8.7
33714	-691588800	-13.5
33714	-689083200	-9.8
33714	-686404800	0.3
33714	-683812800	16.6
33714	-681134400	22.9
33714	-678542400	21.8
33714	-675864000	20.5
33714	-673185600	12
33714	-670593600	5.3
33714	-667915200	-5.7
33714	-665323200	-15.3
33714	-662644800	-12.6
33714	-659966400	-14
33714	-657547200	-14
33714	-654868800	1.4
33714	-652276800	14.7
33714	-649598400	21.1
33714	-647006400	22
33714	-644328000	19.2
33714	-641649600	9.9
33714	-639057600	2.4
33714	-636379200	-6.6
33714	-633787200	-17
33714	-631108800	-22.2
33714	-628430400	-16.7
33714	-626011200	-9.2
33714	-623332800	6.9
33714	-620740800	13.3
33714	-618062400	16.8
33714	-615470400	19.6
33714	-612792000	17.7
33714	-610113600	14
33714	-607521600	3.1
33714	-604843200	-6.8
33714	-602251200	-13.9
33714	-599572800	-19
33714	-596894400	-22.6
33714	-594475200	-7.5
33714	-591796800	10.9
33714	-589204800	15.1
33714	-586526400	19.4
33714	-583934400	23.3
33714	-581256000	20.7
33714	-578577600	14
33714	-575985600	2.2
33714	-573307200	-8.5
33714	-570715200	-7.2
33714	-568036800	-15.1
33714	-565358400	-13.7
33714	-562852800	-11.4
33714	-560174400	-0.6
33714	-557582400	16.2
33714	-554904000	20.5
33714	-552312000	24
33714	-549633600	21.5
33714	-546955200	13.7
33714	-544363200	3.9
33714	-541684800	-8.1
33714	-539092800	-14.4
33714	-536414400	-15.7
33714	-533736000	-13.3
33714	-531316800	-8
33714	-528638400	5.3
33714	-526046400	14
33714	-523368000	16.6
33714	-520776000	21.9
33714	-518097600	21.5
33714	-515419200	13.9
33714	-512827200	1.5
33714	-510148800	-12.4
33714	-507556800	-12.2
33714	-504878400	-20.5
33714	-502200000	-25.5
33714	-499780800	-13.1
33714	-497102400	-0.1
33714	-494510400	14
33714	-491832000	18.7
33714	-489240000	24.5
33714	-486561600	20.5
33714	-483883200	15.1
33714	-481291200	6.5
33714	-478612800	-3.4
33714	-476020800	-12.7
33714	-473342400	-13.5
33714	-470664000	-13
33714	-468244800	-13.6
33714	-465566400	3.6
33714	-462974400	16.8
33714	-460296000	23
33714	-457704000	21
33714	-455025600	19.1
33714	-452347200	12.8
33714	-449755200	5.1
33714	-447076800	-6.8
33714	-444484800	-14.4
33714	-441806400	-19.3
33714	-439128000	-21.4
33714	-436622400	-13.6
33714	-433944000	5.9
33714	-431352000	12.4
33714	-428673600	18.1
33714	-426081600	21
33714	-423403200	20.9
33714	-420724800	9.4
33714	-418132800	5.7
33714	-415454400	-4.3
33714	-412862400	-10.4
33714	-410184000	-18.9
33714	-407505600	-15.1
33714	-405086400	-10.9
33714	-402408000	3.1
33714	-399816000	18.4
33714	-397137600	21.9
33714	-394545600	20.5
33714	-391867200	18.6
33714	-389188800	18.2
33714	-386596800	4.3
33714	-383918400	-7
33714	-381326400	-8.7
33714	-378648000	-14.1
33714	-375969600	-8.2
33714	-373550400	-11.2
33714	-370872000	0.2
33714	-368280000	12.2
33714	-365601600	21
33714	-363009600	20.3
33714	-360331200	20.4
33714	-357652800	9.7
33714	-355060800	4.1
33714	-352382400	-4.1
33714	-349790400	-15.9
33714	-347112000	-14.9
33714	-344433600	-14.9
33714	-342014400	-10
33714	-339336000	5.2
33714	-336744000	15.1
33714	-334065600	18.4
33714	-331473600	20.5
33714	-328795200	16.9
33714	-326116800	12.1
33714	-323524800	0.9
33714	-320846400	-7.5
33714	-318254400	-18.4
33714	-315576000	-12.9
33714	-312897600	-14
33714	-310392000	-15.4
33714	-307713600	4.7
33714	-305121600	9.6
33714	-302443200	20.5
33714	-299851200	18.5
33714	-297172800	18.3
33714	-294494400	12.1
33714	-291902400	2.4
33714	-289224000	-10.4
33714	-286632000	-10.7
33714	-283953600	-14.5
33714	-281275200	-14.4
33714	-278856000	-5.5
33714	-276177600	5.5
33714	-273585600	16.9
33714	-270907200	19.6
33714	-268315200	21.4
33714	-265636800	18.9
33714	-262958400	11.6
33714	-260366400	3.3
33714	-257688000	-4.8
33714	-255096000	-7.7
33714	-252417600	-12.5
33714	-249739200	-12.5
33714	-247320000	-1.8
33714	-244641600	7.6
33714	-242049600	15.4
33714	-239371200	18.7
33714	-236779200	24.8
33714	-234100800	17.7
33714	-231422400	12.5
33714	-228830400	3.9
33714	-226152000	-5.1
33714	-223560000	-13
33714	-220881600	-13.7
33714	-218203200	-12.7
33714	-215784000	-8.8
33714	-213105600	3.4
33714	-210513600	14.2
33714	-207835200	19.4
33714	-205243200	21.7
33714	-202564800	17.5
33714	-199886400	12.4
33714	-197294400	6.9
33714	-194616000	-1.5
33714	-192024000	-11.8
33714	-189345600	-13.8
33714	-186667200	-17.3
33714	-184161600	-11.8
33714	-181483200	-1
33714	-178891200	13.4
33714	-176212800	17.8
33714	-173620800	20.1
33714	-170942400	17.7
33714	-168264000	13.8
33714	-165672000	2.5
33714	-162993600	-2.3
33714	-160401600	-9
33714	-157723200	-15.2
33714	-155044800	-16.1
33714	-152625600	-4.8
33714	-149947200	3
33714	-147355200	14.8
33714	-144676800	20.4
33714	-142084800	23.2
33714	-139406400	18.8
33714	-136728000	14.4
33714	-134136000	2.6
33714	-131457600	-3.6
33714	-128865600	-8.8
33714	-126187200	-15.2
33714	-123508800	-11.6
33714	-121089600	-4.7
33714	-118411200	6.5
33714	-115819200	13.8
33714	-113140800	18.4
33714	-110548800	23.2
33714	-107870400	21.5
33714	-105192000	14.2
33714	-102600000	1.3
33714	-99921600	-4.4
33714	-97329600	-19.5
33714	-94651200	-16.8
33714	-91972800	-17.3
33714	-89553600	-6.5
33714	-86875200	8.4
33714	-84283200	17.4
33714	-81604800	20.2
33714	-79012800	21.3
33714	-76334400	21.1
33714	-73656000	10.8
33714	-71064000	6.2
33714	-68385600	-2.6
33714	-65793600	-9.1
33714	-63115200	-14.4
33714	-60436800	-15.7
33714	-57931200	-7.3
33714	-55252800	5.1
33714	-52660800	17.8
33714	-49982400	18.3
33714	-47390400	19.3
33714	-44712000	20.2
33714	-42033600	13.2
33714	-39441600	1.6
33714	-36763200	-5.7
33714	-34171200	-16.6
33714	-31492800	-27
33714	-28814400	-19.8
33714	-26395200	-13.5
33714	-23716800	5.5
33714	-21124800	11.2
33714	-18446400	20.2
33714	-15854400	20.9
33714	-13176000	17.8
33714	-10497600	13.7
33714	-7905600	2.4
33714	-5227200	-1.8
33714	-2635200	-12
33714	43200	-17.4
33714	2721600	-12.9
33714	5140800	-7.8
33714	7819200	7.3
33714	10411200	13.5
33714	13089600	17.6
33714	15681600	21.4
33714	18360000	18.3
33714	21038400	13.7
33714	23630400	3.4
33714	26308800	-4
33714	28900800	-16.3
33714	31579200	-11.3
33714	34257600	-19.1
33714	36676800	-9.8
33714	39355200	3.5
33714	41947200	12.4
33714	44625600	18.4
33714	47217600	23.8
33714	49896000	18.3
33714	52574400	18
33714	55166400	5.4
33714	57844800	-0.2
33714	60436800	-8
33714	63115200	-25.2
33714	65793600	-17.5
33714	68299200	-11.8
33714	70977600	7
33714	73569600	14.6
33714	76248000	18.1
33714	78840000	20.7
33714	81518400	20.1
33714	84196800	11.6
33714	86788800	3.9
33714	89467200	-3.1
33714	92059200	-9.6
33714	94737600	-19.9
33714	97416000	-12.6
33714	99835200	-6.3
33714	102513600	7.6
33714	105105600	15.3
33714	107784000	20
33714	110376000	20.2
33714	113054400	17.8
33714	115732800	8.8
33714	118324800	2.7
33714	121003200	-2.2
33714	123595200	-8.1
33714	126273600	-20.1
33714	128952000	-17.8
33714	131371200	-4.7
33714	134049600	6.6
33714	136641600	16.1
33714	139320000	19.7
33714	141912000	23
33714	144590400	18.3
33714	147268800	14.7
33714	149860800	8
33714	152539200	-4.7
33714	155131200	-12.6
33714	157809600	-10.4
33714	160488000	-15.6
33714	162907200	-5.7
33714	165585600	11.5
33714	168177600	16.5
33714	170856000	23
33714	173448000	23.5
33714	176126400	19.4
33714	178804800	15.8
33714	181396800	2.7
33714	184075200	-6.3
33714	186667200	-8.6
33714	189345600	-11.1
33714	192024000	-19
33714	194529600	-13
33714	197208000	5.5
33714	199800000	15.1
33714	202478400	20.5
33714	205070400	19.8
33714	207748800	23.3
33714	210427200	11.5
33714	213019200	-5.4
33714	215697600	-10
33714	218289600	-18.8
33714	220968000	-23.9
33714	223646400	-17
33714	226065600	-3.4
33714	228744000	9.1
33714	231336000	17.8
33714	234014400	22.6
33714	236606400	21.2
33714	239284800	18.1
33714	241963200	12.1
33714	244555200	1.6
33714	247233600	-2.9
33714	249825600	-11.9
33714	252504000	-15.5
33714	255182400	-15.6
33714	257601600	-7
33714	260280000	5.2
33714	262872000	12.5
33714	265550400	19.9
33714	268142400	22.5
33714	270820800	18.8
33714	273499200	14.3
33714	276091200	2.9
33714	278769600	-3.8
33714	281361600	-13
33714	284040000	-19.1
33714	286718400	-12.5
33714	289137600	-7.5
33714	291816000	0.4
33714	294408000	16.7
33714	297086400	16.5
33714	299678400	22.2
33714	302356800	20.4
33714	305035200	13.9
33714	307627200	4.4
33714	310305600	-6.1
33715	-3539592000	-8.2
33715	-3.537e+09	-13.8
33715	-3534321600	-14
33715	-3531643200	-12.8
33715	-3529224000	-7.6
33715	-3526545600	4.1
33715	-3523953600	16
33716	-1985428800	-17.3
33716	-1983009600	-11.7
33716	-1980331200	-0.7
33716	-1977739200	8.2
33716	-1975060800	14.2
33716	-1972468800	19.1
33716	-1969790400	15.5
33716	-1967112000	9
33716	-1964520000	0.6
33716	-1961841600	-12.6
33716	-1959249600	-12.7
33716	-1956571200	-18.7
33716	-1953892800	-17.9
33716	-1951387200	-12.3
33716	-1948708800	1
33716	-1946116800	8.3
33716	-1943438400	16
33716	-1940846400	14.4
33716	-1938168000	13.7
33716	-1935489600	10.2
33716	-1932897600	-1
33716	-1930219200	-9.9
33716	-1927627200	-14.4
33716	-1924948800	-17.4
33716	-1922270400	-14.5
33716	-1919851200	-13.6
33716	-1917172800	4
33716	-1914580800	10.3
33716	-1911902400	16.4
33716	-1909310400	17.6
33716	-1906632000	14.2
33716	-1903953600	11.9
33716	-1901361600	2.7
33716	-1898683200	-1.7
33716	-1896091200	-12.3
33716	-1893412800	-14.4
33716	-1890734400	-19.9
33716	-1888315200	-6.1
33716	-1885636800	4.3
33716	-1883044800	11.3
33716	-1880366400	14.3
33716	-1877774400	18.8
33716	-1875096000	16.3
33716	-1872417600	9.4
33716	-1869825600	-0.8
33716	-1867147200	-6.8
33716	-1864555200	-10.3
33716	-1861876800	-18.4
33716	-1859198400	-18.7
33716	-1856779200	-10.5
33716	-1854100800	4
33716	-1851508800	9.5
33716	-1848830400	19.6
33716	-1846238400	21.4
33716	-1843560000	13.5
33716	-1840881600	7.5
33716	-1838289600	0
33716	-1835611200	-1.6
33716	-1833019200	-11.9
33716	-1830340800	-12.5
33716	-1827662400	-18.3
33716	-1825156800	-8.1
33716	-1822478400	1.9
33716	-1819886400	11.7
33716	-1817208000	17.6
33717	-2648030400	-18.3
33717	-2645611200	-9.1
33717	-2642932800	1.6
33717	-2640340800	13.6
33717	-2637662400	18.9
33717	-2635070400	20.1
33717	-2632392000	18.4
33717	-2629713600	10.7
33717	-2627121600	0.9
33717	-2624443200	-4.1
33717	-2621851200	-7.1
33717	-2619172800	-17.7
33717	-2616494400	-12.5
33717	-2614075200	-7.6
33717	-2611396800	3.3
33717	-2608804800	15.6
33717	-2606126400	19.4
33717	-2603534400	19.3
33717	-2600856000	18.9
33717	-2598177600	17
33717	-2595585600	6.1
33717	-2592907200	-1.2
33717	-2590315200	-5.3
33717	-2587636800	-13.2
33717	-2584958400	-17.3
33717	-2582452800	-4.9
33717	-2579774400	9.7
33717	-2577182400	16.4
33717	-2574504000	19.1
33717	-2571912000	22.4
33717	-2569233600	19.8
33717	-2566555200	13.1
33717	-2563963200	8.4
33717	-2561284800	-6
33717	-2558692800	-17.1
33717	-2556014400	-19.2
33717	-2553336000	-10.7
33717	-2550916800	-9.2
33717	-2548238400	4.9
33717	-2545646400	15.1
33717	-2542968000	18.3
33717	-2540376000	20.9
33717	-2537697600	19.9
33717	-2535019200	12.8
33717	-2532427200	5.1
33717	-2529748800	-10.4
33717	-2527156800	-14.3
33717	-2524478400	-14.7
33717	-2521800000	-12.7
33717	-2519380800	-2.3
33717	-2516702400	6.9
33717	-2514110400	12.7
33717	-2511432000	21.7
33717	-2508840000	25.5
33717	-2506161600	20.9
33717	-2503483200	15.1
33717	-2500891200	5.5
33717	-2498212800	-8.5
33717	-2495620800	-15.1
33717	-2492942400	-22.5
33717	-2490264000	-13.7
33717	-2487844800	-1.5
33717	-2485166400	5.6
33717	-2482574400	15.8
33717	-2479896000	21.5
33717	-2477304000	23.5
33717	-2474625600	20.2
33717	-2471947200	12
33717	-2469355200	3.9
33717	-2466676800	-9.6
33717	-2464084800	-6.1
33717	-2461406400	-17.6
33717	-2458728000	-11.4
33717	-2456222400	-10.9
33717	-2453544000	1.1
33717	-2450952000	14.7
33717	-2448273600	19.6
33717	-2445681600	23.6
33717	-2443003200	19.2
33717	-2440324800	13.8
33717	-2437732800	3.4
33717	-2435054400	-4.1
33717	-2432462400	-15.2
33717	-2429784000	-24.9
33717	-2427105600	-12.3
33717	-2424686400	-3.8
33717	-2422008000	5.3
33717	-2419416000	11.8
33717	-2416737600	20.3
33717	-2414145600	23
33717	-2411467200	20
33717	-2408788800	15.3
33717	-2406196800	6.4
33717	-2403518400	-3.3
33717	-2400926400	-8.6
33717	-2398248000	-15.9
33717	-2395569600	-8.3
33717	-2393150400	-7.7
33717	-2390472000	0.2
33717	-2387880000	16.1
33717	-2385201600	17.4
33717	-2382609600	18.7
33717	-2379931200	20.5
33717	-2377252800	10.6
33717	-2374660800	2.5
33717	-2371982400	-6.5
33717	-2369390400	-16.6
33717	-2366712000	-14.9
33717	-2364033600	-13.7
33717	-2361614400	-4
33717	-2358936000	3
33717	-2356344000	11.9
33717	-2353665600	17.2
33717	-2351073600	20.1
33717	-2348395200	19.9
33717	-2345716800	13.1
33717	-2343124800	6.2
33717	-2340446400	-5
33717	-2337854400	-11.3
33717	-2335176000	-20.1
33717	-2332497600	-16.2
33717	-2329992000	-10.2
33717	-2327313600	-1.9
33717	-2324721600	15
33717	-2322043200	17.5
33717	-2319451200	19.4
33717	-2316772800	20.1
33717	-2314094400	11.6
33717	-2311502400	7.4
33717	-2308824000	-4.8
33717	-2306232000	-17
33717	-2303553600	-16.8
33717	-2300875200	-13.4
33717	-2298456000	-8.9
33717	-2295777600	4.5
33717	-2293185600	17.8
33717	-2290507200	19.6
33717	-2287915200	21.7
33717	-2285236800	20.4
33717	-2282558400	15.2
33717	-2279966400	3.7
33717	-2277288000	-6.6
33717	-2274696000	-15.2
33717	-2272017600	-14.1
33717	-2269339200	-17.1
33717	-2266920000	-15.6
33717	-2264241600	-1.7
33717	-2261649600	16.4
33717	-2258971200	18.6
33717	-2256379200	23
33717	-2253700800	18.6
33717	-2251022400	14.7
33717	-2248430400	0.5
33717	-2245752000	-4.5
33717	-2243160000	-5.5
33717	-2240481600	-8
33717	-2237803200	-14.9
33717	-2235384000	-7.2
33717	-2232705600	5.9
33717	-2230113600	15.4
33717	-2227435200	21.4
33717	-2224843200	21.9
33717	-2222164800	20.8
33717	-2219486400	14.3
33717	-2216894400	8
33717	-2214216000	-0.6
33717	-2211624000	-16
33717	-2208945600	-22.7
33717	-2206267200	-17.1
33717	-2203848000	-5.5
33717	-2201169600	2.7
33717	-2198577600	15.6
33717	-2195899200	18.4
33717	-2193307200	20
33717	-2190628800	18.5
33717	-2187950400	10.5
33717	-2185358400	6.4
33717	-2182680000	-4.1
33717	-2180088000	-8.7
33717	-2177409600	-16.2
33717	-2174731200	-8.9
33717	-2172312000	-4.1
33717	-2169633600	9.2
33717	-2167041600	15.3
33717	-2164363200	20.2
33717	-2161771200	20.9
33717	-2159092800	19.7
33717	-2156414400	11
33717	-2153822400	1.9
33717	-2151144000	-3.6
33717	-2148552000	-9.5
33717	-2145873600	-10.2
33717	-2143195200	-14.1
33717	-2140776000	-7.6
33717	-2138097600	3
33717	-2135505600	13.6
33717	-2132827200	22.1
33717	-2130235200	22.9
33717	-2127556800	22
33717	-2124878400	11.2
33717	-2122286400	2.3
33717	-2119608000	-8.2
33717	-2117016000	-11.9
33717	-2114337600	-11.4
33717	-2111659200	-7.3
33717	-2109240000	-10.3
33717	-2106561600	5.4
33717	-2103969600	13.1
33717	-2101291200	20.4
33717	-2098699200	23.6
33717	-2096020800	21.2
33717	-2093342400	11.7
33717	-2090750400	4.4
33717	-2088072000	-5
33717	-2085480000	-14.5
33717	-2082801600	-18.6
33717	-2080123200	-8.8
33717	-2077617600	-9.4
33717	-2074939200	-1.6
33717	-2072347200	14.7
33717	-2069668800	16.8
33717	-2067076800	22
33717	-2064398400	19.9
33717	-2061720000	11.2
33717	-2059128000	4.9
33717	-2056449600	-3.2
33717	-2053857600	-9.2
33717	-2051179200	-15.7
33717	-2048500800	-13.6
33717	-2046081600	-13.5
33717	-2043403200	2.2
33717	-2040811200	15.9
33717	-2038132800	20.1
33717	-2035540800	19.5
33717	-2032862400	18
33717	-2030184000	13.8
33717	-2027592000	10.7
33717	-2024913600	-0.5
33717	-2022321600	-6.3
33717	-2019643200	-14.2
33717	-2016964800	-16.4
33717	-2014545600	-1.4
33717	-2011867200	8.2
33717	-2009275200	18.8
33717	-2006596800	23
33717	-2004004800	24.7
33717	-2001326400	19.9
33717	-1998648000	11
33717	-1996056000	3.5
33717	-1993377600	-4.2
33717	-1990785600	-9.9
33717	-1988107200	-15.9
33717	-1985428800	-14.7
33717	-1983009600	-8.8
33717	-1980331200	4.2
33717	-1977739200	12.8
33717	-1975060800	19.2
33717	-1972468800	25.2
33717	-1969790400	19.8
33717	-1967112000	12.7
33717	-1964520000	3.1
33717	-1961841600	-10.9
33717	-1959249600	-11.9
33717	-1956571200	-16.9
33717	-1953892800	-16.3
33717	-1951387200	-12.2
33717	-1948708800	-0.3
33717	-1946116800	11.9
33717	-1943438400	20.8
33717	-1940846400	20.6
33717	-1938168000	18.2
33717	-1935489600	14.2
33717	-1932897600	1.5
33717	-1930219200	-7.7
33717	-1927627200	-14.6
33717	-1924948800	-16.4
33717	-1922270400	-11
33717	-1919851200	-10.1
33717	-1917172800	6.1
33717	-1914580800	15.7
33717	-1911902400	20.4
33717	-1909310400	22.5
33717	-1906632000	19
33717	-1903953600	16.5
33717	-1901361600	5.1
33717	-1898683200	1.1
33717	-1896091200	-10.9
33717	-1893412800	-10.1
33717	-1890734400	-16.6
33717	-1888315200	-7.7
33717	-1885636800	7.8
33717	-1883044800	16.2
33717	-1880366400	18.9
33717	-1877774400	24.5
33717	-1875096000	20.4
33717	-1872417600	13.5
33717	-1869825600	1.9
33717	-1867147200	-3.9
33717	-1864555200	-9.6
33717	-1861876800	-17.8
33717	-1859198400	-17
33717	-1856779200	-11.6
33717	-1854100800	6
33717	-1851508800	14.5
33717	-1848830400	23.3
33717	-1846238400	25.6
33717	-1843560000	17.3
33717	-1840881600	10.5
33717	-1838289600	1.9
33717	-1835611200	0
33717	-1833019200	-10.1
33717	-1830340800	-9.8
33717	-1827662400	-16.4
33717	-1825156800	-6.1
33717	-1822478400	4.3
33717	-1819886400	14
33717	-1817208000	22.1
33717	-1814616000	20.3
33717	-1811937600	19.3
33717	-1809259200	14.3
33717	-1806667200	2.2
33717	-1803988800	-2
33717	-1801396800	-9.4
33717	-1798718400	-9.3
33717	-1796040000	-17.8
33717	-1793620800	-4.1
33717	-1790942400	4.3
33717	-1788350400	12.2
33717	-1785672000	17.3
33717	-1783080000	22.1
33717	-1780401600	22.5
33717	-1777723200	13.9
33717	-1775131200	1.8
33717	-1772452800	0.4
33717	-1769860800	-5
33717	-1767182400	-10.3
33717	-1764504000	-6.5
33717	-1762084800	-3.3
33717	-1759406400	2.9
33717	-1756814400	15.8
33717	-1754136000	17.9
33717	-1751544000	21.8
33717	-1748865600	18.8
33717	-1746187200	11.6
33717	-1743595200	3.5
33717	-1740916800	-7.5
33717	-1738324800	-10.7
33717	-1735646400	-10.5
33717	-1732968000	-9.9
33717	-1730548800	-6.9
33717	-1727870400	7.1
33717	-1725278400	14.6
33717	-1722600000	19.1
33717	-1720008000	22
33717	-1717329600	18.2
33717	-1714651200	13.9
33717	-1712059200	2.2
33717	-1709380800	-2.1
33717	-1706788800	-8.3
33717	-1704110400	-11.4
33717	-1701432000	-15.2
33717	-1698926400	-9.7
33717	-1696248000	6.5
33717	-1693656000	15.6
33717	-1690977600	19.7
33717	-1688385600	19.7
33717	-1685707200	18.7
33717	-1683028800	12.6
33717	-1680436800	5.2
33717	-1677758400	-4.6
33717	-1675166400	-12
33717	-1672488000	-12.8
33717	-1669809600	-18.6
33717	-1667390400	-9.9
33717	-1664712000	9.1
33717	-1662120000	12.8
33717	-1659441600	17.8
33717	-1656849600	22.7
33717	-1654171200	19.9
33717	-1651492800	13.4
33717	-1648900800	5.9
33717	-1646222400	-0.2
33717	-1643630400	-10.7
33717	-1640952000	-11.1
33717	-1638273600	-15.5
33717	-1635854400	-10.5
33717	-1633176000	0.7
33717	-1630584000	8.3
33717	-1627905600	18.6
33717	-1625313600	20.8
33717	-1622635200	18.8
33717	-1619956800	13.5
33717	-1617364800	6.7
33717	-1614686400	-4
33717	-1612094400	-16.9
33717	-1609416000	-18.9
33717	-1606737600	-15.3
33717	-1604318400	-11.5
33717	-1601640000	7.5
33717	-1599048000	11.5
33717	-1596369600	18.6
33717	-1593777600	21.7
33717	-1591099200	19.2
33717	-1588420800	13.4
33717	-1585828800	7
33717	-1583150400	-7.2
33717	-1580558400	-11.4
33717	-1577880000	-12
33717	-1575201600	-19.6
33717	-1572696000	-5.5
33717	-1570017600	7.9
33717	-1567425600	16.4
33717	-1564747200	20.9
33717	-1562155200	21.5
33717	-1559476800	21.4
33717	-1556798400	13.9
33717	-1554206400	0.5
33717	-1551528000	-8.7
33717	-1548936000	-17.1
33717	-1546257600	-11.9
33717	-1543579200	-15
33717	-1541160000	-7.1
33717	-1538481600	5.5
33717	-1535889600	17.8
33717	-1533211200	25.3
33717	-1530619200	21.6
33717	-1527940800	19.9
33717	-1525262400	11.3
33717	-1522670400	3.9
33717	-1519992000	-4.5
33717	-1517400000	-12.8
33717	-1514721600	-15.6
33717	-1512043200	-18.3
33717	-1509624000	-4.1
33717	-1506945600	5.4
33717	-1504353600	15.3
33717	-1501675200	17.6
33717	-1499083200	22.2
33717	-1496404800	18.4
33717	-1493726400	11.8
33717	-1491134400	3.5
33717	-1488456000	-0.7
33717	-1485864000	-8.4
33717	-1483185600	-16.9
33717	-1480507200	-15.9
33717	-1478088000	-7.5
33717	-1475409600	-0.8
33717	-1472817600	14.8
33717	-1470139200	21.6
33717	-1467547200	22.6
33717	-1464868800	19.5
33717	-1462190400	14.3
33717	-1459598400	7.5
33717	-1456920000	0.5
33717	-1454328000	-11.6
33717	-1451649600	-13.8
33717	-1448971200	-15.7
33717	-1446465600	-9
33717	-1443787200	5.7
33717	-1441195200	15.1
33717	-1438516800	22.3
33717	-1435924800	21.1
33717	-1433246400	18.6
33717	-1430568000	14.9
33717	-1427976000	4.5
33717	-1425297600	-3.2
33717	-1422705600	-8.6
33717	-1420027200	-11.2
33717	-1417348800	-8.3
33717	-1414929600	-2.2
33717	-1412251200	4.6
33717	-1409659200	15.8
33717	-1406980800	19.9
33717	-1404388800	22.8
33717	-1401710400	22.1
33717	-1399032000	14.6
33717	-1396440000	4.7
33717	-1393761600	-1.3
33717	-1391169600	-7.2
33717	-1388491200	-12.7
33717	-1385812800	-16.2
33717	-1383393600	-4.9
33717	-1380715200	-0.6
33717	-1378123200	12.9
33717	-1375444800	18.4
33717	-1372852800	17.3
33717	-1370174400	17.4
33717	-1367496000	12.7
33717	-1364904000	4.7
33717	-1362225600	-1.4
33717	-1359633600	-5.3
33717	-1356955200	-16.9
33717	-1354276800	-13.3
33717	-1351857600	-10.9
33717	-1349179200	5.4
33717	-1346587200	15.5
33717	-1343908800	21.3
33717	-1341316800	24.4
33717	-1338638400	20.8
33717	-1335960000	14
33717	-1333368000	6.8
33717	-1330689600	-4.2
33717	-1328097600	-15.3
33717	-1325419200	-15.3
33717	-1322740800	-12.8
33717	-1320235200	-13.1
33717	-1317556800	2.5
33717	-1314964800	13.1
33717	-1312286400	17
33717	-1309694400	20.5
33717	-1307016000	17.2
33717	-1304337600	13.2
33717	-1301745600	4.5
33717	-1299067200	-0.8
33717	-1296475200	-11.7
33717	-1293796800	-17.3
33717	-1291118400	-21.3
33717	-1288699200	-6.9
33717	-1286020800	2.4
33717	-1283428800	14.6
33717	-1280750400	19.6
33717	-1278158400	24.3
33717	-1275480000	21.7
33717	-1272801600	10.8
33717	-1270209600	5.8
33717	-1267531200	-3
33717	-1264939200	-18.9
33717	-1262260800	-13.3
33717	-1259582400	-16.3
33717	-1257163200	-2
33717	-1254484800	6.3
33717	-1251892800	15.7
33717	-1249214400	18.7
33717	-1246622400	21.8
33717	-1243944000	23.3
33717	-1241265600	11.3
33717	-1238673600	4.9
33717	-1235995200	-1.5
33717	-1233403200	-17.1
33717	-1230724800	-17.6
33717	-1228046400	-21.5
33717	-1225627200	-7.9
33717	-1222948800	5.7
33717	-1220356800	15.5
33717	-1217678400	21.6
33717	-1215086400	27.7
33717	-1212408000	19
33717	-1209729600	14.2
33717	-1207137600	6.2
33717	-1204459200	-4
33717	-1201867200	-12.3
33717	-1199188800	-9.7
33717	-1196510400	-17.6
33717	-1194004800	-8.1
33717	-1191326400	5.9
33717	-1188734400	16
33717	-1186056000	20.9
33717	-1183464000	20.3
33717	-1180785600	20.8
33717	-1178107200	13.2
33717	-1175515200	6.1
33717	-1172836800	-5.6
33717	-1170244800	-9
33717	-1167566400	-17.6
33717	-1164888000	-19
33717	-1162468800	-9.7
33717	-1159790400	7.4
33717	-1157198400	14.4
33717	-1154520000	20.3
33717	-1151928000	24.7
33717	-1149249600	18.8
33717	-1146571200	14.8
33717	-1143979200	3.4
33717	-1141300800	-3.6
33717	-1138708800	-16.6
33717	-1136030400	-17.6
33717	-1133352000	-10.4
33717	-1130932800	-11.3
33717	-1128254400	0.4
33717	-1125662400	16
33717	-1122984000	16.5
33717	-1120392000	21.3
33717	-1117713600	20.9
33717	-1115035200	11
33717	-1112443200	6.1
33717	-1109764800	-4.3
33717	-1107172800	-16.6
33717	-1104494400	-16.6
33717	-1101816000	-8.5
33717	-1099396800	-9.6
33717	-1096718400	7.1
33717	-1094126400	15.2
33717	-1091448000	17.6
33717	-1088856000	20.4
33717	-1086177600	21.3
33717	-1083499200	13.4
33717	-1080907200	9
33717	-1078228800	-6.8
33717	-1075636800	-12.3
33717	-1072958400	-13.2
33717	-1070280000	-14.9
33717	-1067774400	-10.3
33717	-1065096000	3.8
33717	-1062504000	12.6
33717	-1059825600	23.1
33717	-1057233600	22.9
33717	-1054555200	22.1
33717	-1051876800	13.6
33717	-1049284800	6.6
33717	-1046606400	-1.2
33717	-1044014400	-5.4
33717	-1041336000	-15.2
33717	-1038657600	-16
33717	-1036238400	-4.6
33717	-1033560000	6.3
33717	-1030968000	11.6
33717	-1028289600	19.1
33717	-1025697600	23.1
33717	-1023019200	22.1
33717	-1020340800	17.2
33717	-1017748800	6.4
33717	-1015070400	-3.7
33717	-1012478400	-11.5
33717	-1009800000	-12.9
33717	-1007121600	-12.2
33717	-1004702400	-7.5
33717	-1002024000	8.7
33717	-999432000	15.3
33717	-996753600	19.7
33717	-994161600	21.2
33717	-991483200	22.4
33717	-988804800	16.8
33717	-986212800	7
33717	-983534400	-2.1
33717	-980942400	-19
33717	-978264000	-17.9
33717	-975585600	-10.9
33717	-973166400	-5.5
33717	-970488000	6.9
33717	-967896000	15.5
33717	-965217600	23.5
33717	-962625600	23.1
33717	-959947200	18.5
33717	-957268800	10.8
33717	-954676800	1.5
33717	-951998400	-2.7
33717	-949406400	-8
33717	-946728000	-19.4
33717	-944049600	-16.9
33717	-941544000	-4.3
33717	-938865600	9.1
33717	-936273600	12.3
33717	-933595200	19.1
33717	-931003200	25.1
33717	-928324800	24.9
33717	-925646400	16.7
33717	-923054400	1.2
33717	-920376000	0
33717	-917784000	-9.5
33717	-915105600	-18.3
33717	-912427200	-12.7
33717	-910008000	-7.4
33717	-907329600	3.6
33717	-904737600	11.3
33717	-902059200	17.2
33717	-899467200	20.5
33717	-896788800	20
33717	-894110400	14
33717	-891518400	3.1
33717	-888840000	-8.8
33717	-886248000	-13.2
33717	-883569600	-17
33717	-880891200	-18.7
33717	-878472000	-11.7
33717	-875793600	0.8
33717	-873201600	14.2
33717	-870523200	19.1
33717	-867931200	22.2
33717	-865252800	20.2
33717	-862574400	12.5
33717	-859982400	5.4
33717	-857304000	-6.4
33717	-854712000	-10.8
33717	-852033600	-18.4
33717	-849355200	-15.6
33717	-846936000	-8.9
33717	-844257600	7.9
33717	-841665600	18.9
33717	-838987200	19
33717	-836395200	22.9
33717	-833716800	19.7
33717	-831038400	12.8
33717	-828446400	4.3
33717	-825768000	-6.2
33717	-823176000	-10.2
33717	-820497600	-8.6
33717	-817819200	-8
33717	-815313600	-2.1
33717	-812635200	7.4
33717	-810043200	16.2
33717	-807364800	18.2
33717	-804772800	20.5
33717	-802094400	17.5
33717	-799416000	15.4
33717	-796824000	5.3
33717	-794145600	-6.4
33717	-791553600	-14.9
33717	-788875200	-15.7
33717	-786196800	-19.9
33717	-783777600	-6.9
33717	-781099200	4
33717	-778507200	9.8
33717	-775828800	18.9
33717	-773236800	19.5
33717	-770558400	20.8
33717	-767880000	11.8
33717	-765288000	3
33717	-762609600	-7
33717	-760017600	-11.4
33717	-757339200	-12.2
33717	-754660800	-4.9
33717	-752241600	-7.8
33717	-749563200	5.2
33717	-746971200	15.1
33717	-744292800	19.3
33717	-741700800	18.7
33717	-739022400	20.5
33717	-736344000	14.1
33717	-733752000	1.5
33717	-731073600	-4.5
33717	-728481600	-13.3
33717	-725803200	-16.2
33717	-723124800	-14.6
33717	-720705600	-1.7
33717	-718027200	7.8
33717	-715435200	11.3
33717	-712756800	16.3
33717	-710164800	19.7
33717	-707486400	18.5
33717	-704808000	13.7
33717	-702216000	5.4
33717	-699537600	-0.4
33717	-696945600	-9.9
33717	-694267200	-6.7
33717	-691588800	-12
33717	-689083200	-8
33717	-686404800	1.5
33717	-683812800	18
33717	-681134400	24.1
33717	-678542400	20.5
33717	-675864000	20.9
33717	-673185600	12.8
33717	-670593600	5.6
33717	-667915200	-2
33717	-665323200	-12.8
33717	-662644800	-10.4
33717	-659966400	-12.4
33717	-657547200	-10
33717	-654868800	2.5
33717	-652276800	16.7
33717	-649598400	21.9
33717	-647006400	22.2
33717	-644328000	20
33717	-641649600	12
33717	-639057600	3.6
33717	-636379200	-5.1
33717	-633787200	-13.7
33717	-631108800	-21.7
33717	-628430400	-13.6
33717	-626011200	-6.8
33717	-623332800	8.9
33717	-620740800	15
33717	-618062400	17.1
33717	-615470400	18.9
33717	-612792000	17.7
33717	-610113600	14.8
33717	-607521600	4.7
33717	-604843200	-4.5
33717	-602251200	-12.4
33717	-599572800	-18.3
33717	-596894400	-20.6
33717	-594475200	-5.5
33717	-591796800	12.8
33717	-589204800	15.3
33717	-586526400	20.5
33717	-583934400	23.5
33717	-581256000	22.8
33717	-578577600	14.6
33717	-575985600	3.1
33717	-573307200	-8.4
33717	-570715200	-6.9
33717	-568036800	-13.8
33717	-565358400	-12.1
33717	-562852800	-9.1
33717	-560174400	0.9
33717	-557582400	17
33717	-554904000	21.3
33717	-552312000	24.4
33717	-549633600	21.3
33717	-546955200	15.1
33717	-544363200	5.1
33717	-541684800	-6.2
33717	-539092800	-13.3
33717	-536414400	-13.5
33717	-533736000	-13.7
33717	-531316800	-5.9
33717	-528638400	6.7
33717	-526046400	15.2
33717	-523368000	19.2
33717	-520776000	23.3
33717	-518097600	23
33717	-515419200	13.6
33717	-512827200	2.8
33717	-510148800	-9.1
33717	-507556800	-10.3
33717	-504878400	-18.4
33717	-502200000	-24.4
33717	-499780800	-10.3
33717	-497102400	2.3
33717	-494510400	15.6
33717	-491832000	21.1
33717	-489240000	25.4
33717	-486561600	21.5
33717	-483883200	15.3
33717	-481291200	6.8
33717	-478612800	-1.4
33717	-476020800	-9.8
33717	-473342400	-10.5
33717	-470664000	-10.5
33717	-468244800	-10.1
33717	-465566400	6
33717	-462974400	17.1
33717	-460296000	23.7
33717	-457704000	21.4
33717	-455025600	19.7
33717	-452347200	14.3
33717	-449755200	7.7
33717	-447076800	-6.1
33717	-444484800	-14.2
33717	-441806400	-14.6
33717	-439128000	-19.8
33717	-436622400	-11.1
33717	-433944000	6.7
33717	-431352000	13.7
33717	-428673600	19.9
33717	-426081600	19.9
33717	-423403200	20.7
33717	-420724800	9.5
33717	-418132800	6.5
33717	-415454400	-5.6
33717	-412862400	-8.2
33717	-410184000	-17.4
33717	-407505600	-11.2
33717	-405086400	-8.5
33717	-402408000	4.3
33717	-399816000	20
33717	-397137600	22.2
33717	-394545600	21.5
33717	-391867200	20.3
33717	-389188800	18.6
33717	-386596800	4.7
33717	-383918400	-7
33717	-381326400	-6.7
33717	-378648000	-10.7
33717	-375969600	-7.4
33717	-373550400	-7.8
33717	-370872000	2.7
33717	-368280000	14.6
33717	-365601600	21.1
33717	-363009600	21.3
33717	-360331200	21
33717	-357652800	10.2
33717	-355060800	5.1
33717	-352382400	-3.3
33717	-349790400	-12.9
33717	-347112000	-10.9
33717	-344433600	-13.1
33717	-342014400	-8.1
33717	-339336000	6.5
33717	-336744000	16.4
33717	-334065600	18.7
33717	-331473600	22.1
33717	-328795200	18.8
33717	-326116800	11.8
33717	-323524800	2.1
33717	-320846400	-6.1
33717	-318254400	-16.5
33717	-315576000	-10.1
33717	-312897600	-13
33717	-310392000	-11.6
33717	-307713600	6.5
33717	-305121600	10.6
33717	-302443200	20.9
33717	-299851200	20.2
33717	-297172800	19.8
33717	-294494400	12.9
33717	-291902400	3.7
33717	-289224000	-8.4
33717	-286632000	-7.5
33717	-283953600	-13
33717	-281275200	-11.1
33717	-278856000	-2.7
33717	-276177600	6.2
33717	-273585600	17.2
33717	-270907200	20.5
33717	-268315200	21.7
33717	-265636800	20.4
33717	-262958400	12.1
33717	-260366400	5.4
33717	-257688000	-3.9
33717	-255096000	-5.7
33717	-252417600	-10.5
33717	-249739200	-9.7
33717	-247320000	-0.3
33717	-244641600	9.1
33717	-242049600	16
33717	-239371200	18.9
33717	-236779200	23.3
33717	-234100800	17.5
33717	-231422400	13.8
33717	-228830400	3.8
33717	-226152000	-2.8
33717	-223560000	-10.2
33717	-220881600	-12.9
33717	-218203200	-11.4
33717	-215784000	-9.6
33717	-213105600	4.8
33717	-210513600	16.2
33717	-207835200	19
33717	-205243200	21.9
33717	-202564800	18.4
33717	-199886400	14.2
33717	-197294400	7.5
33717	-194616000	-0.8
33717	-192024000	-11.8
33717	-189345600	-12.9
33717	-186667200	-16.4
33717	-184161600	-9.6
33717	-181483200	1
33717	-178891200	13.7
33717	-176212800	18.1
33717	-173620800	20.4
33717	-170942400	18.2
33717	-168264000	14
33717	-165672000	3.7
33717	-162993600	-1.5
33717	-160401600	-7.7
33717	-157723200	-12.6
33717	-155044800	-13.8
33717	-152625600	-1.7
33717	-149947200	4.3
33717	-147355200	15
33717	-144676800	19.5
33717	-142084800	22.2
33717	-139406400	19.1
33717	-136728000	15.3
33717	-134136000	3.7
33717	-131457600	-4.4
33717	-128865600	-6.5
33717	-126187200	-12.5
33717	-123508800	-10.1
33717	-121089600	-2.8
33717	-118411200	7.6
33717	-115819200	14.8
33717	-113140800	18.1
33717	-110548800	24.4
33717	-107870400	22.4
33717	-105192000	13.2
33717	-102600000	3.4
33717	-99921600	-2.7
33717	-97329600	-15.5
33717	-94651200	-13.9
33717	-91972800	-16.6
33717	-89553600	-3.1
33717	-86875200	11.7
33717	-84283200	19.2
33717	-81604800	21.1
33717	-79012800	22.1
33717	-76334400	22.9
33717	-73656000	11.1
33717	-71064000	7.4
33717	-68385600	0.4
33717	-65793600	-8.6
33717	-63115200	-13.2
33717	-60436800	-14.8
33717	-57931200	-5.5
33717	-55252800	5.4
33717	-52660800	17.4
33717	-49982400	17.9
33717	-47390400	18.9
33717	-44712000	20.2
33717	-42033600	13.6
33717	-39441600	3
33717	-36763200	-4.5
33717	-34171200	-15.2
33717	-31492800	-24.8
33717	-28814400	-20.1
33717	-26395200	-12.8
33717	-23716800	6
33717	-21124800	11.7
33717	-18446400	18.7
33717	-15854400	20.2
33717	-13176000	19.2
33717	-10497600	14.9
33717	-7905600	3.1
33717	-5227200	-1.1
33717	-2635200	-10.4
33717	43200	-16.7
33717	2721600	-10.9
33717	5140800	-5.7
33717	7819200	7.9
33717	10411200	15.1
33717	13089600	17.2
33717	15681600	22
33717	18360000	18.9
33717	21038400	14.4
33717	23630400	4.4
33717	26308800	-3
33717	28900800	-15.7
33717	31579200	-9.6
33717	34257600	-16.5
33717	36676800	-8.7
33717	39355200	4.4
33717	41947200	13.1
33717	44625600	18.9
33717	47217600	23.6
33717	49896000	19.2
33717	52574400	18.5
33717	55166400	5
33717	57844800	1.1
33717	60436800	-7.4
33717	63115200	-23.2
33717	65793600	-15.1
33717	68299200	-9.4
33717	70977600	8.8
33717	73569600	15.4
33717	76248000	19.5
33717	78840000	23.4
33717	81518400	23
33717	84196800	12.6
33717	86788800	5
33717	89467200	-1.2
33717	92059200	-8.4
33717	94737600	-17.7
33717	97416000	-10
33717	99835200	-4.4
33717	102513600	9.6
33717	105105600	16.7
33717	107784000	20.2
33717	110376000	19.4
33717	113054400	18.3
33717	115732800	8.8
33717	118324800	3.8
33717	121003200	-0.9
33717	123595200	-5.8
33717	126273600	-18.6
33717	128952000	-13.8
33717	131371200	-2
33717	134049600	7.3
33717	136641600	16.2
33717	139320000	18.5
33717	141912000	23.1
33717	144590400	18.8
33717	147268800	15.3
33717	149860800	9.9
33717	152539200	-3.6
33717	155131200	-9.4
33717	157809600	-9.5
33717	160488000	-14.1
33717	162907200	-4.1
33717	165585600	11.9
33717	168177600	17.8
33717	170856000	23.2
33717	173448000	24.4
33717	176126400	20.2
33717	178804800	16.9
33717	181396800	3.1
33717	184075200	-5.2
33717	186667200	-6.4
33717	189345600	-10.9
33717	192024000	-18.9
33717	194529600	-11.1
33717	197208000	7.1
33717	199800000	15.9
33717	202478400	20.2
33717	205070400	19.3
33717	207748800	21.8
33717	210427200	12.2
33717	213019200	-3.2
33717	215697600	-6.5
33717	218289600	-14.8
33717	220968000	-19.4
33717	223646400	-14.3
33717	226065600	-1.2
33717	228744000	9.9
33717	231336000	18.2
33717	234014400	22.7
33717	236606400	22.4
33717	239284800	19.6
33717	241963200	12.9
33717	244555200	2.1
33717	247233600	-1.5
33717	249825600	-11.2
33717	252504000	-12
33717	255182400	-14
33717	257601600	-4
33717	260280000	5.8
33717	262872000	13.3
33717	265550400	18.4
33717	268142400	20.3
33717	270820800	18.7
33717	273499200	14.2
33717	276091200	3.1
33717	278769600	-2.7
33717	281361600	-14.8
33717	284040000	-16.5
33717	286718400	-11
33717	289137600	-4.1
33717	291816000	2.2
33717	294408000	18.2
33717	297086400	15.8
33717	299678400	21.5
33717	302356800	21
33717	305035200	14.1
33717	307627200	4.1
33717	310305600	-4.3
33717	312897600	-5.5
33717	315576000	-15.9
33717	318254400	-16.6
33717	320760000	-10.5
33717	323438400	6.5
33717	326030400	16.6
33717	328708800	19.4
33717	331300800	22.5
33717	333979200	17.6
33717	336657600	12.8
33717	339249600	4.8
33717	341928000	-4
33717	344520000	-5.9
33717	347198400	-11.8
33717	349876800	-10.1
33717	352296000	-6.1
33717	354974400	3.9
33717	357566400	13.1
33717	360244800	21.4
33717	362836800	24.6
33717	365515200	22.1
33717	368193600	13.7
33717	370785600	6.9
33717	373464000	-1.5
33717	376056000	-6
33717	378734400	-11.3
33717	381412800	-16.8
33717	383832000	-7.1
33717	386510400	8.8
33717	389102400	15.3
33717	391780800	18.8
33717	394372800	22.6
33717	397051200	19.9
33717	399729600	15.4
33717	402321600	4.4
33717	4.05e+08	-2.5
33717	407592000	-4.5
33717	410270400	-6.9
33717	412948800	-5.3
33717	415368000	-6.5
33717	418046400	10.7
33717	420638400	13.9
33717	423316800	18.5
33717	425908800	23.2
33717	428587200	19.2
33717	431265600	13.3
33717	433857600	5.6
33717	436536000	-2.7
33717	439128000	-6.9
33717	441806400	-10.6
33717	444484800	-15.7
33717	446990400	-4.5
33717	449668800	4.2
33717	452260800	17.4
33717	454939200	20.2
33717	457531200	25.6
33717	460209600	18.4
33717	462888000	13.7
33717	465480000	5.8
33717	468158400	-4
33717	470750400	-17.2
33717	473428800	-13.6
33717	476107200	-12.5
33717	478526400	-8.5
33717	481204800	5.4
33717	483796800	14.6
33717	486475200	20.3
33717	489067200	20.1
33717	491745600	21.3
33717	494424000	15
33717	497016000	3.5
33717	499694400	-3.3
33717	502286400	-9.2
33717	504964800	-10
33717	507643200	-15.1
33717	510062400	-7.6
33717	512740800	8.5
33717	515332800	13.6
33717	518011200	20.2
33717	520603200	19.8
33717	523281600	19.3
33717	525960000	13
33717	528552000	4.3
33717	531230400	-6.3
33717	533822400	-11.6
33717	536500800	-16.2
33717	539179200	-11
33717	541598400	-9.7
33717	544276800	1.7
33717	546868800	17.3
33717	549547200	22.8
33717	552139200	21.4
33717	554817600	19
33717	557496000	11.8
33717	560088000	2.9
33717	562766400	-8.1
33717	565358400	-11
33717	568036800	-14.3
33717	570715200	-14.9
33717	573220800	-5.5
33717	575899200	7.1
33717	578491200	14.2
33717	581169600	23.2
33717	583761600	24.6
33717	586440000	22.4
33717	589118400	14
33717	591710400	5.4
33717	594388800	-5.2
33717	596980800	-9.1
33717	599659200	-10.9
33717	602337600	-10.3
33717	604756800	-5.2
33717	607435200	4.8
33717	610027200	14.9
33717	612705600	22.7
33717	615297600	23.8
33717	617976000	19.2
33717	620654400	14.3
33717	623246400	6.2
33717	625924800	-2.8
33717	628516800	-7.9
33717	631195200	-13.2
33717	633873600	-9.2
33717	636292800	0.5
33717	638971200	8.3
33717	641563200	13.6
33717	644241600	20.1
33717	646833600	20.5
33717	649512000	17.4
33717	652190400	13
33717	654782400	4.8
33717	657460800	-1.9
33717	660052800	-7.6
33717	662731200	-10.8
33717	665409600	-12.2
33717	667828800	-6
33717	670507200	10.3
33717	673099200	17.3
33717	675777600	21.5
33717	678369600	22.4
33717	681048000	19
33717	683726400	14.1
33717	686318400	10.6
33717	688996800	-2.5
33717	691588800	-12.3
33717	694267200	-9
33717	696945600	-11.1
33717	699451200	-7
33717	702129600	6.1
33717	704721600	13.5
33717	707400000	18.5
33717	709992000	19.1
33717	712670400	17
33717	715348800	14.7
33717	717940800	4.1
33717	720619200	-1.5
33717	723211200	-10.8
33717	725889600	-8
33717	728568000	-14
33717	730987200	-7.2
33717	733665600	4.3
33717	736257600	14.4
33717	738936000	18.2
33717	741528000	21.2
33717	744206400	19.3
33717	746884800	9.4
33717	749476800	4.7
33717	752155200	-12.1
33717	754747200	-10.2
33717	757425600	-10.7
33717	760104000	-19.4
33717	762523200	-9.7
33717	765201600	5.5
33717	767793600	14.3
33717	770472000	18.7
33717	773064000	17.1
33717	775742400	18.2
33717	778420800	15.3
33717	781012800	7.4
33717	783691200	-2.8
33717	786283200	-11.2
33717	788961600	-14.1
33717	791640000	-7
33717	794059200	-1.3
33717	796737600	14.4
33717	799329600	17.5
33717	802008000	23.3
33717	804600000	23.4
33717	807278400	20.6
33717	809956800	14.3
33717	812548800	7.1
33717	815227200	-0.9
33717	817819200	-12
33717	820497600	-19.1
33717	823176000	-13.7
33717	825681600	-9.9
33717	828360000	1.6
33717	830952000	17.1
33717	833630400	22.4
33717	836222400	23.7
33717	838900800	19.3
33717	841579200	13.3
33717	844171200	3.9
33717	846849600	-2.1
33717	849441600	-12.3
33717	852120000	-15.4
33717	854798400	-10.4
33717	857217600	-2
33717	859896000	7.5
33717	862488000	14.8
33717	865166400	21.9
33717	867758400	19.7
33717	870436800	18.4
33717	873115200	13.3
33717	875707200	8.7
33717	878385600	-5.3
33717	880977600	-13.5
33717	883656000	-13.5
33717	886334400	-13.2
33717	888753600	-5.5
33717	891432000	2.6
33717	894024000	15.7
33717	896702400	24.7
33717	899294400	25.3
33717	901972800	21.8
33717	904651200	13.8
33717	907243200	7.1
33717	909921600	-7
33717	912513600	-7.4
33717	915192000	-8.3
33717	917870400	-7.1
33717	920289600	-9.9
33717	922968000	8.6
33717	925560000	13.4
33717	928238400	19.3
33717	930830400	23.3
33717	933508800	22.2
33717	936187200	12.9
33717	938779200	8.7
33717	941457600	-7.1
33717	944049600	-4.4
33717	946728000	-8
33717	949406400	-6.4
33717	951912000	-4.4
33717	954590400	10.9
33717	957182400	11.1
33717	959860800	20.2
33717	962452800	22.2
33717	965131200	21
33717	967809600	12.2
33717	970401600	4.4
33717	973080000	-3.6
33717	975672000	-6
33717	978350400	-8
33717	981028800	-11
33717	983448000	-2
33717	986126400	9.8
33717	988718400	16.6
33717	991396800	18.5
33717	993988800	22.7
33717	996667200	19.1
33717	999345600	13
33717	1001937600	4
33717	1004616000	-1.1
33717	1007208000	-11.4
33717	1009886400	-6.8
33717	1012564800	-3.5
33717	1014984000	0.7
33717	1017662400	5
33717	1020254400	11.2
33717	1022932800	17.7
33717	1025524800	23.4
33717	1028203200	17.8
33717	1030881600	15.7
33717	1033473600	5.7
33717	1036152000	-0.4
33717	1038744000	-19.5
33717	1041422400	-11.2
33717	1044100800	-13
33717	1046520000	-9.3
33717	1049198400	5
33717	1051790400	15
33717	1054468800	15.7
33717	1057060800	20.9
33717	1059739200	22
33717	1062417600	15.3
33717	1065009600	7
33717	1067688000	-2.7
33717	1070280000	-4.8
33717	1072958400	-9.6
33717	1075636800	-9.1
33717	1078142400	-3.1
33717	1080820800	6.1
33717	1083412800	16.4
33717	1086091200	20.4
33717	1088683200	21.4
33717	1091361600	21.1
33717	1094040000	16
33717	1096632000	6.1
33717	1099310400	0.2
33717	1101902400	-8.2
33717	1104580800	-11.5
33717	1107259200	-16.3
33717	1109678400	-5.7
33717	1112356800	6.3
33717	1114948800	18.3
33717	1117627200	20.3
33717	1120219200	22.2
33717	1122897600	19.8
33717	1125576000	15.7
33717	1128168000	7.7
33717	1130846400	-1.4
33717	1133438400	-7
33717	1136116800	-19.3
33717	1138795200	-11.5
33717	1141214400	-1.4
33717	1143892800	9.2
33717	1146484800	15.3
33717	1149163200	23.4
33717	1151755200	19.8
33717	1154433600	21.6
33717	1157112000	14.7
33717	1159704000	6.1
33717	1162382400	-3.5
33717	1164974400	-5.1
33717	1167652800	-3.1
33717	1170331200	-9.3
33717	1172750400	-5.3
33717	1175428800	6.4
33717	1178020800	16.5
33717	1180699200	18.8
33717	1183291200	21.3
33717	1185969600	24.3
33717	1188648000	15.7
33717	1191240000	6.3
33717	1193918400	-5.4
33717	1196510400	-16.3
33717	1199188800	-15.5
33717	1201867200	-10.8
33717	1204372800	0.9
33717	1207051200	10.5
33717	1209643200	15.6
33717	1212321600	18.8
33717	1214913600	23.7
33717	1217592000	22.5
33717	1220270400	12.2
33717	1222862400	6.8
33717	1225540800	1.5
33717	1228132800	-8.2
33717	1230811200	-13.3
33717	1233489600	-10.8
33717	1235908800	-1.9
33717	1238587200	5.3
33717	1241179200	15.1
33717	1243857600	22.8
33717	1246449600	22.3
33717	1249128000	19.3
33717	1251806400	16
33717	1254398400	7.2
33717	1257076800	-0.9
33717	1259668800	-10.5
33717	1262347200	-18.7
33717	1265025600	-15.2
33717	1267444800	-5.5
33717	1270123200	7.4
33717	1272715200	18.5
33717	1275393600	24.8
33717	1277985600	26.4
33717	1280664000	25
33717	1283342400	16
33717	1285934400	4.8
33717	1288612800	2.5
33717	1291204800	-4.8
33717	1293883200	-13.9
33717	1296561600	-16.4
33717	1298980800	-7
33717	1301659200	6.9
33717	1304251200	15.9
33717	1306929600	18.9
33717	1309521600	25.8
33717	1312200000	20.3
33717	1314878400	14.9
33717	1317470400	6.5
33717	1320148800	-6.8
33717	1322740800	-11.7
33717	1325419200	-11.9
33717	1328097600	-16.9
33717	1330603200	-5.7
33717	1333281600	15.2
33717	1335873600	18.6
33717	1338552000	23.7
33717	1341144000	24.9
33717	1343822400	24.8
33717	1346500800	14.4
33717	1349092800	8.2
33717	1351771200	0.5
33717	1354363200	-10.7
33717	1357041600	-12.3
33717	1359720000	-10.9
33717	1362139200	-3.5
33717	1364817600	10.4
33717	1367409600	17.4
33717	1370088000	22.1
33717	1372680000	22.5
33717	1375358400	20.6
33717	1378036800	14.6
33717	1380628800	6.3
33718	539179200	-11.4
33718	541598400	-13.8
33718	544276800	-1.5
33718	546868800	15.5
33719	-1798718400	-9.7
33719	-1796040000	-17.2
33719	-1793620800	-5.3
33719	-1790942400	4.2
33719	-1788350400	12.6
33719	-1785672000	17.6
33719	-1783080000	23.6
33719	-1780401600	22
33719	-1777723200	14.2
33719	-1775131200	2.5
33719	-1772452800	0.6
33719	-1769860800	-4.5
33719	-1767182400	-10.2
33720	-3518683200	21.2
33720	-3516004800	13.3
33720	-3513326400	9
33721	-1809259200	9.8
33721	-1806667200	-1.6
33721	-1803988800	-5.5
33721	-1801396800	-17.2
33721	-1798718400	-14.1
33721	-1796040000	-19
33721	-1793620800	-6.3
33721	-1790942400	-1.3
33721	-1788350400	8.8
33721	-1785672000	14.3
33721	-1783080000	17.1
33721	-1780401600	17.1
33721	-1777723200	9.5
33721	-1775131200	-0.9
33721	-1772452800	-3
33721	-1769860800	-8.7
33721	-1767182400	-11.7
33721	-1764504000	-9.6
33721	-1762084800	-7.3
33721	-1759406400	-1.9
33721	-1756814400	11.9
33721	-1754136000	14.1
33721	-1751544000	16.9
33721	-1748865600	15.8
33721	-1746187200	8.1
33721	-1743595200	-0.3
33721	-1740916800	-9.8
33721	-1738324800	-15.6
33721	-1735646400	-15.7
33721	-1732968000	-11.2
33721	-1730548800	-10.7
33721	-1727870400	4.8
33721	-1725278400	11.4
33721	-1722600000	16.9
33721	-1720008000	17
33721	-1717329600	14.5
33721	-1714651200	10.4
33722	554817600	19.1
33722	557496000	11.6
33722	560088000	2.4
33722	562766400	-9.7
33722	565358400	-12.4
33722	568036800	-16.5
33722	570715200	-18.4
33722	573220800	-8.6
33723	-1762084800	-3.1
33723	-1759406400	4.9
33723	-1756814400	17.8
33723	-1754136000	19.5
33723	-1751544000	21.4
33723	-1748865600	20.1
33723	-1746187200	11.6
33723	-1743595200	4
33723	-1740916800	-8.3
33723	-1738324800	-13.3
33723	-1735646400	-11.6
33723	-1732968000	-11.1
33723	-1730548800	-6.1
33723	-1727870400	6.7
33723	-1725278400	15.4
33723	-1722600000	19.8
33723	-1720008000	21.5
33723	-1717329600	19.7
33723	-1714651200	13.9
33723	-1712059200	2.6
33723	-1709380800	-2.2
33723	-1706788800	-8.1
33723	-1704110400	-13.1
33723	-1701432000	-15.4
33723	-1698926400	-11
33723	-1696248000	5.5
33723	-1693656000	17.1
33723	-1690977600	19.8
33723	-1688385600	21.9
33723	-1685707200	20
33723	-1683028800	13.6
33723	-1680436800	6.1
33723	-1677758400	-8
33723	-1675166400	-12.4
33723	-1672488000	-14.5
33723	-1669809600	-17.6
33723	-1667390400	-10.7
33724	320760000	-11.9
33724	323438400	4.8
33724	326030400	17
33724	328708800	18.6
33724	331300800	22.3
33724	333979200	16.9
33724	336657600	12.5
33724	339249600	4.1
33724	341928000	-5.1
33724	344520000	-9.9
33724	347198400	-13.8
33724	349876800	-11
33724	352296000	-6.2
33724	354974400	3.7
33724	357566400	11.9
33724	360244800	18.4
33724	362836800	22.7
33724	365515200	21.7
33724	368193600	14.1
33724	370785600	6.1
33724	373464000	-3.4
33724	376056000	-11.9
33724	378734400	-13.9
33724	381412800	-17.6
33724	383832000	-9.8
33724	386510400	8.7
33724	389102400	14.3
33724	391780800	18.1
33724	394372800	21.6
33724	397051200	18.6
33724	399729600	14
33724	402321600	3.9
33725	-2645611200	-6
33725	-2642932800	1.3
33726	-1709380800	-4.9
33726	-1706788800	-12.2
33726	-1704110400	-15.1
33726	-1701432000	-12.7
33726	-1698926400	-10.9
33726	-1696248000	3.6
33726	-1693656000	11.5
33726	-1690977600	15.8
33726	-1688385600	16.3
33726	-1685707200	13.3
33726	-1683028800	9.3
33726	-1680436800	2.1
33726	-1677758400	-4.5
33726	-1675166400	-17.2
33726	-1672488000	-13.4
33726	-1669809600	-19.4
33726	-1667390400	-12.1
33726	-1664712000	6.3
33726	-1662120000	10.1
33726	-1659441600	13
33726	-1656849600	17.9
33726	-1654171200	14.8
33726	-1651492800	11.4
33726	-1648900800	3.3
33726	-1646222400	-2.3
33726	-1643630400	-14.4
33726	-1640952000	-11.8
33726	-1638273600	-15.5
33726	-1635854400	-9.5
33726	-1633176000	0.4
33726	-1630584000	5.4
33726	-1627905600	16.6
33726	-1625313600	17.8
33727	-1662120000	14.2
33727	-1659441600	16.8
33727	-1656849600	22.7
33727	-1654171200	19.9
33728	-2600856000	17.8
33728	-2598177600	15.5
33728	-2595585600	3.3
33728	-2592907200	-3.2
33728	-2590315200	-6.8
33728	-2587636800	-13.8
33728	-2584958400	-14.4
33728	-2582452800	-6.1
33728	-2579774400	8.5
33728	-2577182400	14.7
33728	-2574504000	17.2
33728	-2571912000	20.9
33728	-2569233600	17.3
33728	-2566555200	11.7
33728	-2563963200	5.7
33728	-2561284800	-7.8
33728	-2558692800	-17.9
33728	-2556014400	-18.5
33728	-2553336000	-10.1
33728	-2550916800	-8.7
33728	-2548238400	5.2
33728	-2545646400	13.5
33728	-2542968000	15.6
33728	-2540376000	18.7
33728	-2537697600	17.3
33728	-2535019200	10.7
33728	-2532427200	4.2
33728	-2529748800	-10.1
33728	-2527156800	-13
33728	-2524478400	-12.3
33728	-2521800000	-12
33728	-2519380800	-2.6
33728	-2516702400	4.3
33728	-2514110400	9.2
33728	-2511432000	20.2
33728	-2508840000	23.8
33728	-2506161600	17.3
33728	-2503483200	12.1
33728	-2500891200	3.5
33728	-2498212800	-11.2
33728	-2495620800	-14.4
33728	-2492942400	-21.8
33728	-2490264000	-12.5
33728	-2487844800	-1.7
33728	-2485166400	2.8
33728	-2482574400	13.7
33728	-2479896000	18.3
33728	-2477304000	20.2
33728	-2474625600	17.1
33728	-2471947200	9.1
33728	-2469355200	0.5
33728	-2466676800	-10.7
33728	-2464084800	-7.8
33728	-2461406400	-15.9
33728	-2458728000	-10
33728	-2456222400	-8.1
33728	-2453544000	0.3
33728	-2450952000	13.9
33728	-2448273600	18.2
33728	-2445681600	21.9
33728	-2443003200	16.5
33728	-2440324800	11.1
33728	-2437732800	2.7
33728	-2435054400	-5.1
33728	-2432462400	-17.2
33728	-2429784000	-22.9
33728	-2427105600	-10.7
33728	-2424686400	-2.3
33728	-2422008000	3.5
33728	-2419416000	10.3
33728	-2416737600	17.2
33728	-2414145600	20
33728	-2411467200	17.1
33728	-2408788800	13.1
33728	-2406196800	4.8
33728	-2403518400	-4.3
33728	-2400926400	-9.5
33728	-2398248000	-14.7
33728	-2395569600	-7.9
33728	-2393150400	-8.4
33728	-2390472000	1.1
33728	-2387880000	14.6
33728	-2385201600	16.1
33728	-2382609600	16.1
33728	-2379931200	18.5
33728	-2377252800	8.7
33728	-2374660800	0.7
33728	-2371982400	-5.7
33728	-2369390400	-16.2
33728	-2366712000	-13.8
33728	-2364033600	-13.6
33728	-2361614400	-2.2
33728	-2358936000	0.8
33728	-2356344000	10.6
33728	-2353665600	15.9
33728	-2351073600	18.4
33728	-2348395200	17.9
33728	-2345716800	11
33728	-2343124800	6.2
33728	-2340446400	-7
33728	-2337854400	-11.4
33728	-2335176000	-20.7
33728	-2332497600	-16.1
33728	-2329992000	-7.4
33728	-2327313600	-0.5
33728	-2324721600	14
33728	-2322043200	15.9
33728	-2319451200	17.9
33728	-2316772800	18.2
33728	-2314094400	9.9
33728	-2311502400	6.9
33728	-2308824000	-5.9
33728	-2306232000	-17
33728	-2303553600	-15.3
33728	-2300875200	-12.7
33728	-2298456000	-8
33728	-2295777600	2.8
33728	-2293185600	16.9
33728	-2290507200	17.8
33728	-2287915200	19
33728	-2285236800	17.5
33728	-2282558400	13.5
33728	-2279966400	1.8
33728	-2277288000	-7.8
33728	-2274696000	-15.8
33728	-2272017600	-13.7
33728	-2269339200	-16.5
33728	-2266920000	-13.7
33728	-2264241600	0.3
33728	-2261649600	15.1
33728	-2258971200	17.2
33728	-2256379200	21.3
33728	-2253700800	16.8
33728	-2251022400	13.4
33728	-2248430400	-1.5
33728	-2245752000	-5.2
33728	-2243160000	-7.3
33728	-2240481600	-9.2
33728	-2237803200	-13.5
33728	-2235384000	-7.8
33728	-2232705600	4.3
33728	-2230113600	12.3
33728	-2227435200	17.8
33728	-2224843200	18.1
33728	-2222164800	16.8
33728	-2219486400	12.4
33728	-2216894400	7.2
33728	-2214216000	-1.9
33728	-2211624000	-15.8
33728	-2208945600	-20
33728	-2206267200	-15.7
33728	-2203848000	-4.7
33728	-2201169600	0.6
33728	-2198577600	13.4
33728	-2195899200	15.5
33728	-2193307200	17.3
33728	-2190628800	16.3
33728	-2187950400	9
33728	-2185358400	4.5
33728	-2182680000	-6.1
33728	-2180088000	-10.7
33728	-2177409600	-17.1
33728	-2174731200	-9.1
33728	-2172312000	-3.2
33728	-2169633600	8.5
33728	-2167041600	12.8
33728	-2164363200	18.5
33728	-2161771200	19
33728	-2159092800	17.5
33728	-2156414400	8.7
33728	-2153822400	1.4
33728	-2151144000	-5.2
33728	-2148552000	-12.8
33728	-2145873600	-12.1
33728	-2143195200	-11.8
33728	-2140776000	-7.3
33728	-2138097600	1.7
33728	-2135505600	12.1
33728	-2132827200	18.8
33728	-2130235200	21.2
33728	-2127556800	18.9
33728	-2124878400	8.9
33728	-2122286400	0.1
33728	-2119608000	-10
33728	-2117016000	-14.6
33728	-2114337600	-12.7
33728	-2111659200	-8.6
33728	-2109240000	-7.8
33728	-2106561600	5.9
33728	-2103969600	11.6
33728	-2101291200	19.1
33728	-2098699200	20.2
33728	-2096020800	19.1
33728	-2093342400	9.6
33728	-2090750400	1.1
33728	-2088072000	-5.4
33728	-2085480000	-12.8
33728	-2082801600	-14.5
33728	-2080123200	-9.6
33728	-2077617600	-7.1
33728	-2074939200	1.8
33728	-2072347200	12.8
33728	-2069668800	14.7
33728	-2067076800	18
33728	-2064398400	16.3
33728	-2061720000	9.6
33728	-2059128000	3.8
33728	-2056449600	-4
33728	-2053857600	-11.9
33728	-2051179200	-16.8
33728	-2048500800	-11.8
33728	-2046081600	-9.7
33728	-2043403200	2.7
33728	-2040811200	13.8
33728	-2038132800	17.2
33728	-2035540800	16.7
33728	-2032862400	16.5
33728	-2030184000	12.4
33728	-2027592000	9.9
33728	-2024913600	-2.6
33728	-2022321600	-8.2
33728	-2019643200	-14.4
33728	-2016964800	-15.8
33728	-2014545600	-1.9
33728	-2011867200	7
33728	-2009275200	17
33728	-2006596800	19.9
33728	-2004004800	22.5
33728	-2001326400	17.6
33728	-1998648000	9.6
33728	-1996056000	1.2
33728	-1993377600	-6.9
33728	-1990785600	-11.4
33728	-1988107200	-15.4
33728	-1985428800	-13.6
33728	-1983009600	-7.1
33728	-1980331200	4.1
33728	-1977739200	9
33728	-1975060800	16.9
33728	-1972468800	21.9
33728	-1969790400	16.9
33728	-1967112000	10.3
33728	-1964520000	1.7
33728	-1961841600	-12.5
33728	-1959249600	-12.4
33728	-1956571200	-17.3
33728	-1953892800	-14.1
33728	-1951387200	-12.4
33728	-1948708800	2.5
33728	-1946116800	9.1
33728	-1943438400	17.6
33728	-1940846400	16.4
33728	-1938168000	15.2
33728	-1935489600	11.2
33728	-1932897600	-0.6
33728	-1930219200	-9.4
33728	-1927627200	-14.9
33728	-1924948800	-14.8
33728	-1922270400	-9.9
33728	-1919851200	-8.1
33728	-1917172800	3.9
33728	-1914580800	11.3
33728	-1911902400	18
33728	-1909310400	18.9
33728	-1906632000	15.6
33728	-1903953600	13.9
33728	-1901361600	4.5
33728	-1898683200	-1.5
33728	-1896091200	-10.3
33728	-1893412800	-9.7
33728	-1890734400	-16.2
33728	-1888315200	-6
33728	-1885636800	5.5
33728	-1883044800	12.5
33728	-1880366400	16.1
33728	-1877774400	20.6
33728	-1875096000	17.3
33728	-1872417600	11.5
33728	-1869825600	-0.4
33728	-1867147200	-5.1
33728	-1864555200	-9.6
33728	-1861876800	-18
33728	-1859198400	-17.1
33728	-1856779200	-10.1
33728	-1854100800	4.3
33728	-1851508800	11.6
33728	-1848830400	20.1
33728	-1846238400	23.1
33728	-1843560000	15.5
33728	-1840881600	8.4
33728	-1838289600	0.6
33728	-1835611200	-0.8
33728	-1833019200	-10.2
33728	-1830340800	-12.5
33728	-1827662400	-18.2
33728	-1825156800	-5.8
33728	-1822478400	2.8
33728	-1819886400	12.6
33728	-1817208000	20.4
33728	-1814616000	17.6
33728	-1811937600	17.2
33728	-1809259200	12.6
33728	-1806667200	-0.5
33728	-1803988800	-2.7
33728	-1801396800	-12
33728	-1798718400	-11.8
33728	-1796040000	-17.6
33728	-1793620800	-3.9
33728	-1790942400	4.1
33728	-1788350400	9.9
33728	-1785672000	15.5
33728	-1783080000	18.9
33728	-1780401600	19.4
33728	-1777723200	11.3
33728	-1775131200	-0.6
33728	-1772452800	-1.1
33728	-1769860800	-5.9
33728	-1767182400	-11.4
33728	-1764504000	-8.2
33728	-1762084800	-4.7
33728	-1759406400	0.4
33728	-1756814400	14.1
33728	-1754136000	16.3
33728	-1751544000	18.6
33728	-1748865600	16.4
33728	-1746187200	9.4
33728	-1743595200	1.3
33728	-1740916800	-8
33728	-1738324800	-11.2
33728	-1735646400	-9.7
33728	-1732968000	-8
33728	-1730548800	-6.7
33728	-1727870400	6.5
33728	-1725278400	13
33728	-1722600000	17.5
33728	-1720008000	19.3
33728	-1717329600	16.1
33728	-1714651200	11.8
33728	-1712059200	0.6
33728	-1709380800	-4.1
33728	-1706788800	-11.9
33728	-1704110400	-13.3
33728	-1701432000	-12.6
33728	-1698926400	-7.5
33728	-1696248000	4.1
33728	-1693656000	12.6
33728	-1690977600	18
33728	-1688385600	18.1
33728	-1685707200	14.7
33728	-1683028800	10.7
33728	-1680436800	3.8
33728	-1677758400	-5.1
33728	-1675166400	-12.5
33728	-1672488000	-11.7
33728	-1669809600	-18.2
33728	-1667390400	-9.8
33728	-1664712000	7.4
33728	-1662120000	10.1
33728	-1659441600	15.4
33728	-1656849600	20
33728	-1654171200	17
33728	-1651492800	12.5
33728	-1648900800	5.1
33728	-1646222400	-0.5
33728	-1643630400	-10.3
33728	-1640952000	-11.5
33728	-1638273600	-15.2
33728	-1635854400	-10.9
33728	-1633176000	2.2
33728	-1630584000	5.5
33728	-1627905600	17.9
33728	-1625313600	18.5
33728	-1622635200	16.3
33728	-1619956800	10.9
33728	-1617364800	5.4
33728	-1614686400	-4.9
33728	-1612094400	-15.4
33728	-1609416000	-18.4
33728	-1606737600	-14.8
33728	-1604318400	-10.6
33728	-1601640000	5.7
33728	-1599048000	8.9
33729	-1619956800	10.3
33729	-1617364800	5.1
33729	-1614686400	-4.4
33729	-1612094400	-18.6
33729	-1609416000	-18.9
33729	-1606737600	-15.9
33729	-1604318400	-11.6
33729	-1601640000	5.1
33730	-1417348800	-10.3
33730	-1414929600	-3
33730	-1412251200	3.8
33730	-1409659200	15.1
33730	-1406980800	18.6
33731	418046400	9.6
33731	420638400	12.6
33732	-1593777600	19.1
33732	-1591099200	16.5
33732	-1588420800	12.3
33732	-1585828800	5.7
33732	-1583150400	-9.8
33732	-1580558400	-14
33732	-1577880000	-12
33732	-1575201600	-19.2
33732	-1572696000	-4.1
33732	-1570017600	6.9
33732	-1567425600	15.5
33732	-1564747200	19
33732	-1562155200	18.3
33732	-1559476800	19.5
33732	-1556798400	13.6
33732	-1554206400	-2.3
33732	-1551528000	-10.2
33732	-1548936000	-16
33732	-1546257600	-11.6
33732	-1543579200	-15.2
33732	-1541160000	-6.7
33732	-1538481600	5.8
33732	-1535889600	16.4
33732	-1533211200	23.3
33732	-1530619200	18.8
33732	-1527940800	16.6
33732	-1525262400	9.4
33732	-1522670400	3
33732	-1519992000	-6.4
33732	-1517400000	-13.4
33732	-1514721600	-13.2
33732	-1512043200	-17.7
33732	-1509624000	-4.6
33732	-1506945600	4.1
33732	-1504353600	14.1
33732	-1501675200	16.3
33732	-1499083200	19.3
33732	-1496404800	17
33732	-1493726400	10.7
33732	-1491134400	1.8
33732	-1488456000	-1.9
33732	-1485864000	-7.9
33732	-1483185600	-13.6
33732	-1480507200	-15
33732	-1478088000	-7.5
33732	-1475409600	-1.4
33732	-1472817600	12.3
33732	-1470139200	19.3
33732	-1467547200	19.8
33732	-1464868800	17.2
33732	-1462190400	12.9
33732	-1459598400	7.4
33732	-1456920000	0.2
33732	-1454328000	-9.7
33732	-1451649600	-12
33732	-1448971200	-14.5
33732	-1446465600	-7.3
33732	-1443787200	4.7
33732	-1441195200	12.4
33732	-1438516800	18.2
33732	-1435924800	17.4
33732	-1433246400	15.8
33732	-1430568000	13
33732	-1427976000	3.2
33732	-1425297600	-3.8
33732	-1422705600	-10.7
33732	-1420027200	-10.6
33732	-1417348800	-7.6
33732	-1414929600	-2.3
33732	-1412251200	4.5
33732	-1409659200	12.7
33732	-1406980800	18.1
33732	-1404388800	20.6
33732	-1401710400	20.4
33732	-1399032000	12.5
33732	-1396440000	2.5
33732	-1393761600	-3
33732	-1391169600	-8.8
33732	-1388491200	-12.3
33732	-1385812800	-15.9
33732	-1383393600	-5.4
33732	-1380715200	-0.8
33732	-1378123200	10.7
33732	-1375444800	16.3
33732	-1372852800	14.1
33732	-1370174400	14.9
33732	-1367496000	11.4
33732	-1364904000	3
33732	-1362225600	-2.3
33732	-1359633600	-9.7
33732	-1356955200	-17.3
33732	-1354276800	-12.3
33732	-1351857600	-10.5
33732	-1349179200	3.7
33732	-1346587200	13.2
33732	-1343908800	18
33732	-1341316800	20.5
33732	-1338638400	17.4
33732	-1335960000	11.8
33732	-1333368000	4.1
33732	-1330689600	-4.9
33732	-1328097600	-15.9
33732	-1325419200	-13.7
33732	-1322740800	-13.3
33732	-1320235200	-11.5
33732	-1317556800	0.8
33732	-1314964800	11.8
33732	-1312286400	15.6
33732	-1309694400	18.2
33732	-1307016000	16.3
33732	-1304337600	11.9
33732	-1301745600	3.4
33732	-1299067200	-3.1
33732	-1296475200	-10.9
33732	-1293796800	-15.3
33732	-1291118400	-20.6
33732	-1288699200	-8.3
33732	-1286020800	0.3
33732	-1283428800	12.5
33732	-1280750400	18.1
33732	-1278158400	21.2
33733	-1593777600	17.8
33733	-1591099200	15.8
33733	-1588420800	10.4
33734	-1399032000	14.5
33734	-1396440000	5.4
33734	-1393761600	-1.9
33734	-1391169600	-6.7
33734	-1388491200	-13.4
33734	-1385812800	-16.7
33734	-1383393600	-5.2
33734	-1380715200	1.6
33734	-1378123200	12.9
33734	-1375444800	18.9
33734	-1372852800	18.1
33734	-1370174400	18.7
33734	-1367496000	13.2
33734	-1364904000	5.8
33734	-1362225600	-1.1
33735	431265600	11.7
33735	433857600	5.1
33736	-1272801600	8.8
33736	-1270209600	4.9
33736	-1267531200	-2.4
33736	-1264939200	-17.3
33736	-1262260800	-12.4
33736	-1259582400	-16.8
33736	-1257163200	-4.1
33736	-1254484800	4.5
33736	-1251892800	13.1
33736	-1249214400	15
33736	-1246622400	19.1
33736	-1243944000	20.9
33736	-1241265600	9.5
33736	-1238673600	2.8
33736	-1235995200	-2.3
33736	-1233403200	-17.1
33736	-1230724800	-16.1
33736	-1228046400	-18.3
33736	-1225627200	-6.5
33736	-1222948800	5.5
33736	-1220356800	14.1
33736	-1217678400	19.6
33736	-1215086400	23.7
33736	-1212408000	16.9
33736	-1209729600	12.3
33736	-1207137600	4.7
33736	-1204459200	-6
33736	-1201867200	-12.5
33736	-1199188800	-9.3
33736	-1196510400	-16.9
33736	-1194004800	-7.3
33736	-1191326400	5.5
33736	-1188734400	13.3
33736	-1186056000	18.7
33736	-1183464000	18.2
33736	-1180785600	19.9
33736	-1178107200	11.5
33736	-1175515200	5.2
33736	-1172836800	-6.6
33736	-1170244800	-10.3
33736	-1167566400	-17.7
33736	-1164888000	-18.5
33736	-1162468800	-9.9
33736	-1159790400	5.5
33736	-1157198400	11.8
33736	-1154520000	17.6
33736	-1151928000	21.2
33736	-1149249600	15.8
33736	-1146571200	12.4
33736	-1143979200	3.1
33736	-1141300800	-5.7
33736	-1138708800	-17
33736	-1136030400	-14.1
33736	-1133352000	-9.3
33736	-1130932800	-8.9
33736	-1128254400	1.5
33736	-1125662400	14.9
33736	-1122984000	14.8
33736	-1120392000	19.6
33736	-1117713600	20
33736	-1115035200	9.1
33736	-1112443200	5.5
33736	-1109764800	-3.1
33736	-1107172800	-15
33736	-1104494400	-15.1
33736	-1101816000	-7.5
33736	-1099396800	-7.2
33736	-1096718400	7.8
33736	-1094126400	12.2
33736	-1091448000	16.8
33736	-1088856000	17.5
33736	-1086177600	18.6
33736	-1083499200	11.9
33736	-1080907200	7.8
33736	-1078228800	-7.6
33736	-1075636800	-12.3
33736	-1072958400	-11.4
33736	-1070280000	-13.2
33736	-1067774400	-8.8
33736	-1065096000	3.6
33736	-1062504000	11.3
33736	-1059825600	21.6
33736	-1057233600	21.4
33736	-1054555200	19.3
33736	-1051876800	11.5
33736	-1049284800	4.7
33736	-1046606400	-2.8
33736	-1044014400	-6
33736	-1041336000	-15
33736	-1038657600	-12.4
33736	-1036238400	-4.1
33736	-1033560000	5
33736	-1030968000	8.8
33736	-1028289600	17.7
33736	-1025697600	20
33736	-1023019200	18.7
33736	-1020340800	14.2
33736	-1017748800	5.2
33736	-1015070400	-4
33736	-1012478400	-11.6
33736	-1009800000	-11.8
33736	-1007121600	-12.2
33736	-1004702400	-7
33736	-1002024000	7.4
33736	-999432000	14.2
33736	-996753600	16.4
33736	-994161600	18.8
33736	-991483200	19.4
33736	-988804800	15.6
33736	-986212800	4.3
33736	-983534400	-3.6
33736	-980942400	-18.4
33736	-978264000	-15.3
33736	-975585600	-11.1
33736	-973166400	-5
33736	-970488000	4.3
33736	-967896000	11.6
33736	-965217600	20.2
33736	-962625600	20.9
33736	-959947200	15.4
33736	-957268800	7.6
33736	-954676800	0.7
33736	-951998400	-3
33736	-949406400	-8.8
33736	-946728000	-19.3
33736	-944049600	-16.8
33736	-941544000	-6.3
33736	-938865600	5.8
33736	-936273600	8.8
33736	-933595200	17.2
33736	-931003200	21.4
33736	-928324800	21.8
33736	-925646400	16
33736	-923054400	-0.8
33736	-920376000	-2.3
33736	-917784000	-12.3
33736	-915105600	-16.7
33736	-912427200	-14.3
33736	-910008000	-7
33736	-907329600	0.4
33736	-904737600	8.7
33736	-902059200	14.8
33736	-899467200	18.3
33736	-896788800	18.3
33736	-894110400	11.6
33736	-891518400	1.1
33736	-888840000	-10.5
33736	-886248000	-14.6
33736	-883569600	-19.8
33736	-880891200	-15.2
33736	-878472000	-11.7
33736	-875793600	0.7
33736	-873201600	12.8
33736	-870523200	17.6
33736	-867931200	19.1
33736	-865252800	16.5
33736	-862574400	9.4
33736	-859982400	3.2
33736	-857304000	-5.6
33736	-854712000	-10.4
33736	-852033600	-18.2
33736	-849355200	-13.4
33736	-846936000	-6.3
33736	-844257600	6.6
33736	-841665600	17.7
33736	-838987200	16.3
33736	-836395200	19.9
33736	-833716800	17.2
33736	-831038400	9.7
33736	-828446400	2.2
33736	-825768000	-6.5
33736	-823176000	-9
33736	-820497600	-7.9
33736	-817819200	-9.9
33736	-815313600	-1.8
33736	-812635200	4.2
33736	-810043200	13.9
33736	-807364800	17
33736	-804772800	17.3
33736	-802094400	14.5
33736	-799416000	12.8
33736	-796824000	3.4
33736	-794145600	-7.1
33736	-791553600	-15.4
33736	-788875200	-15.3
33736	-786196800	-15.6
33736	-783777600	-8.2
33736	-781099200	2.2
33736	-778507200	7.5
33736	-775828800	17.2
33736	-773236800	17.1
33736	-770558400	18.8
33736	-767880000	9.6
33736	-765288000	1.4
33736	-762609600	-8.2
33736	-760017600	-14.4
33736	-757339200	-12.4
33736	-754660800	-6.9
33736	-752241600	-8.2
33736	-749563200	2
33736	-746971200	12.4
33736	-744292800	17.7
33736	-741700800	17.8
33736	-739022400	17.5
33736	-736344000	11.1
33736	-733752000	-0.4
33736	-731073600	-5.1
33736	-728481600	-13.6
33736	-725803200	-15.6
33736	-723124800	-13.9
33736	-720705600	-4.1
33736	-718027200	5.6
33736	-715435200	9
33736	-712756800	14.9
33736	-710164800	17.1
33736	-707486400	17
33736	-704808000	12.1
33736	-702216000	4.3
33736	-699537600	-0.7
33736	-696945600	-9.2
33736	-694267200	-9.1
33736	-691588800	-12.8
33736	-689083200	-9
33736	-686404800	0.4
33736	-683812800	16.8
33736	-681134400	22.3
33736	-678542400	17.1
33736	-675864000	17
33736	-673185600	11
33736	-670593600	3.9
33736	-667915200	-3.3
33736	-665323200	-14
33736	-662644800	-8.5
33736	-659966400	-13.4
33736	-657547200	-7.7
33736	-654868800	1.7
33736	-652276800	14.3
33736	-649598400	20
33736	-647006400	18.7
33736	-644328000	18.1
33736	-641649600	9.2
33736	-639057600	2.6
33736	-636379200	-5.5
33736	-633787200	-12.4
33736	-631108800	-21.8
33736	-628430400	-13.8
33736	-626011200	-5.9
33736	-623332800	8.2
33736	-620740800	12.4
33736	-618062400	15.6
33736	-615470400	17.4
33736	-612792000	15.5
33736	-610113600	11.9
33736	-607521600	3.8
33736	-604843200	-5.3
33736	-602251200	-10.8
33736	-599572800	-15.5
33736	-596894400	-19.3
33736	-594475200	-5.8
33736	-591796800	10.4
33736	-589204800	11.4
33736	-586526400	18.2
33736	-583934400	19.8
33736	-581256000	19.5
33736	-578577600	12.2
33736	-575985600	1.5
33736	-573307200	-10
33736	-570715200	-7
33736	-568036800	-13
33736	-565358400	-10.1
33736	-562852800	-8.2
33736	-560174400	0.6
33736	-557582400	14
33736	-554904000	19
33736	-552312000	21.9
33736	-549633600	17.7
33736	-546955200	13.4
33736	-544363200	2.3
33736	-541684800	-6.4
33736	-539092800	-11.8
33736	-536414400	-14.4
33736	-533736000	-15.6
33736	-531316800	-6.6
33736	-528638400	6.8
33736	-526046400	12.8
33736	-523368000	17.6
33736	-520776000	21.4
33736	-518097600	21.1
33736	-515419200	11.2
33736	-512827200	1.2
33736	-510148800	-10.5
33736	-507556800	-10.2
33736	-504878400	-18.9
33736	-502200000	-23
33736	-499780800	-8.4
33736	-497102400	4.2
33736	-494510400	13.8
33736	-491832000	18.4
33736	-489240000	22.5
33736	-486561600	17.5
33736	-483883200	12.6
33736	-481291200	5.2
33736	-478612800	-3.7
33736	-476020800	-9.6
33736	-473342400	-9.6
33736	-470664000	-10.3
33736	-468244800	-8.4
33736	-465566400	4.5
33736	-462974400	14.4
33736	-460296000	19.3
33736	-457704000	17.5
33736	-455025600	15.8
33736	-452347200	11.5
33736	-449755200	6.6
33736	-447076800	-6.9
33736	-444484800	-18.2
33736	-441806400	-15.4
33736	-439128000	-18.9
33736	-436622400	-8.5
33736	-433944000	5.2
33736	-431352000	13.2
33736	-428673600	19.2
33736	-426081600	16.7
33736	-423403200	16.6
33736	-420724800	6.5
33736	-418132800	4.4
33736	-415454400	-8
33736	-412862400	-8.5
33736	-410184000	-15.2
33736	-407505600	-9.4
33736	-405086400	-10.2
33736	-402408000	2
33736	-399816000	19
33736	-397137600	20.1
33736	-394545600	19.1
33736	-391867200	17.8
33736	-389188800	16.5
33736	-386596800	3.5
33736	-383918400	-8.4
33736	-381326400	-6.7
33736	-378648000	-10.7
33736	-375969600	-7.6
33736	-373550400	-8.4
33736	-370872000	2.1
33736	-368280000	12
33736	-365601600	19.8
33736	-363009600	18.8
33736	-360331200	18.8
33736	-357652800	7.1
33736	-355060800	3.9
33736	-352382400	-3.8
33736	-349790400	-14.6
33736	-347112000	-10.4
33736	-344433600	-14.3
33736	-342014400	-7.8
33736	-339336000	3.9
33736	-336744000	14
33736	-334065600	17
33736	-331473600	20
33736	-328795200	15.7
33736	-326116800	9.6
33736	-323524800	1.4
33736	-320846400	-7
33736	-318254400	-16
33736	-315576000	-11.4
33736	-312897600	-12.6
33736	-310392000	-10.8
33736	-307713600	4.5
33736	-305121600	9
33736	-302443200	18.7
33736	-299851200	18.6
33736	-297172800	16.4
33736	-294494400	10.4
33736	-291902400	0.8
33736	-289224000	-9.8
33736	-286632000	-6.2
33736	-283953600	-12.2
33736	-281275200	-11
33736	-278856000	-2.7
33736	-276177600	4.3
33736	-273585600	13.5
33736	-270907200	18
33736	-268315200	19.6
33736	-265636800	16.2
33736	-262958400	9.5
33736	-260366400	4.4
33736	-257688000	-6.2
33736	-255096000	-7.5
33736	-252417600	-10.3
33736	-249739200	-9.8
33736	-247320000	-1.9
33736	-244641600	6.9
33736	-242049600	15.4
33736	-239371200	15.9
33736	-236779200	20.3
33736	-234100800	14.9
33736	-231422400	10.2
33736	-228830400	2.6
33736	-226152000	-2.6
33736	-223560000	-10.7
33736	-220881600	-15.4
33736	-218203200	-13
33736	-215784000	-11.6
33736	-213105600	2
33736	-210513600	14.2
33736	-207835200	17
33736	-205243200	19.5
33736	-202564800	15.3
33736	-199886400	11.3
33736	-197294400	5.7
33736	-194616000	-2.3
33736	-192024000	-11.6
33736	-189345600	-13.4
33736	-186667200	-14.1
33736	-184161600	-9.5
33736	-181483200	0.6
33736	-178891200	12.4
33736	-176212800	16.1
33736	-173620800	19.4
33736	-170942400	15.5
33736	-168264000	11
33736	-165672000	2.6
33736	-162993600	-3.1
33736	-160401600	-8
33736	-157723200	-14.3
33736	-155044800	-13.4
33736	-152625600	-4.8
33736	-149947200	1.8
33736	-147355200	13
33736	-144676800	17.7
33736	-142084800	19.6
33736	-139406400	15
33736	-136728000	12.1
33736	-134136000	2
33736	-131457600	-6.7
33736	-128865600	-7.4
33736	-126187200	-14
33736	-123508800	-12.1
33736	-121089600	-4.5
33736	-118411200	3.8
33736	-115819200	13
33736	-113140800	16.1
33736	-110548800	21.1
33736	-107870400	18.8
33736	-105192000	11.5
33736	-102600000	2.5
33736	-99921600	-3.8
33736	-97329600	-18.3
33736	-94651200	-16.3
33736	-91972800	-18
33736	-89553600	-5.3
33736	-86875200	8.7
33736	-84283200	14.5
33736	-81604800	16.7
33736	-79012800	19.1
33736	-76334400	18.9
33736	-73656000	9.6
33736	-71064000	6.2
33736	-68385600	-1.2
33736	-65793600	-8.5
33736	-63115200	-14.7
33736	-60436800	-14
33736	-57931200	-4.4
33736	-55252800	3.2
33736	-52660800	14.6
33736	-49982400	16.3
33736	-47390400	17
33736	-44712000	16.5
33736	-42033600	9.9
33736	-39441600	1.4
33736	-36763200	-4.8
33736	-34171200	-16.3
33736	-31492800	-28.4
33736	-28814400	-20.6
33736	-26395200	-11.5
33736	-23716800	4.3
33736	-21124800	8.1
33736	-18446400	14.6
33736	-15854400	17.8
33736	-13176000	15.4
33736	-10497600	12.1
33736	-7905600	0.7
33736	-5227200	-3.6
33736	-2635200	-13.4
33736	43200	-16.3
33736	2721600	-10.9
33736	5140800	-5.6
33736	7819200	4.9
33736	10411200	12.8
33736	13089600	15.8
33736	15681600	19.3
33736	18360000	16.1
33736	21038400	12
33736	23630400	3.5
33736	26308800	-4.9
33736	28900800	-18
33736	31579200	-9
33736	34257600	-16.2
33736	36676800	-9.2
33736	39355200	2.3
33736	41947200	10.9
33736	44625600	15.7
33736	47217600	20.9
33736	49896000	15.3
33736	52574400	13.9
33736	55166400	3
33736	57844800	0.4
33736	60436800	-8.3
33736	63115200	-25.2
33736	65793600	-14.5
33736	68299200	-8.3
33736	70977600	6.3
33736	73569600	13.2
33736	76248000	16.5
33736	78840000	19.1
33736	81518400	19
33736	84196800	9.6
33736	86788800	3.5
33736	89467200	-3.1
33736	92059200	-8.7
33736	94737600	-18.6
33736	97416000	-11.9
33736	99835200	-5
33736	102513600	6.9
33736	105105600	14
33736	107784000	17.9
33736	110376000	16.2
33736	113054400	15.6
33736	115732800	7.2
33736	118324800	2.6
33736	121003200	-2.2
33736	123595200	-5.7
33736	126273600	-20.4
33736	128952000	-12.3
33736	131371200	-2.3
33736	134049600	5.8
33736	136641600	13.6
33736	139320000	16.7
33736	141912000	20.7
33736	144590400	16
33736	147268800	12.6
33736	149860800	7.4
33736	152539200	-3.1
33736	155131200	-10.2
33736	157809600	-9
33736	160488000	-13.6
33736	162907200	-2.4
33736	165585600	10.6
33736	168177600	15.2
33736	170856000	19
33736	173448000	20.7
33736	176126400	16.7
33736	178804800	14.3
33736	181396800	1.3
33736	184075200	-5.8
33736	186667200	-7.4
33736	189345600	-11.8
33736	192024000	-20
33736	194529600	-9.9
33736	197208000	6.5
33736	199800000	13.4
33736	202478400	17.7
33736	205070400	16.4
33736	207748800	18.1
33736	210427200	9.8
33736	213019200	-4.2
33736	215697600	-7.1
33736	218289600	-14.6
33736	220968000	-20.2
33736	223646400	-14.4
33736	226065600	-2.4
33736	228744000	7
33736	231336000	15.5
33736	234014400	19.5
33736	236606400	19.3
33736	239284800	15.5
33736	241963200	10.7
33736	244555200	-0.1
33736	247233600	-3.3
33736	249825600	-13.3
33736	252504000	-11.6
33736	255182400	-13.1
33736	257601600	-2.8
33736	260280000	3.9
33736	262872000	11.6
33736	265550400	17.2
33736	268142400	17.5
33736	270820800	14.8
33736	273499200	10.6
33736	276091200	2.3
33736	278769600	-3.2
33736	281361600	-18.4
33736	284040000	-18.2
33736	286718400	-12.6
33736	289137600	-4
33736	291816000	-0.1
33736	294408000	15.8
33736	297086400	13.4
33736	299678400	19.5
33736	302356800	17.2
33736	305035200	11.5
33736	307627200	1.6
33736	310305600	-4.2
33736	312897600	-6.6
33736	315576000	-16.8
33736	318254400	-14.4
33736	320760000	-10.2
33736	323438400	4.6
33736	326030400	14.3
33736	328708800	16.7
33736	331300800	18.2
33736	333979200	13.9
33736	336657600	10.4
33736	339249600	3.1
33736	341928000	-5.2
33736	344520000	-6.6
33736	347198400	-10.8
33736	349876800	-10.8
33736	352296000	-7.3
33736	354974400	1.8
33736	357566400	11.3
33736	360244800	19.7
33736	362836800	21.8
33736	365515200	19.9
33736	368193600	11.3
33736	370785600	6.1
33736	373464000	-1.5
33736	376056000	-7.1
33736	378734400	-12.9
33736	381412800	-16.5
33736	383832000	-6.6
33736	386510400	7
33736	389102400	12.8
33736	391780800	16.1
33736	394372800	20.2
33736	397051200	17.2
33736	399729600	12.6
33736	402321600	3.5
33736	4.05e+08	-2.3
33736	407592000	-5.9
33736	410270400	-7.2
33736	412948800	-7.5
33736	415368000	-7.2
33736	418046400	8.6
33736	420638400	12.1
33736	423316800	16.7
33736	425908800	20.1
33736	428587200	16.4
33736	431265600	10.4
33736	433857600	4.8
33736	436536000	-3.6
33736	439128000	-6.8
33736	441806400	-12.5
33736	444484800	-16
33736	446990400	-5.2
33736	449668800	2.7
33736	452260800	15.3
33736	454939200	17.8
33736	457531200	20.9
33736	460209600	15.8
33736	462888000	11.1
33736	465480000	3.7
33736	468158400	-6.1
33736	470750400	-20.2
33736	473428800	-12.7
33736	476107200	-13.2
33736	478526400	-8.9
33736	481204800	4
33736	483796800	11.2
33736	486475200	16.3
33736	489067200	17.5
33736	491745600	18.2
33736	494424000	11.7
33736	497016000	2.2
33736	499694400	-4.6
33736	502286400	-10.1
33736	504964800	-12.7
33736	507643200	-14.4
33736	510062400	-5.6
33736	512740800	7
33736	515332800	10.5
33736	518011200	17.1
33736	520603200	16.2
33736	523281600	15.6
33736	525960000	9.7
33736	528552000	3
33736	531230400	-8.2
33736	533822400	-14.7
33736	536500800	-17.7
33736	539179200	-8.3
33736	541598400	-8.8
33736	544276800	1.3
33736	546868800	15.7
33736	549547200	21.3
33736	552139200	18.8
33736	554817600	16.4
33736	557496000	9.9
33736	560088000	2.1
33736	562766400	-10.6
33736	565358400	-11.8
33736	568036800	-15.5
33736	570715200	-13.4
33736	573220800	-5.2
33736	575899200	4.8
33736	578491200	12.2
33736	581169600	20.1
33736	583761600	21.7
33736	586440000	19
33736	589118400	11.7
33736	591710400	3.9
33736	594388800	-6.7
33736	596980800	-10.5
33736	599659200	-12.9
33736	602337600	-9.7
33736	604756800	-5.6
33736	607435200	2.4
33736	610027200	14.1
33736	612705600	21.2
33736	615297600	21.2
33736	617976000	16
33736	620654400	11.2
33736	623246400	4.8
33736	625924800	-3.3
33736	628516800	-9.2
33736	631195200	-12.7
33736	633873600	-7.9
33736	636292800	0.1
33736	638971200	6.6
33736	641563200	11.7
33736	644241600	17.3
33736	646833600	18.8
33736	649512000	15.5
33736	652190400	10.5
33736	654782400	3
33736	657460800	-3.5
33736	660052800	-8.7
33736	662731200	-12.5
33736	665409600	-12.1
33736	667828800	-6.3
33736	670507200	8.5
33736	673099200	15.7
33736	675777600	20.6
33736	678369600	19.4
33736	681048000	15.6
33736	683726400	11.7
33736	686318400	8.5
33736	688996800	-2.4
33736	691588800	-13.4
33736	694267200	-9.5
33736	696945600	-11.4
33736	699451200	-5.3
33736	702129600	5.7
33736	704721600	11.9
33736	707400000	15.5
33736	709992000	16.9
33736	712670400	15.2
33736	715348800	12.4
33736	717940800	3.2
33736	720619200	-2.8
33736	723211200	-10.9
33736	725889600	-8.4
33736	728568000	-15.4
33736	730987200	-8
33736	733665600	4.2
33736	736257600	12.8
33736	738936000	17.1
33736	741528000	19.4
33736	744206400	16.4
33736	746884800	7.3
33736	749476800	4
33736	752155200	-13.3
33736	754747200	-10.2
33736	757425600	-10.7
33736	760104000	-18.1
33736	762523200	-8.6
33736	765201600	5.2
33736	767793600	12.4
33736	770472000	16.5
33736	773064000	16.2
33736	775742400	15.7
33736	778420800	12.4
33736	781012800	6.1
33736	783691200	-4.8
33736	786283200	-12.2
33736	788961600	-14.3
33736	791640000	-5.7
33736	794059200	-1.3
33736	796737600	12.2
33736	799329600	15.1
33736	802008000	19.5
33736	804600000	19.8
33736	807278400	17.5
33736	809956800	11.6
33736	812548800	5.2
33736	815227200	-2.2
33736	817819200	-13.8
33736	820497600	-18.6
33736	823176000	-13.9
33736	825681600	-9.2
33736	828360000	0.8
33736	830952000	15.1
33736	833630400	19.5
33736	836222400	20.6
33736	838900800	15.8
33736	841579200	10.3
33736	844171200	3.2
33736	846849600	-1.5
33736	849441600	-13.5
33736	852120000	-18
33736	854798400	-10
33736	857217600	-2
33736	859896000	5.9
33736	862488000	12.8
33736	865166400	19.4
33736	867758400	17.2
33736	870436800	15.5
33736	873115200	10.9
33736	875707200	6.4
33736	878385600	-6.4
33736	880977600	-11.9
33736	883656000	-12.9
33736	886334400	-15.1
33736	888753600	-4.1
33736	891432000	-0.4
33736	894024000	13.9
33736	896702400	21
33736	899294400	21.8
33736	901972800	18.2
33736	904651200	10.5
33736	907243200	5
33736	909921600	-8.7
33736	912513600	-6.6
33736	915192000	-9.4
33736	917870400	-6.8
33736	920289600	-9
33736	922968000	6.3
33736	925560000	10
33736	928238400	17.3
33736	930830400	20.5
33736	933508800	17.1
33736	936187200	10.7
33736	938779200	6.6
33736	941457600	-8
33736	944049600	-6.9
33736	946728000	-7.8
33736	949406400	-7.7
33736	951912000	-4.5
33736	954590400	8.5
33736	957182400	9.6
33736	959860800	18.9
33736	962452800	20.9
33736	965131200	17.2
33736	967809600	9.8
33736	970401600	4.2
33736	973080000	-7.4
33736	975672000	-7.7
33736	978350400	-8.7
33736	981028800	-11
33736	983448000	-2.2
33736	986126400	7
33736	988718400	14
33736	991396800	16.2
33736	993988800	19.7
33736	996667200	16.3
33736	999345600	11.4
33736	1001937600	3.5
33736	1004616000	-1.9
33736	1007208000	-14.7
33736	1009886400	-7.9
33736	1012564800	-4.3
33736	1014984000	-0.2
33736	1017662400	4.3
33736	1020254400	10
33736	1022932800	14.8
33736	1025524800	20.8
33736	1028203200	14.5
33736	1030881600	12.5
33736	1033473600	4.8
33736	1036152000	-1.2
33736	1038744000	-20.4
33736	1041422400	-11.9
33736	1044100800	-13.6
33736	1046520000	-7.1
33736	1049198400	5.5
33736	1051790400	13.4
33736	1054468800	14.4
33736	1057060800	20.3
33736	1059739200	20.1
33736	1062417600	13
33736	1065009600	5.9
33736	1067688000	-3.3
33736	1070280000	-4.8
33736	1072958400	-9.4
33736	1075636800	-11.3
33736	1078142400	-3.1
33736	1080820800	2.2
33736	1083412800	15.2
33736	1086091200	18
33736	1088683200	21.3
33736	1091361600	18.3
33736	1094040000	12.8
33736	1096632000	3.9
33736	1099310400	-1.2
33736	1101902400	-10.2
33736	1104580800	-12.6
33736	1107259200	-16.8
33736	1109678400	-6.4
33736	1112356800	5.2
33736	1114948800	15.8
33736	1117627200	17.4
33736	1120219200	19.2
33736	1122897600	17.4
33736	1125576000	12
33736	1128168000	5.3
33736	1130846400	-0.8
33736	1133438400	-7.3
33736	1136116800	-19.6
33736	1138795200	-12.1
33736	1141214400	-3
33736	1143892800	6.4
33736	1146484800	13.4
33736	1149163200	20.8
33736	1151755200	17.4
33736	1154433600	17.4
33736	1157112000	12.7
33736	1159704000	4.4
33736	1162382400	-4.5
33736	1164974400	-4.9
33736	1167652800	-4.3
33736	1170331200	-14.5
33736	1172750400	-4.9
33736	1175428800	4.9
33736	1178020800	15.2
33736	1180699200	15.8
33736	1183291200	19.5
33736	1185969600	20.4
33736	1188648000	12.7
33736	1191240000	5
33736	1193918400	-6.2
33736	1196510400	-15.9
33736	1199188800	-14.9
33736	1201867200	-9.2
33736	1204372800	0.1
33736	1207051200	7.6
33736	1209643200	13.1
33736	1212321600	17
33736	1214913600	21.2
33736	1217592000	19
33736	1220270400	9.9
33736	1222862400	6.1
33736	1225540800	1.6
33736	1228132800	-8.8
33736	1230811200	-12.3
33736	1233489600	-10.7
33736	1235908800	-2.9
33736	1238587200	3.2
33736	1241179200	13.1
33736	1243857600	19.4
33736	1246449600	18.5
33736	1249128000	16.5
33736	1251806400	12.9
33736	1254398400	5.6
33736	1257076800	-2
33736	1259668800	-13.3
33736	1262347200	-19
33736	1265025600	-15.9
33736	1267444800	-4.9
33736	1270123200	6.2
33736	1272715200	16.3
33736	1275393600	20.7
33736	1277985600	22.6
33736	1280664000	21.6
33736	1283342400	12
33736	1285934400	2.9
33736	1288612800	0.6
33736	1291204800	-9
33736	1293883200	-15.2
33736	1296561600	-19.3
33736	1298980800	-6.8
33736	1301659200	5.5
33736	1304251200	13.5
33736	1306929600	16.8
33736	1309521600	21.9
33736	1312200000	16.2
33736	1314878400	12.7
33736	1317470400	6
33736	1320148800	-6.9
33736	1322740800	-9.7
33736	1325419200	-13.7
33736	1328097600	-16.7
33736	1330603200	-4.4
33736	1333281600	12.2
33736	1335873600	15.8
33736	1338552000	20.5
33736	1341144000	22.1
33736	1343822400	20
33736	1346500800	12.2
33736	1349092800	6.6
33736	1351771200	-0.2
33736	1354363200	-14.6
33736	1357041600	-13.8
33736	1359720000	-10.3
33736	1362139200	-6.3
33736	1364817600	6.6
33736	1367409600	14.2
33736	1370088000	19.6
33736	1372680000	20.1
33736	1375358400	18.7
33736	1378036800	12.5
33736	1380628800	4.7
33736	1383307200	2.2
33737	-1446465600	-9.7
33737	-1443787200	3.2
33737	-1441195200	10.7
33737	-1438516800	16.8
33737	-1435924800	17.4
33737	-1433246400	14.6
33737	-1430568000	11.5
33737	-1427976000	1.7
33737	-1425297600	-5.9
33737	-1422705600	-12.1
33737	-1420027200	-12.9
33737	-1417348800	-8.2
33737	-1414929600	-4.2
33737	-1412251200	1.1
33737	-1409659200	11.9
33737	-1406980800	16.5
33737	-1404388800	18.2
33737	-1401710400	18.5
33737	-1399032000	11.1
33737	-1396440000	2.4
33737	-1393761600	-4.3
33737	-1391169600	-13.7
33737	-1388491200	-14.4
33737	-1385812800	-16.1
33737	-1383393600	-8.1
33737	-1380715200	-2.1
33737	-1378123200	8.6
33737	-1375444800	15.3
33737	-1372852800	13.7
33737	-1370174400	14.9
33737	-1367496000	9.2
33737	-1364904000	1.9
33737	-1362225600	-2.1
33737	-1359633600	-10.9
33737	-1356955200	-16.6
33737	-1354276800	-14
33737	-1351857600	-10.6
33737	-1349179200	5.6
33737	-1346587200	12.3
33737	-1343908800	17
33737	-1341316800	19.7
33737	-1338638400	15.8
33737	-1335960000	11
33737	-1333368000	3.1
33737	-1330689600	-5.9
33737	-1328097600	-17.8
33737	-1325419200	-15.8
33737	-1322740800	-15.8
33737	-1320235200	-9.9
33737	-1317556800	0.7
33737	-1314964800	9.3
33737	-1312286400	14.6
33737	-1309694400	17
33737	-1307016000	14.4
33737	-1304337600	10.2
33737	-1301745600	2.4
33737	-1299067200	-7.5
33737	-1296475200	-17.1
33737	-1293796800	-19.5
33737	-1291118400	-20.8
33737	-1288699200	-8.7
33737	-1286020800	-0.4
33737	-1283428800	10.8
33737	-1280750400	16.3
33737	-1278158400	19.6
33737	-1275480000	16.8
33737	-1272801600	8.3
33737	-1270209600	3
33737	-1267531200	-3.8
33737	-1264939200	-20.2
33737	-1262260800	-14.5
33737	-1259582400	-16.2
33737	-1257163200	-3.8
33737	-1254484800	3.4
33737	-1251892800	11.3
33737	-1249214400	15.5
33737	-1246622400	17.2
33737	-1243944000	17.9
33737	-1241265600	8.4
33737	-1238673600	2.4
33737	-1235995200	-4.9
33737	-1233403200	-18.8
33737	-1230724800	-19.6
33737	-1228046400	-25.4
33737	-1225627200	-8.2
33737	-1222948800	2.3
33737	-1220356800	11.2
33737	-1217678400	18.5
33737	-1215086400	21.8
33737	-1212408000	15.4
33737	-1209729600	10
33737	-1207137600	3.8
33737	-1204459200	-6.6
33737	-1201867200	-13.9
33737	-1199188800	-10.9
33737	-1196510400	-16.9
33737	-1194004800	-9
33737	-1191326400	1.9
33737	-1188734400	11
33737	-1186056000	16.3
33737	-1183464000	16.5
33737	-1180785600	16.7
33737	-1178107200	9.8
33737	-1175515200	4.2
33737	-1172836800	-6.5
33737	-1170244800	-11.1
33737	-1167566400	-19.6
33737	-1164888000	-22.9
33737	-1162468800	-9.4
33737	-1159790400	3.9
33737	-1157198400	10.1
33737	-1154520000	15.3
33737	-1151928000	19.6
33737	-1149249600	14.8
33737	-1146571200	8.9
33737	-1143979200	1.6
33737	-1141300800	-6.5
33737	-1138708800	-18.6
33737	-1136030400	-13.9
33737	-1133352000	-10.2
33737	-1130932800	-12.8
33737	-1128254400	0.2
33737	-1125662400	12.5
33737	-1122984000	13.2
33737	-1120392000	16.3
33737	-1117713600	17
33737	-1115035200	6.8
33737	-1112443200	3.8
33737	-1109764800	-4.7
33737	-1107172800	-14.2
33737	-1104494400	-15.6
33737	-1101816000	-11
33737	-1099396800	-9.5
33737	-1096718400	4.3
33737	-1094126400	11
33737	-1091448000	15
33737	-1088856000	16.5
33737	-1086177600	16.5
33737	-1083499200	10.2
33737	-1080907200	5.4
33737	-1078228800	-11.1
33737	-1075636800	-17.1
33737	-1072958400	-12.7
33737	-1070280000	-14.3
33737	-1067774400	-8.6
33737	-1065096000	1.5
33737	-1062504000	8.6
33737	-1059825600	18.2
33737	-1057233600	18.3
33737	-1054555200	16
33737	-1051876800	9.8
33737	-1049284800	3.4
33737	-1046606400	-3.5
33737	-1044014400	-9
33737	-1041336000	-16.3
33737	-1038657600	-17.3
33737	-1036238400	-8.4
33737	-1033560000	2.5
33737	-1030968000	8
33737	-1028289600	16.2
33737	-1025697600	17.7
33737	-1023019200	15.8
33737	-1020340800	11.7
33737	-1017748800	3.2
33737	-1015070400	-6.7
33737	-1012478400	-15.4
33737	-1009800000	-19.3
33737	-1007121600	-14.5
33737	-1004702400	-9.1
33737	-1002024000	5.3
33737	-999432000	12.5
33737	-996753600	15.2
33737	-994161600	15.9
33737	-991483200	16.1
33737	-988804800	11.4
33737	-986212800	3.6
33737	-983534400	-5.2
33737	-980942400	-19.2
33737	-978264000	-16.3
33737	-975585600	-11.4
33737	-973166400	-6.7
33737	-970488000	3.9
33737	-967896000	10
33737	-965217600	19.1
33737	-962625600	18
33737	-959947200	13.8
33737	-957268800	7.8
33737	-954676800	-0.7
33737	-951998400	-5.9
33737	-949406400	-9.8
33737	-946728000	-24.5
33737	-944049600	-17.3
33737	-941544000	-7.3
33737	-938865600	5.5
33737	-936273600	7.3
33737	-933595200	16
33737	-931003200	19.3
33737	-928324800	18.8
33737	-925646400	12.3
33737	-923054400	-2.6
33737	-920376000	-3.8
33737	-917784000	-13.4
33737	-915105600	-17.4
33737	-912427200	-18.2
33737	-910008000	-7.1
33737	-907329600	-0.9
33737	-904737600	7.4
33737	-902059200	14.3
33737	-899467200	16
33737	-896788800	14.9
33737	-894110400	9.7
33737	-891518400	0
33737	-888840000	-10.8
33737	-886248000	-16
33737	-883569600	-19.5
33737	-880891200	-17.6
33737	-878472000	-12.8
33737	-875793600	-0.3
33737	-873201600	10.2
33737	-870523200	15.8
33737	-867931200	18.1
33737	-865252800	15.4
33737	-862574400	9
33737	-859982400	2
33737	-857304000	-7
33737	-854712000	-12.7
33737	-852033600	-18.6
33737	-849355200	-15.7
33737	-846936000	-7
33737	-844257600	5.6
33737	-841665600	16.5
33737	-838987200	15.6
33737	-836395200	18.1
33737	-833716800	16
33737	-831038400	8.9
33737	-828446400	1.5
33737	-825768000	-10
33737	-823176000	-10.8
33737	-820497600	-11.2
33737	-817819200	-12.7
33737	-815313600	-4.2
33737	-812635200	4.5
33737	-810043200	12.1
33737	-807364800	15.4
33737	-804772800	16.3
33737	-802094400	14.2
33737	-799416000	11.6
33737	-796824000	2
33737	-794145600	-11.8
33737	-791553600	-16.3
33737	-788875200	-17.9
33737	-786196800	-18.3
33737	-783777600	-9.7
33737	-781099200	1.2
33737	-778507200	7.1
33737	-775828800	14.9
33737	-773236800	15.6
33737	-770558400	17.3
33737	-767880000	9
33737	-765288000	-0.1
33737	-762609600	-8.5
33737	-760017600	-16.5
33737	-757339200	-14.1
33737	-754660800	-8.1
33737	-752241600	-11.5
33737	-749563200	2.4
33737	-746971200	10.6
33737	-744292800	15.7
33737	-741700800	15.9
33737	-739022400	14.9
33737	-736344000	9.8
33737	-733752000	-1.2
33737	-731073600	-5.4
33737	-728481600	-15.1
33737	-725803200	-18.9
33737	-723124800	-17.5
33737	-720705600	-5.8
33737	-718027200	4.8
33737	-715435200	8.6
33737	-712756800	12.9
33737	-710164800	15.3
33737	-707486400	14.9
33737	-704808000	10.2
33737	-702216000	2.4
33737	-699537600	-3.2
33737	-696945600	-16.2
33737	-694267200	-10.3
33737	-691588800	-14
33737	-689083200	-9.7
33737	-686404800	1.4
33737	-683812800	14.4
33737	-681134400	19.6
33737	-678542400	16.3
33737	-675864000	16.2
33737	-673185600	9.6
33737	-670593600	3.5
33737	-667915200	-5.2
33737	-665323200	-14.3
33737	-662644800	-10
33737	-659966400	-13.5
33737	-657547200	-11.9
33737	-654868800	2.3
33737	-652276800	13
33737	-649598400	18.5
33737	-647006400	18
33737	-644328000	17.1
33737	-641649600	8.1
33737	-639057600	1.5
33737	-636379200	-7.4
33737	-633787200	-18.3
33737	-631108800	-22.3
33737	-628430400	-15.2
33737	-626011200	-8.7
33737	-623332800	7.2
33737	-620740800	11.5
33737	-618062400	14.4
33737	-615470400	16.3
33737	-612792000	14.9
33737	-610113600	12
33737	-607521600	1.3
33737	-604843200	-9.7
33737	-602251200	-11.8
33737	-599572800	-18.3
33737	-596894400	-20.9
33737	-594475200	-5.1
33737	-591796800	9.2
33737	-589204800	10.9
33737	-586526400	15.7
33737	-583934400	19.1
33737	-581256000	16.5
33737	-578577600	11.4
33737	-575985600	-0.2
33737	-573307200	-9.6
33737	-570715200	-8.3
33737	-568036800	-14.8
33737	-565358400	-17.7
33737	-562852800	-12.3
33737	-560174400	-1.1
33737	-557582400	13.2
33737	-554904000	17.7
33737	-552312000	20.3
33737	-549633600	16.9
33737	-546955200	11.9
33737	-544363200	0.9
33737	-541684800	-10.8
33737	-539092800	-15.6
33737	-536414400	-14.8
33737	-533736000	-18.2
33737	-531316800	-8.5
33737	-528638400	4.2
33737	-526046400	11.7
33737	-523368000	14.6
33737	-520776000	18.9
33737	-518097600	18.7
33737	-515419200	11.1
33737	-512827200	0.6
33737	-510148800	-14.9
33737	-507556800	-11.8
33737	-504878400	-21.1
33737	-502200000	-23.8
33737	-499780800	-10.5
33737	-497102400	1.6
33737	-494510400	11.2
33737	-491832000	16.2
33737	-489240000	20.4
33737	-486561600	16.9
33737	-483883200	12.6
33737	-481291200	4.3
33737	-478612800	-4
33737	-476020800	-14.9
33737	-473342400	-12.3
33737	-470664000	-15.5
33737	-468244800	-11.7
33737	-465566400	2.4
33737	-462974400	14
33737	-460296000	19.3
33737	-457704000	16.5
33737	-455025600	14.3
33737	-452347200	9.4
33737	-449755200	3.9
33737	-447076800	-6.9
33737	-444484800	-18.6
33737	-441806400	-18.3
33737	-439128000	-21.3
33737	-436622400	-13.8
33737	-433944000	3.3
33737	-431352000	10.8
33737	-428673600	16.6
33737	-426081600	16.2
33737	-423403200	15.8
33737	-420724800	6
33737	-418132800	3
33737	-415454400	-9.3
33737	-412862400	-12.7
33737	-410184000	-15.6
33737	-407505600	-12.2
33737	-405086400	-12.4
33737	-402408000	1.9
33737	-399816000	16.4
33737	-397137600	19.1
33737	-394545600	17.5
33737	-391867200	15.7
33737	-389188800	14.8
33737	-386596800	2
33737	-383918400	-7.8
33737	-381326400	-9
33737	-378648000	-15.5
33737	-375969600	-9.5
33737	-373550400	-10.9
33737	-370872000	1.3
33737	-368280000	10.2
33737	-365601600	18.3
33737	-363009600	18
33737	-360331200	18.1
33737	-357652800	6.2
33737	-355060800	2.3
33737	-352382400	-4.9
33737	-349790400	-12.9
33737	-347112000	-13.3
33737	-344433600	-15.2
33737	-342014400	-8.9
33737	-339336000	3.7
33737	-336744000	13.4
33737	-334065600	15.4
33737	-331473600	17.5
33737	-328795200	13.7
33737	-326116800	9.2
33737	-323524800	-0.4
33737	-320846400	-7.7
33737	-318254400	-15.5
33737	-315576000	-14.7
33737	-312897600	-12.5
33737	-310392000	-12.7
33737	-307713600	3.9
33737	-305121600	6.3
33737	-302443200	16.9
33737	-299851200	15.7
33737	-297172800	13.9
33737	-294494400	8.9
33737	-291902400	-0.2
33737	-289224000	-7.5
33737	-286632000	-8.6
33737	-283953600	-14
33737	-281275200	-14.9
33737	-278856000	-4.4
33737	-276177600	3.5
33737	-273585600	12.2
33737	-270907200	16
33737	-268315200	16.6
33737	-265636800	14.2
33737	-262958400	8.8
33737	-260366400	1.7
33737	-257688000	-7.8
33737	-255096000	-10.5
33737	-252417600	-12.9
33737	-249739200	-13.4
33737	-247320000	-3.5
33737	-244641600	5.2
33737	-242049600	13.1
33737	-239371200	14.4
33737	-236779200	20.2
33737	-234100800	14.3
33737	-231422400	9.1
33737	-228830400	1.2
33737	-226152000	-7.6
33737	-223560000	-11.1
33737	-220881600	-15
33737	-218203200	-12.7
33737	-215784000	-10.9
33737	-213105600	1.5
33737	-210513600	11.6
33737	-207835200	16.5
33737	-205243200	17.9
33737	-202564800	13.9
33737	-199886400	9.6
33737	-197294400	3.6
33737	-194616000	-2.9
33737	-192024000	-11.8
33737	-189345600	-14.6
33737	-186667200	-19.8
33737	-184161600	-10.8
33737	-181483200	0.7
33737	-178891200	10.6
33737	-176212800	14.9
33737	-173620800	17.1
33737	-170942400	14.5
33737	-168264000	9.9
33737	-165672000	1.4
33737	-162993600	-3.8
33737	-160401600	-7.7
33737	-157723200	-16
33737	-155044800	-14.4
33737	-152625600	-7.1
33737	-149947200	1.2
33737	-147355200	12.1
33737	-144676800	16
33737	-142084800	18.7
33737	-139406400	14.7
33737	-136728000	11.2
33737	-134136000	1
33737	-131457600	-9.6
33737	-128865600	-13.1
33737	-126187200	-19.6
33737	-123508800	-15.3
33737	-121089600	-6.9
33737	-118411200	2.3
33737	-115819200	10.9
33737	-113140800	14.2
33737	-110548800	18.8
33737	-107870400	16.4
33737	-105192000	9.7
33737	-102600000	1.6
33737	-99921600	-3.7
33737	-97329600	-24.3
33737	-94651200	-18.2
33737	-91972800	-21.3
33737	-89553600	-8.6
33737	-86875200	7.7
33737	-84283200	12.7
33737	-81604800	15.3
33737	-79012800	17.5
33737	-76334400	16.6
33737	-73656000	7.5
33737	-71064000	4.3
33737	-68385600	-4.8
33737	-65793600	-10.6
33737	-63115200	-17.9
33737	-60436800	-16.5
33737	-57931200	-7.9
33737	-55252800	2.3
33737	-52660800	13.3
33737	-49982400	14.1
33737	-47390400	15.3
33737	-44712000	14.6
33737	-42033600	7.6
33737	-39441600	-0.3
33737	-36763200	-5.3
33737	-34171200	-18.4
33737	-31492800	-28.7
33737	-28814400	-21.5
33737	-26395200	-12.6
33737	-23716800	3.8
33737	-21124800	7.2
33737	-18446400	14.2
33737	-15854400	16.7
33737	-13176000	13.9
33737	-10497600	10.3
33737	-7905600	-0.9
33737	-5227200	-6.8
33737	-2635200	-17.1
33737	43200	-16.6
33737	2721600	-15.6
33737	5140800	-9.8
33737	7819200	3
33737	10411200	10.9
33737	13089600	14.1
33737	15681600	17.3
33737	18360000	14.4
33737	21038400	10.9
33737	23630400	1.5
33737	26308800	-7.6
33737	28900800	-16.1
33737	31579200	-8.5
33737	34257600	-19.3
33737	36676800	-12.2
33737	39355200	1.2
33737	41947200	9.9
33737	44625600	15.1
33737	47217600	19.1
33737	49896000	14.1
33737	52574400	12.9
33737	55166400	2.5
33737	57844800	-1.6
33737	60436800	-12.6
33737	63115200	-25.1
33737	65793600	-14.5
33737	68299200	-9.2
33737	70977600	4.9
33737	73569600	11.6
33737	76248000	14.5
33737	78840000	16.6
33737	81518400	16.3
33737	84196800	7.9
33737	86788800	1.3
33737	89467200	-4.5
33737	92059200	-11.6
33737	94737600	-21.6
33737	97416000	-15.8
33737	99835200	-9.4
33737	102513600	5.1
33737	105105600	12.2
33737	107784000	16.3
33737	110376000	15.1
33737	113054400	14.2
33737	115732800	6.2
33737	118324800	1.1
33737	121003200	-4.8
33737	123595200	-9.3
33737	126273600	-21.7
33737	128952000	-15.8
33737	131371200	-5.3
33737	134049600	4.8
33737	136641600	11.8
33737	139320000	15.2
33737	141912000	19
33737	144590400	14
33737	147268800	11.2
33737	149860800	5.4
33737	152539200	-5.7
33737	155131200	-17.6
33737	157809600	-12.8
33737	160488000	-14.5
33737	162907200	-3.8
33737	165585600	9.5
33737	168177600	13.7
33737	170856000	18
33737	173448000	19
33737	176126400	16.2
33737	178804800	12.6
33737	181396800	0.2
33737	184075200	-7.2
33737	186667200	-11.6
33737	189345600	-13.1
33737	192024000	-19.4
33737	194529600	-10.5
33737	197208000	5.5
33737	199800000	12.3
33737	202478400	17.9
33737	205070400	15.5
33737	207748800	17
33737	210427200	8
33737	213019200	-7.4
33737	215697600	-10.4
33737	218289600	-17.6
33737	220968000	-23.8
33737	223646400	-18.2
33737	226065600	-3.7
33737	228744000	6.7
33737	231336000	14.2
33737	234014400	18.1
33737	236606400	17.6
33737	239284800	14.4
33737	241963200	9
33737	244555200	-1.2
33737	247233600	-6
33737	249825600	-15.5
33737	252504000	-14.7
33737	255182400	-13.8
33737	257601600	-5.2
33737	260280000	2.7
33737	262872000	10.3
33737	265550400	16.7
33737	268142400	16.9
33737	270820800	14
33737	273499200	10.1
33737	276091200	1.5
33737	278769600	-5.8
33737	281361600	-17.4
33737	284040000	-18.4
33737	286718400	-13.3
33737	289137600	-5.4
33737	291816000	-0.9
33737	294408000	13.8
33737	297086400	12.4
33737	299678400	18.6
33737	302356800	16.5
33737	305035200	10.6
33737	307627200	0.3
33737	310305600	-8.1
33737	312897600	-10.1
33737	315576000	-19.8
33737	318254400	-19.3
33737	320760000	-14.8
33737	323438400	2.4
33737	326030400	13.6
33737	328708800	15
33737	331300800	16.9
33737	333979200	11.9
33737	336657600	9.5
33737	339249600	1.8
33737	341928000	-7.4
33737	344520000	-8.3
33737	347198400	-14.7
33737	349876800	-14.3
33737	352296000	-9.3
33737	354974400	1
33737	357566400	8.7
33737	360244800	16.4
33737	362836800	19
33737	365515200	18.1
33737	368193600	10.4
33737	370785600	4.2
33737	373464000	-4.1
33737	376056000	-14
33737	378734400	-14.6
33737	381412800	-16.6
33737	383832000	-10.1
33737	386510400	6.3
33737	389102400	11.5
33737	391780800	15.4
33737	394372800	17.6
33737	397051200	15.6
33737	399729600	10.7
33737	402321600	2.5
33737	4.05e+08	-6.2
33737	407592000	-9.4
33737	410270400	-10.2
33737	412948800	-10.6
33737	415368000	-9.1
33737	418046400	7.5
33737	420638400	9.4
33737	423316800	16
33737	425908800	19.5
33737	428587200	15.4
33737	431265600	8.8
33737	433857600	3.4
33737	436536000	-5.9
33737	439128000	-8.8
33737	441806400	-16.3
33737	444484800	-16.8
33737	446990400	-6.5
33737	449668800	1.6
33737	452260800	11.9
33737	454939200	16.9
33737	457531200	20.3
33737	460209600	15.4
33737	462888000	9.5
33737	465480000	2.6
33737	468158400	-9.8
33737	470750400	-22.7
33737	473428800	-15.8
33737	476107200	-19
33737	478526400	-12.3
33737	481204800	3.2
33737	483796800	9.2
33737	486475200	15.2
33737	489067200	15.9
33737	491745600	16.6
33737	494424000	10
33737	497016000	0.1
33737	499694400	-9
33737	502286400	-12.6
33737	504964800	-14.6
33737	507643200	-15.8
33737	510062400	-7.6
33737	512740800	6.5
33737	515332800	8.5
33737	518011200	15.6
33737	520603200	15.8
33737	523281600	14.4
33737	525960000	8.8
33737	528552000	1.4
33737	531230400	-11.2
33737	533822400	-17.1
33737	536500800	-19
33737	539179200	-11.1
33737	541598400	-16.5
33737	544276800	-0.3
33737	546868800	13.9
33737	549547200	18.6
33737	552139200	17.8
33737	554817600	15.3
33737	557496000	9.2
33737	560088000	1.8
33737	562766400	-12.7
33737	565358400	-12
33737	568036800	-15.2
33737	570715200	-17.2
33737	573220800	-9.9
33737	575899200	5.3
33737	578491200	9.6
33737	581169600	18.7
33737	583761600	19.3
33737	586440000	17.1
33737	589118400	10
33737	591710400	2.7
33737	594388800	-7.1
33737	596980800	-13.1
33737	599659200	-15.4
33737	602337600	-14.7
33737	604756800	-8.7
33737	607435200	0.4
33737	610027200	12
33737	612705600	19.2
33737	615297600	20.9
33737	617976000	14.9
33737	620654400	10.1
33737	623246400	3.1
33737	625924800	-4.7
33737	628516800	-10.8
33737	631195200	-14.8
33737	633873600	-11.8
33737	636292800	-1.7
33737	638971200	4.3
33737	641563200	11.1
33737	644241600	17.2
33737	646833600	17.4
33737	649512000	14.6
33737	652190400	9.5
33737	654782400	1.3
33737	657460800	-5.1
33737	660052800	-9.6
33737	662731200	-12.3
33737	665409600	-16.1
33737	667828800	-7.1
33737	670507200	7.4
33737	673099200	14.2
33737	675777600	19.8
33737	678369600	18
33737	681048000	14.2
33737	683726400	10.9
33737	686318400	6.8
33737	688996800	-7.9
33737	691588800	-16.1
33737	694267200	-11.9
33737	696945600	-12.9
33737	699451200	-8.9
33737	702129600	3.7
33737	704721600	9.3
33737	707400000	14.2
33737	709992000	15.2
33737	712670400	13.6
33737	715348800	9.8
33737	717940800	1.8
33737	720619200	-5.7
33737	723211200	-13.2
33737	725889600	-10.2
33737	728568000	-14
33737	730987200	-9.2
33737	733665600	2.1
33737	736257600	11.1
33737	738936000	16.3
33737	741528000	17.5
33737	744206400	15.8
33737	746884800	6
33737	749476800	2.5
33737	752155200	-16
33737	754747200	-14.6
33737	757425600	-14.3
33737	760104000	-20.1
33737	762523200	-11.2
33737	765201600	4.4
33737	767793600	10.8
33737	770472000	16.3
33737	773064000	15.1
33737	775742400	14.3
33737	778420800	10.7
33737	781012800	4.6
33737	783691200	-5.7
33737	786283200	-13.3
33737	788961600	-19.3
33737	791640000	-7.6
33737	794059200	-3.1
33737	796737600	8.6
33737	799329600	12.2
33737	802008000	17.5
33737	804600000	19.3
33737	807278400	16.5
33737	809956800	9.5
33737	812548800	3.5
33737	815227200	-4.6
33737	817819200	-15.4
33737	820497600	-22.2
33737	823176000	-18.4
33737	825681600	-14.7
33737	828360000	-1.7
33737	830952000	12.6
33737	833630400	18.8
33737	836222400	19.5
33737	838900800	13.2
33737	841579200	8.2
33737	844171200	0.8
33737	846849600	-6.2
33737	849441600	-13.2
33737	852120000	-19.4
33737	854798400	-11.8
33737	857217600	-3.7
33737	859896000	5.7
33737	862488000	11.5
33737	865166400	17.8
33737	867758400	15.7
33737	870436800	14.9
33737	873115200	9.7
33737	875707200	7
33737	878385600	-6
33737	880977600	-14.4
33737	883656000	-14.8
33737	886334400	-16.2
33737	888753600	-9.7
33737	891432000	-1.2
33737	894024000	12.1
33737	896702400	20.8
33737	899294400	21.5
33737	901972800	18.1
33737	904651200	9.8
33737	907243200	4.3
33737	909921600	-11.5
33738	-1341316800	25.1
33738	-1338638400	20.2
33738	-1335960000	14.7
33738	-1333368000	7.3
33738	-1330689600	-4.2
33738	-1328097600	-15.6
33738	-1325419200	-17.1
33738	-1322740800	-14.3
33738	-1320235200	-15.2
33738	-1317556800	1.6
33738	-1314964800	13.3
33738	-1312286400	17.6
33738	-1309694400	21.1
33738	-1307016000	18.3
33738	-1304337600	13.8
33738	-1301745600	4.9
33738	-1299067200	-0.8
33738	-1296475200	-11.5
33738	-1293796800	-17.1
33738	-1291118400	-22.2
33738	-1288699200	-7.2
33738	-1286020800	4.4
33738	-1283428800	13.2
33738	-1280750400	19.4
33738	-1278158400	24.5
33738	-1275480000	20.7
33738	-1272801600	11.5
33738	-1270209600	5.4
33738	-1267531200	-4
33738	-1264939200	-20.9
33738	-1262260800	-14.9
33738	-1259582400	-18.2
33738	-1257163200	-2.6
33738	-1254484800	5.7
33738	-1251892800	14.9
33738	-1249214400	20.8
33738	-1246622400	22.9
33738	-1243944000	22.1
33738	-1241265600	11.4
33738	-1238673600	4.5
33738	-1235995200	-1.6
33738	-1233403200	-17.8
33738	-1230724800	-18.6
33738	-1228046400	-22.7
33738	-1225627200	-7.9
33738	-1222948800	4.5
33738	-1220356800	15
33738	-1217678400	21.1
33738	-1215086400	26.4
33738	-1212408000	19.5
33738	-1209729600	15.2
33739	441806400	-14.6
33739	444484800	-18.6
33740	1388577600	-13.7
33740	1391256000	-15.1
33740	1393675200	-2.2
33740	1396353600	3.7
33740	1398945600	16.8
33740	1401624000	17.4
33740	1404216000	16.7
33740	1406894400	19.2
33740	1409572800	10.3
33740	1412164800	1.8
33740	1414843200	-3.6
33740	1417435200	-7.6
33740	1420113600	-12.1
33740	1422792000	-7.7
33740	1425211200	-4.6
33740	1427889600	4.9
33740	1430481600	14.7
33741	1004616000	-5.2
33741	1007208000	-18.4
33741	1009886400	-8.9
33741	1012564800	-6.9
33741	1014984000	-2.2
33741	1017662400	-0.3
33741	1020254400	8.3
33741	1022932800	13.2
33741	1025524800	18.2
33741	1028203200	13.4
33741	1030881600	11
33741	1033473600	2.8
33741	1036152000	-3.4
33741	1038744000	-21.6
33741	1041422400	-12.2
33741	1044100800	-17.1
33741	1046520000	-8.2
33741	1049198400	3.2
33741	1051790400	11.7
33741	1054468800	13.9
33741	1057060800	17.4
33741	1059739200	18.4
33741	1062417600	11.2
33741	1065009600	1.3
33741	1067688000	-7.6
33741	1070280000	-7.7
33741	1072958400	-13.8
33742	470750400	-20.5
33742	473428800	-14.8
33742	476107200	-14.1
33742	478526400	-12
33742	481204800	5.3
33742	483796800	13.3
33742	486475200	21.1
33742	489067200	20.4
33742	491745600	20.6
33742	494424000	13.6
33742	497016000	2.4
33742	499694400	-6.2
33742	502286400	-11.1
33742	504964800	-10.8
33742	507643200	-16.7
33742	510062400	-9.5
33742	512740800	7.2
33742	515332800	13.5
33742	518011200	19.4
33742	520603200	20.2
33742	523281600	19.2
33742	525960000	12.8
33742	528552000	3.9
33742	531230400	-7.5
33742	533822400	-13.1
33742	536500800	-15.5
33742	539179200	-11.8
33742	541598400	-13
33742	544276800	-0.9
33742	546868800	16.3
33742	549547200	21.7
33742	552139200	21.4
33742	554817600	19.8
33742	557496000	11.5
33742	560088000	2.1
33742	562766400	-8.7
33742	565358400	-10.8
33742	568036800	-16
33742	570715200	-17.4
33742	573220800	-7.3
33742	575899200	6.4
33742	578491200	12.8
33742	581169600	22.7
33742	583761600	22.6
33742	586440000	21
33742	589118400	13.3
33742	591710400	4.7
33742	594388800	-5.2
33742	596980800	-11
33742	599659200	-12.2
33742	602337600	-13.7
33742	604756800	-8.4
33742	607435200	0.6
33742	610027200	13.8
33742	612705600	21.2
33742	615297600	24.5
33742	617976000	19.7
33742	620654400	13.2
33742	623246400	4.8
33742	625924800	-3.3
33742	628516800	-8.9
33742	631195200	-14.3
33742	633873600	-10.6
33742	636292800	-1
33742	638971200	7.6
33742	641563200	13.6
33742	644241600	20.9
33742	646833600	20
33742	649512000	18.3
33742	652190400	13.1
33742	654782400	3.8
33742	657460800	-3.4
33742	660052800	-10.8
33742	662731200	-12.3
33742	665409600	-16
33742	667828800	-8
33742	670507200	9.3
33742	673099200	17
33742	675777600	22.8
33742	678369600	22.2
33742	681048000	18.2
33742	683726400	14.4
33742	686318400	8.6
33742	688996800	-4.5
33742	691588800	-13.3
33742	694267200	-10.7
33742	696945600	-11.9
33742	699451200	-9.8
33742	702129600	5.6
33742	704721600	12.4
33742	707400000	17.3
33742	709992000	18.3
33742	712670400	16.1
33742	715348800	13.9
33742	717940800	3.5
33742	720619200	-2.9
33742	723211200	-13
33742	725889600	-9.8
33742	728568000	-14.7
33742	730987200	-8.3
33742	733665600	2.4
33742	736257600	13.1
33742	738936000	18.9
33742	741528000	21
33742	744206400	20
33742	746884800	9.1
33742	749476800	4.2
33742	752155200	-15.1
33742	754747200	-13.6
33742	757425600	-14.1
33742	760104000	-19.7
33742	762523200	-10.9
33742	765201600	4.9
33742	767793600	13.8
33742	770472000	19.8
33742	773064000	17.6
33742	775742400	17.8
33742	778420800	14
33742	781012800	6.5
33742	783691200	-4.1
33742	786283200	-12.7
33742	788961600	-16.4
33742	791640000	-10.5
33742	794059200	-4.5
33742	796737600	12.9
33742	799329600	15.4
33742	802008000	22.1
33742	804600000	23.4
33742	807278400	20.7
33742	809956800	13.4
33742	812548800	6
33742	815227200	-1.3
33742	817819200	-11.7
33742	820497600	-19.5
33742	823176000	-16.8
33742	825681600	-12.6
33742	828360000	0.9
33742	830952000	15.7
33742	833630400	22.2
33742	836222400	23.1
33742	838900800	18
33742	841579200	12.8
33742	844171200	2.4
33742	846849600	-5.9
33742	849441600	-12.7
33742	852120000	-15.4
33742	854798400	-11.9
33742	857217600	-3.3
33742	859896000	7.8
33742	862488000	14.6
33742	865166400	22.2
33742	867758400	19.9
33742	870436800	18.4
33742	873115200	13.6
33742	875707200	9.3
33742	878385600	-4.8
33742	880977600	-13.5
33742	883656000	-16.6
33742	886334400	-13.8
33742	888753600	-8.1
33742	891432000	1.2
33742	894024000	14.3
33742	896702400	23.9
33742	899294400	24.8
33742	901972800	22.2
33742	904651200	12.7
33742	907243200	5.9
33742	909921600	-8.7
33742	912513600	-8.1
33742	915192000	-10.1
33742	917870400	-8.7
33742	920289600	-12.9
33742	922968000	6.3
33742	925560000	11.8
33742	928238400	17.7
33742	930830400	20.1
33742	933508800	21.3
33742	936187200	12.5
33742	938779200	7.1
33742	941457600	-8
33742	944049600	-6.4
33742	946728000	-11.1
33742	949406400	-10.2
33742	951912000	-7.8
33742	954590400	9
33742	957182400	10.6
33742	959860800	20.2
33742	962452800	21.6
33742	965131200	20.7
33742	967809600	12.1
33742	970401600	2.4
33742	973080000	-5.7
33742	975672000	-9.5
33742	978350400	-11.8
33742	981028800	-12.6
33742	983448000	-3.5
33742	986126400	8
33742	988718400	16.7
33742	991396800	18.4
33742	993988800	20.6
33742	996667200	18.9
33742	999345600	12.1
33742	1001937600	3.2
33742	1004616000	-1.2
33742	1007208000	-11.6
33742	1009886400	-7.5
33742	1012564800	-5.5
33742	1014984000	0
33742	1017662400	3.4
33742	1020254400	10.5
33742	1022932800	17.5
33742	1025524800	22
33742	1028203200	18.2
33742	1030881600	15.9
33742	1033473600	5.3
33742	1036152000	-1.4
33742	1038744000	-20.3
33742	1041422400	-12.7
33742	1044100800	-14
33742	1046520000	-10.3
33742	1049198400	2.8
33742	1051790400	14.4
33742	1054468800	16.6
33742	1057060800	20.6
33742	1059739200	22.6
33742	1062417600	15.1
33742	1065009600	5.7
33742	1067688000	-4.9
33742	1070280000	-7.3
33742	1072958400	-13.2
33742	1075636800	-10.2
33742	1078142400	-6
33742	1080820800	6
33742	1083412800	16.5
33742	1086091200	20.4
33742	1088683200	21.8
33742	1091361600	20.8
33742	1094040000	16
33742	1096632000	5.7
33742	1099310400	-0.8
33742	1101902400	-10.5
33742	1104580800	-14.4
33742	1107259200	-19.5
33742	1109678400	-5.8
33742	1112356800	4.7
33742	1114948800	16.3
33742	1117627200	20.3
33742	1120219200	23
33742	1122897600	19.2
33742	1125576000	14.3
33742	1128168000	7
33742	1130846400	-2.6
33742	1133438400	-8.7
33742	1136116800	-20.5
33742	1138795200	-12.1
33742	1141214400	-1.3
33742	1143892800	8.6
33742	1146484800	14.9
33742	1149163200	22.3
33742	1151755200	19.9
33742	1154433600	20.9
33742	1157112000	14.4
33742	1159704000	5.6
33742	1162382400	-4.3
33742	1164974400	-6.2
33742	1167652800	-6.5
33742	1170331200	-11.9
33742	1172750400	-10.1
33742	1175428800	4.5
33742	1178020800	15.5
33742	1180699200	18.4
33742	1183291200	21.7
33742	1185969600	23.1
33742	1188648000	14.7
33742	1191240000	5.9
33742	1193918400	-6.6
33742	1196510400	-16.2
33742	1199188800	-19.7
33742	1201867200	-12.7
33742	1204372800	0.6
33742	1207051200	8.7
33742	1209643200	14.9
33742	1212321600	19.1
33742	1214913600	23.8
33742	1217592000	22.3
33742	1220270400	11.9
33742	1222862400	6
33742	1225540800	0.8
33742	1228132800	-11
33742	1230811200	-14.8
33742	1233489600	-14.1
33742	1235908800	-3.6
33742	1238587200	4.5
33742	1241179200	14.1
33742	1243857600	21.7
33742	1246449600	21.2
33742	1249128000	18.8
33742	1251806400	14.9
33742	1254398400	5.8
33742	1257076800	-2.6
33742	1259668800	-12.6
33742	1262347200	-20.6
33742	1265025600	-18.1
33742	1267444800	-7
33742	1270123200	6.6
33742	1272715200	16.7
33742	1275393600	24.1
33742	1277985600	23.3
33742	1280664000	24.1
33742	1283342400	14.8
33742	1285934400	4.9
33742	1288612800	1.2
33742	1291204800	-7.9
33742	1293883200	-18.4
33742	1296561600	-18.5
33742	1298980800	-9
33742	1301659200	7.1
33742	1304251200	15.5
33742	1306929600	18.9
33742	1309521600	24
33742	1312200000	19.7
33742	1314878400	15
33742	1317470400	6.2
33742	1320148800	-8.5
33742	1322740800	-14.1
33742	1325419200	-16.1
33742	1328097600	-21
33742	1330603200	-7.2
33742	1333281600	14.1
33742	1335873600	17.8
33742	1338552000	23.7
33742	1341144000	25.4
33742	1343822400	24.3
33742	1346500800	14.1
33742	1349092800	8.2
33742	1351771200	-1
33742	1354363200	-14.7
33742	1357041600	-13.8
33742	1359720000	-12.4
33742	1362139200	-4.5
33742	1364817600	10
33742	1367409600	15.9
33742	1370088000	21.7
33742	1372680000	21.7
33742	1375358400	19.8
33742	1378036800	13.7
33742	1380628800	5.1
33743	1078142400	-7.7
33743	1080820800	1
33743	1083412800	13.7
33743	1086091200	16.7
33743	1088683200	19.3
33743	1091361600	16.4
33743	1094040000	11
33743	1096632000	2.3
33743	1099310400	-2.8
33743	1101902400	-13.9
33743	1104580800	-16.6
33743	1107259200	-22.2
33743	1109678400	-9.3
33743	1112356800	3.6
33743	1114948800	13.2
33743	1117627200	16.2
33743	1120219200	17.5
33743	1122897600	15.5
33743	1125576000	9.6
33743	1128168000	3
33743	1130846400	-2.7
33743	1133438400	-11
33743	1136116800	-21.8
33743	1138795200	-14.5
33743	1141214400	-6.2
33743	1143892800	3.9
33743	1146484800	11.5
33743	1149163200	17.8
33743	1151755200	15.1
33743	1154433600	14.8
33743	1157112000	10.3
33743	1159704000	2.7
33743	1162382400	-7.1
33743	1164974400	-7
33743	1167652800	-7.2
33743	1170331200	-16.2
33743	1172750400	-9.9
33743	1175428800	4
33743	1178020800	12.6
33743	1180699200	14.2
33743	1183291200	17.5
33743	1185969600	17.9
33743	1188648000	10.6
33743	1191240000	3.3
33743	1193918400	-7.9
33743	1196510400	-15.9
33743	1199188800	-19.5
33743	1201867200	-11.9
33743	1204372800	-3.2
33743	1207051200	3.9
33743	1209643200	11.2
33743	1212321600	14.6
33743	1214913600	19.3
33743	1217592000	16.7
33743	1220270400	7.8
33743	1222862400	3.6
33743	1225540800	0.9
33743	1228132800	-10.3
33743	1230811200	-14.2
33743	1233489600	-15
33743	1235908800	-6.4
33743	1238587200	1.6
33743	1241179200	11.6
33743	1243857600	17.6
33743	1246449600	16.5
33743	1249128000	15.2
33743	1251806400	11.2
33743	1254398400	4
33743	1257076800	-5
33743	1259668800	-15.7
33743	1262347200	-22.7
33743	1265025600	-19.6
33743	1267444800	-8.9
33743	1270123200	4
33743	1272715200	12.5
33743	1275393600	19.5
33743	1277985600	19.6
33743	1280664000	18.8
33743	1283342400	10.3
33743	1285934400	1.1
33743	1288612800	-0.8
33743	1291204800	-13.5
33743	1293883200	-22.4
33743	1296561600	-22.4
33743	1298980800	-11.9
33743	1301659200	3.3
33743	1304251200	11.6
33743	1306929600	15.7
33743	1309521600	19.1
33743	1312200000	14.1
33743	1314878400	11.3
33743	1317470400	3.7
33743	1320148800	-8.7
33743	1322740800	-14
33743	1325419200	-19.6
33743	1328097600	-21.7
33743	1330603200	-8.5
33743	1333281600	9.3
33743	1335873600	13.5
33743	1338552000	19
33743	1341144000	20.7
33743	1343822400	18.7
33743	1346500800	10.5
33743	1349092800	5
33743	1351771200	-3.2
33743	1354363200	-19.9
33743	1357041600	-16.8
33743	1359720000	-15.3
33743	1362139200	-8.4
33743	1364817600	4.7
33743	1367409600	11.9
33743	1370088000	17.2
33743	1372680000	17.6
33743	1375358400	16.5
33743	1378036800	9.9
33743	1380628800	3
33744	-1159790400	8
33744	-1157198400	14.5
33744	-1154520000	20.1
33745	-1149249600	19.9
33745	-1146571200	14.7
33745	-1143979200	3.5
33745	-1141300800	-2.9
33746	-1136030400	-19.5
33746	-1133352000	-11.1
33746	-1130932800	-10.6
33746	-1128254400	0.1
33746	-1125662400	14
33747	-1094126400	15.4
33747	-1091448000	17.5
33747	-1088856000	21.3
33748	-1078228800	-9.1
33748	-1075636800	-11.3
33748	-1072958400	-13.5
33748	-1070280000	-13.6
33748	-1067774400	-9.8
33748	-1065096000	3.9
33748	-1062504000	12.4
33748	-1059825600	22.3
33748	-1057233600	22.3
33748	-1054555200	21.6
33748	-1051876800	12.9
33748	-1049284800	7.4
33748	-1046606400	-1.2
33748	-1044014400	-7.1
33748	-1041336000	-16.6
33748	-1038657600	-16.7
33748	-1036238400	-5.5
33748	-1033560000	5.2
33748	-1030968000	12
33748	-1028289600	19.6
33748	-1025697600	23.7
33748	-1023019200	23.1
33748	-1020340800	18.1
33748	-1017748800	6.8
33748	-1015070400	-4.5
33748	-1012478400	-12.7
33748	-1009800000	-14.1
33748	-1007121600	-13.1
33748	-1004702400	-7.5
33748	-1002024000	8.9
33748	-999432000	15.1
33748	-996753600	19.7
33748	-994161600	19.9
33748	-991483200	21.5
33748	-988804800	15.5
33748	-986212800	6.2
33748	-983534400	-2.6
33748	-980942400	-20.4
33748	-978264000	-20.7
33748	-975585600	-11.3
33748	-973166400	-5.9
33748	-970488000	6.8
33748	-967896000	15.1
33748	-965217600	23.5
33748	-962625600	23.6
33748	-959947200	18.6
33748	-957268800	11.9
33748	-954676800	0.9
33748	-951998400	-4
33748	-949406400	-9.6
33748	-946728000	-19.8
33748	-944049600	-17.3
33748	-941544000	-6.3
33748	-938865600	9.2
33748	-936273600	11.5
33748	-933595200	18.5
33748	-931003200	24.9
33748	-928324800	24
33748	-925646400	16
33748	-923054400	2.7
33748	-920376000	0
33748	-917784000	-8
33748	-915105600	-17.5
33748	-912427200	-13
33748	-910008000	-7.6
33748	-907329600	4.2
33748	-904737600	12.8
33748	-902059200	18
33748	-899467200	20.5
33748	-896788800	19.7
33748	-894110400	14.5
33748	-891518400	4.5
33748	-888840000	-10.7
33748	-886248000	-13.4
33748	-883569600	-16.2
33748	-880891200	-20.4
33748	-878472000	-11.2
33748	-875793600	-1
33748	-873201600	13.6
33749	-867931200	22.5
33749	-865252800	20.3
33749	-862574400	12.8
33749	-859982400	5.3
33749	-857304000	-4.3
33749	-854712000	-11.6
33749	-852033600	-18.3
33749	-849355200	-17.6
33749	-846936000	-11
33749	-844257600	8
33749	-841665600	18.4
33749	-838987200	20
33749	-836395200	22.6
33749	-833716800	20
33750	-799416000	15
33750	-796824000	4.8
33750	-794145600	-7.5
33750	-791553600	-18
33750	-788875200	-18.8
33750	-786196800	-22.4
33750	-783777600	-7.7
33750	-781099200	6.3
33750	-778507200	10.8
33750	-775828800	18.7
33750	-773236800	20
33750	-770558400	22.4
33750	-767880000	12.9
33750	-765288000	4.6
33750	-762609600	-7.1
33750	-760017600	-12.6
33750	-757339200	-13.1
33750	-754660800	-5.9
33750	-752241600	-7.6
33750	-749563200	5.9
33750	-746971200	14.8
33750	-744292800	18.6
33750	-741700800	19.3
33750	-739022400	20.9
33750	-736344000	15.8
33750	-733752000	2.5
33750	-731073600	-4.4
33750	-728481600	-14.6
33750	-725803200	-18
33750	-723124800	-14.8
33750	-720705600	-0.2
33750	-718027200	7.5
33750	-715435200	11.8
33750	-712756800	16.2
33750	-710164800	20.8
33750	-707486400	19.1
33750	-704808000	13.9
33750	-702216000	5.6
33750	-699537600	0
33750	-696945600	-11.3
33750	-694267200	-6.9
33750	-691588800	-11.9
33750	-689083200	-8.1
33750	-686404800	2.6
33750	-683812800	17.1
33750	-681134400	23.4
33750	-678542400	22.5
33750	-675864000	21.3
33750	-673185600	13.4
33750	-670593600	6.6
33750	-667915200	-2.3
33750	-665323200	-13.5
33750	-662644800	-12.5
33750	-659966400	-13.3
33750	-657547200	-11.9
33750	-654868800	3.1
33750	-652276800	15.4
33750	-649598400	21.1
33750	-647006400	22.9
33750	-644328000	20.1
33750	-641649600	11.1
33750	-639057600	4
33750	-636379200	-4.7
33750	-633787200	-13.7
33750	-631108800	-21.8
33750	-628430400	-15.9
33750	-626011200	-7.6
33750	-623332800	8.6
33750	-620740800	14.6
33750	-618062400	18.2
33750	-615470400	20
33750	-612792000	18.8
33750	-610113600	15.3
33750	-607521600	5
33750	-604843200	-4.8
33750	-602251200	-12.3
33750	-599572800	-17.8
33750	-596894400	-21.5
33750	-594475200	-4.8
33750	-591796800	11.8
33750	-589204800	16.2
33750	-586526400	19.8
33750	-583934400	23.6
33750	-581256000	21.8
33750	-578577600	15
33750	-575985600	3.5
33750	-573307200	-6.8
33750	-570715200	-5.8
33750	-568036800	-14.1
33750	-565358400	-12.8
33750	-562852800	-9.5
33750	-560174400	1.6
33750	-557582400	17
33750	-554904000	20.9
33750	-552312000	24.6
33750	-549633600	22.8
33750	-546955200	15.1
33750	-544363200	5.9
33750	-541684800	-6.3
33750	-539092800	-13.4
33750	-536414400	-13.4
33750	-533736000	-11
33750	-531316800	-6.9
33750	-528638400	6.6
33750	-526046400	15.3
33750	-523368000	18.3
33750	-520776000	23.1
33750	-518097600	22.9
33750	-515419200	14.3
33750	-512827200	2.6
33750	-510148800	-10.4
33750	-507556800	-10.9
33750	-504878400	-19.1
33750	-502200000	-24.5
33750	-499780800	-11.5
33750	-497102400	2.3
33750	-494510400	15.1
33750	-491832000	20.1
33750	-489240000	25
33750	-486561600	21.7
33750	-483883200	15.5
33750	-481291200	8
33750	-478612800	-1.5
33750	-476020800	-10.6
33750	-473342400	-11.3
33750	-470664000	-11.1
33750	-468244800	-11.2
33750	-465566400	5.5
33750	-462974400	17.1
33750	-460296000	22.9
33750	-457704000	21.6
33750	-455025600	20.1
33750	-452347200	14.2
33750	-449755200	7.1
33750	-447076800	-6
33750	-444484800	-12.3
33750	-441806400	-16.5
33750	-439128000	-19.9
33750	-436622400	-11.6
33750	-433944000	7.5
33750	-431352000	13.3
33750	-428673600	18.9
33750	-426081600	21.3
33750	-423403200	21.9
33750	-420724800	10.9
33750	-418132800	7.3
33750	-415454400	-3.6
33750	-412862400	-9.7
33750	-410184000	-18.6
33750	-407505600	-13.4
33750	-405086400	-9.1
33750	-402408000	4.5
33750	-399816000	18.5
33750	-397137600	21.6
33750	-394545600	20.8
33750	-391867200	20.1
33750	-389188800	18.5
33750	-386596800	5.5
33750	-383918400	-6.9
33750	-381326400	-7.1
33750	-378648000	-11.5
33750	-375969600	-7.5
33750	-373550400	-8.2
33750	-370872000	2.1
33750	-368280000	14.1
33750	-365601600	21.8
33750	-363009600	20.9
33750	-360331200	20.9
33750	-357652800	11.2
33750	-355060800	5.4
33750	-352382400	-3.7
33750	-349790400	-13.7
33750	-347112000	-12.7
33750	-344433600	-13.8
33750	-342014400	-8.7
33750	-339336000	6.8
33750	-336744000	15.3
33750	-334065600	18.6
33750	-331473600	21.6
33750	-328795200	18.8
33750	-326116800	13
33750	-323524800	2
33750	-320846400	-6.3
33750	-318254400	-18.1
33750	-315576000	-11.5
33750	-312897600	-12.7
33750	-310392000	-13.9
33750	-307713600	6.4
33750	-305121600	10.3
33750	-302443200	21
33750	-299851200	20.3
33750	-297172800	20.1
33750	-294494400	13
33750	-291902400	4
33750	-289224000	-8.1
33750	-286632000	-10.7
33750	-283953600	-13.1
33750	-281275200	-12.2
33750	-278856000	-3.4
33750	-276177600	6.9
33750	-273585600	18.1
33750	-270907200	20.6
33750	-268315200	22.1
33750	-265636800	20.7
33750	-262958400	12.3
33750	-260366400	4.5
33750	-257688000	-3.2
33750	-255096000	-5.9
33750	-252417600	-11.4
33750	-249739200	-10.5
33750	-247320000	0.4
33750	-244641600	9
33750	-242049600	15.3
33750	-239371200	19.5
33750	-236779200	24.9
33750	-234100800	19.2
33750	-231422400	13.7
33750	-228830400	5.1
33750	-226152000	-3.4
33750	-223560000	-12.1
33750	-220881600	-12.4
33750	-218203200	-10.7
33750	-215784000	-7.6
33750	-213105600	5.5
33750	-210513600	15.5
33750	-207835200	19.2
33750	-205243200	22.3
33750	-202564800	19
33750	-199886400	13.7
33750	-197294400	7.8
33750	-194616000	-0.8
33750	-192024000	-11.3
33750	-189345600	-12.8
33750	-186667200	-16.7
33750	-184161600	-10.2
33750	-181483200	0.6
33750	-178891200	14.6
33750	-176212800	18.9
33750	-173620800	21
33750	-170942400	18.5
33750	-168264000	14.6
33750	-165672000	4
33750	-162993600	-1.3
33750	-160401600	-8.5
33750	-157723200	-13.7
33750	-155044800	-14.5
33750	-152625600	-2.2
33750	-149947200	4.1
33750	-147355200	15.1
33750	-144676800	20.1
33750	-142084800	23.4
33750	-139406400	19.5
33750	-136728000	14.7
33750	-134136000	3.7
33750	-131457600	-2.1
33750	-128865600	-6.1
33750	-126187200	-12.6
33750	-123508800	-9.7
33750	-121089600	-2.1
33750	-118411200	8.7
33750	-115819200	14.2
33750	-113140800	19.1
33750	-110548800	23.9
33750	-107870400	22.3
33750	-105192000	14.3
33750	-102600000	3.7
33750	-99921600	-3.3
33750	-97329600	-16.5
33750	-94651200	-13.9
33750	-91972800	-15.1
33750	-89553600	-3.2
33750	-86875200	9.8
33750	-84283200	18.8
33750	-81604800	21.4
33750	-79012800	22.1
33750	-76334400	22.3
33750	-73656000	11.3
33750	-71064000	7.3
33750	-68385600	-0.5
33750	-65793600	-8.7
33750	-63115200	-13
33750	-60436800	-14.5
33750	-57931200	-5.8
33750	-55252800	6.1
33750	-52660800	18.1
33750	-49982400	18.8
33750	-47390400	20
33750	-44712000	20.6
33750	-42033600	14.9
33750	-39441600	2.9
33750	-36763200	-4.7
33750	-34171200	-15.4
33750	-31492800	-25.2
33750	-28814400	-18.9
33750	-26395200	-12.5
33750	-23716800	6.6
33750	-21124800	12.3
33750	-18446400	21.6
33750	-15854400	21.8
33750	-13176000	19.5
33750	-10497600	14.9
33750	-7905600	3.6
33750	-5227200	-0.2
33750	-2635200	-10.2
33750	43200	-16.8
33750	2721600	-11
33750	5140800	-5.8
33750	7819200	9.7
33750	10411200	14.7
33750	13089600	17.8
33750	15681600	22.6
33750	18360000	18.8
33750	21038400	14.4
33750	23630400	4.7
33750	26308800	-2.6
33750	28900800	-15.7
33750	31579200	-11.8
33750	34257600	-17.8
33750	36676800	-8.5
33750	39355200	4.8
33750	41947200	13.5
33750	44625600	19.1
33750	47217600	23.8
33750	49896000	18.9
33750	52574400	18.1
33750	55166400	5.7
33750	57844800	1.3
33750	60436800	-7.2
33750	63115200	-23.9
33750	65793600	-16.8
33750	68299200	-11
33750	70977600	9.1
33750	73569600	14.8
33750	76248000	18.7
33750	78840000	22
33750	81518400	20.5
33750	84196800	12.8
33750	86788800	5.5
33750	89467200	-1.6
33750	92059200	-8.9
33750	94737600	-18.9
33750	97416000	-10.3
33750	99835200	-4.8
33750	102513600	8.8
33750	105105600	15.7
33750	107784000	20.1
33750	110376000	20.9
33750	113054400	19.4
33750	115732800	10.1
33750	118324800	4
33750	121003200	-0.6
33750	123595200	-6.7
33750	126273600	-19
33750	128952000	-15.8
33750	131371200	-3.1
33750	134049600	7.4
33750	136641600	16.1
33750	139320000	18.9
33750	141912000	23
33750	144590400	18.8
33750	147268800	15.4
33750	149860800	9.7
33750	152539200	-3.4
33750	155131200	-8.8
33750	157809600	-9.8
33750	160488000	-15
33750	162907200	-4.6
33750	165585600	12.5
33750	168177600	16.5
33750	170856000	23.5
33750	173448000	24.2
33750	176126400	20.4
33750	178804800	16.3
33750	181396800	3.7
33750	184075200	-5.7
33750	186667200	-7.6
33750	189345600	-10.6
33750	192024000	-18.3
33750	194529600	-10.9
33750	197208000	6.7
33750	199800000	15.8
33750	202478400	20.5
33750	205070400	20.3
33750	207748800	23.8
33750	210427200	12
33750	213019200	-4.7
33750	215697600	-7.6
33750	218289600	-16
33750	220968000	-21
33750	223646400	-14.4
33750	226065600	-1.5
33750	228744000	9.9
33750	231336000	17.6
33750	234014400	22.6
33750	236606400	22.5
33750	239284800	19.6
33750	241963200	13.5
33750	244555200	2.8
33750	247233600	-1.6
33750	249825600	-10.5
33750	252504000	-13.1
33750	255182400	-14.4
33750	257601600	-4.9
33750	260280000	6.4
33750	262872000	12.8
33750	265550400	19.4
33750	268142400	22.8
33750	270820800	19.1
33750	273499200	15.1
33750	276091200	4
33750	278769600	-2.6
33750	281361600	-11.9
33750	284040000	-16.3
33750	286718400	-10.5
33750	289137600	-4.9
33750	291816000	3
33750	294408000	17.2
33750	297086400	17.6
33750	299678400	23.1
33750	302356800	21
33750	305035200	14.6
33750	307627200	5.4
33750	310305600	-3.8
33750	312897600	-7.1
33750	315576000	-17.3
33750	318254400	-18
33750	320760000	-10.2
33750	323438400	7
33750	326030400	17.1
33750	328708800	19.5
33750	331300800	23.8
33750	333979200	18.6
33750	336657600	13.2
33750	339249600	5.5
33750	341928000	-3.3
33750	344520000	-8.5
33750	347198400	-12.2
33750	349876800	-10.2
33750	352296000	-5
33750	354974400	4.8
33750	357566400	12.8
33750	360244800	19.8
33750	362836800	24
33750	365515200	21.9
33750	368193600	14.8
33750	370785600	6.5
33750	373464000	-0.8
33750	376056000	-7.5
33750	378734400	-11.8
33750	381412800	-16.7
33750	383832000	-8.1
33750	386510400	9.7
33750	389102400	15.1
33750	391780800	18.2
33750	394372800	23.2
33750	397051200	19.4
33750	399729600	14.6
33750	402321600	4.2
33750	4.05e+08	-2.8
33750	407592000	-5.8
33750	410270400	-7.4
33750	412948800	-5.8
33750	415368000	-5.8
33750	418046400	10.7
33750	420638400	13.8
33750	423316800	19.4
33750	425908800	24.8
33750	428587200	20.3
33750	431265600	12.8
33750	433857600	5.6
33750	436536000	-2.4
33750	439128000	-7
33750	441806400	-12.2
33750	444484800	-16.7
33750	446990400	-4.7
33750	449668800	4.6
33750	452260800	16.7
33750	454939200	19.9
33750	457531200	26.5
33750	460209600	20
33750	462888000	13.7
33750	465480000	5.5
33750	468158400	-5.2
33750	470750400	-17.9
33750	473428800	-13.6
33750	476107200	-12.2
33750	478526400	-9.7
33750	481204800	6.5
33750	483796800	14.6
33750	486475200	21.6
33750	489067200	21.1
33750	491745600	21.7
33750	494424000	14.5
33750	497016000	3.6
33750	499694400	-3.6
33750	502286400	-9.5
33750	504964800	-9.5
33750	507643200	-15.4
33750	510062400	-7.1
33750	512740800	8.8
33750	515332800	14.5
33750	518011200	20.9
33750	520603200	21.2
33750	523281600	20.5
33750	525960000	13.8
33750	528552000	4.6
33750	531230400	-6.1
33750	533822400	-10.7
33750	536500800	-14.6
33750	539179200	-10.7
33750	541598400	-11.1
33750	544276800	1.5
33750	546868800	17.2
33750	549547200	22.6
33750	552139200	22.2
33750	554817600	20.2
33750	557496000	12.2
33750	560088000	2.3
33750	562766400	-7.2
33750	565358400	-10.1
33750	568036800	-14.7
33750	570715200	-16.1
33750	573220800	-6.3
33750	575899200	7.5
33750	578491200	13.8
33750	581169600	23.7
33750	583761600	23.8
33750	586440000	22.2
33750	589118400	14.4
33750	591710400	5.1
33750	594388800	-4
33750	596980800	-8.5
33750	599659200	-10.8
33750	602337600	-12.1
33750	604756800	-5.8
33750	607435200	3.2
33750	610027200	14.8
33750	612705600	21.9
33750	615297600	24.2
33750	617976000	20
33750	620654400	13.7
33750	623246400	5.5
33750	625924800	-2.8
33750	628516800	-7.5
33750	631195200	-13
33750	633873600	-9.7
33750	636292800	0.8
33750	638971200	8.7
33750	641563200	13.9
33750	644241600	20.9
33750	646833600	21.1
33750	649512000	18.3
33750	652190400	13.7
33750	654782400	4.7
33750	657460800	-2
33750	660052800	-9.5
33750	662731200	-10.8
33750	665409600	-13.3
33750	667828800	-7.2
33750	670507200	9.8
33750	673099200	17.1
33750	675777600	22.3
33750	678369600	22.8
33750	681048000	19.2
33750	683726400	14.7
33750	686318400	9.9
33750	688996800	-2.3
33750	691588800	-12.2
33750	694267200	-9.5
33750	696945600	-11
33750	699451200	-8.3
33750	702129600	6.2
33750	704721600	13.2
33750	707400000	17.9
33750	709992000	19.4
33750	712670400	17.5
33750	715348800	14.3
33750	717940800	4
33750	720619200	-1.1
33750	723211200	-10.8
33750	725889600	-8.5
33750	728568000	-13.9
33750	730987200	-6.9
33750	733665600	4.6
33750	736257600	14
33750	738936000	18.7
33750	741528000	21.8
33750	744206400	20.2
33750	746884800	9.8
33750	749476800	4.9
33750	752155200	-13.8
33750	754747200	-11.9
33750	757425600	-11.5
33750	760104000	-19.6
33750	762523200	-9.4
33750	765201600	6.4
33750	767793600	14.4
33750	770472000	19.8
33750	773064000	17.9
33750	775742400	18.5
33750	778420800	14.6
33750	781012800	6.4
33750	783691200	-3
33750	786283200	-11.7
33750	788961600	-14.6
33750	791640000	-8.9
33750	794059200	-3.1
33750	796737600	14.1
33750	799329600	16
33750	802008000	23.2
33750	804600000	24
33750	807278400	21.2
33750	809956800	13.6
33750	812548800	6.6
33750	815227200	-0.2
33750	817819200	-10.2
33750	820497600	-18.4
33750	823176000	-14
33750	825681600	-10
33750	828360000	2.7
33750	830952000	16.5
33750	833630400	22.3
33750	836222400	24.1
33750	838900800	18.9
33750	841579200	13.4
33750	844171200	3.3
33750	846849600	-3.6
33750	849441600	-11.3
33750	852120000	-14.3
33750	854798400	-10.7
33750	857217600	-1.6
33750	859896000	8.6
33750	862488000	14.9
33750	865166400	22.7
33750	867758400	20.7
33750	870436800	18.6
33750	873115200	13.2
33750	875707200	9.9
33750	878385600	-4.6
33750	880977600	-12.5
33750	883656000	-14.8
33750	886334400	-12.5
33750	888753600	-6.5
33750	891432000	2.8
33750	894024000	14.7
33750	896702400	24.7
33750	899294400	25.4
33750	901972800	22.1
33750	904651200	13.6
33750	907243200	6.9
33750	909921600	-7.3
33750	912513600	-7.2
33750	915192000	-9.1
33750	917870400	-7.5
33750	920289600	-10.6
33750	922968000	7.5
33750	925560000	13
33750	928238400	18.9
33750	930830400	21.9
33750	933508800	22.6
33750	936187200	13.4
33750	938779200	7.9
33750	941457600	-6.8
33750	944049600	-5.1
33750	946728000	-9.2
33750	949406400	-6.9
33750	951912000	-5.9
33750	954590400	10.6
33750	957182400	11
33750	959860800	21
33750	962452800	22.2
33750	965131200	21.5
33750	967809600	12.2
33750	970401600	3.1
33750	973080000	-4.3
33750	975672000	-7.2
33750	978350400	-9.6
33750	981028800	-11.2
33750	983448000	-1.8
33750	986126400	9.3
33750	988718400	16.6
33750	991396800	18.8
33750	993988800	21.7
33750	996667200	19
33750	999345600	12.9
33750	1001937600	4
33750	1004616000	-0.7
33750	1007208000	-10.3
33750	1009886400	-6.7
33750	1012564800	-3.9
33750	1014984000	1.2
33750	1017662400	4.6
33750	1020254400	10.9
33750	1022932800	17.9
33750	1025524800	23.2
33750	1028203200	19
33750	1030881600	16.1
33750	1033473600	5.3
33750	1036152000	-0.8
33750	1038744000	-19
33750	1041422400	-11.7
33750	1044100800	-12.6
33750	1046520000	-8.8
33750	1049198400	4.6
33750	1051790400	14.9
33750	1054468800	16.8
33750	1057060800	21
33750	1059739200	22.5
33750	1062417600	14.9
33750	1065009600	6.6
33750	1067688000	-3.1
33750	1070280000	-5.4
33750	1072958400	-11.4
33750	1075636800	-8.4
33750	1078142400	-2.9
33750	1080820800	6.8
33750	1083412800	16.3
33750	1086091200	21.1
33750	1088683200	22
33750	1091361600	20.7
33750	1094040000	16.2
33750	1096632000	6.3
33750	1099310400	0.6
33750	1101902400	-9
33750	1104580800	-13.3
33750	1107259200	-18
33750	1109678400	-4.5
33750	1112356800	6.5
33750	1114948800	17.6
33750	1117627200	21.1
33750	1120219200	23.9
33750	1122897600	20
33750	1125576000	15.2
33750	1128168000	7.7
33750	1130846400	-1.7
33750	1133438400	-5.9
33750	1136116800	-20
33750	1138795200	-9.9
33750	1141214400	0.2
33750	1143892800	9.5
33750	1146484800	15.4
33750	1149163200	24
33750	1151755200	21
33750	1154433600	22.9
33750	1157112000	14.8
33750	1159704000	6.7
33750	1162382400	-3.2
33750	1164974400	-4.8
33750	1167652800	-4.5
33750	1170331200	-9.8
33750	1172750400	-7.7
33750	1175428800	5.7
33750	1178020800	16.2
33750	1180699200	19
33750	1183291200	22.6
33750	1185969600	24
33750	1188648000	15.1
33750	1191240000	5.6
33750	1193918400	-5.7
33750	1196510400	-16
33750	1199188800	-17.8
33750	1201867200	-11.1
33750	1204372800	2
33750	1207051200	9.9
33750	1209643200	15.5
33750	1212321600	19.8
33750	1214913600	24.9
33750	1217592000	23.1
33750	1220270400	12.6
33750	1222862400	6.6
33750	1225540800	1.1
33750	1228132800	-9.9
33750	1230811200	-14
33750	1233489600	-11.8
33750	1235908800	-1.2
33750	1238587200	4.8
33750	1241179200	14.6
33750	1243857600	22.5
33750	1246449600	22.8
33750	1249128000	19.6
33750	1251806400	15.5
33750	1254398400	6.4
33750	1257076800	-1.5
33750	1259668800	-10.4
33750	1262347200	-18.7
33750	1265025600	-15.9
33750	1267444800	-5.2
33750	1270123200	7.6
33750	1272715200	17.7
33750	1275393600	25
33750	1277985600	25.6
33750	1280664000	25
33750	1283342400	15.4
33750	1285934400	5.1
33750	1288612800	2.7
33750	1291204800	-5.2
33750	1293883200	-16.2
33750	1296561600	-17.1
33750	1298980800	-7.5
33750	1301659200	9.7
33750	1304251200	15.9
33750	1306929600	20
33750	1309521600	25.6
33750	1312200000	20.7
33750	1314878400	15.1
33750	1317470400	6.3
33750	1320148800	-7.3
33750	1322740800	-12.4
33750	1325419200	-13.6
33750	1328097600	-18.9
33750	1330603200	-5.9
33750	1333281600	15.3
33750	1335873600	18.5
33750	1338552000	24
33750	1341144000	26.2
33750	1343822400	25.6
33750	1346500800	14.5
33750	1349092800	8.8
33750	1351771200	-0.3
33750	1354363200	-12.1
33750	1357041600	-11.7
33750	1359720000	-10.2
33750	1362139200	-2.3
33750	1364817600	11.3
33750	1367409600	17.1
33750	1370088000	22.6
33750	1372680000	22.5
33750	1375358400	20.4
33750	1378036800	14.3
33750	1380628800	6
33750	1383307200	2.1
33750	1385899200	-7.6
33750	1388577600	-14.2
33750	1391256000	-17.1
33750	1393675200	-3.7
33750	1396353600	5.6
33750	1398945600	18.9
33750	1401624000	22.8
33750	1404216000	20.6
33750	1406894400	24.4
33750	1409572800	13.6
33750	1412164800	4
33750	1414843200	-4.7
33750	1417435200	-8.6
33750	1420113600	-13.5
33750	1422792000	-11.8
33750	1425211200	-6
33750	1427889600	6.3
33750	1430481600	15.6
