group	x	y
20142	-599572800	14.8
20142	-596894400	14.4
20142	-594475200	17.5
20142	-591796800	19.3
20142	-589204800	21.8
20142	-586526400	24
20142	-583934400	26.4
20142	-581256000	26.9
20142	-578577600	26.9
20142	-575985600	23.6
20142	-573307200	19.1
20142	-570715200	13.4
20142	-568036800	13.6
20142	-565358400	14.6
20142	-562852800	15.4
20142	-560174400	18.4
20142	-557582400	21.4
20142	-554904000	23.6
20142	-552312000	25.4
20142	-549633600	26.8
20142	-546955200	27.1
20142	-544363200	23.9
20142	-541684800	19.7
20142	-539092800	18.2
20142	-536414400	14.4
20142	-533736000	15.3
20142	-531316800	14.4
20142	-528638400	17.4
20142	-526046400	21.2
20142	-523368000	24.4
20142	-520776000	26.8
20142	-518097600	27.2
20142	-515419200	25.5
20142	-512827200	23.8
20142	-510148800	17.2
20142	-507556800	13
20142	-504878400	13.3
20142	-502200000	14.1
20142	-499780800	17
20142	-497102400	17.9
20142	-494510400	20.8
20142	-491832000	23.8
20142	-489240000	26.4
20142	-486561600	28.2
20142	-483883200	26.6
20142	-481291200	23.8
20142	-478612800	20.2
20142	-476020800	15.5
20142	-473342400	15
20142	-470664000	16.6
20142	-468244800	17.2
20142	-465566400	20.2
20142	-462974400	21.4
20142	-460296000	25.1
20142	-457704000	26.6
20142	-455025600	27
20142	-452347200	26.5
20142	-449755200	24
20142	-447076800	19.7
20142	-444484800	15.5
20142	-441806400	14.2
20142	-439128000	15.6
20142	-436622400	14.8
20142	-433944000	17.8
20142	-431352000	19.8
20142	-428673600	23.8
20142	-426081600	25.8
20142	-423403200	27.4
20142	-420724800	26.4
20142	-418132800	22.9
20142	-415454400	19.6
20142	-412862400	14.6
20142	-410184000	11.8
20142	-407505600	13.4
20142	-405086400	15.6
20142	-402408000	18.8
20142	-399816000	20.8
20142	-397137600	23.8
20142	-394545600	26
20142	-391867200	27.6
20142	-389188800	26.4
20142	-386596800	24.4
20142	-383918400	19.8
20142	-381326400	15.1
20142	-378648000	14.4
20142	-375969600	14.4
20142	-373550400	17.4
20142	-370872000	19.6
20142	-368280000	21
20142	-365601600	24.1
20142	-363009600	25.9
20142	-360331200	26.8
20142	-357652800	25.6
20142	-355060800	22.9
20142	-352382400	19.6
20142	-349790400	16.8
20142	-347112000	14.2
20142	-344433600	10.6
20142	-342014400	14.3
20142	-339336000	17.9
20142	-336744000	21.2
20142	-334065600	24.3
20142	-331473600	25.3
20142	-328795200	26.2
20142	-326116800	25.2
20142	-323524800	22
20142	-320846400	19.2
20142	-318254400	16.4
20142	-315576000	14.3
20142	-312897600	14.8
20142	-310392000	16.2
20142	-307713600	19.3
20142	-305121600	23
20142	-302443200	23.8
20142	-299851200	25.8
20142	-297172800	26.6
20142	-294494400	26
20142	-291902400	24
20142	-289224000	20.4
20142	-286632000	17.8
20143	-2082801600	12.6
20143	-2080123200	13.9
20143	-2077617600	16
20143	-2074939200	18.3
20143	-2072347200	20.3
20143	-2069668800	24.1
20143	-2067076800	23.7
20143	-2064398400	25.7
20143	-2061720000	23.2
20143	-2059128000	20
20143	-2056449600	18.3
20143	-2053857600	11.3
20143	-2051179200	11.2
20143	-2048500800	12.3
20143	-2046081600	14.9
20143	-2043403200	18.5
20143	-2040811200	20.3
20143	-2038132800	23.5
20143	-2035540800	25.8
20143	-2032862400	26.4
20143	-2030184000	24.6
20143	-2027592000	22.8
20143	-2024913600	18.3
20143	-2022321600	12.5
20143	-2019643200	11.2
20143	-2016964800	14.4
20143	-2014545600	15.9
20143	-2011867200	17.6
20143	-2009275200	19.8
20143	-2006596800	23.1
20143	-2004004800	25.9
20143	-2001326400	26.9
20143	-1998648000	25.9
20143	-1996056000	22.4
20143	-1993377600	18.9
20143	-1990785600	16
20144	-599572800	13.9
20144	-596894400	13.8
20144	-594475200	16.4
20144	-591796800	18.2
20144	-589204800	20.8
20144	-586526400	23.6
20144	-583934400	26
20144	-581256000	27
20144	-578577600	26.4
20144	-575985600	23
20144	-573307200	18.3
20144	-570715200	13.9
20144	-568036800	13.2
20144	-565358400	14.3
20144	-562852800	15.1
20144	-560174400	18
20144	-557582400	20.3
20144	-554904000	23.4
20144	-552312000	25.3
20144	-549633600	26.9
20144	-546955200	27
20144	-544363200	23.3
20144	-541684800	19.1
20144	-539092800	17.5
20144	-536414400	13.9
20144	-533736000	15
20144	-531316800	14.2
20144	-528638400	16.7
20144	-526046400	20.6
20144	-523368000	24
20144	-520776000	26.6
20144	-518097600	27.3
20144	-515419200	24.7
20144	-512827200	23.2
20144	-510148800	17.3
20144	-507556800	13.2
20144	-504878400	13.4
20144	-502200000	14.2
20144	-499780800	16.2
20144	-497102400	17.4
20144	-494510400	19.5
20144	-491832000	24
20144	-489240000	26.4
20144	-486561600	27.2
20144	-483883200	25.4
20144	-481291200	22.9
20144	-478612800	19.3
20144	-476020800	15.1
20144	-473342400	14.5
20144	-470664000	16
20144	-468244800	16.5
20144	-465566400	18.8
20144	-462974400	20.6
20144	-460296000	24.4
20144	-457704000	26.8
20144	-455025600	27.1
20144	-452347200	25.8
20144	-449755200	23.4
20144	-447076800	19.4
20144	-444484800	15.8
20144	-441806400	13.6
20144	-439128000	15.2
20144	-436622400	14.4
20144	-433944000	17.2
20144	-431352000	19
20144	-428673600	23.3
20144	-426081600	25.5
20144	-423403200	26.8
20144	-420724800	24.8
20144	-418132800	21
20144	-415454400	18.3
20144	-412862400	14.4
20144	-410184000	11.2
20144	-407505600	12.7
20144	-405086400	15.3
20144	-402408000	18.5
20144	-399816000	19.9
20144	-397137600	23.8
20144	-394545600	25.9
20144	-391867200	27.4
20144	-389188800	25.6
20144	-386596800	23.2
20144	-383918400	19.3
20144	-381326400	15.1
20144	-378648000	14.4
20144	-375969600	13.4
20144	-373550400	16.4
20144	-370872000	18.6
20144	-368280000	20.5
20144	-365601600	23.9
20144	-363009600	25.8
20144	-360331200	27.2
20144	-357652800	24.9
20144	-355060800	21.7
20144	-352382400	18.2
20144	-349790400	16
20144	-347112000	14.2
20144	-344433600	11.2
20144	-342014400	14.1
20144	-339336000	16.8
20144	-336744000	20.1
20144	-334065600	23.6
20144	-331473600	25.2
20144	-328795200	26
20144	-326116800	24.2
20144	-323524800	20.6
20144	-320846400	18
20144	-318254400	15.2
20144	-315576000	13.7
20144	-312897600	13.8
20144	-310392000	15.5
20144	-307713600	18.4
20144	-305121600	21.8
20144	-302443200	23.5
20144	-299851200	25.8
20144	-297172800	26.2
20144	-294494400	25
20144	-291902400	22.4
20144	-289224000	19.8
20144	-286632000	17.7
20145	-239371200	23.1
20145	-236779200	24.3
20145	-234100800	26.4
20145	-231422400	24.3
20145	-228830400	22.2
20145	-226152000	20.3
20145	-223560000	15.2
20145	-220881600	13.4
20145	-218203200	14.8
20145	-215784000	13.6
20145	-213105600	18.3
20145	-210513600	20.3
20145	-207835200	23.1
20145	-205243200	25.4
20145	-202564800	26.5
20145	-199886400	25
20145	-197294400	22.8
20145	-194616000	17.8
20145	-192024000	13.3
20145	-189345600	10.8
20145	-186667200	12.5
20145	-184161600	15.7
20145	-181483200	16.6
20145	-178891200	18.4
20145	-176212800	22.7
20145	-173620800	24.2
20145	-170942400	24.9
20145	-168264000	23.1
20145	-165672000	20.2
20145	-162993600	17
20145	-160401600	14
20145	-157723200	12.3
20145	-155044800	12.7
20145	-152625600	15.7
20145	-149947200	17.3
20145	-147355200	19.6
20145	-144676800	23.8
20145	-142084800	24.6
20145	-139406400	25.2
20145	-136728000	23.9
20145	-134136000	20.5
20145	-131457600	16.6
20145	-128865600	14.2
20145	-126187200	13
20145	-123508800	13.1
20145	-121089600	14.5
20145	-118411200	18.3
20145	-115819200	19.5
20145	-113140800	23
20145	-110548800	25
20145	-107870400	25.5
20145	-105192000	24.1
20145	-102600000	21.9
20145	-99921600	20.7
20145	-97329600	15.3
20145	-94651200	11.6
20145	-91972800	11.8
20145	-89553600	12.8
20145	-86875200	16.8
20145	-84283200	19.7
20145	-81604800	22.5
20145	-79012800	24.7
20145	-76334400	25.7
20145	-73656000	24
20145	-71064000	21.5
20145	-68385600	17.3
20145	-65793600	14.7
20145	-63115200	12.3
20145	-60436800	12.2
20145	-57931200	14
20145	-55252800	18.1
20145	-52660800	21.5
20145	-49982400	24.2
20145	-47390400	25.9
20145	-44712000	25.6
20145	-42033600	24.1
20145	-39441600	21.2
20145	-36763200	18.4
20145	-34171200	15
20145	-31492800	12.4
20145	-28814400	13.8
20145	-26395200	16.9
20145	-23716800	16.3
20145	-21124800	21.5
20145	-18446400	24.3
20145	-15854400	24.5
20145	-13176000	25.1
20145	-10497600	24.8
20145	-7905600	21.9
20145	-5227200	17.6
20145	-2635200	14.7
20145	43200	13.3
20145	2721600	13.6
20145	5140800	16.8
20145	7819200	18.7
20145	10411200	20.4
20145	13089600	22.8
20145	15681600	25
20145	18360000	25.4
20145	21038400	23.9
20145	23630400	20.4
20145	26308800	18.3
20145	28900800	12.9
20145	31579200	15.2
20145	34257600	13.5
20145	36676800	15.3
20145	39355200	16.1
20145	41947200	21.2
20145	44625600	23.4
20145	47217600	24.6
20145	49896000	25.6
20145	52574400	24.6
20145	55166400	20.8
20145	57844800	17.3
20145	60436800	13.1
20145	63115200	12
20145	65793600	12.1
20145	68299200	14.6
20145	70977600	19.7
20145	73569600	20.3
20145	76248000	23.2
20145	78840000	24.7
20145	81518400	25.4
20145	84196800	24.7
20145	86788800	22.4
20145	89467200	17.3
20145	92059200	11.6
20145	94737600	11.9
20145	97416000	14.6
20145	99835200	14.9
20145	102513600	17.2
20145	105105600	20
20145	107784000	22.7
20145	110376000	25.4
20145	113054400	25.8
20145	115732800	24.5
20145	118324800	22.1
20145	121003200	16.5
20145	123595200	14.1
20145	126273600	11.3
20145	128952000	13.4
20145	131371200	15.6
20145	134049600	18.1
20145	136641600	19.7
20145	139320000	22.9
20145	141912000	25.3
20145	144590400	25.5
20145	147268800	24.2
20145	149860800	22.8
20145	152539200	18
20145	155131200	13.3
20145	157809600	12.2
20145	160488000	12.8
20145	162907200	15.4
20145	165585600	19.6
20145	168177600	19.9
20145	170856000	23.4
20145	173448000	25
20145	176126400	25.4
20145	178804800	24.3
20145	181396800	20.8
20145	184075200	17.9
20145	186667200	13.7
20145	189345600	12.8
20145	192024000	11.5
20145	194529600	14.4
20145	197208000	18.3
20145	199800000	20.8
20145	202478400	22.7
20145	205070400	24.8
20145	207748800	25
20145	210427200	23.6
20145	213019200	22.5
20145	215697600	18.6
20145	218289600	14.8
20145	220968000	12
20145	223646400	14.5
20145	226065600	14.6
20145	228744000	17.5
20145	231336000	20.8
20145	234014400	23.5
20145	236606400	25.8
20145	239284800	26.2
20145	241963200	24.4
20145	244555200	20.7
20145	247233600	17.3
20145	249825600	13.2
20145	252504000	12.1
20145	255182400	13.8
20145	257601600	15.3
20145	260280000	17.9
20145	262872000	21.1
20145	265550400	23.1
20145	268142400	26
20145	270820800	24.6
20145	273499200	23.5
20145	276091200	22.2
20145	278769600	16.1
20145	281361600	14.3
20145	284040000	12.8
20145	286718400	14.5
20145	289137600	15.7
20145	291816000	19.6
20145	294408000	19.8
20145	297086400	24.3
20145	299678400	25.5
20145	302356800	25.2
20145	305035200	24.3
20145	307627200	22.3
20145	310305600	19.9
20145	312897600	13.5
20145	315576000	11.7
20145	318254400	12.3
20145	320760000	14.6
20145	323438400	18.6
20145	326030400	21.1
20145	328708800	23
20145	331300800	25.5
20145	333979200	25.9
20145	336657600	23.5
20145	339249600	21.5
20145	341928000	18.4
20145	344520000	14.2
20145	347198400	11.6
20145	349876800	13.1
20145	352296000	15.3
20145	354974400	17.8
20145	357566400	19.4
20145	360244800	23.1
20145	362836800	25.6
20145	365515200	25.7
20145	368193600	24.7
20145	370785600	22.1
20145	373464000	16.3
20145	376056000	14.8
20145	378734400	12.7
20145	381412800	11.5
20145	383832000	13
20145	386510400	18.8
20145	389102400	19.8
20145	391780800	22.1
20145	394372800	24.7
20145	397051200	25.6
20145	399729600	24
20145	402321600	21.7
20145	4.05e+08	15.3
20145	407592000	12.4
20145	410270400	10.1
20145	412948800	11.1
20145	415368000	13.1
20145	418046400	16.2
20145	420638400	19.8
20145	423316800	22.7
20145	425908800	24.9
20145	428587200	25.4
20145	431265600	23.8
20145	433857600	20.5
20145	436536000	18.5
20145	439128000	13.7
20145	441806400	12.5
20145	444484800	12.7
20145	446990400	15.5
20145	449668800	16.7
20145	452260800	20.8
20145	454939200	22.4
20145	457531200	24.6
20145	460209600	24.7
20145	462888000	23.6
20145	465480000	21.4
20145	468158400	17.9
20145	470750400	12.5
20145	473428800	14.4
20145	476107200	12.4
20145	478526400	14.1
20145	481204800	17.1
20145	483796800	21.3
20145	486475200	23.3
20145	489067200	24.5
20145	491745600	26.8
20145	494424000	24.2
20145	497016000	20.5
20145	499694400	18.8
20145	502286400	14.4
20145	504964800	12.9
20145	507643200	13.4
20145	510062400	15.4
20145	512740800	19.2
20145	515332800	18.8
20145	518011200	23.8
20145	520603200	24.8
20145	523281600	25.7
20145	525960000	25.6
20145	528552000	21.7
20145	531230400	15.4
20145	533822400	12.6
20145	536500800	12.8
20145	539179200	14.2
20145	541598400	12.7
20145	544276800	16
20145	546868800	19.4
20145	549547200	22.3
20145	552139200	25.3
20145	554817600	26.4
20145	557496000	24.7
20145	560088000	21.1
20145	562766400	17.2
20145	565358400	14.7
20145	568036800	12.9
20145	570715200	12.6
20145	573220800	14.1
20145	575899200	17.7
20145	578491200	22.2
20145	581169600	24
20145	583761600	26.8
20145	586440000	26.4
20145	589118400	24.4
20145	591710400	21.3
20145	594388800	16
20145	596980800	13.7
20145	599659200	9.8
20145	602337600	11.3
20145	604756800	14.3
20145	607435200	19.4
20145	610027200	21.5
20145	612705600	23.1
20145	615297600	25.6
20145	617976000	25.9
20145	620654400	24.8
20145	623246400	21.1
20145	625924800	18.4
20145	628516800	13.8
20145	631195200	12.1
20145	633873600	12.4
20145	636292800	14.5
20145	638971200	17.7
20145	641563200	19.7
20145	644241600	23.1
20145	646833600	25.4
20145	649512000	25.8
20145	652190400	24.7
20145	654782400	23
20145	657460800	20.2
20145	660052800	15.9
20145	662731200	12.7
20145	665409600	13.8
20145	667828800	16.6
20145	670507200	19.2
20145	673099200	21.4
20145	675777600	23.3
20145	678369600	25.4
20145	681048000	26
20145	683726400	24.5
20145	686318400	23
20145	688996800	18.3
20145	691588800	12.9
20145	694267200	10.6
20145	696945600	10.9
20145	699451200	13.4
20145	702129600	17.1
20145	704721600	20.1
20145	707400000	23.5
20145	709992000	24.7
20145	712670400	26.1
20145	715348800	24.4
20145	717940800	22.3
20145	720619200	19
20145	723211200	12.8
20145	725889600	11.3
20145	728568000	11
20145	730987200	14.2
20145	733665600	18.2
20145	736257600	20.8
20145	738936000	24.4
20145	741528000	25.4
20145	744206400	26.5
20145	746884800	24.4
20145	749476800	24.5
20145	752155200	18.3
20145	754747200	15.9
20145	757425600	14.9
20145	760104000	13.7
20145	762523200	14.7
20145	765201600	20
20145	767793600	21.4
20145	770472000	23.7
20145	773064000	25.8
20145	775742400	26.1
20145	778420800	26.4
20145	781012800	25.3
20145	783691200	17.8
20145	786283200	12.8
20145	788961600	12.6
20145	791640000	13.1
20145	794059200	15.3
20145	796737600	17.3
20145	799329600	20.6
20145	802008000	24.7
20145	804600000	26.6
20145	807278400	26.9
20145	809956800	25.4
20145	812548800	21.6
20145	815227200	16.8
20145	817819200	13.6
20145	820497600	13
20145	823176000	14.3
20145	825681600	15.1
20145	828360000	17.6
20145	830952000	22.3
20145	833630400	23.6
20145	836222400	26.5
20145	838900800	26.5
20145	841579200	25.5
20145	844171200	22.1
20145	846849600	19.6
20145	849441600	15.8
20145	852120000	13.6
20145	854798400	11.5
20145	857217600	13.5
20145	859896000	17.1
20145	862488000	21.1
20145	865166400	24.3
20145	867758400	26.6
20145	870436800	25.7
20145	873115200	24.3
20145	875707200	22.5
20145	878385600	19.1
20145	880977600	15.2
20145	883656000	13.1
20145	886334400	14
20145	888753600	14.9
20145	891432000	20.1
20145	894024000	22.1
20145	896702400	24.3
20145	899294400	26.6
20145	901972800	28.3
20145	904651200	26.6
20145	907243200	23.2
20145	909921600	20
20145	912513600	16.3
20145	915192000	13.9
20145	917870400	14
20145	920289600	15.9
20145	922968000	18.1
20145	925560000	22.3
20145	928238400	24.8
20145	930830400	26.8
20145	933508800	27.6
20145	936187200	26.1
20145	938779200	23
20145	941457600	19.1
20145	944049600	15.1
20145	946728000	12.2
20145	949406400	12.5
20145	951912000	14
20145	954590400	19.5
20145	957182400	20.8
20145	959860800	24.6
20146	-631108800	11.4
20146	-628430400	12.1
20146	-626011200	15.3
20146	-623332800	19.5
20146	-620740800	20.4
20146	-618062400	23.6
20146	-615470400	25.9
20146	-612792000	26.4
20146	-610113600	25.9
20146	-607521600	22.4
20146	-604843200	19.2
20146	-602251200	16.3
20146	-599572800	13.9
20146	-596894400	13.5
20146	-594475200	16.9
20146	-591796800	18.6
20146	-589204800	22
20146	-586526400	24.1
20146	-583934400	26.2
20146	-581256000	26.8
20146	-578577600	26.3
20146	-575985600	23
20146	-573307200	17.9
20146	-570715200	13
20146	-568036800	12.9
20146	-565358400	14
20146	-562852800	14.2
20146	-560174400	17.1
20146	-557582400	21
20146	-554904000	23.4
20146	-552312000	25.2
20146	-549633600	26.7
20146	-546955200	26.5
20146	-544363200	23
20146	-541684800	18.3
20146	-539092800	17.3
20146	-536414400	13.3
20146	-533736000	15.3
20146	-531316800	13.1
20146	-528638400	16.5
20146	-526046400	20.4
20146	-523368000	23.8
20146	-520776000	26.3
20146	-518097600	26.7
20146	-515419200	24.3
20146	-512827200	23.3
20146	-510148800	16.8
20146	-507556800	12.6
20146	-504878400	12.5
20146	-502200000	12.9
20146	-499780800	16.2
20146	-497102400	16.6
20146	-494510400	21.5
20147	-599572800	14.5
20147	-596894400	14.5
20147	-594475200	17.9
20147	-591796800	19.7
20147	-589204800	22.6
20147	-586526400	24.4
20147	-583934400	27
20147	-581256000	28.2
20148	-2840097600	10.4
20148	-2837419200	13.2
20148	-2834913600	13.7
20148	-2832235200	17.5
20148	-2829643200	20.5
20148	-2826964800	23.2
20148	-2824372800	25
20148	-2821694400	26.2
20148	-2819016000	24.9
20148	-2816424000	23.1
20148	-2813745600	20.4
20148	-2811153600	13.8
20148	-2808475200	15.3
20148	-2805796800	13.5
20148	-2803377600	14.5
20148	-2800699200	19.6
20148	-2798107200	20.2
20148	-2795428800	21.7
20148	-2792836800	24.8
20148	-2790158400	26.7
20148	-2787480000	25.7
20148	-2784888000	22.4
20148	-2782209600	18.6
20148	-2779617600	13.8
20148	-2776939200	11.3
20148	-2774260800	10
20148	-2771841600	14.4
20148	-2769163200	16.9
20148	-2766571200	18.5
20148	-2763892800	20.8
20148	-2761300800	23.9
20148	-2758622400	25.3
20148	-2755944000	24.9
20148	-2753352000	22.2
20148	-2750673600	19
20148	-2748081600	15.5
20148	-2745403200	13.7
20148	-2742724800	12.3
20148	-2740305600	15.5
20148	-2737627200	16.4
20148	-2735035200	18.8
20148	-2732356800	23
20148	-2729764800	24.3
20148	-2727086400	26
20148	-2724408000	23.5
20148	-2721816000	22.7
20148	-2719137600	18
20148	-2716545600	13.5
20148	-2713867200	10.3
20148	-2711188800	11.8
20148	-2708683200	14.2
20148	-2706004800	18.7
20148	-2703412800	19.5
20148	-2700734400	23.4
20148	-2698142400	24.1
20148	-2695464000	25.3
20148	-2692785600	23.3
20148	-2690193600	21.8
20148	-2687515200	17.1
20148	-2684923200	15.4
20148	-2682244800	12.5
20148	-2679566400	13
20148	-2677147200	15.3
20148	-2674468800	17.4
20148	-2671876800	22.1
20148	-2669198400	23.2
20148	-2666606400	25.1
20148	-2663928000	25.4
20148	-2661249600	25
20148	-2658657600	23.6
20148	-2655979200	18.5
20148	-2653387200	16.2
20148	-2650708800	13.9
20148	-2648030400	14.4
20148	-2645611200	14.6
20148	-2642932800	16.9
20148	-2640340800	19
20148	-2637662400	23.8
20148	-2635070400	24.3
20148	-2632392000	25.9
20148	-2629713600	24.9
20148	-2627121600	22.4
20148	-2624443200	17.2
20148	-2621851200	14.5
20148	-2619172800	12.3
20148	-2616494400	12.3
20148	-2614075200	14
20148	-2611396800	18.6
20148	-2608804800	20.2
20148	-2606126400	23
20148	-2603534400	24.4
20148	-2600856000	26
20148	-2598177600	24.8
20148	-2595585600	24.4
20148	-2592907200	19.7
20148	-2590315200	15.8
20148	-2587636800	11.9
20148	-2584958400	14.2
20148	-2582452800	18.5
20148	-2579774400	18.2
20148	-2577182400	20.1
20148	-2574504000	22.6
20148	-2571912000	26.1
20148	-2569233600	26.3
20148	-2566555200	25.1
20148	-2563963200	25.5
20148	-2561284800	16.2
20148	-2558692800	13.4
20148	-2556014400	13.6
20148	-2553336000	14.2
20148	-2550916800	17.3
20148	-2548238400	17.1
20148	-2545646400	22
20148	-2542968000	23.4
20148	-2540376000	26
20148	-2537697600	26.3
20148	-2535019200	25.7
20148	-2532427200	23.8
20148	-2529748800	15.7
20148	-2527156800	14.3
20149	-631108800	9.6
20149	-628430400	10.2
20149	-626011200	13.8
20149	-623332800	19.2
20149	-620740800	20.7
20150	-788875200	12.9
20150	-786196800	13.6
20150	-783777600	14.2
20150	-781099200	17
20150	-778507200	21.9
20150	-775828800	23.7
20150	-773236800	25.7
20150	-770558400	27.2
20150	-767880000	25.5
20150	-765288000	22.3
20150	-762609600	19.1
20150	-760017600	14.1
20150	-757339200	14.3
20150	-754660800	14
20150	-752241600	15.8
20150	-749563200	18.2
20150	-746971200	21.4
20150	-744292800	24.3
20150	-741700800	26.1
20150	-739022400	27
20150	-736344000	26.5
20150	-733752000	23
20150	-731073600	20.5
20150	-728481600	15
20150	-725803200	13.6
20150	-723124800	15
20150	-720705600	17.6
20150	-718027200	18.6
20150	-715435200	21.9
20150	-712756800	24.2
20150	-710164800	26.6
20150	-707486400	27
20150	-704808000	25.2
20150	-702216000	22.4
20150	-699537600	19.4
20150	-696945600	16.2
20150	-694267200	15.1
20150	-691588800	14.1
20150	-689083200	14.1
20150	-686404800	17.5
20150	-683812800	21.4
20150	-681134400	24.1
20150	-678542400	25.3
20150	-675864000	25.9
20150	-673185600	24.8
20150	-670593600	22.1
20150	-667915200	18.7
20150	-665323200	14.3
20150	-662644800	12.7
20150	-659966400	12.7
20150	-657547200	14.9
20150	-654868800	16
20150	-652276800	21.5
20150	-649598400	23.7
20150	-647006400	25.3
20150	-644328000	25.2
20150	-641649600	23.7
20150	-639057600	21.6
20150	-636379200	19
20150	-633787200	15.7
20150	-631108800	12.7
20150	-628430400	13
20150	-626011200	15.6
20150	-623332800	19.5
20150	-620740800	20.7
20150	-618062400	23.9
20150	-615470400	25.9
20150	-612792000	26.1
20150	-610113600	25.5
20150	-607521600	22.2
20150	-604843200	19.1
20150	-602251200	15.8
20150	-599572800	13.9
20150	-596894400	14.6
20150	-594475200	16.7
20150	-591796800	18.5
20150	-589204800	21.8
20150	-586526400	24.3
20150	-583934400	25.9
20150	-581256000	26.6
20150	-578577600	26
20150	-575985600	23.1
20150	-573307200	18.8
20150	-570715200	14.1
20150	-568036800	13.4
20150	-565358400	14.2
20150	-562852800	15.9
20150	-560174400	18.5
20150	-557582400	21
20150	-554904000	23.4
20150	-552312000	25.4
20150	-549633600	26.5
20150	-546955200	26.4
20150	-544363200	23.2
20150	-541684800	19.2
20150	-539092800	16.4
20150	-536414400	12.4
20150	-533736000	14.6
20150	-531316800	14.1
20150	-528638400	18.1
20150	-526046400	21.6
20150	-523368000	23.9
20150	-520776000	26.4
20150	-518097600	26.4
20150	-515419200	24.6
20150	-512827200	22.8
20150	-510148800	17.6
20150	-507556800	14.1
20150	-504878400	12.9
20150	-502200000	14
20150	-499780800	16
20150	-497102400	17.5
20150	-494510400	21.1
20150	-491832000	24.3
20150	-489240000	26.1
20150	-486561600	27
20150	-483883200	25.1
20150	-481291200	22.8
20150	-478612800	18.9
20150	-476020800	14.6
20150	-473342400	14.8
20150	-470664000	16.2
20150	-468244800	16.7
20150	-465566400	18.7
20150	-462974400	21
20150	-460296000	25.2
20150	-457704000	26.6
20150	-455025600	26.7
20150	-452347200	25.9
20150	-449755200	23.4
20150	-447076800	19.8
20150	-444484800	15.4
20150	-441806400	14.4
20150	-439128000	14.5
20150	-436622400	14.9
20150	-433944000	18.2
20150	-431352000	20.5
20150	-428673600	24.5
20150	-426081600	26.2
20150	-423403200	27
20150	-420724800	25.6
20150	-418132800	22.4
20150	-415454400	19.1
20150	-412862400	14.6
20150	-410184000	12.8
20150	-407505600	14.4
20150	-405086400	15.7
20150	-402408000	18.8
20150	-399816000	21.2
20150	-397137600	24.3
20150	-394545600	26.3
20150	-391867200	26.9
20150	-389188800	25.9
20150	-386596800	23.5
20150	-383918400	20.2
20150	-381326400	15.3
20150	-378648000	14
20150	-375969600	14.9
20150	-373550400	17.5
20150	-370872000	18.9
20150	-368280000	21.5
20150	-365601600	24.3
20150	-363009600	26
20150	-360331200	26.8
20150	-357652800	25.2
20150	-355060800	23
20150	-352382400	19.8
20150	-349790400	16.8
20150	-347112000	14.3
20150	-344433600	13
20150	-342014400	15.7
20150	-339336000	18.6
20150	-336744000	21.7
20150	-334065600	24.2
20150	-331473600	25.9
20150	-328795200	26.8
20150	-326116800	24.7
20150	-323524800	21.2
20150	-320846400	19.3
20150	-318254400	15.4
20150	-315576000	14
20150	-312897600	14.6
20150	-310392000	16.5
20150	-307713600	19.5
20150	-305121600	22.7
20150	-302443200	24.1
20150	-299851200	26.2
20150	-297172800	27
20150	-294494400	25.4
20150	-291902400	24.1
20150	-289224000	20.1
20150	-286632000	17.7
20150	-283953600	14.3
20150	-281275200	13.8
20150	-278856000	15.7
20150	-276177600	18.6
20150	-273585600	22.2
20150	-270907200	25.4
20150	-268315200	25.9
20150	-265636800	26.7
20150	-262958400	24.5
20150	-260366400	21.8
20150	-257688000	18.7
20150	-255096000	15.4
20150	-252417600	14.4
20150	-249739200	12.8
20150	-247320000	17.4
20150	-244641600	18.6
20150	-242049600	21.2
20150	-239371200	25.1
20150	-236779200	26.3
20150	-234100800	27.5
20150	-231422400	26.1
20150	-228830400	23.4
20150	-226152000	21.6
20150	-223560000	15.5
20150	-220881600	14.4
20150	-218203200	14.8
20150	-215784000	15.4
20150	-213105600	18.6
20150	-210513600	21.3
20150	-207835200	24.1
20150	-205243200	26.8
20150	-202564800	27.4
20150	-199886400	26
20150	-197294400	23.5
20150	-194616000	19.3
20150	-192024000	15.6
20150	-189345600	12.8
20150	-186667200	13.7
20150	-184161600	16.5
20150	-181483200	17.8
20150	-178891200	20.5
20150	-176212800	24.2
20150	-173620800	25.5
20150	-170942400	26.2
20150	-168264000	24.2
20150	-165672000	22
20150	-162993600	18.4
20150	-160401600	15
20150	-157723200	13.2
20150	-155044800	13.7
20150	-152625600	16.3
20150	-149947200	18.6
20150	-147355200	20.5
20150	-144676800	22.6
20150	-142084800	26.1
20150	-139406400	26.6
20150	-136728000	23.8
20150	-134136000	21.4
20150	-131457600	18.3
20150	-128865600	15.2
20150	-126187200	13.5
20150	-123508800	15.5
20150	-121089600	16.4
20150	-118411200	19.6
20150	-115819200	21.3
20150	-113140800	25
20150	-110548800	27.2
20150	-107870400	27.4
20150	-105192000	25.3
20150	-102600000	23.6
20150	-99921600	21.2
20150	-97329600	15.4
20150	-94651200	12.8
20150	-91972800	13.5
20150	-89553600	14.9
20150	-86875200	18.4
20150	-84283200	21.2
20150	-81604800	24.9
20150	-79012800	26.6
20150	-76334400	27.3
20150	-73656000	25.7
20150	-71064000	22.8
20150	-68385600	18.6
20150	-65793600	15
20150	-63115200	12.7
20150	-60436800	14.1
20150	-57931200	15.6
20150	-55252800	20.2
20150	-52660800	22.8
20150	-49982400	26.7
20150	-47390400	27.4
20150	-44712000	26.9
20150	-42033600	25.6
20150	-39441600	22.2
20150	-36763200	18.9
20150	-34171200	15.4
20150	-31492800	12.9
20150	-28814400	15.2
20150	-26395200	17.7
20150	-23716800	17.7
20150	-21124800	21.8
20150	-18446400	26
20150	-15854400	25.8
20150	-13176000	25.8
20150	-10497600	26
20150	-7905600	22.8
20150	-5227200	19.3
20150	-2635200	15.3
20150	43200	14.8
20150	2721600	14.9
20150	5140800	17.7
20150	7819200	19.4
20150	10411200	21.6
20150	13089600	24.4
20150	15681600	26.1
20150	18360000	27
20150	21038400	25.1
20150	23630400	21.4
20150	26308800	18.7
20150	28900800	13.9
20150	31579200	14.8
20150	34257600	14.6
20150	36676800	16.4
20150	39355200	17.6
20150	41947200	21.8
20150	44625600	24.4
20150	47217600	25.8
20150	49896000	26.7
20150	52574400	25
20150	55166400	21.4
20150	57844800	17.8
20150	60436800	15
20150	63115200	13.3
20150	65793600	14.2
20150	68299200	16
20150	70977600	19.9
20150	73569600	20.9
20150	76248000	24.3
20150	78840000	25.9
20150	81518400	27.1
20150	84196800	26.3
20150	86788800	22.7
20150	89467200	18.9
20150	92059200	15
20150	94737600	12.8
20150	97416000	14.8
20150	99835200	15
20150	102513600	17.8
20150	105105600	21
20150	107784000	24
20150	110376000	26.6
20150	113054400	26.6
20150	115732800	25.3
20150	118324800	23.2
20150	121003200	17.8
20150	123595200	15.7
20150	126273600	13.3
20150	128952000	13.8
20150	131371200	16.7
20150	134049600	19.1
20150	136641600	20.9
20150	139320000	24
20150	141912000	25.9
20150	144590400	26.1
20150	147268800	25.3
20150	149860800	23.4
20150	152539200	18.7
20150	155131200	13.9
20150	157809600	13
20150	160488000	13.6
20150	162907200	15.8
20150	165585600	19.2
20150	168177600	21.4
20150	170856000	24.2
20150	173448000	25.4
20150	176126400	26.2
20150	178804800	25.1
20150	181396800	22.5
20150	184075200	18.6
20150	186667200	15.2
20150	189345600	13
20150	192024000	12.4
20150	194529600	15.3
20150	197208000	18.6
20150	199800000	21.6
20150	202478400	23.5
20150	205070400	25.7
20150	207748800	25.6
20150	210427200	24
20150	213019200	22.3
20150	215697600	19.2
20150	218289600	15.4
20150	220968000	13.4
20150	223646400	15.3
20150	226065600	15.4
20150	228744000	18.6
20150	231336000	22.1
20150	234014400	25.1
20150	236606400	26.6
20150	239284800	27
20150	241963200	25.7
20150	244555200	21.2
20150	247233600	18.5
20150	249825600	14.1
20150	252504000	12.8
20150	255182400	14.7
20150	257601600	15.8
20150	260280000	18.4
20150	262872000	22.1
20150	265550400	24.3
20150	268142400	26
20150	270820800	25.5
20150	273499200	24.7
20150	276091200	23.1
20150	278769600	17.9
20150	281361600	15.2
20150	284040000	13.5
20150	286718400	15.1
20150	289137600	17.2
20150	291816000	19.1
20150	294408000	21.5
20150	297086400	25.5
20150	299678400	26.3
20150	302356800	26.3
20150	305035200	25
20150	307627200	23.1
20150	310305600	19.8
20150	312897600	14.7
20150	315576000	13
20150	318254400	13.7
20150	320760000	15.4
20150	323438400	17.9
20150	326030400	20.7
20150	328708800	23.9
20150	331300800	26.1
20150	333979200	26.7
20150	336657600	25.3
20150	339249600	22.7
20150	341928000	20
20150	344520000	15.1
20150	347198400	12.3
20150	349876800	13.5
20150	352296000	16.5
20150	354974400	19.3
20150	357566400	20.8
20150	360244800	24.7
20150	362836800	26.4
20150	365515200	26.7
20150	368193600	25.1
20150	370785600	23.5
20150	373464000	17.8
20150	376056000	14.9
20150	378734400	13.9
20150	381412800	12.9
20150	383832000	14.4
20150	386510400	19
20150	389102400	20.6
20150	391780800	23.6
20150	394372800	25.3
20150	397051200	26.1
20150	399729600	25.1
20150	402321600	23.3
20150	4.05e+08	17.4
20150	407592000	14.1
20150	410270400	12.1
20150	412948800	12.4
20150	415368000	14
20150	418046400	17.5
20150	420638400	21
20150	423316800	23.7
20150	425908800	26.1
20150	428587200	26.2
20150	431265600	25.1
20150	433857600	22
20150	436536000	18.9
20150	439128000	14.2
20150	441806400	14.2
20150	444484800	14.3
20150	446990400	15.8
20150	449668800	17.8
20150	452260800	22.3
20150	454939200	23.6
20150	457531200	25.2
20150	460209600	25.4
20150	462888000	25.1
20150	465480000	23
20150	468158400	18.6
20150	470750400	15.2
20150	473428800	14.7
20150	476107200	14
20150	478526400	16.3
20150	481204800	18.8
20150	483796800	21.9
20150	486475200	24.6
20150	489067200	25.4
20150	491745600	26.8
20150	494424000	25.2
20150	497016000	21.4
20150	499694400	19.8
20150	502286400	16.2
20150	504964800	14.6
20150	507643200	14.7
20150	510062400	15.9
20150	512740800	18.9
20150	515332800	19.7
20150	518011200	24.8
20150	520603200	25.9
20150	523281600	26.5
20150	525960000	25.6
20150	528552000	21.6
20150	531230400	17.9
20150	533822400	13.9
20150	536500800	13.2
20150	539179200	14.6
20150	541598400	13.5
20150	544276800	16.9
20150	546868800	20.3
20150	549547200	23
20150	552139200	25.4
20150	554817600	26.4
20150	557496000	24.8
20150	560088000	22.2
20150	562766400	17.7
20150	565358400	15.4
20150	568036800	13.8
20150	570715200	13.7
20150	573220800	15.1
20150	575899200	18.9
20150	578491200	22.3
20150	581169600	25
20150	583761600	26.9
20150	586440000	27.2
20150	589118400	26.1
20150	591710400	21.5
20150	594388800	16.3
20150	596980800	14.5
20150	599659200	12.2
20150	602337600	13.1
20150	604756800	15.5
20150	607435200	20.1
20150	610027200	22.1
20150	612705600	23.9
20150	615297600	25.7
20150	617976000	26.2
20150	620654400	25.5
20150	623246400	21.8
20150	625924800	18.4
20150	628516800	15.1
20150	631195200	14.1
20150	633873600	13.7
20150	636292800	15.5
20150	638971200	19
20150	641563200	20.9
20150	644241600	23.9
20150	646833600	25.9
20150	649512000	26.1
20150	652190400	24.9
20150	654782400	22.7
20150	657460800	20.3
20150	660052800	16
20151	-2650708800	12.5
20151	-2648030400	13.2
20151	-2645611200	13.8
20151	-2642932800	16.4
20151	-2640340800	18.2
20151	-2637662400	23
20151	-2635070400	23.6
20151	-2632392000	23.9
20151	-2629713600	23.4
20152	-599572800	14.4
20152	-596894400	15
20152	-594475200	18.8
20152	-591796800	20.8
20152	-589204800	25.7
20152	-586526400	26.7
20152	-583934400	27.9
20152	-581256000	28.3
20152	-578577600	27.2
20152	-575985600	24.7
20152	-573307200	19
20152	-570715200	13.4
20152	-568036800	14.1
20152	-565358400	15.5
20152	-562852800	17.4
20152	-560174400	21.1
20152	-557582400	24.3
20152	-554904000	26.5
20152	-552312000	27.6
20152	-549633600	28.9
20152	-546955200	27.7
20152	-544363200	24.6
20152	-541684800	19.6
20152	-539092800	16.4
20152	-536414400	13.3
20152	-533736000	15.5
20152	-531316800	14.6
20152	-528638400	20.7
20152	-526046400	25.7
20152	-523368000	27.5
20152	-520776000	29.1
20152	-518097600	27.8
20152	-515419200	25.2
20152	-512827200	23.1
20152	-510148800	17.5
20152	-507556800	14
20152	-504878400	13.1
20152	-502200000	15.4
20152	-499780800	17.9
20152	-497102400	19.9
20152	-494510400	25.5
20152	-491832000	27.3
20152	-489240000	28.5
20152	-486561600	28.6
20152	-483883200	25.5
20152	-481291200	23.8
20152	-478612800	19.5
20152	-476020800	14.3
20152	-473342400	15
20152	-470664000	17.8
20152	-468244800	18.4
20152	-465566400	21.7
20152	-462974400	24.2
20152	-460296000	27.8
20152	-457704000	28.5
20152	-455025600	27.3
20152	-452347200	26.4
20152	-449755200	24.5
20152	-447076800	19.6
20152	-444484800	15.4
20152	-441806400	14.4
20152	-439128000	16.7
20152	-436622400	15.8
20152	-433944000	20.8
20152	-431352000	23.1
20152	-428673600	27.2
20152	-426081600	28.5
20152	-423403200	29.2
20152	-420724800	26
20152	-418132800	22.2
20152	-415454400	18.9
20152	-412862400	14.2
20152	-410184000	12.3
20152	-407505600	14.4
20152	-405086400	17.6
20152	-402408000	20.8
20152	-399816000	24.2
20152	-397137600	26.6
20152	-394545600	27.6
20152	-391867200	27.5
20152	-389188800	26.3
20152	-386596800	24.7
20152	-383918400	20
20152	-381326400	15.2
20152	-378648000	13.8
20152	-375969600	15.2
20152	-373550400	19.7
20152	-370872000	22
20152	-368280000	23.7
20152	-365601600	27
20152	-363009600	27.8
20152	-360331200	27.8
20152	-357652800	25.2
20152	-355060800	22.8
20152	-352382400	19.2
20152	-349790400	16.5
20152	-347112000	13.6
20152	-344433600	11.6
20152	-342014400	16
20152	-339336000	20.7
20152	-336744000	24.7
20152	-334065600	26.8
20152	-331473600	27.4
20152	-328795200	27.5
20152	-326116800	24.8
20152	-323524800	21.6
20152	-320846400	19.2
20152	-318254400	15.5
20152	-315576000	14
20152	-312897600	15.1
20152	-310392000	18.2
20152	-307713600	22.5
20152	-305121600	25.9
20152	-302443200	25.9
20152	-299851200	27.3
20152	-297172800	27.4
20152	-294494400	25.8
20152	-291902400	25.2
20152	-289224000	20
20152	-286632000	18.1
20152	-283953600	13.9
20152	-281275200	13.3
20152	-278856000	15.6
20153	-2824372800	28.6
20153	-2821694400	27.7
20153	-2819016000	25.3
20153	-2816424000	23.9
20153	-2813745600	19.2
20153	-2811153600	12.8
20153	-2808475200	14.7
20153	-2805796800	13.8
20153	-2803377600	15.6
20153	-2800699200	21.2
20153	-2798107200	22.1
20153	-2795428800	25.5
20153	-2792836800	26.9
20153	-2790158400	30
20153	-2787480000	22.3
20153	-2784888000	22.7
20153	-2782209600	17.9
20153	-2779617600	14
20153	-2776939200	11.8
20153	-2774260800	11.7
20153	-2771841600	16
20153	-2769163200	19.6
20154	965131200	27.2
20154	967809600	25.8
20154	970401600	22.1
20154	973080000	18
20154	975672000	14.8
20155	-489240000	24
20155	-486561600	26.6
20155	-483883200	25.2
20155	-481291200	23.4
20155	-478612800	19.8
20155	-476020800	14.9
20155	-473342400	14.4
20155	-470664000	15.8
20155	-468244800	15.6
20155	-465566400	18.5
20155	-462974400	21.3
20155	-460296000	25.6
20155	-457704000	26.8
20155	-455025600	26.5
20155	-452347200	26
20155	-449755200	23.7
20155	-447076800	19
20155	-444484800	15.3
20155	-441806400	13.5
20155	-439128000	14.8
20155	-436622400	13.5
20155	-433944000	17.2
20155	-431352000	19.1
20155	-428673600	23.5
20155	-426081600	25.9
20155	-423403200	26.9
20155	-420724800	24.8
20155	-418132800	21.1
20155	-415454400	17.9
20155	-412862400	13.8
20155	-410184000	10.5
20155	-407505600	11.5
20155	-405086400	14.9
20155	-402408000	17.3
20155	-399816000	20.4
20155	-397137600	23.2
20155	-394545600	25.7
20155	-391867200	26.9
20155	-389188800	25.2
20155	-386596800	23.7
20155	-383918400	19.2
20155	-381326400	14.7
20155	-378648000	14
20155	-375969600	13.3
20155	-373550400	16.1
20155	-370872000	19.1
20155	-368280000	20.5
20155	-365601600	23.8
20155	-363009600	25.4
20155	-360331200	26.8
20155	-357652800	24.8
20155	-355060800	22
20155	-352382400	18.4
20155	-349790400	16
20155	-347112000	13.9
20155	-344433600	10
20155	-342014400	13.6
20155	-339336000	16.9
20155	-336744000	20.8
20155	-334065600	24.2
20155	-331473600	25
20155	-328795200	25.8
20155	-326116800	23.9
20155	-323524800	20.9
20155	-320846400	17.7
20155	-318254400	15.1
20155	-315576000	13.2
20155	-312897600	13.8
20155	-310392000	15.5
20155	-307713600	18.2
20155	-305121600	23.4
20155	-302443200	23.8
20155	-299851200	25.8
20155	-297172800	26.7
20155	-294494400	25
20155	-291902400	23.1
20155	-289224000	19.5
20155	-286632000	18.1
20155	-283953600	13.2
20155	-281275200	12.4
20155	-278856000	13.7
20155	-276177600	17.6
20155	-273585600	21.2
20155	-270907200	24.6
20155	-268315200	25.6
20155	-265636800	26.5
20155	-262958400	23.8
20155	-260366400	21.8
20155	-257688000	18
20155	-255096000	15.2
20155	-252417600	14.8
20155	-249739200	12.8
20155	-247320000	16.9
20156	-575985600	24.4
20156	-573307200	19.1
20156	-570715200	13.9
20156	-568036800	13.7
20156	-565358400	15.1
20156	-562852800	15.5
20156	-560174400	18.4
20156	-557582400	21.8
20156	-554904000	24.4
20156	-552312000	26.2
20156	-549633600	27.9
20156	-546955200	28.2
20156	-544363200	25
20156	-541684800	19.4
20156	-539092800	18
20156	-536414400	13.8
20156	-533736000	15.7
20156	-531316800	14.3
20156	-528638400	17.6
20156	-526046400	21.4
20156	-523368000	24.5
20156	-520776000	27.3
20156	-518097600	27.9
20156	-515419200	25.7
20156	-512827200	24.4
20156	-510148800	17.6
20156	-507556800	13.1
20156	-504878400	13.1
20156	-502200000	14
20156	-499780800	16.8
20156	-497102400	16.7
20156	-494510400	21.1
20156	-491832000	23.9
20156	-489240000	27
20156	-486561600	27.6
20156	-483883200	26
20156	-481291200	23.7
20156	-478612800	19.6
20156	-476020800	15.1
20156	-473342400	14.1
20156	-470664000	15.9
20156	-468244800	15.8
20156	-465566400	18.4
20156	-462974400	20.7
20156	-460296000	24.7
20156	-457704000	26.4
20156	-455025600	26.6
20156	-452347200	25.8
20156	-449755200	23.7
20156	-447076800	19.4
20156	-444484800	15.4
20156	-441806400	13.6
20156	-439128000	15.2
20156	-436622400	13.8
20156	-433944000	17.4
20156	-431352000	18.9
20156	-428673600	23.7
20156	-426081600	26.1
20156	-423403200	27.6
20156	-420724800	25.6
20156	-418132800	21.7
20156	-415454400	19
20156	-412862400	14.9
20156	-410184000	11.5
20156	-407505600	13.6
20156	-405086400	15.9
20156	-402408000	18.2
20156	-399816000	20.3
20156	-397137600	23.3
20156	-394545600	25.6
20156	-391867200	27.5
20156	-389188800	25.6
20156	-386596800	24
20156	-383918400	19.2
20156	-381326400	14.9
20156	-378648000	14.3
20156	-375969600	13.6
20156	-373550400	16.4
20156	-370872000	19.4
20156	-368280000	20.1
20156	-365601600	23.3
20156	-363009600	25.4
20156	-360331200	27.5
20156	-357652800	25.2
20156	-355060800	22.4
20156	-352382400	19.1
20156	-349790400	16.1
20156	-347112000	14.3
20156	-344433600	10.6
20156	-342014400	13.8
20156	-339336000	17.4
20156	-336744000	20.9
20156	-334065600	24.1
20156	-331473600	25.3
20156	-328795200	26
20156	-326116800	24.4
20156	-323524800	21.1
20156	-320846400	18.5
20156	-318254400	15.4
20156	-315576000	13.6
20156	-312897600	13.9
20156	-310392000	15.6
20156	-307713600	18.4
20156	-305121600	23.6
20156	-302443200	23.9
20156	-299851200	26.1
20156	-297172800	26.8
20156	-294494400	25.2
20156	-291902400	23.3
20156	-289224000	19.4
20156	-286632000	17.4
20156	-283953600	12.9
20156	-281275200	12.5
20156	-278856000	14.1
20156	-276177600	18
20156	-273585600	21.6
20156	-270907200	24.7
20156	-268315200	25.8
20156	-265636800	26.8
20156	-262958400	24.8
20156	-260366400	21.9
20156	-257688000	17.8
20156	-255096000	14.9
20156	-252417600	14
20156	-249739200	13.1
20156	-247320000	17.2
20156	-244641600	17.2
20156	-242049600	21.2
20156	-239371200	24.9
20156	-236779200	26.7
20156	-234100800	28.1
20156	-231422400	26.7
20156	-228830400	24.3
20156	-226152000	22.9
20156	-223560000	16.2
20156	-220881600	13.7
20156	-218203200	15.4
20156	-215784000	13.9
20156	-213105600	18.3
20156	-210513600	20.8
20156	-207835200	23.9
20156	-205243200	26.1
20156	-202564800	27.2
20156	-199886400	26.2
20156	-197294400	23.7
20156	-194616000	18.5
20156	-192024000	13.6
20156	-189345600	11.1
20156	-186667200	12.3
20156	-184161600	15.7
20156	-181483200	16.5
20156	-178891200	19.1
20156	-176212800	23.3
20156	-173620800	24.7
20156	-170942400	25.6
20156	-168264000	24.2
20156	-165672000	21.8
20156	-162993600	17.6
20156	-160401600	14.5
20156	-157723200	12.3
20156	-155044800	13.2
20156	-152625600	16.1
20156	-149947200	17.6
20156	-147355200	20
20156	-144676800	24.3
20156	-142084800	25.3
20156	-139406400	26.2
20156	-136728000	25
20156	-134136000	21.4
20156	-131457600	17.2
20156	-128865600	14.1
20156	-126187200	12.7
20156	-123508800	13.3
20156	-121089600	14.8
20156	-118411200	18.7
20156	-115819200	20.4
20156	-113140800	23.9
20156	-110548800	25.6
20156	-107870400	26
20156	-105192000	24.9
20156	-102600000	22.7
20156	-99921600	21.5
20156	-97329600	15.1
20156	-94651200	11.3
20156	-91972800	11.7
20156	-89553600	12.5
20156	-86875200	16.6
20156	-84283200	19.7
20156	-81604800	23.1
20156	-79012800	25
20156	-76334400	25.9
20156	-73656000	24.5
20156	-71064000	22.1
20156	-68385600	17.5
20156	-65793600	14.4
20156	-63115200	11.8
20156	-60436800	12.2
20156	-57931200	13.9
20156	-55252800	18.1
20156	-52660800	22
20156	-49982400	24.5
20156	-47390400	26.3
20156	-44712000	26.1
20156	-42033600	24.7
20156	-39441600	21.5
20156	-36763200	18.1
20156	-34171200	14.5
20156	-31492800	11.5
20156	-28814400	13.3
20156	-26395200	16
20156	-23716800	15.6
20156	-21124800	21.3
20156	-18446400	24.1
20156	-15854400	23.9
20156	-13176000	24.8
20156	-10497600	24.7
20156	-7905600	21.6
20156	-5227200	17.3
20156	-2635200	13.9
20156	43200	12.5
20156	2721600	12.9
20156	5140800	16.4
20156	7819200	18.5
20156	10411200	20.4
20156	13089600	22.6
20156	15681600	24.5
20156	18360000	25.1
20156	21038400	23.9
20156	23630400	20.5
20156	26308800	17.7
20156	28900800	12.3
20156	31579200	15
20156	34257600	12.4
20156	36676800	15.2
20156	39355200	15.7
20156	41947200	21.5
20156	44625600	23
20156	47217600	24.3
20156	49896000	25.4
20156	52574400	24.6
20156	55166400	20.8
20156	57844800	16.9
20156	60436800	12.3
20156	63115200	11.5
20156	65793600	11.7
20156	68299200	14
20156	70977600	19.4
20156	73569600	19.8
20156	76248000	23
20156	78840000	24.6
20156	81518400	25.6
20156	84196800	24.9
20156	86788800	22.5
20156	89467200	17.2
20156	92059200	11.4
20156	94737600	11.7
20156	97416000	14
20156	99835200	14
20156	102513600	16.7
20156	105105600	20.1
20156	107784000	22.7
20156	110376000	25.3
20156	113054400	25.5
20156	115732800	24.6
20156	118324800	22.4
20156	121003200	16.3
20156	123595200	13.7
20156	126273600	10.6
20156	128952000	12.9
20156	131371200	15.3
20156	134049600	17.5
20156	136641600	19.7
20156	139320000	22.9
20156	141912000	24.9
20156	144590400	25.3
20156	147268800	24.2
20156	149860800	23
20156	152539200	17.7
20156	155131200	12.5
20156	157809600	11.6
20156	160488000	12.4
20156	162907200	15.3
20156	165585600	19.9
20156	168177600	19.9
20156	170856000	23.3
20156	173448000	25.1
20156	176126400	25.2
20156	178804800	24.3
20156	181396800	21.2
20156	184075200	17.8
20156	186667200	13.2
20156	189345600	11.9
20156	192024000	10.8
20156	194529600	14.1
20156	197208000	17.3
20156	199800000	20.3
20156	202478400	22.8
20156	205070400	24.7
20156	207748800	24.7
20156	210427200	23.5
20156	213019200	22.1
20156	215697600	18.5
20156	218289600	13.9
20156	220968000	11.2
20156	223646400	13.8
20156	226065600	13.3
20156	228744000	16.4
20156	231336000	20.6
20156	234014400	23.3
20156	236606400	25.1
20156	239284800	25.7
20156	241963200	24.1
20156	244555200	20.4
20156	247233600	17.1
20156	249825600	12.4
20156	252504000	11.6
20156	255182400	13.2
20156	257601600	15.1
20156	260280000	17.6
20156	262872000	20.8
20156	265550400	23.1
20156	268142400	26
20156	270820800	24.7
20156	273499200	23.8
20156	276091200	22.4
20156	278769600	16
20156	281361600	13.8
20156	284040000	12.2
20156	286718400	14
20156	289137600	15.4
20156	291816000	19.1
20156	294408000	20
20156	297086400	23.8
20156	299678400	25.2
20156	302356800	25.2
20156	305035200	24.3
20156	307627200	22.5
20156	310305600	20.1
20156	312897600	13
20156	315576000	11.2
20156	318254400	11.7
20156	320760000	14.3
20156	323438400	18.5
20156	326030400	21.5
20156	328708800	23.5
20156	331300800	25.5
20156	333979200	26.4
20156	336657600	23.6
20156	339249600	21.5
20156	341928000	18.4
20156	344520000	13.4
20156	347198400	10.9
20156	349876800	12.2
20156	352296000	14.6
20156	354974400	17.4
20156	357566400	19.6
20156	360244800	23.2
20156	362836800	25.2
20156	365515200	25.5
20156	368193600	24.9
20156	370785600	22.5
20156	373464000	16
20156	376056000	14.2
20156	378734400	12
20156	381412800	10.8
20156	383832000	12.4
20156	386510400	18.5
20156	389102400	20
20156	391780800	22.9
20156	394372800	24.8
20156	397051200	25.4
20156	399729600	24.3
20156	402321600	22.2
20156	4.05e+08	14.9
20156	407592000	11.6
20156	410270400	9.3
20156	412948800	10.2
20156	415368000	12.7
20156	418046400	16.2
20156	420638400	20.2
20156	423316800	23.1
20156	425908800	24.9
20156	428587200	25.3
20156	431265600	23.9
20156	433857600	21
20156	436536000	18.2
20156	439128000	13.5
20156	441806400	11.9
20156	444484800	12.8
20156	446990400	14.9
20156	449668800	16.5
20156	452260800	21.2
20156	454939200	22.7
20156	457531200	24.5
20156	460209600	24.6
20156	462888000	23.7
20156	465480000	21.5
20156	468158400	17.5
20156	470750400	12.2
20156	473428800	14.4
20156	476107200	12.2
20156	478526400	14.9
20156	481204800	17.9
20156	483796800	21.9
20156	486475200	23.9
20156	489067200	24.9
20156	491745600	26.5
20156	494424000	24.3
20156	497016000	20.5
20156	499694400	18.8
20156	502286400	14.2
20156	504964800	12.6
20156	507643200	13.1
20156	510062400	15.4
20156	512740800	19.8
20156	515332800	19.2
20156	518011200	24.1
20156	520603200	25.2
20156	523281600	25.9
20156	525960000	25.9
20156	528552000	21.6
20156	531230400	14.9
20156	533822400	11.9
20156	536500800	12.1
20156	539179200	13.9
20156	541598400	12.4
20156	544276800	16.4
20156	546868800	20.3
20156	549547200	23.2
20156	552139200	25.6
20156	554817600	26.4
20156	557496000	24.8
20156	560088000	20.7
20156	562766400	17.3
20156	565358400	13.8
20156	568036800	11.9
20156	570715200	12
20156	573220800	13.5
20156	575899200	17.9
20156	578491200	22.4
20156	581169600	24
20156	583761600	26.5
20156	586440000	26.3
20156	589118400	25
20156	591710400	21.3
20156	594388800	15.4
20156	596980800	12.5
20156	599659200	10.2
20156	602337600	11.9
20156	604756800	15
20156	607435200	20.4
20156	610027200	22.1
20156	612705600	23.3
20156	615297600	25.4
20156	617976000	25.8
20156	620654400	24.7
20156	623246400	21
20156	625924800	17.8
20156	628516800	13
20156	631195200	11.3
20156	633873600	11.7
20156	636292800	14.2
20156	638971200	17.7
20156	641563200	20
20156	644241600	23.3
20156	646833600	25.5
20156	649512000	26.1
20156	652190400	24.7
20156	654782400	23.3
20156	657460800	20
20156	660052800	15.7
20156	662731200	12.3
20156	665409600	13.3
20156	667828800	16.2
20156	670507200	19
20156	673099200	21.4
20156	675777600	23.9
20156	678369600	25.7
20156	681048000	26.2
20156	683726400	24.6
20156	686318400	23.2
20156	688996800	18.1
20156	691588800	12
20156	694267200	10.1
20156	696945600	10.2
20156	699451200	13.3
20156	702129600	17.5
20156	704721600	20.6
20156	707400000	24.2
20156	709992000	25.5
20156	712670400	26.8
20156	715348800	25.1
20156	717940800	22.9
20156	720619200	19.1
20156	723211200	12
20156	725889600	10.9
20156	728568000	10.5
20156	730987200	13.9
20156	733665600	18.4
20156	736257600	21
20156	738936000	25
20156	741528000	26.4
20156	744206400	27.1
20156	746884800	25.3
20156	749476800	25.2
20156	752155200	18.2
20156	754747200	15.8
20156	757425600	14.4
20156	760104000	13.3
20156	762523200	14.4
20156	765201600	20.4
20156	767793600	22.3
20156	770472000	24.4
20156	773064000	26.3
20156	775742400	26.8
20156	778420800	27.1
20156	781012800	25.7
20156	783691200	17.3
20156	786283200	12.1
20156	788961600	12.4
20156	791640000	12.9
20156	794059200	15.4
20157	-615470400	24.1
20157	-612792000	21.8
20157	-610113600	23.5
20157	-607521600	18.7
20157	-604843200	16.5
20157	-602251200	13.3
20157	-599572800	12.4
20157	-596894400	12.8
20157	-594475200	17
20157	-591796800	18.6
20157	-589204800	23.2
20157	-586526400	24.4
20157	-583934400	26.6
20157	-581256000	27
20157	-578577600	25.8
20157	-575985600	22
20157	-573307200	17.6
20157	-570715200	11.4
20157	-568036800	12
20157	-565358400	12.9
20157	-562852800	13.9
20157	-560174400	18
20157	-557582400	21.8
20157	-554904000	24
20157	-552312000	25.4
20157	-549633600	27
20157	-546955200	26.9
20157	-544363200	22.8
20157	-541684800	17.6
20157	-539092800	16
20157	-536414400	12
20157	-533736000	13
20157	-531316800	12.6
20157	-528638400	17.6
20157	-526046400	22
20157	-523368000	24.8
20157	-520776000	27
20157	-518097600	26.4
20157	-515419200	23.6
20157	-512827200	22.2
20157	-510148800	15.3
20157	-507556800	11.1
20157	-504878400	10.5
20157	-502200000	12.2
20157	-499780800	15.9
20157	-497102400	16.7
20157	-494510400	22.6
20157	-491832000	24.2
20157	-489240000	27
20157	-486561600	27.2
20157	-483883200	24
20157	-481291200	22.1
20157	-478612800	18
20157	-476020800	12.7
20157	-473342400	12.8
20157	-470664000	15.2
20157	-468244800	15.3
20157	-465566400	18.8
20157	-462974400	21
20157	-460296000	25.4
20157	-457704000	25.8
20157	-455025600	25.4
20157	-452347200	24.7
20157	-449755200	22.8
20157	-447076800	17.6
20157	-444484800	13.4
20157	-441806400	11.8
20157	-439128000	14
20157	-436622400	13
20157	-433944000	17.9
20157	-431352000	19.9
20157	-428673600	24.7
20157	-426081600	26.8
20157	-423403200	27.7
20157	-420724800	24.8
20157	-418132800	20.8
20157	-415454400	18.1
20157	-412862400	13
20157	-410184000	9.5
20157	-407505600	11.6
20157	-405086400	14.8
20157	-402408000	18
20157	-399816000	21.8
20157	-397137600	24.1
20157	-394545600	26
20157	-391867200	27.1
20157	-389188800	24.8
20157	-386596800	23.4
20157	-383918400	18
20157	-381326400	13.4
20157	-378648000	12.5
20157	-375969600	12.6
20157	-373550400	16.7
20157	-370872000	20.1
20157	-368280000	20.7
20157	-365601600	23.8
20157	-363009600	25.2
20157	-360331200	26.5
20157	-357652800	23.7
20157	-355060800	20.5
20157	-352382400	17.4
20157	-349790400	14.9
20157	-347112000	12.2
20157	-344433600	8.4
20157	-342014400	13.1
20157	-339336000	18.3
20157	-336744000	21.5
20157	-334065600	24.2
20157	-331473600	24.5
20157	-328795200	24.7
20157	-326116800	22.8
20157	-323524800	19.4
20157	-320846400	17
20157	-318254400	13.8
20157	-315576000	12.4
20157	-312897600	13.8
20157	-310392000	15.4
20157	-307713600	19.2
20157	-305121600	23.8
20157	-302443200	23.8
20157	-299851200	25.8
20157	-297172800	26.1
20157	-294494400	24
20157	-291902400	23.2
20157	-289224000	18.6
20157	-286632000	16.6
20157	-283953600	11.7
20157	-281275200	11
20157	-278856000	13.3
20157	-276177600	18.5
20157	-273585600	21.2
20157	-270907200	26
20157	-268315200	25.4
20157	-265636800	25.9
20157	-262958400	22.6
20157	-260366400	20.8
20157	-257688000	16.9
20157	-255096000	13.7
20157	-252417600	13
20157	-249739200	12.2
20157	-247320000	18.1
20157	-244641600	17.5
20157	-242049600	21.7
20157	-239371200	25.1
20157	-236779200	25.9
20157	-234100800	27.2
20157	-231422400	25
20157	-228830400	22.9
20157	-226152000	21.2
20157	-223560000	14.3
20157	-220881600	13.3
20157	-218203200	14.8
20157	-215784000	14
20157	-213105600	19.7
20157	-210513600	21.5
20157	-207835200	24.8
20157	-205243200	26.2
20157	-202564800	27.1
20157	-199886400	24.9
20157	-197294400	23.2
20157	-194616000	17.7
20157	-192024000	13.3
20157	-189345600	9.8
20157	-186667200	11.3
20157	-184161600	15.7
20157	-181483200	17.3
20157	-178891200	19.2
20157	-176212800	24.1
20157	-173620800	25.1
20157	-170942400	25.5
20157	-168264000	23.1
20157	-165672000	21.8
20157	-162993600	17.3
20157	-160401600	13.6
20157	-157723200	11.2
20157	-155044800	12.7
20157	-152625600	16
20157	-149947200	17.2
20157	-147355200	21
20157	-144676800	25.5
20157	-142084800	25.6
20157	-139406400	26.2
20157	-136728000	24.5
20157	-134136000	20.4
20157	-131457600	16.5
20157	-128865600	13.7
20157	-126187200	12.5
20157	-123508800	13.3
20157	-121089600	15
20157	-118411200	19.7
20157	-115819200	21.1
20157	-113140800	25
20157	-110548800	25.7
20157	-107870400	26.3
20157	-105192000	24.1
20157	-102600000	22.4
20157	-99921600	21
20157	-97329600	14.1
20157	-94651200	11
20157	-91972800	10.7
20157	-89553600	12.2
20157	-86875200	17.2
20157	-84283200	20.7
20157	-81604800	23.8
20157	-79012800	25.7
20157	-76334400	25.8
20157	-73656000	23.6
20157	-71064000	21.4
20157	-68385600	16.5
20157	-65793600	13.5
20157	-63115200	10.6
20157	-60436800	12
20157	-57931200	13.8
20157	-55252800	19.1
20157	-52660800	23.3
20157	-49982400	25.3
20157	-47390400	27
20157	-44712000	26
20157	-42033600	24
20157	-39441600	20.7
20157	-36763200	17.4
20157	-34171200	13.8
20157	-31492800	11.5
20157	-28814400	14.5
20157	-26395200	17.6
20157	-23716800	17.1
20157	-21124800	23
20157	-18446400	25.7
20157	-15854400	25
20157	-13176000	26.2
20157	-10497600	25.3
20157	-7905600	22.2
20157	-5227200	17.6
20157	-2635200	14
20157	43200	13.2
20157	2721600	13.4
20157	5140800	16.8
20157	7819200	20.2
20157	10411200	22.1
20157	13089600	23.6
20157	15681600	25.6
20157	18360000	25.9
20157	21038400	24.1
20157	23630400	20.5
20157	26308800	17.4
20157	28900800	11.4
20157	31579200	14.2
20157	34257600	12.5
20157	36676800	15.5
20157	39355200	16.6
20157	41947200	22.9
20157	44625600	24.1
20157	47217600	24.8
20157	49896000	26
20157	52574400	24.7
20157	55166400	20.5
20157	57844800	16.4
20157	60436800	11.3
20157	63115200	10.9
20157	65793600	11.2
20157	68299200	14.2
20157	70977600	20.2
20157	73569600	21.1
20157	76248000	23.8
20157	78840000	25.3
20157	81518400	26
20157	84196800	25.1
20157	86788800	22.6
20157	89467200	16.7
20157	92059200	10.8
20157	94737600	10.9
20157	97416000	14.6
20157	99835200	14.6
20157	102513600	18
20157	105105600	21.1
20157	107784000	23.6
20157	110376000	26.2
20157	113054400	25.7
20157	115732800	24.7
20157	118324800	22.4
20157	121003200	15.5
20157	123595200	13
20157	126273600	9.9
20157	128952000	12.2
20157	131371200	15.5
20157	134049600	18.7
20157	136641600	20.9
20157	139320000	24.3
20157	141912000	26
20157	144590400	25.8
20157	147268800	24.2
20157	149860800	23.4
20157	152539200	16.8
20157	155131200	11.5
20157	157809600	10.5
20157	160488000	11.7
20157	162907200	15.4
20157	165585600	21.2
20157	168177600	20.6
20157	170856000	23.9
20157	173448000	25.9
20157	176126400	25.3
20157	178804800	24
20157	181396800	21.1
20157	184075200	17.1
20157	186667200	12.3
20157	189345600	11.1
20157	192024000	10.6
20157	194529600	14.8
20157	197208000	18.9
20157	199800000	22.1
20157	202478400	23.9
20157	205070400	25.2
20157	207748800	24.8
20157	210427200	23.7
20157	213019200	22
20157	215697600	18.2
20157	218289600	13.7
20157	220968000	10
20157	223646400	15.2
20157	226065600	14.2
20157	228744000	18.1
20157	231336000	22.7
20157	234014400	24.7
20157	236606400	26.8
20157	239284800	27.3
20157	241963200	24.4
20157	244555200	20.4
20157	247233600	17.5
20157	249825600	12
20157	252504000	11.3
20157	255182400	13.9
20157	257601600	15.8
20157	260280000	19.3
20157	262872000	23.3
20157	265550400	24.1
20157	268142400	27.1
20157	270820800	24.8
20157	273499200	23.7
20157	276091200	23.1
20157	278769600	15.5
20157	281361600	13.2
20157	284040000	11.9
20157	286718400	14.5
20157	289137600	16
20157	291816000	20.3
20157	294408000	21.3
20157	297086400	25.6
20157	299678400	25.9
20157	302356800	25.9
20157	305035200	24.7
20157	307627200	22.4
20157	310305600	19.4
20157	312897600	11.9
20157	315576000	10.2
20157	318254400	11.4
20157	320760000	14.4
20157	323438400	18.9
20157	326030400	22.6
20157	328708800	24.6
20157	331300800	26.3
20157	333979200	26.5
20157	336657600	23.6
20157	339249600	21.9
20157	341928000	18.6
20157	344520000	13.2
20157	347198400	10.5
20157	349876800	11.9
20157	352296000	15.3
20157	354974400	19
20157	357566400	20.8
20157	360244800	24.3
20157	362836800	26.4
20157	365515200	26.2
20157	368193600	25.3
20157	370785600	22.6
20157	373464000	15.4
20157	376056000	14
20157	378734400	12
20157	381412800	11.2
20157	383832000	13
20157	386510400	20
20157	389102400	20.7
20157	391780800	24
20157	394372800	25.6
20157	397051200	26.3
20157	399729600	24.5
20157	402321600	22.2
20157	4.05e+08	14.9
20157	407592000	11.7
20157	410270400	8.8
20157	412948800	10.6
20157	415368000	12.7
20157	418046400	16.8
20157	420638400	21.7
20157	423316800	24.2
20157	425908800	26.1
20157	428587200	26
20157	431265600	24.1
20157	433857600	20.7
20157	436536000	18.4
20157	439128000	13.1
20157	441806400	11.5
20157	444484800	13.2
20157	446990400	15.9
20157	449668800	18
20157	452260800	23.1
20157	454939200	23.9
20157	457531200	25.6
20157	460209600	25.1
20157	462888000	24.6
20157	465480000	22.2
20157	468158400	16.9
20157	470750400	12.2
20157	473428800	14
20157	476107200	11.8
20157	478526400	15.1
20157	481204800	18.4
20157	483796800	22.9
20157	486475200	25.1
20157	489067200	25.8
20157	491745600	27.7
20157	494424000	25
20157	497016000	20.3
20157	499694400	19.3
20157	502286400	13.6
20157	504964800	12.2
20157	507643200	13.5
20157	510062400	15.7
20157	512740800	20.5
20157	515332800	19.6
20157	518011200	24.9
20157	520603200	26.2
20157	523281600	26.4
20157	525960000	26.5
20157	528552000	21.8
20157	531230400	14.4
20157	533822400	11.3
20157	536500800	12.4
20157	539179200	14.6
20157	541598400	12.5
20157	544276800	17.1
20157	546868800	21.8
20157	549547200	24.1
20157	552139200	26.7
20157	554817600	27.2
20157	557496000	25
20157	560088000	20.7
20157	562766400	16.8
20157	565358400	13.5
20157	568036800	11.3
20157	570715200	11.7
20157	573220800	13.9
20157	575899200	19
20157	578491200	23.8
20157	581169600	25.4
20157	583761600	27.9
20157	586440000	27
20157	589118400	25.3
20157	591710400	20.7
20157	594388800	15.2
20157	596980800	12.5
20157	599659200	8.7
20157	602337600	10.2
20157	604756800	13.8
20157	607435200	21.4
20157	610027200	22.7
20157	612705600	24.3
20157	615297600	26.7
20157	617976000	26.5
20157	620654400	25.2
20157	623246400	21.1
20157	625924800	17.8
20157	628516800	12.5
20157	631195200	10.8
20157	633873600	11.2
20157	636292800	14.1
20157	638971200	18.6
20157	641563200	20.9
20157	644241600	24.2
20157	646833600	26.7
20157	649512000	26.1
20157	652190400	24.7
20157	654782400	23.1
20157	657460800	20.3
20157	660052800	15.5
20157	662731200	11.3
20157	665409600	11.8
20157	667828800	16.2
20157	670507200	20.2
20157	673099200	22.3
20157	675777600	25.1
20157	678369600	25.9
20157	681048000	26
20157	683726400	24.4
20157	686318400	23.3
20157	688996800	17.9
20157	691588800	11.1
20157	694267200	9
20157	696945600	9.6
20157	699451200	12.8
20157	702129600	17.4
20157	704721600	19.8
20157	707400000	24.9
20157	709992000	25.7
20157	712670400	26.9
20157	715348800	24.6
20157	717940800	22.7
20157	720619200	17.5
20157	723211200	10.8
20157	725889600	9.7
20157	728568000	10.2
20157	730987200	14.6
20157	733665600	19.2
20157	736257600	21.8
20157	738936000	23.6
20157	741528000	26.6
20157	744206400	27.7
20157	746884800	25.1
20157	749476800	24.6
20157	752155200	17.6
20157	754747200	15.3
20157	757425600	13.3
20157	760104000	12.8
20157	762523200	14.5
20157	765201600	21.2
20157	767793600	23.1
20157	770472000	25.1
20157	773064000	26.3
20157	775742400	23.5
20157	778420800	26.6
20157	781012800	25.5
20157	783691200	16.4
20157	786283200	11
20157	788961600	11.5
20157	791640000	12.7
20157	794059200	15.2
20157	796737600	18.3
20157	799329600	22.1
20157	802008000	26.2
20157	804600000	27.1
20157	807278400	27.4
20157	809956800	26
20157	812548800	22
20157	815227200	16.1
20157	817819200	13.4
20157	820497600	12.6
20157	823176000	13.9
20157	825681600	14.9
20157	828360000	18.6
20157	830952000	23.9
20157	833630400	24.8
20157	836222400	27.4
20157	838900800	27.2
20157	841579200	26.1
20157	844171200	21.8
20157	846849600	18.9
20157	849441600	15.1
20157	852120000	13.3
20157	854798400	10.8
20157	857217600	11.3
20157	859896000	18.3
20157	862488000	23.3
20157	865166400	25.7
20157	867758400	27.2
20157	870436800	25.8
20157	873115200	23.6
20157	875707200	21.7
20157	878385600	18.9
20157	880977600	14
20157	883656000	12.2
20157	886334400	13.4
20157	888753600	13.8
20157	891432000	21
20157	894024000	22.1
20157	896702400	25.9
20157	899294400	27.4
20157	901972800	21.3
20157	904651200	21
20157	907243200	16.6
20157	909921600	18.3
20157	912513600	14
20158	1288612800	20.8
20158	1291204800	16.5
20158	1293883200	20.7
20158	1296561600	15.6
20158	1298980800	15.9
20158	1301659200	18.8
20158	1304251200	22.2
20158	1306929600	24.9
20158	1309521600	27.4
20158	1312200000	27.5
20158	1314878400	26.7
20158	1317470400	22.2
20158	1320148800	18
20158	1322740800	15.2
20158	1325419200	12.6
20158	1328097600	13.1
20158	1330603200	15.5
20158	1333281600	19.5
20158	1335873600	22.7
20158	1338552000	25.7
20158	1341144000	28.3
20158	1343822400	28.6
20158	1346500800	26.1
20158	1349092800	24
20158	1351771200	20.7
20158	1354363200	15.8
20158	1357041600	17.3
20158	1359720000	15.1
20158	1362139200	17.8
20158	1364817600	18.8
20158	1367409600	23.4
20158	1370088000	25.6
20158	1372680000	26.6
20158	1375358400	27.2
20158	1378036800	25.9
20158	1380628800	22.6
20158	1383307200	20.3
20158	1385899200	14.8
20158	1388577600	14.4
20158	1391256000	15.6
20158	1393675200	16.4
20158	1396353600	20.1
20158	1398945600	23.2
20158	1401624000	25.6
20158	1404216000	27.2
20158	1406894400	28.3
20158	1409572800	26.7
20158	1412164800	23.3
20158	1414843200	19.9
20158	1417435200	16.6
20158	1420113600	13.6
20158	1422792000	14.7
20159	-2624443200	16.5
20159	-2621851200	13.4
20160	-520776000	26.4
20160	-518097600	26.8
20160	-515419200	24.7
20160	-512827200	23
20160	-510148800	16.5
20161	-260366400	18.5
20161	-257688000	15.3
20161	-255096000	12.6
20161	-252417600	12.2
20161	-249739200	11.5
20161	-247320000	16.2
20162	-2650708800	13.7
20162	-2648030400	15.2
20162	-2645611200	16.5
20162	-2642932800	20.5
20162	-2640340800	23
20162	-2637662400	27.9
20162	-2635070400	28
20162	-2632392000	28.4
20162	-2629713600	26.6
20162	-2627121600	22.9
20162	-2624443200	17.3
20162	-2621851200	14.9
20162	-2619172800	12.6
20162	-2616494400	14.3
20162	-2614075200	16.9
20162	-2611396800	21.9
20162	-2608804800	24.1
20162	-2606126400	27.1
20162	-2603534400	28.7
20162	-2600856000	28.9
20162	-2598177600	26.6
20162	-2595585600	26.8
20162	-2592907200	20.2
20162	-2590315200	15.1
20162	-2587636800	12.7
20162	-2584958400	15.7
20162	-2582452800	19.8
20162	-2579774400	21.1
20162	-2577182400	23.5
20162	-2574504000	26.6
20162	-2571912000	30.1
20162	-2569233600	28.5
20162	-2566555200	26.4
20162	-2563963200	24.9
20162	-2561284800	16.9
20162	-2558692800	14.5
20162	-2556014400	13.8
20162	-2553336000	16.1
20162	-2550916800	18.5
20162	-2548238400	20.4
20162	-2545646400	25
20162	-2542968000	27
20162	-2540376000	29.7
20162	-2537697600	28.7
20162	-2535019200	26
20162	-2532427200	24.4
20162	-2529748800	17.2
20162	-2527156800	14.3
20162	-2524478400	11.7
20162	-2521800000	14.8
20162	-2519380800	18
20162	-2516702400	21.9
20162	-2514110400	24.2
20162	-2511432000	26.3
20162	-2508840000	29.1
20162	-2506161600	29.5
20162	-2503483200	25.4
20162	-2500891200	22.7
20162	-2498212800	19
20162	-2495620800	15.4
20162	-2492942400	13.2
20162	-2490264000	13.1
20162	-2487844800	17.9
20162	-2485166400	21.2
20162	-2482574400	25.3
20162	-2479896000	26.6
20162	-2477304000	29.6
20162	-2474625600	29.3
20162	-2471947200	26.4
20162	-2469355200	23.5
20162	-2466676800	19.5
20162	-2464084800	14.9
20162	-2461406400	14.3
20162	-2458728000	16.1
20162	-2456222400	17.4
20162	-2453544000	21.8
20162	-2450952000	24.2
20162	-2448273600	26.9
20162	-2445681600	28.8
20162	-2443003200	28.5
20162	-2440324800	27.4
20162	-2437732800	24.1
20162	-2435054400	19
20162	-2432462400	14.8
20162	-2429784000	13.8
20162	-2427105600	13.8
20162	-2424686400	14.8
20162	-2422008000	18.5
20162	-2419416000	22.3
20162	-2416737600	25.8
20162	-2414145600	28.7
20162	-2411467200	27.9
20162	-2408788800	25.9
20162	-2406196800	23
20162	-2403518400	20.4
20162	-2400926400	15.2
20162	-2398248000	13.6
20162	-2395569600	13.9
20162	-2393150400	17.4
20162	-2390472000	19.9
20162	-2387880000	24
20162	-2385201600	26.7
20162	-2382609600	28.5
20162	-2379931200	28.3
20162	-2377252800	26.4
20163	1199188800	10.8
20163	1201867200	12.8
20163	1204372800	18.2
20163	1207051200	20.1
20163	1209643200	21.2
20163	1212321600	25.5
20163	1214913600	27.1
20163	1217592000	27.7
20163	1220270400	26.6
20163	1222862400	22.7
20163	1225540800	18.9
20163	1228132800	15.5
20163	1230811200	13.4
20163	1233489600	14.2
20163	1235908800	15.3
20163	1238587200	18.8
20163	1241179200	21.9
20163	1243857600	25.5
20163	1246449600	27.7
20163	1249128000	28.1
20163	1251806400	26.6
20163	1254398400	24.7
20163	1257076800	18.6
20163	1259668800	16.1
20163	1262347200	15.1
20163	1265025600	16.2
20163	1267444800	18.3
20163	1270123200	19.4
20163	1272715200	22.2
20163	1275393600	25.8
20163	1277985600	27.3
20163	1280664000	29.2
20163	1283342400	27.9
20163	1285934400	25.4
20163	1288612800	21
20163	1291204800	16.5
20163	1293883200	14.5
20163	1296561600	15.1
20163	1298980800	15.9
20163	1301659200	19.3
20163	1304251200	22.4
20163	1306929600	25.3
20163	1309521600	27.7
20163	1312200000	28.1
20163	1314878400	26.7
20163	1317470400	23.5
20163	1320148800	16.5
20163	1322740800	14.3
20163	1325419200	12.5
20163	1328097600	13.2
20163	1330603200	14.6
20163	1333281600	19.4
20163	1335873600	22.7
20163	1338552000	25.9
20163	1341144000	28.9
20163	1343822400	29.1
20163	1346500800	27.2
20163	1349092800	24.6
20163	1351771200	20.4
20163	1354363200	15.7
20163	1357041600	13.4
20163	1359720000	15.4
20163	1362139200	18.6
20163	1364817600	20
20163	1367409600	23.1
20163	1370088000	25.8
20163	1372680000	27
20163	1375358400	27.9
20163	1378036800	26.3
20163	1380628800	22.2
20163	1383307200	20.5
20163	1385899200	13.5
20163	1388577600	13.7
20163	1391256000	14.2
20163	1393675200	16.9
20163	1396353600	20.2
20163	1398945600	22.9
20163	1401624000	25.5
20163	1404216000	27.2
20163	1406894400	28
20163	1409572800	26.8
20163	1412164800	22.7
20163	1414843200	18.4
20163	1417435200	15.8
20163	1420113600	11.9
20163	1422792000	13.6
20163	1425211200	17.3
20163	1427889600	18.3
20163	1430481600	23.1
20164	-234100800	26.5
20164	-231422400	25.4
20164	-228830400	23.2
20164	-226152000	22
20164	-223560000	15.8
20164	-220881600	14.2
20164	-218203200	15.3
20164	-215784000	14
20164	-213105600	18.8
20164	-210513600	21.3
20164	-207835200	24.1
20164	-205243200	26.1
20164	-202564800	27.4
20164	-199886400	26
20164	-197294400	23.5
20164	-194616000	18.7
20164	-192024000	13.9
20164	-189345600	11.1
20164	-186667200	12.7
20164	-184161600	15.9
20164	-181483200	17.4
20164	-178891200	19.5
20164	-176212800	24.1
20164	-173620800	25.2
20164	-170942400	25.8
20164	-168264000	24.3
20164	-165672000	21.8
20164	-162993600	18
20164	-160401600	14.8
20164	-157723200	12.8
20164	-155044800	13.3
20164	-152625600	16.4
20164	-149947200	18
20164	-147355200	20.4
20164	-144676800	25
20164	-142084800	25.7
20164	-139406400	26.3
20164	-136728000	25.1
20164	-134136000	21.3
20164	-131457600	17.4
20164	-128865600	14.7
20164	-126187200	13.8
20164	-123508800	14.1
20164	-121089600	15.2
20164	-118411200	19.4
20164	-115819200	20.9
20164	-113140800	24.3
20164	-110548800	25.6
20164	-107870400	26.2
20164	-105192000	25
20164	-102600000	22.7
20164	-99921600	22.1
20164	-97329600	15.4
20164	-94651200	11.9
20164	-91972800	12.2
20164	-89553600	13.2
20164	-86875200	17.2
20164	-84283200	19.9
20164	-81604800	23.2
20164	-79012800	24.9
20164	-76334400	25.8
20164	-73656000	24.5
20164	-71064000	22.2
20164	-68385600	17.9
20164	-65793600	15.1
20164	-63115200	12.4
20164	-60436800	12.7
20164	-57931200	14.5
20164	-55252800	18.6
20164	-52660800	22.1
20164	-49982400	24.6
20164	-47390400	26.4
20164	-44712000	26.2
20164	-42033600	24.7
20164	-39441600	21.8
20164	-36763200	18.5
20164	-34171200	15.3
20164	-31492800	12.6
20164	-28814400	14.6
20164	-26395200	17.3
20164	-23716800	16.7
20164	-21124800	22.1
20164	-18446400	25.1
20164	-15854400	24.9
20164	-13176000	25.8
20164	-10497600	25.6
20164	-7905600	22.5
20164	-5227200	18.1
20164	-2635200	14.7
20164	43200	13.5
20164	2721600	14
20164	5140800	17.5
20164	7819200	19.3
20164	10411200	21.3
20164	13089600	23.2
20164	15681600	25.4
20164	18360000	25.8
20164	21038400	24.7
20164	23630400	21.3
20164	26308800	18.8
20164	28900800	13.2
20164	31579200	15.6
20164	34257600	13.2
20164	36676800	15.6
20164	39355200	16.3
20164	41947200	21.6
20164	44625600	23.2
20164	47217600	24.4
20164	49896000	25.9
20164	52574400	25.2
20164	55166400	21.7
20164	57844800	17.6
20164	60436800	12.9
20164	63115200	12
20164	65793600	12.4
20164	68299200	14.9
20164	70977600	20.4
20164	73569600	20.5
20164	76248000	22.9
20164	78840000	24.8
20164	81518400	25.5
20164	84196800	25.2
20164	86788800	22.8
20164	89467200	17.5
20164	92059200	11.8
20164	94737600	12
20164	97416000	14.7
20164	99835200	14.9
20164	102513600	17.5
20164	105105600	20.2
20164	107784000	23.1
20164	110376000	25.6
20164	113054400	25.9
20164	115732800	24.9
20164	118324800	22.9
20164	121003200	16.6
20164	123595200	14.2
20164	126273600	11.2
20164	128952000	13.4
20164	131371200	16.1
20164	134049600	18.5
20164	136641600	20.2
20164	139320000	23.1
20164	141912000	25.1
20164	144590400	25.3
20164	147268800	24.5
20164	149860800	23.3
20164	152539200	18.3
20164	155131200	13.1
20164	157809600	12.4
20164	160488000	13.1
20164	162907200	15.9
20164	165585600	20.2
20164	168177600	19.9
20164	170856000	23.4
20164	173448000	25.3
20164	176126400	25.5
20164	178804800	24.8
20164	181396800	21.9
20164	184075200	18.4
20164	186667200	13.9
20164	189345600	13
20164	192024000	11.7
20164	194529600	14.8
20164	197208000	18.8
20164	199800000	21.3
20164	202478400	23.2
20164	205070400	25
20164	207748800	24.9
20164	210427200	24
20164	213019200	23.1
20164	215697600	19.3
20164	218289600	15.2
20164	220968000	12.2
20164	223646400	15.1
20164	226065600	14.5
20164	228744000	18
20164	231336000	21.6
20164	234014400	23.6
20164	236606400	26
20164	239284800	26.5
20164	241963200	24.7
20164	244555200	21
20164	247233600	17.9
20164	249825600	13.2
20164	252504000	12.4
20164	255182400	14.1
20164	257601600	15.9
20164	260280000	18.5
20164	262872000	21.9
20164	265550400	23.3
20164	268142400	26
20164	270820800	24.8
20164	273499200	24
20164	276091200	23
20164	278769600	16.2
20164	281361600	14.4
20164	284040000	13.1
20164	286718400	15.1
20164	289137600	16.2
20164	291816000	20
20164	294408000	20
20164	297086400	24.5
20164	299678400	25.5
20164	302356800	25.6
20164	305035200	24.8
20164	307627200	22.6
20164	310305600	20.2
20164	312897600	13.2
20164	315576000	11.9
20164	318254400	12.3
20164	320760000	15
20164	323438400	18.9
20164	326030400	21.6
20164	328708800	23.3
20164	331300800	25.6
20164	333979200	26
20164	336657600	23.8
20164	339249600	21.9
20164	341928000	19
20164	344520000	14.4
20164	347198400	11.8
20164	349876800	13.1
20164	352296000	15.6
20164	354974400	18.4
20164	357566400	20.1
20164	360244800	23.3
20165	820497600	12.9
20165	823176000	14.4
20165	825681600	14.9
20165	828360000	17.8
20165	830952000	22.7
20165	833630400	24.5
20165	836222400	27
20165	838900800	27.2
20165	841579200	26
20165	844171200	22.3
20165	846849600	20
20165	849441600	15.8
20165	852120000	13.7
20165	854798400	11.5
20165	857217600	13.8
20165	859896000	17.6
20165	862488000	22.2
20165	865166400	25.1
20165	867758400	27.3
20165	870436800	26.3
20165	873115200	25
20165	875707200	22.8
20165	878385600	19.1
20165	880977600	14.9
20165	883656000	13.1
20165	886334400	14
20165	888753600	14.8
20165	891432000	20.7
20165	894024000	22.6
20165	896702400	25.1
20165	899294400	27.2
20165	901972800	28.7
20165	904651200	27
20165	907243200	24
20165	909921600	20.1
20165	912513600	16.1
20165	915192000	13.7
20165	917870400	14
20165	920289600	16.5
20165	922968000	18.7
20165	925560000	23.2
20165	928238400	25.3
20165	930830400	27.4
20165	933508800	28.4
20165	936187200	27
20165	938779200	23.8
20165	941457600	19.6
20165	944049600	15.2
20165	946728000	11.9
20165	949406400	12.6
20165	951912000	13.9
20165	954590400	19.6
20165	957182400	21.8
20165	959860800	25.6
20165	962452800	28.5
20165	965131200	27.9
20165	967809600	26.4
20165	970401600	22.5
20165	973080000	18.6
20165	975672000	14.8
20165	978350400	13.3
20165	981028800	13.5
20165	983448000	18.4
20165	986126400	20.3
20165	988718400	22.6
20165	991396800	25.2
20165	993988800	27.1
20165	996667200	28
20165	999345600	26.4
20165	1001937600	23.5
20165	1004616000	18.8
20165	1007208000	14.6
20165	1009886400	11.8
20165	1012564800	14.9
20165	1014984000	17.4
20165	1017662400	18.7
20165	1020254400	21.3
20165	1022932800	25.5
20165	1025524800	28.2
20165	1028203200	28.2
20165	1030881600	26.9
20165	1033473600	24.1
20165	1036152000	20.5
20165	1038744000	15.4
20165	1041422400	14.7
20165	1044100800	12.7
20165	1046520000	14.2
20165	1049198400	19.6
20165	1051790400	25.3
20165	1054468800	25.6
20165	1057060800	27.5
20165	1059739200	28.2
20165	1062417600	26.3
20165	1065009600	23.9
20165	1067688000	19.7
20165	1070280000	15.7
20165	1072958400	13.8
20165	1075636800	14.3
20165	1078142400	17.3
20165	1080820800	19.2
20165	1083412800	22.3
20165	1086091200	24.8
20165	1088683200	27.7
20165	1091361600	27.6
20165	1094040000	26.3
20165	1096632000	24.4
20165	1099310400	19.9
20165	1101902400	13.9
20165	1104580800	14.3
20165	1107259200	13.6
20165	1109678400	15.9
20165	1112356800	19.5
20165	1114948800	21.4
20165	1117627200	24.5
20165	1120219200	26.8
20165	1122897600	27.6
20165	1125576000	26.2
20165	1128168000	22.4
20165	1130846400	17.9
20165	1133438400	15.7
20165	1136116800	13.1
20165	1138795200	14.7
20165	1141214400	16.1
20165	1143892800	19
20165	1146484800	21.6
20165	1149163200	25.1
20165	1151755200	26.8
20165	1154433600	27.5
20165	1157112000	26.8
20165	1159704000	23.3
20165	1162382400	17.5
20165	1164974400	13.5
20165	1167652800	12.6
20165	1170331200	14.2
20165	1172750400	15.7
20165	1175428800	18.8
20165	1178020800	23.4
20165	1180699200	25.4
20165	1183291200	27.5
20165	1185969600	27.8
20165	1188648000	26.2
20165	1191240000	24.4
20165	1193918400	19.4
20165	1196510400	14.7
20166	1207051200	21.3
20166	1209643200	22.2
20166	1212321600	26.8
20166	1214913600	27.8
20166	1217592000	28.3
20166	1220270400	26.7
20166	1222862400	22.3
20166	1225540800	18.7
20166	1228132800	15.3
20166	1230811200	13.4
20166	1233489600	14.3
20166	1235908800	15.4
20166	1238587200	19.8
20166	1241179200	23
20166	1243857600	27
20166	1246449600	28.4
20166	1249128000	28
20166	1251806400	26
20166	1254398400	25
20166	1257076800	18.1
20166	1259668800	15.4
20166	1262347200	15.2
20166	1265025600	16
20166	1267444800	19.1
20166	1270123200	20.6
20166	1272715200	23.7
20166	1275393600	27.2
20166	1277985600	28
20166	1280664000	29.7
20166	1283342400	27.5
20166	1285934400	25.5
20166	1288612800	21.2
20166	1291204800	15.9
20166	1293883200	13.1
20166	1296561600	13.9
20166	1298980800	15.5
20166	1301659200	19.3
20166	1304251200	22.6
20166	1306929600	25.1
20166	1309521600	27.8
20166	1312200000	27.4
20166	1314878400	25.9
20166	1317470400	22.4
20166	1320148800	15.3
20166	1322740800	13.1
20166	1325419200	10.9
20166	1328097600	12.4
20166	1330603200	13.9
20166	1333281600	20
20166	1335873600	23.4
20166	1338552000	26.4
20166	1341144000	28.8
20166	1343822400	28.5
20166	1346500800	26.2
20166	1349092800	23.6
20166	1351771200	19.1
20166	1354363200	14.2
20166	1357041600	12.3
20166	1359720000	14.4
20166	1362139200	18.1
20166	1364817600	19.4
20166	1367409600	23.7
20166	1370088000	25.6
20166	1372680000	26.1
20166	1375358400	27
20166	1378036800	25.1
20166	1380628800	21
20166	1383307200	19.3
20166	1385899200	12.1
20166	1388577600	12.6
20166	1391256000	13.4
20166	1393675200	16.5
20166	1396353600	20.3
20166	1398945600	22.9
20166	1401624000	25.2
20166	1404216000	26.7
20166	1406894400	27.3
20166	1409572800	25.3
20166	1412164800	21.6
20166	1414843200	17.2
20166	1417435200	14.8
20166	1420113600	11.2
20166	1422792000	12.6
20166	1425211200	16.4
20166	1427889600	18
20166	1430481600	23.5
20167	-2584958400	12.8
20167	-2582452800	16.3
20167	-2579774400	17.2
20167	-2577182400	19.6
20167	-2574504000	22.2
20167	-2571912000	26
20167	-2569233600	25.3
20167	-2566555200	24
20167	-2563963200	24.2
20167	-2561284800	18.6
20167	-2558692800	15.7
20167	-2556014400	16.3
20167	-2553336000	16
20167	-2550916800	17.6
20167	-2548238400	18.6
20167	-2545646400	19.9
20167	-2542968000	21.4
20167	-2540376000	24.8
20168	-473342400	13.7
20168	-470664000	15.7
20168	-468244800	16.2
20168	-465566400	19
20168	-462974400	20.5
20168	-460296000	24.4
20168	-457704000	25.8
20168	-455025600	25.8
20168	-452347200	24.9
20168	-449755200	23.4
20168	-447076800	18.5
20168	-444484800	14.5
20168	-441806400	13
20168	-439128000	15.1
20168	-436622400	14.3
20168	-433944000	17.5
20168	-431352000	19.5
20168	-428673600	23.3
20168	-426081600	25.4
20168	-423403200	26.5
20168	-420724800	24.9
20169	-228830400	21.2
20169	-226152000	17.7
20169	-223560000	12.8
20169	-220881600	12.1
20169	-218203200	13.3
20169	-215784000	13.1
20169	-213105600	17.4
20170	-2371982400	19.6
20170	-2369390400	15.9
20170	-2366712000	14.3
20170	-2364033600	17.4
20170	-2361614400	17
20170	-2358936000	21.6
20170	-2356344000	24.2
20170	-2353665600	26
20170	-2351073600	28.7
20170	-2348395200	28.1
20170	-2345716800	25.4
20170	-2343124800	22.2
20170	-2340446400	18.8
20170	-2337854400	15.8
20170	-2335176000	13.5
20170	-2332497600	15
20170	-2329992000	17.1
20170	-2327313600	19.6
20170	-2324721600	24.6
20170	-2322043200	26
20170	-2319451200	28.6
20170	-2316772800	29.3
20170	-2314094400	26.5
20170	-2311502400	24.2
20170	-2308824000	20.3
20170	-2306232000	16.8
20170	-2303553600	14.8
20170	-2300875200	14.9
20170	-2298456000	17.1
20170	-2295777600	21.1
20170	-2293185600	23.8
20170	-2290507200	26
20170	-2287915200	29.3
20170	-2285236800	27.9
20170	-2282558400	27.6
20170	-2279966400	24.1
20170	-2277288000	16.2
20170	-2274696000	14.1
20170	-2272017600	11.2
20170	-2269339200	15.1
20170	-2266920000	17.3
20170	-2264241600	21.1
20170	-2261649600	23.7
20170	-2258971200	26.3
20170	-2256379200	29
20170	-2253700800	27.6
20170	-2251022400	25
20170	-2248430400	25.8
20170	-2245752000	20.3
20170	-2243160000	15.3
20170	-2240481600	13.3
20170	-2237803200	15.6
20170	-2235384000	17.9
20170	-2232705600	20.6
20170	-2230113600	24.3
20170	-2227435200	27
20170	-2224843200	28.4
20170	-2222164800	28.1
20170	-2219486400	27.2
20170	-2216894400	23.8
20170	-2214216000	18.7
20170	-2211624000	15.1
20170	-2208945600	14.3
20170	-2206267200	16.4
20170	-2203848000	18.8
20170	-2201169600	21
20170	-2198577600	24.9
20170	-2195899200	26.5
20170	-2193307200	29.1
20170	-2190628800	29.1
20170	-2187950400	25.4
20170	-2185358400	24.8
20170	-2182680000	19.9
20170	-2180088000	16.3
20170	-2177409600	13.6
20170	-2174731200	18.2
20170	-2172312000	19.7
20171	365515200	25.6
20171	368193600	25.1
20171	370785600	22.7
20171	373464000	16.7
20171	376056000	15.2
20171	378734400	13
20171	381412800	11.7
20171	383832000	13.3
20171	386510400	19.3
20171	389102400	20.3
20171	391780800	22.7
20171	394372800	25
20171	397051200	25.7
20171	399729600	24.5
20171	402321600	22.3
20171	4.05e+08	15.7
20171	407592000	12.8
20171	410270400	10
20171	412948800	11
20171	415368000	13.3
20171	418046400	16.3
20171	420638400	20.4
20171	423316800	23.2
20171	425908800	25.2
20171	428587200	25.3
20171	431265600	24.1
20171	433857600	21
20171	436536000	18.9
20171	439128000	14.1
20171	441806400	12.8
20171	444484800	13.2
20171	446990400	15.6
20171	449668800	17
20171	452260800	21.8
20171	454939200	23
20171	457531200	24.7
20171	460209600	24.9
20171	462888000	24.3
20171	465480000	22.1
20171	468158400	18.1
20171	470750400	12.7
20171	473428800	14.7
20171	476107200	12.5
20171	478526400	14.4
20171	481204800	17.8
20171	483796800	21.7
20171	486475200	23.7
20171	489067200	24.7
20171	491745600	26.7
20171	494424000	24.6
20171	497016000	20.5
20171	499694400	19.4
20171	502286400	14.5
20171	504964800	13.4
20171	507643200	13.7
20171	510062400	15.5
20171	512740800	19.7
20171	515332800	19.3
20171	518011200	24.3
20171	520603200	25.3
20171	523281600	26
20171	525960000	26
20171	528552000	21.9
20171	531230400	15.2
20171	533822400	12.5
20171	536500800	12.9
20171	539179200	14.5
20171	541598400	12.9
20171	544276800	16.4
20171	546868800	20.4
20171	549547200	23
20171	552139200	25.6
20171	554817600	26.4
20171	557496000	25
20171	560088000	21.3
20171	562766400	17.7
20171	565358400	14.8
20171	568036800	12.8
20171	570715200	12.8
20171	573220800	14.5
20171	575899200	18
20171	578491200	22.6
20171	581169600	24.6
20171	583761600	27
20171	586440000	26.5
20171	589118400	25
20171	591710400	21.6
20171	594388800	15.9
20171	596980800	13.8
20171	599659200	10.1
20171	602337600	11.9
20171	604756800	14.7
20171	607435200	20.3
20171	610027200	22
20171	612705600	23.3
20171	615297600	25.5
20171	617976000	25.8
20171	620654400	24.8
20171	623246400	21.1
20171	625924800	17.9
20171	628516800	13.4
20171	631195200	11.9
20171	633873600	12.1
20171	636292800	14
20171	638971200	17.6
20171	641563200	19.3
20171	644241600	22.7
20171	646833600	25.3
20171	649512000	25.7
20171	652190400	24.5
20171	654782400	23.3
20171	657460800	20
20171	660052800	15.9
20171	662731200	12.5
20171	665409600	13.5
20171	667828800	16.3
20171	670507200	18.8
20171	673099200	20.7
20171	675777600	23.4
20171	678369600	25
20171	681048000	25.7
20171	683726400	24.4
20171	686318400	23
20171	688996800	18.1
20171	691588800	12.5
20171	694267200	10.4
20171	696945600	10.6
20171	699451200	13
20171	702129600	17
20171	704721600	20.2
20171	707400000	23.5
20171	709992000	24.5
20171	712670400	25.9
20171	715348800	24.4
20171	717940800	22.5
20171	720619200	18.5
20171	723211200	12.5
20171	725889600	10.8
20171	728568000	10.7
20171	730987200	13.9
20171	733665600	18.2
20171	736257600	20.6
20171	738936000	24.3
20171	741528000	25.7
20171	744206400	26.6
20171	746884800	24.8
20171	749476800	24.7
20171	752155200	18.1
20171	754747200	15.7
20171	757425600	14.5
20171	760104000	13.4
20171	762523200	14.2
20171	765201600	19.8
20171	767793600	21.7
20171	770472000	23.8
20171	773064000	25.6
20171	775742400	26.2
20171	778420800	26.7
20171	781012800	25.3
20171	783691200	17.5
20171	786283200	12.4
20171	788961600	12.3
20171	791640000	12.8
20171	794059200	15.2
20171	796737600	16.5
20171	799329600	20.2
20171	802008000	24.3
20171	804600000	26
20171	807278400	26.8
20171	809956800	25.4
20171	812548800	21.9
20171	815227200	16.7
20171	817819200	13.4
20171	820497600	12.8
20171	823176000	13.9
20171	825681600	14.7
20171	828360000	17.2
20171	830952000	22.4
20171	833630400	23.6
20171	836222400	26.6
20171	838900800	26.6
20171	841579200	25.8
20171	844171200	22.1
20171	846849600	19.6
20171	849441600	15.9
20171	852120000	13.5
20171	854798400	11.3
20171	857217600	13.2
20171	859896000	17
20171	862488000	21.3
20171	865166400	24.4
20171	867758400	26.6
20171	870436800	25.7
20171	873115200	24.4
20171	875707200	22.5
20171	878385600	19
20171	880977600	14.9
20171	883656000	13.1
20171	886334400	13.8
20172	1207051200	20.8
20172	1209643200	21.8
20172	1212321600	26.1
20172	1214913600	27.5
20172	1217592000	28
20172	1220270400	26.9
20172	1222862400	23
20172	1225540800	19.6
20172	1228132800	16.5
20172	1230811200	14.2
20172	1233489600	14.6
20172	1235908800	15.7
20172	1238587200	19.3
20172	1241179200	22.7
20172	1243857600	26
20172	1246449600	28
20172	1249128000	28.1
20172	1251806400	26.4
20172	1254398400	24.9
20172	1257076800	18.7
20172	1259668800	16
20172	1262347200	15.6
20172	1265025600	16.7
20172	1267444800	18.6
20172	1270123200	20.1
20172	1272715200	22.9
20172	1275393600	26.4
20172	1277985600	27.6
20172	1280664000	29.5
20172	1283342400	27.9
20172	1285934400	25.6
20172	1288612800	21.6
20172	1291204800	16.9
20172	1293883200	14.7
20172	1296561600	15
20172	1298980800	15.8
20172	1301659200	18.9
20172	1304251200	22.1
20172	1306929600	24.9
20172	1309521600	27.5
20172	1312200000	27.8
20172	1314878400	26.6
20172	1317470400	23.6
20172	1320148800	16.5
20172	1322740800	14.4
20172	1325419200	12.4
20172	1328097600	13.3
20172	1330603200	14.5
20172	1333281600	19.7
20172	1335873600	23
20172	1338552000	25.9
20172	1341144000	28.7
20172	1343822400	28.9
20172	1346500800	27.3
20172	1349092800	24.8
20172	1351771200	20.5
20172	1354363200	15.7
20172	1357041600	13.2
20172	1359720000	15.6
20172	1362139200	18.8
20172	1364817600	20.3
20172	1367409600	23.6
20172	1370088000	26.1
20172	1372680000	27
20172	1375358400	28
20172	1378036800	26.4
20172	1380628800	22.9
20172	1383307200	21.4
20172	1385899200	14.1
20172	1388577600	14.2
20172	1391256000	14.7
20172	1393675200	17.2
20172	1396353600	20.6
20172	1398945600	23.2
20172	1401624000	25.6
20172	1404216000	27.3
20172	1406894400	28.3
20172	1409572800	26.8
20172	1412164800	23
20172	1414843200	18.7
20172	1417435200	16.4
20172	1420113600	12.2
20172	1422792000	13.9
20172	1425211200	17.5
20172	1427889600	18.4
20172	1430481600	23.3
20173	-2521800000	13.1
20173	-2519380800	16.1
20173	-2516702400	16.2
20174	-336744000	21
20174	-334065600	23.7
20174	-331473600	24.8
20174	-328795200	25.8
20174	-326116800	24.4
20174	-323524800	21.5
20174	-320846400	18.8
20174	-318254400	15.7
20174	-315576000	14
20174	-312897600	14.4
20174	-310392000	16
20174	-307713600	18.8
20174	-305121600	22.5
20174	-302443200	23.6
20174	-299851200	25.6
20174	-297172800	26.3
20174	-294494400	25.2
20174	-291902400	23.2
20174	-289224000	20.3
20174	-286632000	17.9
20175	-197294400	21
20175	-194616000	16.2
20175	-192024000	13.3
20175	-189345600	10.2
20175	-186667200	11.5
20175	-184161600	14.4
20176	-2167041600	23.3
20176	-2164363200	27
20176	-2161771200	28.6
20176	-2159092800	28.7
20176	-2156414400	26.9
20176	-2153822400	24.1
20176	-2151144000	19.9
20176	-2148552000	16.1
20176	-2145873600	13.9
20176	-2143195200	17.3
20176	-2140776000	18.2
20176	-2138097600	20.7
20176	-2135505600	23.4
20176	-2132827200	24.9
20176	-2130235200	27.1
20176	-2127556800	27.5
20176	-2124878400	26.8
20176	-2122286400	23.6
20176	-2119608000	19
20176	-2117016000	14.3
20176	-2114337600	12.6
20176	-2111659200	13.7
20176	-2109240000	16.1
20176	-2106561600	21.4
20176	-2103969600	24.1
20176	-2101291200	25.6
20176	-2098699200	26.8
20176	-2096020800	27.8
20176	-2093342400	25
20176	-2090750400	22.3
20176	-2088072000	17.9
20176	-2085480000	15.2
20176	-2082801600	13.1
20176	-2080123200	15.5
20176	-2077617600	17.1
20176	-2074939200	19.5
20176	-2072347200	22.9
20176	-2069668800	25.3
20176	-2067076800	27.5
20176	-2064398400	27.5
20176	-2061720000	25.7
20176	-2059128000	24.7
20176	-2056449600	18.7
20176	-2053857600	13.7
20176	-2051179200	12.3
20176	-2048500800	12.9
20176	-2046081600	16.4
20176	-2043403200	21.5
20176	-2040811200	24.7
20176	-2038132800	26.6
20176	-2035540800	28.6
20176	-2032862400	28.6
20176	-2030184000	26.8
20176	-2027592000	25.3
20176	-2024913600	20.9
20176	-2022321600	14.6
20176	-2019643200	14
20176	-2016964800	15.6
20176	-2014545600	17.1
20176	-2011867200	21
20176	-2009275200	23.7
20176	-2006596800	26.6
20176	-2004004800	28.3
20176	-2001326400	27.8
20176	-1998648000	25.6
20176	-1996056000	23.8
20176	-1993377600	19.7
20176	-1990785600	16.7
20176	-1988107200	13.4
20176	-1985428800	15
20176	-1983009600	15.4
20176	-1980331200	20.7
20176	-1977739200	23.8
20177	915192000	14.2
20177	917870400	14.3
20177	920289600	16.7
20178	-2511432000	24.8
20178	-2508840000	28
20178	-2506161600	28.7
20179	-276177600	18.1
20179	-273585600	21.4
20179	-270907200	24.6
20179	-268315200	25.8
20179	-265636800	26.5
20179	-262958400	24.4
20179	-260366400	21.7
20179	-257688000	18.2
20179	-255096000	15
20179	-252417600	14.2
20179	-249739200	13.6
20179	-247320000	17.2
20179	-244641600	17.5
20179	-242049600	21.1
20179	-239371200	24.3
20179	-236779200	26
20179	-234100800	27.3
20179	-231422400	26
20179	-228830400	23.7
20179	-226152000	21.5
20179	-223560000	15.9
20179	-220881600	14.8
20179	-218203200	15.6
20179	-215784000	15.3
20179	-213105600	18.6
20179	-210513600	21.3
20179	-207835200	23.6
20179	-205243200	26.2
20179	-202564800	27
20179	-199886400	26.2
20179	-197294400	23.7
20179	-194616000	19.4
20179	-192024000	14.7
20179	-189345600	12.2
20179	-186667200	13.1
20179	-184161600	16.4
20179	-181483200	17.4
20179	-178891200	18.9
20179	-176212800	22.8
20179	-173620800	24.4
20179	-170942400	25.1
20179	-168264000	23.7
20179	-165672000	21.4
20179	-162993600	18.4
20179	-160401600	15.1
20179	-157723200	13.2
20179	-155044800	13.8
20179	-152625600	16.3
20179	-149947200	19.4
20179	-147355200	19.8
20179	-144676800	23.9
20179	-142084800	23.2
20179	-139406400	26.6
20179	-136728000	25.3
20179	-134136000	22.3
20179	-131457600	18.4
20179	-128865600	15.4
20179	-126187200	14.4
20179	-123508800	15.1
20179	-121089600	16.2
20179	-118411200	19.9
20179	-115819200	20.7
20179	-113140800	24
20179	-110548800	26.1
20179	-107870400	26.4
20179	-105192000	25.4
20179	-102600000	20
20179	-99921600	22.2
20179	-97329600	16.3
20179	-94651200	12.8
20179	-91972800	13
20179	-89553600	14.1
20179	-86875200	17.4
20180	-165672000	19.3
20180	-162993600	16.1
20180	-160401600	12.6
20180	-157723200	11.2
20180	-155044800	12.9
20180	-152625600	14.7
20180	-149947200	17.5
20181	-1972468800	28.8
20181	-1969790400	28.8
20181	-1967112000	26
20181	-1964520000	23.1
20182	-2500891200	23.7
20182	-2498212800	20.6
20182	-2495620800	18.6
20182	-2492942400	14.2
20182	-2490264000	14
20182	-2487844800	17.8
20182	-2485166400	20.2
20182	-2482574400	23.7
20182	-2479896000	25.3
20182	-2477304000	27.9
20182	-2474625600	28.9
20182	-2471947200	27.3
20182	-2469355200	25.3
20182	-2466676800	21.3
20182	-2464084800	16.2
20182	-2461406400	15.5
20182	-2458728000	16.8
20182	-2456222400	18
20182	-2453544000	20.5
20182	-2450952000	21.7
20182	-2448273600	26
20182	-2445681600	28.5
20182	-2443003200	28.3
20182	-2440324800	27.7
20182	-2437732800	25.3
20182	-2435054400	20.5
20182	-2432462400	16.2
20182	-2429784000	13.9
20182	-2427105600	14.8
20182	-2424686400	15.4
20182	-2422008000	18
20182	-2419416000	21.5
20182	-2416737600	25.8
20182	-2414145600	28.2
20182	-2411467200	27.9
20182	-2408788800	26.9
20182	-2406196800	24.6
20182	-2403518400	21.6
20182	-2400926400	16.6
20182	-2398248000	14.8
20182	-2395569600	14.9
20182	-2393150400	16.9
20182	-2390472000	19.1
20182	-2387880000	22.7
20182	-2385201600	26.2
20182	-2382609600	27.5
20182	-2379931200	28.2
20182	-2377252800	27.5
20182	-2374660800	26.3
20182	-2371982400	20.3
20182	-2369390400	16.8
20182	-2366712000	15.5
20182	-2364033600	17.6
20182	-2361614400	17.7
20182	-2358936000	20.4
20182	-2356344000	23.3
20182	-2353665600	23.6
20182	-2351073600	26.5
20182	-2348395200	27.8
20182	-2345716800	26.7
20182	-2343124800	23.9
20182	-2340446400	20.8
20182	-2337854400	16.3
20182	-2335176000	13.1
20182	-2332497600	14.6
20182	-2329992000	16.7
20182	-2327313600	19.2
20182	-2324721600	23.2
20182	-2322043200	25.2
20182	-2319451200	28.3
20182	-2316772800	28.8
20182	-2314094400	26.8
20182	-2311502400	26
20182	-2308824000	20.9
20182	-2306232000	17.3
20182	-2303553600	15.9
20182	-2300875200	16
20182	-2298456000	16.4
20182	-2295777600	20
20182	-2293185600	22.4
20182	-2290507200	24.9
20182	-2287915200	27.8
20182	-2285236800	27.1
20182	-2282558400	27.5
20182	-2279966400	24.3
20182	-2277288000	17.5
20182	-2274696000	14.9
20182	-2272017600	12.9
20182	-2269339200	14.8
20182	-2266920000	17.1
20182	-2264241600	20
20182	-2261649600	22.6
20182	-2258971200	26.1
20182	-2256379200	27.6
20182	-2253700800	27.6
20182	-2251022400	25.8
20182	-2248430400	25.5
20182	-2245752000	21.8
20182	-2243160000	16.9
20182	-2240481600	14
20182	-2237803200	15.9
20182	-2235384000	17.4
20182	-2232705600	19.3
20182	-2230113600	23.1
20182	-2227435200	25.9
20182	-2224843200	27.2
20182	-2222164800	27.6
20182	-2219486400	27.4
20182	-2216894400	24.9
20182	-2214216000	20.4
20182	-2211624000	15.7
20182	-2208945600	14.9
20182	-2206267200	16.5
20182	-2203848000	18.3
20182	-2201169600	20.3
20182	-2198577600	24.1
20182	-2195899200	25.4
20182	-2193307200	27.7
20182	-2190628800	27.9
20182	-2187950400	25.7
20182	-2185358400	25
20182	-2182680000	21.3
20182	-2180088000	14.9
20182	-2177409600	13.4
20182	-2174731200	18.1
20182	-2172312000	19.4
20182	-2169633600	20.7
20182	-2167041600	23
20182	-2164363200	26
20182	-2161771200	27.8
20182	-2159092800	28
20182	-2156414400	26.7
20182	-2153822400	25.6
20182	-2151144000	21.1
20182	-2148552000	17.4
20182	-2145873600	15
20182	-2143195200	18.4
20182	-2140776000	18.7
20182	-2138097600	20.9
20182	-2135505600	24.4
20182	-2132827200	25.4
20182	-2130235200	27.2
20182	-2127556800	27.8
20182	-2124878400	27.6
20182	-2122286400	25.4
20182	-2119608000	20.6
20182	-2117016000	15.4
20182	-2114337600	15.1
20182	-2111659200	15.2
20182	-2109240000	18
20182	-2106561600	20.9
20182	-2103969600	23.6
20182	-2101291200	26
20182	-2098699200	26.6
20182	-2096020800	27.9
20182	-2093342400	26.4
20182	-2090750400	24
20182	-2088072000	20
20182	-2085480000	17.5
20182	-2082801600	14.8
20182	-2080123200	16.4
20182	-2077617600	17.9
20182	-2074939200	19.6
20182	-2072347200	22.2
20182	-2069668800	25
20182	-2067076800	27.4
20182	-2064398400	27.6
20182	-2061720000	26.5
20182	-2059128000	25.7
20182	-2056449600	19.3
20182	-2053857600	15
20182	-2051179200	13.4
20182	-2048500800	13.8
20182	-2046081600	16.5
20182	-2043403200	20.3
20182	-2040811200	23.5
20182	-2038132800	25.8
20182	-2035540800	27.5
20182	-2032862400	28
20182	-2030184000	26.4
20182	-2027592000	26
20182	-2024913600	22.2
20182	-2022321600	15.2
20182	-2019643200	14.7
20182	-2016964800	15.7
20182	-2014545600	17.9
20182	-2011867200	19.8
20182	-2009275200	22.6
20182	-2006596800	25.3
20182	-2004004800	27.9
20182	-2001326400	27.9
20182	-1998648000	26.2
20182	-1996056000	23.4
20182	-1993377600	19.4
20182	-1990785600	17.4
20182	-1988107200	14.5
20182	-1985428800	15.2
20182	-1983009600	15.2
20182	-1980331200	20.8
20182	-1977739200	22.5
20182	-1975060800	25.4
20182	-1972468800	27.8
20182	-1969790400	28.5
20182	-1967112000	26.3
20182	-1964520000	24.6
20182	-1961841600	19.7
20182	-1959249600	16
20182	-1956571200	14.6
20182	-1953892800	14.7
20182	-1951387200	17.5
20182	-1948708800	20.2
20182	-1946116800	23.5
20182	-1943438400	26.2
20182	-1940846400	27.1
20182	-1938168000	27.8
20182	-1935489600	26
20182	-1932897600	23.8
20182	-1930219200	19.4
20182	-1927627200	14.7
20182	-1924948800	14.5
20182	-1922270400	15.2
20182	-1919851200	19
20182	-1917172800	19.3
20182	-1914580800	24.5
20182	-1911902400	26
20182	-1909310400	27.4
20182	-1906632000	28.3
20182	-1903953600	27.3
20182	-1901361600	25.7
20182	-1898683200	21.2
20182	-1896091200	18.7
20182	-1893412800	14.2
20182	-1890734400	16.3
20182	-1888315200	16
20182	-1885636800	20.1
20182	-1883044800	22.8
20182	-1880366400	24.9
20182	-1877774400	27.2
20182	-1875096000	28.1
20182	-1872417600	26.6
20182	-1869825600	23.4
20182	-1867147200	20.2
20182	-1864555200	15.8
20182	-1861876800	14.1
20182	-1859198400	13.1
20182	-1856779200	16.7
20182	-1854100800	20
20182	-1851508800	23
20182	-1848830400	25.3
20182	-1846238400	27.3
20182	-1843560000	27.2
20182	-1840881600	26.1
20182	-1838289600	24.5
20182	-1835611200	21.7
20182	-1833019200	17
20182	-1830340800	14.5
20182	-1827662400	16.8
20182	-1825156800	18
20182	-1822478400	20.3
20182	-1819886400	21.9
20182	-1817208000	25.7
20182	-1814616000	27.3
20182	-1811937600	27.7
20182	-1809259200	25.7
20182	-1806667200	24.7
20182	-1803988800	20.7
20182	-1801396800	16.7
20182	-1798718400	15.4
20182	-1796040000	15
20182	-1793620800	17.1
20182	-1790942400	20.4
20182	-1788350400	22.6
20182	-1785672000	24.6
20182	-1783080000	26.8
20182	-1780401600	27.2
20182	-1777723200	26.9
20182	-1775131200	25.1
20182	-1772452800	20.5
20182	-1769860800	15.7
20182	-1767182400	15.6
20182	-1764504000	16.2
20182	-1762084800	18.7
20182	-1759406400	19
20182	-1756814400	22.8
20182	-1754136000	25.5
20182	-1751544000	26.8
20182	-1748865600	27.9
20182	-1746187200	26.1
20182	-1743595200	23.8
20182	-1740916800	20.7
20182	-1738324800	16.9
20183	-134136000	19
20183	-131457600	15.1
20183	-128865600	12.8
20183	-126187200	11.8
20183	-123508800	12.5
20183	-121089600	13.4
20183	-118411200	18
20184	-788875200	13.7
20184	-786196800	13.5
20184	-783777600	14.7
20184	-781099200	17.8
20184	-778507200	22.6
20184	-775828800	24.4
20184	-773236800	26.7
20184	-770558400	28.2
20184	-767880000	26.5
20184	-765288000	23.3
20184	-762609600	20.6
20184	-760017600	14.8
20184	-757339200	15.2
20184	-754660800	14.1
20184	-752241600	16.4
20184	-749563200	18.9
20184	-746971200	22.1
20184	-744292800	25.2
20184	-741700800	27
20184	-739022400	28
20184	-736344000	27.6
20184	-733752000	24.4
20184	-731073600	22.4
20184	-728481600	15.8
20184	-725803200	14.1
20184	-723124800	16.1
20184	-720705600	18.2
20184	-718027200	19.6
20184	-715435200	23
20184	-712756800	25.6
20184	-710164800	27.3
20184	-707486400	27.8
20184	-704808000	26.1
20184	-702216000	24.1
20184	-699537600	20.4
20184	-696945600	17.5
20184	-694267200	15.9
20184	-691588800	14.8
20184	-689083200	14.4
20184	-686404800	18
20184	-683812800	21.7
20184	-681134400	25
20184	-678542400	26.4
20184	-675864000	26.8
20184	-673185600	25.8
20184	-670593600	23.6
20184	-667915200	20
20184	-665323200	15.2
20184	-662644800	13.4
20184	-659966400	13.1
20184	-657547200	15.4
20184	-654868800	16.4
20184	-652276800	22.4
20184	-649598400	24.6
20184	-647006400	25.9
20184	-644328000	25.9
20184	-641649600	24.6
20184	-639057600	23.5
20184	-636379200	21.6
20184	-633787200	16.5
20184	-631108800	13.4
20184	-628430400	13.7
20184	-626011200	16.9
20184	-623332800	20.4
20184	-620740800	22
20184	-618062400	25.2
20184	-615470400	27.2
20184	-612792000	27.6
20184	-610113600	26.8
20184	-607521600	23.8
20184	-604843200	21.1
20184	-602251200	18
20184	-599572800	15.1
20184	-596894400	15.9
20184	-594475200	17.9
20184	-591796800	19.6
20184	-589204800	22.6
20184	-586526400	24.7
20184	-583934400	26.6
20184	-581256000	27.8
20184	-578577600	27.2
20184	-575985600	24.2
20184	-573307200	20.3
20184	-570715200	14.6
20184	-568036800	14.4
20184	-565358400	15.3
20184	-562852800	16.1
20184	-560174400	19.2
20184	-557582400	21.9
20184	-554904000	24.4
20184	-552312000	26.3
20184	-549633600	27.9
20184	-546955200	27.7
20184	-544363200	25
20184	-541684800	21.1
20184	-539092800	18
20184	-536414400	13.8
20184	-533736000	15.4
20184	-531316800	14.4
20184	-528638400	18.7
20184	-526046400	22.2
20184	-523368000	24.9
20184	-520776000	27.3
20184	-518097600	27.3
20184	-515419200	25.8
20184	-512827200	24.5
20184	-510148800	18.6
20184	-507556800	14.8
20184	-504878400	13.4
20184	-502200000	14.8
20184	-499780800	17.2
20184	-497102400	18.1
20184	-494510400	21.7
20184	-491832000	25.2
20184	-489240000	27.2
20184	-486561600	28
20184	-483883200	25.9
20184	-481291200	24
20184	-478612800	20.6
20184	-476020800	15.5
20184	-473342400	16
20184	-470664000	17.5
20184	-468244800	17.8
20184	-465566400	19.6
20184	-462974400	21.9
20184	-460296000	25.7
20184	-457704000	27.1
20184	-455025600	26.9
20184	-452347200	26.4
20184	-449755200	24.9
20184	-447076800	20.7
20184	-444484800	15.9
20184	-441806400	15.5
20184	-439128000	15.5
20184	-436622400	15.7
20184	-433944000	18.3
20184	-431352000	21.2
20184	-428673600	24.9
20184	-426081600	26.9
20184	-423403200	27.9
20184	-420724800	26.6
20185	-110548800	27.9
20185	-107870400	28.3
20185	-105192000	26.7
20185	-102600000	24.9
20185	-99921600	22.2
20185	-97329600	15.6
20185	-94651200	12.7
20185	-91972800	14
20185	-89553600	15.4
20185	-86875200	20.9
20185	-84283200	23.8
20186	-1893412800	13.3
20186	-1890734400	15.8
20186	-1888315200	15.3
20186	-1885636800	22.5
20186	-1883044800	25.1
20186	-1880366400	26.9
20186	-1877774400	29.2
20186	-1875096000	29.6
20186	-1872417600	26.7
20186	-1869825600	22.8
20186	-1867147200	18
20186	-1864555200	14
20186	-1861876800	12.3
20186	-1859198400	12.7
20186	-1856779200	16.3
20186	-1854100800	20.9
20186	-1851508800	24.5
20186	-1848830400	27
20186	-1846238400	28.7
20186	-1843560000	28.9
20186	-1840881600	26.3
20186	-1838289600	23.7
20186	-1835611200	19.6
20186	-1833019200	15.3
20186	-1830340800	12.9
20186	-1827662400	15.9
20186	-1825156800	17.4
20186	-1822478400	21
20186	-1819886400	23.2
20186	-1817208000	28
20186	-1814616000	28.8
20186	-1811937600	29.2
20186	-1809259200	26.3
20186	-1806667200	24.3
20186	-1803988800	18.6
20186	-1801396800	14.6
20186	-1798718400	13.3
20186	-1796040000	14.1
20186	-1793620800	16.5
20186	-1790942400	21.2
20186	-1788350400	23.8
20186	-1785672000	26
20186	-1783080000	28
20186	-1780401600	28.6
20186	-1777723200	27.4
20186	-1775131200	24
20186	-1772452800	18.2
20186	-1769860800	14
20186	-1767182400	13.5
20186	-1764504000	14.3
20186	-1762084800	18.3
20186	-1759406400	19.3
20186	-1756814400	24.8
20186	-1754136000	27.5
20186	-1751544000	28.9
20186	-1748865600	29.7
20186	-1746187200	27.2
20186	-1743595200	23.4
20186	-1740916800	19.6
20186	-1738324800	15
20187	-410184000	13
20187	-407505600	14.7
20187	-405086400	16.7
20187	-402408000	19.2
20187	-399816000	21.6
20187	-397137600	25.2
20187	-394545600	26.6
20187	-391867200	27.3
20187	-389188800	26.3
20187	-386596800	25.3
20187	-383918400	21.3
20187	-381326400	16.3
20187	-378648000	14.1
20187	-375969600	15.7
20187	-373550400	18
20187	-370872000	19.6
20187	-368280000	21.9
20187	-365601600	25
20187	-363009600	26.6
20187	-360331200	27.4
20187	-357652800	25.6
20187	-355060800	23.9
20187	-352382400	21.2
20187	-349790400	17.8
20187	-347112000	15
20187	-344433600	12.9
20187	-342014400	15.6
20187	-339336000	18.6
20187	-336744000	22.1
20187	-334065600	24.4
20187	-331473600	26
20187	-328795200	27
20187	-326116800	25.2
20187	-323524800	22.5
20187	-320846400	20.6
20187	-318254400	16.8
20187	-315576000	14.8
20187	-312897600	16
20187	-310392000	16.9
20187	-307713600	19.6
20187	-305121600	23.3
20187	-302443200	24.7
20187	-299851200	26.6
20187	-297172800	27.3
20187	-294494400	26.1
20187	-291902400	25.4
20187	-289224000	21.7
20187	-286632000	19.5
20187	-283953600	14.9
20187	-281275200	13.7
20187	-278856000	15.6
20187	-276177600	18.8
20187	-273585600	22.2
20187	-270907200	25.8
20187	-268315200	26.5
20187	-265636800	27
20187	-262958400	24.9
20187	-260366400	23
20187	-257688000	20.3
20187	-255096000	15.5
20187	-252417600	15.1
20187	-249739200	14.1
20187	-247320000	17.5
20187	-244641600	18.3
20187	-242049600	21.8
20187	-239371200	25.3
20187	-236779200	26.9
20187	-234100800	27.6
20187	-231422400	26.5
20188	-79012800	27.8
20188	-76334400	28.4
20188	-73656000	26.3
20188	-71064000	23.6
20188	-68385600	18.8
20188	-65793600	15.9
20188	-63115200	13.1
20188	-60436800	14.9
20188	-57931200	16.3
20188	-55252800	22.2
20188	-52660800	26.1
20188	-49982400	28.8
20188	-47390400	28.6
20188	-44712000	27.8
20188	-42033600	26
20188	-39441600	22.6
20188	-36763200	19.1
20188	-34171200	15.7
20188	-31492800	13.1
20188	-28814400	17.2
20188	-26395200	20
20188	-23716800	19.7
20188	-21124800	24.4
20188	-18446400	28.5
20188	-15854400	26.7
20188	-13176000	27.5
20188	-10497600	27.5
20188	-7905600	24.2
20188	-5227200	19.7
20188	-2635200	15.9
20188	43200	15.7
20188	2721600	16
20188	5140800	19
20188	7819200	22
20188	10411200	24.7
20188	13089600	26.5
20188	15681600	27.6
20188	18360000	27.9
20188	21038400	26.6
20188	23630400	22.6
20188	26308800	19.1
20188	28900800	13.9
20188	31579200	15.9
20188	34257600	15.4
20188	36676800	18.4
20188	39355200	19.7
20188	41947200	25.6
20188	44625600	27.2
20188	47217600	27.1
20188	49896000	28.1
20188	52574400	26.2
20188	55166400	22.5
20188	57844800	18.2
20188	60436800	14.8
20188	63115200	13.8
20188	65793600	15
20188	68299200	17.7
20188	70977600	23
20188	73569600	24.3
20188	76248000	27.1
20188	78840000	27.4
20188	81518400	28.4
20188	84196800	27.6
20188	86788800	24
20188	89467200	18.4
20188	92059200	14.5
20188	94737600	13.6
20188	97416000	16.8
20188	99835200	17.2
20188	102513600	21.1
20188	105105600	24.4
20188	107784000	26.8
20188	110376000	28.5
20188	113054400	27.4
20188	115732800	26.5
20188	118324800	24.3
20188	121003200	17.6
20188	123595200	15.6
20188	126273600	12.4
20188	128952000	15.4
20188	131371200	19
20188	134049600	22.7
20188	136641600	24.6
20188	139320000	27.3
20188	141912000	28
20188	144590400	27.9
20188	147268800	27.4
20188	149860800	25.6
20188	152539200	19.2
20188	155131200	14.2
20188	157809600	13.5
20188	160488000	15.3
20188	162907200	18.4
20188	165585600	22.8
20188	168177600	24.1
20188	170856000	27.7
20188	173448000	27.7
20188	176126400	26.7
20188	178804800	25.7
20189	-599572800	13.6
20189	-596894400	14.6
20189	-594475200	18.2
20189	-591796800	20.7
20189	-589204800	24.7
20189	-586526400	26.4
20189	-583934400	28.1
20189	-581256000	28.9
20189	-578577600	27.4
20189	-575985600	25.2
20189	-573307200	19.8
20189	-570715200	14.3
20190	-110548800	26.4
20190	-107870400	27.6
20190	-105192000	26.4
20190	-102600000	25.3
20190	-99921600	22.9
20190	-97329600	16.7
20190	-94651200	14.1
20190	-91972800	14.6
20190	-89553600	15.4
20190	-86875200	18.8
20190	-84283200	21.6
20190	-81604800	24.8
20190	-79012800	26.4
20190	-76334400	27.6
20190	-73656000	25.6
20190	-71064000	23.6
20190	-68385600	19.6
20190	-65793600	16
20190	-63115200	13.3
20190	-60436800	15.1
20190	-57931200	16.1
20190	-55252800	19.5
20190	-52660800	22.8
20190	-49982400	26.3
20190	-47390400	27.6
20190	-44712000	27.1
20190	-42033600	26
20190	-39441600	23.6
20190	-36763200	20.5
20190	-34171200	15.8
20190	-31492800	13.4
20190	-28814400	16.2
20190	-26395200	18.2
20190	-23716800	17.9
20190	-21124800	21.9
20190	-18446400	26.4
20190	-15854400	26.4
20190	-13176000	26.6
20190	-10497600	26.9
20190	-7905600	24.4
20190	-5227200	21.6
20190	-2635200	16.6
20190	43200	16
20190	2721600	16.6
20190	5140800	18.2
20190	7819200	19.9
20190	10411200	22.5
20190	13089600	24.8
20190	15681600	26.7
20190	18360000	27.6
20190	21038400	26.6
20190	23630400	22.9
20190	26308800	20.4
20190	28900800	15.4
20190	31579200	16.8
20190	34257600	14.9
20190	36676800	18.6
20190	39355200	17.9
20190	41947200	22.5
20190	44625600	25.1
20190	47217600	26.1
20190	49896000	27.5
20190	52574400	25.8
20190	55166400	22.6
20190	57844800	19.3
20190	60436800	15.4
20190	63115200	15.2
20190	65793600	15.2
20190	68299200	17.1
20190	70977600	20
20190	73569600	21.8
20190	76248000	25.3
20190	78840000	26.7
20190	81518400	28.2
20190	84196800	27.9
20190	86788800	25.9
20190	89467200	21.1
20190	92059200	16.6
20190	94737600	13.6
20190	97416000	16.3
20190	99835200	16.4
20190	102513600	18.6
20190	105105600	22
20190	107784000	25.7
20190	110376000	27.9
20190	113054400	27.4
20190	115732800	26.9
20191	184075200	18.8
20191	186667200	14.7
20191	189345600	13.8
20191	192024000	13.5
20191	194529600	17.6
20191	197208000	21.4
20191	199800000	25.3
20191	202478400	26.5
20191	205070400	27.4
20191	207748800	26.7
20191	210427200	26.1
20191	213019200	24.8
20191	215697600	20.3
20191	218289600	15.6
20191	220968000	13.9
20191	223646400	16.8
20191	226065600	16.8
20191	228744000	21.4
20191	231336000	25.9
20191	234014400	27.8
20191	236606400	28.6
20191	239284800	28.4
20191	241963200	26.7
20191	244555200	22.3
20191	247233600	20.1
20191	249825600	14.4
20191	252504000	13.8
20191	255182400	16.8
20191	257601600	18.2
20191	260280000	21.9
20191	262872000	26.1
20191	265550400	27.2
20191	268142400	28.6
20191	270820800	26.6
20191	273499200	26
20191	276091200	25.2
20191	278769600	17.1
20191	281361600	15.9
20191	284040000	14.3
20191	286718400	16.6
20191	289137600	19
20191	291816000	22.4
20191	294408000	24.3
20191	297086400	28.2
20191	299678400	27.5
20191	302356800	27.5
20191	305035200	25.5
20191	307627200	24.4
20191	310305600	20.3
20191	312897600	14.3
20191	315576000	13.3
20191	318254400	14
20191	320760000	18
20191	323438400	21.2
20191	326030400	24.8
20191	328708800	26.8
20191	331300800	27.9
20191	333979200	27.8
20191	336657600	25.1
20191	339249600	23.6
20191	341928000	20.1
20191	344520000	14.8
20191	347198400	12.7
20191	349876800	14.4
20191	352296000	17.9
20191	354974400	21.9
20191	357566400	23.7
20191	360244800	27.5
20191	362836800	27.4
20191	365515200	27.3
20191	368193600	25.4
20191	370785600	24.4
20191	373464000	17.7
20191	376056000	16.2
20191	378734400	14.2
20191	381412800	13.6
20191	383832000	16
20191	386510400	21.9
20191	389102400	22.9
20191	391780800	27
20191	394372800	27
20191	397051200	27.6
20191	399729600	26.3
20191	402321600	24.6
20191	4.05e+08	17.3
20191	407592000	14.3
20191	410270400	11.8
20191	412948800	13.5
20191	415368000	15.6
20191	418046400	19.6
20191	420638400	24.4
20191	423316800	27.2
20191	425908800	28.1
20191	428587200	27.3
20191	431265600	25.7
20191	433857600	21.9
20191	436536000	20.4
20191	439128000	14.9
20191	441806400	13.6
20191	444484800	15.1
20191	446990400	17.5
20191	449668800	20.4
20191	452260800	25.7
20191	454939200	26
20191	457531200	27
20191	460209600	26.5
20191	462888000	26.2
20191	465480000	23.5
20191	468158400	18.8
20191	470750400	14.3
20191	473428800	15.7
20191	476107200	14.3
20191	478526400	17
20191	481204800	21.5
20191	483796800	25.7
20191	486475200	27.6
20191	489067200	27.2
20191	491745600	27.9
20191	494424000	25.6
20191	497016000	21.7
20191	499694400	20
20191	502286400	15.2
20191	504964800	14.4
20191	507643200	16.5
20191	510062400	17.9
20191	512740800	22.3
20191	515332800	22.5
20191	518011200	27.9
20191	520603200	27.9
20191	523281600	28.2
20191	525960000	27.5
20191	528552000	23.1
20191	531230400	17.5
20191	533822400	14.1
20191	536500800	14.6
20191	539179200	16.1
20191	541598400	15.1
20191	544276800	19.3
20191	546868800	24.7
20191	549547200	26.8
20191	552139200	28.6
20191	554817600	28
20191	557496000	26.3
20191	560088000	22.2
20191	562766400	18.4
20191	565358400	15.5
20191	568036800	13.9
20191	570715200	14.8
20191	573220800	17.1
20191	575899200	21.3
20191	578491200	26.6
20191	581169600	28.8
20191	583761600	29.3
20191	586440000	28.6
20191	589118400	26.9
20191	591710400	22.3
20191	594388800	16.7
20191	596980800	14.5
20191	599659200	11.6
20191	602337600	13.5
20191	604756800	17.2
20191	607435200	23.6
20191	610027200	25.3
20191	612705600	27.2
20191	615297600	27.8
20191	617976000	28.2
20191	620654400	26.4
20191	623246400	23
20191	625924800	19
20191	628516800	15.3
20191	631195200	13.4
20191	633873600	14.4
20191	636292800	16.5
20191	638971200	21.8
20191	641563200	23.8
20191	644241600	26.7
20191	646833600	28.2
20191	649512000	27.2
20191	652190400	25.6
20191	654782400	24
20191	657460800	21
20191	660052800	16.7
20192	-552312000	27.6
20192	-549633600	28.9
20192	-546955200	27.9
20192	-544363200	24
20192	-541684800	18.9
20192	-539092800	15.6
20192	-536414400	11.8
20192	-533736000	14.2
20192	-531316800	14.1
20192	-528638400	19.6
20192	-526046400	24.1
20192	-523368000	26.5
20192	-520776000	28.6
20192	-518097600	28.1
20192	-515419200	25.5
20192	-512827200	23.5
20192	-510148800	17.2
20192	-507556800	13.2
20192	-504878400	12.1
20193	123595200	17.2
20193	126273600	13.2
20193	128952000	15.6
20193	131371200	18.1
20193	134049600	19.3
20193	136641600	21.6
20193	139320000	25
20193	141912000	27.2
20193	144590400	27.5
20193	147268800	26.8
20193	149860800	25.1
20194	665409600	15.4
20194	667828800	19.1
20194	670507200	22.5
20194	673099200	24.7
20194	675777600	27.6
20194	678369600	27.8
20194	681048000	28.2
20194	683726400	26.1
20194	686318400	24.7
20195	-499780800	18.2
20195	-497102400	19
20195	-494510400	23.6
20195	-491832000	26.6
20195	-489240000	28.4
20195	-486561600	28.9
20195	-483883200	25.9
20195	-481291200	23.2
20195	-478612800	18.8
20195	-476020800	13.8
20195	-473342400	13.7
20195	-470664000	16.3
20195	-468244800	17.2
20195	-465566400	20.5
20195	-462974400	23.1
20195	-460296000	26.9
20195	-457704000	28.2
20195	-455025600	27.5
20195	-452347200	26.4
20195	-449755200	24.1
20195	-447076800	19.1
20195	-444484800	14.6
20195	-441806400	13.5
20195	-439128000	15.2
20195	-436622400	15.5
20195	-433944000	19.6
20195	-431352000	22.1
20195	-428673600	26.2
20195	-426081600	28.2
20195	-423403200	29
20195	-420724800	26.5
20195	-418132800	22.4
20195	-415454400	20
20195	-412862400	15.6
20196	157809600	14.3
20196	160488000	15.2
20196	162907200	17.6
20196	165585600	20.2
20196	168177600	22.2
20196	170856000	25.3
20197	691588800	13.5
20197	694267200	12.6
20197	696945600	12.4
20197	699451200	16.2
20197	702129600	20
20197	704721600	24
20198	347198400	12.7
20198	349876800	14.5
20198	352296000	17.1
20198	354974400	20
20198	357566400	21.5
20198	360244800	25.2
20198	362836800	26.8
20198	365515200	27.2
20198	368193600	26
20198	370785600	25.2
20198	373464000	19.4
20198	376056000	16.9
20198	378734400	15.5
20198	381412800	13.4
20198	383832000	15.7
20198	386510400	20.2
20198	389102400	21.7
20198	391780800	24.9
20198	394372800	26.5
20198	397051200	26.3
20198	399729600	26.5
20198	402321600	24.9
20198	4.05e+08	18.7
20198	407592000	15.3
20198	410270400	12.2
20198	412948800	13.3
20198	415368000	15
20198	418046400	18.5
20198	420638400	22.2
20198	423316800	25
20198	425908800	26.9
20198	428587200	26.9
20198	431265600	25.8
20198	433857600	23.1
20198	436536000	20.6
20198	439128000	16.9
20198	441806400	14.6
20198	444484800	15.9
20198	446990400	17.1
20198	449668800	18.7
20198	452260800	22.4
20198	454939200	24.4
20198	457531200	26.3
20198	460209600	26.4
20198	462888000	26.1
20198	465480000	24.9
20198	468158400	20.1
20198	470750400	15.9
20198	473428800	16.1
20198	476107200	14.4
20198	478526400	16.9
20198	481204800	19.7
20198	483796800	23.2
20198	486475200	25.6
20198	489067200	26.6
20198	491745600	27.7
20198	494424000	26.1
20198	497016000	23.3
20198	499694400	21.4
20198	502286400	16.6
20198	504964800	15.4
20198	507643200	16.2
20198	510062400	17.2
20198	512740800	19.9
20198	515332800	20.5
20198	518011200	25.1
20198	520603200	26.4
20198	523281600	27.2
20198	525960000	26.8
20198	528552000	23.3
20198	531230400	18
20198	533822400	14.2
20198	536500800	13.8
20198	539179200	15.5
20198	541598400	14.3
20198	544276800	18
20198	546868800	20.8
20198	549547200	24.1
20198	552139200	26.7
20198	554817600	27.6
20198	557496000	26.3
20198	560088000	23.3
20198	562766400	19.7
20198	565358400	15.7
20198	568036800	14.3
20198	570715200	14.1
20198	573220800	15.7
20198	575899200	18.7
20198	578491200	22.5
20198	581169600	25.4
20198	583761600	27.4
20198	586440000	27.6
20198	589118400	26.6
20198	591710400	22.9
20198	594388800	18.1
20198	596980800	15.3
20198	599659200	12.9
20198	602337600	14.1
20198	604756800	16.2
20198	607435200	20.3
20198	610027200	22.4
20198	612705600	24.3
20198	615297600	26.4
20198	617976000	26.8
20198	620654400	25.9
20198	623246400	23
20198	625924800	19.6
20198	628516800	16.2
20198	631195200	14.4
20198	633873600	14.6
20198	636292800	16.3
20198	638971200	19
20198	641563200	21.3
20198	644241600	24.6
20198	646833600	26.9
20198	649512000	26.5
20198	652190400	25.3
20198	654782400	23.9
20198	657460800	21.7
20198	660052800	18.5
20199	709992000	28.1
20199	712670400	27.8
20199	715348800	25.8
20200	720619200	19.7
20200	723211200	14
20200	725889600	17.3
20200	728568000	13.4
20200	730987200	16.2
20201	738936000	29.8
20201	741528000	28.6
20201	744206400	25.5
20201	746884800	26.8
20201	749476800	26.2
20201	752155200	20.1
20201	754747200	16.8
20201	757425600	15.4
20201	760104000	15.5
20201	762523200	17
20201	765201600	23.1
20201	767793600	24.9
20201	770472000	27
20201	773064000	28.7
20201	775742400	29.1
20201	778420800	27.7
20201	781012800	26.6
20201	783691200	18.3
20201	786283200	14
20201	788961600	13.7
20201	791640000	15.2
20201	794059200	18.1
20201	796737600	20.1
20201	799329600	23.6
20201	802008000	29.5
20201	804600000	28.8
20201	807278400	28.3
20201	809956800	27.3
20201	812548800	23.2
20201	815227200	18.1
20201	817819200	14.7
20201	820497600	14.3
20201	823176000	16
20201	825681600	17.9
20201	828360000	20.2
20201	830952000	25.8
20201	833630400	26.8
20201	836222400	27.7
20201	838900800	28
20201	841579200	27.8
20201	844171200	23.1
20201	846849600	19.7
20201	849441600	16
20201	852120000	14.9
20201	854798400	13.8
20201	857217600	16
20201	859896000	19.7
20201	862488000	25.2
20201	865166400	27.8
20201	867758400	28.7
20201	870436800	27.7
20201	873115200	25.9
20201	875707200	23.8
20201	878385600	20
20201	880977600	15.6
20201	883656000	14.4
