group	x	y
22184	-2387880000	22.1
22184	-2385201600	24.3
22184	-2382609600	29.4
22184	-2379931200	27.2
22184	-2377252800	23.8
22184	-2374660800	18.4
22184	-2371982400	12.7
22184	-2369390400	9
22184	-2366712000	6.5
22184	-2364033600	8.1
22184	-2361614400	12.2
22184	-2358936000	16.4
22184	-2356344000	21.9
22184	-2353665600	25.5
22184	-2351073600	27.9
22184	-2348395200	27.4
22184	-2345716800	24.9
22184	-2343124800	17
22184	-2340446400	9.5
22184	-2337854400	5.1
22184	-2335176000	7.6
22184	-2332497600	9.2
22184	-2329992000	13.1
22184	-2327313600	15.8
22184	-2324721600	21.6
22184	-2322043200	27.6
22184	-2319451200	28.2
22184	-2316772800	26.8
22184	-2314094400	24.5
22184	-2311502400	16.6
22184	-2308824000	10.7
22184	-2306232000	7.7
22184	-2303553600	5.6
22184	-2300875200	7.4
22184	-2298456000	9.7
22184	-2295777600	16.4
22184	-2293185600	22.3
22184	-2290507200	24.7
22184	-2287915200	28.2
22184	-2285236800	26.8
22184	-2282558400	24.3
22184	-2279966400	16.6
22184	-2277288000	11.4
22184	-2274696000	5.7
22184	-2272017600	3
22184	-2269339200	10.9
22184	-2266920000	10.3
22184	-2264241600	17.2
22184	-2261649600	19.3
22184	-2258971200	25.4
22184	-2256379200	28.1
22184	-2253700800	27.3
22184	-2251022400	24
22184	-2248430400	17
22184	-2245752000	9.6
22184	-2243160000	4.5
22184	-2240481600	5.6
22184	-2237803200	6.9
22184	-2235384000	11.8
22184	-2232705600	16.5
22184	-2230113600	18.9
22184	-2227435200	24.8
22184	-2224843200	28.2
22184	-2222164800	26.7
22184	-2219486400	25.5
22184	-2216894400	16.3
22184	-2214216000	10.9
22184	-2211624000	7.6
22184	-2208945600	8.5
22184	-2206267200	7.7
22184	-2203848000	13.5
22184	-2201169600	13.2
22184	-2198577600	21.9
22184	-2195899200	25.9
22184	-2193307200	29.7
22184	-2190628800	25.5
22184	-2187950400	23.5
22184	-2185358400	17.5
22184	-2182680000	10.5
22184	-2180088000	5.7
22184	-2177409600	7.4
22184	-2174731200	8.9
22184	-2172312000	10.5
22184	-2169633600	13.4
22184	-2167041600	20
22184	-2164363200	23.8
22184	-2161771200	29.2
22184	-2159092800	28.2
22184	-2156414400	23.8
22184	-2153822400	17.9
22184	-2151144000	11.8
22184	-2148552000	6
22184	-2145873600	6.5
22184	-2143195200	9.3
22184	-2140776000	10.3
22184	-2138097600	16.3
22184	-2135505600	20.8
22184	-2132827200	26.6
22184	-2130235200	28
22184	-2127556800	27.8
22184	-2124878400	24.1
22184	-2122286400	18.2
22184	-2119608000	9.6
22184	-2117016000	6.4
22184	-2114337600	6.2
22184	-2111659200	6
22184	-2109240000	11.3
22184	-2106561600	17
22184	-2103969600	18.9
22184	-2101291200	24.2
22184	-2098699200	28.7
22184	-2096020800	27.5
22184	-2093342400	23.2
22184	-2090750400	15.8
22184	-2088072000	11.6
22184	-2085480000	7.4
22184	-2082801600	4.5
22184	-2080123200	11
22184	-2077617600	13.9
22184	-2074939200	16.8
22184	-2072347200	20.1
22184	-2069668800	25.5
22184	-2067076800	27.4
22184	-2064398400	27.3
22184	-2061720000	23.1
22184	-2059128000	17.2
22184	-2056449600	11.3
22184	-2053857600	7
22184	-2051179200	8.2
22184	-2048500800	9.9
22184	-2046081600	11.8
22184	-2043403200	14.8
22184	-2040811200	18.1
22184	-2038132800	24.2
22184	-2035540800	26.5
22184	-2032862400	26.9
22184	-2030184000	24.2
22184	-2027592000	16.4
22184	-2024913600	11.9
22184	-2022321600	4.9
22184	-2019643200	6.1
22184	-2016964800	10.3
22184	-2014545600	13
22184	-2011867200	15.3
22184	-2009275200	19.2
22184	-2006596800	23.2
22184	-2004004800	27.6
22184	-2001326400	26
22184	-1998648000	23.3
22184	-1996056000	16.5
22184	-1993377600	11.5
22184	-1990785600	8.6
22184	-1988107200	8.1
22184	-1985428800	10.9
22184	-1983009600	12.7
22184	-1980331200	15.7
22184	-1977739200	17.8
22184	-1975060800	22.8
22184	-1972468800	27.2
22184	-1969790400	26.9
22184	-1967112000	24
22184	-1964520000	17.2
22184	-1961841600	10.6
22184	-1959249600	7
22184	-1956571200	7.8
22184	-1953892800	9.7
22184	-1951387200	12.1
22184	-1948708800	15.1
22184	-1946116800	17.4
22184	-1943438400	22.7
22184	-1940846400	26.5
22184	-1938168000	25.9
22184	-1935489600	22.8
22184	-1932897600	15.7
22184	-1930219200	11.2
22184	-1927627200	6.7
22184	-1924948800	8.4
22184	-1922270400	8.1
22184	-1919851200	9.8
22184	-1917172800	14.9
22184	-1914580800	17.4
22184	-1911902400	26.6
22184	-1909310400	27.6
22184	-1906632000	27.1
22184	-1903953600	22.8
22184	-1901361600	17
22184	-1898683200	11.2
22184	-1896091200	4.8
22184	-1893412800	6.8
22184	-1890734400	7.9
22184	-1888315200	15
22184	-1885636800	15.4
22184	-1883044800	21
22184	-1880366400	25.8
22184	-1877774400	27.7
22184	-1875096000	26.8
22184	-1872417600	24.6
22184	-1869825600	19
22184	-1867147200	10.8
22184	-1864555200	7.7
22184	-1861876800	8.6
22184	-1859198400	9.1
22184	-1856779200	14.2
22184	-1854100800	15.3
22184	-1851508800	21.1
22184	-1848830400	25.2
22184	-1846238400	25.6
22184	-1843560000	26.8
22184	-1840881600	23.6
22184	-1838289600	15.2
22184	-1835611200	7.9
22184	-1833019200	2.2
22184	-1830340800	5
22184	-1827662400	7
22184	-1825156800	10.9
22184	-1822478400	12.2
22184	-1819886400	18.6
22184	-1817208000	25.3
22184	-1814616000	25.6
22184	-1811937600	24.8
22184	-1809259200	21
22184	-1806667200	15.7
22184	-1803988800	8.8
22184	-1801396800	3.7
22184	-1798718400	3.3
22184	-1796040000	6.7
22184	-1793620800	9
22184	-1790942400	15.1
22184	-1788350400	19.4
22184	-1785672000	23.6
22184	-1783080000	26.4
22184	-1780401600	26.1
22184	-1777723200	22
22184	-1775131200	15.5
22184	-1772452800	12.1
22184	-1769860800	4.8
22184	-1767182400	7.5
22184	-1764504000	8.7
22184	-1762084800	12.4
22184	-1759406400	16.9
22184	-1756814400	21.3
22184	-1754136000	25.7
22184	-1751544000	26.8
22184	-1748865600	26.7
22184	-1746187200	25.1
22184	-1743595200	17.6
22184	-1740916800	12.6
22184	-1738324800	5.6
22184	-1735646400	4.6
22184	-1732968000	8.1
22184	-1730548800	9.8
22184	-1727870400	15.1
22184	-1725278400	17.7
22184	-1722600000	25
22184	-1720008000	27.6
22184	-1717329600	26.6
22184	-1714651200	22.1
22184	-1712059200	16.9
22184	-1709380800	10.5
22184	-1706788800	5.8
22184	-1704110400	6.8
22184	-1701432000	11.5
22184	-1698926400	13.9
22184	-1696248000	15.7
22184	-1693656000	19.2
22184	-1690977600	25.6
22184	-1688385600	27.5
22184	-1685707200	25.8
22184	-1683028800	22.9
22184	-1680436800	17.1
22184	-1677758400	9.9
22184	-1675166400	4.3
22184	-1672488000	5.6
22184	-1669809600	7.7
22184	-1667390400	9.4
22184	-1664712000	14.3
22184	-1662120000	17
22184	-1659441600	25.8
22184	-1656849600	28.1
22184	-1654171200	26.3
22184	-1651492800	22.8
22184	-1648900800	17.8
22184	-1646222400	11.6
22184	-1643630400	8.8
22184	-1640952000	4.8
22184	-1638273600	9.7
22184	-1635854400	12.9
22184	-1633176000	15.9
22184	-1630584000	18.3
22184	-1627905600	27.9
22184	-1625313600	27.1
22184	-1622635200	25.8
22184	-1619956800	23.8
22184	-1617364800	17.8
22184	-1614686400	10
22184	-1612094400	5.7
22184	-1609416000	4.4
22184	-1606737600	6.2
22184	-1604318400	10.3
22184	-1601640000	15.7
22184	-1599048000	19.6
22184	-1596369600	24.8
22184	-1593777600	26.2
22184	-1591099200	26.6
22184	-1588420800	22.1
22184	-1585828800	14.3
22184	-1583150400	10.3
22184	-1580558400	8.8
22184	-1577880000	7.7
22184	-1575201600	12.2
22184	-1572696000	11.4
22184	-1570017600	13.5
22184	-1567425600	19.8
22184	-1564747200	24.5
22184	-1562155200	27.5
22184	-1559476800	25.2
22184	-1556798400	22.4
22184	-1554206400	14.6
22184	-1551528000	9.9
22184	-1548936000	5
22184	-1546257600	7.5
22184	-1543579200	7.6
22184	-1541160000	13.5
22184	-1538481600	14.8
22184	-1535889600	20
22184	-1533211200	26.1
22184	-1530619200	27.3
22184	-1527940800	25.6
22184	-1525262400	23.3
22184	-1522670400	17.8
22184	-1519992000	10
22184	-1517400000	6.8
22184	-1514721600	6.3
22184	-1512043200	10
22184	-1509624000	9.7
22184	-1506945600	13.3
22184	-1504353600	21.2
22184	-1501675200	27.8
22184	-1499083200	30.4
22184	-1496404800	29.1
22184	-1493726400	22.8
22184	-1491134400	15.6
22184	-1488456000	8.4
22184	-1485864000	7.8
22184	-1483185600	8.4
22184	-1480507200	7.9
22184	-1478088000	10
22184	-1475409600	13.4
22184	-1472817600	20.6
22184	-1470139200	25
22184	-1467547200	29.2
22184	-1464868800	25.7
22184	-1462190400	21.7
22184	-1459598400	14.5
22184	-1456920000	11.1
22184	-1454328000	5.4
22184	-1451649600	4.1
22184	-1448971200	9.1
22184	-1446465600	9.8
22184	-1443787200	14.4
22184	-1441195200	22.9
22184	-1438516800	25.2
22184	-1435924800	26.7
22184	-1433246400	25.3
22184	-1430568000	22.6
22184	-1427976000	15.6
22184	-1425297600	10
22184	-1422705600	4.7
22184	-1420027200	5.4
22184	-1417348800	10.6
22184	-1414929600	13.3
22184	-1412251200	16.9
22184	-1409659200	21.9
22184	-1406980800	25
22184	-1404388800	28.5
22184	-1401710400	25.8
22184	-1399032000	21.5
22184	-1396440000	16.9
22184	-1393761600	10
22184	-1391169600	6.3
22184	-1388491200	4.8
22184	-1385812800	10
22184	-1383393600	12.5
22184	-1380715200	15.3
22184	-1378123200	20.1
22184	-1375444800	25.6
22184	-1372852800	27.5
22184	-1370174400	25.9
22184	-1367496000	23.2
22184	-1364904000	17.9
22184	-1362225600	11
22184	-1359633600	6.4
22184	-1356955200	7.7
22184	-1354276800	11.2
22184	-1351857600	11.2
22184	-1349179200	14.9
22184	-1346587200	20.6
22184	-1343908800	25.4
22184	-1341316800	28.5
22184	-1338638400	26
22184	-1335960000	23.3
22184	-1333368000	17
22184	-1330689600	13.3
22184	-1328097600	4.9
22184	-1325419200	6.2
22184	-1322740800	9.2
22184	-1320235200	11.5
22184	-1317556800	13.5
22184	-1314964800	19.7
22184	-1312286400	26.7
22184	-1309694400	28.5
22184	-1307016000	24.5
22184	-1304337600	23.5
22184	-1301745600	17.4
22184	-1299067200	10.3
22184	-1296475200	5.6
22184	-1293796800	5.1
22184	-1291118400	7.3
22184	-1288699200	11.2
22184	-1286020800	14.9
22184	-1283428800	20.6
22184	-1280750400	26.2
22184	-1278158400	29.6
22184	-1275480000	27.3
22184	-1272801600	22.9
22184	-1270209600	16.4
22184	-1267531200	7.7
22184	-1264939200	6.6
22184	-1262260800	6.1
22184	-1259582400	10.3
22184	-1257163200	11.9
22184	-1254484800	18
22184	-1251892800	18.5
22184	-1249214400	26.5
22184	-1246622400	27.2
22184	-1243944000	24.5
22184	-1241265600	20.7
22184	-1238673600	15.9
22184	-1235995200	10.1
22184	-1233403200	5.6
22184	-1230724800	5.3
22184	-1228046400	9.6
22184	-1225627200	11.7
22184	-1222948800	16.6
22184	-1220356800	20.8
22184	-1217678400	25.3
22184	-1215086400	27.9
22184	-1212408000	26.5
22184	-1209729600	24.4
22184	-1207137600	18.3
22184	-1204459200	9.9
22184	-1201867200	4.9
22184	-1199188800	3.4
22184	-1196510400	8.3
22184	-1194004800	9.4
22184	-1191326400	13.4
22184	-1188734400	18.9
22184	-1186056000	25
22184	-1183464000	28.5
22184	-1180785600	27.2
22184	-1178107200	23.1
22184	-1175515200	16
22184	-1172836800	10.6
22184	-1170244800	5
22184	-1167566400	4.4
22184	-1164888000	6
22184	-1162468800	12.5
22184	-1159790400	13.8
22184	-1157198400	18.2
22184	-1154520000	25.9
22184	-1151928000	29.5
22184	-1149249600	26.8
22184	-1146571200	25
22184	-1143979200	18.3
22184	-1141300800	10.7
22184	-1138708800	7
22184	-1136030400	6.1
22184	-1133352000	11.4
22184	-1130932800	11.5
22184	-1128254400	18
22184	-1125662400	23.5
22184	-1122984000	25
22184	-1120392000	28.5
22184	-1117713600	25.8
22184	-1115035200	22.3
22184	-1112443200	17.3
22184	-1109764800	10.6
22184	-1107172800	8.1
22184	-1104494400	7.7
22184	-1101816000	9.7
22184	-1099396800	11.1
22184	-1096718400	15.7
22184	-1094126400	17.5
22184	-1091448000	25
22184	-1088856000	28
22184	-1086177600	26.6
22184	-1083499200	22.4
22184	-1080907200	16.8
22184	-1078228800	9.1
22184	-1075636800	6.8
22184	-1072958400	5.8
22184	-1070280000	7.7
22184	-1067774400	12.2
22184	-1065096000	16.8
22184	-1062504000	21.5
22184	-1059825600	26.8
22184	-1057233600	29.6
22184	-1054555200	27.4
22184	-1051876800	22.7
22184	-1049284800	16.6
22184	-1046606400	10.6
22184	-1044014400	5.9
22184	-1041336000	2
22184	-1038657600	7.9
22184	-1036238400	10.4
22184	-1033560000	15.8
22184	-1030968000	21.7
22184	-1028289600	25.3
22184	-1025697600	28.2
22184	-1023019200	27.7
22184	-1020340800	24.5
22184	-1017748800	17.6
22184	-1015070400	10.8
22184	-1012478400	7
22184	-1009800000	6.6
22184	-1007121600	9
22184	-1004702400	11.3
22184	-1002024000	15.9
22184	-999432000	19.9
22184	-996753600	25.8
22184	-994161600	27.1
22184	-991483200	26.6
22184	-988804800	24.1
22184	-986212800	17.9
22184	-983534400	7.3
22184	-980942400	6.9
22184	-978264000	5.6
22184	-975585600	4
22184	-973166400	12.3
22184	-970488000	17.1
22184	-967896000	21.3
22184	-965217600	26.1
22184	-962625600	28.1
22184	-959947200	26.9
22184	-957268800	23.7
22184	-954676800	15.9
22184	-951998400	11.2
22184	-949406400	8.1
22184	-946728000	6.2
22184	-944049600	8.4
22184	-941544000	12.8
22184	-938865600	15.8
22184	-936273600	21.5
22184	-933595200	26.2
22184	-931003200	28.5
22184	-928324800	26.1
22184	-925646400	23.5
22184	-923054400	17.1
22184	-920376000	9.1
22184	-917784000	8.3
22184	-915105600	7
22184	-912427200	10.2
22184	-910008000	11
22184	-907329600	12.9
22184	-904737600	19.9
22184	-902059200	24.1
22184	-899467200	27.6
22184	-896788800	26.2
22184	-894110400	22.8
22184	-891518400	16.4
22184	-888840000	11
22184	-886248000	7.2
22184	-883569600	7.3
22184	-880891200	6.6
22184	-878472000	10.2
22184	-875793600	15.3
22184	-873201600	19.8
22184	-870523200	24.5
22184	-867931200	28.6
22184	-865252800	26.5
22184	-862574400	22.8
22184	-859982400	16.2
22184	-857304000	11.7
22184	-854712000	6.8
22184	-852033600	6.6
22184	-849355200	10.8
22184	-846936000	12.3
22184	-844257600	17.8
22184	-841665600	21
22184	-838987200	25.7
22184	-836395200	27.8
22184	-833716800	26.1
22184	-831038400	23.1
22184	-828446400	16.1
22184	-825768000	10
22184	-823176000	5.8
22184	-820497600	4.8
22184	-817819200	7.7
22184	-815313600	9.9
22184	-812635200	13.8
22184	-810043200	20
22184	-807364800	24.6
22184	-804772800	27.1
22184	-802094400	27.2
22184	-799416000	23.1
22184	-796824000	18.4
22184	-794145600	9.4
22184	-791553600	5.8
22184	-788875200	5.9
22184	-786196800	8.5
22184	-783777600	9.5
22184	-781099200	14.3
22184	-778507200	20
22184	-775828800	23.3
22184	-773236800	28.4
22184	-770558400	27
22184	-767880000	23.6
22184	-765288000	17.7
22184	-762609600	9.5
22184	-760017600	4.8
22184	-757339200	4.2
22184	-754660800	7.2
22184	-752241600	11.9
22184	-749563200	18.1
22184	-746971200	19.5
22184	-744292800	26.5
22184	-741700800	28.2
22184	-739022400	26.5
22184	-736344000	24.3
22184	-733752000	15.3
22184	-731073600	8.5
22184	-728481600	7.6
22184	-725803200	3.3
22184	-723124800	10
22184	-720705600	11.8
22184	-718027200	15.3
22184	-715435200	22.4
22184	-712756800	25.1
22184	-710164800	29.7
22184	-707486400	27
22184	-704808000	24.9
22184	-702216000	17.6
22184	-699537600	8.3
22184	-696945600	4.6
22184	-694267200	5.1
22184	-691588800	7
22184	-689083200	9
22184	-686404800	17
22184	-683812800	20.6
22184	-681134400	26
22184	-678542400	28.2
22184	-675864000	27
22184	-673185600	24
22184	-670593600	17.1
22184	-667915200	6.5
22184	-665323200	5.5
22184	-662644800	2.7
22184	-659966400	7
22184	-657547200	11.3
22184	-654868800	16.1
22184	-652276800	20
22184	-649598400	25.5
22184	-647006400	27
22184	-644328000	25.7
22184	-641649600	24.4
22184	-639057600	16.3
22184	-636379200	12.5
22184	-633787200	5.8
22184	-631108800	5.5
22184	-628430400	9.8
22184	-626011200	12.2
22184	-623332800	17.7
22184	-620740800	19.4
22184	-618062400	25
22184	-615470400	26.3
22184	-612792000	25.8
22184	-610113600	21.9
22184	-607521600	20.4
22184	-604843200	12.3
22184	-602251200	8.7
22184	-599572800	6.4
22184	-596894400	8.2
22184	-594475200	11.1
22184	-591796800	14.8
22184	-589204800	20.1
22184	-586526400	23.4
22184	-583934400	29.2
22184	-581256000	26.5
22184	-578577600	23.2
22184	-575985600	17.7
22184	-573307200	9.9
22184	-570715200	6.7
22184	-568036800	7.4
22184	-565358400	7
22184	-562852800	8.8
22184	-560174400	16
22184	-557582400	21.3
22184	-554904000	25.8
22184	-552312000	28.1
22184	-549633600	27.1
22184	-546955200	23.7
22184	-544363200	18.1
22184	-541684800	9.3
22184	-539092800	5.9
22184	-536414400	7.6
22184	-533736000	7.6
22184	-531316800	12.4
22184	-528638400	15.6
22184	-526046400	17.2
22184	-523368000	26
22184	-520776000	28.4
22184	-518097600	26.5
22184	-515419200	23.1
22184	-512827200	17.2
22184	-510148800	12
22184	-507556800	4.5
22184	-504878400	7
22184	-502200000	11
22184	-499780800	11.3
22184	-497102400	18.2
22184	-494510400	21.4
22184	-491832000	25.1
22184	-489240000	25.8
22184	-486561600	25.2
22184	-483883200	24.3
22184	-481291200	19
22184	-478612800	12.3
22184	-476020800	7.2
22184	-473342400	5.3
22184	-470664000	5.4
22184	-468244800	11.5
22184	-465566400	15.1
22184	-462974400	20.2
22184	-460296000	24.6
22184	-457704000	26.4
22184	-455025600	25.7
22184	-452347200	22
22184	-449755200	17.6
22184	-447076800	10.2
22184	-444484800	8.6
22184	-441806400	8.5
22184	-439128000	6.4
22184	-436622400	12
22184	-433944000	15.2
22184	-431352000	21
22184	-428673600	27.2
22184	-426081600	26.6
22184	-423403200	25.2
22184	-420724800	24.5
22184	-418132800	17.6
22184	-415454400	8.4
22184	-412862400	6.1
22184	-410184000	8.6
22184	-407505600	12.9
22184	-405086400	12.4
22184	-402408000	15.5
22184	-399816000	18.8
22184	-397137600	26
22184	-394545600	27.5
22184	-391867200	26.5
22184	-389188800	22.7
22184	-386596800	16.7
22184	-383918400	8.5
22184	-381326400	7.2
22184	-378648000	6.2
22184	-375969600	10.2
22184	-373550400	9.6
22184	-370872000	15
22184	-368280000	22.6
22184	-365601600	27.5
22184	-363009600	27.4
22184	-360331200	27.2
22184	-357652800	23.7
22184	-355060800	18.1
22184	-352382400	10.8
22184	-349790400	8.1
22184	-347112000	7.7
22184	-344433600	8.2
22184	-342014400	11.3
22184	-339336000	17.7
22184	-336744000	19.9
22184	-334065600	26.9
22184	-331473600	28
22184	-328795200	25.4
22184	-326116800	22.2
22184	-323524800	16.9
22184	-320846400	9.4
22184	-318254400	7.1
22184	-315576000	4
22184	-312897600	5.4
22184	-310392000	13.2
22184	-307713600	16.5
22184	-305121600	20.1
22184	-302443200	26.5
22184	-299851200	28.1
22184	-297172800	27.2
22184	-294494400	24.8
22184	-291902400	16.6
22184	-289224000	11.7
22184	-286632000	5.4
22184	-283953600	6.6
22184	-281275200	8.5
22184	-278856000	11.7
22184	-276177600	15.7
22184	-273585600	20.1
22184	-270907200	26.3
22184	-268315200	27.7
22184	-265636800	26.2
22184	-262958400	22.1
22184	-260366400	16.1
22184	-257688000	9.1
22184	-255096000	6.5
22184	-252417600	5.2
22184	-249739200	10.3
22184	-247320000	9.2
22184	-244641600	18.2
22184	-242049600	19.9
22184	-239371200	24.6
22184	-236779200	27.2
22184	-234100800	27.4
22184	-231422400	24.3
22184	-228830400	17.7
22184	-226152000	12.9
22184	-223560000	8
22184	-220881600	4.4
22184	-218203200	10.5
22184	-215784000	11.1
22184	-213105600	15.1
22184	-210513600	21.7
22184	-207835200	23.6
22184	-205243200	28
22184	-202564800	25.3
22184	-199886400	24.7
22184	-197294400	19.2
22184	-194616000	11.8
22184	-192024000	6.1
22184	-189345600	3.6
22184	-186667200	4.8
22184	-184161600	9.4
22184	-181483200	14.8
22184	-178891200	20.5
22184	-176212800	24.5
22184	-173620800	27.8
22184	-170942400	25.8
22184	-168264000	22.4
22184	-165672000	18.5
22184	-162993600	9.3
22184	-160401600	6.5
22184	-157723200	7.3
22184	-155044800	7.5
22184	-152625600	10
22184	-149947200	15.4
22184	-147355200	18.8
22184	-144676800	22.8
22184	-142084800	27.3
22184	-139406400	26.3
22184	-136728000	22
22184	-134136000	17.4
22184	-131457600	13
22184	-128865600	7.5
22184	-126187200	4.9
22184	-123508800	5.9
22184	-121089600	11.8
22184	-118411200	16.6
22184	-115819200	21.6
22184	-113140800	24.8
22184	-110548800	28.5
22184	-107870400	26.3
22184	-105192000	22.6
22184	-102600000	16.2
22184	-99921600	12.3
22184	-97329600	6.1
22184	-94651200	5
22184	-91972800	9
22184	-89553600	13.1
22184	-86875200	14.6
22184	-84283200	18.8
22184	-81604800	24.2
22184	-79012800	27.4
22184	-76334400	25.5
22184	-73656000	22.3
22184	-71064000	16.6
22184	-68385600	11.6
22184	-65793600	4.2
22184	-63115200	5.8
22184	-60436800	11
22184	-57931200	11.2
22184	-55252800	14.3
22184	-52660800	19.6
22184	-49982400	25.2
22184	-47390400	26.5
22184	-44712000	24.7
22184	-42033600	22.7
22184	-39441600	17.5
22184	-36763200	10.6
22184	-34171200	4.5
22184	-31492800	8.5
22184	-28814400	8.2
22184	-26395200	9.3
22184	-23716800	16.4
22184	-21124800	20.7
22184	-18446400	24.9
22184	-15854400	28.2
22184	-13176000	28.4
22184	-10497600	24.1
22184	-7905600	16.5
22184	-5227200	10.6
22184	-2635200	7.9
22184	43200	5.5
22184	2721600	9.4
22184	5140800	10.3
22184	7819200	12.9
22184	10411200	20.2
22184	13089600	26.1
22184	15681600	28.6
22184	18360000	27.5
22184	21038400	22.1
22184	23630400	14.4
22184	26308800	10.6
22184	28900800	6.6
22184	31579200	5.9
22184	34257600	8.4
22184	36676800	12
22184	39355200	14.9
22184	41947200	18.7
22184	44625600	25.2
22184	47217600	29.6
22184	49896000	26.2
22184	52574400	23.7
22184	55166400	15.7
22184	57844800	10.4
22184	60436800	5.2
22184	63115200	5.8
22184	65793600	8.7
22184	68299200	15.5
22184	70977600	15.9
22184	73569600	20
22184	76248000	25.3
22184	78840000	28.4
22184	81518400	26.6
22184	84196800	23.2
22184	86788800	17.8
22184	89467200	8.4
22184	92059200	5.2
22184	94737600	5
22184	97416000	7.9
22184	99835200	9.3
22184	102513600	12.9
22184	105105600	20.1
22184	107784000	24.9
22184	110376000	27.6
22184	113054400	27.1
22184	115732800	22.6
22184	118324800	17.7
22184	121003200	10.6
22184	123595200	6.2
22184	126273600	6.5
22184	128952000	6.6
22184	131371200	12.8
22184	134049600	15.4
22184	136641600	21
22184	139320000	27.8
22184	141912000	26.9
22184	144590400	25.6
22184	147268800	22.7
22184	149860800	17.6
22184	152539200	10.4
22184	155131200	4.4
22184	157809600	5.4
22184	160488000	7.3
22184	162907200	10.3
22184	165585600	12.4
22184	168177600	18.1
22184	170856000	23.9
22184	173448000	27.2
22184	176126400	26.8
22184	178804800	22.7
22184	181396800	17.3
22184	184075200	10.3
22184	186667200	6.5
22184	189345600	5.8
22184	192024000	10.4
22184	194529600	10.8
22184	197208000	14.6
22184	199800000	19.8
22184	202478400	25.2
22184	205070400	27.5
22184	207748800	26.7
22184	210427200	22.6
22184	213019200	15.2
22184	215697600	10.2
22184	218289600	5.6
22184	220968000	6.1
22184	223646400	9.4
22184	226065600	9.4
22184	228744000	16
22184	231336000	18.9
22184	234014400	25.9
22184	236606400	28
22184	239284800	27.7
22184	241963200	24.2
22184	244555200	18.7
22184	247233600	11.8
22184	249825600	8.3
22184	252504000	7.5
22184	255182400	8.7
22184	257601600	12.8
22184	260280000	15.8
22184	262872000	19.9
22184	265550400	26.5
22184	268142400	28.7
22184	270820800	26.6
22184	273499200	23.5
22184	276091200	19
22184	278769600	11.5
22184	281361600	5.1
22184	284040000	5.5
22184	286718400	8.2
22184	289137600	10.6
22184	291816000	15.3
22184	294408000	19.6
22184	297086400	24.7
22184	299678400	27.1
22184	302356800	25.2
22184	305035200	24.3
22184	307627200	18.3
22184	310305600	8.7
22184	312897600	7.2
22184	315576000	7.4
22184	318254400	10
22184	320760000	10.6
22184	323438400	15.4
22184	326030400	19.1
22184	328708800	26.2
22184	331300800	28.8
22184	333979200	26.3
22184	336657600	24
22184	339249600	16.3
22184	341928000	10.3
22184	344520000	8.9
22184	347198400	8.2
22184	349876800	9.9
22184	352296000	11.1
22184	354974400	17.7
22184	357566400	21.2
22184	360244800	27.4
22184	362836800	27.7
22184	365515200	26.9
22184	368193600	23.8
22184	370785600	17.1
22184	373464000	12.1
22184	376056000	7.6
22184	378734400	6.5
22184	381412800	9.1
22184	383832000	11.1
22184	386510400	15.7
22184	389102400	19.6
22184	391780800	24.1
22184	394372800	27.2
22184	397051200	26.9
22184	399729600	24.1
22184	402321600	16.2
22184	4.05e+08	10.2
22184	407592000	6.2
22184	410270400	6.6
22184	412948800	8.8
22184	415368000	10.9
22184	418046400	12.8
22184	420638400	19.8
22184	423316800	24.3
22184	425908800	27.6
22184	428587200	27.4
22184	431265600	25.4
22184	433857600	17.8
22184	436536000	10.8
22184	439128000	6.8
22184	441806400	6.7
22184	444484800	7.3
22184	446990400	11.6
22184	449668800	14.6
22184	452260800	22.3
22184	454939200	26
22184	457531200	27.4
22184	460209600	26
22184	462888000	23.7
22184	465480000	15.5
22184	468158400	10.4
22184	470750400	6.9
22184	473428800	5.6
22184	476107200	7.8
22184	478526400	11.8
22184	481204800	17
22184	483796800	21.5
22184	486475200	26.4
22184	489067200	28.2
22184	491745600	26.1
22184	494424000	22
22184	497016000	17
22184	499694400	10.7
22184	502286400	6.7
22184	504964800	8.7
22184	507643200	10
22184	510062400	13.6
22184	512740800	16.9
22184	515332800	21.2
22184	518011200	26.5
22184	520603200	26.1
22184	523281600	27.6
22184	525960000	22.2
22184	528552000	16.3
22184	531230400	10.8
22184	533822400	6.8
22184	536500800	5.6
22184	539179200	8
22184	541598400	10.2
22184	544276800	16.6
22184	546868800	20.2
22184	549547200	25.9
22184	552139200	26.5
22184	554817600	25.7
22184	557496000	22.1
22184	560088000	19.3
22184	562766400	10.1
22184	565358400	5
22184	568036800	5.7
22184	570715200	9.2
22184	573220800	11.7
22184	575899200	15.4
22184	578491200	20.6
22184	581169600	26.5
22184	583761600	28.4
22184	586440000	26.1
22184	589118400	22
22184	591710400	19.5
22184	594388800	10.8
22184	596980800	5.9
22184	599659200	6
22184	602337600	10.4
22184	604756800	14.7
22184	607435200	19.4
22184	610027200	21.7
22184	612705600	25.6
22184	615297600	28.2
22184	617976000	26.6
22184	620654400	23.7
22184	623246400	17.1
22184	625924800	11.4
22184	628516800	5.4
22184	631195200	5.4
22184	633873600	7.6
22184	636292800	13.2
22184	638971200	18
22184	641563200	20.6
22184	644241600	27.7
22184	646833600	26.8
22184	649512000	25.1
22184	652190400	24.1
22184	654782400	17.1
22184	657460800	11.7
22184	660052800	5.4
22184	662731200	6.5
22184	665409600	10.6
22184	667828800	9.2
22184	670507200	15.4
22184	673099200	19.9
22184	675777600	23.7
22184	678369600	27.8
22184	681048000	26.6
22184	683726400	22.9
22184	686318400	18.5
22184	688996800	9.8
22184	691588800	7.6
22184	694267200	6
22184	696945600	9.9
22184	699451200	12.2
22184	702129600	17.4
22184	704721600	20.9
22184	707400000	24.3
22184	709992000	26.3
22184	712670400	25.7
22184	715348800	23.4
22184	717940800	18.1
22184	720619200	8.4
22184	723211200	6.2
22184	725889600	8.8
22184	728568000	8.5
22184	730987200	12.5
22184	733665600	16.6
22184	736257600	21.8
22184	738936000	25.7
22184	741528000	27.2
22184	744206400	27
22184	746884800	23.2
22184	749476800	17
22184	752155200	9.3
22184	754747200	6.3
22184	757425600	6.5
22184	760104000	8.3
22184	762523200	13.4
22184	765201600	16.9
22184	767793600	20.9
22184	770472000	28.6
22184	773064000	28.4
22184	775742400	28
22184	778420800	24.2
22184	781012800	16.8
22184	783691200	9.5
22184	786283200	7.7
22184	788961600	6.6
22184	791640000	11.4
22184	794059200	12.5
22184	796737600	14.7
22184	799329600	19.6
22184	802008000	24.9
22184	804600000	27.4
22184	807278400	28.4
22184	809956800	24.1
22184	812548800	18.3
22184	815227200	13.1
22184	817819200	7.2
22184	820497600	7.3
22184	823176000	12
22184	825681600	12.4
22184	828360000	17.5
22184	830952000	23.2
22184	833630400	27.4
22184	836222400	29.1
22184	838900800	27.2
22184	841579200	22.2
22184	844171200	17.6
22184	846849600	11.7
22184	849441600	6.9
22184	852120000	6.9
22184	854798400	8.7
22184	857217600	13.7
22184	859896000	16
22184	862488000	23.1
22184	865166400	25.2
22184	867758400	27.4
22184	870436800	27.2
22184	873115200	26.2
22184	875707200	17
22184	878385600	11.6
22184	880977600	5.3
22184	883656000	7
22184	886334400	7.8
22184	888753600	11.2
22184	891432000	14.1
22184	894024000	20.7
22184	896702400	24.8
22184	899294400	28.7
22184	901972800	27.8
22184	904651200	25.5
22184	907243200	18.2
22184	909921600	11.6
22184	912513600	7.1
22184	915192000	7.7
22184	917870400	9.5
22184	920289600	14
22184	922968000	14.9
22184	925560000	20.9
22184	928238400	25.6
22184	930830400	27
22184	933508800	26.8
22184	936187200	24.2
22184	938779200	18.6
22184	941457600	13.6
22184	944049600	6.2
22184	946728000	7.9
22184	949406400	10.5
22184	951912000	12.5
22184	954590400	18.4
22184	957182400	24
22184	959860800	27.3
22184	962452800	28.8
22184	965131200	27.4
22184	967809600	25.2
22184	970401600	17.4
22184	973080000	7.9
22184	975672000	7.1
22184	978350400	6.2
22184	981028800	8.5
22184	983448000	12.3
22184	986126400	17.1
22184	988718400	22.9
22184	991396800	27.2
22184	993988800	27.8
22184	996667200	27.1
22184	999345600	24.6
22184	1001937600	18.9
22184	1004616000	13.5
22184	1007208000	5.8
22184	1009886400	6.8
22184	1012564800	9.3
22184	1014984000	11.5
22184	1017662400	19.2
22184	1020254400	21.7
22184	1022932800	28.1
22184	1025524800	28.3
22184	1028203200	27
22184	1030881600	24.4
22184	1033473600	17.1
22184	1036152000	11.6
22184	1038744000	6.1
22184	1041422400	9.8
22184	1044100800	9.2
22184	1046520000	11.8
22184	1049198400	16.2
22184	1051790400	22.7
22184	1054468800	26.8
22184	1057060800	30
22184	1059739200	28.7
22184	1062417600	25
22184	1065009600	20.8
22184	1067688000	11.1
22184	1070280000	7.1
22184	1072958400	7.7
22184	1075636800	6.6
22184	1078142400	15.3
22184	1080820800	16.5
22184	1083412800	22.6
22184	1086091200	26.2
22184	1088683200	27.4
22184	1091361600	26
22184	1094040000	23.2
22184	1096632000	17.9
22184	1099310400	10.6
22184	1101902400	6.9
22184	1104580800	9.2
22184	1107259200	10.1
22184	1109678400	12.1
22184	1112356800	16.6
22184	1114948800	22.4
22184	1117627200	26.8
22184	1120219200	29.3
22184	1122897600	27
22184	1125576000	25.2
22184	1128168000	19.3
22184	1130846400	13
22184	1133438400	7.4
22184	1136116800	7.5
22184	1138795200	10.7
22184	1141214400	12.2
22184	1143892800	18.2
22184	1146484800	23.5
22184	1149163200	28.8
22184	1151755200	28.8
22184	1154433600	25.7
22184	1157112000	22.2
22184	1159704000	18.5
22184	1162382400	12.9
22184	1164974400	6.1
22184	1167652800	4.7
22184	1170331200	9.4
22184	1172750400	13.5
22184	1175428800	17.7
22184	1178020800	23.3
22184	1180699200	27.2
22184	1183291200	29.1
22184	1185969600	28.2
22184	1188648000	25.4
22184	1191240000	19.3
22184	1193918400	14
22184	1196510400	5.9
22184	1199188800	6.5
22184	1201867200	8.8
22184	1204372800	12.6
22184	1207051200	16.3
22184	1209643200	20.7
22184	1212321600	26.8
22184	1214913600	27
22184	1217592000	26.6
22184	1220270400	23.9
22184	1222862400	18.2
22184	1225540800	12.7
22184	1228132800	7.1
22184	1230811200	8.1
22184	1233489600	9.8
22184	1235908800	13.6
22184	1238587200	16.2
22184	1241179200	23.2
22184	1243857600	25.3
22184	1246449600	29.7
22184	1249128000	27.6
22184	1251806400	24.7
22184	1254398400	17.5
22184	1257076800	13.2
22184	1259668800	5.8
22184	1262347200	6.7
22184	1265025600	8.9
22184	1267444800	11.9
22184	1270123200	16.6
22184	1272715200	19.9
22184	1275393600	26.8
22184	1277985600	28.6
22184	1280664000	27.2
22184	1283342400	24.6
22184	1285934400	19.2
22184	1288612800	10.2
22184	1291204800	8.8
22184	1293883200	6
22184	1296561600	6.9
22184	1298980800	14.4
22184	1301659200	18.6
22184	1304251200	20.1
22184	1306929600	26.9
22184	1309521600	28.8
22184	1312200000	28.8
22184	1314878400	25
22184	1317470400	18.8
22184	1320148800	11.5
22184	1322740800	5.7
22184	1325419200	7.8
22184	1328097600	9.4
22184	1330603200	12.2
22184	1333281600	18.4
22184	1335873600	22.9
22184	1338552000	28.2
22184	1341144000	28.2
22184	1343822400	28.2
22184	1346500800	24.1
22184	1349092800	19.5
22184	1351771200	14
22184	1354363200	7.6
22184	1357041600	5.7
22184	1359720000	7.1
22184	1362139200	14.5
22184	1364817600	17.7
22184	1367409600	22.5
22184	1370088000	28.5
22184	1372680000	28.1
22184	1375358400	27.3
22184	1378036800	24.4
22184	1380628800	17
22184	1383307200	12.9
22184	1385899200	6.9
22184	1388577600	8.1
22184	1391256000	11.9
22184	1393675200	13.1
22185	-3097828800	3.7
22185	-3095236800	2.9
22185	-3092558400	1
22185	-3089880000	4.6
22185	-3087374400	7.3
22185	-3084696000	10.2
22185	-3082104000	18.2
22185	-3079425600	22.8
22185	-3076833600	22.8
22185	-3074155200	21.9
22185	-3071476800	18.4
22185	-3068884800	13.1
22185	-3066206400	4.5
22185	-3063614400	4.3
22185	-3060936000	2.8
22185	-3058257600	3.4
22185	-3055838400	9.8
22185	-3053160000	11.5
22185	-3050568000	16.8
22185	-3047889600	23.5
22185	-3045297600	26.3
22185	-3042619200	21.4
22185	-3039940800	21.1
22185	-3037348800	14.9
22185	-3034670400	8.9
22185	-3032078400	1.1
22186	-2429784000	0.1
22186	-2427105600	3.2
22186	-2424686400	4.3
22186	-2422008000	12.7
22186	-2419416000	16
22186	-2416737600	23.1
22186	-2414145600	22.6
22186	-2411467200	21.9
22186	-2408788800	14.5
22186	-2406196800	8.2
22186	-2403518400	2.4
22186	-2400926400	0.4
22186	-2398248000	-3
22186	-2395569600	-2.5
22186	-2393150400	6.7
22186	-2390472000	13.5
22186	-2387880000	19.1
22186	-2385201600	23
22186	-2382609600	24.9
22186	-2379931200	22.7
22186	-2377252800	16.3
22186	-2374660800	11.5
22186	-2371982400	5.3
22186	-2369390400	1.4
22186	-2366712000	-0.3
22186	-2364033600	-0.5
22186	-2361614400	6.7
22186	-2358936000	12.5
22186	-2356344000	16.8
22186	-2353665600	20.6
22186	-2351073600	22.7
22186	-2348395200	22.1
22186	-2345716800	18.3
22186	-2343124800	10.3
22186	-2340446400	3.1
22186	-2337854400	-2.9
22186	-2335176000	0.2
22186	-2332497600	1.1
22186	-2329992000	5.9
22186	-2327313600	9.9
22186	-2324721600	16.1
22186	-2322043200	23
22186	-2319451200	21.5
22186	-2316772800	23.5
22186	-2314094400	17.1
22186	-2311502400	10.8
22186	-2308824000	5.1
22186	-2306232000	0.8
22186	-2303553600	-1.9
22186	-2300875200	2.2
22186	-2298456000	5.1
22186	-2295777600	11
22186	-2293185600	16.9
22186	-2290507200	20.7
22186	-2287915200	22.9
22186	-2285236800	23.9
22186	-2282558400	17.5
22186	-2279966400	12.3
22186	-2277288000	3.6
22186	-2274696000	-0.9
22186	-2272017600	-3.9
22186	-2269339200	2.7
22186	-2266920000	5.7
22186	-2264241600	12.6
22186	-2261649600	14.9
22186	-2258971200	20.8
22186	-2256379200	23.7
22186	-2253700800	22.9
22186	-2251022400	18.3
22186	-2248430400	9
22186	-2245752000	2.1
22186	-2243160000	-4.6
22186	-2240481600	-2.4
22186	-2237803200	2.1
22186	-2235384000	7.4
22186	-2232705600	12.1
22186	-2230113600	14
22186	-2227435200	20.3
22186	-2224843200	22.8
22186	-2222164800	23.9
22186	-2219486400	19.5
22186	-2216894400	9.5
22186	-2214216000	5.6
22186	-2211624000	2.8
22186	-2208945600	3.7
22186	-2206267200	3.6
22186	-2203848000	9
22186	-2201169600	11.1
22186	-2198577600	17.2
22186	-2195899200	21.9
22186	-2193307200	25.7
22186	-2190628800	22.1
22186	-2187950400	19.2
22186	-2185358400	11.1
22186	-2182680000	3.8
22186	-2180088000	-0.2
22186	-2177409600	0.8
22186	-2174731200	3.1
22186	-2172312000	5.8
22186	-2169633600	11.2
22186	-2167041600	17.5
22186	-2164363200	21.3
22186	-2161771200	24.4
22186	-2159092800	22.6
22186	-2156414400	17.7
22186	-2153822400	12.5
22186	-2151144000	5.8
22186	-2148552000	0.6
22186	-2145873600	0.5
22186	-2143195200	1.4
22186	-2140776000	4.6
22186	-2138097600	13.4
22186	-2135505600	16.8
22186	-2132827200	22.8
22186	-2130235200	24.1
22186	-2127556800	23.3
22186	-2124878400	18.5
22186	-2122286400	11.8
22186	-2119608000	4.3
22186	-2117016000	-0.9
22186	-2114337600	-0.1
22186	-2111659200	-0.2
22186	-2109240000	6
22186	-2106561600	12.1
22186	-2103969600	16.2
22186	-2101291200	20.7
22186	-2098699200	23.1
22186	-2096020800	20.6
22186	-2093342400	16.4
22186	-2090750400	10.5
22186	-2088072000	3.5
22186	-2085480000	-1.5
22186	-2082801600	-1.6
22186	-2080123200	5
22186	-2077617600	8.9
22186	-2074939200	12.6
22186	-2072347200	17.3
22186	-2069668800	23.6
22186	-2067076800	25.6
22186	-2064398400	20.8
22186	-2061720000	17.9
22186	-2059128000	10.8
22186	-2056449600	4.3
22186	-2053857600	0
22186	-2051179200	0.3
22186	-2048500800	1.3
22186	-2046081600	7
22186	-2043403200	11
22186	-2040811200	16.7
22186	-2038132800	22.2
22186	-2035540800	23.9
22186	-2032862400	23.6
22186	-2030184000	18
22186	-2027592000	11.6
22186	-2024913600	5.7
22186	-2022321600	-2.5
22186	-2019643200	-3.3
22186	-2016964800	3.8
22186	-2014545600	7.2
22186	-2011867200	13
22186	-2009275200	16.3
22186	-2006596800	21.6
22186	-2004004800	24.9
22186	-2001326400	23.2
22186	-1998648000	17.8
22186	-1996056000	11
22186	-1993377600	5
22186	-1990785600	2.9
22186	-1988107200	2.2
22186	-1985428800	6
22186	-1983009600	8.8
22186	-1980331200	12
22186	-1977739200	14.5
22186	-1975060800	19.5
22186	-1972468800	24.1
22186	-1969790400	21.7
22186	-1967112000	17.6
22186	-1964520000	12.1
22186	-1961841600	4.8
22186	-1959249600	0.8
22186	-1956571200	0.3
22186	-1953892800	2.9
22186	-1951387200	8.3
22186	-1948708800	11.6
22186	-1946116800	14.1
22186	-1943438400	21.8
22186	-1940846400	23.6
22186	-1938168000	23
22186	-1935489600	15.7
22186	-1932897600	8.5
22186	-1930219200	1.7
22186	-1927627200	-1.6
22186	-1924948800	2.3
22186	-1922270400	2.7
22186	-1919851200	4.8
22186	-1917172800	10.4
22186	-1914580800	14.5
22186	-1911902400	21.8
22186	-1909310400	25.1
22186	-1906632000	23.1
22186	-1903953600	17.6
22186	-1901361600	11.6
22186	-1898683200	5.3
22186	-1896091200	-4.8
22186	-1893412800	0.4
22186	-1890734400	0.6
22186	-1888315200	9.9
22186	-1885636800	12
22186	-1883044800	18.2
22186	-1880366400	23.4
22186	-1877774400	25.6
22186	-1875096000	23.4
22186	-1872417600	20
22186	-1869825600	11.9
22186	-1867147200	6.4
22186	-1864555200	0.5
22186	-1861876800	3
22186	-1859198400	3.3
22186	-1856779200	9.3
22186	-1854100800	12.6
22186	-1851508800	16.9
22186	-1848830400	20.3
22186	-1846238400	22.4
22186	-1843560000	22.2
22186	-1840881600	19.4
22186	-1838289600	10.6
22186	-1835611200	3.1
22186	-1833019200	-3.5
22186	-1830340800	-1
22186	-1827662400	2
22186	-1825156800	7.2
22186	-1822478400	9.6
22186	-1819886400	16
22186	-1817208000	20.2
22186	-1814616000	22.9
22186	-1811937600	21.7
22186	-1809259200	16.3
22186	-1806667200	10.6
22186	-1803988800	2.9
22186	-1801396800	-3.5
22186	-1798718400	-4.4
22186	-1796040000	1.1
22186	-1793620800	4.1
22186	-1790942400	10.3
22186	-1788350400	16.4
22186	-1785672000	21.1
22186	-1783080000	23.6
22186	-1780401600	22.3
22186	-1777723200	17.2
22186	-1775131200	10.9
22186	-1772452800	6.8
22186	-1769860800	-2
22186	-1767182400	1.7
22186	-1764504000	2.2
22186	-1762084800	6.2
22186	-1759406400	12.4
22186	-1756814400	16.9
22186	-1754136000	21.8
22186	-1751544000	23
22186	-1748865600	22.6
22186	-1746187200	18.9
22186	-1743595200	11.5
22186	-1740916800	4.7
22186	-1738324800	-1.3
22186	-1735646400	-2.3
22186	-1732968000	1.3
22186	-1730548800	4.7
22186	-1727870400	12
22186	-1725278400	14.7
22186	-1722600000	21.2
22186	-1720008000	23.7
22186	-1717329600	21.3
22186	-1714651200	18.4
22186	-1712059200	11.4
22186	-1709380800	3.7
22186	-1706788800	-0.6
22186	-1704110400	0.9
22186	-1701432000	3.7
22186	-1698926400	8.8
22186	-1696248000	11.8
22186	-1693656000	17
22186	-1690977600	22.5
22186	-1688385600	24.5
22186	-1685707200	22.6
22186	-1683028800	19.2
22186	-1680436800	12.7
22186	-1677758400	2.9
22186	-1675166400	-2
22186	-1672488000	-1.1
22186	-1669809600	0.2
22186	-1667390400	3.3
22186	-1664712000	9
22186	-1662120000	11.5
22186	-1659441600	20
22186	-1656849600	24.9
22186	-1654171200	22.6
22186	-1651492800	19
22186	-1648900800	12.4
22186	-1646222400	5.2
22186	-1643630400	1
22186	-1640952000	-3.4
22186	-1638273600	3
22186	-1635854400	7.7
22186	-1633176000	10.9
22186	-1630584000	16.5
22186	-1627905600	23.8
22186	-1625313600	24.5
22186	-1622635200	22.5
22186	-1619956800	18.5
22186	-1617364800	12.6
22186	-1614686400	3.2
22186	-1612094400	-2
22186	-1609416000	-4.1
22186	-1606737600	0.3
22186	-1604318400	4.9
22186	-1601640000	11.5
22186	-1599048000	16.8
22186	-1596369600	20.3
22186	-1593777600	23.7
22186	-1591099200	22.3
22186	-1588420800	18.2
22186	-1585828800	11.2
22186	-1583150400	3.8
22186	-1580558400	0.2
22186	-1577880000	0.7
22186	-1575201600	4
22186	-1572696000	4.3
22186	-1570017600	8.2
22186	-1567425600	16.7
22186	-1564747200	21.7
22186	-1562155200	25.1
22186	-1559476800	22.1
22186	-1556798400	18.1
22186	-1554206400	10.5
22186	-1551528000	3.9
22186	-1548936000	-2.2
22186	-1546257600	-0.5
22186	-1543579200	4
22186	-1541160000	9
22186	-1538481600	9.7
22186	-1535889600	16
22186	-1533211200	21.3
22186	-1530619200	23.9
22186	-1527940800	23.2
22186	-1525262400	20.2
22186	-1522670400	13.3
22186	-1519992000	4.8
22186	-1517400000	2.5
22186	-1514721600	-3.5
22186	-1512043200	1.2
22186	-1509624000	4.3
22186	-1506945600	10.1
22186	-1504353600	16.6
22186	-1501675200	23.6
22186	-1499083200	26.6
22186	-1496404800	24.6
22186	-1493726400	19.3
22186	-1491134400	10.8
22186	-1488456000	3.4
22186	-1485864000	1.6
22186	-1483185600	1.1
22186	-1480507200	1.7
22186	-1478088000	5.1
22186	-1475409600	11.9
22186	-1472817600	18.2
22186	-1470139200	22.7
22186	-1467547200	24.9
22186	-1464868800	22.6
22186	-1462190400	16.6
22186	-1459598400	10.7
22186	-1456920000	5.4
22186	-1454328000	0.7
22186	-1451649600	-3.1
22186	-1448971200	4.2
22186	-1446465600	4.7
22186	-1443787200	9.7
22186	-1441195200	17.5
22186	-1438516800	24.5
22186	-1435924800	25
22186	-1433246400	24
22186	-1430568000	18.6
22186	-1427976000	11.4
22186	-1425297600	4
22186	-1422705600	-3.5
22186	-1420027200	-4.8
22186	-1417348800	3.9
22186	-1414929600	7.7
22186	-1412251200	12.1
22186	-1409659200	17.4
22186	-1406980800	24.3
22186	-1404388800	24.5
22186	-1401710400	22.8
22186	-1399032000	18.6
22186	-1396440000	12.3
22186	-1393761600	3.8
22186	-1391169600	-0.8
22186	-1388491200	-3.8
22186	-1385812800	2.7
22186	-1383393600	6.5
22186	-1380715200	11.2
22186	-1378123200	16.2
22186	-1375444800	22.4
22186	-1372852800	24.3
22186	-1370174400	23.4
22186	-1367496000	19.5
22186	-1364904000	12.9
22186	-1362225600	5.6
22186	-1359633600	-1.7
22186	-1356955200	1.6
22186	-1354276800	6.4
22186	-1351857600	6.7
22186	-1349179200	11
22186	-1346587200	15.3
22186	-1343908800	21.6
22186	-1341316800	25.1
22186	-1338638400	21.9
22186	-1335960000	18.3
22186	-1333368000	12.5
22186	-1330689600	5.9
22186	-1328097600	-3
22186	-1325419200	0
22186	-1322740800	2
22186	-1320235200	8.1
22186	-1317556800	11
22186	-1314964800	18.1
22186	-1312286400	22.5
22186	-1309694400	24.4
22186	-1307016000	22.2
22186	-1304337600	18.4
22186	-1301745600	12
22186	-1299067200	5.2
22186	-1296475200	-2.6
22186	-1293796800	-0.9
22186	-1291118400	-0.4
22186	-1288699200	6
22186	-1286020800	10.7
22186	-1283428800	16.2
22186	-1280750400	22.4
22186	-1278158400	24.8
22186	-1275480000	22.9
22186	-1272801600	18.4
22186	-1270209600	12.3
22186	-1267531200	2.1
22186	-1264939200	-0.1
22186	-1262260800	-2.9
22186	-1259582400	4.6
22186	-1257163200	5.9
22186	-1254484800	13.7
22186	-1251892800	14.2
22186	-1249214400	22
22186	-1246622400	24.7
22186	-1243944000	23.8
22186	-1241265600	17
22186	-1238673600	11.3
22186	-1235995200	2.6
22186	-1233403200	-1.3
22186	-1230724800	-2.3
22186	-1228046400	3.5
22186	-1225627200	5.7
22186	-1222948800	12.3
22186	-1220356800	16.3
22186	-1217678400	22.5
22186	-1215086400	25.4
22186	-1212408000	22.3
22186	-1209729600	20.7
22186	-1207137600	13.8
22186	-1204459200	3.6
22186	-1201867200	-0.8
22186	-1199188800	-3
22186	-1196510400	5.1
22186	-1194004800	5.1
22186	-1191326400	11.5
22186	-1188734400	16.4
22186	-1186056000	20.8
22186	-1183464000	25.4
22186	-1180785600	24.3
22186	-1178107200	18
22186	-1175515200	11.1
22186	-1172836800	4.5
22186	-1170244800	-1.5
22186	-1167566400	-1
22186	-1164888000	-0.1
22186	-1162468800	7.7
22186	-1159790400	9.1
22186	-1157198400	14.3
22186	-1154520000	22.7
22186	-1151928000	24.8
22186	-1149249600	22.6
22186	-1146571200	20.1
22186	-1143979200	13.2
22186	-1141300800	5.7
22186	-1138708800	2.2
22186	-1136030400	-0.2
22186	-1133352000	5.6
22186	-1130932800	8.4
22186	-1128254400	13.2
22186	-1125662400	18.5
22186	-1122984000	20.9
22186	-1120392000	26.7
22186	-1117713600	25.8
22186	-1115035200	18.6
22186	-1112443200	12.1
22186	-1109764800	5.4
22186	-1107172800	1.1
22186	-1104494400	1.2
22186	-1101816000	2.4
22186	-1099396800	6.3
22186	-1096718400	11.1
22186	-1094126400	14
22186	-1091448000	21
22186	-1088856000	24.3
22186	-1086177600	22.7
22186	-1083499200	17.1
22186	-1080907200	12.3
22186	-1078228800	4.1
22186	-1075636800	0.1
22186	-1072958400	-0.9
22186	-1070280000	3.6
22186	-1067774400	6.9
22186	-1065096000	12.2
22186	-1062504000	17.4
22186	-1059825600	21.9
22186	-1057233600	24.4
22186	-1054555200	23.4
22186	-1051876800	18.3
22186	-1049284800	11.5
22186	-1046606400	4.1
22186	-1044014400	-0.1
22186	-1041336000	-4.2
22186	-1038657600	2.2
22186	-1036238400	4.5
22186	-1033560000	10.3
22186	-1030968000	16.6
22186	-1028289600	20.7
22186	-1025697600	24.4
22186	-1023019200	24.1
22186	-1020340800	19.4
22186	-1017748800	13.1
22186	-1015070400	5.8
22186	-1012478400	1.4
22186	-1009800000	1.1
22186	-1007121600	3.3
22186	-1004702400	7.5
22186	-1002024000	11.1
22186	-999432000	15.9
22186	-996753600	22.6
22186	-994161600	23.5
22186	-991483200	23.4
22186	-988804800	18.6
22186	-986212800	12.4
22186	-983534400	1.4
22186	-980942400	0.8
22186	-978264000	-0.6
22186	-975585600	-2.3
22186	-973166400	6.4
22186	-970488000	12.2
22186	-967896000	17.7
22186	-965217600	22.2
22186	-962625600	23.8
22186	-959947200	22.9
22186	-957268800	20.5
22186	-954676800	10.9
22186	-951998400	4.5
22186	-949406400	1.6
22186	-946728000	0
22186	-944049600	2.7
22186	-941544000	8
22186	-938865600	10.8
22186	-936273600	16.8
22186	-933595200	21.6
22186	-931003200	24.7
22186	-928324800	22.5
22186	-925646400	19.5
22186	-923054400	13.5
22186	-920376000	3.5
22186	-917784000	2.6
22186	-915105600	1.5
22186	-912427200	5.5
22186	-910008000	6.9
22186	-907329600	9.6
22186	-904737600	16.7
22186	-902059200	19.8
22186	-899467200	22.9
22186	-896788800	22.9
22186	-894110400	18
22186	-891518400	12.3
22186	-888840000	6.1
22186	-886248000	2.3
22186	-883569600	1.4
22186	-880891200	0.9
22186	-878472000	5.4
22186	-875793600	12.3
22186	-873201600	16
22186	-870523200	20.8
22186	-867931200	24.1
22186	-865252800	22.4
22186	-862574400	17.7
22186	-859982400	12.4
22186	-857304000	7
22186	-854712000	3.6
22186	-852033600	2.1
22186	-849355200	4.9
22186	-846936000	8.1
22186	-844257600	14.6
22186	-841665600	17.3
22186	-838987200	21.2
22186	-836395200	24.1
22186	-833716800	24.4
22186	-831038400	19.3
22186	-828446400	12.3
22186	-825768000	5.2
22186	-823176000	-0.9
22186	-820497600	-2.5
22186	-817819200	3
22186	-815313600	6
22186	-812635200	10.9
22186	-810043200	15.9
22186	-807364800	20.5
22186	-804772800	23.5
22186	-802094400	23.3
22186	-799416000	18.6
22186	-796824000	13.7
22186	-794145600	5
22186	-791553600	1.3
22186	-788875200	1.4
22186	-786196800	5.1
22186	-783777600	6.9
22186	-781099200	10.4
22186	-778507200	16.9
22186	-775828800	19.6
22186	-773236800	24.2
22186	-770558400	24.5
22186	-767880000	19.5
22186	-765288000	13.6
22186	-762609600	5.4
22186	-760017600	-0.6
22186	-757339200	-0.1
22186	-754660800	3
22186	-752241600	8.1
22186	-749563200	15.3
22186	-746971200	16.2
22186	-744292800	22.4
22186	-741700800	24.3
22186	-739022400	24.5
22186	-736344000	19.5
22186	-733752000	11.7
22186	-731073600	4.3
22186	-728481600	3.5
22186	-725803200	0.3
22186	-723124800	4.3
22186	-720705600	7.6
22186	-718027200	11.7
22186	-715435200	17.8
22186	-712756800	20.9
22186	-710164800	25
22186	-707486400	23
22186	-704808000	19.9
22186	-702216000	14
22186	-699537600	2.7
22186	-696945600	0
22186	-694267200	-0.3
22186	-691588800	1.7
22186	-689083200	4
22186	-686404800	14.3
22186	-683812800	17.4
22186	-681134400	21.4
22186	-678542400	24.4
22186	-675864000	22.7
22186	-673185600	19.1
22186	-670593600	12.4
22186	-667915200	2.8
22186	-665323200	1.7
22186	-662644800	-2.1
22186	-659966400	1.7
22186	-657547200	8
22186	-654868800	13.7
22186	-652276800	16.7
22186	-649598400	21.7
22186	-647006400	24.4
22186	-644328000	22.9
22186	-641649600	19.3
22186	-639057600	10.9
22186	-636379200	7.6
22186	-633787200	-0.1
22186	-631108800	1.8
22186	-628430400	5.5
22186	-626011200	10.1
22186	-623332800	14.5
22186	-620740800	17.4
22186	-618062400	22.8
22186	-615470400	24.2
22186	-612792000	22.1
22186	-610113600	17.5
22186	-607521600	16.3
22186	-604843200	5.5
22186	-602251200	2.8
22186	-599572800	1
22186	-596894400	2.9
22186	-594475200	6.6
22186	-591796800	12
22186	-589204800	17.6
22186	-586526400	20.9
22186	-583934400	26
22186	-581256000	22.9
22186	-578577600	20.1
22186	-575985600	12.8
22186	-573307200	3.6
22186	-570715200	0.9
22186	-568036800	2.2
22186	-565358400	2.2
22186	-562852800	4.8
22186	-560174400	12.4
22186	-557582400	17.2
22186	-554904000	23.2
22186	-552312000	24.1
22186	-549633600	24.4
22186	-546955200	19.6
22186	-544363200	13.8
22186	-541684800	3.4
22186	-539092800	0.1
22186	-536414400	4.1
22186	-533736000	2.4
22186	-531316800	8.7
22186	-528638400	12
22186	-526046400	14.9
22186	-523368000	23
22186	-520776000	25.5
22186	-518097600	23.7
22186	-515419200	19.5
22186	-512827200	13.1
22186	-510148800	6.4
22186	-507556800	-0.9
22186	-504878400	2
22186	-502200000	6.6
22186	-499780800	6.7
22186	-497102400	15.5
22186	-494510400	18.2
22186	-491832000	22
22186	-489240000	25.7
22186	-486561600	23.3
22186	-483883200	20.5
22186	-481291200	14.2
22186	-478612800	6.9
22186	-476020800	0.2
22186	-473342400	-0.6
22186	-470664000	-0.1
22186	-468244800	6.9
22186	-465566400	11.1
22186	-462974400	16.2
22186	-460296000	21.5
22186	-457704000	23.5
22186	-455025600	23.5
22186	-452347200	20.1
22186	-449755200	13.9
22186	-447076800	6
22186	-444484800	2.8
22186	-441806400	3.7
22186	-439128000	1
22186	-436622400	7.5
22186	-433944000	11.2
22186	-431352000	17.8
22186	-428673600	23.7
22186	-426081600	23.9
22186	-423403200	22.4
22186	-420724800	19.8
22186	-418132800	12.9
22186	-415454400	2.2
22186	-412862400	0.1
22186	-410184000	3.8
22186	-407505600	8.5
22186	-405086400	8.1
22186	-402408000	11.4
22186	-399816000	15.6
22186	-397137600	22.1
22186	-394545600	25
22186	-391867200	23.1
22186	-389188800	18.6
22186	-386596800	13
22186	-383918400	4
22186	-381326400	1.6
22186	-378648000	-0.1
22186	-375969600	4.5
22186	-373550400	5.1
22186	-370872000	11.2
22186	-368280000	17.8
22186	-365601600	23.6
22186	-363009600	24.4
22186	-360331200	25
22186	-357652800	19.8
22186	-355060800	13
22186	-352382400	6.1
22186	-349790400	2.9
22186	-347112000	-0.7
22186	-344433600	2.7
22186	-342014400	5.6
22186	-339336000	11.8
22186	-336744000	16
22186	-334065600	22.7
22186	-331473600	24.2
22186	-328795200	23.4
22186	-326116800	18.3
22186	-323524800	12.9
22186	-320846400	4.9
22186	-318254400	2.1
22186	-315576000	-0.5
22186	-312897600	1.6
22186	-310392000	8.4
22186	-307713600	12.4
22186	-305121600	16.1
22186	-302443200	22.3
22186	-299851200	23.7
22186	-297172800	23.3
22186	-294494400	19.6
22186	-291902400	11.6
22186	-289224000	6.1
22186	-286632000	-1.1
22186	-283953600	-0.5
22186	-281275200	4.5
22186	-278856000	7.9
22186	-276177600	11.3
22186	-273585600	16.9
22186	-270907200	22
22186	-268315200	23.7
22186	-265636800	23.1
22186	-262958400	17.7
22186	-260366400	12.2
22186	-257688000	4.3
22186	-255096000	0.4
22186	-252417600	-0.7
22186	-249739200	5.5
22186	-247320000	4.5
22186	-244641600	13
22186	-242049600	16.2
22186	-239371200	21.5
22186	-236779200	23.9
22186	-234100800	23.4
22186	-231422400	19.4
22186	-228830400	13.1
22186	-226152000	7
22186	-223560000	2
22186	-220881600	-1.5
22186	-218203200	4.1
22186	-215784000	6.8
22186	-213105600	12.5
22186	-210513600	17.6
22186	-207835200	20.3
22186	-205243200	25.2
22186	-202564800	23.4
22186	-199886400	20.3
22186	-197294400	14.1
22186	-194616000	6.1
22186	-192024000	-0.1
22186	-189345600	-2
22186	-186667200	-2
22186	-184161600	4.8
22186	-181483200	9.8
22186	-178891200	16.6
22186	-176212800	20.6
22186	-173620800	24.5
22186	-170942400	22.7
22186	-168264000	18.5
22186	-165672000	12.9
22186	-162993600	5.2
22186	-160401600	1.5
22186	-157723200	2.5
22186	-155044800	3.1
22186	-152625600	6.1
22186	-149947200	11.2
22186	-147355200	15.3
22186	-144676800	19.7
22186	-142084800	24.4
22186	-139406400	22.6
22186	-136728000	18.3
22186	-134136000	13
22186	-131457600	7.8
22186	-128865600	2.3
22186	-126187200	-0.6
22186	-123508800	1
22186	-121089600	7.8
22186	-118411200	12.2
22186	-115819200	18.5
22186	-113140800	21.2
22186	-110548800	25.3
22186	-107870400	23.8
22186	-105192000	19.2
22186	-102600000	12.6
22186	-99921600	7.4
22186	-97329600	1.7
22186	-94651200	-0.3
22186	-91972800	5.1
22186	-89553600	10.9
22186	-86875200	12.7
22186	-84283200	16.2
22186	-81604800	21.4
22186	-79012800	24.9
22186	-76334400	22.1
22186	-73656000	18.2
22186	-71064000	12.8
22186	-68385600	6.6
22186	-65793600	-0.2
22186	-63115200	1.2
22186	-60436800	5.4
22186	-57931200	7.3
22186	-55252800	10.4
22186	-52660800	16
22186	-49982400	22
22186	-47390400	23.5
22186	-44712000	21.7
22186	-42033600	17.6
22186	-39441600	13.5
22186	-36763200	5.6
22186	-34171200	-0.5
22186	-31492800	3.9
22186	-28814400	3.1
22186	-26395200	4.1
22186	-23716800	13.2
22186	-21124800	17.4
22186	-18446400	21
22186	-15854400	25
22186	-13176000	24.8
22186	-10497600	19.4
22186	-7905600	12.8
22186	-5227200	5.4
22186	-2635200	3.2
22186	43200	0.8
22186	2721600	4.9
22186	5140800	6.7
22186	7819200	9.7
22186	10411200	16.7
22186	13089600	20.9
22186	15681600	25
22186	18360000	23.9
22186	21038400	18.5
22186	23630400	10.7
22186	26308800	5.7
22186	28900800	1.3
22186	31579200	-0.1
22186	34257600	3.4
22186	36676800	7.9
22186	39355200	10.9
22186	41947200	15.2
22186	44625600	21.4
22186	47217600	24.9
22186	49896000	22.2
22186	52574400	17.8
22186	55166400	11.9
22186	57844800	5.7
22186	60436800	-0.3
22186	63115200	1.3
22186	65793600	4.8
22186	68299200	10.3
22186	70977600	12.2
22186	73569600	15.6
22186	76248000	21.6
22186	78840000	24.1
22186	81518400	22.9
22186	84196800	18.7
22186	86788800	14.1
22186	89467200	4.1
22186	92059200	1.1
22186	94737600	0
22186	97416000	3.1
22186	99835200	6.7
22186	102513600	8.8
22186	105105600	15.6
22186	107784000	20.6
22186	110376000	23.2
22186	113054400	22.7
22186	115732800	18.2
22186	118324800	12.5
22186	121003200	6.5
22186	123595200	1.2
22186	126273600	0.9
22186	128952000	1.8
22186	131371200	10.2
22186	134049600	10.8
22186	136641600	17.5
22186	139320000	23.6
22186	141912000	23.7
22186	144590400	22.3
22186	147268800	18.2
22186	149860800	13.3
22186	152539200	5.7
22186	155131200	-1.1
22186	157809600	-0.2
22186	160488000	3.2
22186	162907200	7
22186	165585600	9.5
22186	168177600	14.8
22186	170856000	20
22186	173448000	23.5
22186	176126400	22.6
22186	178804800	17.7
22186	181396800	12.4
22186	184075200	5.2
22186	186667200	-0.6
22186	189345600	0
22186	192024000	6.1
22186	194529600	7.2
22186	197208000	11.3
22186	199800000	16.1
22186	202478400	20.7
22186	205070400	23
22186	207748800	21.8
22186	210427200	18.4
22186	213019200	10.9
22186	215697600	3.4
22186	218289600	-0.8
22186	220968000	-1.3
22186	223646400	4.1
22186	226065600	5.6
22186	228744000	12.1
22186	231336000	15.9
22186	234014400	21.6
22186	236606400	23.9
22186	239284800	23.9
22186	241963200	19.6
22186	244555200	13.4
22186	247233600	6.7
22186	249825600	3.9
22186	252504000	2.7
22186	255182400	4
22186	257601600	8.6
22186	260280000	12.6
22186	262872000	15.5
22186	265550400	21.9
22186	268142400	24.7
22186	270820800	22.7
22186	273499200	18.5
22186	276091200	13.8
22186	278769600	7.3
22186	281361600	0.6
22186	284040000	0.2
22186	286718400	3.3
22186	289137600	7.1
22186	291816000	11.3
22186	294408000	15.9
22186	297086400	20.2
22186	299678400	23.4
22186	302356800	21.9
22186	305035200	19.3
22186	307627200	13.9
22186	310305600	4
22186	312897600	2.6
22186	315576000	3.8
22186	318254400	6.4
22186	320760000	7.6
22186	323438400	11.1
22186	326030400	15.4
22186	328708800	22.4
22186	331300800	25.5
22186	333979200	23.5
22186	336657600	19.8
22186	339249600	11.4
22186	341928000	5.4
22186	344520000	4
22186	347198400	2.6
22186	349876800	4.9
22186	352296000	8
22186	354974400	13.7
22186	357566400	17.2
22186	360244800	23.2
22186	362836800	24.8
22186	365515200	23.4
22186	368193600	19.3
22186	370785600	12.8
22186	373464000	7.1
22186	376056000	3.4
22186	378734400	2.1
22186	381412800	4.2
22186	383832000	8.1
22186	386510400	12.1
22186	389102400	16
22186	391780800	21.1
22186	394372800	24.5
22186	397051200	23.8
22186	399729600	19.9
22186	402321600	12.3
22186	4.05e+08	6.2
22186	407592000	1.5
22186	410270400	1.8
22186	412948800	4.3
22186	415368000	8.8
22186	418046400	9.5
22186	420638400	15.7
22186	423316800	20.5
22186	425908800	24.7
22186	428587200	24.5
22186	431265600	21.8
22186	433857600	13.7
22186	436536000	7.5
22186	439128000	3.4
22186	441806400	1.3
22186	444484800	3.7
22186	446990400	8.4
22186	449668800	11.6
22186	452260800	19.8
22186	454939200	21.5
22186	457531200	24.5
22186	460209600	23.6
22186	462888000	20
22186	465480000	11.5
22186	468158400	6.8
22186	470750400	1.9
22186	473428800	1.1
22186	476107200	3.5
22186	478526400	8.9
22186	481204800	13.4
22186	483796800	16.9
22186	486475200	22.7
22186	489067200	24.3
22186	491745600	23.6
22186	494424000	18.2
22186	497016000	13.3
22186	499694400	7.2
22186	502286400	2.1
22186	504964800	3.8
22186	507643200	6.4
22186	510062400	9.7
22186	512740800	13.5
22186	515332800	17.1
22186	518011200	22.7
22186	520603200	23.2
22186	523281600	24.3
22186	525960000	18.4
22186	528552000	12.1
22186	531230400	6.1
22186	533822400	2.1
22186	536500800	-0.6
22186	539179200	4.1
22186	541598400	6.1
22186	544276800	11.6
22186	546868800	16.8
22186	549547200	22
22186	552139200	23.6
22186	554817600	23.2
22186	557496000	19.2
22186	560088000	14.6
22186	562766400	6.1
22186	565358400	1.1
22186	568036800	0.2
22186	570715200	5.4
22186	573220800	7
22186	575899200	12.1
22186	578491200	17.3
22186	581169600	22.7
22186	583761600	25
22186	586440000	23.6
22186	589118400	18.2
22186	591710400	14.7
22186	594388800	6.4
22186	596980800	0.3
22186	599659200	0.9
22186	602337600	4.8
22186	604756800	10
22186	607435200	14.9
22186	610027200	19
22186	612705600	22.5
22186	615297600	24.7
22186	617976000	23.5
22186	620654400	19.8
22186	623246400	12.6
22186	625924800	6
22186	628516800	1
22186	631195200	1.1
22186	633873600	3.5
22186	636292800	9.2
22186	638971200	13.9
22186	641563200	16.9
22186	644241600	24
22186	646833600	24.6
22186	649512000	22.5
22186	652190400	20.9
22186	654782400	13.7
22186	657460800	6.8
22186	660052800	-0.2
22186	662731200	1.1
22186	665409600	5.5
22186	667828800	7.6
22186	670507200	11.9
22186	673099200	17
22186	675777600	21.5
22186	678369600	24.2
22186	681048000	23.8
22186	683726400	19.5
22186	686318400	13.9
22186	688996800	5.9
22186	691588800	2.7
22186	694267200	-0.4
22186	696945600	5.7
22186	699451200	9
22186	702129600	14.4
22186	704721600	17.9
22186	707400000	21.4
22186	709992000	23.9
22186	712670400	21.4
22186	715348800	18.4
22186	717940800	14.7
22186	720619200	3.8
22186	723211200	-0.1
22186	725889600	4.6
22186	728568000	5.7
22186	730987200	9.1
22186	733665600	12.9
22186	736257600	17.7
22186	738936000	22.4
22186	741528000	25.4
22186	744206400	24
22186	746884800	19.1
22186	749476800	12.6
22186	752155200	5.5
22186	754747200	1.8
22186	757425600	2.2
22186	760104000	3.4
22186	762523200	10.1
22186	765201600	13.2
22186	767793600	17.7
22186	770472000	24.5
22186	773064000	25.9
22186	775742400	25.2
22186	778420800	19.8
22186	781012800	10.2
22186	783691200	3.8
22186	786283200	1.3
22186	788961600	1.6
22186	791640000	8.6
22186	794059200	10
22186	796737600	11.4
22186	799329600	16.7
22186	802008000	21
22186	804600000	23.3
22186	807278400	25.5
22186	809956800	20.9
22186	812548800	13.5
22186	815227200	8.7
22186	817819200	4.1
22186	820497600	3.6
22186	823176000	7.7
22186	825681600	8
22186	828360000	13.4
22186	830952000	19.8
22186	833630400	24.2
22186	836222400	25.9
22186	838900800	24.3
22186	841579200	18.2
22186	844171200	12.9
22186	846849600	7.3
22186	849441600	2.4
22186	852120000	1.1
22186	854798400	4.8
22186	857217600	9.9
22186	859896000	11.2
22186	862488000	18.4
22186	865166400	21.4
22186	867758400	24.8
22186	870436800	24.1
22186	873115200	21.4
22186	875707200	13
22186	878385600	6.1
22186	880977600	-0.4
22186	883656000	2.7
22186	886334400	4.2
22186	888753600	7.5
22186	891432000	10.7
22186	894024000	16.8
22186	896702400	22
22186	899294400	25.1
22186	901972800	24.5
22186	904651200	22.2
22186	907243200	13.8
22186	909921600	7.5
22186	912513600	3.1
22186	915192000	3.9
22186	917870400	5.8
22186	920289600	10
22186	922968000	11.9
22186	925560000	17.3
22186	928238400	22
22186	930830400	24.9
22186	933508800	23.7
22186	936187200	19.3
22186	938779200	13.3
22186	941457600	7.9
22186	944049600	0.9
22186	946728000	3.5
22186	949406400	6.6
22186	951912000	8.6
22186	954590400	14.2
22186	957182400	19.7
22186	959860800	24.1
22186	962452800	25.6
22186	965131200	24.7
22186	967809600	20.9
22186	970401600	13.1
22186	973080000	3.6
22186	975672000	2.6
22186	978350400	1
22186	981028800	5.5
22186	983448000	8.7
22186	986126400	13.5
22186	988718400	19.4
22186	991396800	23.6
22186	993988800	25.9
22186	996667200	24.1
22186	999345600	20.4
22186	1001937600	14
22186	1004616000	8.6
22186	1007208000	1.3
22186	1009886400	2.2
22186	1012564800	2.9
22186	1014984000	7.8
22186	1017662400	16.1
22186	1020254400	18.7
22186	1022932800	24.6
22186	1025524800	25.1
22186	1028203200	24.2
22186	1030881600	19.9
22186	1033473600	12.7
22186	1036152000	6.2
22186	1038744000	2
22186	1041422400	4.6
22186	1044100800	5
22186	1046520000	8.3
22186	1049198400	12.8
22186	1051790400	18.7
22186	1054468800	22.7
22186	1057060800	27.2
22186	1059739200	25.2
22186	1062417600	20.5
22186	1065009600	15.6
22186	1067688000	7.2
22186	1070280000	2
22186	1072958400	2.8
22186	1075636800	2.8
22186	1078142400	11.5
22186	1080820800	13.1
22186	1083412800	18.4
22186	1086091200	22.5
22186	1088683200	24.5
22186	1091361600	22.9
22186	1094040000	19
22186	1096632000	13.3
22186	1099310400	6.5
22186	1101902400	1.7
22186	1104580800	5
22186	1107259200	6.6
22186	1109678400	8.3
22186	1112356800	12.9
22186	1114948800	18.6
22186	1117627200	22.2
22186	1120219200	26.3
22186	1122897600	24.2
22186	1125576000	21.5
22186	1128168000	14.4
22186	1130846400	7.2
22186	1133438400	2.2
22186	1136116800	2.9
22186	1138795200	5.6
22186	1141214400	8.9
22186	1143892800	15.4
22186	1146484800	20.2
22186	1149163200	24.6
22186	1151755200	26.1
22186	1154433600	23.4
22186	1157112000	17.8
22186	1159704000	12.9
22186	1162382400	8
22186	1164974400	0.7
22186	1167652800	-0.4
22186	1170331200	5
22186	1172750400	9.7
22186	1175428800	12.8
22186	1178020800	18.2
22186	1180699200	23.9
22186	1183291200	25.8
22186	1185969600	25.9
22186	1188648000	21.1
22186	1191240000	13.2
22186	1193918400	8.3
22186	1196510400	2.3
22186	1199188800	0.1
22186	1201867200	4.4
22186	1204372800	8.4
22186	1207051200	12.1
22186	1209643200	17.3
22186	1212321600	24.1
22186	1214913600	25.3
22186	1217592000	24.4
22186	1220270400	20
22186	1222862400	13.6
22186	1225540800	6.9
22186	1228132800	3.6
22186	1230811200	3.4
22186	1233489600	6.2
22186	1235908800	9.7
22186	1238587200	13.2
22186	1241179200	20.2
22186	1243857600	22.9
22186	1246449600	26.4
22186	1249128000	24
22186	1251806400	19.8
22186	1254398400	12.6
22186	1257076800	6.9
22186	1259668800	0.4
22186	1262347200	1.7
22186	1265025600	3.8
22186	1267444800	7.1
22186	1270123200	13.6
22186	1272715200	16.8
22186	1275393600	24.3
22186	1277985600	25.8
22186	1280664000	24.4
22186	1283342400	21.7
22186	1285934400	14.7
22186	1288612800	5.6
22186	1291204800	4.1
22186	1293883200	0.6
22186	1296561600	1.7
22186	1298980800	10.4
22186	1301659200	14.2
22186	1304251200	15.6
22186	1306929600	23.2
22186	1309521600	26.7
22186	1312200000	26.2
22186	1314878400	20.7
22186	1317470400	13.6
22186	1320148800	6.4
22186	1322740800	0.1
22186	1325419200	3.5
22186	1328097600	5
22186	1330603200	9.2
22186	1333281600	15.3
22186	1335873600	19.2
22186	1338552000	24.7
22186	1341144000	26.1
22186	1343822400	25.3
22186	1346500800	20.6
22186	1349092800	14.4
22186	1351771200	7.1
22186	1354363200	2.1
22186	1357041600	-0.6
22186	1359720000	2.6
22186	1362139200	9.3
22186	1364817600	13.8
22186	1367409600	18.7
22186	1370088000	25.3
22186	1372680000	25.5
22186	1375358400	24.3
22186	1378036800	20.7
22186	1380628800	11.9
22186	1383307200	6.2
22186	1385899200	1.1
22186	1388577600	2
22186	1391256000	7.3
22186	1393675200	8.3
22187	-2458728000	9.4
22187	-2456222400	11.9
22188	-2429784000	3.8
22188	-2427105600	2.5
22188	-2424686400	3.7
22188	-2422008000	9.4
22189	-1861876800	4.6
22189	-1859198400	2.3
22189	-1856779200	8.7
22189	-1854100800	10.2
22189	-1851508800	14.1
22189	-1848830400	18.3
22189	-1846238400	18.3
22189	-1843560000	19.4
22189	-1840881600	17.1
22189	-1838289600	10.3
22189	-1835611200	3.8
22189	-1833019200	-1.8
22189	-1830340800	1.3
22189	-1827662400	1
22189	-1825156800	5.2
22189	-1822478400	7
22189	-1819886400	13.8
22189	-1817208000	17
22189	-1814616000	19
22189	-1811937600	18.1
22189	-1809259200	13.9
22189	-1806667200	9.7
22189	-1803988800	5.2
22189	-1801396800	-0.9
22189	-1798718400	-0.7
22189	-1796040000	1.2
22189	-1793620800	3.6
22189	-1790942400	8.1
22189	-1788350400	13.2
22189	-1785672000	15.7
22189	-1783080000	18.8
22189	-1780401600	17.8
22189	-1777723200	13.4
22189	-1775131200	9.9
22189	-1772452800	6.4
22189	-1769860800	-1.8
22189	-1767182400	3
22189	-1764504000	1.9
22189	-1762084800	4.1
22189	-1759406400	9.3
22189	-1756814400	13.1
22189	-1754136000	17.1
22189	-1751544000	17.3
22189	-1748865600	18.3
22189	-1746187200	15.6
22189	-1743595200	9.7
22189	-1740916800	6.2
22189	-1738324800	-0.4
22189	-1735646400	-1.1
22189	-1732968000	1.2
22189	-1730548800	2.2
22189	-1727870400	8.3
22189	-1725278400	11.9
22189	-1722600000	18.2
22189	-1720008000	19.1
22189	-1717329600	17.8
22189	-1714651200	15.5
22189	-1712059200	10.6
22189	-1709380800	5.7
22189	-1706788800	1.6
22189	-1704110400	3.9
22189	-1701432000	4.6
22189	-1698926400	8.2
22189	-1696248000	8.2
22189	-1693656000	12.9
22189	-1690977600	18.4
22189	-1688385600	19
22189	-1685707200	17.2
22189	-1683028800	16.2
22189	-1680436800	10.9
22189	-1677758400	4.3
22189	-1675166400	0.8
22189	-1672488000	0.6
22189	-1669809600	2.2
22189	-1667390400	3.8
22189	-1664712000	8.7
22189	-1662120000	9.4
22189	-1659441600	17.1
22189	-1656849600	20.1
22189	-1654171200	17.2
22189	-1651492800	14.4
22189	-1648900800	9.9
22189	-1646222400	5.4
22189	-1643630400	3.3
22189	-1640952000	-1.2
22189	-1638273600	5.1
22189	-1635854400	8.1
22189	-1633176000	8.7
22189	-1630584000	13.3
22189	-1627905600	19.5
22189	-1625313600	19.6
22189	-1622635200	17.8
22189	-1619956800	16.2
22189	-1617364800	11.4
22189	-1614686400	2.8
22189	-1612094400	-0.6
22189	-1609416000	-1.1
22189	-1606737600	1.2
22189	-1604318400	5.2
22189	-1601640000	9.8
22189	-1599048000	13.6
22189	-1596369600	16.7
22189	-1593777600	18.1
22189	-1591099200	19.2
22189	-1588420800	15.9
22189	-1585828800	11.3
22189	-1583150400	5.9
22189	-1580558400	3.9
22189	-1577880000	2.9
22189	-1575201600	4.9
22189	-1572696000	5.2
22189	-1570017600	7.8
22189	-1567425600	14.7
22189	-1564747200	17.4
22189	-1562155200	19.1
22189	-1559476800	18
22189	-1556798400	16.4
22189	-1554206400	10.2
22189	-1551528000	5.3
22189	-1548936000	0.8
22189	-1546257600	1.9
22189	-1543579200	2.1
22189	-1541160000	6.4
22189	-1538481600	7.8
22189	-1535889600	13.9
22189	-1533211200	17.3
22189	-1530619200	18.7
22189	-1527940800	17.8
22189	-1525262400	16.7
22189	-1522670400	12.6
22189	-1519992000	5.2
22189	-1517400000	2.9
22189	-1514721600	0.9
22189	-1512043200	3.1
22189	-1509624000	4.9
22189	-1506945600	8.8
22189	-1504353600	14.6
22189	-1501675200	18.7
22189	-1499083200	20.1
22189	-1496404800	20.1
22189	-1493726400	16.8
22189	-1491134400	11.3
22189	-1488456000	4.2
22189	-1485864000	3.1
22189	-1483185600	3.7
22189	-1480507200	1.6
22189	-1478088000	3.3
22189	-1475409600	8.9
22189	-1472817600	14.6
22189	-1470139200	18.7
22189	-1467547200	19.3
22189	-1464868800	18.3
22189	-1462190400	13.9
22189	-1459598400	10.4
22189	-1456920000	3.1
22189	-1454328000	-2.7
22189	-1451649600	-1.4
22189	-1448971200	3.5
22189	-1446465600	2.6
22189	-1443787200	8.2
22189	-1441195200	14.6
22189	-1438516800	19.4
22189	-1435924800	18.8
22189	-1433246400	18.8
22189	-1430568000	16.5
22189	-1427976000	10.8
22189	-1425297600	6.7
22189	-1422705600	-0.2
22189	-1420027200	-1.4
22189	-1417348800	4.1
22189	-1414929600	9.4
22189	-1412251200	14.1
22189	-1409659200	13.8
22189	-1406980800	18.2
22189	-1404388800	18.7
22189	-1401710400	17
22189	-1399032000	15.9
22189	-1396440000	11
22189	-1393761600	4.2
22189	-1391169600	-0.4
22189	-1388491200	-1.8
22189	-1385812800	4.9
22189	-1383393600	6.7
22189	-1380715200	10.2
22189	-1378123200	14.1
22189	-1375444800	18.7
22189	-1372852800	18.9
22189	-1370174400	18.1
22189	-1367496000	16.4
22189	-1364904000	12.4
22189	-1362225600	7.4
22189	-1359633600	2.7
22189	-1356955200	5.8
22189	-1354276800	4
22189	-1351857600	8.1
22189	-1349179200	10.1
22189	-1346587200	14.1
22189	-1343908800	15
22189	-1341316800	18.1
22189	-1338638400	18.8
22189	-1335960000	13.6
22189	-1333368000	10.6
22189	-1330689600	9.2
22189	-1328097600	-1.9
22189	-1325419200	-0.3
22189	-1322740800	-0.9
22189	-1320235200	7
22189	-1317556800	9.7
22189	-1314964800	13.8
22189	-1312286400	18.1
22189	-1309694400	20.1
22189	-1307016000	17.8
22189	-1304337600	14.7
22189	-1301745600	11.8
22189	-1299067200	3.8
22189	-1296475200	0.7
22189	-1293796800	0.4
22189	-1291118400	-0.6
22189	-1288699200	4.2
22189	-1286020800	9.9
22189	-1283428800	12.9
22189	-1280750400	18.3
22189	-1278158400	19.2
22189	-1275480000	17.9
22189	-1272801600	16.6
22189	-1270209600	10.3
22189	-1267531200	3.1
22189	-1264939200	1.8
22189	-1262260800	-0.9
22189	-1259582400	3.8
22189	-1257163200	3.2
22189	-1254484800	10.9
22189	-1251892800	12
22189	-1249214400	18.1
22189	-1246622400	18.9
22189	-1243944000	18.6
22189	-1241265600	16.6
22189	-1238673600	10.8
22189	-1235995200	2.8
22189	-1233403200	-1.2
22189	-1230724800	-0.3
22189	-1228046400	2.7
22189	-1225627200	3.3
22189	-1222948800	8.6
22189	-1220356800	12.2
22189	-1217678400	18.4
22189	-1215086400	20
22189	-1212408000	17.3
22189	-1209729600	17.7
22189	-1207137600	12.6
22189	-1204459200	6.3
22189	-1201867200	-1.7
22189	-1199188800	-1
22189	-1196510400	5.6
22189	-1194004800	3.8
22189	-1191326400	9.1
22189	-1188734400	12.7
22189	-1186056000	19.2
22189	-1183464000	19.4
22189	-1180785600	19.4
22189	-1178107200	14.8
22189	-1175515200	9.8
22189	-1172836800	4.8
22189	-1170244800	-0.3
22189	-1167566400	0.3
22189	-1164888000	0.4
22189	-1162468800	5.8
22189	-1159790400	7.1
22189	-1157198400	13.2
22189	-1154520000	17.9
22189	-1151928000	20.4
22189	-1149249600	15.9
22189	-1146571200	17
22189	-1143979200	12
22189	-1141300800	8.2
22189	-1138708800	4
22189	-1136030400	-0.1
22189	-1133352000	4.6
22189	-1130932800	6.7
22189	-1128254400	13.9
22189	-1125662400	17.1
22189	-1122984000	18.2
22189	-1120392000	20.3
22189	-1117713600	19.8
22189	-1115035200	15.4
22190	-2429784000	4.6
22190	-2427105600	4.1
22190	-2424686400	5.7
22190	-2422008000	12.9
22191	-2461406400	5.3
22191	-2458728000	9.3
22191	-2456222400	11.5
22191	-2453544000	14.6
22191	-2450952000	20.5
22191	-2448273600	24.3
22191	-2445681600	26.4
22191	-2443003200	25.8
22191	-2440324800	22.3
22191	-2437732800	15.4
22191	-2435054400	10.2
22191	-2432462400	5.5
22191	-2429784000	8.7
22191	-2427105600	8.2
22192	-2492942400	0.1
22192	-2490264000	2.7
22192	-2487844800	5.8
22192	-2485166400	10.4
22192	-2482574400	14.2
22192	-2479896000	18.1
22192	-2477304000	22.5
22192	-2474625600	21.3
22192	-2471947200	18.3
22192	-2469355200	13.3
22192	-2466676800	8.7
22192	-2464084800	0.2
22192	-2461406400	2.3
22192	-2458728000	5
22192	-2456222400	6.6
22192	-2453544000	9.9
22192	-2450952000	14.8
22192	-2448273600	21.3
22192	-2445681600	24.4
22192	-2443003200	21.7
22192	-2440324800	19.2
22192	-2437732800	11.7
22192	-2435054400	6.5
22192	-2432462400	1.7
22193	-2366712000	-0.9
22193	-2364033600	-0.2
22193	-2361614400	3.7
22193	-2358936000	8.3
22193	-2356344000	12.5
22193	-2353665600	15.3
22193	-2351073600	18.4
22193	-2348395200	18.1
22193	-2345716800	15.2
22193	-2343124800	7.8
22193	-2340446400	0.5
22193	-2337854400	-2.5
22193	-2335176000	0.3
22193	-2332497600	-0.7
22193	-2329992000	4.1
22193	-2327313600	6.1
22193	-2324721600	12.1
22193	-2322043200	17.4
22193	-2319451200	18.1
22193	-2316772800	17.4
22193	-2314094400	14.1
22193	-2311502400	6.5
22193	-2308824000	3.6
22193	-2306232000	-0.4
22194	-2892801600	22.5
22194	-2890123200	27.4
22194	-2887531200	28.3
22194	-2884852800	28.1
22194	-2882174400	24.3
22194	-2879582400	20.1
22194	-2876904000	13.8
22194	-2874312000	8.5
22194	-2871633600	11.2
22194	-2868955200	13.4
22194	-2866536000	17.2
22194	-2863857600	16.3
22194	-2861265600	23.2
22195	-2429784000	7.8
22195	-2427105600	7.1
22196	-2427105600	8.7
22196	-2424686400	11.3
22196	-2422008000	16.7
22196	-2419416000	18.9
22196	-2416737600	27
22196	-2414145600	26
22196	-2411467200	24.4
22196	-2408788800	22.2
22196	-2406196800	15.6
22196	-2403518400	9.9
22196	-2400926400	7.5
22196	-2398248000	4.5
22196	-2395569600	5.8
22196	-2393150400	10.7
22196	-2390472000	17.4
22196	-2387880000	22
22196	-2385201600	24.8
22196	-2382609600	26.2
22196	-2379931200	25.6
22196	-2377252800	22.1
22197	-2085480000	6.9
22197	-2082801600	4.3
22197	-2080123200	10.8
22197	-2077617600	14.4
22197	-2074939200	16.8
22197	-2072347200	20.9
22197	-2069668800	25.7
22197	-2067076800	26.8
22197	-2064398400	26
22197	-2061720000	22.8
22197	-2059128000	17.9
22197	-2056449600	11.1
22197	-2053857600	7.7
22197	-2051179200	9.3
22197	-2048500800	10.1
22197	-2046081600	12.8
22197	-2043403200	14.6
22197	-2040811200	19.1
22197	-2038132800	25.9
22197	-2035540800	27.7
22197	-2032862400	27
22197	-2030184000	24.6
22197	-2027592000	18.8
22197	-2024913600	12.1
22197	-2022321600	6.1
22197	-2019643200	5.9
22197	-2016964800	11.5
22197	-2014545600	12.7
22197	-2011867200	16.8
22197	-2009275200	20.3
22197	-2006596800	25.3
22197	-2004004800	26.8
22197	-2001326400	24.4
22197	-1998648000	23.4
22197	-1996056000	17.3
22197	-1993377600	12.4
22197	-1990785600	9.8
22197	-1988107200	9.5
22197	-1985428800	11.8
22197	-1983009600	13.8
22197	-1980331200	16.7
22197	-1977739200	18.3
22197	-1975060800	23.8
22197	-1972468800	26.7
22197	-1969790400	26.6
22197	-1967112000	23.6
22197	-1964520000	18.2
22197	-1961841600	10.3
22197	-1959249600	8.3
22197	-1956571200	7.1
22197	-1953892800	9
22197	-1951387200	13.9
22197	-1948708800	16.3
22197	-1946116800	17.7
22197	-1943438400	23.9
22197	-1940846400	25.2
22197	-1938168000	24.3
22197	-1935489600	22.5
22197	-1932897600	16.2
22197	-1930219200	11
22197	-1927627200	7.2
22197	-1924948800	10.4
22197	-1922270400	8.5
22197	-1919851200	9.8
22197	-1917172800	15.6
22197	-1914580800	18.1
22197	-1911902400	24.2
22197	-1909310400	27
22197	-1906632000	25.8
22197	-1903953600	23.7
22197	-1901361600	17.4
22197	-1898683200	12
22197	-1896091200	7.1
22197	-1893412800	8.8
22197	-1890734400	9.7
22197	-1888315200	15.9
22197	-1885636800	17.3
22197	-1883044800	22.2
22197	-1880366400	25.8
22197	-1877774400	27.3
22197	-1875096000	26.3
22197	-1872417600	24.4
22197	-1869825600	18.1
22197	-1867147200	12.2
22197	-1864555200	8.7
22197	-1861876800	10.2
22197	-1859198400	7.9
22197	-1856779200	15.6
22197	-1854100800	16.3
22197	-1851508800	20.6
22197	-1848830400	25
22197	-1846238400	25.3
22197	-1843560000	26.6
22197	-1840881600	24.8
22197	-1838289600	17.6
22197	-1835611200	12.1
22197	-1833019200	5.4
22197	-1830340800	8.8
22197	-1827662400	9.2
22197	-1825156800	12.4
22197	-1822478400	13.9
22197	-1819886400	19.8
22197	-1817208000	24.4
22197	-1814616000	25.2
22197	-1811937600	25.6
22197	-1809259200	23.2
22197	-1806667200	17.3
22197	-1803988800	9.8
22197	-1801396800	4.8
22197	-1798718400	6.1
22197	-1796040000	8.3
22197	-1793620800	11.5
22197	-1790942400	16.3
22197	-1788350400	19.6
22197	-1785672000	24.7
22197	-1783080000	27.8
22197	-1780401600	23.7
22197	-1777723200	19.9
22197	-1775131200	18.1
22197	-1772452800	13.5
22197	-1769860800	7.4
22197	-1767182400	9.9
22197	-1764504000	10.3
22197	-1762084800	13.6
22197	-1759406400	16.6
22197	-1756814400	19.6
22197	-1754136000	23.9
22198	-2427105600	9.6
22198	-2424686400	11.5
22199	-2387880000	18.1
22199	-2385201600	18.9
22199	-2382609600	24
22199	-2379931200	22.8
22199	-2377252800	18
22199	-2374660800	14.1
22199	-2371982400	7.5
22199	-2369390400	4.5
22199	-2366712000	1.9
22199	-2364033600	3.1
22199	-2361614400	7.5
22199	-2358936000	12.1
22199	-2356344000	17.2
22199	-2353665600	19.6
22199	-2351073600	23.5
22199	-2348395200	23
22199	-2345716800	18.9
22199	-2343124800	12.6
22199	-2340446400	3.5
22199	-2337854400	-1.3
22199	-2335176000	2.3
22199	-2332497600	2.9
22199	-2329992000	8.3
22199	-2327313600	10.6
22199	-2324721600	16.9
22199	-2322043200	22.3
22199	-2319451200	23.9
22199	-2316772800	22.3
22199	-2314094400	18.6
22199	-2311502400	12.1
22199	-2308824000	5.9
22199	-2306232000	2.1
22199	-2303553600	0.2
22199	-2300875200	2.4
22199	-2298456000	4.8
22199	-2295777600	11.9
22199	-2293185600	18
22199	-2290507200	19.7
22199	-2287915200	22.7
22199	-2285236800	22.5
22199	-2282558400	19.5
22199	-2279966400	12
22199	-2277288000	7.1
22199	-2274696000	0.3
22199	-2272017600	-2.7
22199	-2269339200	3.6
22199	-2266920000	4.5
22199	-2264241600	13.1
22199	-2261649600	15.8
22199	-2258971200	21.9
22199	-2256379200	24.1
22199	-2253700800	22.3
22199	-2251022400	19.5
22199	-2248430400	12.6
22199	-2245752000	4.9
22199	-2243160000	-5
22199	-2240481600	-3.7
22199	-2237803200	1.5
22199	-2235384000	6.6
22199	-2232705600	11.4
22199	-2230113600	13.1
22199	-2227435200	20.9
22199	-2224843200	23.2
22199	-2222164800	22.5
22199	-2219486400	19.7
22199	-2216894400	11.4
22199	-2214216000	6.1
22199	-2211624000	1.4
22199	-2208945600	3
22199	-2206267200	3
22199	-2203848000	9.1
22199	-2201169600	9
22199	-2198577600	16.6
22199	-2195899200	21.9
22199	-2193307200	23.3
22199	-2190628800	21.3
22199	-2187950400	16.9
22199	-2185358400	11.9
22199	-2182680000	6
22199	-2180088000	1.2
22199	-2177409600	1.1
22199	-2174731200	3.9
22199	-2172312000	6.4
22199	-2169633600	9.8
22199	-2167041600	16.7
22199	-2164363200	20.3
22199	-2161771200	24.9
22199	-2159092800	23.2
22199	-2156414400	20
22199	-2153822400	13
22199	-2151144000	7.9
22199	-2148552000	1.1
22199	-2145873600	2.5
22199	-2143195200	4.9
22199	-2140776000	5.7
22199	-2138097600	13.3
22199	-2135505600	16.4
22199	-2132827200	22.2
22199	-2130235200	23.6
22199	-2127556800	22.9
22199	-2124878400	18.6
22199	-2122286400	12.8
22199	-2119608000	5.4
22199	-2117016000	0.6
22199	-2114337600	1.5
22199	-2111659200	-0.5
22199	-2109240000	5.7
22199	-2106561600	10.2
22199	-2103969600	14.5
22199	-2101291200	20.3
22199	-2098699200	24.5
22199	-2096020800	23.1
22199	-2093342400	18.1
22199	-2090750400	12
22199	-2088072000	8
22199	-2085480000	1.3
22199	-2082801600	-1.4
22199	-2080123200	6.7
22199	-2077617600	8.8
22199	-2074939200	12.4
22199	-2072347200	16.2
22199	-2069668800	20.4
22199	-2067076800	23
22199	-2064398400	22.3
22199	-2061720000	18.8
22199	-2059128000	13.3
22199	-2056449600	7.1
22199	-2053857600	4
22199	-2051179200	2.1
22199	-2048500800	4.2
22199	-2046081600	8.1
22199	-2043403200	11.1
22199	-2040811200	15.4
22199	-2038132800	21.1
22199	-2035540800	23
22199	-2032862400	22.8
22199	-2030184000	18.6
22199	-2027592000	12.2
22199	-2024913600	6.8
22199	-2022321600	-2.4
22199	-2019643200	-2.2
22199	-2016964800	5.2
22199	-2014545600	7.6
22199	-2011867200	11.2
22199	-2009275200	16.4
22199	-2006596800	19.7
22199	-2004004800	24
22199	-2001326400	20.9
22199	-1998648000	17.9
22199	-1996056000	12.6
22199	-1993377600	6.5
22199	-1990785600	4
22199	-1988107200	3.2
22199	-1985428800	6.1
22199	-1983009600	8.7
22199	-1980331200	13.1
22199	-1977739200	13.6
22199	-1975060800	17.4
22199	-1972468800	23.3
22199	-1969790400	21
22199	-1967112000	18.1
22199	-1964520000	12.3
22199	-1961841600	4.6
22199	-1959249600	2.4
22199	-1956571200	2.3
22199	-1953892800	2.9
22199	-1951387200	8
22199	-1948708800	10.7
22199	-1946116800	13.6
22199	-1943438400	19.2
22199	-1940846400	24.2
22199	-1938168000	22
22199	-1935489600	18.3
22199	-1932897600	9.9
22199	-1930219200	5.2
22199	-1927627200	2.5
22199	-1924948800	4.6
22199	-1922270400	3.3
22199	-1919851200	4.7
22199	-1917172800	9.7
22199	-1914580800	13.7
22199	-1911902400	20.7
22199	-1909310400	24.6
22199	-1906632000	22.3
22199	-1903953600	17.2
22199	-1901361600	12.3
22199	-1898683200	6.4
22199	-1896091200	-2.2
22199	-1893412800	0.9
22199	-1890734400	3.2
22199	-1888315200	10.1
22199	-1885636800	12
22199	-1883044800	17.1
22199	-1880366400	20.3
22199	-1877774400	24.6
22199	-1875096000	23.7
22199	-1872417600	20.6
22199	-1869825600	12.4
22199	-1867147200	7.2
22199	-1864555200	4.2
22199	-1861876800	4.1
22199	-1859198400	4
22199	-1856779200	10.2
22199	-1854100800	11.9
22199	-1851508800	16.7
22199	-1848830400	20.7
22199	-1846238400	22.6
22199	-1843560000	22.9
22199	-1840881600	20.5
22199	-1838289600	12.5
22199	-1835611200	5
22199	-1833019200	-2.6
22199	-1830340800	0.6
22199	-1827662400	3.4
22199	-1825156800	7.1
22199	-1822478400	9
22199	-1819886400	14.6
22199	-1817208000	20.1
22199	-1814616000	22.4
22199	-1811937600	22
22199	-1809259200	16.2
22199	-1806667200	11.6
22199	-1803988800	4.4
22199	-1801396800	-2.3
22199	-1798718400	-2.5
22199	-1796040000	1
22199	-1793620800	4
22199	-1790942400	8.1
22199	-1788350400	13.9
22199	-1785672000	19.7
22199	-1783080000	23
22199	-1780401600	22.7
22199	-1777723200	15.4
22199	-1775131200	11.9
22199	-1772452800	6.4
22199	-1769860800	-1.9
22199	-1767182400	1
22199	-1764504000	4.4
22199	-1762084800	7.5
22199	-1759406400	12.5
22199	-1756814400	16.6
22199	-1754136000	21.3
22199	-1751544000	22.3
22199	-1748865600	22.5
22199	-1746187200	19
22199	-1743595200	12.4
22199	-1740916800	7.6
22199	-1738324800	0.4
22199	-1735646400	0
22199	-1732968000	2.5
22199	-1730548800	5.1
22199	-1727870400	11.3
22199	-1725278400	13.6
22199	-1722600000	19.1
22199	-1720008000	22.3
22199	-1717329600	21.8
22199	-1714651200	17.8
22199	-1712059200	11.9
22199	-1709380800	5.5
22199	-1706788800	1.8
22199	-1704110400	2
22199	-1701432000	5.6
22199	-1698926400	8.8
22199	-1696248000	11.4
22199	-1693656000	14.7
22199	-1690977600	20.8
22199	-1688385600	22.8
22199	-1685707200	20.5
22199	-1683028800	18.5
22199	-1680436800	11.2
22199	-1677758400	4.3
22199	-1675166400	0
22199	-1672488000	-0.8
22199	-1669809600	2.6
22199	-1667390400	4.6
22199	-1664712000	10.5
22199	-1662120000	12.9
22199	-1659441600	20.8
22199	-1656849600	24.7
22199	-1654171200	22.2
22199	-1651492800	18.5
22199	-1648900800	13.1
22199	-1646222400	7.3
22199	-1643630400	3.6
22199	-1640952000	-2.1
22199	-1638273600	4.2
22199	-1635854400	7.9
22199	-1633176000	11.5
22199	-1630584000	15.2
22199	-1627905600	23.1
22199	-1625313600	22.7
22199	-1622635200	22.3
22199	-1619956800	19.1
22199	-1617364800	13.1
22199	-1614686400	3.9
22199	-1612094400	-1.7
22199	-1609416000	-7.6
22199	-1606737600	0.3
22199	-1604318400	5.4
22199	-1601640000	12.2
22199	-1599048000	16.2
22199	-1596369600	21
22199	-1593777600	21.5
22199	-1591099200	22
22199	-1588420800	18.6
22199	-1585828800	10.7
22199	-1583150400	5
22199	-1580558400	0.9
22199	-1577880000	0.3
22199	-1575201600	5.1
22199	-1572696000	6
22199	-1570017600	8.4
22199	-1567425600	15.1
22199	-1564747200	19.2
22199	-1562155200	22.7
22199	-1559476800	21.2
22199	-1556798400	17.4
22199	-1554206400	10.8
22199	-1551528000	5.1
22199	-1548936000	-0.1
22199	-1546257600	3
22199	-1543579200	3.7
22199	-1541160000	9.7
22199	-1538481600	10.3
22199	-1535889600	14.6
22199	-1533211200	20.3
22199	-1530619200	23.2
22199	-1527940800	22.5
22199	-1525262400	19.6
22199	-1522670400	13.8
22199	-1519992000	6.7
22199	-1517400000	4.1
22199	-1514721600	-0.2
22199	-1512043200	2.8
22199	-1509624000	5.3
22199	-1506945600	8.7
22199	-1504353600	15.5
22199	-1501675200	21.8
22199	-1499083200	24.8
22199	-1496404800	23.5
22199	-1493726400	18.4
22199	-1491134400	11.3
22199	-1488456000	3.8
22199	-1485864000	2.7
22199	-1483185600	3
22199	-1480507200	2.5
22199	-1478088000	5.3
22199	-1475409600	10.7
22199	-1472817600	16.5
22199	-1470139200	19.6
22199	-1467547200	23.1
22199	-1464868800	20.4
22199	-1462190400	17.3
22199	-1459598400	10.4
22199	-1456920000	5
22199	-1454328000	-0.3
22199	-1451649600	-1.4
22199	-1448971200	3.9
22199	-1446465600	4
22199	-1443787200	9.2
22199	-1441195200	15.7
22199	-1438516800	21.5
22199	-1435924800	22.5
22199	-1433246400	21.8
22199	-1430568000	17.6
22199	-1427976000	11.8
22199	-1425297600	5.8
22199	-1422705600	-2.1
22199	-1420027200	-2.7
22199	-1417348800	4.6
22199	-1414929600	7.9
22199	-1412251200	13.9
22199	-1409659200	18.7
22199	-1406980800	21.7
22199	-1404388800	24.3
22199	-1401710400	22.1
22199	-1399032000	18.5
22199	-1396440000	13.8
22199	-1393761600	5.7
22199	-1391169600	1.5
22199	-1388491200	0.3
22199	-1385812800	6.2
22199	-1383393600	7.3
22199	-1380715200	11
22199	-1378123200	15.2
22199	-1375444800	19.8
22199	-1372852800	21.6
22199	-1370174400	22
22199	-1367496000	19.2
22199	-1364904000	13.7
22199	-1362225600	6.5
22199	-1359633600	0.1
22199	-1356955200	3.3
22199	-1354276800	6.6
22199	-1351857600	6.6
22199	-1349179200	11.5
22199	-1346587200	16.2
22199	-1343908800	19.4
22199	-1341316800	23
22199	-1338638400	20.7
22199	-1335960000	17.8
22199	-1333368000	12.1
22199	-1330689600	8.1
22199	-1328097600	-0.3
22199	-1325419200	1.4
22199	-1322740800	2.8
22199	-1320235200	8.2
22199	-1317556800	10.3
22199	-1314964800	16.3
22199	-1312286400	19.2
22199	-1309694400	22.4
22199	-1307016000	21.2
22199	-1304337600	19
22199	-1301745600	13.3
22199	-1299067200	5.1
22199	-1296475200	0.4
22199	-1293796800	0.5
22199	-1291118400	1.2
22199	-1288699200	6
22199	-1286020800	9.9
22199	-1283428800	14.4
22199	-1280750400	20
22199	-1278158400	22.4
22199	-1275480000	21.8
22199	-1272801600	18.2
22199	-1270209600	12.1
22199	-1267531200	3.1
22199	-1264939200	2.3
22199	-1262260800	-0.3
22199	-1259582400	5
22199	-1257163200	6.1
22199	-1254484800	12.7
22199	-1251892800	12.8
22199	-1249214400	21.2
22199	-1246622400	22.1
22199	-1243944000	21.6
22199	-1241265600	17.3
22199	-1238673600	11.3
22199	-1235995200	3.2
22199	-1233403200	-2.7
22199	-1230724800	-1.6
22199	-1228046400	3.8
22199	-1225627200	6.5
22199	-1222948800	11.1
22199	-1220356800	15
22199	-1217678400	19.9
22199	-1215086400	23.2
22199	-1212408000	21.5
22199	-1209729600	19
22199	-1207137600	13
22199	-1204459200	2.5
22199	-1201867200	-5.2
22199	-1199188800	-3.6
22199	-1196510400	4
22199	-1194004800	5.6
22199	-1191326400	9.7
22199	-1188734400	14.6
22199	-1186056000	19.6
22199	-1183464000	22.7
22199	-1180785600	22.6
22199	-1178107200	18.2
22199	-1175515200	11.9
22199	-1172836800	5.3
22199	-1170244800	-4.5
22199	-1167566400	-5.4
22199	-1164888000	-1.1
22199	-1162468800	6.4
22199	-1159790400	8.2
22199	-1157198400	12.8
22199	-1154520000	20.7
22199	-1151928000	23.5
22199	-1149249600	21.8
22199	-1146571200	20.5
22199	-1143979200	12.4
22199	-1141300800	5.5
22199	-1138708800	3.1
22199	-1136030400	1.3
22199	-1133352000	5.6
22199	-1130932800	9.3
22199	-1128254400	12.6
22199	-1125662400	18.3
22199	-1122984000	18.4
22199	-1120392000	23.7
22199	-1117713600	22.5
22199	-1115035200	17.2
22199	-1112443200	12.7
22199	-1109764800	6.1
22199	-1107172800	1.4
22199	-1104494400	2.2
22199	-1101816000	3.6
22199	-1099396800	6
22199	-1096718400	10.5
22199	-1094126400	13.2
22199	-1091448000	20.3
22199	-1088856000	23.9
22199	-1086177600	22.1
22199	-1083499200	17.9
22199	-1080907200	10.4
22199	-1078228800	3.9
22199	-1075636800	1.1
22199	-1072958400	1.3
22199	-1070280000	3.2
22199	-1067774400	6.2
22199	-1065096000	11.4
22199	-1062504000	16.2
22199	-1059825600	21.7
22199	-1057233600	22.7
22199	-1054555200	22
22199	-1051876800	18
22199	-1049284800	12.2
22199	-1046606400	4.7
22199	-1044014400	0.8
22199	-1041336000	-9.4
22199	-1038657600	1.7
22199	-1036238400	5.1
22199	-1033560000	11.1
22199	-1030968000	16.2
22199	-1028289600	19.9
22199	-1025697600	23.7
22199	-1023019200	23.4
22199	-1020340800	20.1
22199	-1017748800	12.8
22199	-1015070400	5.5
22199	-1012478400	2.1
22199	-1009800000	1.3
22199	-1007121600	3.5
22199	-1004702400	6.5
22199	-1002024000	10.6
22199	-999432000	14.4
22199	-996753600	19.8
22199	-994161600	22.3
22199	-991483200	22.1
22199	-988804800	18.2
22199	-986212800	11.6
22199	-983534400	1.7
22199	-980942400	1.2
22199	-978264000	-1
22199	-975585600	-2.7
22199	-973166400	7.3
22199	-970488000	12.2
22199	-967896000	16.4
22199	-965217600	20.8
22199	-962625600	23.9
22199	-959947200	22.9
22199	-957268800	19.3
22199	-954676800	11
22199	-951998400	6.1
22199	-949406400	2.6
22199	-946728000	1
22199	-944049600	2.8
22199	-941544000	7.1
22199	-938865600	11
22199	-936273600	16.8
22199	-933595200	21.5
22199	-931003200	22.9
22199	-928324800	21.7
22199	-925646400	18.1
22199	-923054400	12.6
22199	-920376000	4.4
22199	-917784000	2.3
22199	-915105600	1.5
22199	-912427200	4.5
22199	-910008000	5.9
22199	-907329600	7.6
22199	-904737600	15.2
22199	-902059200	17.6
22199	-899467200	22.4
22199	-896788800	21.5
22199	-894110400	17.6
22199	-891518400	11.4
22199	-888840000	5.6
22199	-886248000	2.7
22199	-883569600	0.2
22199	-880891200	1.1
22199	-878472000	4.3
22199	-875793600	10.5
22199	-873201600	14.3
22199	-870523200	19.8
22199	-867931200	23.7
22199	-865252800	22.1
22199	-862574400	18.3
22199	-859982400	12.2
22199	-857304000	7
22199	-854712000	3.1
22199	-852033600	2
22199	-849355200	4.6
22199	-846936000	7.4
22199	-844257600	13.2
22199	-841665600	16.5
22199	-838987200	20
22199	-836395200	23.4
22199	-833716800	22.4
22199	-831038400	18.6
22199	-828446400	12
22199	-825768000	4.3
22199	-823176000	0.7
22199	-820497600	-1.1
22199	-817819200	3.1
22199	-815313600	5.7
22199	-812635200	10.3
22199	-810043200	15.9
22199	-807364800	19.4
22199	-804772800	22.8
22199	-802094400	22.6
22199	-799416000	18.1
22199	-796824000	13.2
22199	-794145600	4.1
22199	-791553600	0.7
22199	-788875200	0
22199	-786196800	4
22199	-783777600	4.2
22199	-781099200	9.6
22199	-778507200	14.7
22199	-775828800	18.1
22199	-773236800	23.4
22199	-770558400	22.9
22199	-767880000	18.6
22199	-765288000	12.5
22199	-762609600	4.3
22199	-760017600	-2.9
22199	-757339200	-2.6
22199	-754660800	2.5
22199	-752241600	6.6
22199	-749563200	13.7
22199	-746971200	14.6
22199	-744292800	21.7
22199	-741700800	23.7
22199	-739022400	22.1
22199	-736344000	19.1
22199	-733752000	10.9
22199	-731073600	4.6
22199	-728481600	3
22199	-725803200	-1.8
22199	-723124800	4.2
22199	-720705600	6.6
22199	-718027200	10
22199	-715435200	16.5
22199	-712756800	18.9
22199	-710164800	23
22199	-707486400	21.2
22199	-704808000	19.9
22199	-702216000	13.1
22199	-699537600	2.6
22199	-696945600	-0.5
22199	-694267200	0.2
22199	-691588800	1.6
22199	-689083200	2.3
22199	-686404800	11.8
22199	-683812800	16.2
22199	-681134400	20.9
22199	-678542400	23.4
22199	-675864000	22.3
22199	-673185600	20
22199	-670593600	12.8
22199	-667915200	2.9
22199	-665323200	2.3
22199	-662644800	-3.2
22199	-659966400	1.5
22199	-657547200	6.1
22199	-654868800	11.5
22199	-652276800	14.7
22199	-649598400	19.7
22199	-647006400	22.2
22199	-644328000	22
22199	-641649600	20.1
22199	-639057600	11.1
22199	-636379200	7.8
22199	-633787200	-1.7
22199	-631108800	1.8
22199	-628430400	4
22199	-626011200	7.3
22199	-623332800	12.1
22199	-620740800	14.2
22199	-618062400	19.4
22199	-615470400	22.2
22199	-612792000	20.7
22199	-610113600	17.3
22199	-607521600	16.1
22199	-604843200	7.3
22199	-602251200	3.6
22199	-599572800	1.4
22199	-596894400	3
22199	-594475200	5.4
22199	-591796800	10.6
22199	-589204800	15.9
22199	-586526400	19.2
22199	-583934400	24.1
22199	-581256000	22.3
22199	-578577600	18.9
22199	-575985600	11.9
22199	-573307200	4.8
22199	-570715200	0.3
22199	-568036800	3
22199	-565358400	2.2
22199	-562852800	3.6
22199	-560174400	10.9
22199	-557582400	15.1
22199	-554904000	20.1
22199	-552312000	22.2
22199	-549633600	21.3
22199	-546955200	17.6
22199	-544363200	13.5
22199	-541684800	1.5
22199	-539092800	0.3
22199	-536414400	3.5
22199	-533736000	2.2
22199	-531316800	7.4
22199	-528638400	10.8
22199	-526046400	12.9
22199	-523368000	20.2
22199	-520776000	23.3
22199	-518097600	21.4
22199	-515419200	18.8
22199	-512827200	11.6
22199	-510148800	5.6
22199	-507556800	-3.1
22199	-504878400	1.5
22199	-502200000	4.2
22199	-499780800	5.1
22199	-497102400	12.5
22199	-494510400	15.7
22199	-491832000	19.7
22199	-489240000	23
22199	-486561600	20.8
22199	-483883200	18.8
22199	-481291200	13.6
22199	-478612800	6.8
22199	-476020800	-0.5
22199	-473342400	-1.6
22199	-470664000	-1.3
22199	-468244800	5.7
22199	-465566400	9.6
22199	-462974400	14.3
22199	-460296000	19
22199	-457704000	22
22199	-455025600	21.9
22199	-452347200	19.2
22199	-449755200	13.1
22199	-447076800	5.6
22199	-444484800	3.5
22199	-441806400	4.2
22199	-439128000	-1.8
22199	-436622400	7.2
22199	-433944000	9.6
22199	-431352000	16.3
22199	-428673600	21.4
22199	-426081600	22.1
22199	-423403200	20.6
22199	-420724800	19.8
22199	-418132800	12.7
22199	-415454400	1.2
22199	-412862400	-1.1
22199	-410184000	2.8
22199	-407505600	7.1
22199	-405086400	6.7
22199	-402408000	9.5
22199	-399816000	13.7
22199	-397137600	21
22199	-394545600	23
22199	-391867200	21.1
22199	-389188800	18.2
22199	-386596800	11.5
22199	-383918400	4.2
22199	-381326400	2
22199	-378648000	0
22199	-375969600	4.6
22199	-373550400	4.2
22199	-370872000	9.8
22199	-368280000	17
22199	-365601600	22.1
22199	-363009600	23
22199	-360331200	22.7
22199	-357652800	18.2
22199	-355060800	12.3
22199	-352382400	4.5
22199	-349790400	2.6
22199	-347112000	1
22199	-344433600	2.9
22199	-342014400	4.9
22199	-339336000	13
22199	-336744000	14.8
22199	-334065600	21.5
22199	-331473600	23.1
22199	-328795200	20.9
22199	-326116800	18.8
22199	-323524800	11.7
22199	-320846400	6.2
22199	-318254400	0.6
22199	-315576000	-3.8
22199	-312897600	1.1
22199	-310392000	8.6
22199	-307713600	11.9
22199	-305121600	14.3
22199	-302443200	20.7
22199	-299851200	23.3
22199	-297172800	22.7
22199	-294494400	18.7
22199	-291902400	11
22199	-289224000	5
22199	-286632000	-2.4
22199	-283953600	-0.7
22199	-281275200	3.5
22199	-278856000	6.3
22199	-276177600	10.5
22199	-273585600	15
22199	-270907200	21.4
22199	-268315200	23.3
22199	-265636800	21.8
22199	-262958400	16.6
22199	-260366400	10.9
22199	-257688000	4.3
22199	-255096000	-0.9
22199	-252417600	-1.6
22199	-249739200	3.1
22199	-247320000	3.6
22199	-244641600	12.8
22199	-242049600	14.5
22199	-239371200	19.2
22199	-236779200	22.5
22199	-234100800	22.6
22199	-231422400	19
22199	-228830400	12.6
22199	-226152000	7.2
22199	-223560000	0.9
22199	-220881600	-2.3
22199	-218203200	3.6
22199	-215784000	6.2
22199	-213105600	10.4
22199	-210513600	16.8
22199	-207835200	19.1
22199	-205243200	23.8
22199	-202564800	20.6
22199	-199886400	19.3
22199	-197294400	14
22199	-194616000	5.8
22199	-192024000	-0.7
22199	-189345600	-3.4
22199	-186667200	-0.5
22199	-184161600	3.6
22199	-181483200	8.9
22199	-178891200	15.3
22199	-176212800	18.9
22199	-173620800	23.2
22199	-170942400	20.8
22199	-168264000	17.7
22199	-165672000	13.8
22199	-162993600	3.6
22199	-160401600	0.3
22199	-157723200	1.8
22199	-155044800	1.2
22199	-152625600	4.4
22199	-149947200	10.2
22199	-147355200	13.2
22199	-144676800	17.7
22199	-142084800	21.4
22199	-139406400	21.4
22199	-136728000	16.4
22199	-134136000	12.7
22199	-131457600	7
22199	-128865600	1.7
22199	-126187200	-1.2
22199	-123508800	0.7
22199	-121089600	7.7
22199	-118411200	11.2
22199	-115819200	17
22199	-113140800	19.7
22199	-110548800	23.4
22199	-107870400	21.7
22199	-105192000	18.1
22199	-102600000	12.1
22199	-99921600	7.8
22199	-97329600	0.1
22199	-94651200	-0.4
22199	-91972800	3.3
22199	-89553600	8.3
22199	-86875200	9.6
22199	-84283200	14.2
22199	-81604800	18.6
22199	-79012800	22.9
22199	-76334400	21
22199	-73656000	17.7
22199	-71064000	12.4
22199	-68385600	7.5
22199	-65793600	-3.6
22199	-63115200	-2.9
22199	-60436800	5.2
22199	-57931200	6.1
22199	-55252800	9
22199	-52660800	14
22199	-49982400	19.7
22199	-47390400	22.1
22199	-44712000	19.4
22199	-42033600	16.8
22199	-39441600	11.8
22199	-36763200	4.3
22199	-34171200	-1.6
22199	-31492800	3.1
22199	-28814400	2.8
22199	-26395200	3.8
22199	-23716800	11.1
22199	-21124800	15.9
22199	-18446400	19.2
22199	-15854400	23.2
22199	-13176000	23.1
22199	-10497600	18.8
22199	-7905600	10.5
22199	-5227200	4.5
22199	-2635200	3.3
22199	43200	0.5
22199	2721600	5
22199	5140800	4.7
22199	7819200	7.6
22199	10411200	15.7
22199	13089600	19.7
22199	15681600	23.6
22199	18360000	23
22199	21038400	16.9
22199	23630400	9.4
22199	26308800	5.8
22199	28900800	1
22199	31579200	-1.9
22199	34257600	2.2
22199	36676800	7.1
22199	39355200	9.3
22199	41947200	13.8
22199	44625600	20
22199	47217600	23.8
22199	49896000	21.4
22199	52574400	16.6
22199	55166400	8.9
22199	57844800	4.3
22199	60436800	-0.7
22199	63115200	0.4
22199	65793600	3.5
22199	68299200	9.8
22199	70977600	10.3
22199	73569600	14.5
22199	76248000	19.1
22199	78840000	23
22199	81518400	21.1
22199	84196800	17.9
22199	86788800	12.1
22199	89467200	3.1
22199	92059200	-0.9
22199	94737600	-2.8
22199	97416000	2.4
22199	99835200	3.8
22199	102513600	7.5
22199	105105600	14.9
22199	107784000	19.3
22199	110376000	21.8
22199	113054400	21.3
22199	115732800	17.7
22199	118324800	12.2
22199	121003200	5.6
22199	123595200	1.3
22199	126273600	0.1
22199	128952000	0.9
22199	131371200	8.2
22199	134049600	9.7
22199	136641600	16.3
22199	139320000	22.9
22199	141912000	22.1
22199	144590400	21.1
22199	147268800	18.2
22199	149860800	12.5
22199	152539200	4.9
22199	155131200	-1.2
22199	157809600	-0.9
22199	160488000	1.9
22199	162907200	5.2
22199	165585600	7.5
22199	168177600	13.2
22199	170856000	19
22199	173448000	22.4
22199	176126400	21.7
22199	178804800	17.4
22199	181396800	12.1
22199	184075200	4.4
22199	186667200	-0.9
22199	189345600	0
22199	192024000	5.1
22199	194529600	5
22199	197208000	9.9
22199	199800000	15.7
22199	202478400	19.7
22199	205070400	22.2
22199	207748800	20.8
22199	210427200	17.6
22199	213019200	10.4
22199	215697600	4.5
22199	218289600	-0.1
22199	220968000	-1.3
22199	223646400	3.1
22199	226065600	4
22199	228744000	10.2
22199	231336000	13.2
22199	234014400	20.2
22199	236606400	22
22199	239284800	21.7
22199	241963200	18.2
22199	244555200	13.2
22199	247233600	6.3
22199	249825600	4.4
22199	252504000	3
22199	255182400	3.3
22199	257601600	8.6
22199	260280000	11.2
22199	262872000	14.1
22199	265550400	20.7
22199	268142400	22.9
22199	270820800	20.7
22199	273499200	17.5
22199	276091200	13.5
22199	278769600	6.7
22199	281361600	-1.2
22199	284040000	-0.6
22199	286718400	2.6
22199	289137600	5.3
22199	291816000	10.9
22199	294408000	13.9
22199	297086400	19
22199	299678400	23.2
22199	302356800	20.2
22199	305035200	19.3
22199	307627200	13.5
22199	310305600	3.7
22199	312897600	0.7
22199	315576000	1.8
22199	318254400	4.4
22199	320760000	4.8
22199	323438400	9.1
22199	326030400	13
22199	328708800	20.6
22199	331300800	23.4
22199	333979200	22.7
22199	336657600	18.2
22199	339249600	10.7
22199	341928000	5.1
22199	344520000	3.5
22199	347198400	2.8
22199	349876800	3.9
22199	352296000	5.3
22199	354974400	12.2
22199	357566400	15
22199	360244800	22.3
22199	362836800	22.9
22199	365515200	22.3
22199	368193600	18.2
22199	370785600	11.3
22199	373464000	6.8
22199	376056000	2.8
22199	378734400	0.3
22199	381412800	3.7
22199	383832000	7.2
22199	386510400	10.1
22199	389102400	14.4
22199	391780800	19.4
22199	394372800	22.7
22199	397051200	21.9
22199	399729600	18.9
22199	402321600	11.4
22199	4.05e+08	4.7
22199	407592000	0.4
22199	410270400	0.4
22199	412948800	3.7
22199	415368000	6.6
22199	418046400	7.8
22199	420638400	14.5
22199	423316800	19.4
22199	425908800	22.3
22199	428587200	21.3
22199	431265600	20.4
22199	433857600	13.1
22199	436536000	6.5
22199	439128000	3.7
22199	441806400	0.7
22199	444484800	1
22199	446990400	6.6
22199	449668800	11.5
22199	452260800	18.1
22199	454939200	18.7
22199	457531200	21.8
22199	460209600	21.5
22199	462888000	18.6
22199	465480000	9.5
22199	468158400	5.7
22199	470750400	2.8
22199	473428800	0
22199	476107200	1.5
22199	478526400	6.1
22199	481204800	11.9
22199	483796800	15.9
22199	486475200	21.5
22199	489067200	22.7
22199	491745600	22
22199	494424000	15.9
22199	497016000	12.3
22199	499694400	5.4
22199	502286400	0.8
22199	504964800	3.6
22199	507643200	4.9
22199	510062400	8.3
22199	512740800	10.5
22199	515332800	15.8
22199	518011200	20.5
22199	520603200	21.7
22199	523281600	22.3
22199	525960000	15.6
22199	528552000	9.6
22199	531230400	5.3
22199	533822400	1
22199	536500800	-0.5
22199	539179200	2.2
22199	541598400	4.3
22199	544276800	11.5
22199	546868800	14.4
22199	549547200	20.8
22199	552139200	21.7
22199	554817600	20.6
22199	557496000	17.9
22199	560088000	13.9
22199	562766400	4.6
22199	565358400	-0.3
22199	568036800	0.3
22199	570715200	4.4
22199	573220800	6.4
22199	575899200	10.4
22199	578491200	15.1
22199	581169600	20.6
22199	583761600	23.4
22199	586440000	21.3
22199	589118400	16.9
22199	591710400	14.5
22199	594388800	6.6
22199	596980800	-0.6
22199	599659200	-0.4
22199	602337600	3.9
22199	604756800	8.8
22199	607435200	14.1
22199	610027200	17.5
22199	612705600	21.3
22199	615297600	23.6
22199	617976000	21.4
22199	620654400	18.7
22199	623246400	11.7
22199	625924800	5.9
22199	628516800	0.3
22199	631195200	0.2
22199	633873600	1.5
22199	636292800	7.4
22199	638971200	12.3
22199	641563200	15.6
22199	644241600	22.9
22199	646833600	23.2
22199	649512000	21.1
22199	652190400	18.6
22199	654782400	12.1
22199	657460800	5
22199	660052800	-3.6
22199	662731200	0
22199	665409600	4.8
22199	667828800	5
22199	670507200	9.8
22199	673099200	15.1
22199	675777600	19
22199	678369600	22.6
22199	681048000	21.9
22199	683726400	18.6
22199	686318400	13.2
22199	688996800	5
22199	691588800	1.4
22199	694267200	-2.2
22199	696945600	4.1
22199	699451200	6.8
22199	702129600	13.1
22199	704721600	15.8
22199	707400000	19.7
22199	709992000	21.8
22199	712670400	21
22199	715348800	18.5
22199	717940800	13.7
22199	720619200	2.8
22199	723211200	-3
22199	725889600	3.1
22199	728568000	3.8
22199	730987200	7.2
22199	733665600	11.2
22199	736257600	15.9
22199	738936000	20.5
22199	741528000	23
22199	744206400	21.5
22199	746884800	18.3
22199	749476800	11.7
22199	752155200	4.6
22199	754747200	0.9
22199	757425600	1.2
22199	760104000	2.8
22199	762523200	7.9
22199	765201600	11.3
22199	767793600	15.9
22199	770472000	23
22199	773064000	23.8
22199	775742400	23.3
22199	778420800	18.6
22199	781012800	11.2
22199	783691200	4.6
22199	786283200	2.3
22199	788961600	2
22199	791640000	6.4
22199	794059200	7.4
22199	796737600	9
22199	799329600	13.7
22199	802008000	19.1
22199	804600000	23.1
22199	807278400	23.3
22199	809956800	19.2
22199	812548800	12.5
22199	815227200	7.5
22199	817819200	1.1
22199	820497600	2.3
22199	823176000	6.4
22199	825681600	6.9
22199	828360000	11
22199	830952000	18
22199	833630400	22.1
22199	836222400	24.4
22199	838900800	22.7
22199	841579200	16.7
22199	844171200	11.8
22199	846849600	5.6
22199	849441600	2.6
22199	852120000	-0.1
22199	854798400	2.5
22199	857217600	7.9
22199	859896000	9.9
22199	862488000	17.3
22199	865166400	19.3
22199	867758400	22.4
22199	870436800	21
22199	873115200	19.3
22199	875707200	11.3
22199	878385600	5.7
22199	880977600	-1.4
22199	883656000	2
22199	886334400	2.5
22199	888753600	5.9
22199	891432000	7.7
22199	894024000	14.7
22199	896702400	19.4
22199	899294400	23.3
22199	901972800	22.6
22199	904651200	20.5
22199	907243200	12.5
22199	909921600	6.5
22199	912513600	0.9
22199	915192000	2.6
22199	917870400	4.5
22199	920289600	8.5
22199	922968000	8.8
22199	925560000	15.3
22199	928238400	20.5
22199	930830400	21.9
22199	933508800	20.7
22199	936187200	17.8
22199	938779200	13
22199	941457600	8
22199	944049600	-0.4
22199	946728000	2.8
22199	949406400	5
22199	951912000	6.3
22199	954590400	13
22199	957182400	18.7
22199	959860800	21.8
22199	962452800	23.9
22199	965131200	22.3
22199	967809600	20.2
22199	970401600	12.5
22199	973080000	2.1
22199	975672000	1.7
22199	978350400	-0.1
22199	981028800	3.7
22199	983448000	6.8
22199	986126400	11.3
22199	988718400	17.7
22199	991396800	22
22199	993988800	23
22199	996667200	21.5
22199	999345600	20
22199	1001937600	14.4
22199	1004616000	6.8
22199	1007208000	0
22199	1009886400	0.8
22199	1012564800	2.4
22199	1014984000	6.3
22199	1017662400	14.5
22199	1020254400	17.4
22199	1022932800	23
22199	1025524800	24.1
22199	1028203200	23.2
22199	1030881600	18.6
22199	1033473600	12
22199	1036152000	5.9
22199	1038744000	-0.6
22199	1041422400	3.7
22199	1044100800	4.1
22199	1046520000	6.4
22199	1049198400	10
22199	1051790400	16.8
22199	1054468800	21.3
22199	1057060800	26
22199	1059739200	23.2
22199	1062417600	19.7
22199	1065009600	14.9
22199	1067688000	5.5
22199	1070280000	1.9
22199	1072958400	1.4
22199	1075636800	1.2
22199	1078142400	10
22199	1080820800	10
22199	1083412800	16.2
22199	1086091200	20.5
22199	1088683200	23.1
22199	1091361600	21
22199	1094040000	17.6
22199	1096632000	11.6
22199	1099310400	5.3
22199	1101902400	0.7
22199	1104580800	4.2
22199	1107259200	4.6
22199	1109678400	6.3
22199	1112356800	10.7
22199	1114948800	17.5
22199	1117627200	20.4
22199	1120219200	25
22199	1122897600	21.3
22199	1125576000	19.4
22199	1128168000	13.4
22199	1130846400	6.3
22199	1133438400	0.8
22199	1136116800	1.4
22199	1138795200	3.9
22199	1141214400	4.8
22199	1143892800	12
22199	1146484800	17.9
22199	1149163200	23.2
22199	1151755200	24.7
22199	1154433600	21.2
22199	1157112000	16.5
22199	1159704000	11.5
22199	1162382400	6.8
22199	1164974400	0.9
22199	1167652800	-1.2
22199	1170331200	3.8
22199	1172750400	8
22199	1175428800	11.7
22199	1178020800	16.6
22199	1180699200	22.6
22199	1183291200	24.5
22199	1185969600	22.7
22199	1188648000	19.1
22199	1191240000	12.6
22199	1193918400	8.3
22199	1196510400	0.4
22199	1199188800	-0.1
22199	1201867200	2.9
22199	1204372800	6.6
22199	1207051200	9.9
22199	1209643200	14.4
22199	1212321600	21.4
22199	1214913600	23.3
22199	1217592000	22.5
22199	1220270400	18.4
22199	1222862400	12.2
22199	1225540800	6.6
22199	1228132800	1.9
22199	1230811200	2.3
22199	1233489600	5.4
22199	1235908800	7.6
22199	1238587200	10.6
22199	1241179200	18
22199	1243857600	20.2
22199	1246449600	24.6
22199	1249128000	22.4
22199	1251806400	18.3
22199	1254398400	11.4
22199	1257076800	6.2
22199	1259668800	-1.2
22199	1262347200	-0.1
22199	1265025600	2.2
22199	1267444800	5.9
22199	1270123200	10.7
22199	1272715200	15
22199	1275393600	21
22199	1277985600	23.8
22199	1280664000	21.7
22199	1283342400	19.7
22199	1285934400	13.2
22199	1288612800	4.1
22199	1291204800	3.9
22199	1293883200	-1.9
22199	1296561600	1.4
22199	1298980800	8.3
22199	1301659200	11.6
22199	1304251200	14.2
22199	1306929600	21.2
22199	1309521600	23.5
22199	1312200000	23.5
22199	1314878400	19
22199	1317470400	11.9
22199	1320148800	5.5
22199	1322740800	-0.8
22199	1325419200	2.2
22199	1328097600	3.4
22199	1330603200	7.4
22199	1333281600	12.8
22199	1335873600	17.2
22199	1338552000	22.9
22199	1341144000	23.3
22199	1343822400	22.9
22199	1346500800	18.8
22199	1349092800	12.9
22199	1351771200	7.1
22199	1354363200	2.1
22199	1357041600	-2.4
22199	1359720000	1.3
22199	1362139200	8.1
22199	1364817600	11.9
22199	1367409600	16.4
22199	1370088000	22.9
22199	1372680000	23.9
22199	1375358400	21.6
22199	1378036800	18.8
22199	1380628800	10.5
22199	1383307200	6.1
22199	1385899200	0.6
22199	1388577600	2.3
22199	1391256000	6.2
22199	1393675200	7.2
22200	-1830340800	3.9
22200	-1827662400	2.8
22200	-1825156800	5.3
22200	-1822478400	6.2
22200	-1819886400	11.8
22200	-1817208000	14.5
22200	-1814616000	16.1
22200	-1811937600	16.6
22200	-1809259200	13.2
22200	-1806667200	9.6
22200	-1803988800	6.9
22200	-1801396800	0.7
22200	-1798718400	0
22200	-1796040000	2.2
22200	-1793620800	3.8
22200	-1790942400	8
22200	-1788350400	13.1
22200	-1785672000	14.3
22200	-1783080000	15.6
22200	-1780401600	16.3
22200	-1777723200	12.4
22200	-1775131200	9.5
22200	-1772452800	9.2
22200	-1769860800	0
22200	-1767182400	4.9
22200	-1764504000	4.6
22200	-1762084800	5.1
22200	-1759406400	8
22200	-1756814400	12.3
22200	-1754136000	15.8
22200	-1751544000	15.4
22200	-1748865600	16
22200	-1746187200	15.1
22200	-1743595200	9.8
22200	-1740916800	8.4
22200	-1738324800	1.2
22200	-1735646400	0.8
22200	-1732968000	3.5
22200	-1730548800	2.3
22200	-1727870400	7.8
22200	-1725278400	10.7
22200	-1722600000	15.8
22200	-1720008000	16.6
22200	-1717329600	15.4
22200	-1714651200	14.5
22200	-1712059200	10.5
22200	-1709380800	7.8
22200	-1706788800	4.5
22200	-1704110400	3.6
22200	-1701432000	6
22200	-1698926400	9.4
22200	-1696248000	8.7
22200	-1693656000	11.8
22200	-1690977600	17.3
22200	-1688385600	16.2
22200	-1685707200	16.1
22200	-1683028800	16.9
22200	-1680436800	11.5
22200	-1677758400	6
22200	-1675166400	2.6
22200	-1672488000	2.8
22200	-1669809600	3.2
22200	-1667390400	4.1
22200	-1664712000	7.5
22200	-1662120000	8.8
22200	-1659441600	16.6
22200	-1656849600	19.6
22200	-1654171200	17.1
22200	-1651492800	14.6
22200	-1648900800	10.6
22200	-1646222400	8.9
22200	-1643630400	7.7
22200	-1640952000	0.8
22200	-1638273600	5.9
22200	-1635854400	8.6
22200	-1633176000	9.4
22200	-1630584000	13.3
22200	-1627905600	19.3
22200	-1625313600	17.8
22200	-1622635200	16.5
22200	-1619956800	13.9
22200	-1617364800	11
22200	-1614686400	3.7
22200	-1612094400	0.1
22200	-1609416000	-0.3
22200	-1606737600	3
22200	-1604318400	4.9
22200	-1601640000	9.8
22200	-1599048000	11.8
22200	-1596369600	12.9
22200	-1593777600	15.7
22200	-1591099200	17.1
22200	-1588420800	14.7
22200	-1585828800	10.4
22200	-1583150400	6
22200	-1580558400	5.5
22200	-1577880000	3.7
22200	-1575201600	5.6
22200	-1572696000	4.9
22200	-1570017600	6
22200	-1567425600	11.6
22200	-1564747200	15.1
22200	-1562155200	16.1
22200	-1559476800	16.4
22200	-1556798400	14.7
22200	-1554206400	11.1
22200	-1551528000	6.4
22200	-1548936000	2.9
22200	-1546257600	4.6
22200	-1543579200	4.4
22200	-1541160000	7.9
22200	-1538481600	7.3
22200	-1535889600	11.9
22200	-1533211200	13.9
22200	-1530619200	15.3
22200	-1527940800	16
22200	-1525262400	16.5
22200	-1522670400	12.1
22200	-1519992000	9.1
22200	-1517400000	7.7
22200	-1514721600	1.7
22200	-1512043200	3.6
22200	-1509624000	4.6
22200	-1506945600	7.8
22200	-1504353600	12.9
22200	-1501675200	16.1
22200	-1499083200	16.3
22200	-1496404800	17.5
22200	-1493726400	18.1
22200	-1491134400	11
22200	-1488456000	5.1
22200	-1485864000	5.9
22200	-1483185600	5.7
22200	-1480507200	2.8
22200	-1478088000	3.7
22200	-1475409600	8.6
22200	-1472817600	12.9
22200	-1470139200	16.3
22200	-1467547200	16.9
22200	-1464868800	15.7
22200	-1462190400	13.3
22200	-1459598400	8.4
22200	-1456920000	5.4
22200	-1454328000	2
22200	-1451649600	2.4
22200	-1448971200	4.4
22200	-1446465600	2.8
22200	-1443787200	7.8
22200	-1441195200	12.2
22200	-1438516800	18
22200	-1435924800	16.3
22200	-1433246400	17.2
22200	-1430568000	14.7
22200	-1427976000	11.2
22200	-1425297600	8.8
22200	-1422705600	1.3
22200	-1420027200	1.2
22200	-1417348800	5.4
22200	-1414929600	7.2
22200	-1412251200	10.6
22200	-1409659200	13.3
22200	-1406980800	15.7
22200	-1404388800	16.5
22200	-1401710400	15.2
22200	-1399032000	14.2
22200	-1396440000	10.1
22200	-1393761600	6.7
22200	-1391169600	2.4
22200	-1388491200	-1
22200	-1385812800	5.5
22200	-1383393600	3.4
22200	-1380715200	6.2
22200	-1378123200	10.3
22200	-1375444800	13.8
22200	-1372852800	14.5
22200	-1370174400	15.5
22200	-1367496000	15.2
22200	-1364904000	11.7
22200	-1362225600	7
22200	-1359633600	2
22200	-1356955200	5.8
22200	-1354276800	5.3
22200	-1351857600	4.8
22200	-1349179200	8.9
22200	-1346587200	13.1
22200	-1343908800	15.2
22200	-1341316800	16.8
22200	-1338638400	16
22200	-1335960000	13.3
22200	-1333368000	10.5
22200	-1330689600	10.4
22200	-1328097600	7
22200	-1325419200	4.4
22200	-1322740800	3.4
22200	-1320235200	6.4
22200	-1317556800	6.7
22200	-1314964800	11.9
22200	-1312286400	14.6
22200	-1309694400	14.9
22200	-1307016000	14.7
22200	-1304337600	12.2
22200	-1301745600	10.5
22200	-1299067200	5.5
22200	-1296475200	1
22200	-1293796800	2.8
22200	-1291118400	0.1
22200	-1288699200	4.8
22200	-1286020800	8.7
22200	-1283428800	11.8
22200	-1280750400	15.6
22200	-1278158400	16.6
22200	-1275480000	16.1
22200	-1272801600	15
22200	-1270209600	10.8
22200	-1267531200	3.9
22200	-1264939200	3.3
22200	-1262260800	-0.6
22200	-1259582400	6
22200	-1257163200	2.8
22200	-1254484800	9.1
22200	-1251892800	10.2
22200	-1249214400	15.8
22200	-1246622400	15.6
22200	-1243944000	15.6
22200	-1241265600	13.1
22200	-1238673600	10.5
22200	-1235995200	4.9
22200	-1233403200	0.4
22200	-1230724800	0.8
22200	-1228046400	2.4
22200	-1225627200	4.4
22200	-1222948800	8.6
22200	-1220356800	11.7
22200	-1217678400	17.6
22200	-1215086400	17.5
22200	-1212408000	16.2
22200	-1209729600	17.7
22200	-1207137600	13.1
22200	-1204459200	6.9
22200	-1201867200	1.7
22200	-1199188800	0.1
22200	-1196510400	5.2
22200	-1194004800	2.4
22200	-1191326400	7.1
22200	-1188734400	10.6
22200	-1186056000	13.5
22200	-1183464000	15.2
22200	-1180785600	15.7
22200	-1178107200	12.5
22200	-1175515200	9.7
22200	-1172836800	7.5
22200	-1170244800	0.8
22200	-1167566400	3.4
22200	-1164888000	-0.5
22200	-1162468800	5.6
22200	-1159790400	4.8
22200	-1157198400	8.8
22200	-1154520000	13.3
22200	-1151928000	15.9
22200	-1149249600	14.3
22200	-1146571200	14.6
22200	-1143979200	12.1
22200	-1141300800	8.1
22200	-1138708800	6.7
22200	-1136030400	2.4
22200	-1133352000	7.3
22200	-1130932800	7.3
22200	-1128254400	9.4
22200	-1125662400	14.6
22200	-1122984000	17.7
22200	-1120392000	18.9
22200	-1117713600	19
22200	-1115035200	13.1
22200	-1112443200	11.6
22200	-1109764800	8.4
22200	-1107172800	3.6
22200	-1104494400	4.5
22200	-1101816000	1
22200	-1099396800	4.7
22200	-1096718400	7.5
22200	-1094126400	7.4
22200	-1091448000	15.8
22200	-1088856000	15.2
22200	-1086177600	16.5
22200	-1083499200	15.2
22200	-1080907200	13.5
22200	-1078228800	9.6
22200	-1075636800	2.6
22200	-1072958400	4.3
22200	-1070280000	4.5
22200	-1067774400	9.3
22200	-1065096000	11.8
22200	-1062504000	15.5
22200	-1059825600	17.2
22200	-1057233600	16.8
22200	-1054555200	16.7
22200	-1051876800	14.4
22200	-1049284800	9.8
22200	-1046606400	7.3
22200	-1044014400	4.8
22200	-1041336000	1.1
22200	-1038657600	3.2
22200	-1036238400	2.7
22200	-1033560000	8.2
22200	-1030968000	12.6
22200	-1028289600	16.3
22200	-1025697600	18.5
22200	-1023019200	20.4
22200	-1020340800	16.4
22200	-1017748800	10.9
22200	-1015070400	6.7
22200	-1012478400	3.3
22200	-1009800000	3.8
22200	-1007121600	5.3
22200	-1004702400	6.9
22200	-1002024000	9.8
22200	-999432000	13.5
22200	-996753600	17.7
22200	-994161600	14.3
22200	-991483200	16.1
22200	-988804800	13.1
22200	-986212800	10.1
22200	-983534400	5.2
22200	-980942400	4.8
22200	-978264000	1.6
22200	-975585600	-0.9
22200	-973166400	6.3
22200	-970488000	8.7
22200	-967896000	12.4
22200	-965217600	16.4
22200	-962625600	15.8
22200	-959947200	15.4
22200	-957268800	14.4
22200	-954676800	9.8
22200	-951998400	4.9
22200	-949406400	5.1
22200	-946728000	2.2
22200	-944049600	2.4
22200	-941544000	6.7
22200	-938865600	8.7
22200	-936273600	12.7
22200	-933595200	15.2
22200	-931003200	16.6
22200	-928324800	15.6
22200	-925646400	14.5
22200	-923054400	11.2
22200	-920376000	5.2
22200	-917784000	5.1
22200	-915105600	5.7
22200	-912427200	5.6
22200	-910008000	3.8
22200	-907329600	6.2
22200	-904737600	12.5
22200	-902059200	14.5
22200	-899467200	15.4
22200	-896788800	17.5
22200	-894110400	15
22200	-891518400	10.6
22200	-888840000	7
22200	-886248000	5.3
22200	-883569600	4.5
22200	-880891200	2.6
22200	-878472000	4.8
22200	-875793600	10.2
22200	-873201600	12.4
22200	-870523200	15.3
22200	-867931200	18.5
22200	-865252800	16.5
22200	-862574400	13.7
22200	-859982400	9.6
22200	-857304000	7.8
22200	-854712000	6
22200	-852033600	3.8
22200	-849355200	6
22200	-846936000	6.5
22200	-844257600	11.8
22200	-841665600	14.9
22200	-838987200	16.3
22200	-836395200	17.1
22200	-833716800	18
22200	-831038400	14
22200	-828446400	11.1
22200	-825768000	7.1
22200	-823176000	0
22200	-820497600	0.4
22200	-817819200	6.3
22200	-815313600	5.8
22200	-812635200	7.4
22200	-810043200	10.6
22200	-807364800	15
22200	-804772800	17.6
22200	-802094400	17.5
22200	-799416000	14.8
22200	-796824000	11
22200	-794145600	6.8
22200	-791553600	3.5
22200	-788875200	3.3
22200	-786196800	5.1
22200	-783777600	5.7
22200	-781099200	8
22200	-778507200	13.3
22200	-775828800	15.8
22200	-773236800	14.9
22200	-770558400	15.3
22200	-767880000	15
22200	-765288000	11.5
22200	-762609600	11.8
22200	-760017600	2.4
22200	-757339200	-1.4
22200	-754660800	1.5
22200	-752241600	5.1
22200	-749563200	10.1
22200	-746971200	10.7
22200	-744292800	16.7
22200	-741700800	16.3
22200	-739022400	16.4
22200	-736344000	15.3
22200	-733752000	11
22200	-731073600	5.8
22200	-728481600	7
22200	-725803200	2.8
22200	-723124800	4.4
22200	-720705600	4.4
22200	-718027200	8.2
22200	-715435200	13.5
22200	-712756800	15.9
22200	-710164800	17.9
22200	-707486400	18.3
22200	-704808000	17
22200	-702216000	11.4
22200	-699537600	4.5
22200	-696945600	1.7
22200	-694267200	0.8
22200	-691588800	1.9
22200	-689083200	2.2
22200	-686404800	10.8
22200	-683812800	13.1
22200	-681134400	15.5
22200	-678542400	16.7
22200	-675864000	16.9
22200	-673185600	15.1
22200	-670593600	9.3
22200	-667915200	3.4
22200	-665323200	5
22200	-662644800	-2.8
22200	-659966400	2.1
22200	-657547200	5.2
22200	-654868800	7.6
22200	-652276800	12
22200	-649598400	15.6
22200	-647006400	16.3
22200	-644328000	15.1
22200	-641649600	14.6
22200	-639057600	8.9
22200	-636379200	8.7
22200	-633787200	3.5
22200	-631108800	6
22200	-628430400	8
22200	-626011200	7.8
22200	-623332800	10.7
22200	-620740800	12.7
22200	-618062400	17.7
22200	-615470400	16.5
22200	-612792000	16.7
22200	-610113600	14.8
22201	-2019643200	-0.8
22201	-2016964800	3.6
22201	-2014545600	6.9
22201	-2011867200	11.3
22201	-2009275200	16.6
22201	-2006596800	22.5
22201	-2004004800	21
22201	-2001326400	19.4
22201	-1998648000	16.7
22201	-1996056000	11.1
22201	-1993377600	4.8
22201	-1990785600	3.8
22201	-1988107200	3.3
22201	-1985428800	6
22201	-1983009600	8.9
22201	-1980331200	11.1
22201	-1977739200	11.8
22201	-1975060800	17.4
22201	-1972468800	20.9
22201	-1969790400	20.1
22201	-1967112000	16.8
22201	-1964520000	10.7
22201	-1961841600	3.6
22201	-1959249600	2.5
22201	-1956571200	1.8
22201	-1953892800	3.3
22201	-1951387200	8.7
22201	-1948708800	10.4
22201	-1946116800	13.5
22201	-1943438400	19.2
22201	-1940846400	20.3
22201	-1938168000	19.7
22201	-1935489600	15.9
22201	-1932897600	9.3
22201	-1930219200	4
22201	-1927627200	2.1
22201	-1924948800	4.7
22201	-1922270400	3
22201	-1919851200	4.9
22201	-1917172800	10.8
22201	-1914580800	14.5
22201	-1911902400	20.9
22201	-1909310400	22.6
22201	-1906632000	20
22201	-1903953600	16.1
22201	-1901361600	12.3
22201	-1898683200	6.3
22201	-1896091200	-3.3
22201	-1893412800	2
22201	-1890734400	1.9
22201	-1888315200	8.6
22201	-1885636800	10.7
22201	-1883044800	16.2
22201	-1880366400	21.4
22201	-1877774400	22.9
22201	-1875096000	21.5
22201	-1872417600	18.7
22201	-1869825600	11.2
22201	-1867147200	7.4
22201	-1864555200	2.7
22201	-1861876800	5.1
22201	-1859198400	2.3
22201	-1856779200	8
22201	-1854100800	10.4
22201	-1851508800	14.9
22201	-1848830400	19.6
22201	-1846238400	19.7
22201	-1843560000	20.8
22201	-1840881600	18.3
22201	-1838289600	10.4
22201	-1835611200	3.8
22201	-1833019200	-2.9
22201	-1830340800	1.8
22201	-1827662400	2.2
22201	-1825156800	5.8
22201	-1822478400	7.3
22201	-1819886400	15
22201	-1817208000	18.8
22201	-1814616000	21.3
22201	-1811937600	20
22201	-1809259200	15.7
22201	-1806667200	10.1
22201	-1803988800	4.7
22201	-1801396800	-2.6
22201	-1798718400	-1.7
22201	-1796040000	0.9
22201	-1793620800	4.9
22201	-1790942400	9.8
22201	-1788350400	16.5
22201	-1785672000	18.8
22201	-1783080000	22.4
22201	-1780401600	20.2
22201	-1777723200	15.3
22201	-1775131200	11.8
22201	-1772452800	7.3
22201	-1769860800	-1.3
22201	-1767182400	4.3
22201	-1764504000	3.6
22201	-1762084800	7.2
22201	-1759406400	12.1
22201	-1756814400	16.8
22201	-1754136000	22.6
22201	-1751544000	18.7
22201	-1748865600	20.1
22201	-1746187200	17.7
22201	-1743595200	12.2
22201	-1740916800	6.4
22201	-1738324800	-0.9
22201	-1735646400	-0.4
22201	-1732968000	2.8
22201	-1730548800	3.8
22201	-1727870400	9
22201	-1725278400	13.5
22201	-1722600000	23.2
22201	-1720008000	22.7
22201	-1717329600	19.6
22201	-1714651200	17.2
22201	-1712059200	11.7
22201	-1709380800	5.6
22201	-1706788800	2.8
22201	-1704110400	2.6
22201	-1701432000	4.5
22201	-1698926400	8.4
22201	-1696248000	10.3
22201	-1693656000	15.3
22201	-1690977600	21.7
22201	-1688385600	22.1
22201	-1685707200	20
22201	-1683028800	17.8
22201	-1680436800	12.2
22201	-1677758400	4.8
22201	-1675166400	-0.2
22201	-1672488000	0.1
22201	-1669809600	2.2
22201	-1667390400	3.7
22201	-1664712000	9
22201	-1662120000	10.8
22201	-1659441600	19.9
22201	-1656849600	23.4
22201	-1654171200	21.1
22201	-1651492800	17.6
22201	-1648900800	12.2
22201	-1646222400	6.8
22201	-1643630400	4.4
22201	-1640952000	-1.3
22201	-1638273600	4.3
22201	-1635854400	7.3
22201	-1633176000	9.7
22201	-1630584000	14.2
22201	-1627905600	22.2
22201	-1625313600	21.4
22201	-1622635200	20.4
22201	-1619956800	16.9
22201	-1617364800	12.7
22201	-1614686400	4.3
22201	-1612094400	-2.3
22201	-1609416000	-3.8
22201	-1606737600	0.3
22201	-1604318400	5.2
22201	-1601640000	8.8
22201	-1599048000	14.7
22201	-1596369600	18.6
22201	-1593777600	20.3
22201	-1591099200	20.2
22201	-1588420800	17.5
22201	-1585828800	9.8
22201	-1583150400	5.2
22201	-1580558400	2.1
22201	-1577880000	1.8
22201	-1575201600	5.2
22201	-1572696000	5.1
22201	-1570017600	8.1
22201	-1567425600	14.8
22201	-1564747200	18.4
22201	-1562155200	22.5
22201	-1559476800	19.7
22201	-1556798400	16.3
22201	-1554206400	12.1
22201	-1551528000	6.8
22201	-1548936000	2
22201	-1546257600	1.8
22201	-1543579200	1.2
22201	-1541160000	7
22201	-1538481600	7.8
22201	-1535889600	12.3
22201	-1533211200	18
22201	-1530619200	20
22201	-1527940800	18.5
22201	-1525262400	16.3
22201	-1522670400	9.9
22201	-1519992000	2.9
22201	-1517400000	1.2
22201	-1514721600	-2.9
22201	-1512043200	2.6
22201	-1509624000	3.3
22201	-1506945600	7
22201	-1504353600	14.4
22201	-1501675200	20.3
22201	-1499083200	22.7
22201	-1496404800	21.6
22201	-1493726400	17.9
22201	-1491134400	10.3
22201	-1488456000	4
22201	-1485864000	0.2
22201	-1483185600	-2.7
22201	-1480507200	1.9
22201	-1478088000	1.3
22201	-1475409600	8.6
22201	-1472817600	15.9
22201	-1470139200	21.2
22201	-1467547200	23.1
22201	-1464868800	19.5
22201	-1462190400	14.9
22201	-1459598400	9.5
22201	-1456920000	5.6
22201	-1454328000	-0.8
22201	-1451649600	-0.4
22201	-1448971200	3.7
22201	-1446465600	3.9
22201	-1443787200	9.4
22201	-1441195200	14.8
22201	-1438516800	22.2
22201	-1435924800	20.7
22201	-1433246400	20.8
22201	-1430568000	16.6
22201	-1427976000	11.5
22201	-1425297600	7.2
22201	-1422705600	0.4
22201	-1420027200	0.7
22201	-1417348800	5.1
22201	-1414929600	8.4
22201	-1412251200	11.6
22201	-1409659200	16.4
22201	-1406980800	21.1
22201	-1404388800	21.8
22201	-1401710400	19.3
22201	-1399032000	17.6
22201	-1396440000	12.2
22201	-1393761600	4.8
22201	-1391169600	0.3
22201	-1388491200	-2.6
22201	-1385812800	3.8
22201	-1383393600	5.4
22201	-1380715200	9.6
22201	-1378123200	14.7
22201	-1375444800	21
22201	-1372852800	21.5
22201	-1370174400	20.8
22201	-1367496000	18.2
22201	-1364904000	14.1
22201	-1362225600	8.9
22201	-1359633600	0.1
22201	-1356955200	4.7
22201	-1354276800	5.2
22201	-1351857600	6.7
22201	-1349179200	9.1
22201	-1346587200	13.1
22201	-1343908800	17.9
22201	-1341316800	20.7
22201	-1338638400	17.8
22201	-1335960000	14.7
22201	-1333368000	10.4
22201	-1330689600	8.2
22201	-1328097600	-3.2
22201	-1325419200	0.3
22201	-1322740800	0.3
22201	-1320235200	7.9
22201	-1317556800	8.8
22201	-1314964800	13.8
22201	-1312286400	18.3
22201	-1309694400	21.8
22201	-1307016000	18.8
22201	-1304337600	16.3
22201	-1301745600	12.3
22201	-1299067200	4.6
22201	-1296475200	-1.1
22201	-1293796800	1.2
22201	-1291118400	0.4
22201	-1288699200	4.8
22201	-1286020800	8.8
22201	-1283428800	13.9
22201	-1280750400	20.6
22201	-1278158400	21.1
22201	-1275480000	18.3
22201	-1272801600	16.8
22201	-1270209600	11.5
22201	-1267531200	2.5
22201	-1264939200	1.4
22201	-1262260800	-1.1
22201	-1259582400	3.3
22201	-1257163200	2.9
22201	-1254484800	9.6
22201	-1251892800	10.6
22201	-1249214400	19
22201	-1246622400	19.9
22201	-1243944000	20.9
22201	-1241265600	17.3
22201	-1238673600	11
22201	-1235995200	2.8
22201	-1233403200	-1.3
22201	-1230724800	-1.2
22201	-1228046400	2.6
22201	-1225627200	5.8
22201	-1222948800	5.8
22201	-1220356800	15.2
22201	-1217678400	21
22201	-1215086400	22.3
22201	-1212408000	20
22201	-1209729600	18.1
22201	-1207137600	10.3
22201	-1204459200	1.8
22201	-1201867200	-3.8
22201	-1199188800	-3.3
22201	-1196510400	4.1
22201	-1194004800	1.6
22201	-1191326400	10.7
22201	-1188734400	15.2
22201	-1186056000	19.9
22201	-1183464000	22.5
22201	-1180785600	21.9
22201	-1178107200	16.9
22201	-1175515200	10.7
22201	-1172836800	5.4
22201	-1170244800	-1.7
22201	-1167566400	-0.7
22201	-1164888000	0.3
22201	-1162468800	7.2
22201	-1159790400	8.1
22201	-1157198400	13.3
22201	-1154520000	20.6
22201	-1151928000	22.2
22201	-1149249600	20.2
22201	-1146571200	19.1
22201	-1143979200	12.9
22201	-1141300800	6.2
22201	-1138708800	2.8
22201	-1136030400	-0.4
22201	-1133352000	5.4
22201	-1130932800	8.9
22201	-1128254400	12.6
22201	-1125662400	17.2
22201	-1122984000	18.9
22201	-1120392000	23
22201	-1117713600	21
22201	-1115035200	17.7
22201	-1112443200	12.6
22201	-1109764800	4.7
22201	-1107172800	1.4
22201	-1104494400	1.4
22201	-1101816000	4
22201	-1099396800	8.8
22201	-1096718400	12.3
22201	-1094126400	13.8
22201	-1091448000	21.8
22201	-1088856000	23.7
22201	-1086177600	20.9
22201	-1083499200	17.7
22201	-1080907200	14.8
22201	-1078228800	8.2
22201	-1075636800	0
22201	-1072958400	-0.3
22201	-1070280000	4
22201	-1067774400	7.7
22201	-1065096000	12.7
22201	-1062504000	17.3
22201	-1059825600	23
22201	-1057233600	22.4
22201	-1054555200	22.7
22201	-1051876800	17.7
22201	-1049284800	11.4
22201	-1046606400	6
22201	-1044014400	4.4
22201	-1041336000	-4.1
22201	-1038657600	3.9
22201	-1036238400	4.1
22201	-1033560000	11.7
22201	-1030968000	16
22201	-1028289600	20.2
22201	-1025697600	21.6
22201	-1023019200	21.2
22201	-1020340800	16.3
22201	-1017748800	10.9
22201	-1015070400	4.9
22201	-1012478400	1.4
22201	-1009800000	0.3
22201	-1007121600	2.3
22201	-1004702400	3.6
22201	-1002024000	8.1
22201	-999432000	12.4
22201	-996753600	20
22201	-994161600	20.1
22201	-991483200	20.8
22201	-988804800	15.2
22201	-986212800	11.2
22201	-983534400	1.4
22201	-980942400	1.2
22201	-978264000	-0.8
22201	-975585600	0
22201	-973166400	5.1
22201	-970488000	10.1
22201	-967896000	15.1
22201	-965217600	24.2
22201	-962625600	23.3
22201	-959947200	22
22201	-957268800	19.2
22201	-954676800	11.9
22201	-951998400	5.4
22201	-949406400	4.7
22201	-946728000	2.6
22201	-944049600	4.2
22201	-941544000	8.1
22201	-938865600	10.7
22201	-936273600	15.3
22201	-933595200	21.3
22201	-931003200	22.9
22201	-928324800	21
22201	-925646400	19.2
22201	-923054400	15
22201	-920376000	7.1
22201	-917784000	5.8
22201	-915105600	2.2
22201	-912427200	5.6
22201	-910008000	6.2
22201	-907329600	8.6
22201	-904737600	17.7
22201	-902059200	19.4
22201	-899467200	21.4
22201	-896788800	20.9
22201	-894110400	19.4
22201	-891518400	13.1
22201	-888840000	6.6
22201	-886248000	2.1
22201	-883569600	3.1
22201	-880891200	1.2
22201	-878472000	5.4
22201	-875793600	10.6
22201	-873201600	15
22201	-870523200	21.1
22201	-867931200	21.7
22201	-865252800	20.6
22201	-862574400	17.2
22201	-859982400	11.9
22201	-857304000	8.1
22201	-854712000	4.3
22201	-852033600	2.8
22201	-849355200	5.1
22201	-846936000	6.9
22201	-844257600	12.8
22201	-841665600	16.4
22201	-838987200	20.3
22201	-836395200	21.8
22201	-833716800	22
22201	-831038400	17.7
22201	-828446400	11.4
22201	-825768000	5.1
22201	-823176000	-0.1
22201	-820497600	-1.2
22201	-817819200	3.1
22201	-815313600	5.9
22201	-812635200	9.1
22201	-810043200	15
22201	-807364800	19.9
22201	-804772800	21.6
22201	-802094400	21.5
22201	-799416000	17.6
22201	-796824000	12.3
22201	-794145600	4.4
22201	-791553600	1.8
22201	-788875200	1.6
22201	-786196800	5.6
22201	-783777600	5.3
22201	-781099200	9.7
22201	-778507200	16.7
22201	-775828800	19.2
22201	-773236800	21.9
22201	-770558400	21.3
22201	-767880000	18.7
22201	-765288000	12.8
22201	-762609600	6.7
22201	-760017600	0.9
22201	-757339200	-1.4
22201	-754660800	3
22201	-752241600	7.1
22201	-749563200	13.8
22201	-746971200	14.6
22201	-744292800	21.8
22201	-741700800	21.6
22201	-739022400	18.9
22201	-736344000	18.8
22201	-733752000	11.2
22201	-731073600	3.8
22201	-728481600	4
22201	-725803200	-0.8
22201	-723124800	4.3
22201	-720705600	6.7
22201	-718027200	10.3
22201	-715435200	16.4
22201	-712756800	20.1
22201	-710164800	23.3
22201	-707486400	20.3
22201	-704808000	18.9
22201	-702216000	13.2
22201	-699537600	3.2
22201	-696945600	0.1
22201	-694267200	1.4
22201	-691588800	2.2
22201	-689083200	3.7
22201	-686404800	12.1
22201	-683812800	15.4
22201	-681134400	19.5
22201	-678542400	22.1
22201	-675864000	21.1
22201	-673185600	18.5
22201	-670593600	11.2
22201	-667915200	4.1
22201	-665323200	3.5
22201	-662644800	-2.3
22201	-659966400	2
22201	-657547200	6.6
22201	-654868800	10.5
22201	-652276800	15
22201	-649598400	19.7
22201	-647006400	21.8
22201	-644328000	20.7
22201	-641649600	18.6
22201	-639057600	10
22201	-636379200	8.6
22201	-633787200	0.7
22201	-631108800	2.6
22201	-628430400	5.1
22201	-626011200	7.3
22201	-623332800	12
22201	-620740800	15.6
22201	-618062400	21.7
22201	-615470400	21.9
22201	-612792000	22.1
22201	-610113600	16.3
22201	-607521600	15.8
22201	-604843200	7.4
22201	-602251200	5.2
22201	-599572800	2.2
22201	-596894400	2.9
22201	-594475200	5.9
22201	-591796800	9.1
22201	-589204800	14.9
22201	-586526400	19.1
22201	-583934400	22.5
22201	-581256000	20.6
22201	-578577600	16.8
22201	-575985600	11.8
22201	-573307200	5.2
22201	-570715200	1.7
22201	-568036800	4
22201	-565358400	2.9
22201	-562852800	3.7
22201	-560174400	10.2
22201	-557582400	15.8
22201	-554904000	20.8
22201	-552312000	22.4
22201	-549633600	24.1
22201	-546955200	19.4
22201	-544363200	12.6
22201	-541684800	-0.1
22201	-539092800	1.3
22201	-536414400	5.7
22201	-533736000	1.4
22201	-531316800	7.4
22201	-528638400	9.6
22201	-526046400	14.7
22201	-523368000	23.2
22201	-520776000	24
22201	-518097600	20.1
22201	-515419200	19.1
22201	-512827200	12.2
22201	-510148800	4.7
22201	-507556800	-1.8
22201	-504878400	1.7
22201	-502200000	5.1
22201	-499780800	5.2
22201	-497102400	13.5
22201	-494510400	16.3
22201	-491832000	22.1
22201	-489240000	22.9
22201	-486561600	19.8
22201	-483883200	17.8
22201	-481291200	12.8
22201	-478612800	6.8
22201	-476020800	0.4
22201	-473342400	-0.4
22201	-470664000	0.1
22201	-468244800	6.1
22201	-465566400	9.7
22201	-462974400	14.3
22201	-460296000	20.1
22201	-457704000	20.6
22201	-455025600	20.8
22201	-452347200	18.9
22201	-449755200	13.4
22201	-447076800	6
22201	-444484800	3.4
22201	-441806400	3.9
22201	-439128000	0.5
22201	-436622400	6.7
22201	-433944000	9.6
22201	-431352000	16.5
22201	-428673600	21.6
22201	-426081600	21.5
22201	-423403200	20.2
22201	-420724800	19.2
22201	-418132800	12.8
22201	-415454400	4
22201	-412862400	2.4
22201	-410184000	3.7
22201	-407505600	8.1
22201	-405086400	7.3
22201	-402408000	9.6
22201	-399816000	13.7
22201	-397137600	21
22201	-394545600	23
22201	-391867200	20.2
22201	-389188800	17.9
22201	-386596800	12
22201	-383918400	3.8
22201	-381326400	2.6
22201	-378648000	0.3
22201	-375969600	4.2
22201	-373550400	3.8
22201	-370872000	9.6
22201	-368280000	16.6
22201	-365601600	22.4
22201	-363009600	23.2
22201	-360331200	22.2
22201	-357652800	17.3
22201	-355060800	10.3
22201	-352382400	3.5
22201	-349790400	4.9
22201	-347112000	1.4
22201	-344433600	3.3
22201	-342014400	5.5
22201	-339336000	11.7
22201	-336744000	15.9
22201	-334065600	21.8
22201	-331473600	23
22201	-328795200	20.3
22201	-326116800	18.2
22201	-323524800	12.4
22201	-320846400	4.6
22201	-318254400	0.6
22201	-315576000	-1.8
22201	-312897600	0.5
22201	-310392000	8.3
22201	-307713600	11.5
22201	-305121600	14.7
22201	-302443200	21.5
22201	-299851200	22.4
22201	-297172800	22.6
22201	-294494400	19.4
22201	-291902400	11.6
22201	-289224000	6.4
22201	-286632000	-0.9
22201	-283953600	0.4
22201	-281275200	2.9
22201	-278856000	6.7
22201	-276177600	10.7
22201	-273585600	15.9
22201	-270907200	21.9
22201	-268315200	22.1
22201	-265636800	20.6
22201	-262958400	16
22201	-260366400	11.4
22201	-257688000	2.6
22201	-255096000	0.6
22201	-252417600	-0.7
22201	-249739200	5.1
22201	-247320000	4.6
22201	-244641600	12.1
22201	-242049600	15.6
22201	-239371200	19.6
22201	-236779200	19.5
22201	-234100800	20
22201	-231422400	16.6
22201	-228830400	10.9
22201	-226152000	6.2
22201	-223560000	2.4
22201	-220881600	-2
22201	-218203200	2.4
22201	-215784000	5.2
22201	-213105600	12
22201	-210513600	17.3
22201	-207835200	19.8
22201	-205243200	23.4
22201	-202564800	20.6
22201	-199886400	17.9
22201	-197294400	13.2
22201	-194616000	6.4
22201	-192024000	-0.2
22201	-189345600	-2.6
22201	-186667200	-2.2
22201	-184161600	4.4
22201	-181483200	8.9
22201	-178891200	15.4
22201	-176212800	19.6
22201	-173620800	22.3
22201	-170942400	20.1
22201	-168264000	17.3
22201	-165672000	13.1
22201	-162993600	5
22201	-160401600	2
22201	-157723200	2.1
22201	-155044800	0.8
22201	-152625600	3.1
22201	-149947200	11.1
22201	-147355200	14.6
22201	-144676800	18.7
22201	-142084800	22.2
22201	-139406400	20.2
22201	-136728000	15.5
22201	-134136000	12.6
22201	-131457600	7.8
22201	-128865600	2.1
22201	-126187200	-2.6
22201	-123508800	-0.6
22201	-121089600	6.6
22201	-118411200	11.1
22201	-115819200	16.3
22201	-113140800	19.7
22201	-110548800	20.9
22201	-107870400	20.2
22201	-105192000	17.2
22201	-102600000	11.3
22201	-99921600	8.3
22201	-97329600	1.2
22201	-94651200	0
22201	-91972800	3.8
22201	-89553600	9.1
22201	-86875200	10.9
22201	-84283200	14.5
22201	-81604800	18.7
22201	-79012800	21.8
22201	-76334400	19.8
22201	-73656000	16.7
22201	-71064000	13
22201	-68385600	7.9
22201	-65793600	-0.5
22201	-63115200	0.5
22201	-60436800	4.1
22201	-57931200	5.2
22201	-55252800	8.7
22201	-52660800	14.8
22201	-49982400	20.9
22201	-47390400	21.3
22201	-44712000	19.2
22201	-42033600	17.2
22201	-39441600	13.2
22201	-36763200	5.4
22201	-34171200	0.4
22201	-31492800	4.2
22201	-28814400	2.2
22201	-26395200	2.6
22201	-23716800	11.2
22201	-21124800	15.2
22201	-18446400	19.4
22201	-15854400	22.6
22201	-13176000	21.7
22201	-10497600	17.7
22201	-7905600	10.6
22201	-5227200	3.8
22201	-2635200	2.3
22201	43200	-1.7
22201	2721600	4.4
22201	5140800	4.7
22201	7819200	8.7
22201	10411200	15.9
22201	13089600	18.8
22201	15681600	21.2
22201	18360000	20.8
22201	21038400	17.1
22201	23630400	10.2
22201	26308800	8.3
22201	28900800	2.4
22201	31579200	1.6
22201	34257600	3.3
22201	36676800	8.9
22201	39355200	9.4
22201	41947200	14.1
22202	-2432462400	-1.7
22202	-2429784000	0.5
22202	-2427105600	1.4
22202	-2424686400	4.2
22202	-2422008000	9.8
22202	-2419416000	14.7
22202	-2416737600	21.7
22202	-2414145600	20.8
22202	-2411467200	19.9
22202	-2408788800	15
22202	-2406196800	8.9
22202	-2403518400	3.1
22202	-2400926400	1.1
22202	-2398248000	-1.3
22202	-2395569600	-2.6
22202	-2393150400	5.2
22202	-2390472000	10.7
22202	-2387880000	15.8
22202	-2385201600	19.1
22202	-2382609600	20.8
22202	-2379931200	19.4
22202	-2377252800	14.8
22202	-2374660800	10.9
22202	-2371982400	5.1
22202	-2369390400	1.1
22202	-2366712000	-0.8
22202	-2364033600	-2
22202	-2361614400	5.2
22202	-2358936000	10.5
22202	-2356344000	14
22202	-2353665600	18
22202	-2351073600	19.4
22202	-2348395200	18.8
22202	-2345716800	16.8
22202	-2343124800	9.6
22202	-2340446400	1.9
22202	-2337854400	-2.4
22202	-2335176000	0.7
22202	-2332497600	1.2
22202	-2329992000	5.6
22202	-2327313600	9.2
22202	-2324721600	14.7
22202	-2322043200	20.6
22202	-2319451200	19.9
22202	-2316772800	20.2
22202	-2314094400	16.7
22202	-2311502400	9.8
22202	-2308824000	4.7
22202	-2306232000	2
22202	-2303553600	-2.1
22202	-2300875200	1.6
22202	-2298456000	3.7
22202	-2295777600	10.3
22202	-2293185600	14.6
22202	-2290507200	19.1
22202	-2287915200	20.8
22202	-2285236800	19.5
22202	-2282558400	16.6
22202	-2279966400	11.6
22202	-2277288000	5.1
22202	-2274696000	-1.5
22202	-2272017600	-2.8
22202	-2269339200	3.7
22202	-2266920000	4.5
22202	-2264241600	10.7
22202	-2261649600	13.6
22202	-2258971200	19.1
22202	-2256379200	21.7
22202	-2253700800	19.9
22202	-2251022400	15.8
22202	-2248430400	10.5
22202	-2245752000	2.7
22202	-2243160000	-3.7
22202	-2240481600	-1.8
22202	-2237803200	-0.1
22202	-2235384000	6.2
22202	-2232705600	11
22202	-2230113600	13.3
22202	-2227435200	19.3
22202	-2224843200	21.1
22202	-2222164800	20.3
22202	-2219486400	17.1
22202	-2216894400	10.7
22202	-2214216000	4.6
22202	-2211624000	0.5
22202	-2208945600	2.1
22202	-2206267200	2.5
22202	-2203848000	7
22202	-2201169600	7.8
22202	-2198577600	15.2
22202	-2195899200	20.7
22202	-2193307200	21.4
22202	-2190628800	20.1
22202	-2187950400	16.6
22202	-2185358400	11.3
22202	-2182680000	6.2
22202	-2180088000	0.8
22202	-2177409600	0.8
22202	-2174731200	2.9
22202	-2172312000	4.8
22202	-2169633600	8.3
22202	-2167041600	14.5
22202	-2164363200	19.6
22202	-2161771200	21.7
22202	-2159092800	21.3
22202	-2156414400	16.6
22202	-2153822400	11
22202	-2151144000	5.2
22202	-2148552000	0.1
22202	-2145873600	0.4
22202	-2143195200	2.4
22202	-2140776000	3.1
22202	-2138097600	11.3
22202	-2135505600	15.5
22202	-2132827200	22.4
22202	-2130235200	20.4
22202	-2127556800	20.4
22202	-2124878400	15.6
22202	-2122286400	10.5
22202	-2119608000	3.7
22202	-2117016000	-0.8
22202	-2114337600	1
22202	-2111659200	-2.2
22202	-2109240000	4.6
22202	-2106561600	9.8
22202	-2103969600	13.2
22202	-2101291200	16.8
22202	-2098699200	21.4
22202	-2096020800	21.6
22202	-2093342400	15.9
22202	-2090750400	9.6
22202	-2088072000	6.2
22202	-2085480000	-0.3
22202	-2082801600	-1.3
22202	-2080123200	4.8
22202	-2077617600	6.9
22202	-2074939200	9.9
22202	-2072347200	14.4
22202	-2069668800	18.5
22202	-2067076800	21.1
22202	-2064398400	19.7
22202	-2061720000	16.4
22202	-2059128000	9.4
22202	-2056449600	4.5
22202	-2053857600	-0.7
22202	-2051179200	0.4
22202	-2048500800	0.4
22202	-2046081600	6.6
22202	-2043403200	7.7
22202	-2040811200	14.6
22202	-2038132800	19.3
22202	-2035540800	19.5
22202	-2032862400	20
22202	-2030184000	15.7
22202	-2027592000	9.3
22202	-2024913600	4.1
22202	-2022321600	-4.6
22202	-2019643200	-2.4
22202	-2016964800	2.1
22202	-2014545600	6.9
22202	-2011867200	8.5
22202	-2009275200	13.9
22202	-2006596800	20.4
22202	-2004004800	19.5
22202	-2001326400	19.1
22202	-1998648000	16.6
22202	-1996056000	10.2
22202	-1993377600	3.2
22202	-1990785600	2.4
22202	-1988107200	2.4
22202	-1985428800	6
22202	-1983009600	9
22202	-1980331200	9.7
22202	-1977739200	10.9
22202	-1975060800	17.2
22202	-1972468800	21.3
22202	-1969790400	20.4
22202	-1967112000	16.8
22202	-1964520000	10.6
22202	-1961841600	2
22202	-1959249600	1.3
22202	-1956571200	0.8
22202	-1953892800	2.6
22202	-1951387200	7.5
22202	-1948708800	9.5
22202	-1946116800	12.6
22202	-1943438400	18.9
22202	-1940846400	19.9
22202	-1938168000	19.3
22202	-1935489600	16.2
22202	-1932897600	6.9
22202	-1930219200	3.4
22202	-1927627200	0.6
22202	-1924948800	3.5
22202	-1922270400	1.6
22202	-1919851200	2.6
22202	-1917172800	9
22202	-1914580800	13.3
22202	-1911902400	20.6
22202	-1909310400	21.8
22202	-1906632000	20.1
22202	-1903953600	15.9
22202	-1901361600	11.6
22202	-1898683200	5.7
22202	-1896091200	-4.1
22202	-1893412800	0.7
22202	-1890734400	-0.4
22202	-1888315200	8.5
22202	-1885636800	10
22202	-1883044800	15.2
22202	-1880366400	20.7
22202	-1877774400	22.4
22202	-1875096000	20.8
22202	-1872417600	17.3
22202	-1869825600	10.1
22202	-1867147200	5.5
22202	-1864555200	1.7
22202	-1861876800	3.1
22202	-1859198400	-0.4
22202	-1856779200	6.5
22202	-1854100800	8.6
22202	-1851508800	14.3
22202	-1848830400	17.8
22202	-1846238400	17.8
22202	-1843560000	21.1
22202	-1840881600	18.3
22202	-1838289600	9.6
22202	-1835611200	1
22202	-1833019200	-3.4
22202	-1830340800	1.1
22202	-1827662400	1.1
22202	-1825156800	5.2
22202	-1822478400	7.6
22202	-1819886400	14
22202	-1817208000	18.3
22202	-1814616000	21
22202	-1811937600	20.7
22202	-1809259200	15.3
22202	-1806667200	9.6
22202	-1803988800	4.4
22202	-1801396800	-3.7
22202	-1798718400	-4.3
22202	-1796040000	0.4
22202	-1793620800	3.7
22202	-1790942400	9
22202	-1788350400	15.3
22202	-1785672000	18.2
22202	-1783080000	21.6
22202	-1780401600	20.6
22202	-1777723200	14.7
22202	-1775131200	10
22202	-1772452800	5.5
22202	-1769860800	-3.1
22202	-1767182400	2
22202	-1764504000	2.4
22202	-1762084800	5.4
22202	-1759406400	9.3
22202	-1756814400	14.2
22202	-1754136000	19.9
22202	-1751544000	19.5
22202	-1748865600	19.8
22202	-1746187200	17.2
22202	-1743595200	11.4
22202	-1740916800	5.3
22202	-1738324800	-2.8
22202	-1735646400	-3.4
22202	-1732968000	0.3
22202	-1730548800	3
22202	-1727870400	9.2
22202	-1725278400	11.8
22202	-1722600000	19.2
22202	-1720008000	20.8
22202	-1717329600	18.8
22202	-1714651200	15.2
22202	-1712059200	10.4
22202	-1709380800	4.3
22202	-1706788800	0.1
22202	-1704110400	0.3
22202	-1701432000	3.3
22202	-1698926400	7.3
22202	-1696248000	9.3
22202	-1693656000	13.5
22202	-1690977600	20.7
22202	-1688385600	21.3
22202	-1685707200	20
22202	-1683028800	16.5
22202	-1680436800	10.5
22202	-1677758400	3.9
22202	-1675166400	-1
22202	-1672488000	-1.3
22202	-1669809600	1
22202	-1667390400	2.3
22202	-1664712000	8.3
22202	-1662120000	9.8
22202	-1659441600	19
22202	-1656849600	22.3
22202	-1654171200	20.5
22202	-1651492800	16.9
22202	-1648900800	10.7
22202	-1646222400	6.5
22202	-1643630400	2.8
22202	-1640952000	-3.9
22202	-1638273600	2.7
22202	-1635854400	6.7
22202	-1633176000	8.1
22202	-1630584000	12.8
22202	-1627905600	21.1
22202	-1625313600	21.5
22202	-1622635200	20.5
22202	-1619956800	16.6
22202	-1617364800	11
22202	-1614686400	2.2
22202	-1612094400	-2.4
22202	-1609416000	-4.3
22202	-1606737600	-1.4
22202	-1604318400	3.6
22202	-1601640000	9.1
22202	-1599048000	15.1
22202	-1596369600	18.2
22202	-1593777600	20.7
22202	-1591099200	20.5
22202	-1588420800	16.6
22202	-1585828800	8.7
22202	-1583150400	2.7
22202	-1580558400	0.8
22202	-1577880000	-0.1
22202	-1575201600	3.3
22202	-1572696000	3.6
22202	-1570017600	6.8
22202	-1567425600	14.3
22202	-1564747200	18.9
22202	-1562155200	22
22202	-1559476800	18.7
22202	-1556798400	16.4
22202	-1554206400	8.9
22202	-1551528000	2.5
22202	-1548936000	-1.8
22202	-1546257600	0.5
22202	-1543579200	1.4
22202	-1541160000	6
22202	-1538481600	7.5
22202	-1535889600	14.3
22202	-1533211200	18.1
22202	-1530619200	20.2
22202	-1527940800	19.3
22202	-1525262400	17.5
22202	-1522670400	11.5
22202	-1519992000	5.1
22202	-1517400000	2.6
22202	-1514721600	-2.4
22202	-1512043200	1.7
22202	-1509624000	3.3
22202	-1506945600	8.3
22202	-1504353600	14.2
22202	-1501675200	20.4
22202	-1499083200	23
22202	-1496404800	22.1
22202	-1493726400	17.3
22202	-1491134400	11.1
22202	-1488456000	3.7
22202	-1485864000	3
22202	-1483185600	2.4
22202	-1480507200	1.5
22202	-1478088000	3.4
22202	-1475409600	9.9
22202	-1472817600	14.9
22202	-1470139200	21.3
22202	-1467547200	23.1
22202	-1464868800	21.3
22202	-1462190400	14.7
22202	-1459598400	9.7
22202	-1456920000	3.4
22202	-1454328000	-1.3
22202	-1451649600	-1.8
22202	-1448971200	2
22202	-1446465600	1.7
22202	-1443787200	7.8
22202	-1441195200	13.3
22202	-1438516800	20.4
22202	-1435924800	20.8
22202	-1433246400	20.1
22202	-1430568000	16.3
22202	-1427976000	10.8
22202	-1425297600	5.1
22202	-1422705600	-2.6
22202	-1420027200	-3.4
22202	-1417348800	3.3
22202	-1414929600	7.1
22202	-1412251200	10.6
22202	-1409659200	15.2
22202	-1406980800	18.2
22202	-1404388800	21
22202	-1401710400	19
22202	-1399032000	16.5
22202	-1396440000	10.6
22202	-1393761600	3
22202	-1391169600	-1.3
22202	-1388491200	-3.2
22202	-1385812800	3.3
22202	-1383393600	4.1
22202	-1380715200	8.1
22202	-1378123200	12.2
22202	-1375444800	18.9
22202	-1372852800	19.5
22202	-1370174400	20.3
22202	-1367496000	17.6
22202	-1364904000	11.6
22202	-1362225600	4.1
22202	-1359633600	-1.4
22202	-1356955200	2.4
22202	-1354276800	3.8
22202	-1351857600	5.4
22202	-1349179200	9.2
22202	-1346587200	15
22202	-1343908800	17.6
22202	-1341316800	20.8
22202	-1338638400	19.5
22202	-1335960000	15.8
22202	-1333368000	10.3
22202	-1330689600	6.5
22202	-1328097600	-2.7
22202	-1325419200	1.2
22202	-1322740800	0.6
22202	-1320235200	6.5
22202	-1317556800	7.9
22202	-1314964800	13.4
22202	-1312286400	18.8
22202	-1309694400	21.2
22202	-1307016000	18.9
22202	-1304337600	16.1
22202	-1301745600	11.7
22202	-1299067200	3
22202	-1296475200	-0.9
22202	-1293796800	-1.1
22202	-1291118400	-1.8
22202	-1288699200	3.9
22202	-1286020800	7.9
22202	-1283428800	12.9
22202	-1280750400	19
22202	-1278158400	20.5
22202	-1275480000	20.1
22202	-1272801600	16.8
22202	-1270209600	11.6
22202	-1267531200	1.3
22202	-1264939200	0.8
22202	-1262260800	-2.9
22202	-1259582400	4.1
22202	-1257163200	3.3
22202	-1254484800	10.1
22202	-1251892800	11.1
22202	-1249214400	18.6
22202	-1246622400	20.3
22202	-1243944000	20.3
22202	-1241265600	15.9
22202	-1238673600	10.7
22202	-1235995200	2.6
22202	-1233403200	-2.8
22202	-1230724800	-0.7
22202	-1228046400	1.9
22202	-1225627200	4.2
22202	-1222948800	8.9
22202	-1220356800	12.7
22202	-1217678400	19.8
22202	-1215086400	21.7
22202	-1212408000	19.8
22202	-1209729600	18.3
22202	-1207137600	12.3
22202	-1204459200	2.7
22202	-1201867200	-1.2
22202	-1199188800	-3.6
22202	-1196510400	3.9
22202	-1194004800	3.3
22202	-1191326400	9.2
22202	-1188734400	13.1
22202	-1186056000	17.9
22202	-1183464000	20.6
22202	-1180785600	20.2
22202	-1178107200	15.6
22202	-1175515200	9.5
22202	-1172836800	4.3
22202	-1170244800	-5.4
22202	-1167566400	-2.1
22202	-1164888000	-1.6
22202	-1162468800	5.7
22202	-1159790400	6.7
22202	-1157198400	12.3
22202	-1154520000	18.5
22202	-1151928000	21.1
22202	-1149249600	19.9
22202	-1146571200	18.1
22202	-1143979200	12
22202	-1141300800	4.5
22202	-1138708800	2.6
22202	-1136030400	-0.1
22202	-1133352000	4.3
22202	-1130932800	7.2
22202	-1128254400	10.5
22202	-1125662400	15.6
22202	-1122984000	19.2
22202	-1120392000	22.3
22202	-1117713600	21.7
22202	-1115035200	16.2
22202	-1112443200	12.5
22202	-1109764800	3.6
22202	-1107172800	0.5
22202	-1104494400	1.2
22202	-1101816000	1.2
22202	-1099396800	4.9
22202	-1096718400	9.8
22202	-1094126400	10.8
22202	-1091448000	19.8
22202	-1088856000	21
22202	-1086177600	19.9
22202	-1083499200	15.3
22202	-1080907200	11.2
22202	-1078228800	3.2
22202	-1075636800	-0.4
22202	-1072958400	-1
22202	-1070280000	2.1
22202	-1067774400	5.3
22202	-1065096000	9.4
22202	-1062504000	14.8
22202	-1059825600	19.5
22202	-1057233600	20.6
22202	-1054555200	20.8
22202	-1051876800	14.8
22202	-1049284800	9.6
22202	-1046606400	2.7
22202	-1044014400	-0.7
22202	-1041336000	-4.3
22202	-1038657600	1
22202	-1036238400	2.5
22202	-1033560000	9.5
22202	-1030968000	14.2
22202	-1028289600	17.1
22202	-1025697600	20.7
22202	-1023019200	21.5
22202	-1020340800	17.3
22202	-1017748800	12.2
22202	-1015070400	5.3
22202	-1012478400	0.4
22202	-1009800000	-1.1
22202	-1007121600	3.9
22202	-1004702400	5.2
22202	-1002024000	9.1
22202	-999432000	15.2
22202	-996753600	19.5
22202	-994161600	19.7
22202	-991483200	20.5
22202	-988804800	15.6
22202	-986212800	11.3
22202	-983534400	1
22202	-980942400	1.4
22202	-978264000	-1.9
22202	-975585600	-3.6
22202	-973166400	4.9
22202	-970488000	9.4
22202	-967896000	14.3
22202	-965217600	18.9
22202	-962625600	20.4
22202	-959947200	19.4
22202	-957268800	16.7
22202	-954676800	9.5
22202	-951998400	3.7
22202	-949406400	1.5
22202	-946728000	-0.7
22202	-944049600	1
22202	-941544000	5.6
22202	-938865600	8.6
22202	-936273600	14.4
22202	-933595200	18.5
22202	-931003200	20.9
22202	-928324800	18.9
22202	-925646400	16.5
22202	-923054400	11.3
22202	-920376000	3
22202	-917784000	2
22202	-915105600	0
22202	-912427200	3.2
22202	-910008000	3.9
22202	-907329600	6.7
22202	-904737600	13.5
22202	-902059200	16.4
22202	-899467200	19.8
22202	-896788800	18.8
22202	-894110400	14.9
22202	-891518400	10
22202	-888840000	4.6
22202	-886248000	1.1
22202	-883569600	0.6
22202	-880891200	-1.3
22202	-878472000	2.7
22202	-875793600	8.8
22202	-873201600	13.1
22202	-870523200	18.9
22202	-867931200	20.5
22202	-865252800	18.7
22202	-862574400	15.7
22202	-859982400	10.2
22202	-857304000	5.6
22202	-854712000	2.2
22202	-852033600	0.4
22202	-849355200	2.9
22202	-846936000	5
22202	-844257600	11.1
22202	-841665600	14.5
22202	-838987200	18.7
22202	-836395200	21
22202	-833716800	21.7
22202	-831038400	16.8
22202	-828446400	10
22202	-825768000	4.6
22202	-823176000	-2.5
22202	-820497600	-3.4
22202	-817819200	1.5
22202	-815313600	3.1
22202	-812635200	7.3
22202	-810043200	13.2
22202	-807364800	18.2
22202	-804772800	20.3
22202	-802094400	20.4
22202	-799416000	16.3
22202	-796824000	11.1
22202	-794145600	2.5
22202	-791553600	-1.8
22202	-788875200	-0.7
22202	-786196800	3.5
22202	-783777600	3.9
22202	-781099200	7.9
22202	-778507200	14.7
22202	-775828800	17.7
22202	-773236800	21.3
22202	-770558400	21
22202	-767880000	17.4
22202	-765288000	10.9
22202	-762609600	4.2
22202	-760017600	-1
22202	-757339200	-3
22202	-754660800	1.4
22202	-752241600	5.5
22202	-749563200	12.2
22202	-746971200	13.5
22202	-744292800	20.1
22202	-741700800	21.3
22202	-739022400	19.7
22202	-736344000	17.5
22202	-733752000	9.9
22202	-731073600	1.8
22202	-728481600	2.4
22202	-725803200	-1.3
22202	-723124800	2.7
22202	-720705600	4.1
22202	-718027200	8.2
22202	-715435200	15.6
22202	-712756800	17.7
22202	-710164800	21
22202	-707486400	19.7
22202	-704808000	17.6
22202	-702216000	11.4
22202	-699537600	1
22202	-696945600	-1.8
22202	-694267200	-2.7
22202	-691588800	-0.5
22202	-689083200	1.1
22202	-686404800	10.8
22202	-683812800	14.5
22202	-681134400	18.6
22202	-678542400	21.6
22202	-675864000	21
22202	-673185600	17.1
22202	-670593600	10.5
22202	-667915200	0.8
22202	-665323200	0.9
22202	-662644800	-5
22202	-659966400	0.4
22202	-657547200	5.5
22202	-654868800	9.6
22202	-652276800	14.1
22202	-649598400	19
22202	-647006400	20.7
22202	-644328000	20.5
22202	-641649600	17.6
22202	-639057600	9.2
22202	-636379200	6.6
22202	-633787200	-1.2
22202	-631108800	1.2
22202	-628430400	4.5
22202	-626011200	6.1
22202	-623332800	11.4
22202	-620740800	14.7
22202	-618062400	20.2
22202	-615470400	20.5
22202	-612792000	20.2
22202	-610113600	15.4
22202	-607521600	15.3
22202	-604843200	5.7
22202	-602251200	3.4
22202	-599572800	-0.2
22202	-596894400	1.3
22202	-594475200	4.8
22202	-591796800	7.9
22202	-589204800	14.3
22202	-586526400	18.5
22202	-583934400	22.6
22202	-581256000	20.1
22202	-578577600	18.1
22202	-575985600	11
22202	-573307200	2.2
22202	-570715200	-1
22202	-568036800	1.7
22202	-565358400	1
22202	-562852800	2.5
22202	-560174400	9.5
22202	-557582400	15.1
22202	-554904000	21.3
22202	-552312000	21.5
22202	-549633600	21.6
22202	-546955200	17.2
22202	-544363200	12.6
22202	-541684800	1.1
22202	-539092800	-1.6
22202	-536414400	2.8
22202	-533736000	0.3
22202	-531316800	6.2
22202	-528638400	8.4
22202	-526046400	11.8
22202	-523368000	20
22202	-520776000	21.6
22202	-518097600	19.7
22202	-515419200	16.2
22202	-512827200	9.8
22202	-510148800	3.4
22202	-507556800	-2.5
22202	-504878400	0.5
22202	-502200000	5
22202	-499780800	4.3
22202	-497102400	11.6
22202	-494510400	14
22202	-491832000	18.5
22202	-489240000	21.4
22202	-486561600	19.3
22202	-483883200	18.4
22202	-481291200	12.4
22202	-478612800	5.4
22202	-476020800	0.1
22202	-473342400	-2.3
22202	-470664000	-1.1
22202	-468244800	5
22202	-465566400	8.5
22202	-462974400	13.3
22202	-460296000	18
22202	-457704000	20.1
22202	-455025600	20.2
22202	-452347200	18
22202	-449755200	11.8
22202	-447076800	4.2
22202	-444484800	2.1
22202	-441806400	2.5
22202	-439128000	-0.9
22202	-436622400	6.3
22202	-433944000	8.5
22202	-431352000	16.1
22202	-428673600	21.1
22202	-426081600	20.6
22202	-423403200	20
22202	-420724800	18.8
22202	-418132800	12.1
22202	-415454400	1.8
22202	-412862400	-0.1
22202	-410184000	1.2
22202	-407505600	5.5
22202	-405086400	4.7
22202	-402408000	8.1
22202	-399816000	11.8
22202	-397137600	19.3
22202	-394545600	21.7
22202	-391867200	19.5
22202	-389188800	15.9
22202	-386596800	9.2
22202	-383918400	1.1
22202	-381326400	1.1
22202	-378648000	-1.7
22202	-375969600	3.2
22202	-373550400	1.5
22202	-370872000	7.3
22202	-368280000	15.5
22202	-365601600	20.4
22202	-363009600	21.3
22202	-360331200	20.4
22202	-357652800	15
22202	-355060800	9.8
22202	-352382400	4.6
22202	-349790400	2.9
22202	-347112000	0.7
22202	-344433600	1.3
22202	-342014400	4.5
22202	-339336000	9.8
22202	-336744000	13.9
22202	-334065600	19.6
22202	-331473600	20.7
22202	-328795200	19.6
22202	-326116800	16.7
22202	-323524800	9.9
22202	-320846400	3
22202	-318254400	0
22202	-315576000	-3.2
22202	-312897600	-1.6
22202	-310392000	6.2
22202	-307713600	9.7
22202	-305121600	13.3
22202	-302443200	19.6
22202	-299851200	19.9
22202	-297172800	20.3
22202	-294494400	17.5
22202	-291902400	10
22202	-289224000	4.5
22202	-286632000	-3.4
22202	-283953600	-2.5
22202	-281275200	2
22202	-278856000	5.4
22202	-276177600	8.7
22202	-273585600	14.8
22202	-270907200	19.7
22202	-268315200	20.9
22202	-265636800	19.2
22202	-262958400	14.9
22202	-260366400	10.8
22202	-257688000	2.2
22202	-255096000	-0.5
22202	-252417600	-2
22202	-249739200	4.2
22202	-247320000	2.2
22202	-244641600	11.2
22202	-242049600	14.8
22202	-239371200	18.8
22202	-236779200	20.5
22202	-234100800	21.5
22202	-231422400	16.7
22202	-228830400	11.4
22202	-226152000	5.8
22202	-223560000	0.6
22202	-220881600	-2.9
22202	-218203200	2.6
22202	-215784000	4.5
22202	-213105600	10
22202	-210513600	15.7
22202	-207835200	18.6
22202	-205243200	22.4
22202	-202564800	19.9
22202	-199886400	17.8
22202	-197294400	13
22202	-194616000	4.8
22202	-192024000	-0.4
22202	-189345600	-2.9
22202	-186667200	-3.4
22202	-184161600	2.4
22202	-181483200	7.4
22202	-178891200	14.1
22202	-176212800	18.7
22202	-173620800	21.8
22202	-170942400	20.5
22202	-168264000	16.6
22202	-165672000	11.9
22202	-162993600	4.6
22202	-160401600	-0.4
22202	-157723200	1.8
22202	-155044800	0.3
22202	-152625600	2.3
22202	-149947200	9.1
22202	-147355200	13.1
22202	-144676800	17.2
22202	-142084800	21.2
22202	-139406400	19.4
22202	-136728000	15.5
22202	-134136000	10.4
22202	-131457600	5.4
22202	-128865600	-0.8
22202	-126187200	-2.3
22202	-123508800	-1.7
22202	-121089600	5.4
22202	-118411200	9
22202	-115819200	15.4
22202	-113140800	18.9
22202	-110548800	21.9
22202	-107870400	19.1
22202	-105192000	15.9
22202	-102600000	9.8
22202	-99921600	5.8
22202	-97329600	-1.1
22202	-94651200	-0.9
22202	-91972800	2.2
22202	-89553600	7.6
22202	-86875200	9.3
22202	-84283200	13.3
22202	-81604800	17.6
22202	-79012800	22.2
22202	-76334400	18.9
22202	-73656000	14.9
22202	-71064000	11.8
22202	-68385600	5.3
22202	-65793600	-2.4
22202	-63115200	-2.1
22202	-60436800	2.6
22202	-57931200	4.7
22202	-55252800	7.5
22202	-52660800	13.3
22202	-49982400	19.3
22202	-47390400	20.2
22202	-44712000	18.8
22202	-42033600	15.9
22202	-39441600	11.9
22202	-36763200	4.3
22202	-34171200	-0.9
22202	-31492800	2.3
22202	-28814400	0.8
22202	-26395200	1.3
22202	-23716800	9.9
22202	-21124800	13.9
22202	-18446400	17.7
22202	-15854400	21.5
22202	-13176000	21.2
22202	-10497600	17.3
22202	-7905600	10
22202	-5227200	3
22202	-2635200	0.2
22202	43200	-2
22202	2721600	3.4
22202	5140800	2.7
22202	7819200	6.9
22202	10411200	13.1
22202	13089600	17.2
22202	15681600	21.2
22202	18360000	20.9
22202	21038400	16.3
22202	23630400	7.8
22202	26308800	5.2
22202	28900800	0.7
22202	31579200	-0.4
22202	34257600	1.7
22202	36676800	5.6
22202	39355200	7.6
22202	41947200	12.7
22202	44625600	18.7
22202	47217600	21.7
22202	49896000	18.7
22202	52574400	16.1
22202	55166400	9.4
22202	57844800	4.3
22202	60436800	-1.5
22202	63115200	-0.1
22202	65793600	3.4
22202	68299200	8.7
22202	70977600	9.6
22202	73569600	13.7
22202	76248000	18.5
22202	78840000	20.9
22202	81518400	19.1
22202	84196800	15.1
22202	86788800	10.8
22202	89467200	1.7
22202	92059200	-0.5
22202	94737600	-1.6
22202	97416000	0.4
22202	99835200	2.9
22202	102513600	5.4
22202	105105600	12.5
22202	107784000	18.1
22202	110376000	20.4
22202	113054400	20.1
22202	115732800	15.7
22202	118324800	11.3
22202	121003200	6.2
22202	123595200	1.3
22202	126273600	0.2
22202	128952000	1.1
22202	131371200	7.7
22202	134049600	8.8
22202	136641600	16
22202	139320000	21.2
22202	141912000	20.2
22202	144590400	18.6
22202	147268800	14.7
22202	149860800	10.7
22202	152539200	4
22202	155131200	-2.6
22202	157809600	-0.9
22202	160488000	1.5
22202	162907200	4
22202	165585600	7.4
22202	168177600	12
22202	170856000	18.7
22202	173448000	20
22202	176126400	20
22202	178804800	15.7
22202	181396800	11.2
22202	184075200	4.7
22202	186667200	0.4
22202	189345600	-0.7
22202	192024000	4.9
22202	194529600	4.9
22202	197208000	9.2
22202	199800000	13.8
22202	202478400	19
22202	205070400	20.5
22202	207748800	19.6
22202	210427200	16
22202	213019200	8.7
22202	215697600	2.8
22202	218289600	-1.1
22202	220968000	-1.6
22202	223646400	1.8
22202	226065600	3.4
22202	228744000	8.5
22202	231336000	13.2
22202	234014400	19.3
22202	236606400	20.6
22202	239284800	21.4
22202	241963200	16.8
22202	244555200	11.7
22202	247233600	6.2
22202	249825600	4
22202	252504000	0.7
22202	255182400	1
22202	257601600	6.6
22202	260280000	10.8
22202	262872000	13.7
22202	265550400	19.9
22202	268142400	22.1
22202	270820800	19.5
22202	273499200	15.5
22202	276091200	11.5
22202	278769600	4
22202	281361600	-2.2
22202	284040000	-3.1
22202	286718400	1.2
22202	289137600	4.6
22202	291816000	8.8
22202	294408000	13
22202	297086400	18.1
22202	299678400	21
22202	302356800	19.2
22202	305035200	16.8
22202	307627200	12.4
22202	310305600	1.9
22202	312897600	0.7
22202	315576000	1.1
22202	318254400	4
22202	320760000	4
22202	323438400	8
22202	326030400	12
22202	328708800	20.8
22202	331300800	22.9
22202	333979200	20.1
22202	336657600	16.7
22202	339249600	9.1
22202	341928000	3.2
22202	344520000	3.7
22202	347198400	1.1
22202	349876800	3.5
22202	352296000	4.4
22202	354974400	10.5
22202	357566400	12.9
22202	360244800	21.1
22202	362836800	21.5
22202	365515200	19.6
22202	368193600	16.4
22202	370785600	10.6
22202	373464000	6.8
22202	376056000	3.9
22202	378734400	0.8
22202	381412800	1.9
22202	383832000	6
22202	386510400	9.7
22202	389102400	13.6
22202	391780800	19.1
22202	394372800	22
22202	397051200	21
22202	399729600	16.6
22202	402321600	10.4
22202	4.05e+08	3.8
22202	407592000	-1.8
22202	410270400	-0.9
22202	412948800	1.7
22202	415368000	5.6
22202	418046400	5.9
22202	420638400	12.4
22202	423316800	17.7
22202	425908800	21.1
22202	428587200	20.1
22202	431265600	18.1
22202	433857600	10.8
22202	436536000	5
22202	439128000	-0.2
22202	441806400	-0.9
22202	444484800	1.8
22202	446990400	4
22202	449668800	8.1
22202	452260800	17.1
22202	454939200	19.2
22202	457531200	21.4
22202	460209600	19.4
22202	462888000	16.6
22202	465480000	7.8
22202	468158400	4.2
22202	470750400	0.3
22202	473428800	-2
22202	476107200	0.2
22202	478526400	5.6
22202	481204800	10.2
22202	483796800	13.9
22202	486475200	19.3
22202	489067200	20.8
22202	491745600	20.5
22202	494424000	15.4
22202	497016000	10.2
22202	499694400	5
22202	502286400	0.4
22202	504964800	2.8
22202	507643200	3.5
22202	510062400	7
22202	512740800	10.4
22202	515332800	13.2
22202	518011200	18.4
22202	520603200	20
22202	523281600	20.5
22202	525960000	15.6
22202	528552000	9.4
22202	531230400	2.9
22202	533822400	-0.4
22202	536500800	-1.6
22202	539179200	1
22202	541598400	3.5
22202	544276800	9
22202	546868800	12.7
22202	549547200	18.6
22202	552139200	20.6
22202	554817600	19.5
22202	557496000	16
22202	560088000	12.5
22202	562766400	4.3
22202	565358400	-1.1
22202	568036800	-1.9
22202	570715200	4.2
22202	573220800	4.8
22202	575899200	9.4
22202	578491200	14.1
22202	581169600	18.4
22202	583761600	21
22202	586440000	19.5
22202	589118400	15
22202	591710400	12.4
22202	594388800	5.2
22202	596980800	-1.5
22202	599659200	0.5
22202	602337600	3.3
22202	604756800	8
22202	607435200	12.4
22202	610027200	16.4
22202	612705600	19.2
22202	615297600	21.4
22202	617976000	20.1
22202	620654400	16.8
22202	623246400	10.8
22202	625924800	5.3
22202	628516800	-0.3
22202	631195200	-0.3
22202	633873600	1.4
22202	636292800	6.4
22202	638971200	10
22202	641563200	13.6
22202	644241600	21.6
22202	646833600	20.2
22202	649512000	19.2
22202	652190400	17.4
22202	654782400	11.1
22202	657460800	4.7
22202	660052800	-0.6
22202	662731200	-0.5
22202	665409600	3.5
22202	667828800	4.5
22202	670507200	9.4
22202	673099200	14
22202	675777600	18.4
22202	678369600	20.1
22202	681048000	20.2
22202	683726400	15.8
22202	686318400	12.2
22202	688996800	2.4
22202	691588800	-2.5
22202	694267200	-3.8
22202	696945600	2.4
22202	699451200	5.6
22202	702129600	10.9
22202	704721600	13.5
22202	707400000	18.2
22202	709992000	20.1
22202	712670400	19.1
22202	715348800	17
22202	717940800	12.6
22202	720619200	1.5
22202	723211200	-2.5
22202	725889600	1.2
22202	728568000	2.6
22202	730987200	5.8
22202	733665600	10
22202	736257600	13.7
22202	738936000	19.4
22202	741528000	22.8
22202	744206400	19.5
22202	746884800	16.6
22202	749476800	10.2
22202	752155200	2.6
22202	754747200	0.1
22202	757425600	-0.3
22202	760104000	1.8
22202	762523200	5.6
22202	765201600	9.8
22202	767793600	14.3
22202	770472000	21.6
22202	773064000	22.3
22202	775742400	21.6
22202	778420800	17.4
22202	781012800	10.3
22202	783691200	4.2
22202	786283200	2.1
22202	788961600	0.1
22202	791640000	5
22202	794059200	5.5
22202	796737600	7.4
22202	799329600	12.2
22202	802008000	18.3
22202	804600000	21.1
22202	807278400	21.7
22202	809956800	16.9
22202	812548800	11.7
22202	815227200	6.6
22202	817819200	1.2
22202	820497600	1.5
22202	823176000	4.9
22202	825681600	4.9
22202	828360000	10.6
22202	830952000	17.5
22202	833630400	21
22202	836222400	22
22202	838900800	20.4
22202	841579200	15.1
22202	844171200	10.2
22202	846849600	5.4
22202	849441600	1.4
22202	852120000	-1.3
22202	854798400	2
22202	857217600	7.3
22202	859896000	7.8
22202	862488000	14.5
22202	865166400	18.6
22202	867758400	21
22202	870436800	20.5
22202	873115200	18.2
22202	875707200	10.9
22202	878385600	3.7
22202	880977600	-2.4
22202	883656000	0.9
22202	886334400	1.8
22202	888753600	5.1
22202	891432000	7.4
22202	894024000	13.9
22202	896702400	19.3
22202	899294400	22
22202	901972800	21
22202	904651200	19.4
22202	907243200	12.5
22202	909921600	5.6
22202	912513600	1.1
22202	915192000	3.4
22202	917870400	4.4
22202	920289600	6.6
22202	922968000	8.6
22202	925560000	13.9
22202	928238400	18.5
22202	930830400	21.2
22202	933508800	20
22202	936187200	16.5
22202	938779200	11.7
22202	941457600	6.6
22202	944049600	-0.3
22202	946728000	2.5
22202	949406400	4.2
22202	951912000	5.6
22202	954590400	10.3
22202	957182400	16.5
22202	959860800	20.8
22202	962452800	22.4
22202	965131200	21.7
22202	967809600	18.6
22202	970401600	11.1
22202	973080000	1.3
22202	975672000	0.5
22202	978350400	-2.2
22202	981028800	2.5
22202	983448000	5.5
22202	986126400	10.2
22202	988718400	15.7
22202	991396800	20.6
22202	993988800	22.9
22202	996667200	19.4
22202	999345600	18.3
22202	1001937600	12.3
22202	1004616000	5.6
22202	1007208000	-0.3
22202	1009886400	1.4
22202	1012564800	1.6
22202	1014984000	4.2
22202	1017662400	11.6
22202	1020254400	14.9
22202	1022932800	21.8
22202	1025524800	21.7
22202	1028203200	22.2
22202	1030881600	17.3
22202	1033473600	10.5
22202	1036152000	4
22202	1038744000	-0.6
22202	1041422400	4.3
22202	1044100800	1.5
22202	1046520000	5.1
22202	1049198400	10
22202	1051790400	16.4
22202	1054468800	19.5
22202	1057060800	24.8
22202	1059739200	22.2
22202	1062417600	17.9
22202	1065009600	13.9
22202	1067688000	5.6
22202	1070280000	1.2
22202	1072958400	1
22202	1075636800	0.4
22202	1078142400	9
22202	1080820800	9.2
22202	1083412800	14.9
22202	1086091200	19.5
22202	1088683200	21.6
22202	1091361600	19.7
22202	1094040000	16.6
22202	1096632000	11.4
22202	1099310400	3.8
22202	1101902400	0
22202	1104580800	3
22202	1107259200	2.9
22202	1109678400	4.6
22202	1112356800	9.3
22202	1114948800	15.1
22202	1117627200	19.5
22202	1120219200	23
22202	1122897600	21.4
22202	1125576000	17.9
22202	1128168000	11
22202	1130846400	6.1
22202	1133438400	0.5
22202	1136116800	0.9
22202	1138795200	3.3
22202	1141214400	6.5
22202	1143892800	12.1
22202	1146484800	17.2
22202	1149163200	21.5
22202	1151755200	22.3
22202	1154433600	19.8
22202	1157112000	14.9
22202	1159704000	11.4
22202	1162382400	8.9
22202	1164974400	-1.4
22202	1167652800	-1.9
22202	1170331200	1.8
22202	1172750400	8.1
22202	1175428800	9.8
22202	1178020800	14.1
22202	1180699200	19.9
22202	1183291200	21.8
22202	1185969600	22.5
22202	1188648000	18.2
22202	1191240000	12.1
22202	1193918400	6.4
22202	1196510400	-0.3
22202	1199188800	-0.9
22202	1201867200	2.6
22202	1204372800	5.7
22202	1207051200	9.5
22202	1209643200	13.5
22202	1212321600	20.7
22202	1214913600	21.4
22202	1217592000	20.8
22202	1220270400	16.3
22202	1222862400	11.8
22202	1225540800	5.7
22202	1228132800	0.7
22202	1230811200	2.3
22202	1233489600	4.3
22202	1235908800	6.7
22202	1238587200	10
22202	1241179200	16.9
22202	1243857600	19.1
22202	1246449600	22.4
22202	1249128000	21
22202	1251806400	16.4
22202	1254398400	10.1
22202	1257076800	6
22202	1259668800	-1.4
22202	1262347200	-0.5
22202	1265025600	0
22202	1267444800	4.6
22202	1270123200	10
22202	1272715200	14.5
22202	1275393600	21.3
22202	1277985600	21.9
22202	1280664000	21.3
22202	1283342400	19.3
22202	1285934400	12
22202	1288612800	4.9
22202	1291204800	4
22202	1293883200	0.5
22202	1296561600	-0.9
22202	1298980800	8.8
22202	1301659200	12.1
22202	1304251200	13
22202	1306929600	22
22202	1309521600	23.4
22202	1312200000	23.2
22202	1314878400	17.3
22202	1317470400	11.7
22202	1320148800	4.7
22202	1322740800	-3.9
22202	1325419200	2.6
22202	1328097600	1.8
22202	1330603200	6.7
22202	1333281600	12.6
22202	1335873600	16.7
22202	1338552000	22
22202	1341144000	21.7
22202	1343822400	22.3
22202	1346500800	16.9
22202	1349092800	12.7
22202	1351771200	7.6
22202	1354363200	1.1
22202	1357041600	-0.8
22202	1359720000	1.2
22202	1362139200	7
22202	1364817600	10.3
22202	1367409600	15
22202	1370088000	22.4
22202	1372680000	21
22202	1375358400	20.7
22202	1378036800	17.7
22202	1380628800	10.2
22202	1383307200	3.5
22202	1385899200	-1.4
22202	1388577600	1.8
22202	1391256000	4.9
22202	1393675200	5.6
22203	-1861876800	2.8
22203	-1859198400	1.2
22203	-1856779200	6.7
22203	-1854100800	7.7
22203	-1851508800	10.5
22203	-1848830400	15
22203	-1846238400	16.9
22203	-1843560000	14.9
22203	-1840881600	12.2
22203	-1838289600	5.8
22203	-1835611200	0.3
22203	-1833019200	-6.6
22203	-1830340800	-1.5
22203	-1827662400	0.3
22203	-1825156800	3.4
22203	-1822478400	3.9
22203	-1819886400	11.3
22203	-1817208000	14.7
22203	-1814616000	16.7
22203	-1811937600	16.5
22203	-1809259200	12.4
22203	-1806667200	8
22203	-1803988800	2.2
22203	-1801396800	-5.4
22203	-1798718400	-2.6
22203	-1796040000	-0.7
22203	-1793620800	2
22203	-1790942400	6
22203	-1788350400	9.8
22203	-1785672000	14.3
22203	-1783080000	16.5
22203	-1780401600	17.6
22203	-1777723200	11.6
22203	-1775131200	7.1
22203	-1772452800	4.1
22203	-1769860800	-3.2
22203	-1767182400	2.2
22203	-1764504000	1.1
22203	-1762084800	3.5
22203	-1759406400	8.2
22203	-1756814400	11.8
22203	-1754136000	15.2
22203	-1751544000	16.3
22203	-1748865600	17.7
22203	-1746187200	13.8
22203	-1743595200	7
22203	-1740916800	2.8
22203	-1738324800	-2.6
22203	-1735646400	-1.9
22203	-1732968000	0.5
22203	-1730548800	1.5
22203	-1727870400	7.4
22203	-1725278400	9.3
22203	-1722600000	15.7
22203	-1720008000	18.4
22203	-1717329600	17.6
22203	-1714651200	15
22203	-1712059200	9
22203	-1709380800	3.8
22203	-1706788800	0.4
22203	-1704110400	2
22203	-1701432000	4.6
22203	-1698926400	6.4
22203	-1696248000	9.4
22203	-1693656000	12.6
22203	-1690977600	17.3
22203	-1688385600	18.7
22203	-1685707200	17.6
22203	-1683028800	14.7
22203	-1680436800	10.2
22203	-1677758400	1.9
22203	-1675166400	-1.8
22203	-1672488000	-1.1
22203	-1669809600	0.5
22203	-1667390400	2.1
22203	-1664712000	7.1
22203	-1662120000	9.5
22203	-1659441600	16.1
22203	-1656849600	20
22203	-1654171200	18.4
22203	-1651492800	15.2
22203	-1648900800	11.2
22203	-1646222400	8.1
22203	-1643630400	4.9
22203	-1640952000	-3.6
22203	-1638273600	3.3
22203	-1635854400	3.9
22203	-1633176000	6.3
22203	-1630584000	9.4
22203	-1627905600	16.6
22203	-1625313600	18.9
22203	-1622635200	17.7
22203	-1619956800	16.5
22203	-1617364800	12.5
22203	-1614686400	1.8
22203	-1612094400	-3.7
22203	-1609416000	-4.6
22203	-1606737600	-2.7
22203	-1604318400	3
22203	-1601640000	8.9
22203	-1599048000	11.6
22203	-1596369600	16.6
22203	-1593777600	17.8
22203	-1591099200	17.5
22203	-1588420800	14.4
22203	-1585828800	7.2
22203	-1583150400	2.8
22203	-1580558400	0.6
22203	-1577880000	-1.6
22203	-1575201600	2.2
22203	-1572696000	2.8
22203	-1570017600	5.4
22203	-1567425600	10.8
22203	-1564747200	14.5
22203	-1562155200	18.6
22203	-1559476800	16.7
22203	-1556798400	14.5
22203	-1554206400	6.9
22203	-1551528000	3.7
22203	-1548936000	-1.3
22203	-1546257600	0.9
22203	-1543579200	-0.5
22203	-1541160000	6.5
22203	-1538481600	5.8
22203	-1535889600	11.1
22203	-1533211200	15.4
22203	-1530619200	17.4
22203	-1527940800	15.5
22203	-1525262400	15
22203	-1522670400	9.7
22203	-1519992000	2.9
22203	-1517400000	2.1
22203	-1514721600	-2.4
22203	-1512043200	0.2
22203	-1509624000	0.7
22203	-1506945600	4.8
22203	-1504353600	11.1
22203	-1501675200	16.7
22203	-1499083200	19
22203	-1496404800	18.2
22203	-1493726400	15
22203	-1491134400	8.4
22203	-1488456000	1.7
22203	-1485864000	0.4
22203	-1483185600	0.6
22203	-1480507200	-0.2
22203	-1478088000	1
22203	-1475409600	6.3
22203	-1472817600	11.6
22203	-1470139200	13.8
22203	-1467547200	18.4
22203	-1464868800	16.6
22203	-1462190400	12.7
22203	-1459598400	5.8
22203	-1456920000	0.8
22203	-1454328000	-4.1
22203	-1451649600	-3.8
22203	-1448971200	1.7
22203	-1446465600	0.5
22203	-1443787200	5.8
22203	-1441195200	11.9
22203	-1438516800	16.9
22203	-1435924800	17.7
22203	-1433246400	17.8
22203	-1430568000	13.9
22203	-1427976000	9.4
22203	-1425297600	3.2
22203	-1422705600	-4
22203	-1420027200	-5.3
22203	-1417348800	-0.3
22203	-1414929600	4.8
22203	-1412251200	7.8
22203	-1409659200	12.4
22203	-1406980800	16.1
22203	-1404388800	18.1
22203	-1401710400	16.7
22203	-1399032000	13.7
22203	-1396440000	9.5
22203	-1393761600	4.6
22203	-1391169600	3
22203	-1388491200	-1.4
22203	-1385812800	3.7
22203	-1383393600	3.9
22203	-1380715200	8.6
22203	-1378123200	11.3
22203	-1375444800	15.3
22203	-1372852800	17.1
22203	-1370174400	17.8
22203	-1367496000	14.4
22203	-1364904000	9.5
22203	-1362225600	4
22203	-1359633600	-1.1
22203	-1356955200	1.3
22203	-1354276800	3.5
22203	-1351857600	3.8
22203	-1349179200	8
22203	-1346587200	11.2
22203	-1343908800	15.6
22203	-1341316800	18.5
22203	-1338638400	16.7
22203	-1335960000	14.1
22203	-1333368000	8.9
22203	-1330689600	5.4
22203	-1328097600	-1.2
22203	-1325419200	-0.1
22203	-1322740800	0.6
22203	-1320235200	4.8
22203	-1317556800	6.7
22203	-1314964800	11.8
22203	-1312286400	15.2
22203	-1309694400	17.8
22203	-1307016000	16.4
22203	-1304337600	14.3
22203	-1301745600	9.7
22203	-1299067200	2.6
22203	-1296475200	-2.3
22203	-1293796800	-0.9
22203	-1291118400	-1.6
22203	-1288699200	1.9
22203	-1286020800	6.1
22203	-1283428800	10.8
22203	-1280750400	16.2
22203	-1278158400	17.9
22203	-1275480000	16.9
22203	-1272801600	14.2
22203	-1270209600	7.9
22203	-1267531200	-0.1
22203	-1264939200	1.4
22203	-1262260800	-3.3
22203	-1259582400	1.7
22203	-1257163200	1.5
22203	-1254484800	7.3
22203	-1251892800	7.7
22203	-1249214400	15.2
22203	-1246622400	16.8
22203	-1243944000	16.3
22203	-1241265600	13.6
22203	-1238673600	7.7
22203	-1235995200	2.5
22203	-1233403200	-1.7
22203	-1230724800	-1.1
22203	-1228046400	1.4
22203	-1225627200	3.6
22203	-1222948800	7.1
22203	-1220356800	10.1
22203	-1217678400	15.1
22203	-1215086400	18.5
22203	-1212408000	17.2
22203	-1209729600	14.8
22203	-1207137600	9.7
22203	-1204459200	2.7
22203	-1201867200	-3.7
22203	-1199188800	-2.6
22203	-1196510400	3.5
22203	-1194004800	2.8
22203	-1191326400	8.3
22203	-1188734400	11
22203	-1186056000	14.4
22203	-1183464000	18.4
22203	-1180785600	18.8
22203	-1178107200	14.4
22203	-1175515200	9.2
22203	-1172836800	3.3
22203	-1170244800	-6.2
22203	-1167566400	-7.3
22203	-1164888000	-4.2
22203	-1162468800	3.9
22203	-1159790400	3.9
22203	-1157198400	8.7
22203	-1154520000	17.4
22203	-1151928000	19
22203	-1149249600	18.8
22203	-1146571200	15.9
22203	-1143979200	9.6
22203	-1141300800	3.8
22203	-1138708800	3.7
22203	-1136030400	1
22203	-1133352000	4.2
22203	-1130932800	6.2
22203	-1128254400	8.1
22203	-1125662400	12.6
22203	-1122984000	14.5
22203	-1120392000	19.5
22203	-1117713600	18.8
22203	-1115035200	14.4
22203	-1112443200	10.7
22203	-1109764800	4.5
22203	-1107172800	-0.2
22203	-1104494400	3.4
22203	-1101816000	2.3
22203	-1099396800	4.2
22203	-1096718400	7
22203	-1094126400	9.3
22203	-1091448000	15.7
22203	-1088856000	19.2
22203	-1086177600	17.2
22203	-1083499200	14.2
22203	-1080907200	9.6
22203	-1078228800	3.4
22203	-1075636800	0.8
22203	-1072958400	1.6
22203	-1070280000	1.2
22203	-1067774400	3.6
22203	-1065096000	8.3
22203	-1062504000	12.7
22203	-1059825600	17.6
22203	-1057233600	18.9
22203	-1054555200	17.2
22203	-1051876800	14.2
22203	-1049284800	9.7
22203	-1046606400	3.4
22203	-1044014400	1.4
22203	-1041336000	-3.6
22203	-1038657600	2.8
22203	-1036238400	4.7
22203	-1033560000	8.1
22203	-1030968000	12.6
22203	-1028289600	15
22203	-1025697600	18.1
22203	-1023019200	19.1
22203	-1020340800	15.7
22203	-1017748800	10.4
22203	-1015070400	5.4
22203	-1012478400	1.4
22203	-1009800000	-1.6
22203	-1007121600	2
22203	-1004702400	4.5
22203	-1002024000	7.3
22203	-999432000	12.3
22203	-996753600	17
22203	-994161600	19
22203	-991483200	18.5
22203	-988804800	15
22203	-986212800	9.7
22203	-983534400	1.5
22203	-980942400	1.6
22203	-978264000	-2.1
22203	-975585600	-1.9
22203	-973166400	4.1
22203	-970488000	9.3
22203	-967896000	13.1
22203	-965217600	17.8
22203	-962625600	20.4
22203	-959947200	19
22203	-957268800	15.5
22203	-954676800	7.8
22203	-951998400	4.2
22203	-949406400	2
22203	-946728000	0
22203	-944049600	-0.2
22203	-941544000	3.9
22203	-938865600	7.6
22203	-936273600	12.5
22203	-933595200	17
22203	-931003200	18.8
22203	-928324800	18.4
22203	-925646400	14.4
22203	-923054400	8.7
22203	-920376000	2.2
22203	-917784000	1.8
22203	-915105600	-0.7
22203	-912427200	3.1
22203	-910008000	3.6
22203	-907329600	5.1
22203	-904737600	11.8
22203	-902059200	14
22203	-899467200	18
22203	-896788800	18
22203	-894110400	15
22203	-891518400	8.5
22203	-888840000	2.8
22203	-886248000	0.2
22203	-883569600	-0.3
22203	-880891200	-0.8
22203	-878472000	0.5
22203	-875793600	7.6
22203	-873201600	11.5
22203	-870523200	16
22203	-867931200	19.7
22203	-865252800	18
22203	-862574400	14.5
22203	-859982400	8
22203	-857304000	4.8
22203	-854712000	0.6
22203	-852033600	-0.4
22203	-849355200	2.5
22203	-846936000	3.3
22203	-844257600	8.4
22203	-841665600	11.9
22203	-838987200	14.8
22203	-836395200	18.4
22203	-833716800	18.2
22203	-831038400	15.4
22203	-828446400	9.2
22203	-825768000	5.8
22203	-823176000	-1.6
22203	-820497600	-1.7
22203	-817819200	1.5
22203	-815313600	2.9
22203	-812635200	8.2
22203	-810043200	10.8
22203	-807364800	15.2
22203	-804772800	18.2
22203	-802094400	18.3
22203	-799416000	14.2
22203	-796824000	9.2
22203	-794145600	1.5
22203	-791553600	-0.9
22203	-788875200	-1.9
22203	-786196800	1.6
22203	-783777600	2.7
22203	-781099200	6.1
22203	-778507200	11.9
22203	-775828800	14.3
22203	-773236800	19.7
22203	-770558400	19.2
22203	-767880000	15.6
22203	-765288000	9.5
22203	-762609600	2.2
22203	-760017600	-2.1
22203	-757339200	-4.7
22203	-754660800	0.6
22203	-752241600	3.5
22203	-749563200	10.2
22203	-746971200	10.5
22203	-744292800	17.3
22203	-741700800	18.3
22203	-739022400	17.8
22203	-736344000	15.4
22203	-733752000	7.1
22203	-731073600	2.3
22203	-728481600	1.4
22203	-725803200	-3.5
22203	-723124800	2.5
22203	-720705600	3.5
22203	-718027200	6.7
22203	-715435200	12.4
22203	-712756800	14.6
22203	-710164800	18.7
22203	-707486400	17.2
22203	-704808000	14.9
22203	-702216000	8.5
22203	-699537600	-0.9
22203	-696945600	-3.4
22203	-694267200	-2.5
22203	-691588800	-2.2
22203	-689083200	-1
22203	-686404800	8.8
22203	-683812800	11.8
22203	-681134400	16.2
22203	-678542400	18.9
22203	-675864000	18.4
22203	-673185600	16.5
22203	-670593600	10
22203	-667915200	-0.2
22203	-665323200	1.8
22203	-662644800	-4.4
22203	-659966400	-0.9
22203	-657547200	3.7
22203	-654868800	8.3
22203	-652276800	11.9
22203	-649598400	15.5
22203	-647006400	18.4
22203	-644328000	18.4
22203	-641649600	16.9
22203	-639057600	7.7
22203	-636379200	5.7
22203	-633787200	-1.2
22203	-631108800	-0.3
22203	-628430400	3.2
22203	-626011200	4.9
22203	-623332800	8.9
22203	-620740800	11
22203	-618062400	16.1
22203	-615470400	18.6
22203	-612792000	18
22203	-610113600	14.2
22203	-607521600	12.9
22203	-604843200	5.2
22203	-602251200	2.3
22203	-599572800	-0.3
22203	-596894400	1.2
22203	-594475200	4.2
22203	-591796800	7.3
22203	-589204800	11.1
22203	-586526400	13.8
22203	-583934400	20.4
22203	-581256000	18.9
22203	-578577600	16
22203	-575985600	8.9
22203	-573307200	3
22203	-570715200	-1.4
22203	-568036800	0.9
22203	-565358400	-0.5
22203	-562852800	0.3
22203	-560174400	6.7
22203	-557582400	11.7
22203	-554904000	15.8
22203	-552312000	17.8
22203	-549633600	18.6
22203	-546955200	15
22203	-544363200	10.6
22203	-541684800	0.2
22203	-539092800	-1.8
22203	-536414400	1
22203	-533736000	-1.1
22203	-531316800	4.3
22203	-528638400	7.5
22203	-526046400	9.5
22203	-523368000	15.7
22203	-520776000	19.1
22203	-518097600	17.1
22203	-515419200	15.4
22203	-512827200	8
22203	-510148800	3.8
22203	-507556800	-3.9
22203	-504878400	0.7
22203	-502200000	3.3
22203	-499780800	3.7
22203	-497102400	9.3
22203	-494510400	12.5
22203	-491832000	15.7
22203	-489240000	19.3
22203	-486561600	17.5
22203	-483883200	15.5
22203	-481291200	10.4
22203	-478612800	3.7
22203	-476020800	-1
22203	-473342400	-3.8
22203	-470664000	-3
22203	-468244800	3.8
22203	-465566400	6.3
22203	-462974400	10.6
22203	-460296000	15
22203	-457704000	18.3
22203	-455025600	18.5
22203	-452347200	15.3
22203	-449755200	10.2
22203	-447076800	3.2
22203	-444484800	2.1
22203	-441806400	2
22203	-439128000	-2.1
22203	-436622400	4
22203	-433944000	6.4
22203	-431352000	11.8
22203	-428673600	17.1
22203	-426081600	18.3
22203	-423403200	17.4
22203	-420724800	16.2
22203	-418132800	9.6
22203	-415454400	-0.2
22203	-412862400	-1.7
22203	-410184000	1.2
22203	-407505600	5.5
22203	-405086400	4.5
22203	-402408000	6.2
22203	-399816000	9.3
22203	-397137600	16.3
22203	-394545600	18.7
22203	-391867200	17.7
22203	-389188800	14.4
22203	-386596800	8.1
22203	-383918400	0.1
22203	-381326400	0.6
22203	-378648000	-2.5
22203	-375969600	2.3
22203	-373550400	1.1
22203	-370872000	6.2
22203	-368280000	12.8
22203	-365601600	17.1
22203	-363009600	19.1
22203	-360331200	18.7
22203	-357652800	14.6
22203	-355060800	8.8
22203	-352382400	1.6
22203	-349790400	0.6
22203	-347112000	-1.3
22203	-344433600	0
22203	-342014400	2.7
22203	-339336000	8.7
22203	-336744000	10.9
22203	-334065600	16.4
22203	-331473600	20
22203	-328795200	18
22203	-326116800	14.9
22203	-323524800	8.1
22203	-320846400	1.4
22203	-318254400	-1.3
22203	-315576000	-4.8
22203	-312897600	-3.4
22203	-310392000	5.2
22203	-307713600	7.4
22203	-305121600	9.4
22203	-302443200	15.2
22203	-299851200	18.8
22203	-297172800	18.5
22203	-294494400	14.8
22203	-291902400	6.6
22203	-289224000	2.3
22203	-286632000	-4.3
22203	-283953600	-2.2
22203	-281275200	0.5
22203	-278856000	2.8
22203	-276177600	5.9
22203	-273585600	10.2
22203	-270907200	16.8
22203	-268315200	19.6
22203	-265636800	18.3
22203	-262958400	13.1
22203	-260366400	8.5
22203	-257688000	0.9
22203	-255096000	-2.4
22203	-252417600	-3.8
22203	-249739200	1.1
22203	-247320000	0.1
22203	-244641600	8.7
22203	-242049600	9.9
22203	-239371200	13.7
22203	-236779200	18.3
22203	-234100800	18.4
22203	-231422400	15.4
22203	-228830400	9.3
22203	-226152000	3.9
22203	-223560000	-0.6
22203	-220881600	-2.8
22203	-218203200	3.3
22203	-215784000	3.4
22203	-213105600	8.3
22203	-210513600	13.6
22203	-207835200	15.3
22203	-205243200	20
22203	-202564800	17.4
22203	-199886400	16.2
22203	-197294400	10.9
22203	-194616000	3.7
22203	-192024000	-1.7
22203	-189345600	-3.1
22203	-186667200	-3.2
22203	-184161600	1.5
22203	-181483200	6
22203	-178891200	11.8
22203	-176212800	15.3
22203	-173620800	19.2
22203	-170942400	17.6
22203	-168264000	14.1
22203	-165672000	10.1
22203	-162993600	1.7
22203	-160401600	0.6
22203	-157723200	1
22203	-155044800	-0.2
22203	-152625600	2.2
22203	-149947200	7.1
22203	-147355200	10
22203	-144676800	13.6
22203	-142084800	18.8
22203	-139406400	18.2
22203	-136728000	14.1
22203	-134136000	9.4
22203	-131457600	5.4
22203	-128865600	0.4
22203	-126187200	-2.5
22203	-123508800	-1.1
22203	-121089600	5
22203	-118411200	8.4
22203	-115819200	13.2
22203	-113140800	16.1
22203	-110548800	20
22203	-107870400	19.1
22203	-105192000	14.8
22203	-102600000	9.2
22203	-99921600	5.7
22203	-97329600	0.1
22203	-94651200	-1
22203	-91972800	1.5
22203	-89553600	5.3
22203	-86875200	7.2
22203	-84283200	8.2
22203	-81604800	13.3
22203	-79012800	18.3
22203	-76334400	17.3
22203	-73656000	14.5
22203	-71064000	8
22203	-68385600	4.1
22203	-65793600	-4
22203	-63115200	-2
22203	-60436800	3.1
22203	-57931200	2.8
22203	-55252800	5.4
22203	-52660800	9.7
22203	-49982400	14.4
22203	-47390400	16.9
22203	-44712000	15.1
22203	-42033600	13
22203	-39441600	7.9
22203	-36763200	0.7
22203	-34171200	-2.5
22203	-31492800	2.7
22203	-28814400	0.5
22203	-26395200	1.3
22203	-23716800	7.6
22203	-21124800	11.8
22203	-18446400	15.4
22203	-15854400	19.3
22203	-13176000	19.9
22203	-10497600	15.8
22203	-7905600	8.2
22203	-5227200	2.7
22203	-2635200	1.4
22203	43200	-0.5
22203	2721600	2.3
22203	5140800	2.3
22203	7819200	4.2
22203	10411200	11.9
22203	13089600	15.9
22203	15681600	19.8
22203	18360000	18.3
22203	21038400	13.9
22203	23630400	7
22203	26308800	5
22203	28900800	1.1
22203	31579200	-0.5
22203	34257600	0.6
22203	36676800	4.6
22203	39355200	6.6
22203	41947200	10.2
22203	44625600	16.3
22203	47217600	20.2
22203	49896000	17.9
22203	52574400	14.2
22203	55166400	7.4
22204	-3792052800	5.2
22204	-3789460800	2.7
22204	-3786782400	4.3
22204	-3784104000	4.5
22204	-3781684800	9.3
22204	-3779006400	12.9
22204	-3776414400	17.4
22204	-3773736000	23.1
22204	-3771144000	26.2
22204	-3768465600	28.1
22204	-3765787200	23.1
22204	-3763195200	15.8
22204	-3760516800	6.6
22204	-3757924800	-1.3
22204	-3755246400	1.9
22204	-3752568000	2.2
22204	-3750148800	8.9
22204	-3747470400	15.2
22204	-3744878400	20
22204	-3742200000	26.3
22204	-3739608000	26.7
22204	-3736929600	25.8
22205	-3026721600	2.1
22205	-3024302400	6.3
22205	-3021624000	9.9
22205	-3019032000	17.9
22205	-3016353600	23.8
22205	-3013761600	23.6
22205	-3011083200	23.9
22205	-3008404800	21.2
22205	-3005812800	14
22205	-3003134400	7.5
22205	-3000542400	2.1
22205	-2997864000	2
22205	-2995185600	3.5
22205	-2992766400	5.2
22205	-2990088000	12.2
22205	-2987496000	19.4
22205	-2984817600	23.4
22205	-2982225600	22.9
22205	-2979547200	22.7
22205	-2976868800	19
22205	-2974276800	15.6
22205	-2971598400	6.3
22205	-2969006400	2.6
22205	-2966328000	2.2
22205	-2963649600	3.9
22205	-2961144000	5.8
22206	-2450952000	22.8
22206	-2448273600	28
22207	-2416737600	17.9
22207	-2414145600	16.6
22207	-2411467200	15.3
22207	-2408788800	13.5
22207	-2406196800	7.7
22207	-2403518400	3.3
22207	-2400926400	2.1
22207	-2398248000	-1.3
22207	-2395569600	-1.5
22207	-2393150400	3.4
22207	-2390472000	9.4
22207	-2387880000	13.8
22207	-2385201600	15.9
22207	-2382609600	16.9
22207	-2379931200	15.4
22207	-2377252800	13.6
22207	-2374660800	10.9
22207	-2371982400	5.2
22207	-2369390400	3.4
22207	-2366712000	0
22207	-2364033600	-1.9
22207	-2361614400	4.6
22207	-2358936000	9.1
22207	-2356344000	12.3
22207	-2353665600	16.1
22207	-2351073600	16.6
22207	-2348395200	16.3
22207	-2345716800	14.5
22207	-2343124800	7.4
22207	-2340446400	2.7
22207	-2337854400	-1.6
22207	-2335176000	1.4
22207	-2332497600	0.3
22207	-2329992000	5
22207	-2327313600	8.8
22207	-2324721600	15.1
22207	-2322043200	20.5
22207	-2319451200	18.3
22207	-2316772800	16.2
22207	-2314094400	14.6
22207	-2311502400	7.8
22207	-2308824000	5.6
22207	-2306232000	1.1
22207	-2303553600	-1.4
22207	-2300875200	2.5
22207	-2298456000	3.7
22207	-2295777600	8.9
22207	-2293185600	14
22207	-2290507200	17.2
22207	-2287915200	17
22207	-2285236800	15.6
22207	-2282558400	13.5
22207	-2279966400	8.2
22207	-2277288000	6
22207	-2274696000	-0.6
22207	-2272017600	-0.6
22207	-2269339200	4.3
22207	-2266920000	3.1
22207	-2264241600	8.9
22207	-2261649600	12.2
22207	-2258971200	17.1
22207	-2256379200	17
22207	-2253700800	16.2
22207	-2251022400	12.8
22207	-2248430400	8.6
22207	-2245752000	3.5
22207	-2243160000	-3
22207	-2240481600	0.6
22207	-2237803200	-0.7
22207	-2235384000	4.7
22207	-2232705600	7.3
22207	-2230113600	11.9
22207	-2227435200	17.1
22207	-2224843200	17.4
22207	-2222164800	17
22207	-2219486400	15
22207	-2216894400	8.9
22207	-2214216000	4.3
22207	-2211624000	0.8
22207	-2208945600	1.4
22207	-2206267200	0.5
22207	-2203848000	6
22207	-2201169600	6.5
22207	-2198577600	13.3
22207	-2195899200	19.1
22207	-2193307200	18.3
22207	-2190628800	17.3
22207	-2187950400	15.2
22207	-2185358400	9.9
22207	-2182680000	6.2
22207	-2180088000	1
22207	-2177409600	1.3
22207	-2174731200	2.5
22207	-2172312000	4.1
22207	-2169633600	7.7
22207	-2167041600	13.4
22207	-2164363200	17
22207	-2161771200	18.3
22207	-2159092800	18.3
22207	-2156414400	15.1
22207	-2153822400	9.6
22207	-2151144000	6
22207	-2148552000	1.7
22207	-2145873600	1.2
22207	-2143195200	2.2
22207	-2140776000	3
22207	-2138097600	10.7
22207	-2135505600	13.4
22207	-2132827200	20.1
22207	-2130235200	16.6
22207	-2127556800	16.8
22207	-2124878400	13.6
22207	-2122286400	9.6
22207	-2119608000	4.7
22207	-2117016000	1.8
22207	-2114337600	0.9
22207	-2111659200	-1.2
22207	-2109240000	3.8
22207	-2106561600	9.2
22207	-2103969600	12.1
22207	-2101291200	16
22207	-2098699200	18.5
22207	-2096020800	17.7
22207	-2093342400	14.7
22207	-2090750400	7.9
22207	-2088072000	5.9
22207	-2085480000	-0.3
22207	-2082801600	-0.3
22207	-2080123200	5.4
22207	-2077617600	6.5
22207	-2074939200	9.1
22207	-2072347200	12.6
22207	-2069668800	16.8
22207	-2067076800	17.5
22207	-2064398400	16.4
22207	-2061720000	14.2
22207	-2059128000	8.7
22207	-2056449600	4.3
22207	-2053857600	0.8
22207	-2051179200	1.8
22207	-2048500800	0.9
22207	-2046081600	4.8
22207	-2043403200	7
22207	-2040811200	12.2
22207	-2038132800	18.3
22207	-2035540800	17.1
22207	-2032862400	17.1
22207	-2030184000	15
22207	-2027592000	9.3
22207	-2024913600	4.5
22207	-2022321600	-2.3
22207	-2019643200	-0.4
22207	-2016964800	2
22207	-2014545600	4.5
22207	-2011867200	8.5
22207	-2009275200	13.3
22207	-2006596800	20
22207	-2004004800	17
22207	-2001326400	15.6
22207	-1998648000	14.3
22207	-1996056000	8.3
22207	-1993377600	3.4
22207	-1990785600	3
22207	-1988107200	3
22207	-1985428800	4.2
22207	-1983009600	7.1
22207	-1980331200	8.2
22207	-1977739200	10.2
22207	-1975060800	17.1
22207	-1972468800	18
22207	-1969790400	17.3
22207	-1967112000	14.9
22207	-1964520000	9.2
22207	-1961841600	2.7
22207	-1959249600	2.5
22207	-1956571200	1.5
22207	-1953892800	2.2
22207	-1951387200	6.3
22207	-1948708800	8.4
22207	-1946116800	11.3
22207	-1943438400	18.1
22207	-1940846400	16.9
22207	-1938168000	16.1
22207	-1935489600	14.2
22207	-1932897600	7.7
22207	-1930219200	3.4
22207	-1927627200	2.2
22207	-1924948800	4.3
22207	-1922270400	1.4
22207	-1919851200	2.4
22207	-1917172800	7.9
22207	-1914580800	11
22207	-1911902400	18.4
22207	-1909310400	18.2
22207	-1906632000	16.9
22207	-1903953600	14.3
22207	-1901361600	10.2
22207	-1898683200	5.8
22207	-1896091200	-2.2
22207	-1893412800	2
22207	-1890734400	1.5
22207	-1888315200	7.5
22207	-1885636800	9.7
22207	-1883044800	14
22207	-1880366400	17.9
22207	-1877774400	18.9
22207	-1875096000	18.2
22207	-1872417600	16
22207	-1869825600	9.7
22207	-1867147200	6
22207	-1864555200	2.8
22207	-1861876800	4
22207	-1859198400	1.9
22207	-1856779200	6.9
22207	-1854100800	8.8
22207	-1851508800	13.5
22207	-1848830400	17
22207	-1846238400	16.5
22207	-1843560000	17.8
22207	-1840881600	16.2
22207	-1838289600	9
22207	-1835611200	2.8
22207	-1833019200	-1.1
22207	-1830340800	0.8
22207	-1827662400	1.1
22207	-1825156800	4.2
22207	-1822478400	6.2
22207	-1819886400	12.7
22207	-1817208000	16.6
22207	-1814616000	17.7
22207	-1811937600	16.8
22207	-1809259200	13.4
22207	-1806667200	8.4
22207	-1803988800	3.2
22207	-1801396800	-2.1
22207	-1798718400	-2.6
22207	-1796040000	0.8
22207	-1793620800	2.5
22207	-1790942400	7.3
22207	-1788350400	12.5
22207	-1785672000	16.6
22207	-1783080000	17.7
22207	-1780401600	17.1
22207	-1777723200	12.1
22207	-1775131200	9.1
22207	-1772452800	6.2
22207	-1769860800	-1.4
22207	-1767182400	3
22207	-1764504000	1.9
22207	-1762084800	3.4
22207	-1759406400	9.1
22207	-1756814400	13.7
22207	-1754136000	17.1
22207	-1751544000	16
22207	-1748865600	17.2
22207	-1746187200	14.9
22207	-1743595200	8.9
22207	-1740916800	6.5
22207	-1738324800	0.3
22207	-1735646400	-0.9
22207	-1732968000	1.5
22207	-1730548800	2
22207	-1727870400	7.8
22207	-1725278400	11.6
22207	-1722600000	17.2
22207	-1720008000	17.4
22207	-1717329600	16.3
22207	-1714651200	13.7
22207	-1712059200	9
22207	-1709380800	4.2
22207	-1706788800	1.1
22207	-1704110400	3
22207	-1701432000	4.3
22207	-1698926400	7.3
22207	-1696248000	7.9
22207	-1693656000	13
22207	-1690977600	18.6
22207	-1688385600	17.7
22207	-1685707200	16.6
22207	-1683028800	14.2
22207	-1680436800	10
22207	-1677758400	4.6
22207	-1675166400	0.2
22207	-1672488000	1.1
22207	-1669809600	2
22207	-1667390400	3.3
22207	-1664712000	7.2
22207	-1662120000	10.3
22207	-1659441600	17.1
22207	-1656849600	19
22207	-1654171200	17.1
22207	-1651492800	14.7
22207	-1648900800	10.2
22207	-1646222400	6.6
22207	-1643630400	4
22207	-1640952000	-1.1
22207	-1638273600	4.3
22207	-1635854400	5.7
22207	-1633176000	7.6
22207	-1630584000	11.9
22207	-1627905600	17.9
22207	-1625313600	18.3
22207	-1622635200	16.5
22207	-1619956800	15
22207	-1617364800	10
22207	-1614686400	1.4
22207	-1612094400	-0.1
22207	-1609416000	-1.2
22207	-1606737600	-0.4
22207	-1604318400	3.7
22207	-1601640000	8.7
22207	-1599048000	12.9
22207	-1596369600	15.6
22207	-1593777600	16.7
22207	-1591099200	17.7
22207	-1588420800	14.3
22207	-1585828800	9.6
22207	-1583150400	5.1
22207	-1580558400	3.7
22207	-1577880000	2.2
22207	-1575201600	4.1
22207	-1572696000	3.1
22207	-1570017600	6
22207	-1567425600	13.6
22207	-1564747200	16.1
22207	-1562155200	17.9
22207	-1559476800	16.8
22207	-1556798400	14.9
22207	-1554206400	9
22207	-1551528000	4.6
22207	-1548936000	-0.4
22207	-1546257600	3.4
22207	-1543579200	2.5
22207	-1541160000	6.6
22207	-1538481600	7.4
22207	-1535889600	13.2
22207	-1533211200	16.3
22207	-1530619200	16.7
22207	-1527940800	16.8
22207	-1525262400	16
22207	-1522670400	10.9
22207	-1519992000	6.5
22207	-1517400000	3.9
22207	-1514721600	0.1
22207	-1512043200	2.8
22207	-1509624000	3.9
22207	-1506945600	7.8
22207	-1504353600	13.1
22207	-1501675200	18
22207	-1499083200	18.2
22207	-1496404800	18.4
22207	-1493726400	15.4
22207	-1491134400	9.7
22207	-1488456000	2.4
22207	-1485864000	3.2
22207	-1483185600	2.9
22207	-1480507200	0.5
22207	-1478088000	2.4
22207	-1475409600	8.5
22207	-1472817600	14
22207	-1470139200	18.3
22207	-1467547200	18.3
22207	-1464868800	16.7
22207	-1462190400	13.8
22207	-1459598400	8.6
22207	-1456920000	3.8
22207	-1454328000	-0.2
22207	-1451649600	-1
22207	-1448971200	2.4
22207	-1446465600	2.1
22207	-1443787200	7.3
22207	-1441195200	12.7
22207	-1438516800	19.7
22207	-1435924800	17.7
22207	-1433246400	18.1
22207	-1430568000	14.6
22207	-1427976000	10.2
22207	-1425297600	7.2
22207	-1422705600	0.2
22207	-1420027200	-1.2
22207	-1417348800	3.9
22207	-1414929600	6.5
22207	-1412251200	10.6
22207	-1409659200	13.9
22207	-1406980800	17.6
22207	-1404388800	18.6
22207	-1401710400	15.9
22207	-1399032000	15.4
22207	-1396440000	9.1
22207	-1393761600	3.9
22207	-1391169600	-1.3
22207	-1388491200	-2.4
22207	-1385812800	3.8
22207	-1383393600	3.2
22207	-1380715200	7.5
22207	-1378123200	11.6
22207	-1375444800	17.6
22207	-1372852800	17.2
22207	-1370174400	16.8
22207	-1367496000	16
22207	-1364904000	10.3
22207	-1362225600	5.4
22207	-1359633600	0.2
22207	-1356955200	3.7
22207	-1354276800	2.6
22207	-1351857600	2.8
22207	-1349179200	9.1
22207	-1346587200	14.6
22207	-1343908800	17.2
22207	-1341316800	18.8
22207	-1338638400	17
22207	-1335960000	14.8
22207	-1333368000	9.7
22207	-1330689600	7.9
22207	-1328097600	-0.6
22207	-1325419200	1.5
22207	-1322740800	2.8
22207	-1320235200	6
22207	-1317556800	8.2
22207	-1314964800	13
22207	-1312286400	17.5
22207	-1309694400	18.7
22207	-1307016000	15.9
22207	-1304337600	14.3
22207	-1301745600	10.9
22207	-1299067200	4
22207	-1296475200	0.5
22207	-1293796800	-0.5
22207	-1291118400	-0.3
22207	-1288699200	3.6
22207	-1286020800	8.8
22207	-1283428800	12
22207	-1280750400	18.3
22207	-1278158400	17.6
22207	-1275480000	16.5
22207	-1272801600	15.4
22207	-1270209600	9.4
22207	-1267531200	1.7
22207	-1264939200	0.7
22207	-1262260800	-1.2
22207	-1259582400	4
22207	-1257163200	2.9
22207	-1254484800	11
22207	-1251892800	11.5
22207	-1249214400	18.1
22207	-1246622400	17.5
22207	-1243944000	17.9
22207	-1241265600	15.3
22207	-1238673600	10.1
22207	-1235995200	3.3
22207	-1233403200	-0.5
22207	-1230724800	-0.5
22207	-1228046400	0.7
22207	-1225627200	3.3
22207	-1222948800	7.6
22207	-1220356800	12.5
22207	-1217678400	18.7
22207	-1215086400	18.8
22207	-1212408000	16.9
22207	-1209729600	16.7
22207	-1207137600	11.7
22207	-1204459200	3.4
22207	-1201867200	-0.8
22207	-1199188800	-2.4
22207	-1196510400	3.6
22207	-1194004800	2.9
22207	-1191326400	8.9
22207	-1188734400	13
22207	-1186056000	16.9
22207	-1183464000	18.2
22207	-1180785600	18.5
22207	-1178107200	15
22207	-1175515200	9.8
22207	-1172836800	6
22207	-1170244800	0.7
22207	-1167566400	-0.2
22207	-1164888000	0.5
22207	-1162468800	5.3
22207	-1159790400	6.8
22207	-1157198400	12.2
22207	-1154520000	16.9
22207	-1151928000	17.9
22207	-1149249600	17.5
22207	-1146571200	16.6
22207	-1143979200	10.7
22207	-1141300800	5.4
22207	-1138708800	2.1
22207	-1136030400	0.5
22207	-1133352000	3.4
22207	-1130932800	5.6
22207	-1128254400	11.1
22207	-1125662400	15.3
22207	-1122984000	17.9
22207	-1120392000	20.1
22207	-1117713600	18.9
22207	-1115035200	15.7
22207	-1112443200	11.7
22207	-1109764800	4.7
22207	-1107172800	1.5
22207	-1104494400	3.1
22207	-1101816000	0.7
22207	-1099396800	6
22207	-1096718400	9.1
22207	-1094126400	11.1
22207	-1091448000	18.3
22207	-1088856000	19.4
22207	-1086177600	17.6
22207	-1083499200	14.5
22207	-1080907200	10.5
22207	-1078228800	4.5
22207	-1075636800	0.7
22207	-1072958400	-0.2
22207	-1070280000	1.3
22207	-1067774400	5.2
22207	-1065096000	10.4
22207	-1062504000	14.2
22207	-1059825600	18.3
22207	-1057233600	17.9
22207	-1054555200	17.8
22207	-1051876800	14.4
22207	-1049284800	9
22207	-1046606400	2.7
22207	-1044014400	0.9
22207	-1041336000	-1.7
22207	-1038657600	-0.3
22207	-1036238400	2.1
22207	-1033560000	9.3
22207	-1030968000	14
22207	-1028289600	18.8
22207	-1025697600	19.3
22207	-1023019200	18.5
22207	-1020340800	16
22207	-1017748800	10.4
22207	-1015070400	6
22207	-1012478400	1.2
22207	-1009800000	0.1
22207	-1007121600	2.7
22207	-1004702400	5.3
22207	-1002024000	9.7
22207	-999432000	13.6
22207	-996753600	16.8
22207	-994161600	17
22207	-991483200	17.9
22207	-988804800	14.7
22207	-986212800	11.6
22207	-983534400	3.4
22207	-980942400	1.6
22207	-978264000	-1.1
22207	-975585600	-2.7
22207	-973166400	5.5
22207	-970488000	10.7
22207	-967896000	14.1
22207	-965217600	18.1
22207	-962625600	17.9
22207	-959947200	17.1
22207	-957268800	15.4
22207	-954676800	9
22207	-951998400	4.1
22207	-949406400	3.1
22207	-946728000	-0.4
22207	-944049600	1
22207	-941544000	6.6
22207	-938865600	9
22207	-936273600	14.7
22207	-933595200	17.1
22207	-931003200	19.1
22207	-928324800	16.8
22207	-925646400	15.6
22207	-923054400	10.4
22207	-920376000	3.6
22207	-917784000	3.5
22207	-915105600	0.4
22207	-912427200	3.4
22207	-910008000	3.8
22207	-907329600	7
22207	-904737600	13.5
22207	-902059200	15.9
22207	-899467200	17.5
22207	-896788800	17
22207	-894110400	14.4
22207	-891518400	9.4
22207	-888840000	4.7
22207	-886248000	1.9
22207	-883569600	1.4
22207	-880891200	0.6
22207	-878472000	3.3
22207	-875793600	8
22207	-873201600	13.1
22207	-870523200	18.5
22207	-867931200	18.1
22207	-865252800	16.8
22207	-862574400	14.6
22207	-859982400	9.3
22207	-857304000	6.4
22207	-854712000	2.3
22207	-852033600	0.8
22207	-849355200	3.8
22207	-846936000	5
22207	-844257600	12.2
22207	-841665600	13.9
22207	-838987200	17.1
22207	-836395200	18.1
22207	-833716800	19.2
22207	-831038400	14.5
22207	-828446400	9.4
22207	-825768000	4.4
22207	-823176000	0.4
22207	-820497600	-0.5
22207	-817819200	1.7
22207	-815313600	3
22207	-812635200	6.9
22207	-810043200	12.7
22207	-807364800	16.8
22207	-804772800	18.7
22207	-802094400	18.2
22207	-799416000	14.8
22207	-796824000	10.7
22207	-794145600	3.4
22207	-791553600	0.7
22207	-788875200	0.8
22207	-786196800	3.3
22207	-783777600	4.5
22207	-781099200	8.2
22207	-778507200	13.8
22207	-775828800	16.9
22207	-773236800	18.2
22207	-770558400	18.3
22207	-767880000	15.6
22207	-765288000	10.5
22207	-762609600	6.4
22207	-760017600	0.9
22207	-757339200	-1.2
22207	-754660800	2.5
22207	-752241600	4.8
22207	-749563200	11.4
22207	-746971200	12.3
22207	-744292800	18.7
22207	-741700800	18
22207	-739022400	17.7
22207	-736344000	15.5
22207	-733752000	10.4
22207	-731073600	4.1
22207	-728481600	3.4
22207	-725803200	-1.3
22207	-723124800	3.2
22207	-720705600	4.3
22207	-718027200	8
22207	-715435200	14.3
22207	-712756800	17.3
22207	-710164800	19.2
22207	-707486400	17
22207	-704808000	15.9
22207	-702216000	12.4
22207	-699537600	2.6
22207	-696945600	-0.1
22207	-694267200	0.2
22207	-691588800	2.5
22207	-689083200	2.1
22207	-686404800	10.9
22207	-683812800	14.3
22207	-681134400	18.3
22207	-678542400	18.6
22207	-675864000	17.8
22207	-673185600	15.3
22207	-670593600	9.6
22207	-667915200	2.3
22207	-665323200	2.9
22207	-662644800	-2.9
22207	-659966400	1.5
22207	-657547200	6
22207	-654868800	8.5
22207	-652276800	13.4
22207	-649598400	17.3
22207	-647006400	17.7
22207	-644328000	16.8
22207	-641649600	14.6
22207	-639057600	9
22207	-636379200	7.9
22207	-633787200	1.1
22207	-631108800	2.7
22207	-628430400	3.9
22207	-626011200	5.4
22207	-623332800	10
22207	-620740800	12.6
22207	-618062400	17.9
22207	-615470400	17.3
22207	-612792000	17.7
22207	-610113600	14.7
22207	-607521600	13.7
22207	-604843200	6.8
22207	-602251200	4
22207	-599572800	0.8
22207	-596894400	2.4
22207	-594475200	4.4
22207	-591796800	7.8
22207	-589204800	13.4
22207	-586526400	17.6
22207	-583934400	19.6
22207	-581256000	18.2
22207	-578577600	16.8
22207	-575985600	11.3
22207	-573307200	3.7
22207	-570715200	1.2
22207	-568036800	3.5
22207	-565358400	0.4
22207	-562852800	1.7
22207	-560174400	7.8
22207	-557582400	12.8
22207	-554904000	17.8
22207	-552312000	17.6
22207	-549633600	19.4
22207	-546955200	16.1
22207	-544363200	12
22207	-541684800	3.5
22207	-539092800	0.8
22207	-536414400	3.4
22207	-533736000	1.5
22207	-531316800	6.1
22207	-528638400	9
22207	-526046400	11.2
22207	-523368000	19.4
22207	-520776000	18.7
22207	-518097600	18.1
22207	-515419200	16.2
22207	-512827200	10.4
22207	-510148800	6
22207	-507556800	0.2
22207	-504878400	3.2
22207	-502200000	5.1
22207	-499780800	4.4
22207	-497102400	11.9
22207	-494510400	13.4
22207	-491832000	17.9
22207	-489240000	19
22207	-486561600	17.6
22207	-483883200	16.3
22207	-481291200	12
22207	-478612800	6.5
22207	-476020800	2.3
22207	-473342400	-0.9
22207	-470664000	0
22207	-468244800	5.1
22207	-465566400	9
22207	-462974400	12.5
22207	-460296000	16.7
22207	-457704000	16.4
22207	-455025600	16.4
22207	-452347200	16
22207	-449755200	11.2
22207	-447076800	4.7
22207	-444484800	3.7
22207	-441806400	3.2
22207	-439128000	-0.1
22207	-436622400	5.8
22207	-433944000	7.7
22207	-431352000	15
22207	-428673600	18.8
22207	-426081600	17.7
22207	-423403200	16.4
22207	-420724800	16.6
22207	-418132800	11.8
22207	-415454400	4.1
22207	-412862400	1.4
22207	-410184000	3.8
22207	-407505600	6.8
22207	-405086400	4.6
22207	-402408000	8.4
22207	-399816000	11.6
22207	-397137600	17.8
22207	-394545600	19.6
22207	-391867200	17.2
22207	-389188800	14.8
22207	-386596800	8.8
22207	-383918400	2.4
22207	-381326400	3.2
22207	-378648000	-0.2
22207	-375969600	2.7
22207	-373550400	1.8
22207	-370872000	8.1
22207	-368280000	14
22207	-365601600	18.4
22207	-363009600	19.7
22207	-360331200	17.8
22207	-357652800	14.9
22207	-355060800	9.1
22207	-352382400	5.2
22207	-349790400	4
22207	-347112000	1.6
22207	-344433600	2.1
22207	-342014400	3.8
22207	-339336000	9.3
22207	-336744000	13.2
22207	-334065600	18.6
22207	-331473600	17.8
22207	-328795200	16.7
22207	-326116800	15.7
22207	-323524800	11.3
22207	-320846400	4.8
22207	-318254400	2.2
22207	-315576000	0.1
22207	-312897600	0.9
22207	-310392000	6.4
22207	-307713600	9.3
22207	-305121600	12.3
22207	-302443200	19.7
22207	-299851200	17.3
22207	-297172800	17.5
22207	-294494400	15.4
22207	-291902400	10.5
22207	-289224000	6.3
22207	-286632000	0.1
22207	-283953600	0.3
22207	-281275200	1.2
22207	-278856000	3.9
22207	-276177600	8.2
22207	-273585600	14
22207	-270907200	18.4
22207	-268315200	17.7
22207	-265636800	16.5
22207	-262958400	13.5
22207	-260366400	9.8
22207	-257688000	4.5
22207	-255096000	1.7
22207	-252417600	-1.2
22207	-249739200	4.9
22207	-247320000	3.6
22207	-244641600	9.5
22207	-242049600	13.1
22207	-239371200	16.9
22207	-236779200	16.8
22207	-234100800	18.1
22207	-231422400	14.3
22207	-228830400	10.9
22207	-226152000	6.1
22207	-223560000	2.3
22207	-220881600	-0.7
22207	-218203200	2.5
22207	-215784000	4.9
22207	-213105600	9.4
22207	-210513600	14.9
22207	-207835200	17.6
22207	-205243200	20.2
22207	-202564800	17
22207	-199886400	15.5
22207	-197294400	11.9
22207	-194616000	5.7
22207	-192024000	0.9
22207	-189345600	-1.2
22207	-186667200	-2
22207	-184161600	2.8
22207	-181483200	7.5
22207	-178891200	13.3
22207	-176212800	17.7
22207	-173620800	19.2
22207	-170942400	18.8
22207	-168264000	15
22207	-165672000	11.8
22207	-162993600	5
22207	-160401600	1.5
22207	-157723200	3.1
22207	-155044800	0.1
22207	-152625600	2.5
22207	-149947200	9.3
22207	-147355200	12.6
22207	-144676800	16.5
22207	-142084800	18.9
22207	-139406400	16.8
22207	-136728000	14.1
22207	-134136000	11.4
22207	-131457600	7.1
22207	-128865600	2.1
22207	-126187200	-2
22207	-123508800	-2.5
22207	-121089600	5
22207	-118411200	8.8
22207	-115819200	13.5
22207	-113140800	16.8
22207	-110548800	19.1
22207	-107870400	17.7
22207	-105192000	14.9
22207	-102600000	9.7
22207	-99921600	6.4
22207	-97329600	1.8
22207	-94651200	0.8
22207	-91972800	2.7
22207	-89553600	7.5
22207	-86875200	9.9
22207	-84283200	12.9
22207	-81604800	17
22207	-79012800	18.9
22207	-76334400	16.2
22207	-73656000	14.5
22207	-71064000	11.1
22207	-68385600	6.2
22207	-65793600	-0.6
22207	-63115200	0.6
22207	-60436800	2.9
22207	-57931200	3.1
22207	-55252800	6.8
22207	-52660800	13
22207	-49982400	17.9
22207	-47390400	17.1
22207	-44712000	16.7
22207	-42033600	14.2
22207	-39441600	12.2
22207	-36763200	3.6
22207	-34171200	-0.6
22207	-31492800	2.9
22207	-28814400	1.4
22207	-26395200	1.7
22207	-23716800	9.8
22207	-21124800	13.6
22207	-18446400	17.6
22207	-15854400	20.2
22207	-13176000	18.9
22207	-10497600	15.2
22207	-7905600	10
22207	-5227200	3.9
22207	-2635200	2.3
22207	43200	0.6
22207	2721600	2.3
22207	5140800	2.9
22207	7819200	7.2
22207	10411200	13.2
22207	13089600	16.7
22207	15681600	18.6
22207	18360000	17.7
22207	21038400	14.7
22207	23630400	7.6
22207	26308800	4.7
22207	28900800	2.9
22207	31579200	1.5
22207	34257600	1.7
22207	36676800	5.8
22207	39355200	7.7
22207	41947200	12
22207	44625600	17.8
22207	47217600	18.9
22207	49896000	16
22207	52574400	14.3
22207	55166400	9.3
22207	57844800	4.8
22207	60436800	1.4
22207	63115200	1.5
22207	65793600	2.9
22207	68299200	8.4
22207	70977600	10
22207	73569600	12.7
22207	76248000	16.6
22207	78840000	18.4
22207	81518400	16.4
22207	84196800	14
22207	86788800	10.3
22207	89467200	1.4
22207	92059200	1.3
22207	94737600	-0.6
22207	97416000	0.4
22207	99835200	2.2
22207	102513600	6
22207	105105600	11.9
22207	107784000	16.1
22207	110376000	17.3
22207	113054400	17.4
22207	115732800	15.3
22207	118324800	10.4
22207	121003200	6.1
22207	123595200	1.1
22207	126273600	1.1
22207	128952000	1
22207	131371200	7.4
22207	134049600	8.6
22207	136641600	13.7
22207	139320000	19.2
22207	141912000	17.5
22207	144590400	15.9
22207	147268800	13
22207	149860800	9.7
22207	152539200	3.8
22207	155131200	-1.1
22207	157809600	-0.1
22207	160488000	0.7
22207	162907200	3.7
22207	165585600	6.3
22207	168177600	11.3
22207	170856000	17.3
22207	173448000	16.4
22207	176126400	17.4
22207	178804800	13.5
22207	181396800	10.7
22207	184075200	3.7
22207	186667200	1.4
22207	189345600	0.6
22207	192024000	4.6
22207	194529600	4.8
22207	197208000	9
22207	199800000	11.9
22207	202478400	18
22207	205070400	16.8
22207	207748800	17.6
22207	210427200	14.2
22207	213019200	7.4
22207	215697600	2.5
22207	218289600	0.7
22207	220968000	-0.5
22207	223646400	2.5
22207	226065600	3.1
22207	228744000	8.6
22207	231336000	12.5
22207	234014400	19
22207	236606400	18.7
22207	239284800	19.3
22207	241963200	17
22207	244555200	11.2
22207	247233600	5.2
22207	249825600	2.3
22207	252504000	-0.2
22207	255182400	-0.2
22207	257601600	5.5
22207	260280000	9.3
22207	262872000	12.6
22207	265550400	18.8
22207	268142400	19.8
22207	270820800	17.7
22207	273499200	14.2
22207	276091200	11.5
22207	278769600	5.5
22207	281361600	0.5
22207	284040000	-1.1
22207	286718400	2.6
22207	289137600	4.8
22207	291816000	9.2
22207	294408000	11.1
22207	297086400	15.9
22207	299678400	19.9
22207	302356800	16.8
22207	305035200	15.3
22207	307627200	12.5
22207	310305600	2.3
22207	312897600	2.4
22207	315576000	2.4
22207	318254400	3.2
22207	320760000	3.7
22207	323438400	8.1
22207	326030400	12
22207	328708800	20.7
22207	331300800	20.7
22207	333979200	18.2
22207	336657600	15.3
22207	339249600	8.8
22207	341928000	4.8
22207	344520000	4.9
22207	347198400	1.7
22207	349876800	3.9
22207	352296000	4
22207	354974400	10.9
22207	357566400	13.8
22207	360244800	19.4
22207	362836800	19.6
22207	365515200	17.1
22207	368193600	15
22207	370785600	10.1
22207	373464000	7.2
22207	376056000	3.8
22207	378734400	1.6
22207	381412800	3
22207	383832000	5.4
22207	386510400	8.9
22207	389102400	11.6
22207	391780800	17.3
22207	394372800	19.6
22207	397051200	19
22207	399729600	15.4
22207	402321600	10.1
22207	4.05e+08	4.1
22207	407592000	0.5
22207	410270400	1.9
22207	412948800	2.6
22207	415368000	5
22207	418046400	5.5
22207	420638400	12
22207	423316800	17.3
22207	425908800	19.4
22207	428587200	19
22207	431265600	17.6
22207	433857600	11.3
22207	436536000	4.3
22207	439128000	1.4
22207	441806400	1.6
22207	444484800	2
22207	446990400	5.3
22207	449668800	8.5
22207	452260800	15
22207	454939200	16.9
22207	457531200	18
22207	460209600	16.8
22207	462888000	15.7
22207	465480000	8.5
22207	468158400	4.9
22207	470750400	2.4
22207	473428800	-0.3
22207	476107200	1.6
22207	478526400	5.8
22207	481204800	10.1
22207	483796800	13.2
22207	486475200	17.6
22207	489067200	18.3
22207	491745600	18.5
22207	494424000	14.2
22207	497016000	9.8
22207	499694400	5.1
22207	502286400	2
22207	504964800	3.9
22207	507643200	3.7
22207	510062400	6.2
22207	512740800	10.3
22207	515332800	13.2
22207	518011200	17.2
22207	520603200	17.9
22207	523281600	18.2
22207	525960000	14.4
22207	528552000	9.5
22207	531230400	3.7
22207	533822400	0.6
22207	536500800	0.8
22207	539179200	1.5
22207	541598400	3.4
22207	544276800	8.3
22207	546868800	11.6
22207	549547200	17.1
22207	552139200	18.6
22207	554817600	17.4
22207	557496000	14.5
22207	560088000	12.1
22207	562766400	4.3
22207	565358400	1.2
22207	568036800	0
22207	570715200	3.3
22207	573220800	5
22207	575899200	8.6
22207	578491200	13.4
22207	581169600	17.8
22207	583761600	18
22207	586440000	17.1
22207	589118400	14.4
22207	591710400	12.8
22207	594388800	5.3
22207	596980800	0.8
22207	599659200	1.5
22207	602337600	3.9
22207	604756800	7.5
22207	607435200	12
22207	610027200	14.7
22207	612705600	19.2
22207	615297600	18.9
22207	617976000	17.8
22207	620654400	15.3
22207	623246400	10.9
22207	625924800	5.1
22207	628516800	0.9
22207	631195200	1.2
22207	633873600	1.8
22207	636292800	5.4
22207	638971200	10.5
22207	641563200	12.7
22207	644241600	20.8
22207	646833600	17.2
22207	649512000	16.6
22207	652190400	15
22207	654782400	10.2
22207	657460800	5.6
22207	660052800	1.6
22207	662731200	0.3
22207	665409600	3.8
22207	667828800	4
22207	670507200	9.4
22207	673099200	14.2
22207	675777600	17.8
22207	678369600	16.7
22207	681048000	16.9
22207	683726400	13.8
22207	686318400	11.3
22207	688996800	3.6
22207	691588800	0.9
22207	694267200	-1.3
22207	696945600	2.6
22207	699451200	5.4
22207	702129600	10.7
22207	704721600	11.9
22207	707400000	17.3
22207	709992000	19.4
22207	712670400	18.2
22207	715348800	16.4
22207	717940800	12.2
22207	720619200	1.9
22207	723211200	1.2
22207	725889600	2
22207	728568000	2.7
22207	730987200	5.9
22207	733665600	9.7
22207	736257600	13.3
22207	738936000	19
22207	741528000	19.5
22207	744206400	18.2
22207	746884800	15.5
22207	749476800	9.9
22207	752155200	4.2
22207	754747200	1.6
22207	757425600	0.5
22207	760104000	1.8
22207	762523200	4.6
22207	765201600	9.5
22207	767793600	14.7
22207	770472000	20.7
22207	773064000	19.3
22207	775742400	19.8
22207	778420800	16.3
22207	781012800	9.8
22207	783691200	5.1
22207	786283200	2.7
22207	788961600	0.4
22207	791640000	5.3
22207	794059200	5.4
22207	796737600	8
22207	799329600	13.3
22207	802008000	17.9
22207	804600000	19.7
22207	807278400	19.5
22207	809956800	15.7
22207	812548800	12.3
22207	815227200	7.6
22207	817819200	3.2
22207	820497600	2.7
22207	823176000	5.8
22207	825681600	5.4
22207	828360000	10.5
22207	830952000	17.6
22207	833630400	20.5
22207	836222400	19.4
22207	838900800	18.2
22207	841579200	14.5
22207	844171200	11.1
22207	846849600	5.9
22207	849441600	2.1
22207	852120000	0.6
22207	854798400	2.6
22207	857217600	7.7
22207	859896000	7.5
22207	862488000	14.9
22207	865166400	18.5
22207	867758400	19.3
22207	870436800	19.2
22207	873115200	17.7
22207	875707200	10.7
22207	878385600	5.2
22207	880977600	-0.9
22207	883656000	2.4
22207	886334400	1.1
22207	888753600	4.6
22207	891432000	7.6
22207	894024000	14.4
22207	896702400	18.8
22207	899294400	18.8
22207	901972800	18.3
22207	904651200	18.1
22207	907243200	11.1
22207	909921600	6.6
22207	912513600	2.8
22207	915192000	4
22207	917870400	5.7
22207	920289600	7.2
22207	922968000	8.8
22207	925560000	14.3
22207	928238400	18.2
22207	930830400	18.2
22207	933508800	18.4
22207	936187200	16.2
22207	938779200	12.1
22207	941457600	8
22207	944049600	0.8
22207	946728000	4.4
22207	949406400	5.8
22207	951912000	6.8
22207	954590400	12.4
22207	957182400	17.3
22207	959860800	18
22207	962452800	19.8
22207	965131200	19.4
22207	967809600	18
22207	970401600	11
22207	973080000	2
22207	975672000	2.5
22207	978350400	0.6
22207	981028800	3.2
22207	983448000	5.4
22207	986126400	10.3
22207	988718400	15.6
22207	991396800	19.2
22207	993988800	20.4
22207	996667200	19
22207	999345600	16.7
22207	1001937600	12.4
22207	1004616000	5.9
22207	1007208000	0.8
22207	1009886400	2.3
22207	1012564800	2.4
22207	1014984000	6.1
22207	1017662400	12.1
22207	1020254400	14.9
22207	1022932800	20.8
22207	1025524800	19.2
22207	1028203200	19.8
22207	1030881600	15.8
22207	1033473600	9.3
22207	1036152000	5.2
22207	1038744000	0.8
22207	1041422400	4.9
22207	1044100800	2.8
22207	1046520000	5.7
22207	1049198400	9.5
22207	1051790400	15.6
22207	1054468800	18.7
22207	1057060800	20.6
22207	1059739200	19.8
22207	1062417600	17
22207	1065009600	13.4
22207	1067688000	5.9
22207	1070280000	2.5
22207	1072958400	2.3
22207	1075636800	0.8
22207	1078142400	8
22207	1080820800	9
22207	1083412800	15.1
22207	1086091200	18.9
22207	1088683200	19.7
22207	1091361600	17.7
22207	1094040000	15.1
22207	1096632000	10.7
22207	1099310400	4.1
22207	1101902400	1.9
22207	1104580800	3.8
22207	1107259200	2.4
22207	1109678400	4.2
22207	1112356800	9
22207	1114948800	14.4
22207	1117627200	19
22207	1120219200	20.9
22207	1122897600	18.2
22207	1125576000	17.3
22207	1128168000	10.8
22207	1130846400	6.9
22207	1133438400	2.7
22207	1136116800	3.2
22207	1138795200	4.6
22207	1141214400	7.1
22207	1143892800	11.8
22207	1146484800	16
22207	1149163200	20.3
22207	1151755200	20.4
22207	1154433600	17.1
22207	1157112000	14.2
22207	1159704000	9.7
22207	1162382400	7.4
22207	1164974400	0.9
22207	1167652800	0
22207	1170331200	3.7
22207	1172750400	7.7
22207	1175428800	9.1
22207	1178020800	13
22207	1180699200	18.7
22207	1183291200	19.1
22207	1185969600	19.4
22207	1188648000	16.7
22207	1191240000	12.1
22207	1193918400	8.3
22207	1196510400	1.1
22207	1199188800	0.7
22207	1201867200	3.5
22207	1204372800	5.9
22207	1207051200	9.3
22207	1209643200	13.9
22207	1212321600	20.4
22207	1214913600	17.5
22207	1217592000	17.4
22207	1220270400	14.5
22207	1222862400	10.9
22207	1225540800	6.7
22207	1228132800	3.4
22207	1230811200	3.5
22207	1233489600	5.6
22207	1235908800	7.3
22207	1238587200	9.1
22207	1241179200	15.2
22207	1243857600	17.5
22207	1246449600	20.1
22207	1249128000	19.1
22207	1251806400	15.2
22207	1254398400	10.1
22207	1257076800	7.1
22207	1259668800	0.3
22207	1262347200	0.1
22207	1265025600	1.3
22207	1267444800	4.8
22207	1270123200	9.9
22207	1272715200	12.8
22207	1275393600	20.2
22207	1277985600	20.1
22207	1280664000	19.8
22207	1283342400	17.4
22207	1285934400	11.7
22207	1288612800	5.4
22207	1291204800	5.3
22207	1293883200	1.1
22207	1296561600	1.3
22207	1298980800	9
22207	1301659200	12.2
22207	1304251200	13.2
22207	1306929600	20.7
22207	1309521600	21
22207	1312200000	21.5
22207	1314878400	17.2
22207	1317470400	11.5
22207	1320148800	4.9
22207	1322740800	-0.3
22207	1325419200	3.5
22207	1328097600	2.9
22207	1330603200	6.9
22207	1333281600	12.1
22207	1335873600	14.7
22207	1338552000	20.8
22207	1341144000	19.1
22207	1343822400	19.7
22207	1346500800	16.2
22207	1349092800	12.6
22207	1351771200	7.9
22207	1354363200	1.9
22207	1357041600	0
22207	1359720000	1.5
22207	1362139200	7.8
22207	1364817600	10.2
22207	1367409600	13.9
22207	1370088000	20.7
22207	1372680000	18.9
22207	1375358400	19.4
22207	1378036800	16
22207	1380628800	10.6
22207	1383307200	5
22207	1385899200	1.8
22207	1388577600	2.6
22207	1391256000	4.6
22207	1393675200	6.6
22208	-1109764800	6.8
22208	-1107172800	3.6
22208	-1104494400	3.4
22208	-1101816000	2.8
22208	-1099396800	7.4
22208	-1096718400	10.3
22208	-1094126400	11.6
22208	-1091448000	18.1
22208	-1088856000	20.1
22208	-1086177600	19
22208	-1083499200	14.9
22208	-1080907200	11.9
22208	-1078228800	5.9
22208	-1075636800	1.8
22208	-1072958400	0.9
22208	-1070280000	3.4
22208	-1067774400	6.7
22208	-1065096000	10
22208	-1062504000	14.3
22208	-1059825600	18.7
22208	-1057233600	19.2
22208	-1054555200	18.9
22208	-1051876800	15.9
22208	-1049284800	10.4
22208	-1046606400	5.2
22208	-1044014400	1.8
22208	-1041336000	-0.7
22208	-1038657600	2.5
22208	-1036238400	4.2
22208	-1033560000	9.8
22208	-1030968000	14.6
22208	-1028289600	17.7
22208	-1025697600	19.3
22208	-1023019200	18.4
22208	-1020340800	16.9
22208	-1017748800	12.7
22208	-1015070400	6.8
22208	-1012478400	3.3
22208	-1009800000	1.6
22208	-1007121600	4.6
22208	-1004702400	6.6
22208	-1002024000	9.7
22208	-999432000	14
22208	-996753600	18.6
22208	-994161600	18.6
22208	-991483200	18.5
22208	-988804800	15.8
22208	-986212800	12.3
22208	-983534400	3.2
22208	-980942400	2.8
22208	-978264000	0.1
22208	-975585600	-1.3
22208	-973166400	6.2
22208	-970488000	9.6
22208	-967896000	14
22208	-965217600	18.4
22208	-962625600	19.3
22208	-959947200	18.4
22208	-957268800	16.2
22208	-954676800	9.9
22208	-951998400	5.1
22208	-949406400	2.1
22208	-946728000	-1.7
22208	-944049600	1.9
22208	-941544000	6.5
22208	-938865600	9.1
22208	-936273600	14.1
22208	-933595200	17.7
22208	-931003200	20.1
22208	-928324800	18.2
22208	-925646400	16.6
22208	-923054400	11.3
22208	-920376000	4.8
22208	-917784000	4.3
22208	-915105600	2.2
22208	-912427200	4.3
22208	-910008000	4.7
22208	-907329600	7.3
22208	-904737600	13.7
22208	-902059200	16.2
22208	-899467200	17.9
22208	-896788800	18
22208	-894110400	15.7
22208	-891518400	11.7
22208	-888840000	5.8
22208	-886248000	3
22208	-883569600	2.5
22208	-880891200	1.4
22208	-878472000	3.8
22208	-875793600	9.2
22208	-873201600	14.3
22208	-870523200	18.6
22208	-867931200	20.6
22208	-865252800	18.6
22208	-862574400	15.3
22208	-859982400	9.8
22208	-857304000	7.3
22208	-854712000	2.6
22208	-852033600	1.9
22208	-849355200	4
22208	-846936000	4.2
22208	-844257600	12.1
22208	-841665600	13.9
22208	-838987200	16.9
22208	-836395200	18.4
22208	-833716800	20.2
22208	-831038400	16
22208	-828446400	9.9
22208	-825768000	5
22208	-823176000	1.1
22208	-820497600	0.3
22208	-817819200	2.7
22208	-815313600	4.4
22208	-812635200	8.6
22208	-810043200	13.3
22208	-807364800	17.9
22208	-804772800	17.3
22208	-802094400	18.6
22208	-799416000	14.3
22208	-796824000	10.3
22208	-794145600	3.2
22208	-791553600	0.6
22208	-788875200	-0.2
22208	-786196800	3
22208	-783777600	4.2
22208	-781099200	7.9
22208	-778507200	9.9
22208	-775828800	15.7
22208	-773236800	19.3
22208	-770558400	19.3
22208	-767880000	16.1
22208	-765288000	11.1
22208	-762609600	6.6
22208	-760017600	0.9
22208	-757339200	-0.4
22208	-754660800	2.9
22208	-752241600	6
22208	-749563200	12
22208	-746971200	12.9
22208	-744292800	18
22208	-741700800	19.2
22208	-739022400	19
22208	-736344000	16.9
22208	-733752000	11.6
22208	-731073600	4.6
22208	-728481600	3.8
22208	-725803200	-0.6
22208	-723124800	3.6
22208	-720705600	5.6
22208	-718027200	8.2
22208	-715435200	15.6
22208	-712756800	17.4
22208	-710164800	20
22208	-707486400	18.4
22208	-704808000	16.9
22208	-702216000	12.3
22208	-699537600	3.4
22208	-696945600	0.3
22208	-694267200	0.6
22208	-691588800	2.2
22208	-689083200	3.1
22208	-686404800	11.5
22208	-683812800	14.2
22208	-681134400	19.1
22208	-678542400	18.2
22208	-675864000	18.8
22208	-673185600	17.2
22208	-670593600	10.8
22208	-667915200	2.9
22208	-665323200	3
22208	-662644800	-2.9
22208	-659966400	1.8
22208	-657547200	6.5
22208	-654868800	9
22208	-652276800	14.2
22208	-649598400	18.1
22208	-647006400	19.3
22208	-644328000	18.4
22208	-641649600	17.1
22208	-639057600	9.9
22208	-636379200	6.7
22208	-633787200	0.6
22208	-631108800	2.8
22208	-628430400	4.9
22208	-626011200	6.8
22208	-623332800	11.3
22208	-620740800	14.2
22208	-618062400	19
22208	-615470400	18.2
22208	-612792000	18.3
22208	-610113600	15.4
22208	-607521600	14.1
22208	-604843200	6.8
22208	-602251200	3.7
22208	-599572800	0.9
22208	-596894400	2.7
22208	-594475200	5
22208	-591796800	8.8
22208	-589204800	14.4
22208	-586526400	18.7
22208	-583934400	21.4
22208	-581256000	19.6
22208	-578577600	17.6
22208	-575985600	12.3
22208	-573307200	4.4
22208	-570715200	2
22208	-568036800	4.1
22208	-565358400	2.1
22208	-562852800	3.8
22208	-560174400	9.2
22208	-557582400	13.4
22208	-554904000	18.6
22208	-552312000	18.9
22208	-549633600	20.1
22208	-546955200	16.2
22208	-544363200	11.8
22208	-541684800	4.8
22208	-539092800	1.4
22208	-536414400	4.1
22208	-533736000	1.6
22208	-531316800	6.8
22208	-528638400	9.6
22208	-526046400	11.8
22208	-523368000	19.3
22208	-520776000	19.8
22208	-518097600	18.7
22208	-515419200	16.3
22208	-512827200	11.8
22208	-510148800	7.2
22208	-507556800	-0.1
22208	-504878400	3.4
22208	-502200000	5.9
22208	-499780800	7.1
22208	-497102400	12.3
22208	-494510400	14.3
22208	-491832000	18.6
22208	-489240000	20.5
22208	-486561600	18.5
22208	-483883200	17.7
22208	-481291200	12.6
22208	-478612800	7.1
22208	-476020800	3.2
22208	-473342400	0.3
22208	-470664000	0.8
22208	-468244800	6.2
22208	-465566400	10
22208	-462974400	13.4
22208	-460296000	17.2
22208	-457704000	18.8
22208	-455025600	18.3
22208	-452347200	17.2
22208	-449755200	11.5
22208	-447076800	6.5
22208	-444484800	4.7
22208	-441806400	4.5
22208	-439128000	1.1
22208	-436622400	6.9
22208	-433944000	9.1
22208	-431352000	15.7
22208	-428673600	19.8
22208	-426081600	19.6
22208	-423403200	18.1
22208	-420724800	16.7
22208	-418132800	12.2
22208	-415454400	4.8
22208	-412862400	2.2
22208	-410184000	4.2
22208	-407505600	8
22208	-405086400	6.4
22208	-402408000	9.2
22208	-399816000	12.3
22208	-397137600	18.2
22208	-394545600	20.5
22208	-391867200	19
22208	-389188800	15.8
22208	-386596800	10.4
22208	-383918400	3.6
22208	-381326400	3.6
22208	-378648000	-0.1
22208	-375969600	4.6
22208	-373550400	3.7
22208	-370872000	9
22208	-368280000	14.9
22208	-365601600	19.2
22208	-363009600	20.1
22208	-360331200	19.4
22208	-357652800	16.3
22208	-355060800	10.6
22208	-352382400	6.1
22208	-349790400	4
22208	-347112000	2.6
22208	-344433600	3.4
22208	-342014400	4.9
22208	-339336000	10.8
22208	-336744000	13.8
22208	-334065600	19.1
22208	-331473600	19.3
22208	-328795200	19.4
22208	-326116800	16.6
22208	-323524800	11.7
22208	-320846400	5.4
22208	-318254400	2.9
22208	-315576000	-0.3
22208	-312897600	0.4
22208	-310392000	7.3
22208	-307713600	10.2
22208	-305121600	12.8
22208	-302443200	19.2
22208	-299851200	18.8
22208	-297172800	19.3
22208	-294494400	16.7
22208	-291902400	11.1
22208	-289224000	7.1
22208	-286632000	1.1
22208	-283953600	0.6
22208	-281275200	3.2
22208	-278856000	6.1
22208	-276177600	10
22208	-273585600	15.2
22208	-270907200	17.8
22208	-268315200	19.2
22208	-265636800	18.7
22208	-262958400	15.7
22208	-260366400	11.2
22208	-257688000	3.7
22208	-255096000	1.6
22208	-252417600	-0.4
22208	-249739200	5.8
22208	-247320000	3.3
22208	-244641600	11.2
22208	-242049600	14.2
22208	-239371200	17.3
22208	-236779200	18.9
22208	-234100800	19.4
22208	-231422400	16.7
22208	-228830400	11.4
22208	-226152000	7
22208	-223560000	3.4
22208	-220881600	0.1
22208	-218203200	3.8
22208	-215784000	6.7
22208	-213105600	10.5
22208	-210513600	14.8
22208	-207835200	17.5
22208	-205243200	20.2
22208	-202564800	17.9
22208	-199886400	16.2
22208	-197294400	11.6
22208	-194616000	5.1
22208	-192024000	0.2
22208	-189345600	-2.3
22208	-186667200	-2.6
22208	-184161600	3.4
22208	-181483200	7.7
22208	-178891200	13.3
22208	-176212800	16.7
22208	-173620800	19.1
22208	-170942400	18.9
22208	-168264000	15.7
22208	-165672000	11.1
22208	-162993600	4.9
22208	-160401600	1.7
22208	-157723200	2.8
22208	-155044800	0.3
22208	-152625600	3.3
22208	-149947200	9.6
22208	-147355200	13.7
22208	-144676800	16.5
22208	-142084800	19.4
22208	-139406400	17.8
22208	-136728000	15.2
22208	-134136000	10.6
22208	-131457600	7.3
22208	-128865600	2.4
22208	-126187200	-1.8
22208	-123508800	-1.3
22208	-121089600	6
22208	-118411200	9.5
22208	-115819200	14.2
22208	-113140800	17.1
22208	-110548800	19.8
22208	-107870400	17.8
22208	-105192000	15.1
22208	-102600000	9.8
22208	-99921600	6.5
22208	-97329600	1.1
22208	-94651200	0.6
22208	-91972800	3.3
22208	-89553600	8.1
22208	-86875200	10.3
22208	-84283200	12.6
22208	-81604800	17.1
22208	-79012800	19.7
22208	-76334400	17.6
22208	-73656000	15
22208	-71064000	10.8
22208	-68385600	6.2
22208	-65793600	0
22208	-63115200	1.2
22208	-60436800	3.7
22208	-57931200	4.3
22208	-55252800	8.2
22208	-52660800	13.7
22208	-49982400	18.2
22208	-47390400	18.5
22208	-44712000	17.3
22208	-42033600	14.4
22208	-39441600	11.8
22208	-36763200	4.3
22208	-34171200	0.3
22208	-31492800	3.8
22208	-28814400	2.3
22208	-26395200	2.5
22208	-23716800	10.6
22208	-21124800	13.6
22208	-18446400	18
22208	-15854400	20.7
22208	-13176000	19.8
22208	-10497600	15.9
22208	-7905600	11
22208	-5227200	4.7
22208	-2635200	2.5
22208	43200	0.6
22208	2721600	3.7
22208	5140800	3.4
22208	7819200	8.1
22208	10411200	13.3
22208	13089600	17.1
22208	15681600	19.4
22208	18360000	18.7
22208	21038400	16.1
22208	23630400	8.4
22208	26308800	5.2
22208	28900800	2.5
22208	31579200	0.7
22208	34257600	2.1
22208	36676800	5.9
22208	39355200	8.5
22208	41947200	13.2
22208	44625600	17.7
22208	47217600	20.3
22208	49896000	16.8
22208	52574400	15.7
22208	55166400	10
22208	57844800	5.2
22208	60436800	1.9
22208	63115200	1.4
22208	65793600	3.4
22208	68299200	8.7
22208	70977600	10.1
22208	73569600	13
22208	76248000	17.4
22208	78840000	19.4
22208	81518400	17.9
22208	84196800	15.4
22208	86788800	11.9
22208	89467200	2.1
22208	92059200	1.8
22208	94737600	-0.4
22208	97416000	1.2
22208	99835200	3.8
22208	102513600	6.8
22208	105105600	13
22208	107784000	17.3
22208	110376000	19.1
22208	113054400	18.2
22208	115732800	16.3
22208	118324800	11.6
22208	121003200	7.4
22208	123595200	2.3
22208	126273600	2.8
22208	128952000	1.5
22208	131371200	8.6
22208	134049600	10.1
22208	136641600	15.4
22208	139320000	19.3
22208	141912000	18.8
22208	144590400	17.3
22208	147268800	14.7
22208	149860800	11.1
22208	152539200	4.6
22208	155131200	0.1
22208	157809600	0.9
22208	160488000	1.9
22208	162907200	5.3
22208	165585600	7.7
22208	168177600	12.1
22208	170856000	18
22208	173448000	18.9
22208	176126400	19.1
22208	178804800	14.9
22208	181396800	11.3
22208	184075200	5.1
22208	186667200	2.4
22208	189345600	0.7
22208	192024000	5.4
22208	194529600	5.9
22208	197208000	9.1
22208	199800000	12.9
22208	202478400	17.7
22208	205070400	17.8
22208	207748800	18
22208	210427200	14.7
22208	213019200	8.3
22208	215697600	3.2
22209	-2416737600	21.8
22209	-2414145600	20.7
22209	-2411467200	19.8
22209	-2408788800	16.6
22209	-2406196800	10.2
22209	-2403518400	5.3
22209	-2400926400	3.5
22209	-2398248000	0.2
22209	-2395569600	0.9
22209	-2393150400	5.5
22209	-2390472000	12.4
22209	-2387880000	17.4
22209	-2385201600	19.7
22209	-2382609600	22.1
22209	-2379931200	20.5
22209	-2377252800	17.1
22209	-2374660800	13.1
22209	-2371982400	6.6
22209	-2369390400	4.1
22209	-2366712000	1.9
22209	-2364033600	0.2
22209	-2361614400	7
22209	-2358936000	11.9
22209	-2356344000	16
22209	-2353665600	20.6
22209	-2351073600	21.8
22209	-2348395200	21.3
22209	-2345716800	19
22209	-2343124800	10.1
22209	-2340446400	3.5
22209	-2337854400	-0.9
22209	-2335176000	1.6
22209	-2332497600	1.9
22209	-2329992000	7.7
22209	-2327313600	12.2
22209	-2324721600	18.5
22209	-2322043200	23.9
22209	-2319451200	22.6
22209	-2316772800	21.4
22209	-2314094400	18.6
22209	-2311502400	10
22209	-2308824000	6.1
22209	-2306232000	2.3
22209	-2303553600	-1.1
22209	-2300875200	3.8
22209	-2298456000	6.1
22209	-2295777600	12
22209	-2293185600	18.2
22209	-2290507200	22.3
22209	-2287915200	22.5
22209	-2285236800	21.1
22209	-2282558400	18.5
22209	-2279966400	12.3
22209	-2277288000	7
22209	-2274696000	1.5
22209	-2272017600	0.6
22209	-2269339200	6.3
22209	-2266920000	6.7
22209	-2264241600	12.3
22209	-2261649600	17.6
22209	-2258971200	22.9
22209	-2256379200	23.4
22209	-2253700800	21.8
22209	-2251022400	19.3
22209	-2248430400	12.8
22209	-2245752000	4.8
22209	-2243160000	-0.6
22209	-2240481600	2
22209	-2237803200	1.4
22209	-2235384000	7.6
22209	-2232705600	10.3
22209	-2230113600	16.8
22209	-2227435200	22.4
22209	-2224843200	23.4
22209	-2222164800	21.5
22209	-2219486400	20.1
22209	-2216894400	12.6
22209	-2214216000	6
22209	-2211624000	1.1
22209	-2208945600	2.4
22209	-2206267200	2.6
22209	-2203848000	7.8
22209	-2201169600	9.1
22209	-2198577600	16.7
22209	-2195899200	22.5
22209	-2193307200	23.7
22209	-2190628800	23.1
22209	-2187950400	19.6
22209	-2185358400	12
22209	-2182680000	7.5
22209	-2180088000	2.3
22209	-2177409600	2.1
22209	-2174731200	3.2
22209	-2172312000	6.6
22209	-2169633600	10.6
22209	-2167041600	17.4
22209	-2164363200	20.8
22209	-2161771200	23.5
22209	-2159092800	23.1
22209	-2156414400	18.3
22209	-2153822400	12.5
22209	-2151144000	7.1
22209	-2148552000	2.7
22209	-2145873600	2.5
22209	-2143195200	3.8
22209	-2140776000	5.9
22209	-2138097600	13.2
22209	-2135505600	16.5
22209	-2132827200	23.1
22209	-2130235200	21.8
22209	-2127556800	21.7
22209	-2124878400	17.3
22209	-2122286400	12.2
22209	-2119608000	5.7
22209	-2117016000	2.6
22209	-2114337600	2.7
22209	-2111659200	0.9
22209	-2109240000	6.6
22209	-2106561600	12
22209	-2103969600	15.7
22209	-2101291200	19.1
22209	-2098699200	22.7
22209	-2096020800	23.4
22209	-2093342400	18
22209	-2090750400	10.8
22209	-2088072000	7.1
22209	-2085480000	0.1
22209	-2082801600	-0.8
22209	-2080123200	6.5
22209	-2077617600	9.4
22209	-2074939200	12.3
22209	-2072347200	16.5
22209	-2069668800	21.2
22209	-2067076800	22.7
22209	-2064398400	22.1
22209	-2061720000	17.4
22209	-2059128000	12.1
22209	-2056449600	5.4
22209	-2053857600	1.9
22209	-2051179200	2.2
22209	-2048500800	2.3
22209	-2046081600	7.7
22209	-2043403200	9.2
22209	-2040811200	16.5
22209	-2038132800	21.4
22209	-2035540800	21.5
22209	-2032862400	22
22209	-2030184000	18.9
22209	-2027592000	12.3
22209	-2024913600	5.8
22209	-2022321600	-1.7
22209	-2019643200	0.3
22209	-2016964800	3.9
22209	-2014545600	7.2
22209	-2011867200	11.4
22209	-2009275200	16.5
22209	-2006596800	23.3
22209	-2004004800	22
22209	-2001326400	20.7
22209	-1998648000	17.9
22209	-1996056000	11.8
22209	-1993377600	4.7
22209	-1990785600	4.1
22209	-1988107200	3.9
22209	-1985428800	6.8
22209	-1983009600	9.8
22209	-1980331200	11.3
22209	-1977739200	13.9
22209	-1975060800	20.1
22209	-1972468800	23
22209	-1969790400	21.5
22209	-1967112000	18.7
22209	-1964520000	11.9
22209	-1961841600	3.9
22209	-1959249600	3.2
22209	-1956571200	2.2
22209	-1953892800	3.4
22209	-1951387200	9.4
22209	-1948708800	11.4
22209	-1946116800	15.1
22209	-1943438400	21.3
22209	-1940846400	22
22209	-1938168000	21.3
22209	-1935489600	17.9
22209	-1932897600	10.7
22209	-1930219200	4.2
22209	-1927627200	2.3
22209	-1924948800	4.7
22209	-1922270400	3.2
22209	-1919851200	5.5
22209	-1917172800	11
22209	-1914580800	14.9
22209	-1911902400	22.2
22209	-1909310400	23.7
22209	-1906632000	22.2
22209	-1903953600	18
22209	-1901361600	13.9
22209	-1898683200	7.4
22209	-1896091200	-1.6
22209	-1893412800	2.6
22209	-1890734400	2.7
22209	-1888315200	10.1
22209	-1885636800	12.6
22209	-1883044800	15.8
22209	-1880366400	22.6
22209	-1877774400	24.3
22209	-1875096000	23.6
22209	-1872417600	19.6
22209	-1869825600	14.2
22209	-1867147200	7.9
22209	-1864555200	2.9
22209	-1861876800	4.3
22209	-1859198400	3.1
22209	-1856779200	10.7
22209	-1854100800	12.1
22209	-1851508800	17.4
22209	-1848830400	20.9
22209	-1846238400	20.8
22209	-1843560000	23.3
22209	-1840881600	19.9
22209	-1838289600	12.1
22209	-1835611200	4.6
22209	-1833019200	-1
22209	-1830340800	1.4
22209	-1827662400	2.8
22209	-1825156800	6.8
22209	-1822478400	8.8
22209	-1819886400	16
22209	-1817208000	20.1
22209	-1814616000	23
22209	-1811937600	21.8
22209	-1809259200	16.4
22209	-1806667200	11.8
22209	-1803988800	4.3
22209	-1801396800	-1.2
22209	-1798718400	-1.2
22209	-1796040000	2.3
22209	-1793620800	5.5
22209	-1790942400	11.2
22209	-1788350400	17.8
22209	-1785672000	20.3
22209	-1783080000	24
22209	-1780401600	22.2
22209	-1777723200	15.7
22209	-1775131200	11
22209	-1772452800	7.9
22209	-1769860800	-0.9
22209	-1767182400	4.4
22209	-1764504000	4.5
22209	-1762084800	6
22209	-1759406400	11.9
22209	-1756814400	17
22209	-1754136000	21.9
22209	-1751544000	21.4
22209	-1748865600	21.9
22209	-1746187200	19.7
22209	-1743595200	11.7
22209	-1740916800	6.8
22209	-1738324800	0.7
22209	-1735646400	-0.8
22209	-1732968000	2.6
22209	-1730548800	3.5
22209	-1727870400	10.8
22209	-1725278400	14.6
22209	-1722600000	21.8
22209	-1720008000	22.7
22209	-1717329600	21.8
22209	-1714651200	18.5
22209	-1712059200	14.4
22209	-1709380800	7.9
22209	-1706788800	2.7
22209	-1704110400	4.2
22209	-1701432000	6.5
22209	-1698926400	9.5
22209	-1696248000	10.4
22209	-1693656000	15.8
22209	-1690977600	22.8
22209	-1688385600	23.1
22209	-1685707200	21.8
22209	-1683028800	18.8
22209	-1680436800	12.6
22209	-1677758400	5.6
22209	-1675166400	2.5
22209	-1672488000	1.9
22209	-1669809600	4.1
22209	-1667390400	5.9
22209	-1664712000	10.9
22209	-1662120000	13.9
22209	-1659441600	21.3
22209	-1656849600	25.9
22209	-1654171200	22.3
22209	-1651492800	18
22209	-1648900800	14.7
22209	-1646222400	7.6
22209	-1643630400	3.9
22209	-1640952000	0.1
22209	-1638273600	7
22209	-1635854400	11.2
22209	-1633176000	11
22209	-1630584000	14.6
22209	-1627905600	22.9
22209	-1625313600	25.1
22209	-1622635200	22.8
22209	-1619956800	18.1
22209	-1617364800	13.3
22209	-1614686400	4.2
22209	-1612094400	0.7
22209	-1609416000	0.3
22209	-1606737600	2.7
22209	-1604318400	6.1
22209	-1601640000	12
22209	-1599048000	16.2
22209	-1596369600	19.8
22209	-1593777600	21.9
22209	-1591099200	21.6
22209	-1588420800	18.2
22209	-1585828800	12.2
22209	-1583150400	4.6
22209	-1580558400	3.4
22209	-1577880000	4
22209	-1575201600	7.2
22209	-1572696000	6.5
22209	-1570017600	9.2
22209	-1567425600	16.3
22209	-1564747200	20.3
22209	-1562155200	23.1
22209	-1559476800	20.9
22209	-1556798400	18.3
22209	-1554206400	13.1
22209	-1551528000	7.7
22209	-1548936000	1.9
22209	-1546257600	3.4
22209	-1543579200	4.7
22209	-1541160000	9.1
22209	-1538481600	9.9
22209	-1535889600	16.9
22209	-1533211200	20.9
22209	-1530619200	21.8
22209	-1527940800	21.4
22209	-1525262400	20
22209	-1522670400	13.5
22209	-1519992000	7.1
22209	-1517400000	4.2
22209	-1514721600	1.3
22209	-1512043200	2.9
22209	-1509624000	5.8
22209	-1506945600	10.1
22209	-1504353600	16.4
22209	-1501675200	21.7
22209	-1499083200	23.3
22209	-1496404800	23.4
22209	-1493726400	19.1
22209	-1491134400	12.6
22209	-1488456000	5.7
22209	-1485864000	3.2
22209	-1483185600	3.5
22209	-1480507200	2.6
22209	-1478088000	5.2
22209	-1475409600	12
22209	-1472817600	17.2
22209	-1470139200	21.7
22209	-1467547200	23.2
22209	-1464868800	21.2
22209	-1462190400	18.2
22209	-1459598400	11.5
22209	-1456920000	6.1
22209	-1454328000	0.9
22209	-1451649600	0.8
22209	-1448971200	4.5
22209	-1446465600	5
22209	-1443787200	10.6
22209	-1441195200	16.4
22209	-1438516800	23.6
22209	-1435924800	22.8
22209	-1433246400	23.1
22209	-1430568000	19
22209	-1427976000	13.4
22209	-1425297600	8.6
22209	-1422705600	1.2
22209	-1420027200	0.2
22209	-1417348800	6.4
22209	-1414929600	8.9
22209	-1412251200	13.5
22209	-1409659200	18.2
22209	-1406980800	21.3
22209	-1404388800	23.6
22209	-1401710400	21.3
22209	-1399032000	19.3
22209	-1396440000	11
22209	-1393761600	3.7
22209	-1391169600	-0.2
22209	-1388491200	-1
22209	-1385812800	6
22209	-1383393600	6.8
22209	-1380715200	10.4
22209	-1378123200	15.1
22209	-1375444800	21.8
22209	-1372852800	22.4
22209	-1370174400	22.5
22209	-1367496000	19.2
22209	-1364904000	12.5
22209	-1362225600	5
22209	-1359633600	0.5
22209	-1356955200	3.3
22209	-1354276800	5.5
22209	-1351857600	6.1
22209	-1349179200	12
22209	-1346587200	18.2
22209	-1343908800	20.7
22209	-1341316800	22.9
22209	-1338638400	20.9
22209	-1335960000	17.9
22209	-1333368000	9.5
22209	-1330689600	8.8
22209	-1328097600	0.8
22209	-1325419200	2.3
22209	-1322740800	3.4
22209	-1320235200	8.9
22209	-1317556800	10.3
22209	-1314964800	16.4
22209	-1312286400	22.8
22209	-1309694400	23.3
22209	-1307016000	20.7
22209	-1304337600	17.6
22209	-1301745600	13.6
22209	-1299067200	5.4
22209	-1296475200	2.4
22209	-1293796800	1.3
22209	-1291118400	2.2
22209	-1288699200	6.5
22209	-1286020800	13.7
22209	-1283428800	15.9
22209	-1280750400	23.2
22209	-1278158400	22.1
22209	-1275480000	22.7
22209	-1272801600	20.2
22209	-1270209600	13
22209	-1267531200	4.6
22209	-1264939200	3.2
22209	-1262260800	1.8
22209	-1259582400	7.5
22209	-1257163200	5.1
22209	-1254484800	14.2
22209	-1251892800	14.8
22209	-1249214400	22.5
22209	-1246622400	23.7
22209	-1243944000	23
22209	-1241265600	19.8
22209	-1238673600	14.9
22209	-1235995200	4.8
22209	-1233403200	0.6
22209	-1230724800	1.8
22209	-1228046400	4.8
22209	-1225627200	6.1
22209	-1222948800	9.8
22209	-1220356800	16.7
22209	-1217678400	22.6
22209	-1215086400	23.2
22209	-1212408000	21.5
22209	-1209729600	18.6
22209	-1207137600	14.8
22209	-1204459200	5.4
22209	-1201867200	0.6
22209	-1199188800	0.4
22209	-1196510400	5.9
22209	-1194004800	4.6
22209	-1191326400	10.6
22209	-1188734400	15.2
22209	-1186056000	19.4
22209	-1183464000	23
22209	-1180785600	20.2
22209	-1178107200	16.5
22209	-1175515200	10.7
22209	-1172836800	6.8
22209	-1170244800	2
22209	-1167566400	2.9
22209	-1164888000	2.1
22209	-1162468800	8.1
22209	-1159790400	8.4
22209	-1157198400	15.1
22209	-1154520000	19.4
22209	-1151928000	21.8
22209	-1149249600	21.7
22209	-1146571200	19.1
22209	-1143979200	13.4
22209	-1141300800	8.2
22209	-1138708800	4.2
22209	-1136030400	2.3
22209	-1133352000	6.8
22209	-1130932800	9.9
22209	-1128254400	14.9
22209	-1125662400	16.1
22209	-1122984000	20.9
22209	-1120392000	24.9
22209	-1117713600	23.8
22209	-1115035200	18
22209	-1112443200	12.8
22209	-1109764800	6.6
22209	-1107172800	3.3
22209	-1104494400	4.2
22209	-1101816000	5.7
22209	-1099396800	9.1
22209	-1096718400	12.4
22209	-1094126400	15
22209	-1091448000	20.9
22209	-1088856000	22.1
22209	-1086177600	21.2
22209	-1083499200	17.2
22209	-1080907200	13.4
22209	-1078228800	5.5
22209	-1075636800	1.7
22209	-1072958400	0.5
22209	-1070280000	5
22209	-1067774400	8.1
22209	-1065096000	12.1
22209	-1062504000	17
22209	-1059825600	21.9
22209	-1057233600	22.5
22209	-1054555200	22.8
22209	-1051876800	17.7
22209	-1049284800	11.2
22209	-1046606400	5.4
22209	-1044014400	1.7
22209	-1041336000	-1
22209	-1038657600	3.7
22209	-1036238400	7
22209	-1033560000	13.5
22209	-1030968000	17.3
22209	-1028289600	21.2
22209	-1025697600	23.9
22209	-1023019200	23.6
22209	-1020340800	19.7
22209	-1017748800	13.3
22209	-1015070400	6.8
22209	-1012478400	3.3
22209	-1009800000	1.9
22209	-1007121600	5.4
22209	-1004702400	7.4
22209	-1002024000	10.9
22209	-999432000	16.4
22209	-996753600	21.7
22209	-994161600	21.8
22209	-991483200	22.4
22209	-988804800	18
22209	-986212800	13.2
22209	-983534400	4.1
22209	-980942400	2.9
22209	-978264000	1
22209	-975585600	-0.4
22209	-973166400	7.7
22209	-970488000	11.7
22209	-967896000	17.1
22209	-965217600	21.7
22209	-962625600	22.3
22209	-959947200	21.7
22209	-957268800	19.1
22209	-954676800	11.5
22209	-951998400	5.6
22209	-949406400	3
22209	-946728000	0.2
22209	-944049600	2.3
22209	-941544000	6.8
22209	-938865600	10.2
22209	-936273600	16.2
22209	-933595200	19.6
22209	-931003200	22.2
22209	-928324800	21.1
22209	-925646400	19
22209	-923054400	12.6
22209	-920376000	4.9
22209	-917784000	4.5
22209	-915105600	2.6
22209	-912427200	5.1
22209	-910008000	5.7
22209	-907329600	9.4
22209	-904737600	16
22209	-902059200	19.2
22209	-899467200	21.8
22209	-896788800	21.1
22209	-894110400	17.5
22209	-891518400	12
22209	-888840000	6
22209	-886248000	2.6
22209	-883569600	2.5
22209	-880891200	1.5
22209	-878472000	5.4
22209	-875793600	10.3
22209	-873201600	15.4
22209	-870523200	20.9
22209	-867931200	22.9
22209	-865252800	21.1
22209	-862574400	16.9
22209	-859982400	11.8
22209	-857304000	7.7
22209	-854712000	4.1
22209	-852033600	2.3
22209	-849355200	5.3
22209	-846936000	6.9
22209	-844257600	13.7
22209	-841665600	17.4
22209	-838987200	21.6
22209	-836395200	22.5
22209	-833716800	23.9
22209	-831038400	18.9
22209	-828446400	11.6
22209	-825768000	5.3
22209	-823176000	0.7
22209	-820497600	-0.2
22209	-817819200	3.9
22209	-815313600	5.8
22209	-812635200	9.8
22209	-810043200	15.8
22209	-807364800	20.8
22209	-804772800	23
22209	-802094400	22.1
22209	-799416000	17.7
22209	-796824000	12.9
22209	-794145600	4.6
22209	-791553600	1.5
22209	-788875200	2.1
22209	-786196800	4.8
22209	-783777600	6.2
22209	-781099200	10.3
22209	-778507200	16.9
22209	-775828800	20.3
22209	-773236800	23.2
22209	-770558400	23.3
22209	-767880000	19.7
22209	-765288000	12.5
22209	-762609600	6.2
22209	-760017600	0.3
22209	-757339200	-0.9
22209	-754660800	3.1
22209	-752241600	8.2
22209	-749563200	14.1
22209	-746971200	16
22209	-744292800	23.1
22209	-741700800	23.5
22209	-739022400	23.4
22209	-736344000	20.3
22209	-733752000	12.1
22209	-731073600	4.6
22209	-728481600	3.7
22209	-725803200	-0.2
22209	-723124800	4.4
22209	-720705600	7.2
22209	-718027200	11
22209	-715435200	17.9
22209	-712756800	21
22209	-710164800	23.9
22209	-707486400	22.1
22209	-704808000	19.6
22209	-702216000	13.9
22209	-699537600	3.7
22209	-696945600	0.3
22209	-694267200	0.6
22209	-691588800	2.8
22209	-689083200	4.8
22209	-686404800	13.6
22209	-683812800	17.6
22209	-681134400	21.8
22209	-678542400	23.4
22209	-675864000	22.7
22209	-673185600	19.2
22209	-670593600	11.9
22209	-667915200	3.4
22209	-665323200	3.6
22209	-662644800	-1.9
22209	-659966400	3.2
22209	-657547200	8.1
22209	-654868800	11.1
22209	-652276800	16.7
22209	-649598400	21.3
22209	-647006400	22.8
22209	-644328000	21.4
22209	-641649600	19.1
22209	-639057600	11.3
22209	-636379200	8.5
22209	-633787200	1.4
22209	-631108800	4
22209	-628430400	6.1
22209	-626011200	8.3
22209	-623332800	12.9
22209	-620740800	16.6
22209	-618062400	22.3
22209	-615470400	22.2
22209	-612792000	21.2
22209	-610113600	17.9
22209	-607521600	15.5
22209	-604843200	7.2
22209	-602251200	3.6
22209	-599572800	1.6
22209	-596894400	3
22209	-594475200	6.3
22209	-591796800	11
22209	-589204800	16.8
22209	-586526400	21.5
22209	-583934400	24.8
22209	-581256000	22.7
22209	-578577600	20.1
22209	-575985600	13.9
22209	-573307200	5
22209	-570715200	3
22209	-568036800	4.7
22209	-565358400	3
22209	-562852800	5.4
22209	-560174400	11.9
22209	-557582400	16.6
22209	-554904000	23.2
22209	-552312000	23
22209	-549633600	23.5
22209	-546955200	19.3
22209	-544363200	12.9
22209	-541684800	4.3
22209	-539092800	1.6
22209	-536414400	5.1
22209	-533736000	3.1
22209	-531316800	8.8
22209	-528638400	11.7
22209	-526046400	14.2
22209	-523368000	23.2
22209	-520776000	24.1
22209	-518097600	22.3
22209	-515419200	18.8
22209	-512827200	12.2
22209	-510148800	5.9
22209	-507556800	-1.1
22209	-504878400	2.6
22209	-502200000	6.2
22209	-499780800	7.1
22209	-497102400	14.5
22209	-494510400	16.9
22209	-491832000	21.8
22209	-489240000	24.1
22209	-486561600	22.3
22209	-483883200	20.4
22209	-481291200	14.1
22209	-478612800	7.3
22209	-476020800	2.8
22209	-473342400	0.9
22209	-470664000	1.4
22209	-468244800	7.4
22209	-465566400	11.4
22209	-462974400	16.3
22209	-460296000	20.7
22209	-457704000	22.2
22209	-455025600	22
22209	-452347200	19.7
22209	-449755200	13.6
22209	-447076800	6.5
22209	-444484800	3.4
22209	-441806400	4.2
22209	-439128000	1.8
22209	-436622400	8.5
22209	-433944000	11.3
22209	-431352000	18.3
22209	-428673600	23.6
22209	-426081600	23.3
22209	-423403200	21.2
22209	-420724800	20.1
22209	-418132800	14.2
22209	-415454400	3.6
22209	-412862400	1.6
22209	-410184000	4.5
22209	-407505600	8.6
22209	-405086400	7.8
22209	-402408000	11
22209	-399816000	14.8
22209	-397137600	21.4
22209	-394545600	24.2
22209	-391867200	21.9
22209	-389188800	18
22209	-386596800	11.8
22209	-383918400	3.9
22209	-381326400	3
22209	-378648000	0
22209	-375969600	5.4
22209	-373550400	5.1
22209	-370872000	10.6
22209	-368280000	17.6
22209	-365601600	22.6
22209	-363009600	23.4
22209	-360331200	23.2
22209	-357652800	18.9
22209	-355060800	11.7
22209	-352382400	6
22209	-349790400	3.5
22209	-347112000	2.3
22209	-344433600	3.5
22209	-342014400	6.4
22209	-339336000	12.6
22209	-336744000	17
22209	-334065600	23.3
22209	-331473600	23.2
22209	-328795200	22.4
22209	-326116800	19.6
22209	-323524800	12.8
22209	-320846400	4.5
22209	-318254400	2.2
22209	-315576000	-0.8
22209	-312897600	1.4
22209	-310392000	8.9
22209	-307713600	12.6
22209	-305121600	15.4
22209	-302443200	22.7
22209	-299851200	22.3
22209	-297172800	22.7
22209	-294494400	19.7
22209	-291902400	12.2
22209	-289224000	6.5
22209	-286632000	0.4
22209	-283953600	0.2
22209	-281275200	4.2
22209	-278856000	7.6
22209	-276177600	12.1
22209	-273585600	17.3
22209	-270907200	21.9
22209	-268315200	23.2
22209	-265636800	21.8
22209	-262958400	17.3
22209	-260366400	12.4
22209	-257688000	4.2
22209	-255096000	2.7
22209	-252417600	0
22209	-249739200	6.7
22209	-247320000	4.6
22209	-244641600	13.2
22209	-242049600	17.2
22209	-239371200	21.1
22209	-236779200	21.9
22209	-234100800	22.6
22209	-231422400	19.3
22209	-228830400	12.5
22209	-226152000	7.7
22209	-223560000	2.4
22209	-220881600	0
22209	-218203200	4.5
22209	-215784000	7.6
22209	-213105600	13.1
22209	-210513600	18
22209	-207835200	21.5
22209	-205243200	24.4
22209	-202564800	21
22209	-199886400	18.8
22209	-197294400	14.4
22209	-194616000	6.8
22209	-192024000	0.9
22209	-189345600	-1.3
22209	-186667200	-1.3
22209	-184161600	5.6
22209	-181483200	11.1
22209	-178891200	17
22209	-176212800	21.1
22209	-173620800	23.7
22209	-170942400	22.5
22209	-168264000	18.8
22209	-165672000	12.9
22209	-162993600	6.3
22209	-160401600	1.7
22209	-157723200	3.4
22209	-155044800	2.3
22209	-152625600	5.2
22209	-149947200	12.7
22209	-147355200	16
22209	-144676800	20.4
22209	-142084800	23.5
22209	-139406400	21.3
22209	-136728000	17.4
22209	-134136000	11.9
22209	-131457600	8.7
22209	-128865600	2.8
22209	-126187200	-0.9
22209	-123508800	1.2
22209	-121089600	7.8
22209	-118411200	12.3
22209	-115819200	17.8
22209	-113140800	21.1
22209	-110548800	24.5
22209	-107870400	21.4
22209	-105192000	18.3
22209	-102600000	12
22209	-99921600	8.4
22209	-97329600	2
22209	-94651200	1.2
22209	-91972800	4.3
22209	-89553600	10.9
22209	-86875200	14.1
22209	-84283200	15.6
22209	-81604800	20.2
22209	-79012800	23.7
22209	-76334400	20.6
22209	-73656000	17.6
22209	-71064000	12.8
22209	-68385600	7.1
22209	-65793600	0.5
22209	-63115200	1.8
22209	-60436800	5
22209	-57931200	6.6
22209	-55252800	10.6
22209	-52660800	16
22209	-49982400	22.2
22209	-47390400	21.7
22209	-44712000	20.7
22209	-42033600	17.7
22209	-39441600	13.3
22209	-36763200	5.7
22209	-34171200	0.5
22209	-31492800	5.1
22209	-28814400	3.8
22209	-26395200	3.7
22209	-23716800	13.4
22209	-21124800	16.9
22209	-18446400	21.2
22209	-15854400	24
22209	-13176000	23.4
22209	-10497600	18.7
22209	-7905600	12.7
22209	-5227200	5.5
22209	-2635200	3.4
22209	43200	1.1
22209	2721600	4.9
22209	5140800	6.1
22209	7819200	10.6
22209	10411200	16.4
22209	13089600	20.6
22209	15681600	23.2
22209	18360000	22.4
22209	21038400	18.5
22209	23630400	9.5
22209	26308800	6.3
22209	28900800	4.1
22209	31579200	2.3
22209	34257600	3.8
22209	36676800	8.1
22209	39355200	11.5
22209	41947200	16.5
22209	44625600	21.7
22209	47217600	23.6
22209	49896000	20.4
22209	52574400	17.5
22209	55166400	11.4
22209	57844800	6.5
22209	60436800	1.7
22209	63115200	2.5
22209	65793600	4.5
22209	68299200	11
22209	70977600	12.9
22209	73569600	15.9
22209	76248000	20.6
22209	78840000	23
22209	81518400	20.7
22209	84196800	17.5
22209	86788800	13.1
22209	89467200	3.3
22209	92059200	1.7
22209	94737600	0.4
22209	97416000	2.3
22209	99835200	5.9
22209	102513600	9
22209	105105600	15
22209	107784000	20
22209	110376000	22.5
22209	113054400	21.4
22209	115732800	18
22209	118324800	12.6
22209	121003200	7.8
22209	123595200	2.2
22209	126273600	2.7
22209	128952000	2.3
22209	131371200	11.2
22209	134049600	12.9
22209	136641600	18.5
22209	139320000	23.2
22209	141912000	22.5
22209	144590400	20.1
22209	147268800	16.3
22209	149860800	12.5
22209	152539200	5.5
22209	155131200	0.4
22209	157809600	1.7
22209	160488000	3.5
22209	162907200	6.4
22209	165585600	9.1
22209	168177600	14.9
22209	170856000	21.2
22209	173448000	21.5
22209	176126400	21.4
22209	178804800	16.7
22209	181396800	12.8
22209	184075200	6.1
22209	186667200	2.5
22209	189345600	0.9
22209	192024000	6.3
22209	194529600	7.6
22209	197208000	12.1
22209	199800000	15
22209	202478400	21
22209	205070400	21.7
22209	207748800	21.2
22209	210427200	17.1
22209	213019200	9.7
22209	215697600	4.2
22209	218289600	0.7
22209	220968000	1
22209	223646400	4.5
22209	226065600	6.1
22209	228744000	12
22209	231336000	16.4
22209	234014400	22.5
22209	236606400	23.1
22209	239284800	22.9
22209	241963200	19.7
22209	244555200	13.3
22209	247233600	7.5
22209	249825600	4.7
22209	252504000	1.9
22209	255182400	2.9
22209	257601600	8.5
22209	260280000	13.4
22209	262872000	15.9
22209	265550400	22.4
22209	268142400	24.6
22209	270820800	21.3
22209	273499200	18.5
22209	276091200	13.6
22209	278769600	8.2
22209	281361600	0.6
22209	284040000	0
22209	286718400	4.1
22209	289137600	7.3
22209	291816000	11.9
22209	294408000	15
22209	297086400	20.2
22209	299678400	23.5
22209	302356800	20.8
22209	305035200	18.3
22209	307627200	13.9
22209	310305600	3.8
22209	312897600	1.4
22209	315576000	4
22209	318254400	4.8
22209	320760000	6.1
22209	323438400	10
22209	326030400	16
22209	328708800	23.5
22209	331300800	25.5
22209	333979200	22.3
22209	336657600	18.6
22209	339249600	11
22209	341928000	5.1
22209	344520000	4.3
22209	347198400	2.9
22209	349876800	4.4
22209	352296000	6.2
22209	354974400	13.1
22209	357566400	16.6
22209	360244800	22.4
22209	362836800	23.4
22209	365515200	21.2
22209	368193600	18.6
22209	370785600	12.7
22209	373464000	7.4
22209	376056000	3.8
22209	378734400	1.8
22209	381412800	4
22209	383832000	8.2
22209	386510400	12.2
22209	389102400	16
22209	391780800	21.4
22209	394372800	23.1
22209	397051200	22.2
22209	399729600	18.8
22209	402321600	11.8
22209	4.05e+08	5.1
22209	407592000	0.8
22209	410270400	2.1
22209	412948800	3.9
22209	415368000	7.4
22209	418046400	8.1
22209	420638400	14.8
22209	423316800	20.2
22209	425908800	23.2
22209	428587200	22.6
22209	431265600	20.4
22209	433857600	13.4
22209	436536000	6.5
22209	439128000	1.9
22209	441806400	1.2
22209	444484800	2.6
22209	446990400	6.6
22209	449668800	11
22209	452260800	19.1
22209	454939200	21.2
22209	457531200	22.7
22209	460209600	21.2
22209	462888000	18.5
22209	465480000	10.6
22209	468158400	5.8
22209	470750400	2.5
22209	473428800	-0.2
22209	476107200	2.4
22209	478526400	7.9
22209	481204800	12.5
22209	483796800	16.3
22209	486475200	21.3
22209	489067200	23.1
22209	491745600	22.9
22209	494424000	18
22209	497016000	12.9
22209	499694400	7.4
22209	502286400	2.4
22209	504964800	3.8
22209	507643200	5.6
22209	510062400	8.4
22209	512740800	13.4
22209	515332800	16.3
22209	518011200	20.5
22209	520603200	21.9
22209	523281600	22.6
22209	525960000	17.7
22209	528552000	11.3
22209	531230400	4.7
22209	533822400	1.1
22209	536500800	0.8
22209	539179200	3.7
22209	541598400	5.7
22209	544276800	10.8
22209	546868800	15.5
22209	549547200	20.8
22209	552139200	22.9
22209	554817600	21.5
22209	557496000	17.6
22209	560088000	14.2
22209	562766400	5.8
22209	565358400	0.9
22209	568036800	1
22209	570715200	6.2
22209	573220800	7.7
22209	575899200	11.7
22209	578491200	16.7
22209	581169600	21.7
22209	583761600	22.4
22209	586440000	20.6
22209	589118400	16.2
22209	591710400	13.8
22209	594388800	6.2
22209	596980800	0.6
22209	599659200	1.4
22209	602337600	4.7
22209	604756800	9.7
22209	607435200	14.6
22209	610027200	19.1
22209	612705600	22.4
22209	615297600	23.2
22209	617976000	21.3
22209	620654400	17.9
22209	623246400	12.3
22209	625924800	6
22209	628516800	-0.2
22209	631195200	1.1
22209	633873600	3
22209	636292800	7.3
22209	638971200	12.3
22209	641563200	16.2
22209	644241600	24.6
22209	646833600	22.1
22209	649512000	20.7
22209	652190400	19
22209	654782400	12.4
22209	657460800	6.7
22209	660052800	1.2
22209	662731200	1
22209	665409600	5
22209	667828800	6.6
22209	670507200	11.4
22209	673099200	16.8
22209	675777600	21.3
22209	678369600	20.6
22209	681048000	21.2
22209	683726400	17.5
22209	686318400	12.6
22209	688996800	3.6
22209	691588800	1.9
22209	694267200	0
22209	696945600	4.5
22209	699451200	7.7
22209	702129600	12.4
22209	704721600	15.5
22209	707400000	20.5
22209	709992000	22.6
22209	712670400	21.6
22209	715348800	18.8
22209	717940800	13.9
22209	720619200	3.2
22209	723211200	0.8
22209	725889600	3.2
22209	728568000	4.5
22209	730987200	6.7
22209	733665600	11.1
22209	736257600	16.9
22209	738936000	21
22209	741528000	23.1
22209	744206400	21.4
22209	746884800	18
22209	749476800	11.7
22209	752155200	4.7
22209	754747200	1.2
22209	757425600	1.7
22209	760104000	3.7
22209	762523200	8.4
22209	765201600	11.3
22209	767793600	17.4
22209	770472000	23.9
22209	773064000	24.6
22209	775742400	24
22209	778420800	18.8
22209	781012800	12.8
22209	783691200	6.4
22209	786283200	4.2
22209	788961600	2.4
22209	791640000	6.4
22209	794059200	7
22209	796737600	10.5
22209	799329600	17.2
22209	802008000	21.3
22209	804600000	23.4
22209	807278400	23.8
22209	809956800	18.8
22209	812548800	13.4
22209	815227200	7.8
22209	817819200	3.7
22209	820497600	2.8
22209	823176000	7.2
22209	825681600	6
22209	828360000	12.3
22209	830952000	20.1
22209	833630400	22.9
22209	836222400	23.5
22209	838900800	22
22209	841579200	16.8
22209	844171200	12.6
22209	846849600	6.8
22209	849441600	3.3
22209	852120000	1.5
22209	854798400	3.7
22209	857217600	9
22209	859896000	10.1
22209	862488000	17.3
22209	865166400	20.7
22209	867758400	22.7
22209	870436800	21.8
22209	873115200	20.4
22209	875707200	12.1
22209	878385600	5.6
22209	880977600	-0.9
22209	883656000	3
22209	886334400	3
22209	888753600	5.6
22209	891432000	9.2
22209	894024000	17.2
22209	896702400	22.3
22209	899294400	23.5
22209	901972800	22.4
22209	904651200	21.4
22209	907243200	13.8
22209	909921600	7.8
22209	912513600	3.5
22209	915192000	4.5
22209	917870400	6.1
22209	920289600	9.3
22209	922968000	11.2
22209	925560000	16.8
22209	928238400	21.4
22209	930830400	22.5
22209	933508800	22.5
22209	936187200	18.6
22209	938779200	13.4
22209	941457600	8.8
22209	944049600	1.3
22209	946728000	4.3
22209	949406400	7.2
22209	951912000	8.1
22209	954590400	13.8
22209	957182400	20.6
22209	959860800	21
22209	962452800	24.1
22209	965131200	23.1
22209	967809600	20.7
22209	970401600	11.4
22209	973080000	2.7
22209	975672000	0.6
22209	978350400	0.6
22209	981028800	5.2
22209	983448000	7.4
22209	986126400	13.2
22209	988718400	18.3
22209	991396800	22.8
22209	993988800	23.3
22209	996667200	19.8
22209	999345600	20
22209	1001937600	14.3
22209	1004616000	7.7
22209	1007208000	1.3
22209	1009886400	3.8
22209	1012564800	4.7
22209	1014984000	7.9
22209	1017662400	15.7
22209	1020254400	18
22209	1022932800	24
22209	1025524800	23.4
22209	1028203200	23.2
22209	1030881600	19.3
22209	1033473600	12.5
22209	1036152000	5.1
22209	1038744000	-0.9
22209	1041422400	0.7
22209	1044100800	4.5
22209	1046520000	7.5
22209	1049198400	12.2
22209	1051790400	18.4
22209	1054468800	21.6
22209	1057060800	24.8
22209	1059739200	23.5
22209	1062417600	19.6
22209	1065009600	15.8
22209	1067688000	7.1
22209	1070280000	2.4
22209	1072958400	3.1
22209	1075636800	2.4
22209	1078142400	10.1
22209	1080820800	11.4
22209	1083412800	18.2
22209	1086091200	21.9
22209	1088683200	23.4
22209	1091361600	21.1
22209	1094040000	17.8
22209	1096632000	12.8
22209	1099310400	5.5
22209	1101902400	2
22209	1104580800	5
22209	1107259200	5.1
22209	1109678400	7.8
22209	1112356800	11.8
22209	1114948800	17.4
22209	1117627200	21.7
22209	1120219200	24.4
22209	1122897600	22
22209	1125576000	19.9
22209	1128168000	13.1
22209	1130846400	7.2
22209	1133438400	3
22209	1136116800	3.1
22209	1138795200	5.7
22209	1141214400	8.3
22209	1143892800	14.9
22209	1146484800	19.3
22209	1149163200	23.5
22209	1151755200	23.8
22209	1154433600	20.8
22209	1157112000	16.2
22209	1159704000	12.3
22209	1162382400	6.9
22209	1164974400	1.2
22209	1167652800	1.3
22209	1170331200	4.7
22209	1172750400	8.9
22209	1175428800	11.4
22209	1178020800	15.7
22209	1180699200	21.8
22209	1183291200	22.6
22209	1185969600	23.2
22209	1188648000	19.9
22209	1191240000	14
22209	1193918400	7.3
22209	1196510400	1.5
22209	1199188800	0.3
22209	1201867200	5
22209	1204372800	7.6
22209	1207051200	12.2
22209	1209643200	17
22209	1212321600	23.1
22209	1214913600	21.7
22209	1217592000	21.2
22209	1220270400	16.9
22209	1222862400	12.7
22209	1225540800	6.8
22209	1228132800	3.4
22209	1230811200	3.3
22209	1233489600	5.1
22209	1235908800	9.6
22209	1238587200	11.8
22209	1241179200	18.6
22209	1243857600	21
22209	1246449600	24.3
22209	1249128000	22.9
22209	1251806400	18.3
22209	1254398400	12.2
22209	1257076800	6.9
22209	1259668800	0.5
22209	1262347200	1.1
22209	1265025600	2.8
22209	1267444800	6.4
22209	1270123200	12.8
22209	1272715200	17.1
22209	1275393600	23
22209	1277985600	22.8
22209	1280664000	23
22209	1283342400	20.6
22209	1285934400	13.8
22209	1288612800	5.3
22209	1291204800	4.6
22209	1293883200	1.1
22209	1296561600	2.4
22209	1298980800	10.4
22209	1301659200	14.7
22209	1304251200	16.8
22209	1306929600	23.5
22209	1309521600	24.6
22209	1312200000	25.1
22209	1314878400	19.7
22209	1317470400	12.9
22209	1320148800	6.2
22209	1322740800	-0.9
22209	1325419200	3.7
22209	1328097600	4.2
22209	1330603200	8.7
22209	1333281600	14.6
22209	1335873600	18.4
22209	1338552000	24.2
22209	1341144000	23.4
22209	1343822400	23.9
22209	1346500800	19.1
22209	1349092800	14.5
22209	1351771200	8
22209	1354363200	2.5
22209	1357041600	1
22209	1359720000	2.8
22209	1362139200	8.9
22209	1364817600	13.1
22209	1367409600	17.2
22209	1370088000	24.4
22209	1372680000	22.9
22209	1375358400	22.9
22209	1378036800	18.8
22209	1380628800	12
22209	1383307200	5.7
22209	1385899200	1.7
22209	1388577600	0.4
22209	1391256000	6.8
22209	1393675200	7.9
22210	-2416737600	22.8
22210	-2414145600	23.1
22210	-2411467200	21.7
22210	-2408788800	18.9
22210	-2406196800	11.5
22210	-2403518400	5.5
22210	-2400926400	3.5
22210	-2398248000	0.7
22210	-2395569600	1.8
22210	-2393150400	6.8
22210	-2390472000	13.3
22210	-2387880000	18.2
22210	-2385201600	20.7
22210	-2382609600	23.6
22210	-2379931200	22.5
22210	-2377252800	19
22210	-2374660800	14.8
22210	-2371982400	7
22210	-2369390400	4.8
22210	-2366712000	3.3
22210	-2364033600	2
22210	-2361614400	7.9
22210	-2358936000	13.4
22210	-2356344000	16.8
22210	-2353665600	22.1
22210	-2351073600	22.7
22210	-2348395200	23.1
22210	-2345716800	19.5
22210	-2343124800	11.6
22210	-2340446400	5.3
22210	-2337854400	0.1
22210	-2335176000	3.4
22210	-2332497600	3.6
22210	-2329992000	9.4
22210	-2327313600	12.4
22210	-2324721600	18.9
22210	-2322043200	24.3
22210	-2319451200	24.1
22210	-2316772800	22.9
22210	-2314094400	19.9
22210	-2311502400	12
22210	-2308824000	7.9
22210	-2306232000	3
22210	-2303553600	0.4
22210	-2300875200	4.2
22210	-2298456000	7.4
22210	-2295777600	13.4
22210	-2293185600	18.9
22210	-2290507200	23.2
22210	-2287915200	23.9
22210	-2285236800	22.9
22210	-2282558400	18.8
22210	-2279966400	12.2
22210	-2277288000	8.1
22210	-2274696000	1.8
22210	-2272017600	0.9
22210	-2269339200	5.6
22210	-2266920000	7.1
22210	-2264241600	14
22210	-2261649600	17.1
22210	-2258971200	23.4
22210	-2256379200	24.3
22210	-2253700800	22.7
22210	-2251022400	19.8
22210	-2248430400	11.7
22210	-2245752000	5.2
22210	-2243160000	-0.7
22210	-2240481600	2.7
22210	-2237803200	2.4
22210	-2235384000	8.3
22210	-2232705600	10.4
22210	-2230113600	16.5
22210	-2227435200	23.4
22210	-2224843200	24.1
22210	-2222164800	23.4
22210	-2219486400	19.8
22210	-2216894400	13
22210	-2214216000	6.9
22210	-2211624000	2.9
22210	-2208945600	4.5
22210	-2206267200	4.2
22210	-2203848000	9.4
22210	-2201169600	9.2
22210	-2198577600	17
22210	-2195899200	23.3
22210	-2193307200	24.8
22210	-2190628800	24.5
22210	-2187950400	20.4
22210	-2185358400	13.7
22210	-2182680000	7.7
22210	-2180088000	3.2
22210	-2177409600	3.8
22210	-2174731200	4.8
22210	-2172312000	7.4
22210	-2169633600	11.3
22210	-2167041600	17.3
22210	-2164363200	21.2
22210	-2161771200	24.6
22210	-2159092800	24.9
22210	-2156414400	20.7
22210	-2153822400	14.1
22210	-2151144000	8.4
22210	-2148552000	3.2
22210	-2145873600	3.2
22210	-2143195200	4.8
22210	-2140776000	6.2
22210	-2138097600	13.9
22210	-2135505600	17.5
22210	-2132827200	23.6
22210	-2130235200	23.2
22210	-2127556800	23.1
22210	-2124878400	18.8
22210	-2122286400	13.4
22210	-2119608000	5.9
22210	-2117016000	2.7
22210	-2114337600	2.5
22210	-2111659200	1.5
22210	-2109240000	7.3
22210	-2106561600	12.6
22210	-2103969600	16.3
22210	-2101291200	20.6
22210	-2098699200	24.8
22210	-2096020800	23.8
22210	-2093342400	19.6
22210	-2090750400	11.7
22210	-2088072000	7.6
22210	-2085480000	1.5
22210	-2082801600	0.6
22210	-2080123200	6.5
22210	-2077617600	10
22210	-2074939200	12.7
22210	-2072347200	17
22210	-2069668800	22
22210	-2067076800	23.6
22210	-2064398400	23
22210	-2061720000	19.5
22210	-2059128000	13.2
22210	-2056449600	6.3
22210	-2053857600	3.4
22210	-2051179200	3.6
22210	-2048500800	4.6
22210	-2046081600	9.1
22210	-2043403200	10.7
22210	-2040811200	16
22210	-2038132800	22.7
22210	-2035540800	23.2
22210	-2032862400	24.1
22210	-2030184000	20.6
22210	-2027592000	14.2
22210	-2024913600	7.3
22210	-2022321600	0
22210	-2019643200	1.6
22210	-2016964800	5.2
22210	-2014545600	9.4
22210	-2011867200	12.5
22210	-2009275200	16.8
22210	-2006596800	23.6
22210	-2004004800	24.6
22210	-2001326400	22.2
22210	-1998648000	20
22210	-1996056000	13.1
22210	-1993377600	6.7
22210	-1990785600	5.4
22210	-1988107200	5.2
22210	-1985428800	7.8
22210	-1983009600	11
22210	-1980331200	12.6
22210	-1977739200	14.7
22210	-1975060800	20.6
22210	-1972468800	24.6
22210	-1969790400	23.7
22210	-1967112000	20.4
22210	-1964520000	14.1
22210	-1961841600	7.2
22210	-1959249600	4.5
22210	-1956571200	3.3
22210	-1953892800	5.4
22210	-1951387200	10.6
22210	-1948708800	13.2
22210	-1946116800	15.6
22210	-1943438400	21.9
22210	-1940846400	23.7
22210	-1938168000	22.6
22210	-1935489600	19
22210	-1932897600	12
22210	-1930219200	6.6
22210	-1927627200	3.4
22210	-1924948800	6.2
22210	-1922270400	5
22210	-1919851200	7.5
22210	-1917172800	12.2
22210	-1914580800	15.6
22210	-1911902400	22.6
22210	-1909310400	24.9
22210	-1906632000	23.6
22210	-1903953600	19
22210	-1901361600	14.3
22210	-1898683200	8.2
22210	-1896091200	0
22210	-1893412800	4.4
22210	-1890734400	4.7
22210	-1888315200	11.9
22210	-1885636800	13.4
22210	-1883044800	18.2
22210	-1880366400	23.2
22210	-1877774400	25.7
22210	-1875096000	24.8
22210	-1872417600	21.5
22210	-1869825600	13.8
22210	-1867147200	8.6
22210	-1864555200	4.1
22210	-1861876800	6
22210	-1859198400	5.7
22210	-1856779200	11.4
22210	-1854100800	12.5
22210	-1851508800	17.5
22210	-1848830400	22.1
22210	-1846238400	23
22210	-1843560000	24.8
22210	-1840881600	21
22210	-1838289600	13.5
22210	-1835611200	5
22210	-1833019200	-0.5
22210	-1830340800	2.5
22210	-1827662400	3.7
22210	-1825156800	8.2
22210	-1822478400	9.7
22210	-1819886400	16.9
22210	-1817208000	22.2
22210	-1814616000	24.3
22210	-1811937600	23.5
22210	-1809259200	19.2
22210	-1806667200	12.3
22210	-1803988800	5.7
22210	-1801396800	-0.9
22210	-1798718400	0.3
22210	-1796040000	3.7
22210	-1793620800	7.6
22210	-1790942400	11.4
22210	-1788350400	17.1
22210	-1785672000	21.5
22210	-1783080000	24.4
22210	-1780401600	23.4
22210	-1777723200	17.8
22210	-1775131200	13.4
22210	-1772452800	8.3
22210	-1769860800	1.4
22210	-1767182400	4.7
22210	-1764504000	4.5
22210	-1762084800	8
22210	-1759406400	13.5
22210	-1756814400	18.2
22210	-1754136000	23.1
22210	-1751544000	22.9
22210	-1748865600	23.7
22210	-1746187200	21.6
22210	-1743595200	13.6
22210	-1740916800	8.6
22210	-1738324800	2.2
22210	-1735646400	1
22210	-1732968000	4.2
22210	-1730548800	5.9
22210	-1727870400	11.1
22210	-1725278400	15.4
22210	-1722600000	20.9
22210	-1720008000	23.9
22210	-1717329600	21.8
22210	-1714651200	19.8
22210	-1712059200	12.7
22210	-1709380800	5.8
22210	-1706788800	2.3
22210	-1704110400	6.5
22210	-1701432000	6.8
22210	-1698926400	10.3
22210	-1696248000	12.2
22210	-1693656000	16.2
22210	-1690977600	23.5
22210	-1688385600	22.9
22210	-1685707200	23.1
22210	-1683028800	19.8
22210	-1680436800	14.5
22210	-1677758400	5.9
22210	-1675166400	1.8
22210	-1672488000	3
22210	-1669809600	4.3
22210	-1667390400	6
22210	-1664712000	11.3
22210	-1662120000	13.9
22210	-1659441600	20.2
22210	-1656849600	25.4
22210	-1654171200	23.3
22210	-1651492800	19.7
22210	-1648900800	13.6
22210	-1646222400	8
22210	-1643630400	4.5
22210	-1640952000	1
22210	-1638273600	7.7
22210	-1635854400	10.6
22210	-1633176000	12.4
22210	-1630584000	16
22210	-1627905600	24.9
22210	-1625313600	24.9
22210	-1622635200	23.5
22210	-1619956800	19.5
22210	-1617364800	14.3
22210	-1614686400	4.7
22210	-1612094400	-0.6
22210	-1609416000	-1.8
22210	-1606737600	2.4
22210	-1604318400	7.2
22210	-1601640000	13.2
22210	-1599048000	18.1
22210	-1596369600	21.6
22210	-1593777600	23.6
22210	-1591099200	23.3
22210	-1588420800	19.1
22210	-1585828800	13.9
22210	-1583150400	6.7
22210	-1580558400	3.8
22210	-1577880000	3.2
22210	-1575201600	7.2
22210	-1572696000	7.5
22210	-1570017600	10.7
22210	-1567425600	18.6
22210	-1564747200	21.7
22210	-1562155200	24.7
22210	-1559476800	23
22210	-1556798400	18.2
22210	-1554206400	13.2
22210	-1551528000	6.6
22210	-1548936000	0.9
22210	-1546257600	4.6
22210	-1543579200	4.9
22210	-1541160000	10.2
22210	-1538481600	11.3
22210	-1535889600	17.5
22210	-1533211200	21.6
22210	-1530619200	23.5
22210	-1527940800	23.6
22210	-1525262400	21.1
22210	-1522670400	13.6
22210	-1519992000	5.8
22210	-1517400000	5.4
22210	-1514721600	1.4
22210	-1512043200	6.6
22210	-1509624000	7
22210	-1506945600	11.6
22210	-1504353600	18.5
22210	-1501675200	23.7
22210	-1499083200	25.7
22210	-1496404800	24.8
22210	-1493726400	21.3
22210	-1491134400	12.8
22210	-1488456000	4.9
22210	-1485864000	3
22210	-1483185600	3
22210	-1480507200	3.3
22210	-1478088000	6.5
22210	-1475409600	11.6
22210	-1472817600	17.9
22210	-1470139200	22.9
22210	-1467547200	24.9
22210	-1464868800	23.3
22210	-1462190400	19.4
22210	-1459598400	12.3
22210	-1456920000	6.3
22210	-1454328000	1.9
22210	-1451649600	0
22210	-1448971200	3.9
22210	-1446465600	6.3
22210	-1443787200	11.2
22210	-1441195200	17.6
22210	-1438516800	23.7
22210	-1435924800	24.8
22210	-1433246400	24.7
22210	-1430568000	20.4
22210	-1427976000	14.3
22210	-1425297600	8.2
22210	-1422705600	2.1
22210	-1420027200	0.3
22210	-1417348800	6.3
22210	-1414929600	10.2
22210	-1412251200	14.4
22210	-1409659200	19.1
22210	-1406980800	21.8
22210	-1404388800	23.1
22210	-1401710400	20.8
22210	-1399032000	20.3
22210	-1396440000	14.7
22210	-1393761600	5.8
22210	-1391169600	0.5
22210	-1388491200	-0.9
22210	-1385812800	5.4
22210	-1383393600	7.3
22210	-1380715200	12.1
22210	-1378123200	16.6
22210	-1375444800	22.5
22210	-1372852800	23.1
22210	-1370174400	23
22210	-1367496000	21.6
22210	-1364904000	14.6
22210	-1362225600	7.3
22210	-1359633600	2.8
22210	-1356955200	4.4
22210	-1354276800	7.5
22210	-1351857600	7.4
22210	-1349179200	13
22210	-1346587200	18.6
22210	-1343908800	22
22210	-1341316800	25.3
22210	-1338638400	23.1
22210	-1335960000	20.2
22210	-1333368000	13
22210	-1330689600	9.2
22210	-1328097600	1.2
22210	-1325419200	3.6
22210	-1322740800	4.2
22210	-1320235200	9
22210	-1317556800	10.8
22210	-1314964800	17.6
22210	-1312286400	21.9
22210	-1309694400	24.4
22210	-1307016000	22.4
22210	-1304337600	19.1
22210	-1301745600	14.9
22210	-1299067200	6.3
22210	-1296475200	1.9
22210	-1293796800	1.7
22210	-1291118400	3.9
22210	-1288699200	8.5
22210	-1286020800	14.2
22210	-1283428800	17.1
22210	-1280750400	23.7
22210	-1278158400	25.2
22210	-1275480000	23.5
22210	-1272801600	21
22210	-1270209600	13.9
22210	-1267531200	4.4
22210	-1264939200	2.5
22210	-1262260800	2.1
22210	-1259582400	6.4
22210	-1257163200	7
22210	-1254484800	14.7
22210	-1251892800	16.1
22210	-1249214400	23.7
22210	-1246622400	24.9
22210	-1243944000	23.9
22210	-1241265600	20.3
22210	-1238673600	14.7
22210	-1235995200	6.2
22210	-1233403200	1.6
22210	-1230724800	2.3
22210	-1228046400	5.8
22210	-1225627200	7.5
22210	-1222948800	12.8
22210	-1220356800	17.5
22210	-1217678400	23
22210	-1215086400	25.2
22210	-1212408000	23.4
22210	-1209729600	22.1
22210	-1207137600	15.2
22210	-1204459200	7.1
22210	-1201867200	2.2
22210	-1199188800	0.7
22210	-1196510400	6.6
22210	-1194004800	5.9
22210	-1191326400	10.8
22210	-1188734400	15.2
22210	-1186056000	19.6
22210	-1183464000	23.3
22210	-1180785600	22.8
22210	-1178107200	18.4
22210	-1175515200	11.9
22210	-1172836800	4.5
22210	-1170244800	0.5
22210	-1167566400	1.4
22210	-1164888000	2.7
22210	-1162468800	9.3
22210	-1159790400	10.2
22210	-1157198400	15.8
22210	-1154520000	22.6
22210	-1151928000	25.1
22210	-1149249600	24.4
22210	-1146571200	22.5
22210	-1143979200	15.2
22210	-1141300800	7.5
22210	-1138708800	3.9
22210	-1136030400	1
22210	-1133352000	6.4
22210	-1130932800	10.1
22210	-1128254400	14.9
22210	-1125662400	20.8
22210	-1122984000	23.4
22210	-1120392000	26.2
22210	-1117713600	25.9
22210	-1115035200	20.9
22210	-1112443200	15.6
22210	-1109764800	8.2
22210	-1107172800	4.6
22210	-1104494400	4.6
22210	-1101816000	4.7
22210	-1099396800	10.1
22210	-1096718400	14
22210	-1094126400	16.4
22210	-1091448000	23.6
22210	-1088856000	26.6
22210	-1086177600	24.6
22210	-1083499200	19.5
22210	-1080907200	15.7
22210	-1078228800	6.5
22210	-1075636800	3.4
22210	-1072958400	3.4
22210	-1070280000	6.4
22210	-1067774400	9.3
22210	-1065096000	13.9
22210	-1062504000	19.5
22210	-1059825600	23.8
22210	-1057233600	24.8
22210	-1054555200	24.3
22210	-1051876800	20.2
22210	-1049284800	13.9
22210	-1046606400	6.4
22210	-1044014400	3.5
22210	-1041336000	0.6
22210	-1038657600	5
22210	-1036238400	7.3
22210	-1033560000	12.5
22210	-1030968000	17.8
22210	-1028289600	22.5
22210	-1025697600	25.3
22210	-1023019200	25.3
22210	-1020340800	21.4
22210	-1017748800	14.4
22210	-1015070400	7.3
22210	-1012478400	3.6
22210	-1009800000	3.4
22210	-1007121600	7
22210	-1004702400	9.3
22210	-1002024000	12.6
22210	-999432000	17.5
22210	-996753600	24.2
22210	-994161600	23.3
22210	-991483200	23
22210	-988804800	19.8
22210	-986212800	14.9
22210	-983534400	4.6
22210	-980942400	3.4
22210	-978264000	2.9
22210	-975585600	1.2
22210	-973166400	8.8
22210	-970488000	13.3
22210	-967896000	18.3
22210	-965217600	23.5
22210	-962625600	25
22210	-959947200	23.9
22210	-957268800	21.3
22210	-954676800	12.9
22210	-951998400	6.9
22210	-949406400	4.5
22210	-946728000	1.7
22210	-944049600	5.1
22210	-941544000	9.3
22210	-938865600	12.9
22210	-936273600	18.6
22210	-933595200	22.6
22210	-931003200	25.3
22210	-928324800	24
22210	-925646400	21.1
22210	-923054400	14.6
22210	-920376000	6.3
22210	-917784000	5.5
22210	-915105600	3
22210	-912427200	6.9
22210	-910008000	8.2
22210	-907329600	10.6
22210	-904737600	18.1
22210	-902059200	21
22210	-899467200	24.3
22210	-896788800	23.2
22210	-894110400	20.6
22210	-891518400	14.2
22210	-888840000	7.6
22210	-886248000	3.8
22210	-883569600	3.4
22210	-880891200	4
22210	-878472000	6.5
22210	-875793600	12.9
22210	-873201600	16.7
22210	-870523200	22.9
22210	-867931200	25.3
22210	-865252800	23.8
22210	-862574400	19.9
22210	-859982400	14.1
22210	-857304000	9.4
22210	-854712000	5.6
22210	-852033600	5.1
22210	-849355200	7.3
22210	-846936000	8.8
22210	-844257600	15
22210	-841665600	19.1
22210	-838987200	23.7
22210	-836395200	25
22210	-833716800	26.1
22210	-831038400	20.6
22210	-828446400	13.4
22210	-825768000	5.9
22210	-823176000	2.7
22210	-820497600	1.1
22210	-817819200	5.1
22210	-815313600	7.5
22210	-812635200	11.2
22210	-810043200	16.5
22210	-807364800	21.8
22210	-804772800	24.8
22210	-802094400	24.4
22210	-799416000	19.8
22210	-796824000	14.6
22210	-794145600	6.8
22210	-791553600	2.3
22210	-788875200	3.3
22210	-786196800	6.1
22210	-783777600	7.7
22210	-781099200	11.8
22210	-778507200	17.7
22210	-775828800	21.4
22210	-773236800	25.3
22210	-770558400	25.1
22210	-767880000	21.7
22210	-765288000	14.4
22210	-762609600	6.9
22210	-760017600	1.7
22210	-757339200	1.6
22210	-754660800	4
22210	-752241600	8.7
22210	-749563200	15
22210	-746971200	17
22210	-744292800	24
22210	-741700800	25
22210	-739022400	24.8
22210	-736344000	21.8
22210	-733752000	14.4
22210	-731073600	6
22210	-728481600	4.5
22210	-725803200	1.2
22210	-723124800	5.1
22210	-720705600	8.6
22210	-718027200	12.4
22210	-715435200	19
22210	-712756800	22.6
22210	-710164800	25.7
22210	-707486400	24.3
22210	-704808000	21
22210	-702216000	14.9
22210	-699537600	5.8
22210	-696945600	1.7
22210	-694267200	1.7
22210	-691588800	5.5
22210	-689083200	6.7
22210	-686404800	14.4
22210	-683812800	18.5
22210	-681134400	24.3
22210	-678542400	25.8
22210	-675864000	25
22210	-673185600	21.2
22210	-670593600	14.5
22210	-667915200	4.3
22210	-665323200	5
22210	-662644800	1.8
22210	-659966400	5.2
22210	-657547200	9.7
22210	-654868800	13
22210	-652276800	17.7
22210	-649598400	23
22210	-647006400	25.2
22210	-644328000	24
22210	-641649600	20.7
22210	-639057600	12.9
22210	-636379200	8.4
22210	-633787200	2.7
22210	-631108800	4.6
22210	-628430400	7.1
22210	-626011200	8.9
22210	-623332800	14.1
22210	-620740800	16.8
22210	-618062400	23.8
22210	-615470400	24
22210	-612792000	22.8
22210	-610113600	19.4
22210	-607521600	16.4
22210	-604843200	7
22210	-602251200	3.9
22210	-599572800	2.5
22210	-596894400	4
22210	-594475200	8.1
22210	-591796800	12.3
22210	-589204800	17.8
22210	-586526400	21.6
22210	-583934400	26.9
22210	-581256000	24.9
22210	-578577600	21.5
22210	-575985600	14.7
22210	-573307200	6.3
22210	-570715200	3.9
22210	-568036800	5.3
22210	-565358400	3.8
22210	-562852800	6.2
22210	-560174400	12.8
22210	-557582400	17.9
22210	-554904000	24.5
22210	-552312000	24.5
22210	-549633600	24.8
22210	-546955200	20.1
22210	-544363200	13.8
22210	-541684800	5.6
22210	-539092800	1.6
22210	-536414400	4.2
22210	-533736000	3.4
22210	-531316800	8.6
22210	-528638400	13.8
22210	-526046400	14.5
22210	-523368000	24.3
22210	-520776000	25.5
22210	-518097600	24
22210	-515419200	20.3
22210	-512827200	14
22210	-510148800	9.1
22210	-507556800	-0.4
22210	-504878400	3.4
22210	-502200000	6.4
22210	-499780800	8.1
22210	-497102400	15.9
22210	-494510400	18.6
22210	-491832000	23.1
22210	-489240000	25.3
22210	-486561600	23.9
22210	-483883200	22
22210	-481291200	15.9
22210	-478612800	7.9
22210	-476020800	3.3
22210	-473342400	1.6
22210	-470664000	2.4
22210	-468244800	8.9
22210	-465566400	12
22210	-462974400	16.5
22210	-460296000	21.7
22210	-457704000	24.3
22210	-455025600	23.8
22210	-452347200	20
22210	-449755200	14.2
22210	-447076800	6.6
22210	-444484800	4.4
22210	-441806400	5.2
22210	-439128000	3.7
22210	-436622400	9.5
22210	-433944000	11.5
22210	-431352000	18.7
22210	-428673600	24.9
22210	-426081600	23.5
22210	-423403200	22.3
22210	-420724800	19.1
22210	-418132800	14.8
22210	-415454400	4.6
22210	-412862400	3.1
22210	-410184000	6.2
22210	-407505600	10.2
22210	-405086400	9.4
22210	-402408000	12.4
22210	-399816000	16.5
22210	-397137600	23
22210	-394545600	25.9
22210	-391867200	23.4
22210	-389188800	19.4
22210	-386596800	13.9
22210	-383918400	6.5
22210	-381326400	3
22210	-378648000	1.1
22210	-375969600	6.7
22210	-373550400	6
22210	-370872000	12.2
22210	-368280000	18.4
22210	-365601600	24.5
22210	-363009600	25.7
22210	-360331200	24.7
22210	-357652800	20.2
22210	-355060800	13.7
22210	-352382400	7.7
22210	-349790400	3.1
22210	-347112000	3.5
22210	-344433600	5.4
22210	-342014400	7.6
22210	-339336000	14.4
22210	-336744000	17.8
22210	-334065600	24.4
22210	-331473600	25.6
22210	-328795200	23.9
22210	-326116800	18.8
22210	-323524800	13.5
22210	-320846400	5.3
22210	-318254400	2.1
22210	-315576000	-0.6
22210	-312897600	3.9
22210	-310392000	10.8
22210	-307713600	14.1
22210	-305121600	17.9
22210	-302443200	24.5
22210	-299851200	23.9
22210	-297172800	24.1
22210	-294494400	20.3
22210	-291902400	11.5
22210	-289224000	8.5
22210	-286632000	0
22210	-283953600	2.8
22210	-281275200	5.4
22210	-278856000	9.3
22210	-276177600	13.5
22210	-273585600	18.3
22210	-270907200	23.3
22210	-268315200	24.8
22210	-265636800	24.1
22210	-262958400	20
22210	-260366400	13.8
22210	-257688000	6.6
22210	-255096000	3.5
22210	-252417600	2.7
22210	-249739200	7.4
22210	-247320000	6.2
22210	-244641600	14.3
22210	-242049600	16.5
22210	-239371200	21.1
22210	-236779200	23.5
22210	-234100800	23.3
22210	-231422400	19.2
22210	-228830400	15.3
22210	-226152000	9
22210	-223560000	3.7
22210	-220881600	1.2
22210	-218203200	5.6
22210	-215784000	8.3
22210	-213105600	12.8
22210	-210513600	17.4
22210	-207835200	21.7
22210	-205243200	25.9
22210	-202564800	23
22210	-199886400	20.9
22210	-197294400	15
22210	-194616000	7.9
22210	-192024000	2.1
22210	-189345600	0
22210	-186667200	0.9
22210	-184161600	7.2
22210	-181483200	12.1
22210	-178891200	17.7
22210	-176212800	21.6
22210	-173620800	25.1
22210	-170942400	23.7
22210	-168264000	19.5
22210	-165672000	13.5
22210	-162993600	6.5
22210	-160401600	2.4
22210	-157723200	4.1
22210	-155044800	3.3
22210	-152625600	6.8
22210	-149947200	12.5
22210	-147355200	17.2
22210	-144676800	21
22210	-142084800	25.5
22210	-139406400	23.9
22210	-136728000	19.9
22210	-134136000	13.5
22210	-131457600	9.3
22210	-128865600	3.4
22210	-126187200	0.2
22210	-123508800	1.9
22210	-121089600	8
22210	-118411200	13.1
22210	-115819200	18.6
22210	-113140800	22.2
22210	-110548800	26
22210	-107870400	23.6
22210	-105192000	19.6
22210	-102600000	12.7
22210	-99921600	8.6
22210	-97329600	1.9
22210	-94651200	1
22210	-91972800	5.1
22210	-89553600	11
22210	-86875200	13.6
22210	-84283200	16.3
22210	-81604800	22.5
22210	-79012800	26
22210	-76334400	22.9
22210	-73656000	19.7
22210	-71064000	13.7
22210	-68385600	8
22210	-65793600	1.9
22210	-63115200	2.8
22210	-60436800	6.5
22210	-57931200	7.5
22210	-55252800	10.8
22210	-52660800	16.6
22210	-49982400	22.4
22210	-47390400	24.1
22210	-44712000	22.2
22210	-42033600	18.5
22210	-39441600	14
22210	-36763200	6.4
22210	-34171200	1.5
22210	-31492800	4.9
22210	-28814400	4.6
22210	-26395200	4.9
22210	-23716800	13.5
22210	-21124800	17.7
22210	-18446400	22.6
22210	-15854400	25.9
22210	-13176000	26
22210	-10497600	20.5
22210	-7905600	14.6
22210	-5227200	7
22210	-2635200	4.2
22210	43200	2
22210	2721600	5.5
22210	5140800	7
22210	7819200	11.2
22210	10411200	17.2
22210	13089600	22.1
22210	15681600	25.4
22210	18360000	23.7
22210	21038400	19.5
22210	23630400	10.6
22210	26308800	6.6
22210	28900800	4.5
22210	31579200	2.7
22210	34257600	5.1
22210	36676800	8.4
22210	39355200	12.2
22210	41947200	16.6
22210	44625600	22.3
22210	47217600	25.8
22210	49896000	22.9
22210	52574400	20.3
22210	55166400	12.9
22210	57844800	7.7
22210	60436800	3.7
22210	63115200	3.6
22210	65793600	4.9
22210	68299200	11.1
22210	70977600	12.6
22210	73569600	16.7
22210	76248000	22.4
22210	78840000	24.8
22210	81518400	23
22210	84196800	19.4
22210	86788800	15.2
22210	89467200	4.5
22210	92059200	3.4
22210	94737600	1.3
22210	97416000	4.3
22210	99835200	7.2
22210	102513600	9.6
22210	105105600	16.1
22210	107784000	21.2
22210	110376000	23.9
22210	113054400	22.6
22210	115732800	19.9
22210	118324800	12.8
22210	121003200	8.2
22210	123595200	2.7
22210	126273600	3.6
22210	128952000	2.6
22210	131371200	10.7
22210	134049600	12.6
22210	136641600	18.8
22210	139320000	23.9
22210	141912000	23.7
22210	144590400	21.5
22210	147268800	18.4
22210	149860800	14
22210	152539200	6.7
22210	155131200	1.3
22210	157809600	2.2
22210	160488000	4.4
22210	162907200	7.7
22210	165585600	9.7
22210	168177600	14.7
22210	170856000	21.5
22210	173448000	23.5
22210	176126400	23.7
22210	178804800	18.7
22210	181396800	13.1
22210	184075200	6.9
22210	186667200	2.4
22210	189345600	1.5
22210	192024000	7.4
22210	194529600	8.8
22210	197208000	13.3
22210	199800000	16.7
22210	202478400	22
22210	205070400	23
22210	207748800	22.7
22210	210427200	18.5
22210	213019200	10.9
22210	215697600	4.7
22210	218289600	0.3
22210	220968000	1.9
22210	223646400	4.7
22210	226065600	5.2
22210	228744000	12.7
22210	231336000	16.7
22210	234014400	22.8
22210	236606400	24.3
22210	239284800	24.8
22210	241963200	21.6
22210	244555200	14.7
22210	247233600	7.7
22210	249825600	5.3
22210	252504000	3.6
22210	255182400	4.9
22210	257601600	9.6
22210	260280000	13.9
22210	262872000	17.2
22210	265550400	23.7
22210	268142400	26.3
22210	270820800	23.1
22210	273499200	19.1
22210	276091200	14.4
22210	278769600	9
22210	281361600	2.5
22210	284040000	1.5
22210	286718400	4.1
22210	289137600	7.3
22210	291816000	11.6
22210	294408000	16.1
22210	297086400	20.6
22210	299678400	24.9
22210	302356800	21.6
22210	305035200	18.8
22210	307627200	12.8
22210	310305600	3.5
22210	312897600	2.1
22210	315576000	4.7
22210	318254400	5.4
22210	320760000	6.6
22210	323438400	10.8
22210	326030400	16.1
22210	328708800	23.7
22210	331300800	26
22210	333979200	24.1
22210	336657600	20.3
22210	339249600	12.1
22210	341928000	5.1
22210	344520000	4.2
22210	347198400	4.1
22210	349876800	4.7
22210	352296000	7.4
22210	354974400	14.4
22210	357566400	17.8
22210	360244800	23.6
22210	362836800	25.5
22210	365515200	22.5
22210	368193600	19.9
22210	370785600	13.8
22210	373464000	8.2
22210	376056000	4.6
22210	378734400	2.9
22210	381412800	5.7
22210	383832000	9.2
22210	386510400	14.9
22210	389102400	16.1
22210	391780800	21.6
22210	394372800	25.2
22210	397051200	24.6
22210	399729600	20.7
22210	402321600	12.6
22210	4.05e+08	6.4
22210	407592000	2
22210	410270400	2.3
22210	412948800	5.4
22210	415368000	7.6
22210	418046400	9.1
22210	420638400	14.9
22210	423316800	20.1
22210	425908800	24.7
22210	428587200	24
22210	431265600	22
22210	433857600	14.4
22210	436536000	8
22210	439128000	4
22210	441806400	2.3
22210	444484800	4.2
22210	446990400	9.1
22210	449668800	12.5
22210	452260800	20.3
22210	454939200	22.7
22210	457531200	24.4
22210	460209600	22.5
22210	462888000	19.3
22210	465480000	11.6
22210	468158400	6.5
22210	470750400	3.3
22210	473428800	2.2
22210	476107200	4.1
22210	478526400	9.1
22210	481204800	13.8
22210	483796800	17.6
22210	486475200	21.8
22210	489067200	24.2
22210	491745600	23.2
22210	494424000	18.6
22210	497016000	13.5
22210	499694400	7.6
22210	502286400	2.3
22210	504964800	4
22210	507643200	7.5
22210	510062400	9.9
22210	512740800	14.1
22210	515332800	16.9
22210	518011200	22.6
22210	520603200	23.4
22210	523281600	23.6
22210	525960000	19.4
22210	528552000	12.7
22210	531230400	6.7
22210	533822400	2.6
22210	536500800	1.4
22210	539179200	3.9
22210	541598400	6.6
22210	544276800	11.5
22210	546868800	16.1
22210	549547200	21.9
22210	552139200	23.9
22210	554817600	23
22210	557496000	18.5
22210	560088000	15.1
22210	562766400	6.3
22210	565358400	1.1
22210	568036800	1.8
22210	570715200	5.6
22210	573220800	7.5
22210	575899200	10.7
22210	578491200	16.6
22210	581169600	22.3
22210	583761600	24.2
22210	586440000	22.7
22210	589118400	18.3
22210	591710400	15.1
22210	594388800	8.1
22210	596980800	2.1
22210	599659200	2.6
22210	602337600	6.6
22210	604756800	11
22210	607435200	15.3
22210	610027200	18.8
22210	612705600	22.3
22210	615297600	25.3
22210	617976000	23.1
22210	620654400	19.3
22210	623246400	13.4
22210	625924800	7.7
22210	628516800	1.3
22210	631195200	2.2
22210	633873600	4.4
22210	636292800	9.5
22210	638971200	14.2
22210	641563200	17.7
22210	644241600	25.5
22210	646833600	24.1
22210	649512000	22.2
22210	652190400	20.8
22210	654782400	13.5
22210	657460800	8.2
22210	660052800	2.9
22210	662731200	3
22210	665409600	6.8
22210	667828800	7.9
22210	670507200	12.8
22210	673099200	17.9
22210	675777600	21.5
22210	678369600	23.7
22210	681048000	22.8
22210	683726400	18.9
22210	686318400	14.2
22210	688996800	6.6
22210	691588800	3
22210	694267200	0.4
22210	696945600	5.6
22210	699451200	8.7
22210	702129600	13.8
22210	704721600	17.1
22210	707400000	20.7
22210	709992000	24.1
22210	712670400	22.9
22210	715348800	20
22210	717940800	14.1
22210	720619200	4.9
22210	723211200	2.2
22210	725889600	5.4
22210	728568000	5.9
22210	730987200	8.9
22210	733665600	12.7
22210	736257600	17.7
22210	738936000	22.7
22210	741528000	25.6
22210	744206400	23.1
22210	746884800	19.3
22210	749476800	13
22210	752155200	6.7
22210	754747200	2.8
22210	757425600	3
22210	760104000	4.6
22210	762523200	9.8
22210	765201600	13.5
22210	767793600	18.6
22210	770472000	25.9
22210	773064000	26.4
22210	775742400	26
22210	778420800	20.8
22210	781012800	13.9
22210	783691200	7.7
22210	786283200	4.4
22210	788961600	3.8
22210	791640000	8.8
22210	794059200	10.3
22210	796737600	11.6
22210	799329600	17.6
22210	802008000	22.8
22210	804600000	24.8
22210	807278400	25.5
22210	809956800	20.6
22210	812548800	14.5
22210	815227200	9.2
22210	817819200	4.4
22210	820497600	4.1
22210	823176000	8.9
22210	825681600	8.8
22210	828360000	13.7
22210	830952000	20.6
22210	833630400	25.1
22210	836222400	26
22210	838900800	23.7
22210	841579200	19.2
22210	844171200	14.1
22210	846849600	8.1
22210	849441600	2.7
22210	852120000	2.3
22210	854798400	5.5
22210	857217600	10.5
22210	859896000	12.3
22210	862488000	19.1
22210	865166400	22.2
22210	867758400	25
22210	870436800	23.8
22210	873115200	22.3
22210	875707200	13.4
22210	878385600	7.7
22210	880977600	0.6
22210	883656000	3.7
22210	886334400	4.5
22210	888753600	8.1
22210	891432000	10.5
22210	894024000	18.2
22210	896702400	22
22210	899294400	26.1
22210	901972800	24.3
22210	904651200	23
22210	907243200	14.3
22210	909921600	9
22210	912513600	4.2
22210	915192000	5.3
22210	917870400	6.8
22210	920289600	10.3
22210	922968000	12.4
22210	925560000	18.1
22210	928238400	21.9
22210	930830400	24.8
22210	933508800	23.8
22210	936187200	20.9
22210	938779200	13.8
22210	941457600	9.5
22210	944049600	1.7
22210	946728000	5.2
22210	949406400	7.3
22210	951912000	8.9
22210	954590400	15.2
22210	957182400	20.9
22210	959860800	24.2
22210	962452800	25.8
22210	965131200	24.2
22210	967809600	22
22210	970401600	13.9
22210	973080000	5
22210	975672000	2.7
22210	978350400	1.6
22210	981028800	5.9
22210	983448000	8.6
22210	986126400	13.9
22210	988718400	19
22210	991396800	23.8
22210	993988800	25.9
22210	996667200	23.6
22210	999345600	21.1
22210	1001937600	14.9
22210	1004616000	8.8
22210	1007208000	1.9
22210	1009886400	3.4
22210	1012564800	4.9
22210	1014984000	9
22210	1017662400	16.4
22210	1020254400	18.5
22210	1022932800	25.4
22210	1025524800	25.4
22210	1028203200	25
22210	1030881600	20.7
22210	1033473600	13.9
22210	1036152000	7
22210	1038744000	3
22210	1041422400	5
22210	1044100800	5.9
22210	1046520000	9
22210	1049198400	13
22210	1051790400	19
22210	1054468800	22.9
22210	1057060800	26.7
22210	1059739200	25.5
22210	1062417600	21.5
22210	1065009600	17.4
22210	1067688000	8.3
22210	1070280000	2.7
22210	1072958400	3.5
22210	1075636800	3.8
22210	1078142400	11.2
22210	1080820800	14.4
22210	1083412800	18.5
22210	1086091200	23.1
22210	1088683200	25.1
22210	1091361600	22.6
22210	1094040000	19.4
22210	1096632000	14.6
22210	1099310400	7
22210	1101902400	2.9
22210	1104580800	5.6
22210	1107259200	7
22210	1109678400	8.5
22210	1112356800	13.1
22210	1114948800	18.5
22210	1117627200	23.5
22210	1120219200	26.7
22210	1122897600	24.2
22210	1125576000	22
22210	1128168000	14.5
22210	1130846400	7.6
22210	1133438400	3.7
22210	1136116800	3.7
22210	1138795200	6.2
22210	1141214400	9.8
22210	1143892800	15.5
22210	1146484800	20
22210	1149163200	24.8
22210	1151755200	26.1
22210	1154433600	23.5
22210	1157112000	18.2
22210	1159704000	13.4
22210	1162382400	8.8
22210	1164974400	2.3
22210	1167652800	2
22210	1170331200	5.8
22210	1172750400	9.6
22210	1175428800	13
22210	1178020800	18.3
22210	1180699200	23
22210	1183291200	24.8
22210	1185969600	24.9
22210	1188648000	21.2
22210	1191240000	14.5
22210	1193918400	9
22210	1196510400	3.7
22210	1199188800	2.4
22210	1201867200	5.8
22210	1204372800	9.2
22210	1207051200	12.3
22210	1209643200	17.8
22210	1212321600	24.2
22210	1214913600	24.2
22210	1217592000	23.9
22210	1220270400	19.4
22210	1222862400	13.3
22210	1225540800	7.1
22210	1228132800	5.2
22210	1230811200	4.8
22210	1233489600	6.9
22210	1235908800	9.8
22210	1238587200	13.3
22210	1241179200	19.9
22210	1243857600	23.3
22210	1246449600	27.1
22210	1249128000	24.8
22210	1251806400	20.4
22210	1254398400	13.4
22210	1257076800	7.8
22210	1259668800	2.4
22210	1262347200	2.5
22210	1265025600	5
22210	1267444800	7.7
22210	1270123200	13.9
22210	1272715200	15.8
22210	1275393600	23.5
22210	1277985600	25.4
22210	1280664000	25.5
22210	1283342400	22.1
22210	1285934400	14.7
22210	1288612800	5.9
22210	1291204800	5.8
22210	1293883200	2.2
22210	1296561600	3.6
22210	1298980800	10.2
22210	1301659200	15
22210	1304251200	16.8
22210	1306929600	24.9
22210	1309521600	27.7
22210	1312200000	26.3
22210	1314878400	22.2
22210	1317470400	14.4
22210	1320148800	6.8
22210	1322740800	1.2
22210	1325419200	4.9
22210	1328097600	6.3
22210	1330603200	9.1
22210	1333281600	14.6
22210	1335873600	19.1
22210	1338552000	24.2
22210	1341144000	25.8
22210	1343822400	26.2
22210	1346500800	20.4
22210	1349092800	14.8
22210	1351771200	8.1
22210	1354363200	3.1
22210	1357041600	0.6
22210	1359720000	3
22210	1362139200	9.5
22210	1364817600	13.6
22210	1367409600	18.4
22210	1370088000	26.2
22210	1372680000	26.2
22210	1375358400	24.5
22210	1378036800	21
22210	1380628800	13.5
22210	1383307200	8.5
22210	1385899200	3.1
22210	1388577600	2.7
22210	1391256000	7.7
22210	1393675200	9.7
22211	-2300875200	0.3
22211	-2298456000	1.6
22212	-2855995200	28.1
22212	-2853316800	25.7
22212	-2850638400	23.8
22212	-2848046400	18.5
22212	-2845368000	11.7
22212	-2842776000	10.5
22212	-2840097600	10.3
22212	-2837419200	8.7
22212	-2834913600	13.6
22212	-2832235200	19.9
22212	-2829643200	23.9
22212	-2826964800	27.1
22212	-2824372800	24.6
22213	-2364033600	5.5
22213	-2361614400	11.5
22213	-2358936000	16.5
22213	-2356344000	20.6
22213	-2353665600	24.1
22213	-2351073600	25.1
22213	-2348395200	24.4
22213	-2345716800	22.2
22214	-1748865600	22.5
22214	-1746187200	22.4
22214	-1743595200	17.3
22214	-1740916800	13.8
22214	-1738324800	7.5
22214	-1735646400	6.9
22214	-1732968000	9.8
22214	-1730548800	11.3
22214	-1727870400	15.7
22214	-1725278400	18.7
22214	-1722600000	25.3
22214	-1720008000	26.6
22214	-1717329600	26.4
22214	-1714651200	23.4
22214	-1712059200	18.2
22214	-1709380800	12.4
22214	-1706788800	8.1
22214	-1704110400	9.7
22214	-1701432000	13.1
22214	-1698926400	15.1
22214	-1696248000	16.9
22214	-1693656000	20.4
22214	-1690977600	26.6
22214	-1688385600	27.4
22214	-1685707200	26.7
22214	-1683028800	23.7
22214	-1680436800	18.7
22214	-1677758400	10.4
22214	-1675166400	6.7
22214	-1672488000	7.8
22214	-1669809600	9
22214	-1667390400	11.3
22214	-1664712000	14.8
22214	-1662120000	18.1
22214	-1659441600	26.6
22214	-1656849600	26.4
22214	-1654171200	25.1
22214	-1651492800	23.9
22214	-1648900800	19.6
22214	-1646222400	13.1
22214	-1643630400	9.4
22214	-1640952000	6.8
22214	-1638273600	10.7
22214	-1635854400	14
22214	-1633176000	17
22214	-1630584000	18.2
22214	-1627905600	26
22214	-1625313600	26.6
22214	-1622635200	24.7
22214	-1619956800	23.3
22214	-1617364800	17.9
22214	-1614686400	10
22214	-1612094400	5.3
22214	-1609416000	4.1
22214	-1606737600	6.9
22214	-1604318400	11.5
22214	-1601640000	17.7
22214	-1599048000	20.5
22214	-1596369600	25.1
22214	-1593777600	24.6
22214	-1591099200	25.4
22214	-1588420800	21.8
22214	-1585828800	16.2
22214	-1583150400	10.8
22214	-1580558400	8.2
22214	-1577880000	7.7
22214	-1575201600	11.1
22214	-1572696000	11.1
22214	-1570017600	13.2
22214	-1567425600	19.6
22214	-1564747200	23.6
22214	-1562155200	27.1
22214	-1559476800	24.2
22214	-1556798400	22.4
22214	-1554206400	16.2
22214	-1551528000	10.7
22214	-1548936000	5.4
22214	-1546257600	7.9
22214	-1543579200	8.9
22214	-1541160000	13.4
22214	-1538481600	14.9
22214	-1535889600	19.3
22214	-1533211200	23.8
22214	-1530619200	25.8
22214	-1527940800	24.4
22214	-1525262400	21.6
22214	-1522670400	18.1
22214	-1519992000	11.3
22214	-1517400000	9.7
22214	-1514721600	6.3
22214	-1512043200	9.5
22214	-1509624000	10.3
22214	-1506945600	14.4
22214	-1504353600	20.7
22214	-1501675200	25.9
22214	-1499083200	26.4
22214	-1496404800	26
22214	-1493726400	23.4
22214	-1491134400	17.6
22214	-1488456000	9.7
22214	-1485864000	9.4
22214	-1483185600	9.1
22214	-1480507200	8.9
22214	-1478088000	11.7
22214	-1475409600	16.3
22214	-1472817600	21.7
22214	-1470139200	24.3
22214	-1467547200	26.3
22214	-1464868800	24.2
22214	-1462190400	22.4
22214	-1459598400	16
22214	-1456920000	11.8
22214	-1454328000	7
22214	-1451649600	5.8
22214	-1448971200	8.8
22214	-1446465600	9.8
22214	-1443787200	14.6
22214	-1441195200	20
22214	-1438516800	27.1
22214	-1435924800	26.8
22214	-1433246400	26.6
22214	-1430568000	24.2
22214	-1427976000	17.6
22214	-1425297600	12.4
22214	-1422705600	6.7
22214	-1420027200	5.2
22214	-1417348800	11.1
22214	-1414929600	13.8
22214	-1412251200	17.1
22214	-1409659200	21.4
22214	-1406980800	24.6
22214	-1404388800	26.3
22214	-1401710400	24.7
22214	-1399032000	22.9
22214	-1396440000	18.1
22214	-1393761600	10.3
22214	-1391169600	6.3
22214	-1388491200	4.4
22214	-1385812800	9.8
22214	-1383393600	11.7
22214	-1380715200	14.7
22214	-1378123200	19.7
22214	-1375444800	25.1
22214	-1372852800	26.3
22214	-1370174400	25.9
22214	-1367496000	24.2
22214	-1364904000	18.6
22214	-1362225600	12.4
22214	-1359633600	7.7
22214	-1356955200	10.1
22214	-1354276800	11.7
22214	-1351857600	12.7
22214	-1349179200	16.4
22214	-1346587200	21.4
22214	-1343908800	24.8
22214	-1341316800	26.9
22214	-1338638400	24.6
22214	-1335960000	22.9
22214	-1333368000	17.6
22214	-1330689600	14.1
22214	-1328097600	7
22214	-1325419200	7.7
22214	-1322740800	8.8
22214	-1320235200	13.3
22214	-1317556800	16.2
22214	-1314964800	21.3
22214	-1312286400	25.5
22214	-1309694400	26.9
22214	-1307016000	25
22214	-1304337600	23.3
22214	-1301745600	18.3
22214	-1299067200	11.3
22214	-1296475200	7.2
22214	-1293796800	6.6
22214	-1291118400	7.7
22214	-1288699200	11.1
22214	-1286020800	15.3
22214	-1283428800	20.8
22214	-1280750400	25.8
22214	-1278158400	26.2
22214	-1275480000	24.9
22214	-1272801600	23.1
22214	-1270209600	17.1
22214	-1267531200	8.8
22214	-1264939200	7.7
22214	-1262260800	7.7
22214	-1259582400	10.4
22214	-1257163200	11.9
22214	-1254484800	17.8
22214	-1251892800	18.8
22214	-1249214400	26
22214	-1246622400	25.9
22214	-1243944000	25.5
22214	-1241265600	22.2
22214	-1238673600	17
22214	-1235995200	10.6
22214	-1233403200	6.3
22214	-1230724800	5.9
22214	-1228046400	9
22214	-1225627200	12.1
22214	-1222948800	16.4
22214	-1220356800	20.7
22214	-1217678400	25.5
22214	-1215086400	27
22214	-1212408000	24.8
22214	-1209729600	24
22214	-1207137600	18.1
22214	-1204459200	10.2
22214	-1201867200	6.5
22214	-1199188800	4.7
22214	-1196510400	10.3
22214	-1194004800	11.4
22214	-1191326400	15.3
22214	-1188734400	19.7
22214	-1186056000	24.3
22214	-1183464000	26.1
22214	-1180785600	25.7
22214	-1178107200	22.4
22214	-1175515200	16.7
22214	-1172836800	10.8
22214	-1170244800	5.9
22214	-1167566400	6.2
22214	-1164888000	6.4
22214	-1162468800	12.6
22214	-1159790400	14.1
22214	-1157198400	18
22214	-1154520000	25.1
22214	-1151928000	27.6
22214	-1149249600	26.3
22214	-1146571200	25.8
22214	-1143979200	18.7
22214	-1141300800	12
22214	-1138708800	8.7
22214	-1136030400	6.3
22214	-1133352000	11.1
22214	-1130932800	13.8
22214	-1128254400	17.8
22214	-1125662400	22.3
22214	-1122984000	24.5
22214	-1120392000	27.3
22214	-1117713600	25.4
22214	-1115035200	23.6
22214	-1112443200	18.6
22214	-1109764800	11.4
22214	-1107172800	8.7
22214	-1104494400	8.4
22214	-1101816000	9.2
22214	-1099396800	12
22214	-1096718400	16.7
22214	-1094126400	17.7
22214	-1091448000	25.3
22214	-1088856000	27.4
22214	-1086177600	25.6
22214	-1083499200	22.6
22214	-1080907200	18.4
22214	-1078228800	11.2
22214	-1075636800	8.2
22214	-1072958400	7.6
22214	-1070280000	9.7
22214	-1067774400	13.1
22214	-1065096000	17.3
22214	-1062504000	22
22214	-1059825600	27.1
22214	-1057233600	27.8
22214	-1054555200	26.9
22214	-1051876800	23.1
22214	-1049284800	17.4
22214	-1046606400	11.5
22214	-1044014400	7.9
22214	-1041336000	5
22214	-1038657600	9.7
22214	-1036238400	9.2
22214	-1033560000	16.3
22214	-1030968000	21.7
22214	-1028289600	25.3
22214	-1025697600	28.1
22214	-1023019200	27.3
22214	-1020340800	24.7
22214	-1017748800	19.2
22214	-1015070400	12.6
22214	-1012478400	9.3
22214	-1009800000	9
22214	-1007121600	10.8
22214	-1004702400	13.1
22214	-1002024000	16.1
22214	-999432000	20.2
22214	-996753600	25.8
22214	-994161600	26.3
22214	-991483200	26
22214	-988804800	23.7
22214	-986212800	19.1
22214	-983534400	10.3
22214	-980942400	8.9
22214	-978264000	7.3
22214	-975585600	5.5
22214	-973166400	12.7
22214	-970488000	16.6
22214	-967896000	21
22214	-965217600	26.2
22214	-962625600	26.6
22214	-959947200	25.8
22214	-957268800	23.9
22214	-954676800	17.1
22214	-951998400	12.7
22214	-949406400	10.4
22214	-946728000	8.3
22214	-944049600	9.7
22214	-941544000	13.7
22214	-938865600	16.6
22214	-936273600	21.5
22214	-933595200	25.7
22214	-931003200	27.6
22214	-928324800	25.8
22214	-925646400	24.3
22214	-923054400	18.6
22214	-920376000	11.2
22214	-917784000	10.7
22214	-915105600	8.7
22214	-912427200	11.3
22214	-910008000	12.3
22214	-907329600	14.6
22214	-904737600	20.8
22214	-902059200	24.7
22214	-899467200	27.1
22214	-896788800	25.8
22214	-894110400	23.6
22214	-891518400	17.7
22214	-888840000	12.7
22214	-886248000	9.2
22214	-883569600	9.1
22214	-880891200	8.6
22214	-878472000	11.7
22214	-875793600	16
22214	-873201600	20.4
22214	-870523200	25.7
22214	-867931200	28
22214	-865252800	26
22214	-862574400	23.9
22214	-859982400	17.4
22214	-857304000	13.7
22214	-854712000	9
22214	-852033600	8.5
22214	-849355200	11.9
22214	-846936000	13.8
22214	-844257600	18.7
22214	-841665600	22
22214	-838987200	25.6
22214	-836395200	27
22214	-833716800	26.2
22214	-831038400	23.9
22214	-828446400	18.1
22214	-825768000	12.2
22214	-823176000	8.1
22214	-820497600	5.7
22214	-817819200	9.2
22214	-815313600	11.7
22214	-812635200	15.3
22214	-810043200	20.4
22214	-807364800	24.8
22214	-804772800	27.2
22214	-802094400	26.8
22214	-799416000	23.3
22214	-796824000	19.4
22214	-794145600	11.2
22214	-791553600	8.1
22214	-788875200	8.4
22214	-786196800	10
22214	-783777600	10.7
22214	-781099200	15.7
22214	-778507200	20.8
22214	-775828800	23.8
22214	-773236800	27.4
22214	-770558400	26.9
22214	-767880000	24.4
22214	-765288000	18.8
22214	-762609600	12.6
22214	-760017600	8.3
22214	-757339200	5.9
22214	-754660800	8.3
22214	-752241600	12.3
22214	-749563200	18.9
22214	-746971200	19.9
22214	-744292800	26.6
22214	-741700800	27.3
22214	-739022400	26.6
22214	-736344000	24.6
22214	-733752000	17.4
22214	-731073600	10.3
22214	-728481600	9.4
22214	-725803200	5.4
22214	-723124800	11.4
22214	-720705600	12.6
22214	-718027200	15.9
22214	-715435200	21.7
22214	-712756800	25.3
22214	-710164800	28.1
22214	-707486400	26.5
22214	-704808000	24.8
22214	-702216000	19.3
22214	-699537600	10.6
22214	-696945600	6.4
22214	-694267200	7.5
22214	-691588800	9.1
22214	-689083200	10.7
22214	-686404800	17.7
22214	-683812800	21.6
22214	-681134400	26.4
22214	-678542400	27.8
22214	-675864000	26.8
22214	-673185600	24.9
22214	-670593600	18.8
22214	-667915200	9.4
22214	-665323200	9.2
22214	-662644800	4.5
22214	-659966400	8
22214	-657547200	12.3
22214	-654868800	15.7
22214	-652276800	19.7
22214	-649598400	24.7
22214	-647006400	26.2
22214	-644328000	26.1
22214	-641649600	25.2
22214	-639057600	17.2
22214	-636379200	14
22214	-633787200	7.7
22214	-631108800	8.5
22214	-628430400	10.9
22214	-626011200	13.4
22214	-623332800	17.8
22214	-620740800	19.7
22214	-618062400	25.4
22214	-615470400	26.1
22214	-612792000	25.9
22214	-610113600	23
22214	-607521600	21.5
22214	-604843200	13.7
22214	-602251200	9.8
22214	-599572800	6.8
22214	-596894400	8.8
22214	-594475200	11.7
22214	-591796800	15.8
22214	-589204800	20.1
22214	-586526400	24.3
22214	-583934400	28.1
22214	-581256000	26.9
22214	-578577600	24.8
22214	-575985600	19.7
22214	-573307200	11.8
22214	-570715200	8.7
22214	-568036800	8.9
22214	-565358400	8
22214	-562852800	9.7
22214	-560174400	16.1
22214	-557582400	21.7
22214	-554904000	26.1
22214	-552312000	27.9
22214	-549633600	27.4
22214	-546955200	25
22214	-544363200	19.7
22214	-541684800	10.4
22214	-539092800	6.8
22214	-536414400	9
22214	-533736000	8.2
22214	-531316800	13.3
22214	-528638400	16.6
22214	-526046400	18.2
22214	-523368000	26.1
22214	-520776000	27.5
22214	-518097600	26.8
22214	-515419200	23.9
22214	-512827200	18.2
22214	-510148800	12.8
22214	-507556800	5
22214	-504878400	8.6
22214	-502200000	11.7
22214	-499780800	12.8
22214	-497102400	18.3
22214	-494510400	20.8
22214	-491832000	25.1
22214	-489240000	27.6
22214	-486561600	24.8
22214	-483883200	24.9
22214	-481291200	19.6
22214	-478612800	13.1
22214	-476020800	9.1
22214	-473342400	5.7
22214	-470664000	6.6
22214	-468244800	12.4
22214	-465566400	15.5
22214	-462974400	19.3
22214	-460296000	24.8
22214	-457704000	25.8
22214	-455025600	25.5
22214	-452347200	23
22214	-449755200	19.2
22214	-447076800	11.8
22214	-444484800	8.9
22214	-441806400	9.3
22214	-439128000	7.3
22214	-436622400	12.3
22214	-433944000	14.9
22214	-431352000	21.2
22214	-428673600	27.6
22214	-426081600	26.4
22214	-423403200	25.3
22214	-420724800	25
22214	-418132800	18.2
22214	-415454400	10.2
22214	-412862400	7.1
22214	-410184000	10.2
22214	-407505600	13.3
22214	-405086400	12.7
22214	-402408000	16
22214	-399816000	18.7
22214	-397137600	26.6
22214	-394545600	27.4
22214	-391867200	25.8
22214	-389188800	22.9
22214	-386596800	17.3
22214	-383918400	9.9
22214	-381326400	8.6
22214	-378648000	6.7
22214	-375969600	10.3
22214	-373550400	10.4
22214	-370872000	16
22214	-368280000	22.7
22214	-365601600	27.2
22214	-363009600	27.6
22214	-360331200	26
22214	-357652800	23.5
22214	-355060800	18.3
22214	-352382400	11.6
22214	-349790400	9.1
22214	-347112000	8.7
22214	-344433600	9.2
22214	-342014400	11.7
22214	-339336000	17.5
22214	-336744000	20.1
22214	-334065600	26.7
22214	-331473600	27.4
22214	-328795200	25.5
22214	-326116800	23.3
22214	-323524800	17.9
22214	-320846400	11.8
22214	-318254400	8.4
22214	-315576000	6
22214	-312897600	7.2
22214	-310392000	13.9
22214	-307713600	16.3
22214	-305121600	19.6
22214	-302443200	26.3
22214	-299851200	27.2
22214	-297172800	26.5
22214	-294494400	24.1
22214	-291902400	17.3
22214	-289224000	12.9
22214	-286632000	6.9
22214	-283953600	8.2
22214	-281275200	9.4
22214	-278856000	12.9
22214	-276177600	17.4
22214	-273585600	21
22214	-270907200	26.6
22214	-268315200	27.3
22214	-265636800	26.3
22214	-262958400	23.4
22214	-260366400	17.9
22214	-257688000	10.7
22214	-255096000	8.7
22214	-252417600	7.3
22214	-249739200	11.4
22214	-247320000	10.1
22214	-244641600	18.6
22214	-242049600	20.6
22214	-239371200	24.6
22214	-236779200	26.4
22214	-234100800	27.8
22214	-231422400	24.6
22214	-228830400	19.5
22214	-226152000	13.9
22214	-223560000	9.7
22214	-220881600	7.7
22214	-218203200	11.4
22214	-215784000	13.4
22214	-213105600	17
22214	-210513600	22.2
22214	-207835200	25
22214	-205243200	28.2
22214	-202564800	25.7
22214	-199886400	24.8
22214	-197294400	19.4
22214	-194616000	12.1
22214	-192024000	8.1
22214	-189345600	5.6
22214	-186667200	6.1
22214	-184161600	11.2
22214	-181483200	15.6
22214	-178891200	20.9
22214	-176212800	25.3
22214	-173620800	27.8
22214	-170942400	25.8
22214	-168264000	22.7
22214	-165672000	18.4
22214	-162993600	10.8
22214	-160401600	8.9
22214	-157723200	9.9
22214	-155044800	8.4
22214	-152625600	11.3
22214	-149947200	16.9
22214	-147355200	19.6
22214	-144676800	23.2
22214	-142084800	27.2
22214	-139406400	26.3
22214	-136728000	22.6
22214	-134136000	19.2
22214	-131457600	14.6
22214	-128865600	8.3
22214	-126187200	5.5
22214	-123508800	6.2
22214	-121089600	12.3
22214	-118411200	16.1
22214	-115819200	21.5
22214	-113140800	25.1
22214	-110548800	27
22214	-107870400	25.4
22214	-105192000	22.4
22214	-102600000	17.1
22214	-99921600	12.8
22214	-97329600	7.1
22214	-94651200	7.2
22214	-91972800	10
22214	-89553600	14.3
22214	-86875200	15.8
22214	-84283200	19.5
22214	-81604800	24.4
22214	-79012800	26.8
22214	-76334400	25.6
22214	-73656000	23.1
22214	-71064000	18.2
22214	-68385600	12.8
22214	-65793600	6.9
22214	-63115200	7.8
22214	-60436800	11.9
22214	-57931200	12.4
22214	-55252800	15.1
22214	-52660800	19.8
22214	-49982400	26.1
22214	-47390400	26.1
22214	-44712000	24.4
22214	-42033600	22.7
22214	-39441600	18.3
22214	-36763200	11.6
22214	-34171200	6.8
22214	-31492800	9.7
22214	-28814400	9.1
22214	-26395200	10.3
22214	-23716800	17.2
22214	-21124800	20.1
22214	-18446400	24.8
22214	-15854400	27.1
22214	-13176000	27.5
22214	-10497600	23.9
22214	-7905600	17.9
22214	-5227200	11.3
22214	-2635200	8.8
22214	43200	7
22214	2721600	10.4
22214	5140800	11.3
22214	7819200	13.9
22214	10411200	20.4
22214	13089600	25.8
22214	15681600	27.8
22214	18360000	26.7
22214	21038400	23.4
22214	23630400	16.2
22214	26308800	12.7
22214	28900800	9.8
22214	31579200	8.6
22214	34257600	9.2
22214	36676800	13.4
22214	39355200	15
22214	41947200	19.8
22214	44625600	24.8
22214	47217600	27.7
22214	49896000	25.1
22214	52574400	23.7
22214	55166400	16.6
22214	57844800	12.2
22214	60436800	8
22214	63115200	7.9
22214	65793600	9.8
22214	68299200	15.7
22214	70977600	16.4
22214	73569600	19.9
22214	76248000	25.2
22214	78840000	27.7
22214	81518400	25.8
22214	84196800	23.3
22214	86788800	18.7
22214	89467200	9.8
22214	92059200	8.3
22215	-2419416000	20.2
22215	-2416737600	26.3
22215	-2414145600	25.9
22215	-2411467200	24.8
22215	-2408788800	21.8
22215	-2406196800	15.9
22215	-2403518400	9.8
22215	-2400926400	7.2
22215	-2398248000	3.9
22215	-2395569600	5.2
22215	-2393150400	10.3
22215	-2390472000	16.1
22215	-2387880000	20.2
22215	-2385201600	22.5
22215	-2382609600	25.7
22215	-2379931200	23.5
22215	-2377252800	21.1
22215	-2374660800	16.7
22215	-2371982400	11.4
22215	-2369390400	7.8
22215	-2366712000	5.3
22215	-2364033600	6.5
22215	-2361614400	10.6
22215	-2358936000	15.3
22215	-2356344000	19.8
22215	-2353665600	24.4
22215	-2351073600	25.7
22215	-2348395200	24.8
22215	-2345716800	22.1
22215	-2343124800	15.5
22215	-2340446400	7.9
22215	-2337854400	3.5
22215	-2335176000	6.4
22215	-2332497600	7.5
22215	-2329992000	11.9
22215	-2327313600	14.4
22215	-2324721600	19.5
22215	-2322043200	26.5
22215	-2319451200	24.6
22215	-2316772800	23.9
22215	-2314094400	22
22215	-2311502400	15
22215	-2308824000	9.8
22215	-2306232000	6.7
22215	-2303553600	3.9
22215	-2300875200	5.6
22215	-2298456000	8.1
22215	-2295777600	15.4
22215	-2293185600	19.8
22215	-2290507200	23.4
22215	-2287915200	25
22215	-2285236800	24.3
22215	-2282558400	22
22215	-2279966400	14.6
22215	-2277288000	10.6
22215	-2274696000	4.6
22215	-2272017600	2.1
22215	-2269339200	9.3
22215	-2266920000	9
22215	-2264241600	16.5
22215	-2261649600	17.1
22215	-2258971200	23.9
22215	-2256379200	24.5
22215	-2253700800	24.3
22215	-2251022400	21.9
22215	-2248430400	15.5
22215	-2245752000	7.8
22215	-2243160000	3.3
22215	-2240481600	3.9
22215	-2237803200	5.6
22215	-2235384000	10.2
22215	-2232705600	15.3
22215	-2230113600	16.5
22215	-2227435200	22.5
22215	-2224843200	24.3
22215	-2222164800	23.7
22215	-2219486400	23.4
22215	-2216894400	15.6
22215	-2214216000	9.9
22215	-2211624000	6.2
22215	-2208945600	6.8
22215	-2206267200	7.4
22215	-2203848000	12.8
22215	-2201169600	12.4
22215	-2198577600	19.7
22215	-2195899200	25.5
22215	-2193307200	26.1
22215	-2190628800	24.5
22215	-2187950400	21.2
22215	-2185358400	16.4
22215	-2182680000	11
22215	-2180088000	5.2
22215	-2177409600	5.7
22215	-2174731200	7.2
22215	-2172312000	9.3
22215	-2169633600	13.8
22215	-2167041600	18.1
22215	-2164363200	22.3
22215	-2161771200	26.8
22215	-2159092800	25
22215	-2156414400	22.4
22215	-2153822400	16.3
22215	-2151144000	10.9
22215	-2148552000	5.8
22215	-2145873600	5.9
22215	-2143195200	7.6
22215	-2140776000	8.6
22215	-2138097600	15.9
22215	-2135505600	18.7
22215	-2132827200	24.1
22215	-2130235200	25
22215	-2127556800	24.1
22215	-2124878400	22
22215	-2122286400	17.4
22215	-2119608000	9.6
22215	-2117016000	6.6
22215	-2114337600	5.3
22215	-2111659200	4.8
22215	-2109240000	9.5
22215	-2106561600	14.6
22215	-2103969600	17.7
22215	-2101291200	22.2
22215	-2098699200	26.4
22215	-2096020800	24.6
22215	-2093342400	21.9
22215	-2090750400	15.2
22215	-2088072000	11.2
22215	-2085480000	6.4
22215	-2082801600	1.4
22215	-2080123200	7.9
22215	-2077617600	11.5
22215	-2074939200	13.8
22215	-2072347200	18
22215	-2069668800	22.9
22215	-2067076800	24
22215	-2064398400	23.2
22215	-2061720000	19.9
22215	-2059128000	15.1
22215	-2056449600	8.2
22215	-2053857600	4.8
22215	-2051179200	6.4
22215	-2048500800	7.2
22215	-2046081600	9.9
22215	-2043403200	11.6
22215	-2040811200	16.2
22215	-2038132800	23.1
22215	-2035540800	24.4
22215	-2032862400	24.1
22215	-2030184000	21.7
22215	-2027592000	15.9
22215	-2024913600	9.2
22215	-2022321600	3.2
22215	-2019643200	3
22215	-2016964800	8.6
22215	-2014545600	9.6
22215	-2011867200	13.8
22215	-2009275200	17.4
22215	-2006596800	22.5
22215	-2004004800	24
22215	-2001326400	21.6
22215	-1998648000	20.5
22215	-1996056000	14.4
22215	-1993377600	9.8
22215	-1990785600	6.9
22215	-1988107200	6.6
22215	-1985428800	8.8
22215	-1983009600	10.8
22215	-1980331200	13.7
22215	-1977739200	15.4
22215	-1975060800	21
22215	-1972468800	23.8
22215	-1969790400	22
22215	-1967112000	20.6
22215	-1964520000	15.3
22215	-1961841600	7.4
22215	-1959249600	5.4
22215	-1956571200	5.2
22215	-1953892800	6.7
22215	-1951387200	11.1
22215	-1948708800	14.3
22215	-1946116800	16.1
22215	-1943438400	21.9
22215	-1940846400	23.5
22215	-1938168000	22.8
22215	-1935489600	19.8
22215	-1932897600	12.9
22215	-1930219200	8.2
22215	-1927627200	5.6
22215	-1924948800	7.8
22215	-1922270400	6
22215	-1919851200	7.9
22215	-1917172800	13.2
22215	-1914580800	16
22215	-1911902400	22.7
22215	-1909310400	24.2
22215	-1906632000	22.9
22215	-1903953600	20.8
22215	-1901361600	14.5
22215	-1898683200	9.1
22215	-1896091200	4.2
22215	-1893412800	6
22215	-1890734400	6.7
22215	-1888315200	12.9
22215	-1885636800	14.3
22215	-1883044800	19.3
22215	-1880366400	23
22215	-1877774400	24.5
22215	-1875096000	23.5
22215	-1872417600	21.6
22215	-1869825600	15.2
22215	-1867147200	9.3
22215	-1864555200	5.7
22215	-1861876800	7.3
22215	-1859198400	7.1
22215	-1856779200	12.6
22215	-1854100800	13.3
22215	-1851508800	17.7
22215	-1848830400	22.2
22215	-1846238400	22.4
22215	-1843560000	23.7
22215	-1840881600	21.9
22215	-1838289600	14.8
22215	-1835611200	9.1
22215	-1833019200	2.4
22215	-1830340800	5.9
22215	-1827662400	6.3
22215	-1825156800	9.5
22215	-1822478400	10.8
22215	-1819886400	16.9
22215	-1817208000	21.6
22215	-1814616000	23.8
22215	-1811937600	22.7
22215	-1809259200	20.3
22215	-1806667200	14.6
22215	-1803988800	7
22215	-1801396800	2
22215	-1798718400	3.3
22215	-1796040000	5.6
22215	-1793620800	8.7
22215	-1790942400	13.4
22215	-1788350400	16.8
22215	-1785672000	21.1
22215	-1783080000	25.1
22215	-1780401600	21.8
22215	-1777723200	19.8
22215	-1775131200	15.4
22215	-1772452800	10.7
22215	-1769860800	4.7
22215	-1767182400	7.2
22215	-1764504000	7.5
22215	-1762084800	10.7
22215	-1759406400	13.7
22215	-1756814400	16.8
22215	-1754136000	21.2
22215	-1751544000	22.5
22215	-1748865600	19.8
22215	-1746187200	19.7
22215	-1743595200	14.6
22215	-1740916800	11
22215	-1738324800	4.7
22215	-1735646400	4.1
22215	-1732968000	7
22215	-1730548800	8.5
22215	-1727870400	12.8
22215	-1725278400	15.9
22215	-1722600000	22.6
22215	-1720008000	23.9
22215	-1717329600	23.7
22215	-1714651200	20.7
22215	-1712059200	15.5
22215	-1709380800	9.6
22215	-1706788800	5.3
22215	-1704110400	7
22215	-1701432000	10.3
22215	-1698926400	12.3
22215	-1696248000	14
22215	-1693656000	17.7
22215	-1690977600	23.9
22215	-1688385600	24.7
22215	-1685707200	24
22215	-1683028800	20.9
22215	-1680436800	16
22215	-1677758400	8.3
22215	-1675166400	4.1
22215	-1672488000	5.4
22215	-1669809600	6.6
22215	-1667390400	8.4
22215	-1664712000	12.7
22215	-1662120000	15.6
22215	-1659441600	24.1
22215	-1656849600	24.6
22215	-1654171200	23.6
22215	-1651492800	21.5
22215	-1648900800	16.8
22215	-1646222400	10.6
22215	-1643630400	6.8
22215	-1640952000	4.5
22215	-1638273600	8.6
22215	-1635854400	11.4
22215	-1633176000	14.5
22215	-1630584000	16.4
22215	-1627905600	24.3
22215	-1625313600	24.8
22215	-1622635200	23
22215	-1619956800	21.8
22215	-1617364800	15.9
22215	-1614686400	8.3
22215	-1612094400	3.6
22215	-1609416000	2.4
22215	-1606737600	5
22215	-1604318400	9.4
22215	-1601640000	15.9
22215	-1599048000	18.7
22215	-1596369600	23.3
22215	-1593777600	22.9
22215	-1591099200	23.6
22215	-1588420800	20
22215	-1585828800	14.3
22215	-1583150400	9.1
22215	-1580558400	6.3
22215	-1577880000	5.7
22215	-1575201600	9.2
22215	-1572696000	9.4
22215	-1570017600	11.5
22215	-1567425600	17.8
22215	-1564747200	21.8
22215	-1562155200	25.3
22215	-1559476800	22.6
22215	-1556798400	20.6
22215	-1554206400	13.7
22215	-1551528000	8.7
22215	-1548936000	3.4
22215	-1546257600	6
22215	-1543579200	7
22215	-1541160000	12.1
22215	-1538481600	13.2
22215	-1535889600	17.5
22215	-1533211200	22.1
22215	-1530619200	24.1
22215	-1527940800	22.8
22215	-1525262400	21.4
22215	-1522670400	16.2
22215	-1519992000	9.5
22215	-1517400000	7.6
22215	-1514721600	4.7
22215	-1512043200	7.6
22215	-1509624000	8.2
22215	-1506945600	12.7
22215	-1504353600	18.7
22215	-1501675200	24.2
22215	-1499083200	24.7
22215	-1496404800	24.2
22215	-1493726400	21.7
22215	-1491134400	15.9
22215	-1488456000	7.8
22215	-1485864000	7.5
22215	-1483185600	7.3
22215	-1480507200	7.2
22215	-1478088000	9.6
22215	-1475409600	14.5
22215	-1472817600	19.7
22215	-1470139200	22.5
22215	-1467547200	24.7
22215	-1464868800	22.7
22215	-1462190400	20.7
22215	-1459598400	14.2
22215	-1456920000	9.8
22215	-1454328000	5.2
22215	-1451649600	3.9
22215	-1448971200	6.9
22215	-1446465600	8
22215	-1443787200	12.7
22215	-1441195200	18.2
22215	-1438516800	25.3
22215	-1435924800	25
22215	-1433246400	24.9
22215	-1430568000	22.5
22215	-1427976000	15.7
22215	-1425297600	10.5
22215	-1422705600	4.7
22215	-1420027200	3.2
22215	-1417348800	9.3
22215	-1414929600	11.8
22215	-1412251200	15.3
22215	-1409659200	19.5
22215	-1406980800	22.9
22215	-1404388800	24.7
22215	-1401710400	22.9
22215	-1399032000	21.1
22215	-1396440000	16.2
22215	-1393761600	8.3
22215	-1391169600	4.3
22215	-1388491200	2.8
22215	-1385812800	8
22215	-1383393600	9.7
22215	-1380715200	12.9
22215	-1378123200	17.9
22215	-1375444800	23.4
22215	-1372852800	24.5
22215	-1370174400	24.2
22215	-1367496000	22.4
22215	-1364904000	16.6
22215	-1362225600	10.4
22215	-1359633600	5.7
22215	-1356955200	8.2
22215	-1354276800	9.9
22215	-1351857600	10.8
22215	-1349179200	14.6
22215	-1346587200	19.7
22215	-1343908800	23.1
22215	-1341316800	25.1
22215	-1338638400	22.9
22215	-1335960000	21.1
22215	-1333368000	15.6
22215	-1330689600	12.3
22215	-1328097600	5
22215	-1325419200	6.1
22215	-1322740800	7.5
22215	-1320235200	11.8
22215	-1317556800	15
22215	-1314964800	19.8
22215	-1312286400	23.9
22215	-1309694400	25.2
22215	-1307016000	23.4
22215	-1304337600	21.8
22215	-1301745600	16.9
22215	-1299067200	9.7
22215	-1296475200	5.4
22215	-1293796800	4.9
22215	-1291118400	6.7
22215	-1288699200	9.3
22215	-1286020800	13.7
22215	-1283428800	19.2
22215	-1280750400	24.1
22215	-1278158400	24.6
22215	-1275480000	23.2
22215	-1272801600	21.6
22215	-1270209600	15.7
22215	-1267531200	7.3
22215	-1264939200	6
22215	-1262260800	5.9
22215	-1259582400	9
22215	-1257163200	10.2
22215	-1254484800	16.3
22215	-1251892800	17.1
22215	-1249214400	24.3
22215	-1246622400	24.2
22215	-1243944000	23.9
22215	-1241265600	20.6
22215	-1238673600	15.6
22215	-1235995200	9
22215	-1233403200	4.7
22215	-1230724800	4.3
22215	-1228046400	7.4
22215	-1225627200	10.6
22215	-1222948800	14.9
22215	-1220356800	19
22215	-1217678400	23.8
22215	-1215086400	25.2
22215	-1212408000	23.1
22215	-1209729600	22.2
22215	-1207137600	16.4
22215	-1204459200	8.9
22215	-1201867200	4.6
22215	-1199188800	3
22215	-1196510400	9.1
22215	-1194004800	9.8
22215	-1191326400	13.8
22215	-1188734400	18.1
22215	-1186056000	22.8
22215	-1183464000	24.8
22215	-1180785600	24.1
22215	-1178107200	20.8
22215	-1175515200	14.9
22215	-1172836800	9.2
22215	-1170244800	4.4
22215	-1167566400	4.5
22215	-1164888000	5.1
22215	-1162468800	10.7
22215	-1159790400	12.8
22215	-1157198400	16.6
22215	-1154520000	23.6
22215	-1151928000	25.8
22215	-1149249600	24.6
22215	-1146571200	23.2
22215	-1143979200	16.8
22215	-1141300800	10.3
22215	-1138708800	7.1
22215	-1136030400	4.4
22215	-1133352000	9.7
22215	-1130932800	12.3
22215	-1128254400	16.2
22215	-1125662400	20.8
22215	-1122984000	22.9
22215	-1120392000	25.6
22215	-1117713600	23.9
22215	-1115035200	21.9
22215	-1112443200	16.7
22215	-1109764800	9.7
22215	-1107172800	7
22215	-1104494400	6.5
22215	-1101816000	7.4
22215	-1099396800	10.1
22215	-1096718400	14.8
22215	-1094126400	16.3
22215	-1091448000	23.3
22215	-1088856000	25.4
22215	-1086177600	23.5
22215	-1083499200	20.4
22215	-1080907200	16.2
22215	-1078228800	8.9
22215	-1075636800	5.9
22215	-1072958400	5.4
22215	-1070280000	7.6
22215	-1067774400	10.9
22215	-1065096000	15.3
22215	-1062504000	19.9
22215	-1059825600	25.1
22215	-1057233600	25.7
22215	-1054555200	24.9
22215	-1051876800	21
22215	-1049284800	15.1
22215	-1046606400	9.3
22215	-1044014400	5.7
22215	-1041336000	2.7
22215	-1038657600	7.5
22215	-1036238400	9.2
22215	-1033560000	14.2
22215	-1030968000	19.8
22215	-1028289600	23.4
22215	-1025697600	26
22215	-1023019200	25.2
22215	-1020340800	22.5
22215	-1017748800	16.9
22215	-1015070400	10.3
22215	-1012478400	7.1
22215	-1009800000	6.8
22215	-1007121600	8.1
22215	-1004702400	10.9
22215	-1002024000	14.1
22215	-999432000	18.1
22215	-996753600	23.8
22215	-994161600	24.2
22215	-991483200	24
22215	-988804800	21.6
22215	-986212800	16.8
22215	-983534400	8
22215	-980942400	6.6
22215	-978264000	5.1
22215	-975585600	3.4
22215	-973166400	10.4
22215	-970488000	14.5
22215	-967896000	18.9
22215	-965217600	24.2
22215	-962625600	24.5
22215	-959947200	23.8
22215	-957268800	21.7
22215	-954676800	14.9
22215	-951998400	10.4
22215	-949406400	8.2
22215	-946728000	6.1
22215	-944049600	7.5
22215	-941544000	11.4
22215	-938865600	14.5
22215	-936273600	19.4
22215	-933595200	23.6
22215	-931003200	25.7
22215	-928324800	23.7
22215	-925646400	22.2
22215	-923054400	16.3
22215	-920376000	8.9
22215	-917784000	8.4
22215	-915105600	6.5
22215	-912427200	9.2
22215	-910008000	10.1
22215	-907329600	12.6
22215	-904737600	18.7
22215	-902059200	22.7
22215	-899467200	25
22215	-896788800	23.7
22215	-894110400	21.5
22215	-891518400	15.4
22215	-888840000	10.3
22215	-886248000	6.9
22215	-883569600	6.9
22215	-880891200	6.5
22215	-878472000	9.4
22215	-875793600	14.2
22215	-873201600	18.3
22215	-870523200	23.7
22215	-867931200	25.9
22215	-865252800	24
22215	-862574400	21.8
22215	-859982400	15.5
22215	-857304000	11.3
22215	-854712000	6.8
22215	-852033600	6.4
22215	-849355200	9.9
22215	-846936000	11.6
22215	-844257600	16.6
22215	-841665600	20.1
22215	-838987200	23.5
22215	-836395200	24.9
22215	-833716800	24.2
22215	-831038400	21.9
22215	-828446400	16.1
22215	-825768000	10.2
22215	-823176000	5.8
22215	-820497600	3.8
22215	-817819200	7.4
22215	-815313600	9.9
22215	-812635200	13.5
22215	-810043200	18.5
22215	-807364800	22.7
22215	-804772800	25.3
22215	-802094400	25.1
22215	-799416000	21.6
22215	-796824000	17.6
22215	-794145600	9.2
22215	-791553600	6.2
22215	-788875200	6.4
22215	-786196800	8.3
22215	-783777600	9.3
22215	-781099200	14.2
22215	-778507200	18.8
22215	-775828800	21.8
22215	-773236800	25.5
22215	-770558400	25
22215	-767880000	22.4
22215	-765288000	17.1
22215	-762609600	10.5
22215	-760017600	6.5
22215	-757339200	3.6
22215	-754660800	6.7
22215	-752241600	10.7
22215	-749563200	17
22215	-746971200	17.8
22215	-744292800	24.6
22215	-741700800	25.4
22215	-739022400	24.6
22215	-736344000	22.8
22215	-733752000	15.6
22215	-731073600	8.5
22215	-728481600	7.8
22215	-725803200	3.6
22215	-723124800	9.4
22215	-720705600	10.9
22215	-718027200	14.6
22215	-715435200	19.9
22215	-712756800	23.4
22215	-710164800	26.4
22215	-707486400	24.5
22215	-704808000	22.7
22215	-702216000	17.1
22215	-699537600	8.9
22215	-696945600	4.5
22215	-694267200	5.8
22215	-691588800	7.9
22215	-689083200	9.1
22215	-686404800	15.9
22215	-683812800	19.6
22215	-681134400	24.8
22215	-678542400	26
22215	-675864000	25
22215	-673185600	23
22215	-670593600	16.8
22215	-667915200	7.3
22215	-665323200	7.1
22215	-662644800	2.4
22215	-659966400	6.1
22215	-657547200	10.3
22215	-654868800	14.3
22215	-652276800	18
22215	-649598400	23.1
22215	-647006400	24.6
22215	-644328000	24.1
22215	-641649600	23.1
22215	-639057600	15.2
22215	-636379200	12
22215	-633787200	5.5
22215	-631108800	6.3
22215	-628430400	9
22215	-626011200	11.4
22215	-623332800	16.1
22215	-620740800	17.6
22215	-618062400	23.3
22215	-615470400	24.2
22215	-612792000	23.8
22215	-610113600	20.7
22215	-607521600	19.7
22215	-604843200	11.8
22215	-602251200	7.9
22215	-599572800	5
22215	-596894400	7
22215	-594475200	9.8
22215	-591796800	13.9
22215	-589204800	18.2
22215	-586526400	22.2
22215	-583934400	26.5
22215	-581256000	24.8
22215	-578577600	22.6
22215	-575985600	17.7
22215	-573307200	9.6
22215	-570715200	6.2
22215	-568036800	7
22215	-565358400	6.3
22215	-562852800	7.6
22215	-560174400	14
22215	-557582400	19.5
22215	-554904000	24
22215	-552312000	25.7
22215	-549633600	25.4
22215	-546955200	23
22215	-544363200	17.6
22215	-541684800	8.2
22215	-539092800	4.7
22215	-536414400	7
22215	-533736000	6.3
22215	-531316800	11.1
22215	-528638400	14.6
22215	-526046400	16.3
22215	-523368000	24.1
22215	-520776000	25.6
22215	-518097600	25
22215	-515419200	21.9
22215	-512827200	16.2
22215	-510148800	10.7
22215	-507556800	2.9
22215	-504878400	6.5
22215	-502200000	9.7
22215	-499780800	10.8
22215	-497102400	16.5
22215	-494510400	18.9
22215	-491832000	23.2
22215	-489240000	25.7
22215	-486561600	23
22215	-483883200	23
22215	-481291200	17.5
22215	-478612800	11
22215	-476020800	6.8
22215	-473342400	3.7
22215	-470664000	4.6
22215	-468244800	10.4
22215	-465566400	13.7
22215	-462974400	17.4
22215	-460296000	23
22215	-457704000	23.9
22215	-455025600	23.7
22215	-452347200	21.1
22215	-449755200	17.1
22215	-447076800	9.7
22215	-444484800	6.8
22215	-441806400	7.3
22215	-439128000	5.3
22215	-436622400	10.2
22215	-433944000	13
22215	-431352000	19.3
22215	-428673600	25.7
22215	-426081600	24.5
22215	-423403200	23.4
22215	-420724800	23.1
22215	-418132800	16.1
22215	-415454400	8
22215	-412862400	5
22215	-410184000	8.1
22215	-407505600	11.3
22215	-405086400	10.6
22215	-402408000	14.1
22215	-399816000	16.8
22215	-397137600	24.7
22215	-394545600	25.6
22215	-391867200	24
22215	-389188800	21
22215	-386596800	15.3
22215	-383918400	7.8
22215	-381326400	6.5
22215	-378648000	4.6
22215	-375969600	8.3
22215	-373550400	8.3
22215	-370872000	14.1
22215	-368280000	20.8
22215	-365601600	25.4
22215	-363009600	25.6
22215	-360331200	24.2
22215	-357652800	21.6
22215	-355060800	16.2
22215	-352382400	9.5
22215	-349790400	6.9
22215	-347112000	6.7
22215	-344433600	7.2
22215	-342014400	9.7
22215	-339336000	15.6
22215	-336744000	18.2
22215	-334065600	24.9
22215	-331473600	25.5
22215	-328795200	23.6
22215	-326116800	21.4
22215	-323524800	15.9
22215	-320846400	9.6
22215	-318254400	6.3
22215	-315576000	4.1
22215	-312897600	5.3
22215	-310392000	11.9
22215	-307713600	14.5
22215	-305121600	17.7
22215	-302443200	24.5
22215	-299851200	25.3
22215	-297172800	24.7
22215	-294494400	22.1
22215	-291902400	15.3
22215	-289224000	10.6
22215	-286632000	4.7
22215	-283953600	5.9
22215	-281275200	7.2
22215	-278856000	10.7
22215	-276177600	15.4
22215	-273585600	18.9
22215	-270907200	24.2
22215	-268315200	25.2
22215	-265636800	23.9
22215	-262958400	20.5
22215	-260366400	15.3
22215	-257688000	8
22215	-255096000	6.1
22215	-252417600	4.9
22215	-249739200	8.9
22215	-247320000	7.5
22215	-244641600	16.1
22215	-242049600	18.1
22215	-239371200	22
22215	-236779200	23.9
22215	-234100800	25.2
22215	-231422400	22
22215	-228830400	17
22215	-226152000	11.4
22215	-223560000	7.2
22215	-220881600	5.2
22215	-218203200	8.9
22215	-215784000	10.8
22215	-213105600	14.5
22215	-210513600	19.7
22215	-207835200	22.5
22215	-205243200	25.6
22215	-202564800	23.2
22215	-199886400	22.2
22215	-197294400	16.9
22215	-194616000	9.6
22215	-192024000	5.5
22215	-189345600	3.1
22215	-186667200	3.5
22215	-184161600	8.7
22215	-181483200	13.1
22215	-178891200	18.4
22215	-176212800	22.8
22215	-173620800	25.6
22215	-170942400	23.3
22215	-168264000	20.2
22215	-165672000	15.9
22215	-162993600	8.2
22215	-160401600	6.3
22215	-157723200	8
22215	-155044800	6.8
22215	-152625600	9.4
22215	-149947200	14.7
22215	-147355200	17
22215	-144676800	20.4
22215	-142084800	23.8
22215	-139406400	23.6
22215	-136728000	20.2
22215	-134136000	15.5
22215	-131457600	12.1
22215	-128865600	6.4
22215	-126187200	3.7
22215	-123508800	4.6
22215	-121089600	10.8
22215	-118411200	14.5
22215	-115819200	19.2
22215	-113140800	22.8
22215	-110548800	25.2
22215	-107870400	23.3
22215	-105192000	20.3
22215	-102600000	14.8
22215	-99921600	11
22215	-97329600	5.5
22215	-94651200	5.3
22215	-91972800	8.5
22215	-89553600	12.4
22215	-86875200	13.9
22215	-84283200	17.5
22215	-81604800	22.4
22215	-79012800	24.4
22215	-76334400	23.3
22215	-73656000	20.7
22215	-71064000	16
22215	-68385600	10.8
22215	-65793600	4.5
22215	-63115200	5.9
22215	-60436800	9.9
22215	-57931200	9.9
22215	-55252800	12.5
22215	-52660800	17.5
22215	-49982400	23.3
22215	-47390400	23.4
22215	-44712000	21.8
22215	-42033600	20.3
22215	-39441600	15.9
22215	-36763200	9.1
22215	-34171200	4.7
22215	-31492800	7.9
22215	-28814400	7.1
22215	-26395200	8.1
22215	-23716800	14.8
22215	-21124800	18.2
22215	-18446400	22.7
22215	-15854400	25.4
22215	-13176000	24.9
22215	-10497600	21.5
22215	-7905600	16
22215	-5227200	9.3
22215	-2635200	6.5
22215	43200	4.8
22215	2721600	8.5
22215	5140800	9.4
22215	7819200	11.9
22215	10411200	18.7
22215	13089600	23.7
22215	15681600	25.3
22215	18360000	23.9
22215	21038400	20.8
22215	23630400	14
22215	26308800	10.1
22215	28900800	7.2
22215	31579200	5.8
22215	34257600	7.3
22215	36676800	11.3
22215	39355200	13.4
22215	41947200	17.8
22215	44625600	22.9
22215	47217600	25.9
22215	49896000	22.6
22215	52574400	21.2
22215	55166400	14.2
22215	57844800	9.6
22215	60436800	6.1
22215	63115200	6.3
22215	65793600	7.9
22215	68299200	13.5
22215	70977600	14.4
22215	73569600	17.6
22215	76248000	22.8
22215	78840000	25.5
22215	81518400	23.4
22215	84196800	20.8
22215	86788800	16.2
22215	89467200	8
22215	92059200	6.3
22215	94737600	4.6
22215	97416000	7.4
22215	99835200	8.1
22215	102513600	12
22215	105105600	18.1
22215	107784000	23
22215	110376000	24.3
22215	113054400	24.3
22215	115732800	21.5
22215	118324800	16.1
22215	121003200	10.2
22215	123595200	5.8
22215	126273600	6.2
22215	128952000	6
22215	131371200	11.8
22215	134049600	14.3
22215	136641600	19.1
22215	139320000	25.7
22215	141912000	23.5
22215	144590400	22.9
22215	147268800	20.2
22215	149860800	15.5
22215	152539200	8.8
22215	155131200	4
22215	157809600	4.9
22215	160488000	6.8
22215	162907200	9.4
22215	165585600	11.6
22215	168177600	16.9
22215	170856000	23
22215	173448000	24.8
22215	176126400	25.2
22215	178804800	20.6
22215	181396800	15.7
22215	184075200	9.7
22215	186667200	6
22215	189345600	5.6
22215	192024000	9.8
22215	194529600	10.9
22215	197208000	13.9
22215	199800000	18.7
22215	202478400	23.3
22215	205070400	23.4
22215	207748800	24.2
22215	210427200	20.6
22215	213019200	13.7
22215	215697600	9.1
22215	218289600	5
22215	220968000	5.8
22215	223646400	8.8
22215	226065600	9.4
22215	228744000	14.7
22215	231336000	18.3
22215	234014400	24.1
22215	236606400	25.2
22215	239284800	25.3
22215	241963200	22
22215	244555200	16.1
22215	247233600	10.7
22215	249825600	8.3
22215	252504000	6.8
22215	255182400	6.8
22215	257601600	12.3
22215	260280000	14.8
22215	262872000	18.5
22215	265550400	24.6
22215	268142400	25.9
22215	270820800	23.4
22215	273499200	21.1
22215	276091200	16.1
22215	278769600	10
22215	281361600	3.9
22215	284040000	4.5
22215	286718400	8.1
22215	289137600	10.1
22215	291816000	15
22215	294408000	18.1
22215	297086400	23.4
22215	299678400	25.8
22215	302356800	23.2
22215	305035200	22.7
22215	307627200	17.7
22215	310305600	7.8
22215	312897600	6.5
22215	315576000	7.3
22215	318254400	9.2
22215	320760000	9.5
22215	323438400	14
22215	326030400	17.6
22215	328708800	24.9
22215	331300800	26.7
22215	333979200	23.7
22215	336657600	21.7
22215	339249600	14.6
22215	341928000	8.9
22215	344520000	8.4
22215	347198400	7.4
22215	349876800	9.7
22215	352296000	10.5
22215	354974400	16.1
22215	357566400	19.2
22215	360244800	25.3
22215	362836800	25.3
22215	365515200	24.7
22215	368193600	22.2
22215	370785600	16.4
22215	373464000	11.1
22215	376056000	8
22215	378734400	7.3
22215	381412800	9.4
22215	383832000	11
22215	386510400	15.5
22215	389102400	18.4
22215	391780800	23
22215	394372800	24.8
22215	397051200	24.8
22215	399729600	22.4
22215	402321600	15.5
22215	4.05e+08	10.2
22215	407592000	5.6
22215	410270400	5.7
22215	412948800	7.8
22215	415368000	9.5
22215	418046400	11.1
22215	420638400	17.2
22215	423316800	21.6
22215	425908800	24.7
22215	428587200	23.8
22215	431265600	22.8
22215	433857600	15.6
22215	436536000	9.2
22215	439128000	7.5
22215	441806400	6.4
22215	444484800	7.2
22215	446990400	11.2
22215	449668800	13.8
22215	452260800	21.3
22215	454939200	23.9
22215	457531200	24.5
22215	460209600	22.8
22215	462888000	21.3
22215	465480000	14.4
22215	468158400	9.4
22215	470750400	6.8
22215	473428800	5.8
22215	476107200	7.1
22215	478526400	11.4
22215	481204800	15.2
22215	483796800	19
22215	486475200	24.5
22215	489067200	25.5
22215	491745600	24.2
22215	494424000	20.2
22215	497016000	15.9
22215	499694400	9.5
22215	502286400	6.1
22215	504964800	7.7
22215	507643200	10.3
22215	510062400	12.8
22215	512740800	16.3
22215	515332800	19.3
22215	518011200	23.5
22215	520603200	23.6
22215	523281600	24.4
22215	525960000	20.4
22215	528552000	15.2
22215	531230400	9.9
22215	533822400	5.7
22215	536500800	5.3
22215	539179200	7.1
22215	541598400	8.9
22215	544276800	15.1
22215	546868800	17.5
22215	549547200	23.5
22215	552139200	24.7
22215	554817600	22.5
22215	557496000	20.2
22215	560088000	18.4
22215	562766400	9.6
22215	565358400	5.8
22215	568036800	6.3
22215	570715200	8.9
22215	573220800	11
22215	575899200	14.1
22215	578491200	18.9
22215	581169600	24.6
22215	583761600	25.1
22215	586440000	23.8
22215	589118400	20.7
22215	591710400	17.6
22215	594388800	10.2
22215	596980800	5.5
22215	599659200	5.6
22215	602337600	10.2
22215	604756800	13.3
22215	607435200	17.2
22215	610027200	20
22215	612705600	24.1
22215	615297600	25.9
22215	617976000	23.3
22215	620654400	21.9
22215	623246400	15.7
22215	625924800	10.2
22215	628516800	6.2
22215	631195200	5.6
22215	633873600	7.5
22215	636292800	11.4
22215	638971200	15.7
22215	641563200	19
22215	644241600	26.4
22215	646833600	24
22215	649512000	22.3
22215	652190400	22
22215	654782400	15.5
22215	657460800	10.9
22215	660052800	5.1
22215	662731200	6.1
22215	665409600	9.5
22215	667828800	9.7
22215	670507200	13.9
22215	673099200	18.2
22215	675777600	21.5
22215	678369600	24.9
22215	681048000	23.8
22215	683726400	20.7
22215	686318400	16.6
22215	688996800	9.4
22215	691588800	6.2
22215	694267200	4.4
22215	696945600	8.3
22215	699451200	10.2
22215	702129600	15.7
22215	704721600	18.9
22215	707400000	22.7
22215	709992000	24.6
22215	712670400	23.6
22215	715348800	22.3
22215	717940800	17
22215	720619200	7.4
22215	723211200	6.7
22215	725889600	8.1
22215	728568000	7.8
22215	730987200	11.1
22215	733665600	14.8
22215	736257600	19.7
22215	738936000	23.4
22215	741528000	24.6
22215	744206400	23.8
22215	746884800	20.9
22215	749476800	16
22215	752155200	9.2
22215	754747200	6.9
22215	757425600	6.3
22215	760104000	7.6
22215	762523200	11.4
22215	765201600	14.7
22215	767793600	19.3
22215	770472000	26.3
22215	773064000	26.9
22215	775742400	26.2
22215	778420800	22.8
22215	781012800	16
22215	783691200	9.8
22215	786283200	7
22215	788961600	6.5
22215	791640000	10.2
22215	794059200	10.6
22215	796737600	12.7
22215	799329600	17.5
22215	802008000	22.8
22215	804600000	25.4
22215	807278400	25.6
22215	809956800	22.3
22215	812548800	16.9
22215	815227200	12
22215	817819200	7.3
22215	820497600	7.1
22215	823176000	11.2
22215	825681600	11.3
22215	828360000	15.9
22215	830952000	22
22215	833630400	25.5
22215	836222400	25.9
22215	838900800	24.7
22215	841579200	20.4
22215	844171200	15.9
22215	846849600	10.5
22215	849441600	6.7
22215	852120000	6.5
22215	854798400	7.2
22215	857217600	12
22215	859896000	13.4
22215	862488000	20.7
22215	865166400	23.5
22215	867758400	25.4
22215	870436800	24.9
22215	873115200	23.7
22215	875707200	15.2
22215	878385600	10
22215	880977600	4.4
22215	883656000	6.4
22215	886334400	6.4
22215	888753600	10.1
22215	891432000	11.8
22215	894024000	18.4
22215	896702400	23.2
22215	899294400	25.6
22215	901972800	24.9
22215	904651200	23.5
22215	907243200	16.6
22215	909921600	10.9
22215	912513600	6.6
22215	915192000	7.6
22215	917870400	9.1
22215	920289600	11.2
22215	922968000	13
22215	925560000	19.4
22215	928238400	23
22215	930830400	24.1
22215	933508800	23.9
22215	936187200	22
22215	938779200	16.4
22215	941457600	12.5
22215	944049600	5.2
22215	946728000	7.8
22215	949406400	9.6
22215	951912000	10.9
22215	954590400	16.8
22215	957182400	22.1
22215	959860800	24.2
22215	962452800	26.1
22215	965131200	24.2
22215	967809600	23.1
22215	970401600	15.5
22215	973080000	6.6
22215	975672000	6.4
22215	978350400	4.7
22215	981028800	7.3
22215	983448000	10.2
22215	986126400	14.2
22215	988718400	20.4
22215	991396800	24.6
22215	993988800	24.8
22215	996667200	24.7
22215	999345600	22.6
22215	1001937600	17.1
22215	1004616000	11.5
22215	1007208000	4.9
22215	1009886400	6.4
22215	1012564800	7.6
22215	1014984000	10.5
22215	1017662400	17.1
22215	1020254400	18.9
22215	1022932800	25.9
22215	1025524800	25.8
22215	1028203200	24.7
22215	1030881600	22.5
22215	1033473600	15.8
22215	1036152000	10.9
22215	1038744000	5.3
22215	1041422400	8.4
22215	1044100800	8.1
22215	1046520000	10.1
22215	1049198400	14.2
22215	1051790400	20.3
22215	1054468800	24.2
22215	1057060800	27.1
22215	1059739200	25.6
22215	1062417600	23.1
22215	1065009600	19.1
22215	1067688000	10.7
22215	1070280000	5.9
22215	1072958400	6.9
22215	1075636800	6
22215	1078142400	13.1
22215	1080820800	14
22215	1083412800	19.8
22215	1086091200	23.8
22215	1088683200	24.7
22215	1091361600	23.3
22215	1094040000	21.1
22215	1096632000	16.2
22215	1099310400	8.4
22215	1101902400	5.6
22215	1104580800	7.6
22215	1107259200	8.2
22215	1109678400	9.8
22215	1112356800	14.8
22215	1114948800	20.4
22215	1117627200	24.3
22215	1120219200	27.3
22215	1122897600	24
22215	1125576000	22.8
22215	1128168000	17.1
22215	1130846400	11.1
22215	1133438400	7.4
22215	1136116800	7.7
22215	1138795200	9.7
22215	1141214400	10.3
22215	1143892800	16
22215	1146484800	21.3
22215	1149163200	26.2
22215	1151755200	26.6
22215	1154433600	23.5
22215	1157112000	20
22215	1159704000	15.6
22215	1162382400	11.1
22215	1164974400	5.6
22215	1167652800	4.7
22215	1170331200	9.3
22215	1172750400	11.5
22215	1175428800	15.1
22215	1178020800	20.3
22215	1180699200	25
22215	1183291200	25.7
22215	1185969600	25
22215	1188648000	22
22215	1191240000	17.2
22215	1193918400	12.6
22215	1196510400	6
22215	1199188800	6.2
22215	1201867200	8.5
22215	1204372800	11.1
22215	1207051200	14.9
22215	1209643200	18.8
22215	1212321600	25.4
22215	1214913600	24.4
22215	1217592000	24.1
22215	1220270400	21.1
22215	1222862400	16.4
22215	1225540800	11.4
22215	1228132800	7.3
22215	1230811200	7.6
22215	1233489600	9.5
22215	1235908800	11.9
22215	1238587200	14.5
22215	1241179200	20.9
22215	1243857600	22.8
22215	1246449600	26.1
22215	1249128000	25.6
22215	1251806400	22.1
22215	1254398400	15.8
22215	1257076800	11.8
22215	1259668800	5.5
22215	1262347200	6.2
22215	1265025600	7.4
22215	1267444800	9.9
22215	1270123200	14.3
22215	1272715200	17.7
22215	1275393600	24.7
22215	1277985600	25.4
22215	1280664000	25.2
22215	1283342400	23
22215	1285934400	16.9
22215	1288612800	8.5
22215	1291204800	8.1
22215	1293883200	5.2
22215	1296561600	6.2
22215	1298980800	12.3
22215	1301659200	16
22215	1304251200	17.5
22215	1306929600	24.8
22215	1309521600	25.8
22215	1312200000	25.5
22215	1314878400	22
22215	1317470400	16.3
22215	1320148800	9.4
22215	1322740800	4.6
22215	1325419200	7.4
22215	1328097600	8.2
22215	1330603200	10.6
22215	1333281600	15.7
22215	1335873600	19.9
22215	1338552000	25.6
22215	1341144000	24.9
22215	1343822400	25.6
22215	1346500800	21.5
22215	1349092800	17.5
22215	1351771200	12
22215	1354363200	6.8
22215	1357041600	4.2
22215	1359720000	5.3
22215	1362139200	12.8
22215	1364817600	15.4
22215	1367409600	19.5
22215	1370088000	25.9
22215	1372680000	24.8
22215	1375358400	23.9
22215	1378036800	21.8
22215	1380628800	15.2
22215	1383307200	10.7
22215	1385899200	6.4
22215	1388577600	7
22215	1391256000	10.3
22215	1393675200	11.8
22216	-604843200	7.6
22216	-602251200	4.8
22216	-599572800	1.5
22216	-596894400	3.2
22216	-594475200	5.8
22216	-591796800	6.9
22216	-589204800	12.7
22216	-586526400	15.8
22216	-583934400	18.7
22216	-581256000	17.2
22216	-578577600	15.6
22216	-575985600	11.4
22216	-573307200	6
22216	-570715200	4.3
22216	-568036800	5.3
22216	-565358400	3.6
22216	-562852800	3.2
22216	-560174400	7.6
22216	-557582400	12.5
22216	-554904000	17.5
22216	-552312000	16.9
22216	-549633600	17.7
22216	-546955200	14.3
22216	-544363200	11.4
22216	-541684800	3.7
22216	-539092800	2.3
22216	-536414400	6.5
22216	-533736000	2.3
22216	-531316800	6.6
22216	-528638400	7.8
22216	-526046400	10.1
22216	-523368000	17.3
22216	-520776000	17.1
22216	-518097600	16.7
22216	-515419200	15.6
22216	-512827200	10.1
22216	-510148800	8.3
22216	-507556800	1.4
22216	-504878400	4.7
22216	-502200000	6.3
22216	-499780800	4.8
22216	-497102400	11.5
22216	-494510400	12.6
22216	-491832000	16.1
22216	-489240000	17.3
22216	-486561600	16.4
22216	-483883200	15.9
22216	-481291200	11.4
22216	-478612800	7.5
22216	-476020800	3.1
22216	-473342400	-0.6
22216	-470664000	1.3
22216	-468244800	6.1
22216	-465566400	10.3
22216	-462974400	14.1
22216	-460296000	17.8
22216	-457704000	19.4
22216	-455025600	19
22216	-452347200	17.6
22216	-449755200	12.4
22216	-447076800	5.7
22216	-444484800	2.8
22216	-441806400	3.1
22216	-439128000	-1.7
22216	-436622400	6.4
22216	-433944000	8.6
22216	-431352000	15.7
22216	-428673600	20.7
22216	-426081600	20.3
22216	-423403200	19.5
22216	-420724800	18.9
22216	-418132800	12.1
22216	-415454400	3.8
22216	-412862400	1.3
22216	-410184000	3.2
22216	-407505600	6.8
22216	-405086400	5.4
22216	-402408000	8.7
22216	-399816000	12.5
22216	-397137600	19.5
22216	-394545600	21.4
22216	-391867200	19.6
22216	-389188800	15.6
22216	-386596800	9.7
22216	-383918400	1.3
22216	-381326400	2.1
22216	-378648000	-1.5
22216	-375969600	3.5
22216	-373550400	2.2
22216	-370872000	7.3
22216	-368280000	15.4
22216	-365601600	19.8
22216	-363009600	21.7
22216	-360331200	20.1
22216	-357652800	15.4
22216	-355060800	10.3
22216	-352382400	5.6
22216	-349790400	3
22216	-347112000	1.8
22216	-344433600	1.8
22216	-342014400	5.6
22216	-339336000	9.6
22216	-336744000	15.4
22216	-334065600	19.8
22216	-331473600	20.1
22216	-328795200	19.7
22216	-326116800	16.4
22216	-323524800	10.8
22216	-320846400	4.3
22216	-318254400	0.4
22216	-315576000	-1.6
22216	-312897600	-1.1
22216	-310392000	6.2
22216	-307713600	10.6
22216	-305121600	14.1
22216	-302443200	20.3
22216	-299851200	19.8
22216	-297172800	20.9
22216	-294494400	17.2
22216	-291902400	10.6
22216	-289224000	5.9
22216	-286632000	-1.7
22216	-283953600	-0.5
22216	-281275200	2.8
22216	-278856000	5.4
22216	-276177600	9.6
22216	-273585600	15.5
22216	-270907200	18.8
22216	-268315200	20.1
22216	-265636800	18.5
22216	-262958400	14.9
22216	-260366400	11.8
22216	-257688000	2.4
22216	-255096000	0.4
22216	-252417600	-1.5
22216	-249739200	4.6
22216	-247320000	3.2
22216	-244641600	10.7
22216	-242049600	14.9
22216	-239371200	18.1
22216	-236779200	18.5
22216	-234100800	19.6
22216	-231422400	14.7
22216	-228830400	9.9
22216	-226152000	3.2
22216	-223560000	-0.6
22216	-220881600	-4.7
22216	-218203200	0.8
22216	-215784000	2.7
22216	-213105600	9.6
22216	-210513600	14
22216	-207835200	18.8
22216	-205243200	22.1
22216	-202564800	19.4
22216	-199886400	16.9
22216	-197294400	12.3
22216	-194616000	4.4
22216	-192024000	-0.7
22216	-189345600	-3.2
22216	-186667200	-3.6
22216	-184161600	3.2
22216	-181483200	8
22216	-178891200	13.7
22216	-176212800	18.7
22216	-173620800	21.6
22216	-170942400	20.4
22216	-168264000	16.7
22216	-165672000	12.2
22216	-162993600	3.9
22216	-160401600	0.6
22216	-157723200	1.9
22216	-155044800	0.8
22216	-152625600	2.3
22216	-149947200	9.9
22216	-147355200	12.9
22216	-144676800	16.7
22216	-142084800	20.3
22216	-139406400	19.2
22216	-136728000	15.4
22216	-134136000	11.3
22216	-131457600	8
22216	-128865600	2.3
22216	-126187200	-2.2
22216	-123508800	-0.2
22216	-121089600	6.6
22216	-118411200	10.1
22216	-115819200	14.6
22216	-113140800	18.1
22216	-110548800	21.5
22216	-107870400	18.8
22216	-105192000	15.4
22216	-102600000	10.8
22216	-99921600	7.5
22216	-97329600	0.4
22216	-94651200	2.7
22216	-91972800	4.4
22216	-89553600	9.4
22216	-86875200	10.9
22216	-84283200	13.9
22216	-81604800	17.7
22216	-79012800	21.4
22216	-76334400	18.6
22216	-73656000	15.8
22216	-71064000	11.7
22216	-68385600	6.1
22216	-65793600	-2
22216	-63115200	0.4
22216	-60436800	3.9
22216	-57931200	3.9
22216	-55252800	7.1
22216	-52660800	12.7
22216	-49982400	19.8
22216	-47390400	18.9
22216	-44712000	17.9
22216	-42033600	15.3
22216	-39441600	11
22216	-36763200	3.8
22216	-34171200	-0.1
22216	-31492800	4.3
22216	-28814400	1.6
22216	-26395200	1.2
22216	-23716800	10.5
22216	-21124800	13.9
22216	-18446400	18.1
22216	-15854400	21.2
22216	-13176000	20.4
22216	-10497600	16.3
22216	-7905600	8.9
22216	-5227200	3.4
22216	-2635200	1.5
22216	43200	-0.3
22216	2721600	3.4
22216	5140800	2.7
22216	7819200	8.2
22216	10411200	14.4
22216	13089600	16.9
22216	15681600	20.4
22216	18360000	19.6
22216	21038400	16.3
22216	23630400	8.6
22216	26308800	5.7
22216	28900800	2.7
22216	31579200	1.3
22216	34257600	1.7
22216	36676800	6.4
22216	39355200	8.9
22216	41947200	12.8
22216	44625600	18.4
22216	47217600	20.5
22216	49896000	17.8
22216	52574400	15
22216	55166400	9.9
22216	57844800	4.8
22216	60436800	0.3
22216	63115200	1.9
22216	65793600	4.4
22216	68299200	8.6
22217	52574400	17.1
22217	55166400	10.2
22217	57844800	6.7
22218	60436800	-0.9
22218	63115200	0.6
22218	65793600	2.4
22218	68299200	6.7
22218	70977600	7.8
22218	73569600	10.6
22218	76248000	15.5
22218	78840000	19.4
22218	81518400	17.8
22218	84196800	14.7
22218	86788800	10.2
22218	89467200	1.3
22218	92059200	-1.1
22218	94737600	-2.4
22218	97416000	0.9
22218	99835200	2.7
22218	102513600	5.2
22218	105105600	11.7
22218	107784000	16.3
22218	110376000	18.4
22218	113054400	17.7
22218	115732800	13.6
22218	118324800	9.5
22218	121003200	5.3
22218	123595200	0.6
22218	126273600	-0.7
22218	128952000	4
22218	131371200	4.6
22218	134049600	5.8
22218	136641600	12.6
22218	139320000	18.3
22218	141912000	18.6
22218	144590400	16.7
22218	147268800	13.9
22218	149860800	9.7
22218	152539200	3.3
22218	155131200	-2.4
22218	157809600	-0.6
22218	160488000	-0.1
22218	162907200	2.7
22218	165585600	4.5
22218	168177600	9.3
22218	170856000	14.8
22218	173448000	19.4
22218	176126400	17.7
22218	178804800	14.2
22218	181396800	9.8
22218	184075200	2.7
22218	186667200	0.6
22218	189345600	0.4
22218	192024000	4
22218	194529600	2.9
22218	197208000	7.2
22218	199800000	10.9
22218	202478400	15
22218	205070400	17.8
22218	207748800	17.7
22218	210427200	13.7
22218	213019200	7.2
22218	215697600	3.2
22218	218289600	-1.1
22218	220968000	-4.3
22218	223646400	0
22218	226065600	3.4
22218	228744000	8
22218	231336000	11.1
22218	234014400	17.2
22218	236606400	18.6
22218	239284800	18.4
22218	241963200	15.9
22218	244555200	9.9
22218	247233600	5.3
22218	249825600	2.8
22218	252504000	1.4
22218	255182400	0.8
22218	257601600	5.2
22218	260280000	8.8
22218	262872000	10.4
22218	265550400	16.2
22218	268142400	19.1
22218	270820800	18.2
22218	273499200	14.8
22218	276091200	10.7
22218	278769600	4.2
22218	281361600	-0.4
22218	284040000	-1.6
22218	286718400	0.9
22218	289137600	3.8
22218	291816000	8.1
22218	294408000	12.6
22218	297086400	16.3
22218	299678400	19.2
22218	302356800	17.1
22218	305035200	17.2
22218	307627200	10.7
22218	310305600	1.4
22218	312897600	0.5
22218	315576000	1.8
22218	318254400	2
22218	320760000	3.4
22218	323438400	6.5
22218	326030400	9.7
22218	328708800	16.3
22218	331300800	19.5
22218	333979200	18
22218	336657600	15.2
22218	339249600	7.5
22218	341928000	2.4
22218	344520000	2.2
22219	-2855995200	25.9
22219	-2853316800	23.8
22219	-2850638400	20.3
22219	-2848046400	14.6
22219	-2845368000	8.3
22219	-2842776000	4.3
22219	-2840097600	4.7
22219	-2837419200	3.4
22219	-2834913600	9
22219	-2832235200	14.6
22219	-2829643200	20.2
22219	-2826964800	24.5
22219	-2824372800	24.3
22219	-2821694400	22.6
22219	-2819016000	20.1
22220	-2955873600	18.6
22220	-2953195200	25.6
22220	-2950603200	25.5
22220	-2947924800	22.9
22220	-2945246400	19.8
22220	-2942654400	13.2
22220	-2939976000	6.4
22220	-2937384000	2.1
22220	-2934705600	3.6
22220	-2932027200	5.4
22220	-2929608000	9.9
22220	-2926929600	9.8
22220	-2924337600	15.1
22220	-2921659200	23.8
22220	-2919067200	28.7
22220	-2916388800	25.1
22220	-2913710400	19.9
22220	-2911118400	15.1
22220	-2908440000	5.2
22220	-2905848000	4.3
22220	-2903169600	2.6
22220	-2900491200	4.6
22220	-2898072000	8.2
22220	-2895393600	11.9
22220	-2892801600	18.8
22220	-2890123200	24.6
22220	-2887531200	25.7
22220	-2884852800	23.3
22220	-2882174400	17.2
22220	-2879582400	12.5
22220	-2876904000	6.2
22220	-2874312000	1.6
22220	-2871633600	1.6
22220	-2868955200	6.4
22220	-2866536000	12.1
22220	-2863857600	15.3
22220	-2861265600	19.3
22220	-2858587200	24.3
22221	-2443003200	26.5
22221	-2440324800	23
22221	-2437732800	16.3
22222	220968000	0.4
22222	223646400	2.6
22222	226065600	4.1
22222	228744000	9.4
22222	231336000	13.2
22222	234014400	18.9
22222	236606400	19.3
22222	239284800	19.8
22222	241963200	17.2
22222	244555200	11.8
22222	247233600	6.8
22222	249825600	3.9
22222	252504000	1.7
22222	255182400	1.6
22222	257601600	7.1
22222	260280000	10.9
22222	262872000	13.8
22222	265550400	19.8
22222	268142400	20.7
22222	270820800	18.1
22222	273499200	15.4
22223	-2422008000	14.2
22223	-2419416000	17
22224	-2387880000	20.7
22224	-2385201600	24.2
22224	-2382609600	26.6
22224	-2379931200	26
22224	-2377252800	21.2
22224	-2374660800	18.1
22224	-2371982400	11.5
22224	-2369390400	8.1
22224	-2366712000	6.2
22224	-2364033600	4.7
22224	-2361614400	9.4
22224	-2358936000	14.3
22224	-2356344000	18.4
22224	-2353665600	23.6
22224	-2351073600	24.6
22224	-2348395200	24
22224	-2345716800	22
22224	-2343124800	13.9
22224	-2340446400	6.7
22224	-2337854400	1.4
22224	-2335176000	5.3
22224	-2332497600	5.8
22224	-2329992000	10.2
22224	-2327313600	13.1
22224	-2324721600	21.4
22224	-2322043200	26.3
22224	-2319451200	26.2
22224	-2316772800	24.7
22224	-2314094400	21.7
22224	-2311502400	14.4
22224	-2308824000	8.9
22224	-2306232000	5.1
22224	-2303553600	3.3
22224	-2300875200	6.3
22224	-2298456000	8.9
22224	-2295777600	13.6
22224	-2293185600	21.6
22224	-2290507200	24.3
22224	-2287915200	26.3
22224	-2285236800	24.6
22224	-2282558400	21.3
22224	-2279966400	15.1
22224	-2277288000	8.5
22224	-2274696000	3.7
22224	-2272017600	3
22224	-2269339200	9.6
22224	-2266920000	9.2
22224	-2264241600	15.1
22224	-2261649600	17.7
22224	-2258971200	24.6
22224	-2256379200	25
22224	-2253700800	24
22224	-2251022400	21.2
22224	-2248430400	13.6
22224	-2245752000	6.8
22224	-2243160000	2.1
22224	-2240481600	4.8
22224	-2237803200	5.5
22224	-2235384000	10.8
22224	-2232705600	13.2
22224	-2230113600	19
22224	-2227435200	23.7
22224	-2224843200	26.3
22224	-2222164800	25.2
22224	-2219486400	22.1
22224	-2216894400	15.5
22224	-2214216000	9.4
22224	-2211624000	4.8
22224	-2208945600	6.7
22224	-2206267200	6.9
22224	-2203848000	11.3
22224	-2201169600	10.8
22224	-2198577600	21
22224	-2195899200	25.5
22224	-2193307200	27.5
22224	-2190628800	25.9
22224	-2187950400	22.2
22224	-2185358400	16.2
22224	-2182680000	9.4
22224	-2180088000	5
22224	-2177409600	7.1
22224	-2174731200	7.4
22224	-2172312000	8.1
22224	-2169633600	12
22224	-2167041600	20
22224	-2164363200	24
22224	-2161771200	26.4
22224	-2159092800	26.7
22224	-2156414400	23.2
22224	-2153822400	16.7
22224	-2151144000	11
22224	-2148552000	5.5
22224	-2145873600	6.9
22224	-2143195200	7.7
22224	-2140776000	9.8
22224	-2138097600	15
22224	-2135505600	20.1
22224	-2132827200	26.2
22224	-2130235200	24.6
22224	-2127556800	26
22224	-2124878400	21.8
22224	-2122286400	16.1
22224	-2119608000	9.2
22224	-2117016000	6.1
22224	-2114337600	5.8
22224	-2111659200	5.1
22224	-2109240000	9.8
22224	-2106561600	15.5
22224	-2103969600	18.3
22224	-2101291200	23.6
22224	-2098699200	26.6
22224	-2096020800	26
22224	-2093342400	21.7
22224	-2090750400	14.6
22224	-2088072000	10.1
22224	-2085480000	6.7
22224	-2082801600	2.9
22224	-2080123200	9.3
22224	-2077617600	12.9
22224	-2074939200	15.6
22224	-2072347200	20.4
22224	-2069668800	25.2
22224	-2067076800	25.7
22224	-2064398400	26.1
22224	-2061720000	22.1
22224	-2059128000	16.2
22224	-2056449600	9.4
22224	-2053857600	5.5
22224	-2051179200	6.2
22224	-2048500800	7.7
22224	-2046081600	12.2
22224	-2043403200	13.3
22224	-2040811200	18.4
22224	-2038132800	25.6
22224	-2035540800	25.4
22224	-2032862400	25.3
22224	-2030184000	22
22224	-2027592000	15.8
22224	-2024913600	9.7
22224	-2022321600	1.9
22224	-2019643200	3.7
22224	-2016964800	8.1
22224	-2014545600	11
22224	-2011867200	15
22224	-2009275200	19.2
22224	-2006596800	24.3
22224	-2004004800	26.1
22224	-2001326400	23.3
22224	-1998648000	20.7
22224	-1996056000	14.7
22224	-1993377600	9.5
22224	-1990785600	10.6
22224	-1988107200	6.9
22224	-1985428800	9.5
22224	-1983009600	11.8
22224	-1980331200	15.5
22224	-1977739200	17.8
22224	-1975060800	23.8
22224	-1972468800	27.4
22224	-1969790400	25.6
22224	-1967112000	24.2
22224	-1964520000	17
22224	-1961841600	9.1
22224	-1959249600	7
22224	-1956571200	6.6
22224	-1953892800	7.9
22224	-1951387200	12.9
22224	-1948708800	15.6
22224	-1946116800	18.7
22224	-1943438400	24.5
22224	-1940846400	26.5
22224	-1938168000	25.8
22224	-1935489600	22.4
22224	-1932897600	13.8
22224	-1930219200	8.8
22224	-1927627200	5.5
22224	-1924948800	9.4
22224	-1922270400	7.7
22224	-1919851200	10.7
22224	-1917172800	15.7
22224	-1914580800	21.4
22224	-1911902400	26.9
22224	-1909310400	27.5
22224	-1906632000	25.3
22224	-1903953600	22.1
22224	-1901361600	18.9
22224	-1898683200	11.6
22224	-1896091200	2.2
22224	-1893412800	6.9
22224	-1890734400	9
22224	-1888315200	14.5
22224	-1885636800	16.3
22224	-1883044800	21.8
22224	-1880366400	26.7
22224	-1877774400	28.3
22224	-1875096000	27.1
22224	-1872417600	23.5
22224	-1869825600	20.2
22224	-1867147200	11.5
22224	-1864555200	7.1
22224	-1861876800	8.6
22224	-1859198400	7.8
22224	-1856779200	14.1
22224	-1854100800	15.3
22224	-1851508800	20.6
22224	-1848830400	25.5
22224	-1846238400	25.3
22224	-1843560000	27.4
22224	-1840881600	25.1
22224	-1838289600	16.6
22224	-1835611200	7.5
22224	-1833019200	2.4
22224	-1830340800	5.4
22224	-1827662400	6.3
22224	-1825156800	9.7
22224	-1822478400	10.5
22224	-1819886400	17.3
22224	-1817208000	23.6
22224	-1814616000	26.2
22224	-1811937600	25.9
22224	-1809259200	18.9
22224	-1806667200	13.3
22224	-1803988800	8.8
22224	-1801396800	2.3
22224	-1798718400	4.7
22224	-1796040000	7.9
22224	-1793620800	10.8
22224	-1790942400	15.2
22224	-1788350400	20.8
22224	-1785672000	26.7
22224	-1783080000	28.3
22224	-1780401600	27.7
22224	-1777723200	20.7
22224	-1775131200	19
22224	-1772452800	12.4
22224	-1769860800	6.5
22224	-1767182400	7.6
22224	-1764504000	8
22224	-1762084800	10.8
22224	-1759406400	14.7
22224	-1756814400	19.2
22224	-1754136000	25.3
22224	-1751544000	25.7
22224	-1748865600	25.9
22224	-1746187200	23
22224	-1743595200	17.1
22224	-1740916800	11.5
22224	-1738324800	5
22224	-1735646400	3.1
22224	-1732968000	7.1
22224	-1730548800	9
22224	-1727870400	12.4
22224	-1725278400	18.5
22224	-1722600000	25.4
22224	-1720008000	28.1
22224	-1717329600	25.5
22224	-1714651200	21.9
22224	-1712059200	16.8
22224	-1709380800	12.5
22224	-1706788800	5.9
22224	-1704110400	7.7
22224	-1701432000	11.3
22224	-1698926400	13.1
22224	-1696248000	14.4
22224	-1693656000	21
22224	-1690977600	25
22224	-1688385600	26.2
22224	-1685707200	25.9
22224	-1683028800	21.2
22224	-1680436800	14.5
22224	-1677758400	9.3
22224	-1675166400	4.9
22224	-1672488000	5.9
22224	-1669809600	10.3
22224	-1667390400	10
22224	-1664712000	13.5
22224	-1662120000	16.3
22224	-1659441600	25.8
22224	-1656849600	28.3
22224	-1654171200	27.9
22224	-1651492800	21.3
22224	-1648900800	15.6
22224	-1646222400	10.2
22224	-1643630400	6.8
22224	-1640952000	4
22224	-1638273600	8.8
22224	-1635854400	12.4
22224	-1633176000	14.3
22224	-1630584000	18.1
22224	-1627905600	26
22224	-1625313600	25.6
22224	-1622635200	25.8
22224	-1619956800	20.2
22224	-1617364800	17.1
22224	-1614686400	9.1
22224	-1612094400	3.6
22224	-1609416000	2
22224	-1606737600	5.6
22224	-1604318400	8.8
22224	-1601640000	14.2
22224	-1599048000	19.9
22224	-1596369600	26.6
22224	-1593777600	25.7
22224	-1591099200	26.3
22224	-1588420800	20.4
22224	-1585828800	15
22224	-1583150400	9.6
22224	-1580558400	7.9
22224	-1577880000	6.7
22224	-1575201600	9.3
22224	-1572696000	9.1
22224	-1570017600	11
22224	-1567425600	22
22224	-1564747200	24.1
22224	-1562155200	27.1
22224	-1559476800	25.3
22224	-1556798400	22.9
22224	-1554206400	16.6
22224	-1551528000	10.8
22224	-1548936000	4.4
22224	-1546257600	6.6
22224	-1543579200	9.4
22224	-1541160000	13
22224	-1538481600	14
22224	-1535889600	19.4
22224	-1533211200	25
22224	-1530619200	25.3
22224	-1527940800	24.4
22224	-1525262400	22.9
22224	-1522670400	16.3
22224	-1519992000	10
22224	-1517400000	7.4
22224	-1514721600	4.8
22224	-1512043200	5.1
22224	-1509624000	9.2
22224	-1506945600	13.2
22224	-1504353600	19.6
22224	-1501675200	27.1
22224	-1499083200	27.6
22224	-1496404800	25.3
22224	-1493726400	24.4
22224	-1491134400	16.6
22224	-1488456000	7.7
22224	-1485864000	7.7
22224	-1483185600	9.3
22224	-1480507200	8.3
22224	-1478088000	8.5
22224	-1475409600	13.6
22224	-1472817600	18.8
22224	-1470139200	25
22224	-1467547200	27.2
22224	-1464868800	25.6
22224	-1462190400	20.6
22224	-1459598400	14.4
22224	-1456920000	9.2
22224	-1454328000	4.6
22224	-1451649600	3.8
22224	-1448971200	7.3
22224	-1446465600	8.1
22224	-1443787200	14.1
22224	-1441195200	20.5
22224	-1438516800	28
22224	-1435924800	27.6
22224	-1433246400	27.8
22224	-1430568000	22.4
22224	-1427976000	16.8
22224	-1425297600	11.2
22224	-1422705600	3.9
22224	-1420027200	3.8
22224	-1417348800	10.7
22224	-1414929600	12.8
22224	-1412251200	15.8
22224	-1409659200	21.2
22224	-1406980800	24.7
22224	-1404388800	26.9
22224	-1401710400	24.6
22224	-1399032000	21.4
22224	-1396440000	15.2
22224	-1393761600	7.9
22224	-1391169600	2.6
22224	-1388491200	1
22224	-1385812800	8.3
22224	-1383393600	10.5
22224	-1380715200	13.8
22224	-1378123200	18.6
22224	-1375444800	24.9
22224	-1372852800	25.7
22224	-1370174400	26.4
22224	-1367496000	24.1
22224	-1364904000	17.9
22224	-1362225600	9.2
22224	-1359633600	4.7
22224	-1356955200	7.8
22224	-1354276800	9.2
22224	-1351857600	9.9
22224	-1349179200	14.3
22224	-1346587200	20
22224	-1343908800	24.4
22224	-1341316800	26.7
22224	-1338638400	24.3
22224	-1335960000	21.5
22224	-1333368000	16.5
22224	-1330689600	12.6
22224	-1328097600	5
22224	-1325419200	7.2
22224	-1322740800	8.8
22224	-1320235200	13.3
22224	-1317556800	14.7
22224	-1314964800	20.8
22224	-1312286400	25.7
22224	-1309694400	27.2
22224	-1307016000	25.1
22224	-1304337600	23.3
22224	-1301745600	17.5
22224	-1299067200	9.2
22224	-1296475200	6.4
22224	-1293796800	7.7
22224	-1291118400	6.3
22224	-1288699200	9
22224	-1286020800	15.9
22224	-1283428800	19.5
22224	-1280750400	27.4
22224	-1278158400	26.4
22224	-1275480000	25.6
22224	-1272801600	21.6
22224	-1270209600	14.9
22224	-1267531200	5.5
22224	-1264939200	6.1
22224	-1262260800	5.7
22224	-1259582400	9.5
22224	-1257163200	9.3
22224	-1254484800	15.5
22224	-1251892800	17
22224	-1249214400	27.2
22224	-1246622400	24.7
22224	-1243944000	25
22224	-1241265600	21.6
22224	-1238673600	15.9
22224	-1235995200	8.2
22224	-1233403200	3.4
22224	-1230724800	4.2
22224	-1228046400	7.6
22224	-1225627200	9.6
22224	-1222948800	14
22224	-1220356800	19.5
22224	-1217678400	24.7
22224	-1215086400	27.2
22224	-1212408000	25.2
22224	-1209729600	23.5
22224	-1207137600	17.1
22224	-1204459200	10
22224	-1201867200	4.7
22224	-1199188800	6.4
22224	-1196510400	9.1
22224	-1194004800	9.7
22224	-1191326400	14.7
22224	-1188734400	19
22224	-1186056000	24.2
22224	-1183464000	26.3
22224	-1180785600	25.3
22224	-1178107200	20.8
22224	-1175515200	16.3
22224	-1172836800	9.7
22224	-1170244800	3.4
22224	-1167566400	4.5
22224	-1164888000	5.8
22224	-1162468800	11.6
22224	-1159790400	12.6
22224	-1157198400	18.4
22224	-1154520000	24.7
22224	-1151928000	27.7
22224	-1149249600	25.9
22224	-1146571200	24.1
22224	-1143979200	17.5
22224	-1141300800	10.3
22224	-1138708800	6.6
22224	-1136030400	4.8
22224	-1133352000	9
22224	-1130932800	12.3
22224	-1128254400	17.1
22224	-1125662400	22.7
22224	-1122984000	24.8
22224	-1120392000	27.4
22224	-1117713600	26.4
22224	-1115035200	22.4
22224	-1112443200	16.7
22224	-1109764800	9.6
22224	-1107172800	6.1
22224	-1104494400	6.6
22224	-1101816000	6.4
22224	-1099396800	10.3
22224	-1096718400	14.7
22224	-1094126400	17.7
22224	-1091448000	25.7
22224	-1088856000	27.7
22224	-1086177600	25.8
22224	-1083499200	21.6
22224	-1080907200	16.8
22224	-1078228800	8.3
22224	-1075636800	5.2
22224	-1072958400	5.2
22224	-1070280000	7.7
22224	-1067774400	11.3
22224	-1065096000	15.8
22224	-1062504000	21.1
22224	-1059825600	25.8
22224	-1057233600	26.9
22224	-1054555200	25.9
22224	-1051876800	21.7
22224	-1049284800	15.2
22224	-1046606400	8.6
22224	-1044014400	6.1
22224	-1041336000	3
22224	-1038657600	7.7
22224	-1036238400	10
22224	-1033560000	14.8
22224	-1030968000	20.4
22224	-1028289600	24.7
22224	-1025697600	27.6
22224	-1023019200	27
22224	-1020340800	22.5
22224	-1017748800	17
22224	-1015070400	9.9
22224	-1012478400	5.9
22224	-1009800000	5.3
22224	-1007121600	7.5
22224	-1004702400	10.1
22224	-1002024000	14.6
22224	-999432000	18.7
22224	-996753600	25.3
22224	-994161600	24.5
22224	-991483200	24
22224	-988804800	19.6
22224	-986212800	15.6
22224	-983534400	6.6
22224	-980942400	5.3
22224	-978264000	3.1
22224	-975585600	1.9
22224	-973166400	10.1
22224	-970488000	15.1
22224	-967896000	20.9
22224	-965217600	25.5
22224	-962625600	27
22224	-959947200	25.7
22224	-957268800	23.2
22224	-954676800	15.1
22224	-951998400	9.2
22224	-949406400	7.9
22224	-946728000	5
22224	-944049600	7.8
22224	-941544000	11.6
22224	-938865600	14.2
22224	-936273600	19.8
22224	-933595200	24.3
22224	-931003200	26.5
22224	-928324800	24.7
22224	-925646400	22.6
22224	-923054400	16.2
22224	-920376000	8.1
22224	-917784000	7.8
22224	-915105600	5.4
22224	-912427200	8.5
22224	-910008000	9.3
22224	-907329600	12
22224	-904737600	19.5
22224	-902059200	23.8
22224	-899467200	25.8
22224	-896788800	24.7
22224	-894110400	20.2
22224	-891518400	14.6
22224	-888840000	9.8
22224	-886248000	6
22224	-883569600	6
22224	-880891200	5.5
22224	-878472000	8.7
22224	-875793600	14.2
22224	-873201600	19.3
22224	-870523200	24.7
22224	-867931200	27.4
22224	-865252800	25
22224	-862574400	21.4
22224	-859982400	15.5
22224	-857304000	11.1
22224	-854712000	6.7
22224	-852033600	5.8
22224	-849355200	8.9
22224	-846936000	11.1
22224	-844257600	17
22224	-841665600	21.1
22224	-838987200	24.8
22224	-836395200	25.8
22224	-833716800	26
22224	-831038400	22.3
22224	-828446400	15.2
22224	-825768000	9.5
22224	-823176000	4.3
22224	-820497600	2.8
22224	-817819200	6.9
22224	-815313600	8.8
22224	-812635200	13.9
22224	-810043200	19.9
22224	-807364800	24
22224	-804772800	26.4
22224	-802094400	25.8
22224	-799416000	20.5
22224	-796824000	16.3
22224	-794145600	7.9
22224	-791553600	4.5
22224	-788875200	5.1
22224	-786196800	7.4
22224	-783777600	8.3
22224	-781099200	12.5
22224	-778507200	18.5
22224	-775828800	22.6
22224	-773236800	25.8
22224	-770558400	25.4
22224	-767880000	22.6
22224	-765288000	15.7
22224	-762609600	8.8
22224	-760017600	4.4
22224	-757339200	3
22224	-754660800	5.4
22224	-752241600	9.5
22224	-749563200	16.4
22224	-746971200	17.8
22224	-744292800	25.5
22224	-741700800	26.4
22224	-739022400	25.6
22224	-736344000	23.3
22224	-733752000	15.7
22224	-731073600	7.8
22224	-728481600	7.1
22224	-725803200	2.4
22224	-723124800	8.2
22224	-720705600	11
22224	-718027200	13.7
22224	-715435200	21.1
22224	-712756800	24.1
22224	-710164800	27.4
22224	-707486400	25.5
22224	-704808000	23.2
22224	-702216000	17.3
22224	-699537600	7.3
22224	-696945600	3.4
22224	-694267200	4.5
22224	-691588800	6.8
22224	-689083200	8.2
22224	-686404800	15.4
22224	-683812800	20.6
22224	-681134400	26.5
22224	-678542400	27
22224	-675864000	26.3
22224	-673185600	22.9
22224	-670593600	16.5
22224	-667915200	6.7
22224	-665323200	5.8
22224	-662644800	1.2
22224	-659966400	6.3
22224	-657547200	11.1
22224	-654868800	13.9
22224	-652276800	18.6
22224	-649598400	24.4
22224	-647006400	26.5
22224	-644328000	24.9
22224	-641649600	22.4
22224	-639057600	14.5
22224	-636379200	11.1
22224	-633787200	3.8
22224	-631108800	5.4
22224	-628430400	8.2
22224	-626011200	10.3
22224	-623332800	15.3
22224	-620740800	18.5
22224	-618062400	25.3
22224	-615470400	25.3
22224	-612792000	25.2
22224	-610113600	20.9
22224	-607521600	19.4
22224	-604843200	9.8
22224	-602251200	7.3
22224	-599572800	4.7
22224	-596894400	6.8
22224	-594475200	9.5
22224	-591796800	13.5
22224	-589204800	20
22224	-586526400	23.4
22224	-583934400	28.3
22224	-581256000	25.9
22224	-578577600	23.3
22224	-575985600	16.8
22224	-573307200	8.5
22224	-570715200	5.2
22224	-568036800	7.3
22224	-565358400	5.2
22224	-562852800	7.2
22224	-560174400	13.3
22224	-557582400	20
22224	-554904000	25.7
22224	-552312000	26.8
22224	-549633600	26.5
22224	-546955200	21.8
22224	-544363200	16.5
22224	-541684800	6.9
22224	-539092800	4.3
22224	-536414400	7.1
22224	-533736000	6.7
22224	-531316800	11.1
22224	-528638400	14.3
22224	-526046400	16.3
22224	-523368000	26
22224	-520776000	27.1
22224	-518097600	25.6
22224	-515419200	22.3
22224	-512827200	16
22224	-510148800	9.6
22224	-507556800	2.3
22224	-504878400	5.7
22224	-502200000	9.2
22224	-499780800	10.1
22224	-497102400	16.9
22224	-494510400	20.5
22224	-491832000	25
22224	-489240000	27.6
22224	-486561600	24.7
22224	-483883200	24
22224	-481291200	17.8
22224	-478612800	10.7
22224	-476020800	5.6
22224	-473342400	3.6
22224	-470664000	4.2
22224	-468244800	10.2
22224	-465566400	14.2
22224	-462974400	18.8
22224	-460296000	24.2
22224	-457704000	25.6
22224	-455025600	24.8
22224	-452347200	22.2
22224	-449755200	16.9
22224	-447076800	8.8
22224	-444484800	6.7
22224	-441806400	7
22224	-439128000	4.3
22224	-436622400	10.9
22224	-433944000	13.1
22224	-431352000	20.5
22224	-428673600	26.8
22224	-426081600	26.8
22224	-423403200	24.7
22224	-420724800	23.5
22224	-418132800	16.8
22224	-415454400	6.7
22224	-412862400	4
22224	-410184000	7.5
22224	-407505600	12.1
22224	-405086400	10.7
22224	-402408000	13.8
22224	-399816000	17.5
22224	-397137600	26.5
22224	-394545600	27.7
22224	-391867200	24.4
22224	-389188800	20.5
22224	-386596800	14.7
22224	-383918400	7
22224	-381326400	5.6
22224	-378648000	3.8
22224	-375969600	8.5
22224	-373550400	8.2
22224	-370872000	13.9
22224	-368280000	20.8
22224	-365601600	27.3
22224	-363009600	27.5
22224	-360331200	25.8
22224	-357652800	21.3
22224	-355060800	15.2
22224	-352382400	9.1
22224	-349790400	6.2
22224	-347112000	6
22224	-344433600	6.2
22224	-342014400	9.2
22224	-339336000	15.8
22224	-336744000	19.5
22224	-334065600	26.3
22224	-331473600	27.1
22224	-328795200	25.2
22224	-326116800	21.6
22224	-323524800	15.7
22224	-320846400	8.1
22224	-318254400	5.3
22224	-315576000	2.8
22224	-312897600	4.6
22224	-310392000	11.9
22224	-307713600	14.8
22224	-305121600	18.9
22224	-302443200	26.3
22224	-299851200	26.2
22224	-297172800	26.4
22224	-294494400	23
22224	-291902400	15.5
22224	-289224000	10.2
22224	-286632000	2.6
22224	-283953600	4.7
22224	-281275200	7.2
22224	-278856000	10.1
22224	-276177600	14.7
22224	-273585600	19.8
22224	-270907200	25.2
22224	-268315200	26.9
22224	-265636800	25.8
22224	-262958400	21.1
22224	-260366400	15.8
22224	-257688000	7.7
22224	-255096000	6.1
22224	-252417600	2.2
22224	-249739200	9.2
22224	-247320000	7.8
22224	-244641600	16.4
22224	-242049600	18.9
22224	-239371200	23.6
22224	-236779200	24.8
22224	-234100800	26.1
22224	-231422400	22.5
22224	-228830400	16.9
22224	-226152000	11
22224	-223560000	6.8
22224	-220881600	3.7
22224	-218203200	7.5
22224	-215784000	10.3
22224	-213105600	14.2
22224	-210513600	20.8
22224	-207835200	23.7
22224	-205243200	27.5
22224	-202564800	23.9
22224	-199886400	22.2
22224	-197294400	17
22224	-194616000	9.4
22224	-192024000	3.8
22224	-189345600	1.5
22224	-186667200	2.6
22224	-184161600	8.1
22224	-181483200	13.4
22224	-178891200	19.5
22224	-176212800	23.7
22224	-173620800	27.2
22224	-170942400	25.9
22224	-168264000	21
22224	-165672000	16.4
22224	-162993600	8.5
22224	-160401600	5.4
22224	-157723200	6.5
22224	-155044800	5.6
22224	-152625600	8.2
22224	-149947200	13.9
22224	-147355200	18.2
22224	-144676800	22.3
22224	-142084800	26.9
22224	-139406400	25.5
22224	-136728000	21
22224	-134136000	16.1
22224	-131457600	11.8
22224	-128865600	5.9
22224	-126187200	2.8
22224	-123508800	3.4
22224	-121089600	10.2
22224	-118411200	14.4
22224	-115819200	20.1
22224	-113140800	24.1
22224	-110548800	27.7
22224	-107870400	25
22224	-105192000	21.6
22224	-102600000	15.2
22224	-99921600	11
22224	-97329600	4.5
22224	-94651200	4
22224	-91972800	7.7
22224	-89553600	12.2
22224	-86875200	14.6
22224	-84283200	18.1
22224	-81604800	23.5
22224	-79012800	26.7
22224	-76334400	24
22224	-73656000	20.8
22224	-71064000	15.9
22224	-68385600	10.3
22224	-65793600	3.7
22224	-63115200	4.7
22224	-60436800	8.5
22224	-57931200	9.9
22224	-55252800	12.8
22224	-52660800	18.8
22224	-49982400	24.6
22224	-47390400	25.4
22224	-44712000	23.4
22224	-42033600	20.6
22224	-39441600	16.6
22224	-36763200	9.1
22224	-34171200	3.9
22224	-31492800	7.2
22224	-28814400	6.6
22224	-26395200	7.7
22224	-23716800	15.1
22224	-21124800	19.7
22224	-18446400	24.1
22224	-15854400	26.4
22224	-13176000	27.5
22224	-10497600	22.3
22224	-7905600	15.5
22224	-5227200	8.2
22224	-2635200	5.8
22224	43200	4.1
22224	2721600	7.5
22224	5140800	9.1
22224	7819200	12
22224	10411200	19.3
22224	13089600	24.3
22224	15681600	26.8
22224	18360000	25.9
22224	21038400	21.7
22224	23630400	13.4
22224	26308800	9.1
22224	28900800	6.6
22224	31579200	5.5
22224	34257600	6.9
22224	36676800	10.9
22224	39355200	13.5
22224	41947200	18
22224	44625600	24.4
22224	47217600	27.1
22224	49896000	24.8
22224	52574400	21.8
22224	55166400	14.4
22224	57844800	9.3
22224	60436800	4.7
22224	63115200	5.6
22224	65793600	8.1
22224	68299200	13.7
22224	70977600	14.6
22224	73569600	18.9
22224	76248000	24.3
22224	78840000	26.9
22224	81518400	24.3
22224	84196800	21
22224	86788800	16.7
22224	89467200	6.7
22224	92059200	4.7
22224	94737600	3.1
22224	97416000	5.7
22224	99835200	7.8
22224	102513600	11.2
22224	105105600	18.5
22224	107784000	23.8
22224	110376000	25.1
22224	113054400	24.3
22224	115732800	21.7
22224	118324800	16
22224	121003200	9.5
22224	123595200	4.4
22224	126273600	5.6
22224	128952000	4.8
22224	131371200	11.8
22224	134049600	14.5
22224	136641600	20.3
22224	139320000	26.4
22224	141912000	25.5
22224	144590400	23.9
22224	147268800	20.6
22224	149860800	15.7
22224	152539200	8.5
22224	155131200	3.5
22224	157809600	4.5
22224	160488000	5.9
22224	162907200	9.4
22224	165585600	10.9
22224	168177600	17
22224	170856000	23.4
22224	173448000	25.2
22224	176126400	25.5
22224	178804800	20.1
22224	181396800	15.1
22224	184075200	8.5
22224	186667200	5.3
22224	189345600	4.1
22224	192024000	8.9
22224	194529600	10.1
22224	197208000	14.3
22224	199800000	18.4
22224	202478400	24.1
22224	205070400	25.4
22224	207748800	25.1
22224	210427200	20.2
22224	213019200	13.1
22224	215697600	6.7
22224	218289600	3.3
22224	220968000	4.6
22224	223646400	7
22224	226065600	7.9
22224	228744000	14.5
22224	231336000	18.4
22224	234014400	24.9
22224	236606400	26
22224	239284800	26.8
22224	241963200	23.1
22224	244555200	17
22224	247233600	10.4
22224	249825600	7
22224	252504000	6.1
22224	255182400	7
22224	257601600	11.9
22224	260280000	14.4
22224	262872000	18.6
22224	265550400	25.7
22224	268142400	27.6
22224	270820800	24.7
22224	273499200	21.2
22224	276091200	17
22224	278769600	10.6
22224	281361600	3.6
22224	284040000	3.4
22224	286718400	7.2
22224	289137600	9
22224	291816000	14.1
22224	294408000	17.4
22224	297086400	23
22224	299678400	26.2
22224	302356800	24.1
22224	305035200	22.3
22224	307627200	17.4
22224	310305600	7.5
22224	312897600	5.6
22224	315576000	6.4
22224	318254400	8.2
22224	320760000	9.1
22224	323438400	13.5
22224	326030400	17.6
22224	328708800	26.5
22224	331300800	28.1
22224	333979200	25.6
22224	336657600	22.6
22224	339249600	14.8
22224	341928000	8.3
22224	344520000	7.5
22224	347198400	6.4
22224	349876800	8.2
22224	352296000	9.5
22224	354974400	16.5
22224	357566400	19.3
22224	360244800	25.7
22224	362836800	26.8
22224	365515200	24.5
22224	368193600	22.2
22224	370785600	16.3
22224	373464000	10.4
22224	376056000	7.1
22224	378734400	5.7
22224	381412800	7.8
22224	383832000	12
22224	386510400	14.7
22224	389102400	18.5
22224	391780800	24.1
22224	394372800	26.8
22224	397051200	26.1
22224	399729600	22.5
22224	402321600	15.1
22224	4.05e+08	9.2
22224	407592000	4.4
22224	410270400	4.6
22224	412948800	7.5
22224	415368000	10
22224	418046400	11.2
22224	420638400	18.2
22224	423316800	23.7
22224	425908800	27.4
22224	428587200	26.3
22224	431265600	24.4
22224	433857600	16.6
22224	436536000	9.6
22224	439128000	5.3
22224	441806400	5.4
22224	444484800	6.1
22224	446990400	10
22224	449668800	12.8
22224	452260800	21.7
22224	454939200	24.5
22224	457531200	26
22224	460209600	24
22224	462888000	21.3
22224	465480000	14
22224	468158400	8.4
22224	470750400	6.2
22224	473428800	3.5
22224	476107200	5.5
22224	478526400	10.5
22224	481204800	14.8
22224	483796800	19.7
22224	486475200	24.3
22224	489067200	26.4
22224	491745600	25.8
22224	494424000	21.1
22224	497016000	16.1
22224	499694400	9.6
22224	502286400	5.6
22224	504964800	6.9
22224	507643200	9.1
22224	510062400	12.2
22224	512740800	17.1
22224	515332800	20.1
22224	518011200	25.2
22224	520603200	24.8
22224	523281600	25.6
22224	525960000	21
22224	528552000	14.9
22224	531230400	8.2
22224	533822400	3.9
22224	536500800	3.9
22224	539179200	6.4
22224	541598400	8.3
22224	544276800	13.5
22224	546868800	18.4
22224	549547200	24.5
22224	552139200	26.3
22224	554817600	24.3
22224	557496000	21
22224	560088000	18
22224	562766400	9.3
22224	565358400	3.5
22224	568036800	4.5
22224	570715200	8
22224	573220800	9.8
22224	575899200	13.7
22224	578491200	19.7
22224	581169600	24.5
22224	583761600	26.4
22224	586440000	24.4
22224	589118400	20.9
22224	591710400	18.6
22224	594388800	11.1
22224	596980800	2.7
22224	599659200	4.8
22224	602337600	9.4
22224	604756800	13.1
22224	607435200	18.5
22224	610027200	21.1
22224	612705600	25.6
22224	615297600	27
22224	617976000	25.5
22224	620654400	21.8
22224	623246400	15.5
22224	625924800	9.7
22224	628516800	4.2
22224	631195200	5.4
22224	633873600	6.9
22224	636292800	9.8
22224	638971200	16.6
22224	641563200	20.2
22224	644241600	28.2
22224	646833600	25.6
22224	649512000	23.2
22224	652190400	22.3
22224	654782400	16.3
22224	657460800	10.5
22224	660052800	5.1
22224	662731200	5.3
22224	665409600	8.7
22224	667828800	9.1
22224	670507200	13.8
22224	673099200	19.5
22224	675777600	23.4
22224	678369600	26.5
22224	681048000	25.1
22224	683726400	21.1
22224	686318400	17
22224	688996800	8.4
22224	691588800	5.1
22224	694267200	3.4
22224	696945600	7.9
22224	699451200	11.5
22224	702129600	15.8
22224	704721600	19.1
22224	707400000	24.1
22224	709992000	26.8
22224	712670400	25.6
22224	715348800	23.4
22224	717940800	17.1
22224	720619200	8.6
22224	723211200	4.4
22224	725889600	7.1
22224	728568000	7.7
22224	730987200	11.1
22224	733665600	15.1
22224	736257600	20.9
22224	738936000	25.5
22224	741528000	26.9
22224	744206400	26.6
22224	746884800	22.9
22224	749476800	15.7
22224	752155200	8.6
22224	754747200	5.7
22224	757425600	5.5
22224	760104000	6.8
22224	762523200	12.7
22224	765201600	16
22224	767793600	21
22224	770472000	28.4
22224	773064000	27.3
22224	775742400	28.5
22224	778420800	24.4
22224	781012800	15.6
22224	783691200	8.8
22224	786283200	6
22224	788961600	5.7
22224	791640000	10.1
22224	794059200	10
22224	796737600	12.8
22224	799329600	18.7
22224	802008000	23.9
22224	804600000	26.2
22224	807278400	27
22224	809956800	22.6
22224	812548800	17.6
22224	815227200	11.9
22224	817819200	6.8
22224	820497600	6.4
22224	823176000	10.5
22224	825681600	10.6
22224	828360000	16.2
22224	830952000	22.9
22224	833630400	27
22224	836222400	27.3
22224	838900800	25.7
22224	841579200	20.7
22224	844171200	16.9
22224	846849600	10.5
22224	849441600	6
22224	852120000	5.5
22224	854798400	6.8
22224	857217600	11.8
22224	859896000	13.9
22224	862488000	21.7
22224	865166400	25
22224	867758400	27
22224	870436800	26
22224	873115200	24.4
22224	875707200	16.2
22224	878385600	9.9
22224	880977600	3.5
22224	883656000	6.4
22224	886334400	6.2
22224	888753600	9.4
22224	891432000	12.6
22224	894024000	20.2
22224	896702400	25
22224	899294400	27.4
22224	901972800	26.3
22224	904651200	24.5
22224	907243200	17.1
22224	909921600	11.2
22224	912513600	5.9
22224	915192000	7.4
22224	917870400	8.8
22224	920289600	11.7
22224	922968000	14.4
22224	925560000	20.2
22224	928238400	24.3
22224	930830400	25.6
22224	933508800	24.7
22224	936187200	23.2
22224	938779200	17.4
22224	941457600	13.2
22224	944049600	4.8
22224	946728000	8
22224	949406400	9.9
22224	951912000	11.1
22224	954590400	17.6
22224	957182400	23.4
22224	959860800	26.6
22224	962452800	27.1
22224	965131200	25.7
22224	967809600	23.8
22224	970401600	15.6
22224	973080000	6.6
22224	975672000	5.8
22224	978350400	4.4
22224	981028800	7.5
22224	983448000	10.4
22224	986126400	15.2
22224	988718400	21.7
22224	991396800	26.1
22224	993988800	26.9
22224	996667200	25.3
22224	999345600	23.3
22224	1001937600	18.2
22224	1004616000	11.3
22224	1007208000	5.1
22224	1009886400	6
22224	1012564800	7.1
22224	1014984000	10.6
22224	1017662400	17.8
22224	1020254400	20.7
22224	1022932800	27.7
22224	1025524800	27
22224	1028203200	26.7
22224	1030881600	23.6
22224	1033473600	16.3
22224	1036152000	10.3
22224	1038744000	5.3
22224	1041422400	8.1
22224	1044100800	8.1
22224	1046520000	10.9
22224	1049198400	14.8
22224	1051790400	22.4
22224	1054468800	25.5
22224	1057060800	28.5
22224	1059739200	27.4
22224	1062417600	24.4
22224	1065009600	19.5
22224	1067688000	11.3
22224	1070280000	5.5
22224	1072958400	6.7
22224	1075636800	6.2
22224	1078142400	13.4
22224	1080820800	14.8
22224	1083412800	21.2
22224	1086091200	25.1
22224	1088683200	26.8
22224	1091361600	24.7
22224	1094040000	21.5
22224	1096632000	16.5
22224	1099310400	8.3
22224	1101902400	5.1
22224	1104580800	7.6
22224	1107259200	7.9
22224	1109678400	9.9
22224	1112356800	14.9
22224	1114948800	21.5
22224	1117627200	25.7
22224	1120219200	28.1
22224	1122897600	25.6
22224	1125576000	23.9
22224	1128168000	17.5
22224	1130846400	11.4
22224	1133438400	6.4
22224	1136116800	6.5
22224	1138795200	9
22224	1141214400	11
22224	1143892800	17
22224	1146484800	22.6
22224	1149163200	26.9
22224	1151755200	27.5
22224	1154433600	24.5
22224	1157112000	20
22224	1159704000	16.5
22224	1162382400	11.5
22224	1164974400	4.5
22224	1167652800	3.7
22224	1170331200	7.1
22224	1172750400	11.7
22224	1175428800	15.1
22224	1178020800	20.2
22224	1180699200	25.6
22224	1183291200	26.6
22224	1185969600	26.8
22224	1188648000	23.1
22224	1191240000	17.9
22224	1193918400	12
22224	1196510400	5
22224	1199188800	5.6
22224	1201867200	8.6
22224	1204372800	11.1
22224	1207051200	15.1
22224	1209643200	19.8
22224	1212321600	26.4
22224	1214913600	25.2
22224	1217592000	25.1
22224	1220270400	21.1
22224	1222862400	16.8
22224	1225540800	10.1
22224	1228132800	6.5
22224	1230811200	6.9
22224	1233489600	8.9
22224	1235908800	12.1
22224	1238587200	14.9
22224	1241179200	21.7
22224	1243857600	24.3
22224	1246449600	28.1
22224	1249128000	26.4
22224	1251806400	22.3
22224	1254398400	16.5
22224	1257076800	10.9
22224	1259668800	4.7
22224	1262347200	4.7
22224	1265025600	6.4
22224	1267444800	10
22224	1270123200	14.9
22224	1272715200	19
22224	1275393600	26.1
22224	1277985600	26.4
22224	1280664000	26.6
22224	1283342400	23.8
22224	1285934400	15
22224	1288612800	8.4
22224	1291204800	7.4
22224	1293883200	4.9
22224	1296561600	6.6
22224	1298980800	12.8
22224	1301659200	16.7
22224	1304251200	18.8
22224	1306929600	26.3
22224	1309521600	28
22224	1312200000	27.6
22224	1314878400	23.7
22224	1317470400	17.5
22224	1320148800	9.3
22224	1322740800	3.5
22224	1325419200	7.1
22224	1328097600	8.1
22224	1330603200	10.8
22224	1333281600	16.5
22224	1335873600	20.6
22224	1338552000	26.8
22224	1341144000	26.3
22224	1343822400	26.8
22224	1346500800	22.7
22224	1349092800	17.6
22224	1351771200	11.9
22224	1354363200	6.1
22224	1357041600	3.8
22224	1359720000	5.7
22224	1362139200	12.4
22224	1364817600	15.6
22224	1367409600	20.4
22224	1370088000	27.5
22224	1372680000	26
22224	1375358400	25.2
22224	1378036800	22.6
22224	1380628800	15.2
22224	1383307200	10.1
22224	1385899200	5.1
22224	1388577600	6.4
22224	1391256000	10.3
22224	1393675200	11.3
22225	-2290507200	16.8
22225	-2287915200	19.4
22225	-2285236800	17.8
22225	-2282558400	15.6
22225	-2279966400	8.8
22225	-2277288000	4.5
22225	-2274696000	-1.2
22225	-2272017600	-4.3
22225	-2269339200	2.8
22225	-2266920000	2.8
22225	-2264241600	10
22225	-2261649600	11.2
22225	-2258971200	17.5
22225	-2256379200	20
22225	-2253700800	18.6
22225	-2251022400	15.3
22225	-2248430400	9.7
22225	-2245752000	2.9
22225	-2243160000	-4.2
22225	-2240481600	-1.8
22225	-2237803200	-0.2
22225	-2235384000	4.2
22225	-2232705600	6.8
22225	-2230113600	10.1
22225	-2227435200	15.6
22225	-2224843200	19.8
22225	-2222164800	18
22225	-2219486400	16.2
22225	-2216894400	9.5
22225	-2214216000	4.3
22225	-2211624000	-0.5
22225	-2208945600	1.8
22225	-2206267200	0.3
22225	-2203848000	6.3
22225	-2201169600	6
22225	-2198577600	13.2
22225	-2195899200	17.6
22225	-2193307200	20.6
22225	-2190628800	17.4
22225	-2187950400	14.1
22225	-2185358400	8.6
22225	-2182680000	4.5
22225	-2180088000	-1.6
22225	-2177409600	0.4
22225	-2174731200	1.2
22225	-2172312000	3
22225	-2169633600	5.4
22225	-2167041600	11.9
22225	-2164363200	16
22225	-2161771200	20.6
22225	-2159092800	19.4
22225	-2156414400	16
22225	-2153822400	9.5
22225	-2151144000	6.5
22225	-2148552000	-0.7
22225	-2145873600	-0.1
22225	-2143195200	1.5
22225	-2140776000	2.3
22225	-2138097600	8.7
22225	-2135505600	12.3
22225	-2132827200	17.2
22225	-2130235200	17.6
22225	-2127556800	18.4
22225	-2124878400	13.9
22225	-2122286400	9
22225	-2119608000	2.4
22225	-2117016000	-0.3
22225	-2114337600	-1
22225	-2111659200	-1.8
22225	-2109240000	3.6
22225	-2106561600	8.1
22225	-2103969600	11.5
22225	-2101291200	16
22225	-2098699200	20.1
22225	-2096020800	19.3
22225	-2093342400	14.5
22225	-2090750400	6.5
22225	-2088072000	4
22225	-2085480000	-1.4
22225	-2082801600	-5.6
22225	-2080123200	3.6
22225	-2077617600	6.1
22225	-2074939200	8.4
22225	-2072347200	11.9
22225	-2069668800	17.2
22225	-2067076800	19.5
22225	-2064398400	19.5
22225	-2061720000	15
22225	-2059128000	8.5
22225	-2056449600	2.8
22225	-2053857600	-0.2
22225	-2051179200	0.5
22225	-2048500800	1
22225	-2046081600	5.3
22225	-2043403200	8.3
22225	-2040811200	12.2
22225	-2038132800	17.4
22225	-2035540800	18.7
22225	-2032862400	18.4
22225	-2030184000	15.2
22225	-2027592000	9
22225	-2024913600	4.6
22225	-2022321600	-4.7
22225	-2019643200	-1.8
22225	-2016964800	3.1
22225	-2014545600	5.9
22225	-2011867200	7.9
22225	-2009275200	10.9
22225	-2006596800	15.7
22225	-2004004800	18.4
22225	-2001326400	16.1
22225	-1998648000	13.8
22225	-1996056000	8.8
22225	-1993377600	2.8
22225	-1990785600	2.3
22225	-1988107200	1.1
22225	-1985428800	3.6
22225	-1983009600	6
22225	-1980331200	8.3
22225	-1977739200	8.6
22225	-1975060800	13.2
22225	-1972468800	19.5
22225	-1969790400	17.3
22225	-1967112000	13.8
22225	-1964520000	8.7
22225	-1961841600	1.6
22225	-1959249600	0.3
22225	-1956571200	0
22225	-1953892800	1.9
22225	-1951387200	5.1
22225	-1948708800	7.2
22225	-1946116800	9.7
22225	-1943438400	14.2
22225	-1940846400	18.4
22225	-1938168000	17.3
22225	-1935489600	14.3
22225	-1932897600	6.7
22225	-1930219200	1.7
22225	-1927627200	-0.4
22225	-1924948800	1.3
22225	-1922270400	0.7
22225	-1919851200	2
22225	-1917172800	6.1
22225	-1914580800	10.7
22225	-1911902400	17
22225	-1909310400	20.3
22225	-1906632000	18.6
22225	-1903953600	14.3
22225	-1901361600	8.8
22225	-1898683200	3.9
22225	-1896091200	-2.9
22225	-1893412800	0.9
22225	-1890734400	0.8
22225	-1888315200	6.5
22225	-1885636800	7.4
22225	-1883044800	12
22225	-1880366400	16.6
22225	-1877774400	20.5
22225	-1875096000	19.7
22225	-1872417600	16.5
22225	-1869825600	9
22225	-1867147200	4.3
22225	-1864555200	1
22225	-1861876800	2.8
22225	-1859198400	1.4
22225	-1856779200	6.6
22225	-1854100800	7.9
22225	-1851508800	11.1
22225	-1848830400	15.2
22225	-1846238400	16.7
22225	-1843560000	18.2
22225	-1840881600	16.4
22225	-1838289600	8.4
22225	-1835611200	3
22225	-1833019200	-4.8
22225	-1830340800	-0.9
22225	-1827662400	0.8
22225	-1825156800	2.9
22225	-1822478400	5.6
22225	-1819886400	11.4
22225	-1817208000	16.7
22225	-1814616000	18.3
22225	-1811937600	17.1
22225	-1809259200	12.6
22225	-1806667200	7
22225	-1803988800	2.9
22225	-1801396800	-4.7
22225	-1798718400	-3
22225	-1796040000	-0.3
22225	-1793620800	1.5
22225	-1790942400	5.4
22225	-1788350400	11.6
22225	-1785672000	15.3
22225	-1783080000	18.3
22225	-1780401600	17.9
22225	-1777723200	13.1
22225	-1775131200	8.5
22225	-1772452800	4.7
22225	-1769860800	-2.4
22225	-1767182400	1.6
22225	-1764504000	1.4
22225	-1762084800	3.9
22225	-1759406400	7.6
22225	-1756814400	12
22225	-1754136000	16.5
22225	-1751544000	17.3
22225	-1748865600	17.5
22225	-1746187200	15.2
22225	-1743595200	8.5
22225	-1740916800	4.6
22225	-1738324800	-1.3
22225	-1735646400	-2.6
22225	-1732968000	-0.4
22225	-1730548800	1.4
22225	-1727870400	6.6
22225	-1725278400	8.7
22225	-1722600000	14.5
22225	-1720008000	17.9
22225	-1717329600	17.1
22225	-1714651200	13.6
22225	-1712059200	9.3
22225	-1709380800	3.9
22225	-1706788800	-1.1
22225	-1704110400	-1
22225	-1701432000	3.3
22225	-1698926400	6
22225	-1696248000	8.9
22225	-1693656000	10
22225	-1690977600	16.1
22225	-1688385600	19.1
22225	-1685707200	16.8
22225	-1683028800	14.8
22225	-1680436800	8.8
22225	-1677758400	2.3
22225	-1675166400	-2.5
22225	-1672488000	-2.5
22225	-1669809600	0.4
22225	-1667390400	1.3
22225	-1664712000	6.7
22225	-1662120000	9
22225	-1659441600	16.2
22225	-1656849600	19.4
22225	-1654171200	17
22225	-1651492800	15.7
22225	-1648900800	9
22225	-1646222400	3.8
22225	-1643630400	1.8
22225	-1640952000	-2.9
22225	-1638273600	1.9
22225	-1635854400	5
22225	-1633176000	6.7
22225	-1630584000	9.3
22225	-1627905600	18.2
22225	-1625313600	18.2
22225	-1622635200	17.2
22225	-1619956800	15.4
22225	-1617364800	9.6
22225	-1614686400	0.2
22225	-1612094400	-2.6
22225	-1609416000	-6.7
22225	-1606737600	-5
22225	-1604318400	2
22225	-1601640000	7.9
22225	-1599048000	11.1
22225	-1596369600	15.9
22225	-1593777600	17.9
22225	-1591099200	17.7
22225	-1588420800	13.9
22225	-1585828800	8.6
22225	-1583150400	4
22225	-1580558400	2.1
22225	-1577880000	0.4
22225	-1575201600	3.6
22225	-1572696000	2.4
22225	-1570017600	5.7
22225	-1567425600	10.4
22225	-1564747200	15.5
22225	-1562155200	19.2
22225	-1559476800	17.1
22225	-1556798400	13.9
22225	-1554206400	8.1
22225	-1551528000	2.5
22225	-1548936000	-2.3
22225	-1546257600	1.8
22225	-1543579200	1.2
22225	-1541160000	6.1
22225	-1538481600	6.9
22225	-1535889600	10.6
22225	-1533211200	16.3
22225	-1530619200	19
22225	-1527940800	17.8
22225	-1525262400	15.5
22225	-1522670400	10.6
22225	-1519992000	3.6
22225	-1517400000	2
22225	-1514721600	-2.5
22225	-1512043200	0.6
22225	-1509624000	2
22225	-1506945600	4.2
22225	-1504353600	10.9
22225	-1501675200	17.2
22225	-1499083200	19.9
22225	-1496404800	18.6
22225	-1493726400	15.8
22225	-1491134400	8.9
22225	-1488456000	1.1
22225	-1485864000	1.1
22225	-1483185600	-0.5
22225	-1480507200	0.8
22225	-1478088000	1.4
22225	-1475409600	7.2
22225	-1472817600	11.4
22225	-1470139200	14.5
22225	-1467547200	17
22225	-1464868800	15.3
22225	-1462190400	13.9
22225	-1459598400	6.3
22225	-1456920000	2.1
22225	-1454328000	-2.5
22225	-1451649600	-3.7
22225	-1448971200	0.5
22225	-1446465600	-0.2
22225	-1443787200	4.1
22225	-1441195200	9.4
22225	-1438516800	16.7
22225	-1435924800	18.7
22225	-1433246400	16.5
22225	-1430568000	14.3
22225	-1427976000	8.8
22225	-1425297600	2.8
22225	-1422705600	-3
22225	-1420027200	-2.6
22225	-1417348800	2.8
22225	-1414929600	4.5
22225	-1412251200	8.3
22225	-1409659200	12.5
22225	-1406980800	16.6
22225	-1404388800	19
22225	-1401710400	16.6
22225	-1399032000	12.8
22225	-1396440000	9.7
22225	-1393761600	2.5
22225	-1391169600	-1.4
22225	-1388491200	-3.9
22225	-1385812800	2.2
22225	-1383393600	2.8
22225	-1380715200	6.2
22225	-1378123200	10.1
22225	-1375444800	15.2
22225	-1372852800	17
22225	-1370174400	17.5
22225	-1367496000	15.8
22225	-1364904000	9.4
22225	-1362225600	3.3
22225	-1359633600	-2.2
22225	-1356955200	-0.9
22225	-1354276800	3.4
22225	-1351857600	0.5
22225	-1349179200	5.4
22225	-1346587200	10.9
22225	-1343908800	15.8
22225	-1341316800	19.5
22225	-1338638400	16.6
22225	-1335960000	15.2
22225	-1333368000	9.3
22225	-1330689600	5.9
22225	-1328097600	-2.5
22225	-1325419200	-1.1
22225	-1322740800	-0.2
22225	-1320235200	5.2
22225	-1317556800	6.2
22225	-1314964800	11.7
22225	-1312286400	16.1
22225	-1309694400	19.4
22225	-1307016000	17.6
22225	-1304337600	13.4
22225	-1301745600	9.4
22225	-1299067200	3.2
22225	-1296475200	-1
22225	-1293796800	-1
22225	-1291118400	-2.1
22225	-1288699200	3.8
22225	-1286020800	6.7
22225	-1283428800	11.5
22225	-1280750400	17.4
22225	-1278158400	18.2
22225	-1275480000	17.5
22225	-1272801600	14.4
22225	-1270209600	8.2
22225	-1267531200	0.9
22225	-1264939200	0.4
22225	-1262260800	-3.7
22225	-1259582400	2.3
22225	-1257163200	2.6
22225	-1254484800	8.7
22225	-1251892800	9.8
22225	-1249214400	16.7
22225	-1246622400	18.7
22225	-1243944000	17.9
22225	-1241265600	12.8
22225	-1238673600	7.8
22225	-1235995200	0.9
22225	-1233403200	-3.2
22225	-1230724800	-2.5
22225	-1228046400	0.7
22225	-1225627200	2.1
22225	-1222948800	7.5
22225	-1220356800	11.4
22225	-1217678400	15.7
22225	-1215086400	18.4
22225	-1212408000	16.6
22225	-1209729600	15.6
22225	-1207137600	8.8
22225	-1204459200	1
22225	-1201867200	-5.6
22225	-1199188800	-4.9
22225	-1196510400	1.2
22225	-1194004800	3
22225	-1191326400	6.6
22225	-1188734400	10.8
22225	-1186056000	15.1
22225	-1183464000	19.1
22225	-1180785600	18.5
22225	-1178107200	14.3
22225	-1175515200	8.4
22225	-1172836800	3.6
22225	-1170244800	-4
22225	-1167566400	-5.2
22225	-1164888000	-3.9
22225	-1162468800	3.2
22225	-1159790400	5
22225	-1157198400	8.6
22225	-1154520000	17
22225	-1151928000	19.4
22225	-1149249600	17.4
22225	-1146571200	16.1
22225	-1143979200	10.5
22225	-1141300800	4
22225	-1138708800	2.3
22225	-1136030400	-0.1
22225	-1133352000	3.1
22225	-1130932800	6.1
22225	-1128254400	8.7
22225	-1125662400	13.6
22225	-1122984000	15
22225	-1120392000	20
22225	-1117713600	18.3
22225	-1115035200	13.7
22225	-1112443200	9.2
22225	-1109764800	2.1
22225	-1107172800	-3.4
22225	-1104494400	0.5
22225	-1101816000	1.4
22225	-1099396800	3
22225	-1096718400	6.1
22225	-1094126400	8.7
22225	-1091448000	15.5
22225	-1088856000	18.1
22225	-1086177600	18
22225	-1083499200	14.2
22225	-1080907200	8.5
22225	-1078228800	2.9
22225	-1075636800	-1.1
22225	-1072958400	-0.1
22225	-1070280000	0.5
22225	-1067774400	3.5
22225	-1065096000	7.2
22225	-1062504000	11.2
22225	-1059825600	16.5
22225	-1057233600	17.9
22225	-1054555200	17.2
22225	-1051876800	13.1
22225	-1049284800	7.6
22225	-1046606400	3.5
22225	-1044014400	0.5
22225	-1041336000	-8.4
22225	-1038657600	-1
22225	-1036238400	1.6
22225	-1033560000	6.9
22225	-1030968000	11.7
22225	-1028289600	14.5
22225	-1025697600	18.4
22225	-1023019200	19.3
22225	-1020340800	15.7
22225	-1017748800	9.2
22225	-1015070400	3.2
22225	-1012478400	0.9
22225	-1009800000	0
22225	-1007121600	2.1
22225	-1004702400	3.9
22225	-1002024000	6.4
22225	-999432000	10.4
22225	-996753600	15.7
22225	-994161600	18.2
22225	-991483200	17.6
22225	-988804800	14.4
22225	-986212800	8.7
22225	-983534400	0.8
22225	-980942400	-0.5
22225	-978264000	-2.1
22225	-975585600	-4.7
22225	-973166400	4.9
22225	-970488000	8
22225	-967896000	11
22225	-965217600	16.9
22225	-962625600	19
22225	-959947200	18.6
22225	-957268800	15.2
22225	-954676800	8
22225	-951998400	4.4
22225	-949406400	2.4
22225	-946728000	-0.7
22225	-944049600	0.7
22225	-941544000	3.9
22225	-938865600	7
22225	-936273600	12.1
22225	-933595200	16.5
22225	-931003200	18.8
22225	-928324800	17.7
22225	-925646400	14.7
22225	-923054400	9.2
22225	-920376000	1.6
22225	-917784000	1.8
22225	-915105600	0.1
22225	-912427200	2.4
22225	-910008000	2.9
22225	-907329600	4.4
22225	-904737600	10.2
22225	-902059200	14.5
22225	-899467200	18
22225	-896788800	17.5
22225	-894110400	14.7
22225	-891518400	8.9
22225	-888840000	2.2
22225	-886248000	1
22225	-883569600	-0.8
22225	-880891200	-1.1
22225	-878472000	2.1
22225	-875793600	6.6
22225	-873201600	9.9
22225	-870523200	15
22225	-867931200	18.9
22225	-865252800	17.5
22225	-862574400	14.7
22225	-859982400	8.2
22225	-857304000	5
22225	-854712000	1.2
22225	-852033600	0.3
22225	-849355200	2.5
22225	-846936000	4
22225	-844257600	8.2
22225	-841665600	10.8
22225	-838987200	15.4
22225	-836395200	18.3
22225	-833716800	18.4
22225	-831038400	14.4
22225	-828446400	8.7
22225	-825768000	2.5
22225	-823176000	-0.8
22225	-820497600	-1.7
22225	-817819200	-1.2
22225	-815313600	2.1
22225	-812635200	5
22225	-810043200	10.2
22225	-807364800	15.2
22225	-804772800	18.4
22225	-802094400	18.2
22225	-799416000	13.7
22225	-796824000	9.9
22225	-794145600	1.4
22225	-791553600	-0.8
22225	-788875200	-2.1
22225	-786196800	1.3
22225	-783777600	1.9
22225	-781099200	5.8
22225	-778507200	10.7
22225	-775828800	13.4
22225	-773236800	18.9
22225	-770558400	18.3
22225	-767880000	14.5
22225	-765288000	9.7
22225	-762609600	2
22225	-760017600	-1.9
22225	-757339200	-3.5
22225	-754660800	-0.4
22225	-752241600	2.9
22225	-749563200	8.3
22225	-746971200	9.7
22225	-744292800	16.7
22225	-741700800	18.1
22225	-739022400	17.6
22225	-736344000	15.2
22225	-733752000	8.3
22225	-731073600	1.2
22225	-728481600	1
22225	-725803200	-3
22225	-723124800	2.1
22225	-720705600	2.7
22225	-718027200	5.5
22225	-715435200	11.1
22225	-712756800	14.4
22225	-710164800	18.3
22225	-707486400	16.6
22225	-704808000	14.2
22225	-702216000	9.3
22225	-699537600	0.4
22225	-696945600	-3.1
22225	-694267200	-1.2
22225	-691588800	-1.3
22225	-689083200	-1.5
22225	-686404800	4.8
22225	-683812800	10
22225	-681134400	16.1
22225	-678542400	19
22225	-675864000	18.6
22225	-673185600	15.5
22225	-670593600	9.3
22225	-667915200	0.2
22225	-665323200	0.5
22225	-662644800	-4.5
22225	-659966400	-1.3
22225	-657547200	3.5
22225	-654868800	7.6
22225	-652276800	11.1
22225	-649598400	15.5
22225	-647006400	19.2
22225	-644328000	17.4
22225	-641649600	16.1
22225	-639057600	8.2
22225	-636379200	5.4
22225	-633787200	-1.2
22225	-631108800	-0.1
22225	-628430400	2.8
22225	-626011200	4
22225	-623332800	7.7
22225	-620740800	10
22225	-618062400	15.1
22225	-615470400	17.8
22225	-612792000	16.2
22225	-610113600	12.4
22225	-607521600	11.6
22225	-604843200	4.4
22225	-602251200	1.9
22225	-599572800	-2
22225	-596894400	0.4
22225	-594475200	2.6
22225	-591796800	6.1
22225	-589204800	10.4
22225	-586526400	13.4
22225	-583934400	19.1
22225	-581256000	17.6
22225	-578577600	14
22225	-575985600	8.9
22225	-573307200	2
22225	-570715200	-1.7
22225	-568036800	0.7
22225	-565358400	-0.4
22225	-562852800	-0.5
22225	-560174400	6.9
22225	-557582400	11.4
22225	-554904000	15.6
22225	-552312000	18.1
22225	-549633600	18.1
22225	-546955200	14.3
22225	-544363200	9.8
22225	-541684800	0.3
22225	-539092800	-2
22225	-536414400	1.4
22225	-533736000	-1.9
22225	-531316800	3.3
22225	-528638400	6.6
22225	-526046400	8
22225	-523368000	16.2
22225	-520776000	19.1
22225	-518097600	17.4
22225	-515419200	14.3
22225	-512827200	7.9
22225	-510148800	2.9
22225	-507556800	-2.9
22225	-504878400	-1.6
22225	-502200000	2.8
22225	-499780800	2.7
22225	-497102400	8.2
22225	-494510400	11.7
22225	-491832000	15.2
22225	-489240000	19.4
22225	-486561600	16.9
22225	-483883200	15.4
22225	-481291200	10.1
22225	-478612800	4.4
22225	-476020800	-1.7
22225	-473342400	-3.2
22225	-470664000	-2.1
22225	-468244800	3.4
22225	-465566400	6
22225	-462974400	10.4
22225	-460296000	14.4
22225	-457704000	18.3
22225	-455025600	17.5
22225	-452347200	14
22225	-449755200	9.8
22225	-447076800	2.2
22225	-444484800	1.8
22225	-441806400	1
22225	-439128000	-3.2
22225	-436622400	3.8
22225	-433944000	5.4
22225	-431352000	11.8
22225	-428673600	17.3
22225	-426081600	17.8
22225	-423403200	16.1
22225	-420724800	15.1
22225	-418132800	8.6
22225	-415454400	0.2
22225	-412862400	-2.4
22225	-410184000	0.4
22225	-407505600	5.3
22225	-405086400	3.9
22225	-402408000	6.3
22225	-399816000	9.1
22225	-397137600	15.8
22225	-394545600	18.6
22225	-391867200	17.1
22225	-389188800	13.6
22225	-386596800	8.3
22225	-383918400	2.3
22225	-381326400	0.8
22225	-378648000	-1.9
22225	-375969600	2.3
22225	-373550400	1.4
22225	-370872000	6.5
22225	-368280000	11.8
22225	-365601600	17.1
22225	-363009600	18.6
22225	-360331200	18.3
22225	-357652800	14.4
22225	-355060800	9
22225	-352382400	2.6
22225	-349790400	0.8
22225	-347112000	-0.7
22225	-344433600	0.3
22225	-342014400	2.3
22225	-339336000	8.5
22225	-336744000	10.3
22225	-334065600	16.8
22225	-331473600	18.4
22225	-328795200	16.9
22225	-326116800	13.1
22225	-323524800	8.7
22225	-320846400	2.4
22225	-318254400	-0.6
22225	-315576000	-4.6
22225	-312897600	-2.2
22225	-310392000	5.2
22225	-307713600	6.7
22225	-305121600	10.2
22225	-302443200	16.7
22225	-299851200	18.6
22225	-297172800	18.3
22225	-294494400	15.1
22225	-291902400	8.3
22225	-289224000	3.5
22225	-286632000	-2.9
22225	-283953600	-2
22225	-281275200	0.9
22225	-278856000	3.9
22225	-276177600	7.6
22225	-273585600	10.9
22225	-270907200	16.5
22225	-268315200	18.1
22225	-265636800	17.3
22225	-262958400	13.1
22225	-260366400	8
22225	-257688000	1.7
22225	-255096000	-3.8
22225	-252417600	-2.2
22225	-249739200	1.5
22225	-247320000	0.1
22225	-244641600	8.1
22225	-242049600	9.7
22225	-239371200	14.1
22225	-236779200	17.7
22225	-234100800	17.5
22225	-231422400	14.4
22225	-228830400	8.7
22225	-226152000	4.4
22225	-223560000	1.6
22225	-220881600	-2.7
22225	-218203200	2
22225	-215784000	2.6
22225	-213105600	6.5
22225	-210513600	11.1
22225	-207835200	14.1
22225	-205243200	18.5
22225	-202564800	16.2
22225	-199886400	14.6
22225	-197294400	9.3
22225	-194616000	2.9
22225	-192024000	-1.7
22225	-189345600	-4.2
22225	-186667200	-3.2
22225	-184161600	0.6
22225	-181483200	4.4
22225	-178891200	9.9
22225	-176212800	14.1
22225	-173620800	18.4
22225	-170942400	16.7
22225	-168264000	13.3
22225	-165672000	8.5
22225	-162993600	1.8
22225	-160401600	-1.1
22225	-157723200	0
22225	-155044800	-2
22225	-152625600	1
22225	-149947200	5.6
22225	-147355200	8.8
22225	-144676800	12.8
22225	-142084800	18
22225	-139406400	16.2
22225	-136728000	13.6
22225	-134136000	8.8
22225	-131457600	4.1
22225	-128865600	-1.2
22225	-126187200	-3.9
22225	-123508800	-3.3
22225	-121089600	3.3
22225	-118411200	6.7
22225	-115819200	11.8
22225	-113140800	15.2
22225	-110548800	19.2
22225	-107870400	17.3
22225	-105192000	13.3
22225	-102600000	7.8
22225	-99921600	3.9
22225	-97329600	-1.1
22225	-94651200	-1.4
22225	-91972800	1.1
22225	-89553600	4.4
22225	-86875200	5.2
22225	-84283200	8.6
22225	-81604800	14.6
22225	-79012800	18.6
22225	-76334400	16.6
22225	-73656000	13.5
22225	-71064000	8.8
22225	-68385600	3.8
22225	-65793600	-4
22225	-63115200	-3.4
22225	-60436800	1.8
22225	-57931200	2.3
22225	-55252800	4.9
22225	-52660800	9.8
22225	-49982400	15.3
22225	-47390400	17.3
22225	-44712000	15.2
22225	-42033600	12.2
22225	-39441600	8.6
22225	-36763200	2
22225	-34171200	-3.2
22225	-31492800	0.8
22225	-28814400	1.4
22225	-26395200	0.8
22225	-23716800	6.3
22225	-21124800	10.3
22225	-18446400	14.9
22225	-15854400	18.6
22225	-13176000	18.8
22225	-10497600	14
22225	-7905600	7.5
22225	-5227200	1.4
22225	-2635200	2.3
22225	43200	-2.6
22225	2721600	1.4
22225	5140800	1.4
22225	7819200	3.1
22225	10411200	10.1
22225	13089600	15.1
22225	15681600	18.5
22225	18360000	18
22225	21038400	13.7
22225	23630400	5.7
22225	26308800	2.8
22225	28900800	-0.2
22225	31579200	-1.5
22225	34257600	-0.6
22225	36676800	4
22225	39355200	4.8
22225	41947200	8
22225	44625600	14.8
22225	47217600	19.4
22225	49896000	17.4
22225	52574400	13.6
22225	55166400	6.7
22225	57844800	2.5
22225	60436800	-3.1
22225	63115200	-0.6
22225	65793600	0.5
22225	68299200	5.3
22225	70977600	6.1
22225	73569600	9.4
22225	76248000	15.1
22225	78840000	18.1
22225	81518400	16.6
22225	84196800	13.3
22225	86788800	9.4
22225	89467200	0.4
22225	92059200	-1.1
22225	94737600	-2.7
22225	97416000	-0.1
22225	99835200	0.6
22225	102513600	3.9
22225	105105600	10.3
22225	107784000	14.4
22225	110376000	18
22225	113054400	16.8
22225	115732800	13.1
22225	118324800	7.7
22225	121003200	2.9
22225	123595200	-0.3
22225	126273600	-0.2
22225	128952000	-0.9
22225	131371200	4.6
22225	134049600	5.4
22225	136641600	11.2
22225	139320000	16.8
22225	141912000	18
22225	144590400	15.9
22225	147268800	12.9
22225	149860800	9
22225	152539200	2.1
22225	155131200	-2.9
22225	157809600	-2.3
22225	160488000	0.5
22225	162907200	1.7
22225	165585600	6.2
22225	168177600	11.1
22225	170856000	13.8
22225	173448000	18.8
22225	176126400	18.3
22225	178804800	14.8
22225	181396800	8
22225	184075200	3.3
22225	186667200	-0.8
22225	189345600	-1
22225	192024000	1.2
22225	194529600	2.2
22225	197208000	1.9
22225	199800000	10.2
22225	202478400	14.5
22225	205070400	18
22225	207748800	16.9
22225	210427200	13
22225	213019200	6.6
22225	215697600	1.1
22225	218289600	-1.3
22225	220968000	-2.5
22225	223646400	0.6
22225	226065600	1
22225	228744000	6.4
22225	231336000	9
22225	234014400	15.5
22225	236606400	18.5
22225	239284800	17.8
22225	241963200	14.8
22225	244555200	9.4
22225	247233600	3.9
22225	249825600	2.2
22225	252504000	0.4
22225	255182400	0.5
22225	257601600	4.4
22225	260280000	6.7
22225	262872000	9.7
22225	265550400	15.7
22225	268142400	19.3
22225	270820800	16.8
22225	273499200	14.5
22225	276091200	10.1
22225	278769600	3.4
22225	281361600	-2.1
22225	284040000	-2.4
22225	286718400	-0.9
22225	289137600	3.1
22225	291816000	6
22225	294408000	10
22225	297086400	14.9
22225	299678400	18.4
22225	302356800	16.6
22225	305035200	15.1
22225	307627200	10
22225	310305600	0.2
22225	312897600	-0.7
22225	315576000	0.3
22225	318254400	1.7
22225	320760000	2.8
22225	323438400	5.9
22225	326030400	9.5
22225	328708800	15.6
22225	331300800	19.5
22225	333979200	17.2
22225	336657600	14.5
22225	339249600	7
22225	341928000	2.3
22225	344520000	1.9
22225	347198400	1.1
22225	349876800	0.8
22225	352296000	1.6
22225	354974400	7.4
22225	357566400	10.3
22225	360244800	17.2
22225	362836800	19
22225	365515200	17.5
22225	368193600	13.8
22225	370785600	9
22225	373464000	3
22225	376056000	1.4
22225	378734400	-0.9
22225	381412800	1.9
22225	383832000	3.6
22225	386510400	5.9
22225	389102400	10.1
22225	391780800	13.4
22225	394372800	18.1
22225	397051200	18.3
22225	399729600	15
22225	402321600	6.8
22225	4.05e+08	2.6
22225	407592000	-1.5
22225	410270400	0
22225	412948800	0.3
22225	415368000	3.1
22225	418046400	3.5
22225	420638400	9.5
22225	423316800	13
22225	425908800	17.7
22225	428587200	17.1
22225	431265600	15.4
22225	433857600	9.7
22225	436536000	2.5
22225	439128000	1.3
22225	441806400	-0.2
22225	444484800	0.2
22225	446990400	2.6
22225	449668800	5.3
22225	452260800	12.4
22225	454939200	14.7
22225	457531200	17.6
22225	460209600	17.2
22225	462888000	14.1
22225	465480000	6.7
22225	468158400	2.3
22225	470750400	-0.5
22225	473428800	-1.6
22225	476107200	-0.9
22225	478526400	3.2
22225	481204800	7.1
22225	483796800	10.4
22225	486475200	15.2
22225	489067200	18.6
22225	491745600	16.7
22225	494424000	12.5
22225	497016000	8.7
22225	499694400	2.9
22225	502286400	-1.2
22225	504964800	1.7
22225	507643200	1.4
22225	510062400	4.6
22225	512740800	7.2
22225	515332800	10.7
22225	518011200	16
22225	520603200	17.4
22225	523281600	18.6
22225	525960000	12.6
22225	528552000	7.7
22225	531230400	3.3
22225	533822400	-0.4
22225	536500800	-2.5
22225	539179200	-0.3
22225	541598400	1.2
22225	544276800	6.9
22225	546868800	9.7
22225	549547200	15.1
22225	552139200	16.5
22225	554817600	16.7
22225	557496000	12.7
22225	560088000	9.6
22225	562766400	2
22225	565358400	-2.7
22225	568036800	-2.6
22225	570715200	2
22225	573220800	2.4
22225	575899200	6.5
22225	578491200	10.4
22225	581169600	15
22225	583761600	18
22225	586440000	17.4
22225	589118400	12.3
22225	591710400	10.6
22225	594388800	3.1
22225	596980800	-1.1
22225	599659200	-1.7
22225	602337600	2.4
22225	604756800	4.5
22225	607435200	8.8
22225	610027200	11.5
22225	612705600	14.9
22225	615297600	18.7
22225	617976000	15.9
22225	620654400	13.3
22225	623246400	7.8
22225	625924800	2.8
22225	628516800	-1.2
22225	631195200	-1.8
22225	633873600	-0.6
22225	636292800	4.4
22225	638971200	8.1
22225	641563200	10.9
22225	644241600	17.5
22225	646833600	18.2
22225	649512000	16.2
22225	652190400	15.5
22225	654782400	8.8
22225	657460800	3.7
22225	660052800	-3.3
22225	662731200	-0.6
22225	665409600	2.2
22225	667828800	1.3
22225	670507200	5.5
22225	673099200	9.6
22225	675777600	13.3
22225	678369600	17.5
22225	681048000	17.3
22225	683726400	13.9
22225	686318400	8.8
22225	688996800	2.5
22225	691588800	0
22225	694267200	-2.5
22225	696945600	1.8
22225	699451200	3.6
22225	702129600	7.9
22225	704721600	11.6
22225	707400000	14.1
22225	709992000	16.9
22225	712670400	16.8
22225	715348800	14
22225	717940800	9.5
22225	720619200	1
22225	723211200	-1.5
22225	725889600	0.4
22225	728568000	0.9
22225	730987200	4
22225	733665600	6.4
22225	736257600	10.7
22225	738936000	15.2
22225	741528000	18.1
22225	744206400	18
22225	746884800	13
22225	749476800	8.3
22225	752155200	2.2
22225	754747200	-0.3
22225	757425600	-0.2
22225	760104000	-0.9
22225	762523200	3.4
22225	765201600	7
22225	767793600	9.6
22225	770472000	17.6
22225	773064000	18.7
22225	775742400	18.6
22225	778420800	14
22225	781012800	7.7
22225	783691200	2.1
22225	786283200	0.6
22225	788961600	-1.1
22225	791640000	4.2
22225	794059200	4.6
22225	796737600	6.2
22225	799329600	9.6
22225	802008000	14
22225	804600000	17.8
22225	807278400	18.9
22225	809956800	14.7
22225	812548800	8.8
22225	815227200	5
22225	817819200	0.8
22225	820497600	0
22225	823176000	4.1
22225	825681600	3.2
22225	828360000	7.7
22225	830952000	12.9
22225	833630400	16.9
22225	836222400	19.4
22225	838900800	17.2
22225	841579200	13.2
22225	844171200	8.7
22225	846849600	4.1
22225	849441600	0.7
22225	852120000	-2.1
22225	854798400	0.7
22225	857217600	3.8
22225	859896000	7.2
22225	862488000	12.2
22225	865166400	14.7
22225	867758400	17.9
22225	870436800	17.8
22225	873115200	16.5
22225	875707200	8.5
22225	878385600	3.7
22225	880977600	-3.1
22225	883656000	0.4
22225	886334400	0
22225	888753600	3.4
22225	891432000	4.4
22225	894024000	10.3
22225	896702400	14.9
22225	899294400	18.9
22225	901972800	18.1
22225	904651200	15.1
22225	907243200	9.2
22225	909921600	3.9
22225	912513600	0.6
22225	915192000	1.1
22225	917870400	2.3
22225	920289600	4.8
22225	922968000	5
22225	925560000	10.9
22225	928238400	14.9
22225	930830400	18
22225	933508800	17.4
22225	936187200	14.2
22225	938779200	9.4
22225	941457600	5.4
22225	944049600	-1.1
22225	946728000	1.9
22225	949406400	3.5
22225	951912000	4
22225	954590400	8.4
22225	957182400	14.1
22225	959860800	17.5
22225	962452800	19.3
22225	965131200	17.5
22225	967809600	14.8
22225	970401600	8.4
22225	973080000	0.6
22225	975672000	1
22225	978350400	-2.4
22225	981028800	0.4
22225	983448000	2.3
22225	986126400	8.1
22225	988718400	12.4
22225	991396800	17.1
22225	993988800	19.1
22225	996667200	17.3
22225	999345600	15.1
22225	1001937600	10.9
22225	1004616000	4.6
22225	1007208000	-2.2
22225	1009886400	0.5
22225	1012564800	1.9
22225	1014984000	3.1
22225	1017662400	10.3
22225	1020254400	11.4
22225	1022932800	18
22225	1025524800	19.5
22225	1028203200	18.1
22225	1030881600	15
22225	1033473600	8.1
22225	1036152000	3.2
22225	1038744000	-0.9
22225	1041422400	3.2
22225	1044100800	1.1
22225	1046520000	3.3
22225	1049198400	7
22225	1051790400	12.5
22225	1054468800	15.7
22225	1057060800	21.5
22225	1059739200	18.4
22225	1062417600	15.5
22225	1065009600	11.4
22225	1067688000	4.1
22225	1070280000	-0.1
22225	1072958400	0.8
22225	1075636800	-1.3
22225	1078142400	6.3
22225	1080820800	6.5
22225	1083412800	12.3
22225	1086091200	15.6
22225	1088683200	18.1
22225	1091361600	16.5
22225	1094040000	13.4
22225	1096632000	8.4
22225	1099310400	2.5
22225	1101902400	-0.3
22225	1104580800	1.3
22225	1107259200	1.9
22225	1109678400	2.9
22225	1112356800	6.9
22225	1114948800	12.2
22225	1117627200	15.4
22225	1120219200	19
22225	1122897600	17.1
22225	1125576000	14.7
22225	1128168000	8.9
22225	1130846400	3.2
22225	1133438400	0
22225	1136116800	1.4
22225	1138795200	5.8
22225	1141214400	3.5
22225	1143892800	7.7
22225	1146484800	12.4
22225	1149163200	16.9
22225	1151755200	20
22225	1154433600	17.1
22225	1157112000	12.5
22225	1159704000	7.7
22225	1162382400	3.3
22225	1164974400	-2.1
22225	1167652800	-2.9
22225	1170331200	0.7
22225	1172750400	2.8
22225	1175428800	7.2
22225	1178020800	10.7
22225	1180699200	15.9
22225	1183291200	18.9
22225	1185969600	18.1
22225	1188648000	14.5
22225	1191240000	8.8
22225	1193918400	5.5
22225	1196510400	-0.9
22225	1199188800	-1.3
22225	1201867200	1.9
22225	1204372800	3.3
22225	1207051200	6.7
22225	1209643200	10.2
22225	1212321600	16.3
22225	1214913600	18.8
22225	1217592000	18
22225	1220270400	14.1
22225	1222862400	8.7
22225	1225540800	4.4
22225	1228132800	1.6
22225	1230811200	2
22225	1233489600	2.1
22225	1235908800	4.7
22225	1238587200	6.5
22225	1241179200	12.5
22225	1243857600	15.1
22225	1246449600	19.3
22225	1249128000	17.6
22225	1251806400	13.4
22225	1254398400	9
22225	1257076800	4
22225	1259668800	-2.6
22225	1262347200	-0.6
22225	1265025600	-0.6
22225	1267444800	2.8
22225	1270123200	7.7
22225	1272715200	9.9
22225	1275393600	16.1
22225	1277985600	19.1
22225	1280664000	18.4
22225	1283342400	15.9
22225	1285934400	9.8
22225	1288612800	1.7
22225	1291204800	2.5
22225	1293883200	-1.5
22225	1296561600	-0.2
22225	1298980800	5.6
22225	1301659200	8.9
22225	1304251200	9.9
22225	1306929600	15.9
22225	1309521600	19.5
22225	1312200000	19.6
22225	1314878400	14.7
22225	1317470400	8.7
22225	1320148800	3.1
22225	1322740800	-2.3
22225	1325419200	1.3
22225	1328097600	1.3
22225	1330603200	3.6
22225	1333281600	8.3
22225	1335873600	11.7
22225	1338552000	17.2
22225	1341144000	19.6
22225	1343822400	18.6
22225	1346500800	14.5
22225	1349092800	9.2
22225	1351771200	4.3
22225	1354363200	-0.6
22225	1357041600	-3.2
22225	1359720000	-0.8
22225	1362139200	4.8
22225	1364817600	7.9
22225	1367409600	11
22225	1370088000	17.3
22225	1372680000	19.4
22225	1375358400	17.9
22225	1378036800	14.9
22225	1380628800	7
22225	1383307200	3.7
22225	1385899200	0.2
22225	1388577600	1.1
22225	1391256000	3.7
22225	1393675200	4
22226	-2750673600	10.3
22226	-2748081600	6.1
22226	-2745403200	5.1
22226	-2742724800	8.8
22226	-2740305600	13.1
22226	-2737627200	16.2
22226	-2735035200	21.2
22226	-2732356800	28.4
22226	-2729764800	28
22226	-2727086400	26.9
22226	-2724408000	21.8
22226	-2721816000	16.5
22226	-2719137600	10.3
22226	-2716545600	7.6
22226	-2713867200	4.4
22226	-2711188800	10.4
22226	-2708683200	12.7
22226	-2706004800	16.1
22226	-2703412800	22
22226	-2700734400	27.5
22226	-2698142400	31.2
22226	-2695464000	28.2
22226	-2692785600	23.7
22226	-2690193600	17.8
22226	-2687515200	11.3
22226	-2684923200	8.6
22226	-2682244800	5.5
22226	-2679566400	10
22226	-2677147200	13.9
22226	-2674468800	18.2
22226	-2671876800	22.4
22226	-2669198400	27.1
22226	-2666606400	29.4
22226	-2663928000	27.7
22226	-2661249600	23.1
22226	-2658657600	16.5
22226	-2655979200	11.5
22226	-2653387200	7.2
22226	-2650708800	5.6
22226	-2648030400	8.9
22226	-2645611200	11.3
22226	-2642932800	17
22226	-2640340800	25.4
22226	-2637662400	27.4
22226	-2635070400	29.4
22226	-2632392000	27.9
22226	-2629713600	22.5
22226	-2627121600	17
22226	-2624443200	8.7
22226	-2621851200	8.4
22226	-2619172800	7
22226	-2616494400	9.1
22226	-2614075200	14.1
22226	-2611396800	16.3
22226	-2608804800	21.4
22226	-2606126400	26.3
22226	-2603534400	26.7
22226	-2600856000	26.4
22226	-2598177600	23.4
22226	-2595585600	17.2
22226	-2592907200	11.7
22226	-2590315200	4.2
22226	-2587636800	6.6
22226	-2584958400	9.2
22226	-2582452800	11.5
22226	-2579774400	18.4
22226	-2577182400	20.7
22226	-2574504000	27.4
22226	-2571912000	27.2
22226	-2569233600	26.5
22226	-2566555200	22.2
22226	-2563963200	18.1
22226	-2561284800	11.1
22226	-2558692800	7.3
22226	-2556014400	4.6
22226	-2553336000	8.1
22226	-2550916800	11.5
22226	-2548238400	18.8
22226	-2545646400	22.4
22226	-2542968000	26.5
22226	-2540376000	27.7
22226	-2537697600	27.5
22226	-2535019200	21.3
22226	-2532427200	17.7
22226	-2529748800	8.8
22226	-2527156800	11.1
22226	-2524478400	8.4
22226	-2521800000	10.4
22226	-2519380800	14.2
22226	-2516702400	17.3
22226	-2514110400	23.4
22226	-2511432000	25.8
22226	-2508840000	27.3
22226	-2506161600	25.3
22226	-2503483200	22.4
22226	-2500891200	16.7
22226	-2498212800	10
22226	-2495620800	8.9
22226	-2492942400	3.7
22226	-2490264000	9.1
22226	-2487844800	11.9
22226	-2485166400	16.6
22226	-2482574400	20.5
22226	-2479896000	25.3
22226	-2477304000	28.5
22226	-2474625600	26.6
22226	-2471947200	24.5
22226	-2469355200	17.3
22226	-2466676800	12
22226	-2464084800	4.7
22226	-2461406400	5.5
22226	-2458728000	9.5
22226	-2456222400	12
22226	-2453544000	16.9
22226	-2450952000	21
22226	-2448273600	26.4
22226	-2445681600	27.7
22226	-2443003200	25.4
22226	-2440324800	23
22226	-2437732800	16.4
22226	-2435054400	10.4
22226	-2432462400	5.9
22226	-2429784000	7.3
22226	-2427105600	9.1
22226	-2424686400	11.9
22226	-2422008000	18.3
22226	-2419416000	20.9
22226	-2416737600	27.6
22226	-2414145600	26.6
22226	-2411467200	24.9
22226	-2408788800	22.8
22226	-2406196800	16.5
22226	-2403518400	10
22226	-2400926400	8.3
22226	-2398248000	5.5
22226	-2395569600	6.2
22226	-2393150400	11.6
22226	-2390472000	18
22226	-2387880000	22.4
22226	-2385201600	25.6
22226	-2382609600	26.6
22226	-2379931200	26.3
22226	-2377252800	22.4
22226	-2374660800	18.7
22226	-2371982400	11.5
22226	-2369390400	8.4
22226	-2366712000	7
22226	-2364033600	6.2
22226	-2361614400	13.3
22226	-2358936000	17.5
22226	-2356344000	20.5
22226	-2353665600	24.6
22226	-2351073600	25.8
22226	-2348395200	25.3
22226	-2345716800	23.4
22226	-2343124800	15.6
22226	-2340446400	9.4
22226	-2337854400	5.1
22226	-2335176000	7.7
22226	-2332497600	8
22226	-2329992000	14.1
22226	-2327313600	17.2
22226	-2324721600	23.2
22226	-2322043200	26.9
22226	-2319451200	25.7
22226	-2316772800	25.8
22226	-2314094400	22.7
22226	-2311502400	16.2
22226	-2308824000	12.2
22226	-2306232000	7.7
22226	-2303553600	4.6
22226	-2300875200	9.2
22226	-2298456000	12.2
22226	-2295777600	17.4
22226	-2293185600	22.7
22226	-2290507200	26.2
22226	-2287915200	26
22226	-2285236800	24.8
22226	-2282558400	21.5
22226	-2279966400	16.5
22226	-2277288000	12.3
22226	-2274696000	6.2
22226	-2272017600	4.9
22226	-2269339200	10.3
22226	-2266920000	11.9
22226	-2264241600	17.7
22226	-2261649600	21
22226	-2258971200	24.3
22226	-2256379200	25.9
22226	-2253700800	25.2
22226	-2251022400	22.3
22226	-2248430400	16.9
22226	-2245752000	10.5
22226	-2243160000	3.5
22226	-2240481600	6.3
22226	-2237803200	7.3
22226	-2235384000	13.6
22226	-2232705600	16.6
22226	-2230113600	20.8
22226	-2227435200	24.9
22226	-2224843200	26.5
22226	-2222164800	27.1
22226	-2219486400	23.4
22226	-2216894400	16.6
22226	-2214216000	11.6
22226	-2211624000	6.5
22226	-2208945600	8.1
22226	-2206267200	8.7
22226	-2203848000	13.8
22226	-2201169600	14.6
22226	-2198577600	22
22226	-2195899200	27.2
22226	-2193307200	26.5
22226	-2190628800	26.7
22226	-2187950400	24.2
22226	-2185358400	17.9
22226	-2182680000	11.1
22226	-2180088000	6.4
22226	-2177409600	7.7
22226	-2174731200	9.2
22226	-2172312000	11.8
22226	-2169633600	15.6
22226	-2167041600	21.9
22226	-2164363200	25.7
22226	-2161771200	26.6
22226	-2159092800	27.2
22226	-2156414400	23.9
22226	-2153822400	17.5
22226	-2151144000	12.2
22226	-2148552000	7.6
22226	-2145873600	7.5
22226	-2143195200	10.1
22226	-2140776000	11.4
22226	-2138097600	19.1
22226	-2135505600	22.6
22226	-2132827200	27.2
22226	-2130235200	24.9
22226	-2127556800	25.7
22226	-2124878400	22.1
22226	-2122286400	18.1
22226	-2119608000	11.5
22226	-2117016000	7.4
22226	-2114337600	7
22226	-2111659200	5.8
22226	-2109240000	11.8
22226	-2106561600	17.5
22226	-2103969600	20.2
22226	-2101291200	23.5
22226	-2098699200	27.5
22226	-2096020800	26.1
22226	-2093342400	22.5
22226	-2090750400	16.5
22226	-2088072000	11.8
22226	-2085480000	6.2
22226	-2082801600	5.6
22226	-2080123200	11
22226	-2077617600	15.2
22226	-2074939200	17.5
22226	-2072347200	21.1
22226	-2069668800	25.6
22226	-2067076800	27
22226	-2064398400	25.3
22226	-2061720000	21.8
22226	-2059128000	16.4
22226	-2056449600	9.2
22226	-2053857600	6.4
22226	-2051179200	7
22226	-2048500800	7.9
22226	-2046081600	12.1
22226	-2043403200	14.7
22226	-2040811200	20.9
22226	-2038132800	26
22226	-2035540800	25.4
22226	-2032862400	26.2
22226	-2030184000	23.2
22226	-2027592000	17
22226	-2024913600	11.3
22226	-2022321600	4.3
22226	-2019643200	5.4
22226	-2016964800	9.3
22226	-2014545600	13.3
22226	-2011867200	17
22226	-2009275200	21.2
22226	-2006596800	27
22226	-2004004800	25.3
22226	-2001326400	24.2
22226	-1998648000	22.7
22226	-1996056000	15.9
22226	-1993377600	10.4
22226	-1990785600	8.9
22226	-1988107200	9.5
22226	-1985428800	12
22226	-1983009600	15.5
22226	-1980331200	17.4
22226	-1977739200	19.1
22226	-1975060800	24.6
22226	-1972468800	26.8
22226	-1969790400	26.1
22226	-1967112000	23.1
22226	-1964520000	16.9
22226	-1961841600	9.3
22226	-1959249600	8.4
22226	-1956571200	7.2
22226	-1953892800	9.6
22226	-1951387200	14.9
22226	-1948708800	16.8
22226	-1946116800	20.6
22226	-1943438400	26.7
22226	-1940846400	25.4
22226	-1938168000	24.9
22226	-1935489600	22.4
22226	-1932897600	15.9
22226	-1930219200	10.4
22226	-1927627200	7.7
22226	-1924948800	10.5
22226	-1922270400	8.5
22226	-1919851200	11.4
22226	-1917172800	17.1
22226	-1914580800	20.5
22226	-1911902400	27.2
22226	-1909310400	27.6
22226	-1906632000	26.5
22226	-1903953600	22.7
22226	-1901361600	17.9
22226	-1898683200	13.4
22226	-1896091200	4.6
22226	-1893412800	8.1
22226	-1890734400	8.8
22226	-1888315200	16
22226	-1885636800	17.5
22226	-1883044800	23.1
22226	-1880366400	27
22226	-1877774400	28.4
22226	-1875096000	27.8
22226	-1872417600	25.3
22226	-1869825600	17.5
22226	-1867147200	12.7
22226	-1864555200	8
22226	-1861876800	9.7
22226	-1859198400	8.7
22226	-1856779200	15.4
22226	-1854100800	17
22226	-1851508800	22.8
22226	-1848830400	26.4
22226	-1846238400	25.2
22226	-1843560000	27.6
22226	-1840881600	25.2
22226	-1838289600	17.3
22226	-1835611200	9.3
22226	-1833019200	4.1
22226	-1830340800	7.6
22226	-1827662400	8
22226	-1825156800	12.2
22226	-1822478400	15
22226	-1819886400	21.9
22226	-1817208000	25.4
22226	-1814616000	27.2
22226	-1811937600	25.4
22226	-1809259200	21.6
22226	-1806667200	16.7
22226	-1803988800	9.6
22226	-1801396800	4.4
22226	-1798718400	4.6
22226	-1796040000	7.6
22226	-1793620800	11.1
22226	-1790942400	15.9
22226	-1788350400	22.1
22226	-1785672000	24.9
22226	-1783080000	27.5
22226	-1780401600	25.8
22226	-1777723200	20.6
22226	-1775131200	17.5
22226	-1772452800	12.6
22226	-1769860800	5.4
22226	-1767182400	9.1
22226	-1764504000	9.4
22226	-1762084800	11.7
22226	-1759406400	17.8
22226	-1756814400	21.8
22226	-1754136000	26
22226	-1751544000	25.5
22226	-1748865600	25.8
22226	-1746187200	23.5
22226	-1743595200	17.5
22226	-1740916800	12.6
22226	-1738324800	6
22226	-1735646400	5.1
22226	-1732968000	8.7
22226	-1730548800	9.6
22226	-1727870400	17
22226	-1725278400	20.8
22226	-1722600000	27.5
22226	-1720008000	27.2
22226	-1717329600	25.3
22226	-1714651200	23.1
22226	-1712059200	17.7
22226	-1709380800	11.5
22226	-1706788800	7.1
22226	-1704110400	10.2
22226	-1701432000	11.8
22226	-1698926400	15.7
22226	-1696248000	17
22226	-1693656000	22.7
22226	-1690977600	28.7
22226	-1688385600	27.3
22226	-1685707200	25.4
22226	-1683028800	22.8
22226	-1680436800	18.1
22226	-1677758400	10.6
22226	-1675166400	7.1
22226	-1672488000	7.1
22226	-1669809600	9.3
22226	-1667390400	11.8
22226	-1664712000	16.8
22226	-1662120000	19.2
22226	-1659441600	27.1
22226	-1656849600	28.8
22226	-1654171200	26.1
22226	-1651492800	23.1
22226	-1648900800	18
22226	-1646222400	13
22226	-1643630400	9.8
22226	-1640952000	5.2
22226	-1638273600	11
22226	-1635854400	13.4
22226	-1633176000	16.6
22226	-1630584000	21
22226	-1627905600	26.8
22226	-1625313600	27.2
22226	-1622635200	25.2
22226	-1619956800	23
22226	-1617364800	18.1
22226	-1614686400	9.5
22226	-1612094400	5
22226	-1609416000	4.8
22226	-1606737600	7.7
22226	-1604318400	12.5
22226	-1601640000	18.3
22226	-1599048000	22.2
22226	-1596369600	25.3
22226	-1593777600	26.3
22226	-1591099200	27.2
22226	-1588420800	22.5
22226	-1585828800	18.3
22226	-1583150400	11.3
22226	-1580558400	8.4
22226	-1577880000	6.9
22226	-1575201600	11.8
22226	-1572696000	11.9
22226	-1570017600	15.6
22226	-1567425600	22.8
22226	-1564747200	25.2
22226	-1562155200	28
22226	-1559476800	24.9
22226	-1556798400	23.9
22226	-1554206400	17.3
22226	-1551528000	10.8
22226	-1548936000	6.3
22226	-1546257600	9.2
22226	-1543579200	9.6
22226	-1541160000	15.1
22226	-1538481600	16.1
22226	-1535889600	22.1
22226	-1533211200	26.4
22226	-1530619200	26.5
22226	-1527940800	26.8
22226	-1525262400	24.7
22226	-1522670400	19.1
22226	-1519992000	12.4
22226	-1517400000	9.6
22226	-1514721600	6.3
22226	-1512043200	10.2
22226	-1509624000	12
22226	-1506945600	16.4
22226	-1504353600	22.7
22226	-1501675200	27.4
22226	-1499083200	27.7
22226	-1496404800	28
22226	-1493726400	24.2
22226	-1491134400	17.7
22226	-1488456000	10
22226	-1485864000	9.5
22226	-1483185600	9.5
22226	-1480507200	7.9
22226	-1478088000	10.6
22226	-1475409600	17.5
22226	-1472817600	23.3
22226	-1470139200	27.4
22226	-1467547200	27.8
22226	-1464868800	25.9
22226	-1462190400	23
22226	-1459598400	17.2
22226	-1456920000	10.6
22226	-1454328000	5.8
22226	-1451649600	5.6
22226	-1448971200	9.3
22226	-1446465600	10.8
22226	-1443787200	16.3
22226	-1441195200	22.3
22226	-1438516800	29.3
22226	-1435924800	27.2
22226	-1433246400	28.1
22226	-1430568000	23.6
22226	-1427976000	19.3
22226	-1425297600	13.5
22226	-1422705600	5.9
22226	-1420027200	5.4
22226	-1417348800	11.8
22226	-1414929600	15.6
22226	-1412251200	19.7
22226	-1409659200	22.9
22226	-1406980800	26.8
22226	-1404388800	28
22226	-1401710400	25.4
22226	-1399032000	24.7
22226	-1396440000	17.9
22226	-1393761600	11.2
22226	-1391169600	4.8
22226	-1388491200	4.7
22226	-1385812800	10.8
22226	-1383393600	12
22226	-1380715200	15.9
22226	-1378123200	21.2
22226	-1375444800	27.8
22226	-1372852800	27.5
22226	-1370174400	27.2
22226	-1367496000	25.2
22226	-1364904000	19
22226	-1362225600	12
22226	-1359633600	7.3
22226	-1356955200	9.8
22226	-1354276800	12.2
22226	-1351857600	13.2
22226	-1349179200	18.1
22226	-1346587200	24.2
22226	-1343908800	27.1
22226	-1341316800	28.3
22226	-1338638400	26.5
22226	-1335960000	24.1
22226	-1333368000	18.8
22226	-1330689600	15.1
22226	-1328097600	5.8
22226	-1325419200	8
22226	-1322740800	9.3
22226	-1320235200	14.9
22226	-1317556800	16.6
22226	-1314964800	22.1
22226	-1312286400	28.1
22226	-1309694400	28.6
22226	-1307016000	25.4
22226	-1304337600	23.5
22226	-1301745600	19.8
22226	-1299067200	10.7
22226	-1296475200	7.1
22226	-1293796800	7.4
22226	-1291118400	8.2
22226	-1288699200	12.4
22226	-1286020800	18.2
22226	-1283428800	21.7
22226	-1280750400	28.6
22226	-1278158400	27.8
22226	-1275480000	26.1
22226	-1272801600	24.7
22226	-1270209600	17.6
22226	-1267531200	8.3
22226	-1264939200	7.1
22226	-1262260800	6.5
22226	-1259582400	11.7
22226	-1257163200	11.8
22226	-1254484800	20.3
22226	-1251892800	20.6
22226	-1249214400	27.5
22226	-1246622400	27.7
22226	-1243944000	27.5
22226	-1241265600	25.1
22226	-1238673600	18.7
22226	-1235995200	10.8
22226	-1233403200	6.1
22226	-1230724800	6.6
22226	-1228046400	9.9
22226	-1225627200	12.5
22226	-1222948800	16.9
22226	-1220356800	22.3
22226	-1217678400	27.6
22226	-1215086400	28.4
22226	-1212408000	26.3
22226	-1209729600	26.2
22226	-1207137600	21
22226	-1204459200	12.2
22226	-1201867200	6.5
22226	-1199188800	6
22226	-1196510400	11.8
22226	-1194004800	11.2
22226	-1191326400	18.3
22226	-1188734400	22.8
22226	-1186056000	27.1
22226	-1183464000	28.3
22226	-1180785600	27.1
22226	-1178107200	23.2
22226	-1175515200	17
22226	-1172836800	11.7
22226	-1170244800	6.1
22226	-1167566400	6.5
22226	-1164888000	8
22226	-1162468800	14.9
22226	-1159790400	15.8
22226	-1157198400	21.4
22226	-1154520000	26.6
22226	-1151928000	28.8
22226	-1149249600	27.7
22226	-1146571200	26.5
22226	-1143979200	20.3
22226	-1141300800	13
22226	-1138708800	10
22226	-1136030400	7.4
22226	-1133352000	12.1
22226	-1130932800	14.4
22226	-1128254400	20
22226	-1125662400	24.8
22226	-1122984000	28.3
22226	-1120392000	29.3
22226	-1117713600	28.7
22226	-1115035200	25.4
22226	-1112443200	20.7
22226	-1109764800	13
22226	-1107172800	9.1
22226	-1104494400	9.3
22226	-1101816000	9.1
22226	-1099396800	14.8
22226	-1096718400	18.5
22226	-1094126400	20.1
22226	-1091448000	27.3
22226	-1088856000	28.8
22226	-1086177600	27.5
22226	-1083499200	23
22226	-1080907200	19.5
22226	-1078228800	11.9
22226	-1075636800	8
22226	-1072958400	7.5
22226	-1070280000	10.6
22226	-1067774400	14.4
22226	-1065096000	18.7
22226	-1062504000	23.4
22226	-1059825600	28
22226	-1057233600	28.1
22226	-1054555200	27
22226	-1051876800	23.1
22226	-1049284800	17.4
22226	-1046606400	10.3
22226	-1044014400	8.2
22226	-1041336000	5.7
22226	-1038657600	9.6
22226	-1036238400	11.5
22226	-1033560000	18
22226	-1030968000	23.5
22226	-1028289600	28
22226	-1025697600	29.1
22226	-1023019200	29
22226	-1020340800	24.9
22226	-1017748800	19.3
22226	-1015070400	12.8
22226	-1012478400	8.5
22226	-1009800000	8.4
22226	-1007121600	12.1
22226	-1004702400	14.1
22226	-1002024000	17.6
22226	-999432000	22.8
22226	-996753600	27.3
22226	-994161600	27
22226	-991483200	27.1
22226	-988804800	23.1
22226	-986212800	20.3
22226	-983534400	9.9
22226	-980942400	9.1
22226	-978264000	7.6
22226	-975585600	6.4
22226	-973166400	14.5
22226	-970488000	18.6
22226	-967896000	23.9
22226	-965217600	28.6
22226	-962625600	28.3
22226	-959947200	27
22226	-957268800	25.1
22226	-954676800	17.9
22226	-951998400	10.8
22226	-949406400	9.6
22226	-946728000	5.8
22226	-944049600	10.2
22226	-941544000	14.6
22226	-938865600	17.5
22226	-936273600	23.2
22226	-933595200	26.1
22226	-931003200	28.5
22226	-928324800	26.4
22226	-925646400	25
22226	-923054400	18.8
22226	-920376000	10.4
22226	-917784000	10.2
22226	-915105600	8.1
22226	-912427200	11.6
22226	-910008000	12.1
22226	-907329600	15.6
22226	-904737600	23.1
22226	-902059200	25.8
22226	-899467200	27.1
22226	-896788800	26.5
22226	-894110400	23.5
22226	-891518400	18.4
22226	-888840000	11.8
22226	-886248000	9
22226	-883569600	8.7
22226	-880891200	9
22226	-878472000	12.2
22226	-875793600	17.5
22226	-873201600	23
22226	-870523200	28.6
22226	-867931200	28.6
22226	-865252800	26.3
22226	-862574400	23
22226	-859982400	18.2
22226	-857304000	14.5
22226	-854712000	9.2
22226	-852033600	7.2
22226	-849355200	11.3
22226	-846936000	13.6
22226	-844257600	20
22226	-841665600	23.1
22226	-838987200	26.8
22226	-836395200	27.4
22226	-833716800	29.1
22226	-831038400	23.5
22226	-828446400	18.1
22226	-825768000	11
22226	-823176000	6.9
22226	-820497600	5.3
22226	-817819200	10
22226	-815313600	12.5
22226	-812635200	16.8
22226	-810043200	22.4
22226	-807364800	26.3
22226	-804772800	27.9
22226	-802094400	26.6
22226	-799416000	22.5
22226	-796824000	18.6
22226	-794145600	10.8
22226	-791553600	7
22226	-788875200	7.6
22226	-786196800	10.8
22226	-783777600	12.3
22226	-781099200	16.5
22226	-778507200	22.8
22226	-775828800	26.1
22226	-773236800	27.6
22226	-770558400	27.5
22226	-767880000	24.3
22226	-765288000	17.6
22226	-762609600	12.7
22226	-760017600	7.4
22226	-757339200	5
22226	-754660800	9.1
22226	-752241600	13.2
22226	-749563200	19.9
22226	-746971200	22
22226	-744292800	28
22226	-741700800	27.7
22226	-739022400	27.6
22226	-736344000	24.9
22226	-733752000	19
22226	-731073600	9.8
22226	-728481600	8.3
22226	-725803200	4.4
22226	-723124800	9.8
22226	-720705600	12.9
22226	-718027200	16.3
22226	-715435200	23
22226	-712756800	26.3
22226	-710164800	28.6
22226	-707486400	26.6
22226	-704808000	24.6
22226	-702216000	19.9
22226	-699537600	9.6
22226	-696945600	6.1
22226	-694267200	4.7
22226	-691588800	9.3
22226	-689083200	10.4
22226	-686404800	19.6
22226	-683812800	23.6
22226	-681134400	27.9
22226	-678542400	28.4
22226	-675864000	27.9
22226	-673185600	24.4
22226	-670593600	18
22226	-667915200	8.8
22226	-665323200	8.8
22226	-662644800	2.2
22226	-659966400	8.9
22226	-657547200	13.8
22226	-654868800	16.7
22226	-652276800	22.4
22226	-649598400	27
22226	-647006400	27.5
22226	-644328000	26.7
22226	-641649600	23.7
22226	-639057600	17
22226	-636379200	13.1
22226	-633787200	6.6
22226	-631108800	9.5
22226	-628430400	11.8
22226	-626011200	14.4
22226	-623332800	18.8
22226	-620740800	22.2
22226	-618062400	28
22226	-615470400	26.4
22226	-612792000	26.9
22226	-610113600	23.5
22226	-607521600	21.5
22226	-604843200	12.2
22226	-602251200	10
22226	-599572800	6.7
22226	-596894400	8.6
22226	-594475200	12.4
22226	-591796800	16.2
22226	-589204800	22.8
22226	-586526400	27.1
22226	-583934400	29.7
22226	-581256000	28
22226	-578577600	25.4
22226	-575985600	19.8
22226	-573307200	10.5
22226	-570715200	8
22226	-568036800	9.5
22226	-565358400	8.5
22226	-562852800	10.3
22226	-560174400	17.1
22226	-557582400	22.2
22226	-554904000	28.1
22226	-552312000	27.3
22226	-549633600	28.6
22226	-546955200	24.5
22226	-544363200	18.5
22226	-541684800	9.7
22226	-539092800	6.6
22226	-536414400	10.1
22226	-533736000	8.9
22226	-531316800	14.8
22226	-528638400	17.9
22226	-526046400	20.4
22226	-523368000	28.9
22226	-520776000	28.5
22226	-518097600	27.8
22226	-515419200	24.5
22226	-512827200	17.8
22226	-510148800	12
22226	-507556800	4.1
22226	-504878400	8.3
22226	-502200000	11.4
22226	-499780800	12.7
22226	-497102400	20.3
22226	-494510400	22.9
22226	-491832000	27.3
22226	-489240000	28.4
22226	-486561600	26.2
22226	-483883200	25.8
22226	-481291200	19.9
22226	-478612800	12.4
22226	-476020800	7.7
22226	-473342400	5.7
22226	-470664000	7.4
22226	-468244800	13.2
22226	-465566400	18.2
22226	-462974400	22
22226	-460296000	26.5
22226	-457704000	26.5
22226	-455025600	26.7
22226	-452347200	24.8
22226	-449755200	19
22226	-447076800	12.4
22226	-444484800	9.6
22226	-441806400	9.8
22226	-439128000	7.1
22226	-436622400	14.1
22226	-433944000	16.5
22226	-431352000	24.2
22226	-428673600	28.8
22226	-426081600	27.8
22226	-423403200	26.6
22226	-420724800	25.2
22226	-418132800	19.7
22226	-415454400	9.1
22226	-412862400	6.9
22226	-410184000	9.5
22226	-407505600	14.1
22226	-405086400	13.8
22226	-402408000	16.8
22226	-399816000	20.8
22226	-397137600	27.7
22226	-394545600	28.8
22226	-391867200	26.9
22226	-389188800	23.6
22226	-386596800	16.8
22226	-383918400	9.4
22226	-381326400	7.9
22226	-378648000	6
22226	-375969600	10.8
22226	-373550400	10.6
22226	-370872000	17.4
22226	-368280000	23.4
22226	-365601600	28.5
22226	-363009600	29.1
22226	-360331200	28.1
22226	-357652800	23.3
22226	-355060800	16.9
22226	-352382400	11.7
22226	-349790400	8.3
22226	-347112000	8.8
22226	-344433600	9.5
22226	-342014400	12.2
22226	-339336000	18.3
22226	-336744000	22.7
22226	-334065600	28.2
22226	-331473600	28.3
22226	-328795200	27.1
22226	-326116800	25
22226	-323524800	18.5
22226	-320846400	9.9
22226	-318254400	7.6
22226	-315576000	5.1
22226	-312897600	7.3
22226	-310392000	15.1
22226	-307713600	18.8
22226	-305121600	22.5
22226	-302443200	29
22226	-299851200	27.1
22226	-297172800	27.7
22226	-294494400	24.3
22226	-291902400	17.6
22226	-289224000	11.7
22226	-286632000	3.8
22226	-283953600	5.1
22226	-281275200	8.9
22226	-278856000	13.5
22226	-276177600	17.9
22226	-273585600	23.5
22226	-270907200	27.2
22226	-268315200	28.2
22226	-265636800	27
22226	-262958400	23.7
22226	-260366400	17.6
22226	-257688000	8.8
22226	-255096000	8
22226	-252417600	4.8
22226	-249739200	12
22226	-247320000	10.6
22226	-244641600	19.7
22226	-242049600	23.4
22226	-239371200	26.7
22226	-236779200	27.5
22226	-234100800	28.9
22226	-231422400	23.3
22226	-228830400	18.3
22226	-226152000	12.1
22226	-223560000	7.4
22226	-220881600	4.8
22226	-218203200	9.6
22226	-215784000	13.6
22226	-213105600	19.2
22226	-210513600	24.2
22226	-207835200	27
22226	-205243200	29.2
22226	-202564800	26.7
22226	-199886400	24.4
22226	-197294400	19.1
22226	-194616000	11.6
22226	-192024000	5.8
22226	-189345600	4
22226	-186667200	4.9
22226	-184161600	11.9
22226	-181483200	17.4
22226	-178891200	23.3
22226	-176212800	27.5
22226	-173620800	29.2
22226	-170942400	28.2
22226	-168264000	24
22226	-165672000	17.5
22226	-162993600	11
22226	-160401600	6.7
22226	-157723200	8.9
22226	-155044800	8.2
22226	-152625600	11.2
22226	-149947200	18.5
22226	-147355200	22.2
22226	-144676800	25.7
22226	-142084800	29
22226	-139406400	27.3
22226	-136728000	23.4
22226	-134136000	17.3
22226	-131457600	13.8
22226	-128865600	7.7
22226	-126187200	4.5
22226	-123508800	6.1
22226	-121089600	13.6
22226	-118411200	18.4
22226	-115819200	23.6
22226	-113140800	26.4
22226	-110548800	28.7
22226	-107870400	26
22226	-105192000	23
22226	-102600000	17.2
22226	-99921600	12.9
22226	-97329600	6.2
22226	-94651200	5.8
22226	-91972800	9.4
22226	-89553600	15.8
22226	-86875200	18.8
22226	-84283200	22
22226	-81604800	26.6
22226	-79012800	28.8
22226	-76334400	26.3
22226	-73656000	23.4
22226	-71064000	18
22226	-68385600	12.2
22226	-65793600	5.7
22226	-63115200	6.3
22226	-60436800	10.7
22226	-57931200	12.1
22226	-55252800	16.7
22226	-52660800	23.2
22226	-49982400	27.7
22226	-47390400	26.6
22226	-44712000	25.2
22226	-42033600	22.9
22226	-39441600	18.8
22226	-36763200	11
22226	-34171200	5.6
22226	-31492800	9.7
22226	-28814400	9.5
22226	-26395200	10.1
22226	-23716800	19.2
22226	-21124800	22.4
22226	-18446400	27
22226	-15854400	28.9
22226	-13176000	28.6
22226	-10497600	24.4
22226	-7905600	18.8
22226	-5227200	10.5
22226	-2635200	8.4
22226	43200	7.2
22226	2721600	10.3
22226	5140800	12
22226	7819200	16.3
22226	10411200	22.1
22226	13089600	25.9
22226	15681600	28.2
22226	18360000	27.2
22226	21038400	23.3
22226	23630400	15.1
22226	26308800	11.2
22226	28900800	9.3
22226	31579200	7.6
22226	34257600	9
22226	36676800	13.9
22226	39355200	16.6
22226	41947200	21.6
22226	44625600	27
22226	47217600	27.9
22226	49896000	25.1
22226	52574400	22.9
22226	55166400	17.2
22226	57844800	11.3
22226	60436800	7.1
22226	63115200	7.4
22226	65793600	10.5
22226	68299200	16.3
22226	70977600	18.3
22226	73569600	21.7
22226	76248000	25.8
22226	78840000	27.7
22226	81518400	25.2
22226	84196800	22.4
22226	86788800	19.1
22226	89467200	9.3
22226	92059200	7.8
22226	94737600	5.7
22226	97416000	8.7
22226	99835200	11.7
22226	102513600	14.6
22226	105105600	20.8
22226	107784000	25.2
22226	110376000	26.8
22226	113054400	26.6
22226	115732800	24.8
22226	118324800	17.8
22226	121003200	12.5
22226	123595200	8
22226	126273600	7.4
22226	128952000	7.5
22226	131371200	15.7
22226	134049600	18.7
22226	136641600	24.6
22226	139320000	28.6
22226	141912000	26.8
22226	144590400	25.4
22226	147268800	21.2
22226	149860800	17.6
22226	152539200	10.4
22226	155131200	5.5
22226	157809600	6.5
22226	160488000	9.7
22226	162907200	13
22226	165585600	15.8
22226	168177600	21.4
22226	170856000	27.5
22226	173448000	26.9
22226	176126400	27.5
22226	178804800	22.7
22226	181396800	18.2
22226	184075200	11.2
22226	186667200	7.1
22226	189345600	6.1
22226	192024000	11.8
22226	194529600	13.6
22226	197208000	18.2
22226	199800000	21.2
22226	202478400	26.7
22226	205070400	26
22226	207748800	26.4
22226	210427200	21.8
22226	213019200	15.1
22226	215697600	7.5
22226	218289600	5.9
22226	220968000	7.4
22226	223646400	8.8
22226	226065600	10.2
22226	228744000	16.8
22226	231336000	21.9
22226	234014400	27.9
22226	236606400	28.2
22226	239284800	28.2
22226	241963200	25.4
22226	244555200	17.8
22226	247233600	12.1
22226	249825600	9.4
22226	252504000	7.5
22226	255182400	8.6
22226	257601600	14.7
22226	260280000	18.7
22226	262872000	22.8
22226	265550400	28.4
22226	268142400	29
22226	270820800	26.4
22226	273499200	22.1
22226	276091200	17.9
22226	278769600	13.6
22226	281361600	7.4
22226	284040000	5.4
22226	286718400	8.8
22226	289137600	12.1
22226	291816000	18
22226	294408000	21.5
22226	297086400	26.2
22226	299678400	29.8
22226	302356800	26.3
22226	305035200	23.8
22226	307627200	19.4
22226	310305600	9.2
22226	312897600	6.6
22226	315576000	8.6
22226	318254400	10.7
22226	320760000	12.7
22226	323438400	16.3
22226	326030400	21.8
22226	328708800	30.5
22226	331300800	31
22226	333979200	28.4
22226	336657600	24.6
22226	339249600	16.1
22226	341928000	9.9
22226	344520000	9.5
22226	347198400	7.7
22226	349876800	10.6
22226	352296000	14.4
22226	354974400	18.6
22226	357566400	23.5
22226	360244800	28.5
22226	362836800	29.1
22226	365515200	26.8
22226	368193600	24.7
22226	370785600	18.5
22226	373464000	12.8
22226	376056000	9.7
22226	378734400	6.3
22226	381412800	9.7
22226	383832000	14.6
22226	386510400	18.4
22226	389102400	21.3
22226	391780800	27.5
22226	394372800	29.4
22226	397051200	29
22226	399729600	25.4
22226	402321600	18.5
22226	4.05e+08	12.2
22226	407592000	6.6
22226	410270400	5.7
22226	412948800	10.1
22226	415368000	13
22226	418046400	13.9
22226	420638400	20.9
22226	423316800	25.6
22226	425908800	28.7
22226	428587200	28
22226	431265600	26.3
22226	433857600	19.6
22226	436536000	12.8
22226	439128000	7.9
22226	441806400	7.3
22226	444484800	8.7
22226	446990400	13.5
22226	449668800	17
22226	452260800	24.3
22226	454939200	26.8
22226	457531200	27.6
22226	460209600	27.2
22226	462888000	23.1
22226	465480000	16.7
22226	468158400	11.2
22226	470750400	8
22226	473428800	4.8
22226	476107200	7.9
22226	478526400	13.3
22226	481204800	18.3
22226	483796800	22.7
22226	486475200	26.5
22226	489067200	26.7
22226	491745600	27.4
22226	494424000	23.1
22226	497016000	16.7
22226	499694400	12
22226	502286400	6.5
22226	504964800	7.4
22226	507643200	11.6
22226	510062400	13.5
22226	512740800	20
22226	515332800	22.3
22226	518011200	25.8
22226	520603200	27.1
22226	523281600	27.3
22226	525960000	23.8
22226	528552000	17.3
22226	531230400	10.1
22226	533822400	6.3
22226	536500800	5.5
22226	539179200	8.3
22226	541598400	11
22226	544276800	15.8
22226	546868800	20.7
22226	549547200	26
22226	552139200	27.9
22226	554817600	26.5
22226	557496000	22.6
22226	560088000	19.8
22226	562766400	11.1
22226	565358400	5.1
22226	568036800	6.3
22226	570715200	9.5
22226	573220800	12.3
22226	575899200	16.6
22226	578491200	21.6
22226	581169600	26.5
22226	583761600	27.2
22226	586440000	25.7
22226	589118400	22.8
22226	591710400	19.6
22226	594388800	12.6
22226	596980800	6.3
22226	599659200	6.8
22226	602337600	11.1
22226	604756800	15.2
22226	607435200	20
22226	610027200	23.8
22226	612705600	27.7
22226	615297600	28.1
22226	617976000	26.5
22226	620654400	23.4
22226	623246400	17.7
22226	625924800	12.2
22226	628516800	5.9
22226	631195200	7.1
22226	633873600	9.9
22226	636292800	13.8
22226	638971200	19.5
22226	641563200	23.2
22226	644241600	31
22226	646833600	27.1
22226	649512000	25.3
22226	652190400	23.7
22226	654782400	17.8
22226	657460800	12
22226	660052800	7.5
22226	662731200	7.2
22226	665409600	11
22226	667828800	12.5
22226	670507200	18.2
22226	673099200	23.1
22226	675777600	26.8
22226	678369600	26
22226	681048000	26.5
22226	683726400	21.6
22226	686318400	18.6
22226	688996800	10.3
22226	691588800	7.2
22226	694267200	6
22226	696945600	9.4
22226	699451200	13.8
22226	702129600	19.2
22226	704721600	20.7
22226	707400000	26.8
22226	709992000	28.8
22226	712670400	26.7
22226	715348800	24.8
22226	717940800	18.5
22226	720619200	8.2
22226	723211200	6.3
22226	725889600	8.5
22226	728568000	10.1
22226	730987200	13.7
22226	733665600	18.6
22226	736257600	22.9
22226	738936000	27.5
22226	741528000	28.8
22226	744206400	27.3
22226	746884800	23.6
22226	749476800	17.3
22226	752155200	10.6
22226	754747200	7.6
22226	757425600	6.8
22226	760104000	9.5
22226	762523200	13.9
22226	765201600	18.5
22226	767793600	23.6
22226	770472000	30.9
22226	773064000	30.4
22226	775742400	29.4
22226	778420800	25
22226	781012800	18.5
22226	783691200	11.7
22226	786283200	9
22226	788961600	7.7
22226	791640000	12.8
22226	794059200	14.7
22226	796737600	17.7
22226	799329600	22.8
22226	802008000	27.3
22226	804600000	28.5
22226	807278400	28.5
22226	809956800	24.5
22226	812548800	19.2
22226	815227200	13.6
22226	817819200	9.3
22226	820497600	8.4
22226	823176000	12.9
22226	825681600	13
22226	828360000	19
22226	830952000	27
22226	833630400	29
22226	836222400	28.7
22226	838900800	27
22226	841579200	23.5
22226	844171200	18.9
22226	846849600	12.1
22226	849441600	8.3
22226	852120000	7.2
22226	854798400	9.3
22226	857217600	15.3
22226	859896000	16.7
22226	862488000	23.8
22226	865166400	27.5
22226	867758400	28.7
22226	870436800	28.1
22226	873115200	26.3
22226	875707200	18.1
22226	878385600	11.8
22226	880977600	5.3
22226	883656000	8.9
22226	886334400	9.2
22226	888753600	12.8
22226	891432000	15.8
22226	894024000	24.1
22226	896702400	28.5
22226	899294400	29.1
22226	901972800	27.6
22226	904651200	26.7
22226	907243200	19.4
22226	909921600	13.4
22226	912513600	8.2
22226	915192000	9.4
22226	917870400	12.5
22226	920289600	15
22226	922968000	17.9
22226	925560000	24
22226	928238400	27.2
22226	930830400	27.8
22226	933508800	27.9
22226	936187200	24.6
22226	938779200	18.2
22226	941457600	14.1
22226	944049600	6.9
22226	946728000	10.4
22226	949406400	12.7
22226	951912000	14.5
22226	954590400	20.7
22226	957182400	26.7
22226	959860800	27.3
22226	962452800	29.5
22226	965131200	28
22226	967809600	26.4
22226	970401600	17.8
22226	973080000	9.2
22226	975672000	7.2
22226	978350400	6
22226	981028800	10.6
22226	983448000	14
22226	986126400	19.1
22226	988718400	25
22226	991396800	29
22226	993988800	29.6
22226	996667200	27.8
22226	999345600	25.4
22226	1001937600	20.3
22226	1004616000	13.1
22226	1007208000	6.5
22226	1009886400	8.4
22226	1012564800	8.9
22226	1014984000	14.3
22226	1017662400	21.6
22226	1020254400	24.4
22226	1022932800	30.1
22226	1025524800	28.5
22226	1028203200	29.7
22226	1030881600	25.5
22226	1033473600	18.5
22226	1036152000	11.7
22226	1038744000	7.1
22226	1041422400	9.8
22226	1044100800	10.6
22226	1046520000	13.6
22226	1049198400	19.2
22226	1051790400	25
22226	1054468800	27.9
22226	1057060800	29.9
22226	1059739200	29.3
22226	1062417600	25.9
22226	1065009600	20.8
22226	1067688000	13.4
22226	1070280000	7.5
22226	1072958400	8.6
22226	1075636800	8.2
22226	1078142400	16
22226	1080820800	18.2
22226	1083412800	25.1
22226	1086091200	28
22226	1088683200	28.8
22226	1091361600	26.7
22226	1094040000	23.8
22226	1096632000	19.3
22226	1099310400	10.7
22226	1101902400	7.1
22226	1104580800	9.8
22226	1107259200	10.5
22226	1109678400	13.4
22226	1112356800	18.5
22226	1114948800	23.9
22226	1117627200	29.2
22226	1120219200	30.3
22226	1122897600	27.2
22226	1125576000	26.2
22226	1128168000	18.9
22226	1130846400	13.3
22226	1133438400	9.3
22226	1136116800	9.9
22226	1138795200	11.8
22226	1141214400	15.3
22226	1143892800	21.3
22226	1146484800	26
22226	1149163200	29
22226	1151755200	29
22226	1154433600	26.3
22226	1157112000	22.3
22226	1159704000	18.4
22226	1162382400	13.9
22226	1164974400	6.8
22226	1167652800	6.2
22226	1170331200	10.6
22226	1172750400	15.5
22226	1175428800	18.2
22226	1178020800	22.9
22226	1180699200	27.9
22226	1183291200	28.2
22226	1185969600	28.6
22226	1188648000	25.5
22226	1191240000	20
22226	1193918400	13.5
22226	1196510400	7.5
22226	1199188800	6.9
22226	1201867200	11.3
22226	1204372800	14.3
22226	1207051200	18.4
22226	1209643200	23.7
22226	1212321600	29.5
22226	1214913600	27.3
22226	1217592000	26.8
22226	1220270400	22.8
22226	1222862400	18.9
22226	1225540800	12.4
22226	1228132800	9.1
22226	1230811200	8.7
22226	1233489600	11.9
22226	1235908800	15.3
22226	1238587200	18.7
22226	1241179200	25.2
22226	1243857600	27.7
22226	1246449600	30.4
22226	1249128000	28.9
22226	1251806400	24.2
22226	1254398400	18.5
22226	1257076800	12.9
22226	1259668800	6.7
22226	1262347200	6.4
22226	1265025600	9.5
22226	1267444800	13.1
22226	1270123200	18.3
22226	1272715200	23.5
22226	1275393600	29.6
22226	1277985600	28.4
22226	1280664000	29.1
22226	1283342400	26
22226	1285934400	20.3
22226	1288612800	11.8
22226	1291204800	10.4
22226	1293883200	7
22226	1296561600	7.3
22226	1298980800	17.3
22226	1301659200	21.3
22226	1304251200	23.6
22226	1306929600	30.4
22226	1309521600	30.1
22226	1312200000	30.5
22226	1314878400	26.2
22226	1317470400	19.9
22226	1320148800	12
22226	1322740800	5.4
22226	1325419200	9
22226	1328097600	10.3
22226	1330603200	14.7
22226	1333281600	21.1
22226	1335873600	24
22226	1338552000	30.2
22226	1341144000	28.1
22226	1343822400	29.1
22226	1346500800	24.3
22226	1349092800	20.3
22226	1351771200	14.3
22226	1354363200	8.5
22226	1357041600	5.9
22226	1359720000	8.8
22226	1362139200	15.7
22226	1364817600	19.6
22226	1367409600	23.9
22226	1370088000	30.4
22226	1372680000	27.9
22226	1375358400	28.3
22226	1378036800	24.5
22226	1380628800	18.6
22226	1383307200	12.2
22226	1385899200	7
22226	1388577600	8.5
22226	1391256000	13.7
22226	1393675200	14.8
22226	1396353600	18.9
22226	1398945600	23.2
22226	1401624000	31
22226	1404216000	29.3
22226	1406894400	26.7
22226	1409572800	24.1
22226	1412164800	20.4
22226	1414843200	11.7
22226	1417435200	9.3
22226	1420113600	6.8
22226	1422792000	11.7
22226	1425211200	15.4
22226	1427889600	19
22226	1430481600	22.5
22227	-2416737600	24.5
22227	-2414145600	23.7
22227	-2411467200	22.2
22227	-2408788800	19.9
22227	-2406196800	13.4
22227	-2403518400	8.2
22227	-2400926400	6.7
22227	-2398248000	3.4
22227	-2395569600	3.9
22227	-2393150400	8.6
22227	-2390472000	14.9
22227	-2387880000	19.8
22227	-2385201600	22.4
22227	-2382609600	24
22227	-2379931200	22.8
22227	-2377252800	20.4
22227	-2374660800	16.5
22227	-2371982400	9.4
22227	-2369390400	7.3
22227	-2366712000	4.7
22227	-2364033600	3.4
22227	-2361614400	10.1
22227	-2358936000	14.6
22227	-2356344000	18.6
22227	-2353665600	22.4
22227	-2351073600	23.9
22227	-2348395200	23.3
22227	-2345716800	20.9
22227	-2343124800	13.5
22227	-2340446400	6.2
22227	-2337854400	2
22227	-2335176000	5.2
22227	-2332497600	5.1
22227	-2329992000	11.3
22227	-2327313600	14.8
22227	-2324721600	21.1
22227	-2322043200	28.4
22227	-2319451200	25.1
22227	-2316772800	24.3
22227	-2314094400	20.7
22227	-2311502400	13.9
22227	-2308824000	9.9
22227	-2306232000	5.1
22227	-2303553600	2.7
22227	-2300875200	6.1
22227	-2298456000	8.5
22227	-2295777600	15.3
22227	-2293185600	20.6
22227	-2290507200	25
22227	-2287915200	24.2
22227	-2285236800	23.6
22227	-2282558400	21
22227	-2279966400	15.3
22227	-2277288000	8.5
22227	-2274696000	4
22227	-2272017600	3.1
22227	-2269339200	9.4
22227	-2266920000	10.2
22227	-2264241600	15.4
22227	-2261649600	20.3
22227	-2258971200	24.8
22227	-2256379200	24.3
22227	-2253700800	23.7
22227	-2251022400	20
22227	-2248430400	14.3
22227	-2245752000	7.7
22227	-2243160000	1.9
22227	-2240481600	4.8
22227	-2237803200	4.3
22227	-2235384000	11.3
22227	-2232705600	13
22227	-2230113600	20
22227	-2227435200	24.9
22227	-2224843200	24.7
22227	-2222164800	24.8
22227	-2219486400	21.9
22227	-2216894400	15.7
22227	-2214216000	8.5
22227	-2211624000	4.2
22227	-2208945600	5.4
22227	-2206267200	5.3
22227	-2203848000	11.1
22227	-2201169600	12.4
22227	-2198577600	19.7
22227	-2195899200	26.4
22227	-2193307200	24.8
22227	-2190628800	25.9
22227	-2187950400	22.7
22227	-2185358400	15.5
22227	-2182680000	10.1
22227	-2180088000	6.2
22227	-2177409600	5.9
22227	-2174731200	6.7
22227	-2172312000	9.8
22227	-2169633600	14.4
22227	-2167041600	18.7
22227	-2164363200	23.8
22227	-2161771200	25.8
22227	-2159092800	25.6
22227	-2156414400	21.4
22227	-2153822400	15.4
22227	-2151144000	10
22227	-2148552000	6
22227	-2145873600	5.9
22227	-2143195200	7.3
22227	-2140776000	8.7
22227	-2138097600	15.9
22227	-2135505600	19.9
22227	-2132827200	25.9
22227	-2130235200	23.9
22227	-2127556800	24.1
22227	-2124878400	20.1
22227	-2122286400	15.4
22227	-2119608000	9.1
22227	-2117016000	5.9
22227	-2114337600	5.6
22227	-2111659200	3.6
22227	-2109240000	9.5
22227	-2106561600	14.8
22227	-2103969600	18.1
22227	-2101291200	22
22227	-2098699200	25.8
22227	-2096020800	24.9
22227	-2093342400	20.9
22227	-2090750400	13.5
22227	-2088072000	9.9
22227	-2085480000	3.4
22227	-2082801600	2.7
22227	-2080123200	9.4
22227	-2077617600	11.9
22227	-2074939200	14.8
22227	-2072347200	18.8
22227	-2069668800	23.7
22227	-2067076800	24.2
22227	-2064398400	23.8
22227	-2061720000	20.4
22227	-2059128000	15.6
22227	-2056449600	8.4
22227	-2053857600	5
22227	-2051179200	5.9
22227	-2048500800	6.2
22227	-2046081600	11.1
22227	-2043403200	12.4
22227	-2040811200	18.7
22227	-2038132800	24
22227	-2035540800	23.8
22227	-2032862400	24.9
22227	-2030184000	21.3
22227	-2027592000	15.1
22227	-2024913600	8.3
22227	-2022321600	1.6
22227	-2019643200	4
22227	-2016964800	8.1
22227	-2014545600	10.9
22227	-2011867200	13.6
22227	-2009275200	19.3
22227	-2006596800	25.6
22227	-2004004800	24.2
22227	-2001326400	22.9
22227	-1998648000	21
22227	-1996056000	14.4
22227	-1993377600	8
22227	-1990785600	7.3
22227	-1988107200	7.5
22227	-1985428800	10.1
22227	-1983009600	12.9
22227	-1980331200	14.1
22227	-1977739200	16.8
22227	-1975060800	22.8
22227	-1972468800	25
22227	-1969790400	25.2
22227	-1967112000	21.3
22227	-1964520000	15.4
22227	-1961841600	7
22227	-1959249600	5.9
22227	-1956571200	5.9
22227	-1953892800	7.2
22227	-1951387200	12.5
22227	-1948708800	14.3
22227	-1946116800	17.8
22227	-1943438400	23.7
22227	-1940846400	24
22227	-1938168000	23.3
22227	-1935489600	20.1
22227	-1932897600	13
22227	-1930219200	7.3
22227	-1927627200	5.4
22227	-1924948800	8.8
22227	-1922270400	6.8
22227	-1919851200	8.5
22227	-1917172800	13.8
22227	-1914580800	18.2
22227	-1911902400	24.4
22227	-1909310400	25.8
22227	-1906632000	24.6
22227	-1903953600	20.1
22227	-1901361600	16.7
22227	-1898683200	10.3
22227	-1896091200	1.9
22227	-1893412800	6.9
22227	-1890734400	6.7
22227	-1888315200	13.4
22227	-1885636800	14.7
22227	-1883044800	18.8
22227	-1880366400	24.9
22227	-1877774400	25.9
22227	-1875096000	27.2
22227	-1872417600	24.3
22227	-1869825600	16.1
22227	-1867147200	10.6
22227	-1864555200	7.3
22227	-1861876800	8.1
22227	-1859198400	7
22227	-1856779200	12.9
22227	-1854100800	14.2
22227	-1851508800	19.9
22227	-1848830400	23.7
22227	-1846238400	23.8
22227	-1843560000	25.9
22227	-1840881600	23.1
22227	-1838289600	15
22227	-1835611200	7.7
22227	-1833019200	2.5
22227	-1830340800	6.1
22227	-1827662400	6.1
22227	-1825156800	9.9
22227	-1822478400	11.7
22227	-1819886400	19.4
22227	-1817208000	23.4
22227	-1814616000	25.3
22227	-1811937600	23.5
22227	-1809259200	20
22227	-1806667200	13.3
22227	-1803988800	7.8
22227	-1801396800	3.8
22227	-1798718400	1.4
22227	-1796040000	5.5
22227	-1793620800	9.4
22227	-1790942400	13.2
22227	-1788350400	19.2
22227	-1785672000	21.2
22227	-1783080000	24.8
22227	-1780401600	24
22227	-1777723200	19
22227	-1775131200	15.5
22227	-1772452800	10.6
22227	-1769860800	3.5
22227	-1767182400	7.3
22227	-1764504000	7.2
22227	-1762084800	9.6
22227	-1759406400	14.4
22227	-1756814400	19.9
22227	-1754136000	23.3
22227	-1751544000	23
22227	-1748865600	24
22227	-1746187200	21.7
22227	-1743595200	14.1
22227	-1740916800	10.8
22227	-1738324800	6.1
22227	-1735646400	3.3
22227	-1732968000	6.2
22227	-1730548800	6.7
22227	-1727870400	13.6
22227	-1725278400	18.2
22227	-1722600000	24.8
22227	-1720008000	26
22227	-1717329600	23.9
22227	-1714651200	20.8
22227	-1712059200	15.7
22227	-1709380800	9.2
22227	-1706788800	4.2
22227	-1704110400	7.6
22227	-1701432000	9.5
22227	-1698926400	13
22227	-1696248000	13.1
22227	-1693656000	18.1
22227	-1690977600	25.5
22227	-1688385600	24.9
22227	-1685707200	23.8
22227	-1683028800	20.7
22227	-1680436800	15.3
22227	-1677758400	9.6
22227	-1675166400	4.7
22227	-1672488000	5.3
22227	-1669809600	7.3
22227	-1667390400	9.4
22227	-1664712000	14.5
22227	-1662120000	17.6
22227	-1659441600	25.5
22227	-1656849600	26.1
22227	-1654171200	24.1
22227	-1651492800	21
22227	-1648900800	15.4
22227	-1646222400	10.7
22227	-1643630400	7.5
22227	-1640952000	2.5
22227	-1638273600	9.2
22227	-1635854400	12.1
22227	-1633176000	14
22227	-1630584000	18.6
22227	-1627905600	25
22227	-1625313600	25.5
22227	-1622635200	23.8
22227	-1619956800	21
22227	-1617364800	15.7
22227	-1614686400	6.2
22227	-1612094400	7.8
22227	-1609416000	2.5
22227	-1606737600	5
22227	-1604318400	9
22227	-1601640000	14.9
22227	-1599048000	19.5
22227	-1596369600	21.6
22227	-1593777600	24.1
22227	-1591099200	25.5
22227	-1588420800	20.9
22227	-1585828800	16
22227	-1583150400	10.5
22227	-1580558400	6.5
22227	-1577880000	5.8
22227	-1575201600	8.5
22227	-1572696000	9
22227	-1570017600	12.8
22227	-1567425600	18.8
22227	-1564747200	22.6
22227	-1562155200	25.4
22227	-1559476800	23.2
22227	-1556798400	21.5
22227	-1554206400	14.8
22227	-1551528000	8.7
22227	-1548936000	3.9
22227	-1546257600	7.2
22227	-1543579200	7.6
22227	-1541160000	12.2
22227	-1538481600	12.8
22227	-1535889600	19.8
22227	-1533211200	23.4
22227	-1530619200	24.3
22227	-1527940800	24.3
22227	-1525262400	22.8
22227	-1522670400	17
22227	-1519992000	9.4
22227	-1517400000	7
22227	-1514721600	4
22227	-1512043200	7.5
22227	-1509624000	10.1
22227	-1506945600	13.4
22227	-1504353600	20.4
22227	-1501675200	25.1
22227	-1499083200	25.7
22227	-1496404800	25.4
22227	-1493726400	22
22227	-1491134400	15.7
22227	-1488456000	7.9
22227	-1485864000	7
22227	-1483185600	6.8
22227	-1480507200	5.9
22227	-1478088000	8.1
22227	-1475409600	14.1
22227	-1472817600	19.9
22227	-1470139200	24.7
22227	-1467547200	25.4
22227	-1464868800	23.3
22227	-1462190400	20.1
22227	-1459598400	14.7
22227	-1456920000	9.3
22227	-1454328000	3.9
22227	-1451649600	4.2
22227	-1448971200	7.5
22227	-1446465600	8.1
22227	-1443787200	13.7
22227	-1441195200	19.4
22227	-1438516800	26.6
22227	-1435924800	25.3
22227	-1433246400	26
22227	-1430568000	21.1
22227	-1427976000	16.3
22227	-1425297600	11.5
22227	-1422705600	3.5
22227	-1420027200	3.4
22227	-1417348800	8.6
22227	-1414929600	11.9
22227	-1412251200	16.4
22227	-1409659200	20.2
22227	-1406980800	23.6
22227	-1404388800	25.6
22227	-1401710400	23.1
22227	-1399032000	21.7
22227	-1396440000	15.3
22227	-1393761600	9.1
22227	-1391169600	3.4
22227	-1388491200	2.4
22227	-1385812800	8.4
22227	-1383393600	8.8
22227	-1380715200	13.7
22227	-1378123200	17.8
22227	-1375444800	23.9
22227	-1372852800	24.7
22227	-1370174400	23.9
22227	-1367496000	23
22227	-1364904000	15.9
22227	-1362225600	9.7
22227	-1359633600	4.5
22227	-1356955200	6.6
22227	-1354276800	6.8
22227	-1351857600	8.9
22227	-1349179200	13.8
22227	-1346587200	16.8
22227	-1343908800	22.8
22227	-1341316800	25.5
22227	-1338638400	23.8
22227	-1335960000	21.7
22227	-1333368000	17.1
22227	-1330689600	11.6
22227	-1328097600	3
22227	-1325419200	5.2
22227	-1322740800	6.5
22227	-1320235200	11.4
22227	-1317556800	13.6
22227	-1314964800	19.1
22227	-1312286400	24.6
22227	-1309694400	26.6
22227	-1307016000	23.3
22227	-1304337600	21.1
22227	-1301745600	16.4
22227	-1299067200	6.6
22227	-1296475200	6.3
22227	-1293796800	5.3
22227	-1291118400	5.8
22227	-1288699200	8.6
22227	-1286020800	14.3
22227	-1283428800	18.1
22227	-1280750400	25.1
22227	-1278158400	24.6
22227	-1275480000	23.4
22227	-1272801600	21.2
22227	-1270209600	14.4
22227	-1267531200	6.1
22227	-1264939200	5.5
22227	-1262260800	4
22227	-1259582400	10
22227	-1257163200	9
22227	-1254484800	16.7
22227	-1251892800	17.1
22227	-1249214400	24.5
22227	-1246622400	24.6
22227	-1243944000	24
22227	-1241265600	21.5
22227	-1238673600	15.5
22227	-1235995200	8
22227	-1233403200	3.3
22227	-1230724800	3.8
22227	-1228046400	7
22227	-1225627200	9.1
22227	-1222948800	13.5
22227	-1220356800	18.3
22227	-1217678400	24.7
22227	-1215086400	25
22227	-1212408000	22.5
22227	-1209729600	22.5
22227	-1207137600	17
22227	-1204459200	9.4
22227	-1201867200	3.6
22227	-1199188800	2.9
22227	-1196510400	8.9
22227	-1194004800	7.8
22227	-1191326400	14.8
22227	-1188734400	19
22227	-1186056000	23.5
22227	-1183464000	25.4
22227	-1180785600	24.5
22227	-1178107200	20.3
22227	-1175515200	14.1
22227	-1172836800	9.3
22227	-1170244800	3.2
22227	-1167566400	3.8
22227	-1164888000	5.1
22227	-1162468800	11.1
22227	-1159790400	12.7
22227	-1157198400	18.1
22227	-1154520000	24
22227	-1151928000	25.5
22227	-1149249600	24.3
22227	-1146571200	23.4
22227	-1143979200	17
22227	-1141300800	10.5
22227	-1138708800	7.4
22227	-1136030400	7.9
22227	-1133352000	11.6
22227	-1130932800	13.2
22227	-1128254400	18.4
22227	-1125662400	22
22227	-1122984000	25.7
22227	-1120392000	27
22227	-1117713600	25.9
22227	-1115035200	22.6
22227	-1112443200	18.4
22227	-1109764800	10.6
22227	-1107172800	6.8
22227	-1104494400	7.7
22227	-1101816000	7.1
22227	-1099396800	11.4
22227	-1096718400	15.3
22227	-1094126400	17.2
22227	-1091448000	23.3
22227	-1088856000	27.3
22227	-1086177600	26.3
22227	-1083499200	20.8
22227	-1080907200	14.8
22227	-1078228800	7.8
22227	-1075636800	4.8
22227	-1072958400	5.3
22227	-1070280000	8.1
22227	-1067774400	11.4
22227	-1065096000	15.5
22227	-1062504000	19.9
22227	-1059825600	24.7
22227	-1057233600	24.8
22227	-1054555200	24.4
22227	-1051876800	20.3
22227	-1049284800	13.7
22227	-1046606400	9
22227	-1044014400	6.1
22227	-1041336000	3.8
22227	-1038657600	7.2
22227	-1036238400	8.9
22227	-1033560000	15.5
22227	-1030968000	20.3
22227	-1028289600	24
22227	-1025697600	26.1
22227	-1023019200	25.9
22227	-1020340800	22.8
22227	-1017748800	16.5
22227	-1015070400	10.9
22227	-1012478400	6.1
22227	-1009800000	5.9
22227	-1007121600	8.1
22227	-1004702400	9.3
22227	-1002024000	11.5
22227	-999432000	16.3
22227	-996753600	23
22227	-994161600	24
22227	-991483200	24.6
22227	-988804800	20.2
22227	-986212800	16.1
22227	-983534400	6.9
22227	-980942400	6.3
22227	-978264000	4.1
22227	-975585600	3.3
22227	-973166400	11.1
22227	-970488000	13.5
22227	-967896000	20.8
22227	-965217600	26.1
22227	-962625600	25.3
22227	-959947200	23.4
22227	-957268800	21.5
22227	-954676800	14.9
22227	-951998400	9
22227	-949406400	7.5
22227	-946728000	3.2
22227	-944049600	6.2
22227	-941544000	10.4
22227	-938865600	13.8
22227	-936273600	19.6
22227	-933595200	23.5
22227	-931003200	26
22227	-928324800	23.8
22227	-925646400	22
22227	-923054400	16.7
22227	-920376000	9
22227	-917784000	7.8
22227	-915105600	6.6
22227	-912427200	8.5
22227	-910008000	9.7
22227	-907329600	13
22227	-904737600	20.4
22227	-902059200	22.6
22227	-899467200	24.2
22227	-896788800	23.8
22227	-894110400	21
22227	-891518400	14.9
22227	-888840000	9.2
22227	-886248000	6.1
22227	-883569600	5.5
22227	-880891200	5.2
22227	-878472000	8.8
22227	-875793600	14.8
22227	-873201600	18.8
22227	-870523200	24.4
22227	-867931200	25.6
22227	-865252800	23.6
22227	-862574400	19.9
22227	-859982400	15.7
22227	-857304000	10.8
22227	-854712000	7.1
22227	-852033600	6.2
22227	-849355200	8.5
22227	-846936000	10.7
22227	-844257600	17
22227	-841665600	20.1
22227	-838987200	25.5
22227	-836395200	25.3
22227	-833716800	27.3
22227	-831038400	21.9
22227	-828446400	15.3
22227	-825768000	8.8
22227	-823176000	4.6
22227	-820497600	5
22227	-817819200	7.3
22227	-815313600	9.1
22227	-812635200	12.9
22227	-810043200	18.8
22227	-807364800	23.9
22227	-804772800	25.4
22227	-802094400	24.8
22227	-799416000	20.8
22227	-796824000	16
22227	-794145600	6.5
22227	-791553600	4.4
22227	-788875200	5.3
22227	-786196800	8.2
22227	-783777600	9.4
22227	-781099200	13.4
22227	-778507200	19.4
22227	-775828800	23.3
22227	-773236800	25.6
22227	-770558400	25.8
22227	-767880000	21.9
22227	-765288000	15.3
22227	-762609600	9.4
22227	-760017600	4.8
22227	-757339200	3.1
22227	-754660800	6.8
22227	-752241600	10.8
22227	-749563200	17
22227	-746971200	18.6
22227	-744292800	25.5
22227	-741700800	25.3
22227	-739022400	25.5
22227	-736344000	22.5
22227	-733752000	15.4
22227	-731073600	7.8
22227	-728481600	7.1
22227	-725803200	2.8
22227	-723124800	7.7
22227	-720705600	10.2
22227	-718027200	13.6
22227	-715435200	20.5
22227	-712756800	23.6
22227	-710164800	26.3
22227	-707486400	24.5
22227	-704808000	22.5
22227	-702216000	17
22227	-699537600	6.9
22227	-696945600	3.7
22227	-694267200	3.6
22227	-691588800	6.9
22227	-689083200	8.2
22227	-686404800	16.9
22227	-683812800	20.3
22227	-681134400	25
22227	-678542400	26.2
22227	-675864000	25.3
22227	-673185600	21.6
22227	-670593600	15.1
22227	-667915200	6.5
22227	-665323200	6.6
22227	-662644800	1.6
22227	-659966400	6.5
22227	-657547200	11.3
22227	-654868800	14
22227	-652276800	19.8
22227	-649598400	24.7
22227	-647006400	25.5
22227	-644328000	24.4
22227	-641649600	21.3
22227	-639057600	14
22227	-636379200	11.3
22227	-633787200	4.6
22227	-631108800	7.1
22227	-628430400	9.4
22227	-626011200	11.1
22227	-623332800	16.2
22227	-620740800	19.1
22227	-618062400	25.2
22227	-615470400	24.8
22227	-612792000	24.8
22227	-610113600	21.1
22227	-607521600	19.5
22227	-604843200	11.3
22227	-602251200	8.8
22227	-599572800	5.7
22227	-596894400	6.9
22227	-594475200	10
22227	-591796800	14.2
22227	-589204800	20.4
22227	-586526400	24.7
22227	-583934400	27.5
22227	-581256000	25.8
22227	-578577600	22.8
22227	-575985600	16.2
22227	-573307200	8.1
22227	-570715200	6.1
22227	-568036800	7.6
22227	-565358400	6.4
22227	-562852800	7.7
22227	-560174400	14
22227	-557582400	19.3
22227	-554904000	25.4
22227	-552312000	25.2
22227	-549633600	26.4
22227	-546955200	21.9
22227	-544363200	16.7
22227	-541684800	7.4
22227	-539092800	4.7
22227	-536414400	8
22227	-533736000	6.3
22227	-531316800	11.6
22227	-528638400	14.7
22227	-526046400	17.2
22227	-523368000	26
22227	-520776000	26.4
22227	-518097600	25
22227	-515419200	22
22227	-512827200	14.9
22227	-510148800	9.4
22227	-507556800	2.6
22227	-504878400	7.1
22227	-502200000	10
22227	-499780800	9.9
22227	-497102400	17.3
22227	-494510400	19.2
22227	-491832000	24.2
22227	-489240000	26.3
22227	-486561600	24.3
22227	-483883200	22.4
22227	-481291200	16.5
22227	-478612800	10.5
22227	-476020800	6.2
22227	-473342400	3.3
22227	-470664000	4.9
22227	-468244800	11.3
22227	-465566400	14.3
22227	-462974400	18.2
22227	-460296000	23.7
22227	-457704000	23.7
22227	-455025600	23.9
22227	-452347200	22.6
22227	-449755200	16.8
22227	-447076800	8.2
22227	-444484800	7.5
22227	-441806400	7.5
22227	-439128000	4.9
22227	-436622400	11.2
22227	-433944000	13.3
22227	-431352000	21.3
22227	-428673600	25.9
22227	-426081600	25.6
22227	-423403200	24.5
22227	-420724800	22.5
22227	-418132800	16.7
22227	-415454400	6.4
22227	-412862400	4.8
22227	-410184000	7.5
22227	-407505600	11.7
22227	-405086400	10.4
22227	-402408000	13.5
22227	-399816000	17
22227	-397137600	23.5
22227	-394545600	25.9
22227	-391867200	23.9
22227	-389188800	19.9
22227	-386596800	13.5
22227	-383918400	6.6
22227	-381326400	5.9
22227	-378648000	3.6
22227	-375969600	8.3
22227	-373550400	7.9
22227	-370872000	13.9
22227	-368280000	20.6
22227	-365601600	25.1
22227	-363009600	25.5
22227	-360331200	25.4
22227	-357652800	20.8
22227	-355060800	14
22227	-352382400	10
22227	-349790400	7.4
22227	-347112000	6.1
22227	-344433600	7.1
22227	-342014400	10.6
22227	-339336000	15.5
22227	-336744000	19.3
22227	-334065600	25
22227	-331473600	25.3
22227	-328795200	24.4
22227	-326116800	22.3
22227	-323524800	16.6
22227	-320846400	7.4
22227	-318254400	5.6
22227	-315576000	2.6
22227	-312897600	5.4
22227	-310392000	12
22227	-307713600	15.2
22227	-305121600	19.2
22227	-302443200	25.7
22227	-299851200	24.4
22227	-297172800	25.3
22227	-294494400	21.7
22227	-291902400	14.4
22227	-289224000	10.1
22227	-286632000	2.2
22227	-283953600	4
22227	-281275200	7
22227	-278856000	10.6
22227	-276177600	14.4
22227	-273585600	20.1
22227	-270907200	24.3
22227	-268315200	25.3
22227	-265636800	24.6
22227	-262958400	20.3
22227	-260366400	15.7
22227	-257688000	6.8
22227	-255096000	5.6
22227	-252417600	3.5
22227	-249739200	9.6
22227	-247320000	7.6
22227	-244641600	15.9
22227	-242049600	19.5
22227	-239371200	23.4
22227	-236779200	23.9
22227	-234100800	25.8
22227	-231422400	21.5
22227	-228830400	16.3
22227	-226152000	10.5
22227	-223560000	6
22227	-220881600	3.3
22227	-218203200	7.8
22227	-215784000	10.7
22227	-213105600	15.4
22227	-210513600	21
22227	-207835200	24
22227	-205243200	26.9
22227	-202564800	24.1
22227	-199886400	21.8
22227	-197294400	17.5
22227	-194616000	9.7
22227	-192024000	4.6
22227	-189345600	2.2
22227	-186667200	3.1
22227	-184161600	8.9
22227	-181483200	13.8
22227	-178891200	19.9
22227	-176212800	24.2
22227	-173620800	26
22227	-170942400	25.3
22227	-168264000	21.4
22227	-165672000	16.6
22227	-162993600	8.7
22227	-160401600	4.8
22227	-157723200	6.2
22227	-155044800	6.1
22227	-152625600	8.4
22227	-149947200	15.2
22227	-147355200	18.9
22227	-144676800	22.8
22227	-142084800	25.9
22227	-139406400	24.4
22227	-136728000	20.6
22227	-134136000	15.9
22227	-131457600	11.5
22227	-128865600	5.9
22227	-126187200	2.6
22227	-123508800	3.8
22227	-121089600	10.7
22227	-118411200	14.8
22227	-115819200	20.1
22227	-113140800	23.5
22227	-110548800	26.5
22227	-107870400	24
22227	-105192000	20.9
22227	-102600000	14.9
22227	-99921600	10.6
22227	-97329600	4.8
22227	-94651200	4.7
22227	-91972800	7.5
22227	-89553600	13
22227	-86875200	15.8
22227	-84283200	18.6
22227	-81604800	23.1
22227	-79012800	26.2
22227	-76334400	23.4
22227	-73656000	20.5
22227	-71064000	16.2
22227	-68385600	10
22227	-65793600	3.3
22227	-63115200	4.8
22227	-60436800	8.7
22227	-57931200	9.6
22227	-55252800	13.2
22227	-52660800	19.1
22227	-49982400	24.4
22227	-47390400	24.4
22227	-44712000	22.9
22227	-42033600	19.7
22227	-39441600	16.5
22227	-36763200	8.3
22227	-34171200	3.7
22227	-31492800	7.5
22227	-28814400	6.8
22227	-26395200	7.5
22227	-23716800	16
22227	-21124800	19.4
22227	-18446400	24
22227	-15854400	25.9
22227	-13176000	26.3
22227	-10497600	21.3
22227	-7905600	15.3
22227	-5227200	8.4
22227	-2635200	6.1
22227	43200	4.8
22227	2721600	7.6
22227	5140800	8.6
22227	7819200	13.1
22227	10411200	19.4
22227	13089600	23.3
22227	15681600	25.6
22227	18360000	24.6
22227	21038400	21.2
22227	23630400	13.1
22227	26308800	9
22227	28900800	6.6
22227	31579200	5.9
22227	34257600	7
22227	36676800	11.4
22227	39355200	13.5
22227	41947200	18.3
22227	44625600	24.1
22227	47217600	25.9
22227	49896000	23
22227	52574400	21.3
22227	55166400	14.5
22227	57844800	8.8
22227	60436800	4.7
22227	63115200	5.9
22227	65793600	8.2
22227	68299200	14.1
22227	70977600	15.3
22227	73569600	18.7
22227	76248000	23.3
22227	78840000	25.3
22227	81518400	23.5
22227	84196800	20.1
22227	86788800	16.1
22227	89467200	6.4
22227	92059200	4.9
22227	94737600	3.2
22227	97416000	5.4
22227	99835200	8.3
22227	102513600	11.2
22227	105105600	17.9
22227	107784000	22.8
22227	110376000	23.9
22227	113054400	23.9
22227	115732800	21.4
22227	118324800	15.7
22227	121003200	10.8
22227	123595200	5.4
22227	126273600	5.3
22227	128952000	5.6
22227	131371200	13.3
22227	134049600	15.2
22227	136641600	21.3
22227	139320000	24.7
22227	141912000	24.1
22227	144590400	22.2
22227	147268800	19.8
22227	149860800	14.7
22227	152539200	8
22227	155131200	3
22227	157809600	4.5
22227	160488000	6.1
22227	162907200	9.6
22227	165585600	12.1
22227	168177600	17.4
22227	170856000	23.9
22227	173448000	23.5
22227	176126400	23.8
22227	178804800	19.2
22227	181396800	15.4
22227	184075200	8.7
22227	186667200	5.2
22227	189345600	4.8
22227	192024000	9.7
22227	194529600	10
22227	197208000	14.6
22227	199800000	18
22227	202478400	24.7
22227	205070400	23.5
22227	207748800	24.4
22227	210427200	20.2
22227	213019200	12.9
22227	215697600	4.6
22227	218289600	4.1
22227	220968000	4.4
22227	223646400	6.8
22227	226065600	8.4
22227	228744000	13.9
22227	231336000	18.8
22227	234014400	24.5
22227	236606400	24.5
22227	239284800	26
22227	241963200	23.3
22227	244555200	15.5
22227	247233600	10
22227	249825600	7.3
22227	252504000	6
22227	255182400	6.4
22227	257601600	11.8
22227	260280000	15.4
22227	262872000	18.7
22227	265550400	24.8
22227	268142400	26.4
22227	270820800	23.8
22227	273499200	20.4
22227	276091200	16.5
22227	278769600	10.4
22227	281361600	4.3
22227	284040000	3.3
22227	286718400	6.9
22227	289137600	9.9
22227	291816000	14.6
22227	294408000	17.9
22227	297086400	22.2
22227	299678400	25.8
22227	302356800	23
22227	305035200	21
22227	307627200	16.9
22227	310305600	6.3
22227	312897600	5.1
22227	315576000	6.8
22227	318254400	7.9
22227	320760000	9.1
22227	323438400	13.5
22227	326030400	17.9
22227	328708800	26.5
22227	331300800	27.4
22227	333979200	24.6
22227	336657600	21.5
22227	339249600	13.6
22227	341928000	7.6
22227	344520000	7.4
22227	347198400	5.7
22227	349876800	8.2
22227	352296000	8.7
22227	354974400	16.6
22227	357566400	18.9
22227	360244800	25.3
22227	362836800	26.1
22227	365515200	23.3
22227	368193600	21
22227	370785600	15.6
22227	373464000	10.8
22227	376056000	7
22227	378734400	5.9
22227	381412800	7.5
22227	383832000	10.7
22227	386510400	14.8
22227	389102400	18.2
22227	391780800	23.9
22227	394372800	25.8
22227	397051200	25.3
22227	399729600	21.3
22227	402321600	14.3
22227	4.05e+08	8.1
22227	407592000	3.7
22227	410270400	3.9
22227	412948800	7
22227	415368000	10.2
22227	418046400	10.7
22227	420638400	17.7
22227	423316800	23.4
22227	425908800	25.6
22227	428587200	25
22227	431265600	22.4
22227	433857600	16
22227	436536000	9.3
22227	439128000	4.7
22227	441806400	4.5
22227	444484800	6.1
22227	446990400	10.8
22227	449668800	14
22227	452260800	22
22227	454939200	23.2
22227	457531200	24.7
22227	460209600	23.2
22227	462888000	20.7
22227	465480000	13.2
22227	468158400	8.7
22227	470750400	5.4
22227	473428800	3.3
22227	476107200	6.1
22227	478526400	10.6
22227	481204800	15.3
22227	483796800	19.6
22227	486475200	23.8
22227	489067200	24.9
22227	491745600	24.6
22227	494424000	19.9
22227	497016000	14.6
22227	499694400	9.7
22227	502286400	5.1
22227	504964800	6.3
22227	507643200	9.4
22227	510062400	11.7
22227	512740800	16.5
22227	515332800	18.8
22227	518011200	23.6
22227	520603200	24.5
22227	523281600	24.7
22227	525960000	20.4
22227	528552000	14.5
22227	531230400	7.7
22227	533822400	4.4
22227	536500800	3.9
22227	539179200	6.5
22227	541598400	8.7
22227	544276800	13.5
22227	546868800	17.9
22227	549547200	23.2
22227	552139200	25.1
22227	554817600	23.5
22227	557496000	19.7
22227	560088000	16.8
22227	562766400	8.1
22227	565358400	3.7
22227	568036800	3.5
22227	570715200	7.5
22227	573220800	9.4
22227	575899200	13.6
22227	578491200	19.2
22227	581169600	23.6
22227	583761600	24.1
22227	586440000	23
22227	589118400	19.6
22227	591710400	17.4
22227	594388800	10
22227	596980800	4.1
22227	599659200	5
22227	602337600	8.7
22227	604756800	13.3
22227	607435200	17.7
22227	610027200	20.8
22227	612705600	24.5
22227	615297600	25.6
22227	617976000	24.2
22227	620654400	20.9
22227	623246400	15.4
22227	625924800	9.4
22227	628516800	3.5
22227	631195200	4.7
22227	633873600	6.8
22227	636292800	10.8
22227	638971200	16.2
22227	641563200	19.3
22227	644241600	26.5
22227	646833600	23.8
22227	649512000	22.6
22227	652190400	20.7
22227	654782400	15.1
22227	657460800	9.6
22227	660052800	4.9
22227	662731200	4.7
22227	665409600	8.5
22227	667828800	9.7
22227	670507200	14.5
22227	673099200	20.8
22227	675777600	23.1
22227	678369600	23.5
22227	681048000	23.4
22227	683726400	19.2
22227	686318400	15.9
22227	688996800	7.6
22227	691588800	5
22227	694267200	2.6
22227	696945600	7.4
22227	699451200	11.1
22227	702129600	15.9
22227	704721600	18.2
22227	707400000	23.4
22227	709992000	25.1
22227	712670400	24.2
22227	715348800	21.7
22227	717940800	16.5
22227	720619200	6.6
22227	723211200	3.9
22227	725889600	5.9
22227	728568000	7.8
22227	730987200	10.4
22227	733665600	14.5
22227	736257600	19.6
22227	738936000	24.1
22227	741528000	25.9
22227	744206400	24.6
22227	746884800	21.3
22227	749476800	14.8
22227	752155200	8
22227	754747200	5
22227	757425600	5.4
22227	760104000	7.4
22227	762523200	11.9
22227	765201600	15.5
22227	767793600	19.8
22227	770472000	26.7
22227	773064000	26.8
22227	775742400	26.2
22227	778420800	21.7
22227	781012800	15.7
22227	783691200	9.4
22227	786283200	6.7
22227	788961600	5.3
22227	791640000	10.7
22227	794059200	11.9
22227	796737600	13.7
22227	799329600	19.4
22227	802008000	23.7
22227	804600000	25.6
22227	807278400	26.1
22227	809956800	21.4
22227	812548800	16.6
22227	815227200	11.4
22227	817819200	6.3
22227	820497600	5.7
22227	823176000	10.3
22227	825681600	9.9
22227	828360000	15.3
22227	830952000	22.3
22227	833630400	25.9
22227	836222400	26.4
22227	838900800	24.6
22227	841579200	20.4
22227	844171200	16.1
22227	846849600	10
22227	849441600	6.3
22227	852120000	4.6
22227	854798400	6.7
22227	857217600	12.3
22227	859896000	13.5
22227	862488000	20.3
22227	865166400	23.5
22227	867758400	25.4
22227	870436800	24.9
22227	873115200	23.5
22227	875707200	15.7
22227	878385600	9.3
22227	880977600	3.4
22227	883656000	6.1
22227	886334400	6.2
22227	888753600	9.9
22227	891432000	13
22227	894024000	20.6
22227	896702400	24.7
22227	899294400	25.9
22227	901972800	24.8
22227	904651200	24.1
22227	907243200	16.2
22227	909921600	11
22227	912513600	5.9
22227	915192000	7.5
22227	917870400	9.3
22227	920289600	12.1
22227	922968000	14.4
22227	925560000	19.3
22227	928238400	23.9
22227	930830400	25.2
22227	933508800	25.2
22227	936187200	21.7
22227	938779200	16.4
22227	941457600	12.1
22227	944049600	4.3
22227	946728000	7.1
22227	949406400	9.8
22227	951912000	11.5
22227	954590400	18.4
22227	957182400	22.9
22227	959860800	24.3
22227	962452800	26.3
22227	965131200	25.2
22227	967809600	23.4
22227	970401600	15.7
22227	973080000	6.3
22227	975672000	5.1
22227	978350400	3.6
22227	981028800	8
22227	983448000	10.4
22227	986126400	16.1
22227	988718400	21.3
22227	991396800	25.2
22227	993988800	26.7
22227	996667200	24.9
22227	999345600	21.9
22227	1001937600	17.5
22227	1004616000	10.8
22227	1007208000	4.6
22227	1009886400	6
22227	1012564800	6.3
22227	1014984000	11.2
22227	1017662400	18.1
22227	1020254400	21.1
22227	1022932800	26.5
22227	1025524800	25.5
22227	1028203200	26.1
22227	1030881600	21.9
22227	1033473600	15.4
22227	1036152000	9
22227	1038744000	4.6
22227	1041422400	7.8
22227	1044100800	7.8
22227	1046520000	11.1
22227	1049198400	15
22227	1051790400	21.3
22227	1054468800	24.5
22227	1057060800	27.2
22227	1059739200	26.3
22227	1062417600	22.6
22227	1065009600	18.4
22227	1067688000	10.8
22227	1070280000	5.1
22227	1072958400	6.4
22227	1075636800	5.8
22227	1078142400	13.3
22227	1080820800	14.9
22227	1083412800	21
22227	1086091200	25
22227	1088683200	26.1
22227	1091361600	24.3
22227	1094040000	20.9
22227	1096632000	16
22227	1099310400	8.1
22227	1101902400	4.8
22227	1104580800	7.5
22227	1107259200	7.7
22227	1109678400	9.9
22227	1112356800	14.8
22227	1114948800	20.8
22227	1117627200	25.4
22227	1120219200	27.2
22227	1122897600	24.8
22227	1125576000	23.6
22227	1128168000	15.9
22227	1130846400	10.6
22227	1133438400	6
22227	1136116800	6.7
22227	1138795200	8.8
22227	1141214400	11.9
22227	1143892800	17.5
22227	1146484800	22.2
22227	1149163200	26.4
22227	1151755200	26.8
22227	1154433600	24.1
22227	1157112000	19.5
22227	1159704000	14.9
22227	1162382400	10.7
22227	1164974400	4.3
22227	1167652800	3.8
22227	1170331200	8.1
22227	1172750400	12.1
22227	1175428800	15.2
22227	1178020800	19.5
22227	1180699200	25.2
22227	1183291200	25.2
22227	1185969600	26.1
22227	1188648000	22.8
22227	1191240000	17.2
22227	1193918400	11.1
22227	1196510400	5.5
22227	1199188800	4.4
22227	1201867200	8.7
22227	1204372800	11.3
22227	1207051200	14.9
22227	1209643200	19.8
22227	1212321600	26.7
22227	1214913600	25
22227	1217592000	24.5
22227	1220270400	20.3
22227	1222862400	16.5
22227	1225540800	10.1
22227	1228132800	6.9
22227	1230811200	7.2
22227	1233489600	9.4
22227	1235908800	12.4
22227	1238587200	15.1
22227	1241179200	21.7
22227	1243857600	24.5
22227	1246449600	27
22227	1249128000	25.6
22227	1251806400	21.2
22227	1254398400	15.2
22227	1257076800	10.5
22227	1259668800	4.2
22227	1262347200	4.1
22227	1265025600	5.8
22227	1267444800	9.4
22227	1270123200	15.5
22227	1272715200	19.5
22227	1275393600	26.1
22227	1277985600	25.6
22227	1280664000	26.1
22227	1283342400	23.4
22227	1285934400	17.1
22227	1288612800	9
22227	1291204800	7.9
22227	1293883200	4.4
22227	1296561600	5.9
22227	1298980800	13.5
22227	1301659200	17.9
22227	1304251200	19.4
22227	1306929600	26.7
22227	1309521600	26.8
22227	1312200000	27.6
22227	1314878400	22.7
22227	1317470400	16.4
22227	1320148800	9.4
22227	1322740800	2.8
22227	1325419200	6.6
22227	1328097600	7
22227	1330603200	12.4
22227	1333281600	17.6
22227	1335873600	20.7
22227	1338552000	26.8
22227	1341144000	26.1
22227	1343822400	26.7
22227	1346500800	22.3
22227	1349092800	17.1
22227	1351771200	11.7
22227	1354363200	6.1
22227	1357041600	3.7
22227	1359720000	5.8
22227	1362139200	12.7
22227	1364817600	16.3
22227	1367409600	20.2
22227	1370088000	27.5
22227	1372680000	25.1
22227	1375358400	25.6
22227	1378036800	21.8
22227	1380628800	15.2
22227	1383307200	9.5
22227	1385899200	5.1
22227	1388577600	5.8
22227	1391256000	10.4
22227	1393675200	11.7
22228	-2340446400	7.8
22228	-2337854400	2.7
22228	-2335176000	6.3
22228	-2332497600	7
22228	-2329992000	12.5
22228	-2327313600	15.6
22228	-2324721600	21.3
22228	-2322043200	27.8
22228	-2319451200	26.8
22228	-2316772800	25.7
22228	-2314094400	22.5
22229	1270123200	15.5
22229	1272715200	20.1
22229	1275393600	26.4
22229	1277985600	27.5
22229	1280664000	26.5
22229	1283342400	24.5
22229	1285934400	18.5
22229	1288612800	10.4
22229	1291204800	9.3
22229	1293883200	6.4
22229	1296561600	7.2
22229	1298980800	14.3
22229	1301659200	18
22229	1304251200	19.9
22229	1306929600	26.8
22229	1309521600	27.3
22229	1312200000	27.1
22229	1314878400	25.8
22229	1317470400	20.3
22229	1320148800	12.9
22229	1322740800	7.8
22229	1325419200	10.7
22229	1328097600	11.1
22229	1330603200	11.9
22229	1333281600	18.1
22229	1335873600	22
22229	1338552000	27.1
22229	1341144000	26.5
22229	1343822400	26.9
22229	1346500800	23
22229	1349092800	42.3
22229	1351771200	13.7
22229	1354363200	7.9
22229	1357041600	5.3
22229	1359720000	6.4
22229	1362139200	13.7
22229	1364817600	16.3
22229	1367409600	21
22229	1370088000	27.4
22229	1372680000	25.2
22229	1375358400	25.3
22229	1378036800	23.7
22229	1380628800	16.3
22229	1383307200	12.2
22229	1385899200	11.5
22229	1388577600	8.5
22229	1391256000	11.5
22229	1393675200	13.9
22229	1396353600	16.3
22229	1398945600	20.3
22229	1401624000	27.4
22229	1404216000	26.6
22229	1406894400	24
22229	1409572800	23.5
22229	1412164800	18.7
22229	1414843200	11.4
22229	1417435200	8.2
22229	1420113600	7
22229	1422792000	12.5
22229	1425211200	14.1
22229	1427889600	15.6
22229	1430481600	18.3
22230	73569600	14.2
22230	76248000	19.3
22230	78840000	20.9
22230	81518400	19.2
22230	84196800	16.8
22230	86788800	11.9
22230	89467200	2.5
22230	92059200	-0.2
22230	94737600	-0.3
22231	63115200	-0.4
22231	65793600	3.6
22231	68299200	10.2
22231	70977600	12.5
22231	73569600	14.6
22231	76248000	18.9
22231	78840000	21.9
22231	81518400	20.6
22231	84196800	18.3
22231	86788800	13.1
22231	89467200	4.8
22231	92059200	1.4
22231	94737600	-1.4
22231	97416000	0.2
22232	-2813745600	3.4
22232	-2811153600	1.3
22232	-2808475200	-2
22232	-2805796800	6.6
22232	-2803377600	8.4
22232	-2800699200	16.7
22232	-2798107200	19.8
22233	-2853316800	25
22233	-2850638400	21.9
22233	-2848046400	13.9
22233	-2845368000	6.4
22233	-2842776000	2.6
22233	-2840097600	3
22233	-2837419200	0.2
22233	-2834913600	6.7
22233	-2832235200	11.7
22233	-2829643200	18.1
22233	-2826964800	24.4
22233	-2824372800	24.6
22233	-2821694400	24.1
22233	-2819016000	19.1
22233	-2816424000	12.5
22233	-2813745600	3.6
22233	-2811153600	2.4
22233	-2808475200	0.9
22233	-2805796800	3.9
22233	-2803377600	7.6
22233	-2800699200	13.8
22233	-2798107200	19.8
22233	-2795428800	25
22233	-2792836800	25.6
22233	-2790158400	22.5
22233	-2787480000	18.7
22233	-2784888000	13.4
22233	-2782209600	3.5
22233	-2779617600	4.9
22233	-2776939200	4.3
22233	-2774260800	5
22233	-2771841600	9.8
22233	-2769163200	10
22233	-2766571200	13.9
22233	-2763892800	20
22233	-2761300800	23.5
22233	-2758622400	22.5
22233	-2755944000	16.9
22233	-2753352000	11.3
22233	-2750673600	7.2
22233	-2748081600	4.4
22233	-2745403200	0.9
22233	-2742724800	4.9
22233	-2740305600	10.1
22233	-2737627200	10.7
22233	-2735035200	16.4
22233	-2732356800	23.2
22233	-2729764800	21.6
22233	-2727086400	21.1
22233	-2724408000	17.7
22233	-2721816000	10.3
22233	-2719137600	5.1
22233	-2716545600	3.8
22233	-2713867200	1.6
22233	-2711188800	4.6
22233	-2708683200	6
22233	-2706004800	8.6
22233	-2703412800	13.1
22233	-2700734400	17.9
22233	-2698142400	23.6
22233	-2695464000	20.3
22233	-2692785600	16.1
22233	-2690193600	13.8
22233	-2687515200	6.7
22233	-2684923200	1.1
22233	-2682244800	0.3
22233	-2679566400	4.2
22233	-2677147200	8.4
22233	-2674468800	11.8
22233	-2671876800	14.8
22233	-2669198400	18.6
22233	-2666606400	23.1
22233	-2663928000	21.7
22233	-2661249600	18.9
22233	-2658657600	13.5
22233	-2655979200	8.6
22233	-2653387200	4.2
22233	-2650708800	1.6
22233	-2648030400	5.9
22233	-2645611200	5.6
22233	-2642932800	10
22233	-2640340800	17.4
22233	-2637662400	21
22233	-2635070400	23.6
22233	-2632392000	22.5
22233	-2629713600	17.8
22233	-2627121600	12.2
22233	-2624443200	4.2
22233	-2621851200	4.6
22233	-2619172800	2.7
22233	-2616494400	5.1
22233	-2614075200	9.7
22233	-2611396800	11
22233	-2608804800	16.4
22233	-2606126400	22.5
22233	-2603534400	23.1
22233	-2600856000	22.1
22233	-2598177600	19.3
22233	-2595585600	13
22233	-2592907200	7.8
22233	-2590315200	0.8
22233	-2587636800	1.4
22233	-2584958400	5.3
22233	-2582452800	6
22233	-2579774400	13.7
22233	-2577182400	15.4
22233	-2574504000	21.1
22233	-2571912000	25.3
22234	-2432462400	6.3
22234	-2429784000	7.9
22234	-2427105600	9
22234	-2424686400	11.9
22234	-2422008000	16.4
22234	-2419416000	19.7
22234	-2416737600	26.6
22234	-2414145600	27.4
22234	-2411467200	25.4
22234	-2408788800	22.7
22234	-2406196800	15.3
22234	-2403518400	8.7
22234	-2400926400	7.5
22234	-2398248000	4.4
22234	-2395569600	5.7
22234	-2393150400	10.9
22234	-2390472000	16.9
22234	-2387880000	20.9
22234	-2385201600	24.1
22234	-2382609600	26.8
22234	-2379931200	25.7
22234	-2377252800	22.3
22234	-2374660800	18.3
22234	-2371982400	11
22234	-2369390400	8.6
22234	-2366712000	6.3
22234	-2364033600	6.4
22234	-2361614400	11.9
22234	-2358936000	16.7
22234	-2356344000	19.9
22234	-2353665600	24.1
22234	-2351073600	25.8
22234	-2348395200	25.2
22234	-2345716800	22.8
22234	-2343124800	14.9
22234	-2340446400	9
22234	-2337854400	4.5
22234	-2335176000	6.8
22234	-2332497600	7.1
22234	-2329992000	11.9
22234	-2327313600	15
22234	-2324721600	21
22234	-2322043200	26.4
22234	-2319451200	26.1
22234	-2316772800	25.8
22234	-2314094400	23.3
22234	-2311502400	16.4
22234	-2308824000	11.4
22234	-2306232000	7.5
22234	-2303553600	5.5
22234	-2300875200	8
22234	-2298456000	11.6
22234	-2295777600	16.1
22234	-2293185600	21.6
22234	-2290507200	25
22234	-2287915200	26.1
22234	-2285236800	25.3
22234	-2282558400	22.2
22234	-2279966400	16
22234	-2277288000	11.6
22234	-2274696000	5.3
22234	-2272017600	4.4
22234	-2269339200	9.7
22234	-2266920000	11.2
22234	-2264241600	17.3
22234	-2261649600	18.6
22234	-2258971200	23.8
22234	-2256379200	25.9
22234	-2253700800	25.6
22234	-2251022400	21.7
22234	-2248430400	15.3
22234	-2245752000	9.3
22234	-2243160000	3.7
22234	-2240481600	5.4
22234	-2237803200	6.1
22234	-2235384000	12
22234	-2232705600	15.2
22234	-2230113600	18.5
22234	-2227435200	23.9
22234	-2224843200	26.3
22234	-2222164800	25.7
22234	-2219486400	22
22234	-2216894400	16.2
22234	-2214216000	10.9
22234	-2211624000	6.2
22234	-2208945600	8
22234	-2206267200	8.9
22234	-2203848000	13.7
22234	-2201169600	13.4
22234	-2198577600	21.6
22234	-2195899200	26.8
22234	-2193307200	27.8
22234	-2190628800	26.7
22234	-2187950400	24.4
22234	-2185358400	17.5
22234	-2182680000	10.8
22234	-2180088000	5.9
22234	-2177409600	7.6
22234	-2174731200	9.8
22234	-2172312000	11.1
22234	-2169633600	15
22234	-2167041600	21.3
22234	-2164363200	25.2
22234	-2161771200	27.5
22234	-2159092800	27.6
22234	-2156414400	24
22234	-2153822400	17.3
22234	-2151144000	12.1
22234	-2148552000	7.1
22234	-2145873600	7.1
22234	-2143195200	9
22234	-2140776000	10.8
22234	-2138097600	17.6
22234	-2135505600	21.2
22234	-2132827200	26.5
22234	-2130235200	26.1
22234	-2127556800	25.8
22234	-2124878400	21.8
22234	-2122286400	17
22234	-2119608000	10.4
22234	-2117016000	6.6
22234	-2114337600	6.3
22234	-2111659200	5.9
22234	-2109240000	10.7
22234	-2106561600	16.9
22234	-2103969600	19.4
22234	-2101291200	23.9
22234	-2098699200	27.7
22234	-2096020800	26.5
22234	-2093342400	22.6
22234	-2090750400	15.3
22234	-2088072000	11
22234	-2085480000	5.9
22234	-2082801600	4.2
22234	-2080123200	9.9
22234	-2077617600	13.5
22234	-2074939200	17
22234	-2072347200	20.6
22234	-2069668800	25.6
22234	-2067076800	27
22234	-2064398400	25.7
22234	-2061720000	22
22234	-2059128000	16.2
22234	-2056449600	9.2
22234	-2053857600	6.1
22234	-2051179200	6.7
22234	-2048500800	7.9
22234	-2046081600	11.7
22234	-2043403200	13.9
22234	-2040811200	18.8
22234	-2038132800	25.7
22234	-2035540800	25.5
22234	-2032862400	26.3
22234	-2030184000	22.8
22234	-2027592000	16
22234	-2024913600	10.9
22234	-2022321600	3.4
22234	-2019643200	4.3
22234	-2016964800	8.1
22234	-2014545600	11.8
22234	-2011867200	15.6
22234	-2009275200	19.2
22234	-2006596800	25.8
22234	-2004004800	26
22234	-2001326400	24.6
22234	-1998648000	22.6
22234	-1996056000	15.5
22234	-1993377600	9.9
22234	-1990785600	8.6
22234	-1988107200	8.4
22234	-1985428800	10.4
22234	-1983009600	14.3
22234	-1980331200	17.8
22234	-1977739200	17.9
22234	-1975060800	24
22234	-1972468800	27.5
22234	-1969790400	27
22234	-1967112000	23.5
22234	-1964520000	16.7
22234	-1961841600	10
22234	-1959249600	7.9
22234	-1956571200	5.7
22234	-1953892800	7.9
22234	-1951387200	13.4
22234	-1948708800	16.2
22234	-1946116800	18.7
22234	-1943438400	24.3
22234	-1940846400	26
22234	-1938168000	25.5
22234	-1935489600	22
22234	-1932897600	14.9
22234	-1930219200	9.7
22234	-1927627200	7.4
22234	-1924948800	9.5
22234	-1922270400	7.8
22234	-1919851200	10.2
22234	-1917172800	15.3
22234	-1914580800	18.9
22234	-1911902400	26.4
22234	-1909310400	28
22234	-1906632000	26.8
22234	-1903953600	22.6
22234	-1901361600	17.4
22234	-1898683200	11.8
22234	-1896091200	4
22234	-1893412800	7.2
22234	-1890734400	7.6
22234	-1888315200	15.1
22234	-1885636800	16.5
22234	-1883044800	22.4
22234	-1880366400	26.6
22234	-1877774400	28.8
22234	-1875096000	28.2
22234	-1872417600	24.9
22234	-1869825600	17.3
22234	-1867147200	11.7
22234	-1864555200	8.6
22234	-1861876800	8.6
22234	-1859198400	8.1
22234	-1856779200	14.1
22234	-1854100800	15.2
22234	-1851508800	21.1
22234	-1848830400	25.5
22234	-1846238400	26.3
22234	-1843560000	27.2
22234	-1840881600	24.3
22234	-1838289600	16.5
22234	-1835611200	8.2
22234	-1833019200	2.1
22234	-1830340800	6.2
22234	-1827662400	7.2
22234	-1825156800	11.1
22234	-1822478400	13.4
22234	-1819886400	20.1
22234	-1817208000	25.4
22234	-1814616000	27.2
22234	-1811937600	25.4
22234	-1809259200	21
22234	-1806667200	15.5
22234	-1803988800	8.5
22234	-1801396800	2.9
22234	-1798718400	3.3
22234	-1796040000	6.6
22234	-1793620800	9.9
22234	-1790942400	14.5
22234	-1788350400	20.2
22234	-1785672000	24.5
22234	-1783080000	26.6
22234	-1780401600	25.8
22234	-1777723200	19.6
22234	-1775131200	16.3
22234	-1772452800	11.6
22234	-1769860800	4.7
22234	-1767182400	7.9
22234	-1764504000	7.9
22234	-1762084800	10.4
22234	-1759406400	16.4
22234	-1756814400	20.9
22234	-1754136000	25.7
22234	-1751544000	26
22234	-1748865600	26.5
22234	-1746187200	23.2
22234	-1743595200	16.1
22234	-1740916800	11.9
22234	-1738324800	5.6
22234	-1735646400	4.6
22234	-1732968000	8.2
22234	-1730548800	9.3
22234	-1727870400	15.5
22234	-1725278400	18.1
22234	-1722600000	25.6
22234	-1720008000	27.4
22234	-1717329600	24.9
22234	-1714651200	22.4
22234	-1712059200	16.7
22234	-1709380800	10
22234	-1706788800	5.6
22234	-1704110400	9.1
22234	-1701432000	10.5
22234	-1698926400	14.3
22234	-1696248000	15.7
22234	-1693656000	20.3
22234	-1690977600	26.2
22234	-1688385600	27.2
22234	-1685707200	25.8
22234	-1683028800	22.2
22234	-1680436800	17.2
22234	-1677758400	8.8
22234	-1675166400	5.1
22234	-1672488000	6.2
22234	-1669809600	7.5
22234	-1667390400	9.9
22234	-1664712000	14.9
22234	-1662120000	17.3
22234	-1659441600	25.1
22234	-1656849600	28.2
22234	-1654171200	25.8
22234	-1651492800	22.3
22234	-1648900800	16.3
22234	-1646222400	10.9
22234	-1643630400	7.8
22234	-1640952000	4.1
22234	-1638273600	9.3
22234	-1635854400	12.6
22234	-1633176000	15.5
22234	-1630584000	18.8
22234	-1627905600	27
22234	-1625313600	26.9
22234	-1622635200	25.5
22234	-1619956800	22.3
22234	-1617364800	16.7
22234	-1614686400	8.8
22234	-1612094400	4
22234	-1609416000	3.7
22234	-1606737600	5.2
22234	-1604318400	10.6
22234	-1601640000	16.7
22234	-1599048000	20.3
22234	-1596369600	24.5
22234	-1593777600	26.5
22234	-1591099200	26.6
22234	-1588420800	22.2
22234	-1585828800	16.7
22234	-1583150400	10.2
22234	-1580558400	7.4
22234	-1577880000	6.5
22234	-1575201600	10.5
22234	-1572696000	10.4
22234	-1570017600	13.6
22234	-1567425600	21
22234	-1564747200	24.6
22234	-1562155200	27.9
22234	-1559476800	24.7
22234	-1556798400	22.7
22234	-1554206400	15.4
22234	-1551528000	9.5
22234	-1548936000	4.1
22234	-1546257600	7.4
22234	-1543579200	8.3
22234	-1541160000	13.7
22234	-1538481600	14.6
22234	-1535889600	20.4
22234	-1533211200	22.1
22234	-1530619200	26.5
22234	-1527940800	26.3
22234	-1525262400	24.2
22234	-1522670400	17.9
22234	-1519992000	10.4
22234	-1517400000	8.5
22234	-1514721600	5.4
22234	-1512043200	8.7
22234	-1509624000	10.3
22234	-1506945600	14.7
22234	-1504353600	21.2
22234	-1501675200	26.5
22234	-1499083200	27.6
22234	-1496404800	27.1
22234	-1493726400	23.6
22234	-1491134400	16.6
22234	-1488456000	8.5
22234	-1485864000	7.7
22234	-1483185600	7.9
22234	-1480507200	7.4
22234	-1478088000	9.8
22234	-1475409600	16.2
22234	-1472817600	21
22234	-1470139200	24.6
22234	-1467547200	27.4
22234	-1464868800	25.6
22234	-1462190400	21.5
22234	-1459598400	15.4
22234	-1456920000	9.6
22234	-1454328000	4.7
22234	-1451649600	4.4
22234	-1448971200	7.9
22234	-1446465600	9.4
22234	-1443787200	14.3
22234	-1441195200	20
22234	-1438516800	26.4
22234	-1435924800	26.9
22234	-1433246400	26.7
22234	-1430568000	22
22234	-1427976000	16.7
22234	-1425297600	10.7
22234	-1422705600	3.7
22234	-1420027200	4
22234	-1417348800	9.8
22234	-1414929600	13.2
22234	-1412251200	17.1
22234	-1409659200	20.9
22234	-1406980800	25.4
22234	-1404388800	27.2
22234	-1401710400	24.3
22234	-1399032000	21.6
22234	-1396440000	16
22234	-1393761600	8.5
22234	-1391169600	3.2
22234	-1388491200	3.2
22234	-1385812800	8.3
22234	-1383393600	10.5
22234	-1380715200	14.1
22234	-1378123200	19.1
22234	-1375444800	24.6
22234	-1372852800	25.7
22234	-1370174400	24.6
22234	-1367496000	23.4
22234	-1364904000	16.8
22234	-1362225600	10.1
22234	-1359633600	6.4
22234	-1356955200	7.8
22234	-1354276800	10.8
22234	-1351857600	11.4
22234	-1349179200	15.2
22234	-1346587200	20.5
22234	-1343908800	24.3
22234	-1341316800	26.5
22234	-1338638400	24.8
22234	-1335960000	22.1
22234	-1333368000	16.3
22234	-1330689600	12.6
22234	-1328097600	5.4
22234	-1325419200	6
22234	-1322740800	8
22234	-1320235200	12.9
22234	-1317556800	14.6
22234	-1314964800	20.5
22234	-1312286400	24.6
22234	-1309694400	26.4
22234	-1307016000	24.3
22234	-1304337600	21.4
22234	-1301745600	17.6
22234	-1299067200	9.4
22234	-1296475200	5.7
22234	-1293796800	5.3
22234	-1291118400	7
22234	-1288699200	10.9
22234	-1286020800	15.3
22234	-1283428800	19.6
22234	-1280750400	25.2
22234	-1278158400	26
22234	-1275480000	24.2
22234	-1272801600	22.8
22234	-1270209600	16.5
22234	-1267531200	7
22234	-1264939200	4.6
22234	-1262260800	5.4
22234	-1259582400	9.5
22234	-1257163200	9.7
22234	-1254484800	17.6
22234	-1251892800	18.4
22234	-1249214400	25.5
22234	-1246622400	25.8
22234	-1243944000	25.4
22234	-1241265600	21.9
22234	-1238673600	15.8
22234	-1235995200	8.5
22234	-1233403200	4.2
22234	-1230724800	5.4
22234	-1228046400	8.4
22234	-1225627200	10
22234	-1222948800	14.9
22234	-1220356800	20
22234	-1217678400	25.6
22234	-1215086400	26.2
22234	-1212408000	24.2
22234	-1209729600	23.8
22234	-1207137600	17.7
22234	-1204459200	8.9
22234	-1201867200	4
22234	-1199188800	3
22234	-1196510400	9.6
22234	-1194004800	9.6
22234	-1191326400	15.4
22234	-1188734400	20.3
22234	-1186056000	24.1
22234	-1183464000	27.5
22234	-1180785600	26.6
22234	-1178107200	21.4
22234	-1175515200	15.4
22234	-1172836800	8.8
22234	-1170244800	4.2
22234	-1167566400	5.2
22234	-1164888000	6
22234	-1162468800	12.3
22234	-1159790400	13.5
22234	-1157198400	17.9
22234	-1154520000	24.2
22234	-1151928000	27.5
22234	-1149249600	25.9
22234	-1146571200	24.3
22234	-1143979200	17.2
22234	-1141300800	9.3
22234	-1138708800	6.3
22234	-1136030400	4.2
22234	-1133352000	9.2
22234	-1130932800	12.2
22234	-1128254400	17.6
22234	-1125662400	22.5
22234	-1122984000	25
22234	-1120392000	28.3
22234	-1117713600	27.6
22234	-1115035200	22.9
22234	-1112443200	17.8
22234	-1109764800	10.2
22234	-1107172800	7.1
22234	-1104494400	7.4
22234	-1101816000	7.5
22234	-1099396800	12.2
22234	-1096718400	15.8
22234	-1094126400	18.3
22234	-1091448000	25.4
22234	-1088856000	28.1
22234	-1086177600	26.4
22234	-1083499200	21
22234	-1080907200	16.7
22234	-1078228800	8.7
22234	-1075636800	6
22234	-1072958400	5
22234	-1070280000	8.4
22234	-1067774400	11.8
22234	-1065096000	16.3
22234	-1062504000	21.8
22234	-1059825600	25.8
22234	-1057233600	27
22234	-1054555200	25.9
22234	-1051876800	21.9
22234	-1049284800	15.5
22234	-1046606400	8.8
22234	-1044014400	6.4
22234	-1041336000	3.6
22234	-1038657600	7.6
22234	-1036238400	9.9
22234	-1033560000	15.2
22234	-1030968000	20.5
22234	-1028289600	24.8
22234	-1025697600	27.3
22234	-1023019200	26.9
22234	-1020340800	23.3
22234	-1017748800	17.1
22234	-1015070400	10.2
22234	-1012478400	6.9
22234	-1009800000	6.3
22234	-1007121600	9.6
22234	-1004702400	11.7
22234	-1002024000	15.2
22234	-999432000	20.1
22234	-996753600	24.8
22234	-994161600	24.1
22234	-991483200	25.2
22234	-988804800	21.3
22234	-986212800	17.4
22234	-983534400	7.2
22234	-980942400	6.7
22234	-978264000	5.3
22234	-975585600	3.8
22234	-973166400	11.6
22234	-970488000	16
22234	-967896000	20.4
22234	-965217600	25.2
22234	-962625600	26.7
22234	-959947200	25.3
22234	-957268800	22.7
22234	-954676800	15.4
22234	-951998400	9.8
22234	-949406400	7.7
22234	-946728000	4.4
22234	-944049600	7.9
22234	-941544000	12.2
22234	-938865600	15.3
22234	-936273600	20.9
22234	-933595200	24.6
22234	-931003200	26.9
22234	-928324800	25.3
22234	-925646400	23.4
22234	-923054400	16.5
22234	-920376000	8.4
22234	-917784000	8.6
22234	-915105600	6.6
22234	-912427200	9.9
22234	-910008000	10.5
22234	-907329600	13.5
22234	-904737600	21.1
22234	-902059200	23.9
22234	-899467200	25.9
22234	-896788800	25.2
22234	-894110400	22.8
22234	-891518400	16.8
22234	-888840000	10.1
22234	-886248000	6.8
22234	-883569600	6.7
22234	-880891200	7.1
22234	-878472000	9.8
22234	-875793600	15.5
22234	-873201600	19.2
22234	-870523200	25.3
22234	-867931200	26.9
22234	-865252800	25.6
22234	-862574400	21.9
22234	-859982400	16.3
22234	-857304000	11.3
22234	-854712000	8
22234	-852033600	6.6
22234	-849355200	9.8
22234	-846936000	12.3
22234	-844257600	17.6
22234	-841665600	20.8
22234	-838987200	25.7
22234	-836395200	26.8
22234	-833716800	27.9
22234	-831038400	22.3
22234	-828446400	15.6
22234	-825768000	9.4
22234	-823176000	6
22234	-820497600	4.6
22234	-817819200	8.2
22234	-815313600	10.3
22234	-812635200	14.3
22234	-810043200	19.4
22234	-807364800	24.4
22234	-804772800	27
22234	-802094400	25.9
22234	-799416000	21.7
22234	-796824000	17.5
22234	-794145600	8.8
22234	-791553600	5.5
22234	-788875200	6.3
22234	-786196800	8.8
22234	-783777600	10.6
22234	-781099200	14.3
22234	-778507200	19.8
22234	-775828800	23.7
22234	-773236800	27.9
22234	-770558400	27.3
22234	-767880000	22.6
22234	-765288000	16.7
22234	-762609600	10.1
22234	-760017600	5.2
22234	-757339200	4.6
22234	-754660800	6.8
22234	-752241600	11.7
22234	-749563200	18
22234	-746971200	19.4
22234	-744292800	27
22234	-741700800	27.2
22234	-739022400	27.4
22234	-736344000	24.1
22234	-733752000	17
22234	-731073600	8.5
22234	-728481600	7.2
22234	-725803200	4.5
22234	-723124800	9
22234	-720705600	10.8
22234	-718027200	14.7
22234	-715435200	21.6
22234	-712756800	25
22234	-710164800	27.9
22234	-707486400	25.7
22234	-704808000	23.2
22234	-702216000	17.9
22234	-699537600	7.7
22234	-696945600	4.4
22234	-694267200	4.5
22234	-691588800	7.6
22234	-689083200	9.1
22234	-686404800	17.8
22234	-683812800	21.3
22234	-681134400	25.5
22234	-678542400	27
22234	-675864000	26.3
22234	-673185600	22.2
22234	-670593600	15.3
22234	-667915200	8
22234	-665323200	7
22234	-662644800	3.2
22234	-659966400	7.7
22234	-657547200	12.2
22234	-654868800	15.8
22234	-652276800	20.4
22234	-649598400	25.3
22234	-647006400	26.6
22234	-644328000	25.1
22234	-641649600	23.4
22234	-639057600	15.6
22234	-636379200	11.8
22234	-633787200	5.5
22234	-631108800	7.5
22234	-628430400	10.5
22234	-626011200	12.5
22234	-623332800	17.3
22234	-620740800	19.8
22234	-618062400	26.4
22234	-615470400	26.2
22234	-612792000	25.3
22234	-610113600	21.8
22234	-607521600	19.1
22234	-604843200	10.5
22234	-602251200	7.9
22234	-599572800	5.1
22234	-596894400	8
22234	-594475200	11.1
22234	-591796800	15.4
22234	-589204800	21.1
22234	-586526400	24.4
22234	-583934400	28.9
22234	-581256000	26.9
22234	-578577600	23.3
22234	-575985600	18.3
22234	-573307200	9.1
22234	-570715200	7.8
22234	-568036800	9
22234	-565358400	7.8
22234	-562852800	9
22234	-560174400	15.9
22234	-557582400	21
22234	-554904000	26.7
22234	-552312000	26.9
22234	-549633600	27.2
22234	-546955200	23
22234	-544363200	16.4
22234	-541684800	8.6
22234	-539092800	5
22234	-536414400	8.2
22234	-533736000	7.3
22234	-531316800	12.4
22234	-528638400	15.9
22234	-526046400	17.9
22234	-523368000	26.6
22234	-520776000	27.7
22234	-518097600	26
22234	-515419200	21.7
22234	-512827200	15.9
22234	-510148800	10.8
22234	-507556800	3
22234	-504878400	7.1
22234	-502200000	9.9
22234	-499780800	11.5
22234	-497102400	18.6
22234	-494510400	21.2
22234	-491832000	25.2
22234	-489240000	27.6
22234	-486561600	25.7
22234	-483883200	23.9
22234	-481291200	18
22234	-478612800	10.7
22234	-476020800	6.5
22234	-473342400	4.7
22234	-470664000	5.4
22234	-468244800	11.5
22234	-465566400	15.6
22234	-462974400	19.9
22234	-460296000	24.5
22234	-457704000	25.8
22234	-455025600	25.6
22234	-452347200	22.9
22234	-449755200	17.1
22234	-447076800	9.9
22234	-444484800	8
22234	-441806400	8.1
22234	-439128000	5.9
22234	-436622400	11.6
22234	-433944000	14.3
22234	-431352000	21.6
22234	-428673600	27.8
22234	-426081600	26.8
22234	-423403200	25
22234	-420724800	22.7
22234	-418132800	17.4
22234	-415454400	7.6
22234	-412862400	5.8
22234	-410184000	8.4
22234	-407505600	12.8
22234	-405086400	11.8
22234	-402408000	15.2
22234	-399816000	18.6
22234	-397137600	25.4
22234	-394545600	27.7
22234	-391867200	25.8
22234	-389188800	21.2
22234	-386596800	15.4
22234	-383918400	8
22234	-381326400	6.6
22234	-378648000	4.8
22234	-375969600	9.1
22234	-373550400	9.3
22234	-370872000	15.5
22234	-368280000	21.5
22234	-365601600	27
22234	-363009600	27.5
22234	-360331200	26.3
22234	-357652800	22.4
22234	-355060800	16
22234	-352382400	10.2
22234	-349790400	6.4
22234	-347112000	7
22234	-344433600	8
22234	-342014400	10.4
22234	-339336000	16.3
22234	-336744000	19.9
22234	-334065600	26.5
22234	-331473600	26.8
22234	-328795200	25.8
22234	-326116800	22.1
22234	-323524800	16.3
22234	-320846400	8.6
22234	-318254400	6.5
22234	-315576000	3.9
22234	-312897600	6
22234	-310392000	13
22234	-307713600	16
22234	-305121600	20.2
22234	-302443200	27
22234	-299851200	26
22234	-297172800	26.1
22234	-294494400	23
22234	-291902400	16
22234	-289224000	10.6
22234	-286632000	4.2
22234	-283953600	5.6
22234	-281275200	7.9
22234	-278856000	11.8
22234	-276177600	15.6
22234	-273585600	21.2
22234	-270907200	25.5
22234	-268315200	27.1
22234	-265636800	25.6
22234	-262958400	21.7
22234	-260366400	16.1
22234	-257688000	8.4
22234	-255096000	7
22234	-252417600	4.8
22234	-249739200	10.1
22234	-247320000	8.8
22234	-244641600	17.4
22234	-242049600	19.9
22234	-239371200	24.4
22234	-236779200	26
22234	-234100800	26.9
22234	-231422400	22.8
22234	-228830400	17.2
22234	-226152000	11.7
22234	-223560000	6.8
22234	-220881600	4.3
22234	-218203200	9.3
22234	-215784000	12.1
22234	-213105600	16.5
22234	-210513600	22.4
22234	-207835200	25.2
22234	-205243200	27.8
22234	-202564800	25.2
22234	-199886400	23.2
22234	-197294400	17.6
22234	-194616000	10.6
22234	-192024000	5.4
22234	-189345600	3
22234	-186667200	4.3
22234	-184161600	10.3
22234	-181483200	14.9
22234	-178891200	21
22234	-176212800	24.8
22234	-173620800	27.4
22234	-170942400	26.4
22234	-168264000	22.4
22234	-165672000	16.3
22234	-162993600	9.3
22234	-160401600	5.7
22234	-157723200	7.7
22234	-155044800	7.2
22234	-152625600	9.7
22234	-149947200	16.2
22234	-147355200	20.1
22234	-144676800	23.7
22234	-142084800	27.3
22234	-139406400	25.6
22234	-136728000	21.7
22234	-134136000	15.9
22234	-131457600	12.3
22234	-128865600	6.8
22234	-126187200	3.7
22234	-123508800	5
22234	-121089600	11.7
22234	-118411200	15.9
22234	-115819200	21.2
22234	-113140800	24.5
22234	-110548800	27.5
22234	-107870400	25.3
22234	-105192000	22
22234	-102600000	14.6
22234	-99921600	11.1
22234	-97329600	5.5
22234	-94651200	5.3
22234	-91972800	8.8
22234	-89553600	13.9
22234	-86875200	16.6
22234	-84283200	19.4
22234	-81604800	24.7
22234	-79012800	27.6
22234	-76334400	25.3
22234	-73656000	22.2
22234	-71064000	16.7
22234	-68385600	10.6
22234	-65793600	4.6
22234	-63115200	6
22234	-60436800	10.1
22234	-57931200	11
22234	-55252800	14.4
22234	-52660800	20.6
22234	-49982400	25.6
22234	-47390400	26.1
22234	-44712000	24.4
22234	-42033600	21.3
22234	-39441600	17.5
22234	-36763200	10
22234	-34171200	4.7
22234	-31492800	8.2
22234	-28814400	8.2
22234	-26395200	9.3
22234	-23716800	17
22234	-21124800	20.5
22234	-18446400	24.7
22234	-15854400	27.3
22234	-13176000	28
22234	-10497600	22.7
22234	-7905600	16.7
22234	-5227200	9.8
22234	-2635200	7.2
22234	43200	5.7
22234	2721600	8.6
22234	5140800	10.1
22234	7819200	13.9
22234	10411200	20.2
22234	13089600	24.8
22234	15681600	26.9
22234	18360000	25.5
22234	21038400	22
22234	23630400	14
22234	26308800	9.8
22234	28900800	7.7
22234	31579200	6.9
22234	34257600	8.2
22234	36676800	12.4
22234	39355200	15
22234	41947200	19.5
22234	44625600	25.3
22234	47217600	27.9
22234	49896000	24.6
22234	52574400	22.7
22234	55166400	16.1
22234	57844800	10.4
22234	60436800	6.4
22234	63115200	6.7
22234	65793600	9.1
22234	68299200	15.1
22234	70977600	16.1
22234	73569600	20
22234	76248000	25.2
22234	78840000	27.4
22234	81518400	25.2
22234	84196800	21.7
22234	86788800	18.3
22234	89467200	8
22234	92059200	6.4
22234	94737600	4.6
22234	97416000	6.9
22234	99835200	10.1
22234	102513600	12.9
22234	105105600	19.9
22234	107784000	24.5
22234	110376000	26.4
22234	113054400	25.2
22234	115732800	22.9
22234	118324800	16.2
22234	121003200	11.6
22234	123595200	6.9
22234	126273600	7.6
22234	128952000	7.4
22234	131371200	14.5
22234	134049600	15.8
22234	136641600	21.4
22234	139320000	26.3
22234	141912000	25.8
22234	144590400	24.2
22234	147268800	21
22234	149860800	17.1
22234	152539200	10
22234	155131200	4.5
22234	157809600	6.1
22234	160488000	8
22234	162907200	11.3
22234	165585600	13.1
22234	168177600	18.4
22234	170856000	24.4
22234	173448000	26.1
22234	176126400	25.8
22234	178804800	21.8
22234	181396800	16.5
22234	184075200	10.2
22234	186667200	6.5
22234	189345600	5.6
22234	192024000	10.9
22234	194529600	11.9
22234	197208000	16.1
22234	199800000	19.4
22234	202478400	25.1
22234	205070400	26.2
22234	207748800	26.2
22234	210427200	21.7
22234	213019200	13.8
22234	215697600	7.6
22234	218289600	4.6
22234	220968000	6
22234	223646400	8.4
22234	226065600	9.6
22234	228744000	16.3
22234	231336000	19.4
22234	234014400	25.6
22234	236606400	27.1
22234	239284800	27.3
22234	241963200	23.8
22234	244555200	17.4
22234	247233600	11.6
22234	249825600	8.2
22234	252504000	7
22234	255182400	7.8
22234	257601600	12.9
22234	260280000	16.9
22234	262872000	20.1
22234	265550400	27.3
22234	268142400	28.7
22234	270820800	25.7
22234	273499200	21.3
22234	276091200	16.6
22234	278769600	11.3
22234	281361600	5.1
22234	284040000	4.4
22234	286718400	8.1
22234	289137600	11.3
22234	291816000	16
22234	294408000	19.2
22234	297086400	24.1
22234	299678400	27.5
22234	302356800	24.4
22234	305035200	22.2
22234	307627200	17.4
22234	310305600	8.5
22234	312897600	6.2
22234	315576000	8.3
22234	318254400	9.7
22234	320760000	10.5
22234	323438400	14.7
22234	326030400	18.5
22234	328708800	27
22234	331300800	29.1
22234	333979200	26.2
22234	336657600	22.5
22234	339249600	14.6
22234	341928000	9.5
22234	344520000	8.5
22234	347198400	7.4
22234	349876800	9.4
22234	352296000	11.2
22234	354974400	17.8
22234	357566400	20.9
22234	360244800	26.6
22234	362836800	27.8
22234	365515200	25.1
22234	368193600	22.1
22234	370785600	17.1
22234	373464000	11.8
22234	376056000	8.2
22234	378734400	7
22234	381412800	9.3
22234	383832000	12.9
22234	386510400	16.2
22234	389102400	19.4
22234	391780800	25
22234	394372800	27.5
22234	397051200	27
22234	399729600	23.2
22234	402321600	15.5
22234	4.05e+08	9.5
22234	407592000	6
22234	410270400	5.8
22234	412948800	9.1
22234	415368000	11.9
22234	418046400	12.5
22234	420638400	18.9
22234	423316800	24.3
22234	425908800	27.4
22234	428587200	26.6
22234	431265600	24.8
22234	433857600	17.4
22234	436536000	11.1
22234	439128000	7.4
22234	441806400	6.7
22234	444484800	7.8
22234	446990400	12.4
22234	449668800	15.5
22234	452260800	23.1
22234	454939200	25.6
22234	457531200	26.9
22234	460209600	25.2
22234	462888000	22.4
22234	465480000	14.5
22234	468158400	10.1
22234	470750400	7.1
22234	473428800	4.6
22234	476107200	7.3
22234	478526400	12
22234	481204800	16.9
22234	483796800	20.9
22234	486475200	25
22234	489067200	26.7
22234	491745600	26
22234	494424000	21.8
22234	497016000	16.2
22234	499694400	10.8
22234	502286400	6.6
22234	504964800	8.2
22234	507643200	10.5
22234	510062400	13
22234	512740800	17.9
22234	515332800	20.5
22234	518011200	24.9
22234	520603200	25.8
22234	523281600	26
22234	525960000	21.8
22234	528552000	15.7
22234	531230400	9
22234	533822400	5.5
22234	536500800	5.5
22234	539179200	8.2
22234	541598400	10.1
22234	544276800	15.1
22234	546868800	19.8
22234	549547200	24.7
22234	552139200	26.8
22234	554817600	25.3
22234	557496000	21.4
22234	560088000	18.5
22234	562766400	9.9
22234	565358400	4.2
22234	568036800	5.6
22234	570715200	9.5
22234	573220800	11.3
22234	575899200	15.1
22234	578491200	20.6
22234	581169600	25.3
22234	583761600	26.2
22234	586440000	24.8
22234	589118400	21.2
22234	591710400	18.7
22234	594388800	11.4
22234	596980800	5.4
22234	599659200	6.2
22234	602337600	9.9
22234	604756800	14.4
22234	607435200	18.9
22234	610027200	22
22234	612705600	26.1
22234	615297600	27.6
22234	617976000	25.3
22234	620654400	22.4
22234	623246400	16.7
22234	625924800	11.3
22234	628516800	5.5
22234	631195200	5.9
22234	633873600	7.7
22234	636292800	12.5
22234	638971200	17.7
22234	641563200	20.6
22234	644241600	28.6
22234	646833600	25.7
22234	649512000	23.8
22234	652190400	22.7
22234	654782400	16.2
22234	657460800	11.1
22234	660052800	6.2
22234	662731200	6.6
22234	665409600	10.2
22234	667828800	10.9
22234	670507200	16.2
22234	673099200	20.2
22234	675777600	24.4
22234	678369600	25.5
22234	681048000	24.9
22234	683726400	21
22234	686318400	17.3
22234	688996800	9.3
22234	691588800	6.3
22234	694267200	4.4
22234	696945600	8.7
22234	699451200	12
22234	702129600	17.3
22234	704721600	19.5
22234	707400000	24.6
22234	709992000	26.9
22234	712670400	25.3
22234	715348800	23.1
22234	717940800	17.4
22234	720619200	8.1
22234	723211200	5.8
22234	725889600	7.9
22234	728568000	9.1
22234	730987200	12.4
22234	733665600	16
22234	736257600	20.7
22234	738936000	25.6
22234	741528000	27.3
22234	744206400	26.2
22234	746884800	22.2
22234	749476800	16.1
22234	752155200	9.4
22234	754747200	6.5
22234	757425600	6.6
22234	760104000	8.2
22234	762523200	12.8
22234	765201600	16.5
22234	767793600	21.4
22234	770472000	28.3
22234	773064000	28.6
22234	775742400	28
22234	778420800	23.4
22234	781012800	16.9
22234	783691200	10.5
22234	786283200	8.5
22234	788961600	6.3
22234	791640000	11.8
22234	794059200	13
22234	796737600	14.5
22234	799329600	19.5
22234	802008000	24.9
22234	804600000	27.2
22234	807278400	27.9
22234	809956800	23.4
22234	812548800	17.5
22234	815227200	12.9
22234	817819200	8
22234	820497600	7.2
22234	823176000	12
22234	825681600	11.4
22234	828360000	16.5
22234	830952000	23
22234	833630400	27.2
22234	836222400	27.6
22234	838900800	25.8
22234	841579200	22.3
22234	844171200	17
22234	846849600	11.6
22234	849441600	7
22234	852120000	6.4
22234	854798400	8.6
22234	857217600	13.7
22234	859896000	15.3
22234	862488000	22.4
22234	865166400	25
22234	867758400	27.6
22234	870436800	26.4
22234	873115200	25.4
22234	875707200	16.3
22234	878385600	10.5
22234	880977600	4.8
22234	883656000	7.3
22234	886334400	7.8
22234	888753600	11
22234	891432000	13.8
22234	894024000	20.8
22234	896702400	24.9
22234	899294400	28.1
22234	901972800	26.5
22234	904651200	25.7
22234	907243200	17.8
22234	909921600	12.1
22234	912513600	7.4
22234	915192000	8.2
22234	917870400	10.9
22234	920289600	13.3
22234	922968000	14.6
22234	925560000	20.4
22234	928238400	24.7
22234	930830400	26.9
22234	933508800	26.6
22234	936187200	24
22234	938779200	16.7
22234	941457600	13.2
22234	944049600	5.8
22234	946728000	9.6
22234	949406400	10.9
22234	951912000	13.2
22234	954590400	18.6
22234	957182400	24.1
22234	959860800	26.2
22234	962452800	28.3
22234	965131200	27.1
22234	967809600	24.9
22234	970401600	16.5
22234	973080000	8
22234	975672000	6.7
22234	978350400	5.5
22234	981028800	9.2
22234	983448000	12.5
22234	986126400	17.1
22234	988718400	22.8
22234	991396800	27.1
22234	993988800	28.8
22234	996667200	27
22234	999345600	24.3
22234	1001937600	18.4
22234	1004616000	12.3
22234	1007208000	5.7
22234	1009886400	7.1
22234	1012564800	7.6
22234	1014984000	12.6
22234	1017662400	19.2
22234	1020254400	21.6
22234	1022932800	28.3
22234	1025524800	27.4
22234	1028203200	27.7
22234	1030881600	24.2
22234	1033473600	16.6
22234	1036152000	10.4
22234	1038744000	6.2
22234	1041422400	9.2
22234	1044100800	9.4
22234	1046520000	12.1
22234	1049198400	16.4
22234	1051790400	22.2
22234	1054468800	26.2
22234	1057060800	28.8
22234	1059739200	28.2
22234	1062417600	24.5
22234	1065009600	19.6
22234	1067688000	11.9
22234	1070280000	6.5
22234	1072958400	7.8
22234	1075636800	7.5
22234	1078142400	14.7
22234	1080820800	16.4
22234	1083412800	22
22234	1086091200	25.7
22234	1088683200	27.2
22234	1091361600	25.3
22234	1094040000	22.3
22234	1096632000	17
22234	1099310400	9.4
22234	1101902400	5.4
22234	1104580800	8.5
22234	1107259200	9.2
22234	1109678400	10.9
22234	1112356800	16.1
22234	1114948800	21.1
22234	1117627200	26.2
22234	1120219200	28.7
22234	1122897600	26.1
22234	1125576000	24.8
22234	1128168000	17.2
22234	1130846400	12
22234	1133438400	7.6
22234	1136116800	8.1
22234	1138795200	10.8
22234	1141214400	13.1
22234	1143892800	18.4
22234	1146484800	23.1
22234	1149163200	27.3
22234	1151755200	27.9
22234	1154433600	25.3
22234	1157112000	20.7
22234	1159704000	16.4
22234	1162382400	12.3
22234	1164974400	5.8
22234	1167652800	5
22234	1170331200	9.3
22234	1172750400	13.5
22234	1175428800	16.3
22234	1178020800	20.9
22234	1180699200	26
22234	1183291200	27
22234	1185969600	27.7
22234	1188648000	24
22234	1191240000	18.5
22234	1193918400	12.5
22234	1196510400	6.8
22234	1199188800	6.4
22234	1201867200	9.2
22234	1204372800	12.2
22234	1207051200	15.8
22234	1209643200	20.7
22234	1212321600	27.3
22234	1214913600	25.9
22234	1217592000	26
22234	1220270400	21.7
22234	1222862400	16.8
22234	1225540800	10.9
22234	1228132800	7.9
22234	1230811200	8.3
22234	1233489600	10.3
22234	1235908800	13.4
22234	1238587200	15.8
22234	1241179200	22.6
22234	1243857600	25.5
22234	1246449600	28.7
22234	1249128000	27.1
22234	1251806400	22.6
22234	1254398400	17.1
22234	1257076800	11.7
22234	1259668800	5.3
22234	1262347200	5.5
22234	1265025600	8.2
22234	1267444800	10.5
22234	1270123200	16.8
22234	1272715200	20
22234	1275393600	27.2
22234	1277985600	27.3
22234	1280664000	27.4
22234	1283342400	24.4
22234	1285934400	18.4
22234	1288612800	10.1
22234	1291204800	8.7
22234	1293883200	5.9
22234	1296561600	6.7
22234	1298980800	14.8
22234	1301659200	18.5
22234	1304251200	20.5
22234	1306929600	27.7
22234	1309521600	28.9
22234	1312200000	29
22234	1314878400	24.7
22234	1317470400	17.7
22234	1320148800	10.5
22234	1322740800	3.9
22234	1325419200	7.9
22234	1328097600	9.1
22234	1330603200	12.6
22234	1333281600	18.8
22234	1335873600	22.1
22234	1338552000	27.9
22234	1341144000	27.7
22234	1343822400	28
22234	1346500800	23.1
22234	1349092800	18.4
22234	1351771200	13.2
22234	1354363200	7.1
22234	1357041600	4.8
22234	1359720000	7.7
22234	1362139200	13.4
22234	1364817600	17.1
22234	1367409600	21.3
22234	1370088000	28.8
22234	1372680000	27.1
22234	1375358400	27.1
22234	1378036800	23.7
22234	1380628800	16.5
22234	1383307200	11
22234	1385899200	6.5
22234	1388577600	6.9
22234	1391256000	11.9
22234	1393675200	12.9
22235	-2398248000	4.3
22235	-2395569600	4.9
22235	-2393150400	9.9
22235	-2390472000	16.5
22235	-2387880000	22
22235	-2385201600	24.8
22235	-2382609600	26
22235	-2379931200	25
22235	-2377252800	21.5
22235	-2374660800	17.9
22235	-2371982400	11.5
22235	-2369390400	7
22235	-2366712000	5
22235	-2364033600	4.1
22235	-2361614400	10.8
22235	-2358936000	15.8
22235	-2356344000	20.4
22235	-2353665600	24.8
22235	-2351073600	25.7
22235	-2348395200	24.1
22235	-2345716800	22.9
22235	-2343124800	13.9
22235	-2340446400	7.7
22235	-2337854400	4.4
22235	-2335176000	5.6
22235	-2332497600	6
22235	-2329992000	12.3
22235	-2327313600	16.8
22235	-2324721600	23.4
22235	-2322043200	27.5
22235	-2319451200	26.3
22235	-2316772800	25
22235	-2314094400	21.8
22235	-2311502400	13.8
22235	-2308824000	10.5
22235	-2306232000	5.7
22235	-2303553600	2.8
22235	-2300875200	7.4
22235	-2298456000	9.6
22235	-2295777600	15.9
22235	-2293185600	21.2
22235	-2290507200	25.5
22235	-2287915200	26.2
22235	-2285236800	25.1
22235	-2282558400	21.8
22235	-2279966400	16
22235	-2277288000	10.9
22235	-2274696000	3.6
22235	-2272017600	4
22235	-2269339200	10
22235	-2266920000	11
22235	-2264241600	16.1
22235	-2261649600	20.8
22235	-2258971200	25.9
22235	-2256379200	27.2
22235	-2253700800	25.5
22235	-2251022400	22.7
22235	-2248430400	16.9
22235	-2245752000	8.6
22235	-2243160000	1.1
22235	-2240481600	5.7
22235	-2237803200	5.4
22235	-2235384000	12.3
22235	-2232705600	14.3
22235	-2230113600	20.6
22235	-2227435200	25.4
22235	-2224843200	26.3
22235	-2222164800	25.7
22235	-2219486400	23.7
22235	-2216894400	16.6
22235	-2214216000	9.6
22235	-2211624000	5.1
22235	-2208945600	7.2
22235	-2206267200	6.6
22235	-2203848000	12.6
22235	-2201169600	13.4
22235	-2198577600	20.7
22235	-2195899200	26.4
22235	-2193307200	26.7
22235	-2190628800	26.5
22235	-2187950400	22.9
22235	-2185358400	14.9
22235	-2182680000	12
22235	-2180088000	6.1
22235	-2177409600	6.4
22235	-2174731200	8.2
22235	-2172312000	9.8
22235	-2169633600	15.4
22235	-2167041600	21.9
22235	-2164363200	26.5
22235	-2161771200	26.6
22235	-2159092800	25.9
22235	-2156414400	22.1
22235	-2153822400	16.4
22235	-2151144000	10.7
22235	-2148552000	5.9
22235	-2145873600	6.6
22235	-2143195200	7.5
22235	-2140776000	9.5
22235	-2138097600	17.8
22235	-2135505600	21.4
22235	-2132827200	28.1
22235	-2130235200	25.1
22235	-2127556800	24.6
22235	-2124878400	21
22235	-2122286400	16.6
22235	-2119608000	9.9
22235	-2117016000	5.6
22235	-2114337600	5.3
22235	-2111659200	4.7
22235	-2109240000	9.9
22235	-2106561600	16.7
22235	-2103969600	20
22235	-2101291200	24.3
22235	-2098699200	26.9
22235	-2096020800	25.4
22235	-2093342400	21.8
22235	-2090750400	14.7
22235	-2088072000	9.9
22235	-2085480000	4.2
22235	-2082801600	3.1
22235	-2080123200	9.7
22235	-2077617600	12.7
22235	-2074939200	16.6
22235	-2072347200	21
22235	-2069668800	25.6
22235	-2067076800	25.4
22235	-2064398400	24.7
22235	-2061720000	21.6
22235	-2059128000	15.8
22235	-2056449600	9.3
22235	-2053857600	5.1
22235	-2051179200	6.1
22235	-2048500800	7.1
22235	-2046081600	12.2
22235	-2043403200	14.4
22235	-2040811200	19.9
22235	-2038132800	26.1
22235	-2035540800	24.9
22235	-2032862400	25.7
22235	-2030184000	22.1
22235	-2027592000	16
22235	-2024913600	9.9
22235	-2022321600	1.7
22235	-2019643200	3.8
22235	-2016964800	8.2
22235	-2014545600	11.5
22235	-2011867200	15
22235	-2009275200	20.1
22235	-2006596800	27.2
22235	-2004004800	25.9
22235	-2001326400	24.3
22235	-1998648000	22.2
22235	-1996056000	15.9
22235	-1993377600	8
22235	-1990785600	7.2
22235	-1988107200	7.5
22235	-1985428800	10.8
22235	-1983009600	13.5
22235	-1980331200	15.8
22235	-1977739200	18
22235	-1975060800	23.7
22235	-1972468800	26.1
22235	-1969790400	25.9
22235	-1967112000	22.1
22235	-1964520000	16
22235	-1961841600	8.4
22235	-1959249600	6
22235	-1956571200	5.9
22235	-1953892800	7.6
22235	-1951387200	13.4
22235	-1948708800	15.9
22235	-1946116800	18.7
22235	-1943438400	25.4
22235	-1940846400	25.2
22235	-1938168000	23.8
22235	-1935489600	21.2
22235	-1932897600	14.5
22235	-1930219200	8.2
22235	-1927627200	6.1
22235	-1924948800	8.4
22235	-1922270400	6.7
22235	-1919851200	9
22235	-1917172800	15.2
22235	-1914580800	19.6
22235	-1911902400	26.6
22235	-1909310400	26.8
22235	-1906632000	25.6
22235	-1903953600	21.6
22235	-1901361600	17
22235	-1898683200	11.1
22235	-1896091200	2.8
22235	-1893412800	6.6
22235	-1890734400	7.4
22235	-1888315200	14.9
22235	-1885636800	16.8
22235	-1883044800	20.8
22235	-1880366400	27.8
22235	-1877774400	27.8
22235	-1875096000	26.7
22235	-1872417600	24.2
22235	-1869825600	17.6
22235	-1867147200	10.5
22235	-1864555200	6.6
22235	-1861876800	8.7
22235	-1859198400	8.1
22235	-1856779200	13.5
22235	-1854100800	15.9
22235	-1851508800	21.3
22235	-1848830400	25.7
22235	-1846238400	26
22235	-1843560000	27.2
22235	-1840881600	24
22235	-1838289600	16.3
22235	-1835611200	7.6
22235	-1833019200	2.5
22235	-1830340800	6.2
22235	-1827662400	7
22235	-1825156800	10.6
22235	-1822478400	12.6
22235	-1819886400	20.3
22235	-1817208000	26.1
22235	-1814616000	26.6
22235	-1811937600	24.5
22235	-1809259200	21.3
22235	-1806667200	15.3
22235	-1803988800	7.8
22235	-1801396800	2.6
22235	-1798718400	3.1
22235	-1796040000	6.5
22235	-1793620800	8.3
22235	-1790942400	14.5
22235	-1788350400	20.1
22235	-1785672000	25.8
22235	-1783080000	26.7
22235	-1780401600	25.1
22235	-1777723200	20.4
22235	-1775131200	16.8
22235	-1772452800	10.8
22235	-1769860800	3.7
22235	-1767182400	7.9
22235	-1764504000	7.2
22235	-1762084800	10.1
22235	-1759406400	15.9
22235	-1756814400	20.1
22235	-1754136000	26.3
22235	-1751544000	24.9
22235	-1748865600	24.7
22235	-1746187200	22.7
22235	-1743595200	16.5
22235	-1740916800	11.7
22235	-1738324800	4.3
22235	-1735646400	3.6
22235	-1732968000	6.4
22235	-1730548800	7.4
22235	-1727870400	14.9
22235	-1725278400	19.1
22235	-1722600000	26.2
22235	-1720008000	26.5
22235	-1717329600	23.5
22235	-1714651200	22.1
22235	-1712059200	16.7
22235	-1709380800	9.6
22235	-1706788800	5.4
22235	-1704110400	8.4
22235	-1701432000	9.8
22235	-1698926400	13.8
22235	-1696248000	15.1
22235	-1693656000	21.7
22235	-1690977600	27.7
22235	-1688385600	26.1
22235	-1685707200	25
22235	-1683028800	21.9
22235	-1680436800	15.9
22235	-1677758400	8.3
22235	-1675166400	4.4
22235	-1672488000	5.8
22235	-1669809600	7.9
22235	-1667390400	8.9
22235	-1664712000	14.7
22235	-1662120000	17.2
22235	-1659441600	25.7
22235	-1656849600	27.4
22235	-1654171200	24.9
22235	-1651492800	22.2
22235	-1648900800	16.1
22235	-1646222400	11.5
22235	-1643630400	8.1
22235	-1640952000	4.2
22235	-1638273600	9.5
22235	-1635854400	12.4
22235	-1633176000	15.3
22235	-1630584000	19.5
22235	-1627905600	28
22235	-1625313600	27.7
22235	-1622635200	25.2
22235	-1619956800	23.2
22235	-1617364800	17.5
22235	-1614686400	7.7
22235	-1612094400	4.8
22235	-1609416000	2.8
22235	-1606737600	5.7
22235	-1604318400	10.4
22235	-1601640000	17
22235	-1599048000	20.4
22235	-1596369600	24.4
22235	-1593777600	26.3
22235	-1591099200	27.4
22235	-1588420800	23.2
22235	-1585828800	17.5
22235	-1583150400	10.4
22235	-1580558400	7.9
22235	-1577880000	6
22235	-1575201600	9.8
22235	-1572696000	9.9
22235	-1570017600	13.9
22235	-1567425600	22
22235	-1564747200	25.1
22235	-1562155200	27.3
22235	-1559476800	25.7
22235	-1556798400	22.7
22235	-1554206400	17
22235	-1551528000	10.3
22235	-1548936000	6
22235	-1546257600	7
22235	-1543579200	8.7
22235	-1541160000	14.4
22235	-1538481600	15.6
22235	-1535889600	21.1
22235	-1533211200	25.9
22235	-1530619200	26
22235	-1527940800	26.1
22235	-1525262400	24.2
22235	-1522670400	17.9
22235	-1519992000	10.7
22235	-1517400000	9.1
22235	-1514721600	6.1
22235	-1512043200	8.5
22235	-1509624000	10.5
22235	-1506945600	15.6
22235	-1504353600	21
22235	-1501675200	27.2
22235	-1499083200	27.1
22235	-1496404800	27.9
22235	-1493726400	24
22235	-1491134400	17.5
22235	-1488456000	10.2
22235	-1485864000	7.9
22235	-1483185600	8.8
22235	-1480507200	9.1
22235	-1478088000	11.1
22235	-1475409600	17
22235	-1472817600	22.4
22235	-1470139200	28.5
22235	-1467547200	28
22235	-1464868800	24.8
22235	-1462190400	23.8
22235	-1459598400	16.4
22235	-1456920000	10.8
22235	-1454328000	6.3
22235	-1451649600	4.5
22235	-1448971200	8.5
22235	-1446465600	8.3
22235	-1443787200	16.6
22235	-1441195200	22.3
22235	-1438516800	28.5
22235	-1435924800	26.4
22235	-1433246400	29.3
22235	-1430568000	23.9
22235	-1427976000	19.4
22235	-1425297600	13.8
22235	-1422705600	6
22235	-1420027200	3
22235	-1417348800	9.1
22235	-1414929600	11.8
22235	-1412251200	17.9
22235	-1409659200	22.8
22235	-1406980800	28.1
22235	-1404388800	28.1
22235	-1401710400	26.9
22235	-1399032000	23.6
22235	-1396440000	17.3
22235	-1393761600	8
22235	-1391169600	4.2
22235	-1388491200	2.6
22235	-1385812800	8.8
22235	-1383393600	10.7
22235	-1380715200	15.1
22235	-1378123200	20.2
22235	-1375444800	27.3
22235	-1372852800	27.2
22235	-1370174400	26.4
22235	-1367496000	24.6
22235	-1364904000	18.2
22235	-1362225600	10.5
22235	-1359633600	6.1
22235	-1356955200	8.5
22235	-1354276800	11
22235	-1351857600	11.7
22235	-1349179200	17
22235	-1346587200	24
22235	-1343908800	27
22235	-1341316800	27.6
22235	-1338638400	26.4
22235	-1335960000	23.4
22235	-1333368000	17.2
22235	-1330689600	12.9
22235	-1328097600	3.8
22235	-1325419200	4.8
22235	-1322740800	6.2
22235	-1320235200	11.3
22235	-1317556800	12.5
22235	-1314964800	18.6
22235	-1312286400	25.9
22235	-1309694400	27.1
22235	-1307016000	23.8
22235	-1304337600	20
22235	-1301745600	17.9
22235	-1299067200	9.4
22235	-1296475200	5
22235	-1293796800	6.8
22235	-1291118400	7.5
22235	-1288699200	11.4
22235	-1286020800	15.6
22235	-1283428800	19.7
22235	-1280750400	27.6
22235	-1278158400	26.6
22235	-1275480000	23.9
22235	-1272801600	23.1
22235	-1270209600	16.8
22235	-1267531200	6.3
22235	-1264939200	5.6
22235	-1262260800	5.8
22235	-1259582400	8.2
22235	-1257163200	10
22235	-1254484800	17.1
22235	-1251892800	20.5
22235	-1249214400	28.3
22235	-1246622400	26.1
22235	-1243944000	24.2
22235	-1241265600	21.6
22235	-1238673600	17.6
22235	-1235995200	9.5
22235	-1233403200	4.6
22235	-1230724800	5.5
22235	-1228046400	9
22235	-1225627200	9.7
22235	-1222948800	11.9
22235	-1220356800	18.9
22235	-1217678400	29.3
22235	-1215086400	28.2
22235	-1212408000	24.9
22235	-1209729600	23.1
22235	-1207137600	18.9
22235	-1204459200	9.6
22235	-1201867200	5.6
22235	-1199188800	4.5
22235	-1196510400	9.3
22235	-1194004800	10.4
22235	-1191326400	16.7
22235	-1188734400	24
22235	-1186056000	27.6
22235	-1183464000	27.5
22235	-1180785600	25.8
22235	-1178107200	20.9
22235	-1175515200	16.1
22235	-1172836800	9.7
22235	-1170244800	4.1
22235	-1167566400	5.2
22235	-1164888000	5.3
22235	-1162468800	12.8
22235	-1159790400	14.7
22235	-1157198400	19
22235	-1154520000	26.4
22235	-1151928000	26.9
22235	-1149249600	26.2
22235	-1146571200	25.9
22235	-1143979200	18
22235	-1141300800	9.3
22235	-1138708800	6.4
22235	-1136030400	4.9
22235	-1133352000	9.1
22235	-1130932800	11.7
22235	-1128254400	18.8
22235	-1125662400	24.1
22235	-1122984000	28.2
22235	-1120392000	27.5
22235	-1117713600	28.3
22235	-1115035200	24.3
22235	-1112443200	19.8
22235	-1109764800	12
22235	-1107172800	6.2
22235	-1104494400	6.2
22235	-1101816000	5.9
22235	-1099396800	12.3
22235	-1096718400	16.7
22235	-1094126400	19.8
22235	-1091448000	28.3
22235	-1088856000	30.1
22235	-1086177600	26.8
22235	-1083499200	22.5
22235	-1080907200	16.8
22235	-1078228800	8.4
22235	-1075636800	4.7
22235	-1072958400	5.5
22235	-1070280000	7.9
22235	-1067774400	11.1
22235	-1065096000	17
22235	-1062504000	22.1
22235	-1059825600	27.7
22235	-1057233600	26.9
22235	-1054555200	26.7
22235	-1051876800	22.6
22235	-1049284800	17.4
22235	-1046606400	9.1
22235	-1044014400	4.8
22235	-1041336000	3.6
22235	-1038657600	5.5
22235	-1036238400	9.3
22235	-1033560000	14.3
22235	-1030968000	21
22235	-1028289600	27.9
22235	-1025697600	27.9
22235	-1023019200	27.2
22235	-1020340800	24.6
22235	-1017748800	18.4
22235	-1015070400	10.3
22235	-1012478400	5.9
22235	-1009800000	5.6
22235	-1007121600	10.8
22235	-1004702400	10.9
22235	-1002024000	18.7
22235	-999432000	21.3
22235	-996753600	26.7
22235	-994161600	26.7
22235	-991483200	26.4
22235	-988804800	22
22235	-986212800	18.2
22235	-983534400	6.9
22235	-980942400	5.7
22235	-978264000	3.7
22235	-975585600	3.8
22235	-973166400	12.1
22235	-970488000	16.8
22235	-967896000	22.1
22235	-965217600	26.8
22235	-962625600	27.4
22235	-959947200	29
22235	-957268800	23.1
22235	-954676800	14.3
22235	-951998400	9.1
22235	-949406400	5.8
22235	-946728000	4.6
22235	-944049600	6.1
22235	-941544000	12.2
22235	-938865600	15.4
22235	-936273600	20.7
22235	-933595200	26.9
22235	-931003200	27.9
22235	-928324800	26.4
22235	-925646400	25.1
22235	-923054400	19.2
22235	-920376000	8.4
22235	-917784000	7.9
22235	-915105600	5.4
22235	-912427200	9.5
22235	-910008000	12.4
22235	-907329600	13.8
22235	-904737600	21.4
22235	-902059200	24.2
22235	-899467200	25.7
22235	-896788800	25
22235	-894110400	23.1
22235	-891518400	16.6
22235	-888840000	9.2
22235	-886248000	5.7
22235	-883569600	5.6
22235	-880891200	6.5
22235	-878472000	9.4
22235	-875793600	15.7
22235	-873201600	19.9
22235	-870523200	26.1
22235	-867931200	26.9
22235	-865252800	25.2
22235	-862574400	21.8
22235	-859982400	15.3
22235	-857304000	11.3
22235	-854712000	6.3
22235	-852033600	4.8
22235	-849355200	8.8
22235	-846936000	11.9
22235	-844257600	18
22235	-841665600	21.8
22235	-838987200	26.3
22235	-836395200	27
22235	-833716800	28.5
22235	-831038400	22.7
22235	-828446400	15.3
22235	-825768000	8.5
22235	-823176000	4.7
22235	-820497600	2.6
22235	-817819200	7.2
22235	-815313600	9.9
22235	-812635200	14.5
22235	-810043200	20.2
22235	-807364800	25.3
22235	-804772800	26.6
22235	-802094400	25.2
22235	-799416000	21.2
22235	-796824000	16.7
22235	-794145600	8.7
22235	-791553600	4.5
22235	-788875200	5.6
22235	-786196800	8.1
22235	-783777600	10.7
22235	-781099200	14.4
22235	-778507200	17.9
22235	-775828800	23.8
22235	-773236800	27.4
22235	-770558400	26.6
22235	-767880000	22.9
22235	-765288000	16.4
22235	-762609600	9.6
22235	-760017600	4.5
22235	-757339200	3.6
22235	-754660800	6.8
22235	-752241600	11.9
22235	-749563200	18.2
22235	-746971200	20.1
22235	-744292800	27.2
22235	-741700800	26.7
22235	-739022400	26.6
22235	-736344000	23.6
22235	-733752000	16.2
22235	-731073600	8
22235	-728481600	6.5
22235	-725803200	2.8
22235	-723124800	7.7
22235	-720705600	11.1
22235	-718027200	13.2
22235	-715435200	22.8
22235	-712756800	25.9
22235	-710164800	28
22235	-707486400	26.2
22235	-704808000	20.9
22235	-702216000	18.2
22235	-699537600	7.7
22235	-696945600	4.2
22235	-694267200	2.9
22235	-691588800	7
22235	-689083200	8.9
22235	-686404800	17.3
22235	-683812800	21.2
22235	-681134400	25.9
22235	-678542400	27.3
22235	-675864000	26.5
22235	-673185600	22.9
22235	-670593600	15.8
22235	-667915200	6.4
22235	-665323200	6.6
22235	-662644800	1.6
22235	-659966400	6.6
22235	-657547200	11.4
22235	-654868800	14.9
22235	-652276800	20.9
22235	-649598400	25.8
22235	-647006400	26.8
22235	-644328000	25.3
22235	-641649600	22
22235	-639057600	15.7
22235	-636379200	11
22235	-633787200	4.7
22235	-631108800	7.6
22235	-628430400	10.2
22235	-626011200	12.5
22235	-623332800	16.9
22235	-620740800	20.2
22235	-618062400	26
22235	-615470400	25.8
22235	-612792000	25
22235	-610113600	21.8
22235	-607521600	19.2
22235	-604843200	10.3
22235	-602251200	7.2
22235	-599572800	5.8
22235	-596894400	6.9
22235	-594475200	10.5
22235	-591796800	15.2
22235	-589204800	20.8
22235	-586526400	25.1
22235	-583934400	28.7
22235	-581256000	26.6
22235	-578577600	23.5
22235	-575985600	17.7
22235	-573307200	8.8
22235	-570715200	6
22235	-568036800	8.6
22235	-565358400	6.7
22235	-562852800	9.4
22235	-560174400	15.4
22235	-557582400	20.5
22235	-554904000	26
22235	-552312000	26.2
22235	-549633600	26.9
22235	-546955200	22.1
22235	-544363200	17.2
22235	-541684800	8.3
22235	-539092800	4.2
22235	-536414400	8.1
22235	-533736000	5.6
22235	-531316800	11.5
22235	-528638400	15.6
22235	-526046400	18
22235	-523368000	26.8
22235	-520776000	27.8
22235	-518097600	25.3
22235	-515419200	23
22235	-512827200	16.7
22235	-510148800	9.8
22235	-507556800	2.7
22235	-504878400	6.4
22235	-502200000	10.4
22235	-499780800	11.3
22235	-497102400	18.7
22235	-494510400	21.6
22235	-491832000	25.5
22235	-489240000	27.6
22235	-486561600	25.7
22235	-483883200	24.2
22235	-481291200	17.9
22235	-478612800	10.5
22235	-476020800	6.1
22235	-473342400	4.1
22235	-470664000	5.7
22235	-468244800	11.9
22235	-465566400	15.8
22235	-462974400	19.6
22235	-460296000	24.3
22235	-457704000	24.7
22235	-455025600	24.8
22235	-452347200	23
22235	-449755200	17.3
22235	-447076800	10.3
22235	-444484800	7.3
22235	-441806400	8.3
22235	-439128000	5.6
22235	-436622400	12
22235	-433944000	14.8
22235	-431352000	21.5
22235	-428673600	26.9
22235	-426081600	25.9
22235	-423403200	24.6
22235	-420724800	23.3
22235	-418132800	17.5
22235	-415454400	6.8
22235	-412862400	4.4
22235	-410184000	9.1
22235	-407505600	12.1
22235	-405086400	12.1
22235	-402408000	15
22235	-399816000	19.1
22235	-397137600	25.3
22235	-394545600	27.4
22235	-391867200	25.7
22235	-389188800	21.7
22235	-386596800	15.2
22235	-383918400	7.1
22235	-381326400	5.1
22235	-378648000	3.9
22235	-375969600	8.7
22235	-373550400	8.4
22235	-370872000	14.8
22235	-368280000	22.1
22235	-365601600	26.9
22235	-363009600	27.6
22235	-360331200	26.4
22235	-357652800	21.8
22235	-355060800	15.5
22235	-352382400	9.8
22235	-349790400	5.7
22235	-347112000	5.9
22235	-344433600	7.2
22235	-342014400	10.4
22235	-339336000	16.3
22235	-336744000	20.5
22235	-334065600	27.3
22235	-331473600	26.5
22235	-328795200	25.6
22235	-326116800	22.9
22235	-323524800	15.8
22235	-320846400	8
22235	-318254400	5.5
22235	-315576000	3.5
22235	-312897600	4.6
22235	-310392000	11.6
22235	-307713600	16.3
22235	-305121600	20.1
22235	-302443200	26.7
22235	-299851200	25.5
22235	-297172800	25.7
22235	-294494400	22.9
22235	-291902400	15.9
22235	-289224000	10.4
22235	-286632000	2
22235	-283953600	4.2
22235	-281275200	7.8
22235	-278856000	11.6
22235	-276177600	16
22235	-273585600	20.5
22235	-270907200	24.7
22235	-268315200	26.6
22235	-265636800	25
22235	-262958400	21.3
22235	-260366400	16.2
22235	-257688000	7.8
22235	-255096000	6.5
22235	-252417600	3.1
22235	-249739200	10.3
22235	-247320000	8.6
22235	-244641600	17.1
22235	-242049600	20.4
22235	-239371200	24.6
22235	-236779200	25
22235	-234100800	25.9
22235	-231422400	21.4
22235	-228830400	16.3
22235	-226152000	11.2
22235	-223560000	6.4
22235	-220881600	2.9
22235	-218203200	8.5
22235	-215784000	11.6
22235	-213105600	16.9
22235	-210513600	22
22235	-207835200	24.7
22235	-205243200	28
22235	-202564800	24.4
22235	-199886400	22.3
22235	-197294400	17.9
22235	-194616000	10.4
22235	-192024000	4.6
22235	-189345600	2.5
22235	-186667200	3.4
22235	-184161600	9.2
22235	-181483200	14.6
22235	-178891200	20.5
22235	-176212800	24.5
22235	-173620800	26.9
22235	-170942400	25.8
22235	-168264000	22.2
22235	-165672000	17
22235	-162993600	9.9
22235	-160401600	4.7
22235	-157723200	7.4
22235	-155044800	6.8
22235	-152625600	9.2
22235	-149947200	17.1
22235	-147355200	20.1
22235	-144676800	23.7
22235	-142084800	27.4
22235	-139406400	25.1
22235	-136728000	21.8
22235	-134136000	16
22235	-131457600	13.1
22235	-128865600	6.4
22235	-126187200	3.1
22235	-123508800	4.7
22235	-121089600	12.2
22235	-118411200	16.2
22235	-115819200	20.9
22235	-113140800	24.1
22235	-110548800	27
22235	-107870400	24.1
22235	-105192000	21.8
22235	-102600000	15.3
22235	-99921600	11.8
22235	-97329600	5.3
22235	-94651200	4.5
22235	-91972800	7.9
22235	-89553600	13.8
22235	-86875200	16.8
22235	-84283200	19.4
22235	-81604800	24
22235	-79012800	26.7
22235	-76334400	23.7
22235	-73656000	20.7
22235	-71064000	16.3
22235	-68385600	10.1
22235	-65793600	3.8
22235	-63115200	5
22235	-60436800	9.3
22235	-57931200	10.3
22235	-55252800	14.3
22235	-52660800	20.5
22235	-49982400	25.3
22235	-47390400	24.9
22235	-44712000	23.8
22235	-42033600	21
22235	-39441600	17.2
22235	-36763200	9.4
22235	-34171200	4.4
22235	-31492800	8.2
22235	-28814400	7.5
22235	-26395200	8.2
22235	-23716800	17.5
22235	-21124800	20.2
22235	-18446400	24.4
22235	-15854400	27
22235	-13176000	27.4
22235	-10497600	22
22235	-7905600	16.7
22235	-5227200	9.2
22235	-2635200	7.1
22235	43200	6.4
22235	2721600	9.3
22235	5140800	10.3
22235	7819200	14.7
22235	10411200	20.1
22235	13089600	24.4
22235	15681600	26.6
22235	18360000	25.4
22235	21038400	22.1
22235	23630400	13.9
22235	26308800	9.4
22235	28900800	6.7
22235	31579200	6.1
22235	34257600	7.8
22235	36676800	11.6
22235	39355200	13.5
22235	41947200	20.2
22235	44625600	26
22235	47217600	27.1
22235	49896000	23.9
22235	52574400	21.6
22235	55166400	15.5
22235	57844800	10.7
22235	60436800	6.5
22235	63115200	5.2
22235	65793600	11.5
22235	68299200	13.3
22235	70977600	15.6
22235	73569600	18.9
22235	76248000	24
22235	78840000	26
22235	81518400	24.3
22235	84196800	21.6
22235	86788800	17.7
22235	89467200	7.7
22235	92059200	9.2
22235	94737600	4.1
22235	97416000	6.4
22235	99835200	8.8
22235	102513600	12.3
22235	105105600	18.5
22235	107784000	24
22235	110376000	26.6
22235	113054400	25.6
22235	115732800	22.1
22235	118324800	16.7
22235	121003200	11.2
22235	123595200	3.9
22235	126273600	6.2
22235	128952000	8
22235	131371200	13.3
22235	134049600	16.7
22235	136641600	22
22235	139320000	26.7
22235	141912000	25.8
22235	144590400	23.5
22235	147268800	20.3
22235	149860800	16.4
22235	152539200	9.1
22235	155131200	4
22235	157809600	6
22235	160488000	8.2
22235	162907200	10.4
22235	165585600	13.3
22235	168177600	18.4
22235	170856000	24.6
22235	173448000	25.2
22235	176126400	25.3
22235	178804800	20.6
22235	181396800	16.2
22235	184075200	9.5
22235	186667200	4.9
22235	189345600	5
22235	192024000	11.1
22235	194529600	11.5
22235	197208000	16.2
22235	199800000	19.3
22235	202478400	25.3
22235	205070400	25.1
22235	207748800	25.4
22235	210427200	21.5
22235	213019200	13.3
22235	215697600	7.5
22235	218289600	4.4
22235	220968000	5.2
22235	223646400	7.8
22235	226065600	9.7
22235	228744000	15.6
22235	231336000	19.9
22235	234014400	26.3
22235	236606400	26.4
22235	239284800	27.2
22235	241963200	24.5
22235	244555200	17.7
22235	247233600	11.4
22235	249825600	8.5
22235	252504000	6.5
22235	255182400	7.5
22235	257601600	12.7
22235	260280000	17
22235	262872000	20.4
22235	265550400	26.7
22235	268142400	28.1
22235	270820800	24.8
22235	273499200	20.9
22235	276091200	16.6
22235	278769600	10.9
22235	281361600	5
22235	284040000	4.2
22235	286718400	7.5
22235	289137600	10.8
22235	291816000	15.5
22235	294408000	19
22235	297086400	23.9
22235	299678400	27.3
22235	302356800	24
22235	305035200	21.6
22235	307627200	18
22235	310305600	8.1
22235	312897600	5.4
22235	315576000	7.6
22235	318254400	9.4
22235	320760000	10.2
22235	323438400	14.5
22235	326030400	19.1
22235	328708800	28.2
22235	331300800	29.2
22235	333979200	25.7
22235	336657600	22.2
22235	339249600	13.8
22235	341928000	8.9
22235	344520000	7.5
22235	347198400	6.1
22235	349876800	8.3
22235	352296000	10.9
22235	354974400	17.2
22235	357566400	20.1
22235	360244800	26.6
22235	362836800	27.5
22235	365515200	24.2
22235	368193600	21.6
22235	370785600	16.4
22235	373464000	11.4
22235	376056000	7.4
22235	378734400	5.4
22235	381412800	8.6
22235	383832000	12.1
22235	386510400	16.6
22235	389102400	19
22235	391780800	26.2
22235	394372800	27.9
22235	397051200	27
22235	399729600	22.9
22235	402321600	14.8
22235	4.05e+08	9.1
22235	407592000	4.4
22235	410270400	3.9
22235	412948800	7.6
22235	415368000	11.1
22235	418046400	12.1
22235	420638400	19.2
22235	423316800	23.9
22235	425908800	27.2
22235	428587200	26.6
22235	431265600	24.9
22235	433857600	17.1
22235	436536000	10.1
22235	439128000	5.6
22235	441806400	4.7
22235	444484800	6.7
22235	446990400	11.6
22235	449668800	15.3
22235	452260800	22.6
22235	454939200	24.6
22235	457531200	26.1
22235	460209600	24.3
22235	462888000	21.8
22235	465480000	14.4
22235	468158400	9.6
22235	470750400	6
22235	473428800	3.7
22235	476107200	6.1
22235	478526400	11.4
22235	481204800	17
22235	483796800	20.6
22235	486475200	25.3
22235	489067200	26.5
22235	491745600	25.9
22235	494424000	21.4
22235	497016000	15.9
22235	499694400	10.4
22235	502286400	6
22235	504964800	7.2
22235	507643200	10.1
22235	510062400	12.8
22235	512740800	18.2
22235	515332800	20.1
22235	518011200	24.7
22235	520603200	25.2
22235	523281600	25.6
22235	525960000	21.8
22235	528552000	15.8
22235	531230400	8.3
22235	533822400	4.9
22235	536500800	4.6
22235	539179200	7.3
22235	541598400	9.5
22235	544276800	14.4
22235	546868800	18.8
22235	549547200	24.7
22235	552139200	26.2
22235	554817600	24.6
22235	557496000	21.1
22235	560088000	18.4
22235	562766400	9.6
22235	565358400	4.2
22235	568036800	4.6
22235	570715200	8.9
22235	573220800	10.9
22235	575899200	15
22235	578491200	20.4
22235	581169600	25.1
22235	583761600	25.5
22235	586440000	24.5
22235	589118400	21.5
22235	591710400	18.4
22235	594388800	11
22235	596980800	4.8
22235	599659200	5.3
22235	602337600	9.1
22235	604756800	13.7
22235	607435200	18.6
22235	610027200	21.9
22235	612705600	26
22235	615297600	26.7
22235	617976000	25.2
22235	620654400	22.4
22235	623246400	16.5
22235	625924800	10.4
22235	628516800	3.9
22235	631195200	5.1
22235	633873600	7.3
22235	636292800	11.4
22235	638971200	16.5
22235	641563200	20.2
22235	644241600	28.8
22235	646833600	25.5
22235	649512000	23.7
22235	652190400	21.9
22235	654782400	16.8
22235	657460800	10
22235	660052800	5.6
22235	662731200	5.3
22235	665409600	9
22235	667828800	9.4
22235	670507200	15
22235	673099200	20.4
22235	675777600	24.8
22235	678369600	24.7
22235	681048000	24.3
22235	683726400	20.2
22235	686318400	16.9
22235	688996800	9
22235	691588800	5.7
22235	694267200	3.3
22235	696945600	7.8
22235	699451200	11.1
22235	702129600	17
22235	704721600	18.7
22235	707400000	24.1
22235	709992000	26.7
22235	712670400	25.9
22235	715348800	23.2
22235	717940800	17.9
22235	720619200	7.5
22235	723211200	4.4
22235	725889600	6.9
22235	728568000	8.6
22235	730987200	12
22235	733665600	15.2
22235	736257600	20.2
22235	738936000	26
22235	741528000	27.3
22235	744206400	25.1
22235	746884800	22.2
22235	749476800	15.9
22235	752155200	8.7
22235	754747200	5.4
22235	757425600	5.7
22235	760104000	7.8
22235	762523200	12.3
22235	765201600	15.9
22235	767793600	21.2
22235	770472000	28.3
22235	773064000	27.9
22235	775742400	26.9
22235	778420800	22.7
22235	781012800	16.5
22235	783691200	10.1
22235	786283200	7.7
22235	788961600	6.2
22235	791640000	11.1
22235	794059200	12.9
22235	796737600	15
22235	799329600	20.1
22235	802008000	25
22235	804600000	26.7
22235	807278400	26.9
22235	809956800	23
22235	812548800	17.8
22235	815227200	11.8
22235	817819200	7
22235	820497600	7
22235	823176000	10.9
22235	825681600	11.1
22235	828360000	17.1
22235	830952000	24
22235	833630400	27.5
22235	836222400	27.1
22235	838900800	25.5
22235	841579200	21.1
22235	844171200	16.7
22235	846849600	11.3
22235	849441600	6.7
22235	852120000	5.6
22235	854798400	7.7
22235	857217600	14
22235	859896000	14.4
22235	862488000	21.3
22235	865166400	26.1
22235	867758400	27.3
22235	870436800	26.1
22235	873115200	25
22235	875707200	16.4
22235	878385600	10.3
22235	880977600	4.2
22235	883656000	7.4
22235	886334400	7.7
22235	888753600	11.6
22235	891432000	14.6
22235	894024000	21.6
22235	896702400	26.2
22235	899294400	27.8
22235	901972800	25.9
22235	904651200	25
22235	907243200	18.2
22235	909921600	11.7
22235	912513600	6.9
22235	915192000	8
22235	917870400	10.6
22235	920289600	13
22235	922968000	15.7
22235	925560000	20.8
22235	928238400	25.2
22235	930830400	26.5
22235	933508800	25.9
22235	936187200	23
22235	938779200	17
22235	941457600	12.5
22235	944049600	5.1
22235	946728000	9
22235	949406400	11.3
22235	951912000	12.4
22235	954590400	18.5
22235	957182400	24.2
22235	959860800	26.1
22235	962452800	27.7
22235	965131200	26.4
22235	967809600	24.8
22235	970401600	16.9
22235	973080000	7.6
22235	975672000	5.9
22235	978350400	4.9
22235	981028800	9.2
22235	983448000	12.1
22235	986126400	17.6
22235	988718400	22.8
22235	991396800	27.1
22235	993988800	28.3
22235	996667200	26.9
22235	999345600	24
22235	1001937600	18.7
22235	1004616000	11.8
22235	1007208000	5.6
22235	1009886400	7.2
22235	1012564800	7.6
22235	1014984000	11.7
22235	1017662400	19.6
22235	1020254400	22.4
22235	1022932800	28.4
22235	1025524800	27.1
22235	1028203200	28
22235	1030881600	23.9
22235	1033473600	16.9
22235	1036152000	9.6
22235	1038744000	5.6
22235	1041422400	8.4
22235	1044100800	9.1
22235	1046520000	11.9
22235	1049198400	16.9
22235	1051790400	22.8
22235	1054468800	26.1
22235	1057060800	28.5
22235	1059739200	27.5
22235	1062417600	24.1
22235	1065009600	19.6
22235	1067688000	12.1
22235	1070280000	6.2
22235	1072958400	6.7
22235	1075636800	6.4
22235	1078142400	14.1
22235	1080820800	15.9
22235	1083412800	21.9
22235	1086091200	25
22235	1088683200	27
22235	1091361600	22.2
22235	1094040000	21.9
22235	1096632000	17.3
22235	1099310400	9.2
22235	1101902400	5.9
22235	1104580800	8.4
22235	1107259200	9.3
22235	1109678400	10.9
22235	1112356800	15.7
22235	1114948800	21.3
22235	1117627200	26.2
22235	1120219200	28.1
22235	1122897600	25.6
22235	1125576000	24.2
22235	1128168000	17.3
22235	1130846400	11.5
22235	1133438400	7
22235	1136116800	7.7
22235	1138795200	10
22235	1141214400	12.8
22235	1143892800	18.9
22235	1146484800	23.2
22235	1149163200	27.6
22235	1151755200	27.6
22235	1154433600	24
22235	1157112000	20.3
22235	1159704000	16.7
22235	1162382400	11.8
22235	1164974400	5
22235	1167652800	4.2
22235	1170331200	9
22235	1172750400	13.4
22235	1175428800	16.3
22235	1178020800	20.5
22235	1180699200	26.1
22235	1183291200	26.8
22235	1185969600	27.2
22235	1188648000	23.9
22235	1191240000	18.4
22235	1193918400	12.2
22235	1196510400	6.1
22235	1199188800	5.3
22235	1201867200	9.2
22235	1204372800	12.4
22235	1207051200	16.1
22235	1209643200	20.9
22235	1212321600	27.5
22235	1214913600	25.8
22235	1217592000	24.6
22235	1220270400	21.4
22235	1222862400	16.9
22235	1225540800	10.7
22235	1228132800	7.5
22235	1230811200	7.1
22235	1233489600	10
22235	1235908800	13.2
22235	1238587200	16.6
22235	1241179200	22.6
22235	1243857600	25.6
22235	1246449600	28.4
22235	1249128000	26.8
22235	1251806400	22.3
22235	1254398400	16.7
22235	1257076800	11.5
22235	1259668800	5.4
22235	1262347200	4.9
22235	1265025600	7.9
22235	1267444800	10.6
22235	1270123200	16.8
22235	1272715200	21
22235	1275393600	27.6
22235	1277985600	26.6
22235	1280664000	27.4
22235	1283342400	24.7
22235	1285934400	18.2
22235	1288612800	9.9
22235	1291204800	8.6
22235	1293883200	4.8
22235	1296561600	6.3
22235	1298980800	15.4
22235	1301659200	18.9
22235	1304251200	20.8
22235	1306929600	27.8
22235	1309521600	28.7
22235	1312200000	29.1
22235	1314878400	24.6
22235	1317470400	18.5
22235	1320148800	10.2
22235	1322740800	3.5
22235	1325419200	8.4
22235	1328097600	8.2
22235	1330603200	13.8
22235	1333281600	18.7
22235	1335873600	21.7
22235	1338552000	28.5
22235	1341144000	27.3
22235	1343822400	27.9
22235	1346500800	23.3
22235	1349092800	18.2
22235	1351771200	12.7
22235	1354363200	6.8
22235	1357041600	3.3
22235	1359720000	6.6
22235	1362139200	12.9
22235	1364817600	17.8
22235	1367409600	21.9
22235	1370088000	28.2
22235	1372680000	26.6
22235	1375358400	26.5
22235	1378036800	22.2
22235	1380628800	15.8
22235	1383307200	9.8
22235	1385899200	5.9
22235	1388577600	6.5
22235	1391256000	11.4
22235	1393675200	12.5
22236	-2393150400	8.7
22236	-2390472000	14.3
22236	-2387880000	19
22236	-2385201600	21.7
22236	-2382609600	24.1
22236	-2379931200	22.9
22236	-2377252800	19.7
22236	-2374660800	16.6
22236	-2371982400	10.2
22236	-2369390400	8.6
22236	-2366712000	6
22236	-2364033600	5
22236	-2361614400	9.5
22236	-2358936000	14.4
22236	-2356344000	17.4
22236	-2353665600	21.6
22236	-2351073600	23.4
22236	-2348395200	22.2
22236	-2345716800	20.9
22236	-2343124800	12.5
22236	-2340446400	7
22236	-2337854400	2.7
22236	-2335176000	5.2
22236	-2332497600	5.3
22236	-2329992000	9.5
22236	-2327313600	13
22236	-2324721600	18.3
22236	-2322043200	24.3
22236	-2319451200	23.2
22236	-2316772800	22.4
22236	-2314094400	20.3
22236	-2311502400	13.2
22236	-2308824000	10.7
22236	-2306232000	5.4
22236	-2303553600	3.4
22236	-2300875200	5.1
22236	-2298456000	6.8
22236	-2295777600	14.2
22236	-2293185600	18.9
22236	-2290507200	23
22236	-2287915200	23.5
22236	-2285236800	22.4
22236	-2282558400	19.9
22236	-2279966400	14.1
22236	-2277288000	11.1
22236	-2274696000	4.1
22236	-2272017600	2.3
22236	-2269339200	8.9
22236	-2266920000	8.4
22236	-2264241600	14.5
22236	-2261649600	16.7
22236	-2258971200	21.8
22236	-2256379200	23.5
22236	-2253700800	23.6
22236	-2251022400	20.7
22236	-2248430400	15.9
22236	-2245752000	8.4
22236	-2243160000	3.7
22236	-2240481600	4.6
22236	-2237803200	5.6
22236	-2235384000	10.4
22236	-2232705600	13.7
22236	-2230113600	16.2
22236	-2227435200	20.3
22236	-2224843200	24
22236	-2222164800	24.1
22236	-2219486400	21.6
22236	-2216894400	14.1
22236	-2214216000	10.8
22236	-2211624000	6.6
22236	-2208945600	8.1
22236	-2206267200	7.6
22236	-2203848000	12
22236	-2201169600	10.4
22236	-2198577600	19.5
22236	-2195899200	24.5
22236	-2193307200	24.6
22236	-2190628800	24.3
22236	-2187950400	20.1
22236	-2185358400	15.3
22236	-2182680000	10.9
22236	-2180088000	6.5
22236	-2177409600	6.9
22236	-2174731200	7.1
22236	-2172312000	9.1
22236	-2169633600	12.6
22236	-2167041600	18.4
22236	-2164363200	23
22236	-2161771200	24.7
22236	-2159092800	25.1
22236	-2156414400	21.8
22236	-2153822400	15.6
22236	-2151144000	11.3
22236	-2148552000	7
22236	-2145873600	7
22236	-2143195200	9.3
22236	-2140776000	8.8
22236	-2138097600	16
22236	-2135505600	18.5
22236	-2132827200	24.5
22236	-2130235200	23.3
22236	-2127556800	23.2
22236	-2124878400	19.6
22236	-2122286400	15.8
22236	-2119608000	8.9
22236	-2117016000	6.6
22236	-2114337600	5.5
22236	-2111659200	4.3
22236	-2109240000	9.8
22236	-2106561600	14.6
22236	-2103969600	18.3
22236	-2101291200	22.4
22236	-2098699200	26.2
22236	-2096020800	23.8
22236	-2093342400	20.2
22236	-2090750400	15.2
22236	-2088072000	12.1
22236	-2085480000	6.2
22236	-2082801600	4.1
22236	-2080123200	9.7
22236	-2077617600	11.7
22236	-2074939200	16.1
22236	-2072347200	19.2
22236	-2069668800	23.7
22236	-2067076800	25.1
22236	-2064398400	23.2
22236	-2061720000	20.1
22236	-2059128000	13.7
22236	-2056449600	9.8
22236	-2053857600	5.5
22236	-2051179200	7
22236	-2048500800	6
22236	-2046081600	8.7
22236	-2043403200	11.8
22236	-2040811200	17.5
22236	-2038132800	23.7
22236	-2035540800	23.7
22236	-2032862400	24.1
22236	-2030184000	20.5
22236	-2027592000	15.4
22236	-2024913600	8.8
22236	-2022321600	2.1
22236	-2019643200	4.4
22236	-2016964800	6.9
22236	-2014545600	9.6
22236	-2011867200	13.9
22236	-2009275200	18.1
22236	-2006596800	24.2
22236	-2004004800	24.2
22236	-2001326400	22
22236	-1998648000	20.5
22236	-1996056000	15.2
22236	-1993377600	9.1
22236	-1990785600	7.2
22236	-1988107200	6.5
22236	-1985428800	10
22236	-1983009600	12.5
22236	-1980331200	14.2
22236	-1977739200	16.1
22236	-1975060800	21.5
22236	-1972468800	25.1
22236	-1969790400	24.4
22236	-1967112000	21
22236	-1964520000	14.8
22236	-1961841600	8.3
22236	-1959249600	6.4
22236	-1956571200	5.9
22236	-1953892800	6.4
22236	-1951387200	11.3
22236	-1948708800	14.6
22236	-1946116800	16.1
22236	-1943438400	22.3
22236	-1940846400	22.9
22236	-1938168000	22.4
22236	-1935489600	20.1
22236	-1932897600	13.3
22236	-1930219200	8.7
22236	-1927627200	6
22236	-1924948800	8.6
22236	-1922270400	6
22236	-1919851200	7.9
22236	-1917172800	13.4
22236	-1914580800	16.5
22236	-1911902400	23.4
22236	-1909310400	24.9
22236	-1906632000	23.3
22236	-1903953600	20.7
22236	-1901361600	16.3
22236	-1898683200	10.6
22236	-1896091200	2.8
22236	-1893412800	7.4
22236	-1890734400	7.3
22236	-1888315200	14.2
22236	-1885636800	15.8
22236	-1883044800	20.9
22236	-1880366400	21.9
22236	-1877774400	24.2
22236	-1875096000	24.9
22236	-1872417600	22.5
22236	-1869825600	16.6
22236	-1867147200	12
22236	-1864555200	7.1
22236	-1861876800	8.6
22236	-1859198400	6.7
22236	-1856779200	12.7
22236	-1854100800	13.7
22236	-1851508800	18.5
22236	-1848830400	23.1
22236	-1846238400	23.1
22236	-1843560000	24.4
22236	-1840881600	21.8
22236	-1838289600	14.9
22236	-1835611200	7.3
22236	-1833019200	3
22236	-1830340800	6.5
22236	-1827662400	6.9
22236	-1825156800	9
22236	-1822478400	10.9
22236	-1819886400	17.7
22236	-1817208000	22.6
22236	-1814616000	23.6
22236	-1811937600	22.5
22236	-1809259200	19.8
22236	-1806667200	14
22236	-1803988800	9.1
22236	-1801396800	3.6
22236	-1798718400	3.8
22236	-1796040000	5.2
22236	-1793620800	8
22236	-1790942400	12.9
22236	-1788350400	18.3
22236	-1785672000	21.7
22236	-1783080000	24.5
22236	-1780401600	23.2
22236	-1777723200	18.5
22236	-1775131200	15.3
22236	-1772452800	10.6
22236	-1769860800	3.7
22236	-1767182400	7.2
22236	-1764504000	7.6
22236	-1762084800	10
22236	-1759406400	14.1
22236	-1756814400	18
22236	-1754136000	22.9
22236	-1751544000	22.3
22236	-1748865600	22.8
22236	-1746187200	20.5
22236	-1743595200	14.5
22236	-1740916800	10.8
22236	-1738324800	3.5
22236	-1735646400	3.4
22236	-1732968000	6.1
22236	-1730548800	7.4
22236	-1727870400	12.7
22236	-1725278400	15.8
22236	-1722600000	23.1
22236	-1720008000	24.5
22236	-1717329600	22.7
22236	-1714651200	20
22236	-1712059200	15.3
22236	-1709380800	9.9
22236	-1706788800	5.3
22236	-1704110400	5.1
22236	-1701432000	8.6
22236	-1698926400	12.1
22236	-1696248000	13
22236	-1693656000	17.2
22236	-1690977600	24.6
22236	-1688385600	24.1
22236	-1685707200	22.5
22236	-1683028800	19.5
22236	-1680436800	14.5
22236	-1677758400	9.1
22236	-1675166400	4.3
22236	-1672488000	5.3
22236	-1669809600	6.4
22236	-1667390400	8.5
22236	-1664712000	13.1
22236	-1662120000	15.8
22236	-1659441600	23.9
22236	-1656849600	25.4
22236	-1654171200	24
22236	-1651492800	20.6
22236	-1648900800	16.4
22236	-1646222400	11.5
22236	-1643630400	9.9
22236	-1640952000	5
22236	-1638273600	8.7
22236	-1635854400	11.1
22236	-1633176000	11.7
22236	-1630584000	14.5
22236	-1627905600	23.9
22236	-1625313600	24.4
22236	-1622635200	22.9
22236	-1619956800	20.7
22236	-1617364800	15.3
22236	-1614686400	7.4
22236	-1612094400	2.8
22236	-1609416000	3.8
22236	-1606737600	3.6
22236	-1604318400	7.9
22236	-1601640000	13.1
22236	-1599048000	19
22236	-1596369600	21.8
22236	-1593777600	23.5
22236	-1591099200	23.4
22236	-1588420800	20.2
22236	-1585828800	14.4
22236	-1583150400	6.8
22236	-1580558400	8.2
22236	-1577880000	6.1
22236	-1575201600	8.9
22236	-1572696000	7.8
22236	-1570017600	9
22236	-1567425600	16.8
22236	-1564747200	22.1
22236	-1562155200	24.4
22236	-1559476800	22.3
22236	-1556798400	19.8
22236	-1554206400	14.6
22236	-1551528000	8.5
22236	-1548936000	4.6
22236	-1546257600	6.2
22236	-1543579200	8.4
22236	-1541160000	12
22236	-1538481600	13
22236	-1535889600	17.9
22236	-1533211200	20.8
22236	-1530619200	22.9
22236	-1527940800	22.9
22236	-1525262400	20.7
22236	-1522670400	16
22236	-1519992000	10.3
22236	-1517400000	7.5
22236	-1514721600	4.2
22236	-1512043200	7.4
22236	-1509624000	8
22236	-1506945600	12
22236	-1504353600	17.7
22236	-1501675200	23.6
22236	-1499083200	25.4
22236	-1496404800	25.3
22236	-1493726400	21.2
22236	-1491134400	15.5
22236	-1488456000	6.6
22236	-1485864000	7.6
22236	-1483185600	9.4
22236	-1480507200	5.4
22236	-1478088000	5.3
22236	-1475409600	10.6
22236	-1472817600	15.8
22236	-1470139200	22.7
22236	-1467547200	24.3
22236	-1464868800	22.1
22236	-1462190400	18.7
22236	-1459598400	14
22236	-1456920000	8.5
22236	-1454328000	4.2
22236	-1451649600	4.2
22236	-1448971200	8.1
22236	-1446465600	6.8
22236	-1443787200	12
22236	-1441195200	18.1
22236	-1438516800	26.1
22236	-1435924800	24.4
22236	-1433246400	24.7
22236	-1430568000	21.5
22236	-1427976000	16.4
22236	-1425297600	11.7
22236	-1422705600	4.6
22236	-1420027200	4.9
22236	-1417348800	9.4
22236	-1414929600	12.2
22236	-1412251200	15.8
22236	-1409659200	19.4
22236	-1406980800	22.4
22236	-1404388800	24.4
22236	-1401710400	21.9
22236	-1399032000	20.2
22236	-1396440000	15.1
22236	-1393761600	8.7
22236	-1391169600	4.3
22236	-1388491200	3.2
22236	-1385812800	8.3
22236	-1383393600	8.7
22236	-1380715200	11.6
22236	-1378123200	17
22236	-1375444800	22.8
22236	-1372852800	23.2
22236	-1370174400	23
22236	-1367496000	21.8
22236	-1364904000	15.7
22236	-1362225600	10.3
22236	-1359633600	4.8
22236	-1356955200	8.7
22236	-1354276800	8.9
22236	-1351857600	9.3
22236	-1349179200	13.4
22236	-1346587200	18.9
22236	-1343908800	21.7
22236	-1341316800	24.6
22236	-1338638400	22.7
22236	-1335960000	20.2
22236	-1333368000	15
22236	-1330689600	12.5
22236	-1328097600	4
22236	-1325419200	6.6
22236	-1322740800	6.3
22236	-1320235200	11.1
22236	-1317556800	12.1
22236	-1314964800	16.7
22236	-1312286400	23.2
22236	-1309694400	23.5
22236	-1307016000	22.8
22236	-1304337600	19.7
22236	-1301745600	15.7
22236	-1299067200	7.9
22236	-1296475200	5.5
22236	-1293796800	4.7
22236	-1291118400	4.8
22236	-1288699200	8.9
22236	-1286020800	13.3
22236	-1283428800	17.3
22236	-1280750400	23.4
22236	-1278158400	23.8
22236	-1275480000	22.3
22236	-1272801600	21.1
22236	-1270209600	15.6
22236	-1267531200	7.7
22236	-1264939200	7.3
22236	-1262260800	3.2
22236	-1259582400	8.9
22236	-1257163200	8.6
22236	-1254484800	14.9
22236	-1251892800	16.1
22236	-1249214400	23.9
22236	-1246622400	23.5
22236	-1243944000	23
22236	-1241265600	20.1
22236	-1238673600	15.2
22236	-1235995200	8.1
22236	-1233403200	3.7
22236	-1230724800	4.9
22236	-1228046400	7.8
22236	-1225627200	9.4
22236	-1222948800	13
22236	-1220356800	17.7
22236	-1217678400	22.8
22236	-1215086400	24.2
22236	-1212408000	22.4
22236	-1209729600	21.4
22236	-1207137600	16.4
22236	-1204459200	8.4
22236	-1201867200	5
22236	-1199188800	2.7
22236	-1196510400	8.5
22236	-1194004800	9.1
22236	-1191326400	13.5
22236	-1188734400	17.5
22236	-1186056000	22.4
22236	-1183464000	24.3
22236	-1180785600	23.2
22236	-1178107200	20.2
22236	-1175515200	15.1
22236	-1172836800	10.5
22236	-1170244800	4.2
22236	-1167566400	4.4
22236	-1164888000	4.9
22236	-1162468800	11.1
22236	-1159790400	11.2
22236	-1157198400	16
22236	-1154520000	22.1
22236	-1151928000	24.6
22236	-1149249600	23.6
22236	-1146571200	22.2
22236	-1143979200	16.7
22236	-1141300800	10.9
22236	-1138708800	8.6
22236	-1136030400	6.1
22236	-1133352000	9.1
22236	-1130932800	12.1
22236	-1128254400	14.9
22236	-1125662400	20
22236	-1122984000	22.4
22236	-1120392000	24.9
22236	-1117713600	23.8
22236	-1115035200	20.3
22236	-1112443200	16.5
22236	-1109764800	10.6
22236	-1107172800	7.4
22236	-1104494400	6.9
22236	-1101816000	6.9
22236	-1099396800	9.5
22236	-1096718400	13.1
22236	-1094126400	14.9
22236	-1091448000	22.9
22236	-1088856000	25
22236	-1086177600	23.3
22236	-1083499200	19.7
22236	-1080907200	16.1
22236	-1078228800	9.3
22236	-1075636800	6.3
22236	-1072958400	5.9
22236	-1070280000	7
22236	-1067774400	9.7
22236	-1065096000	13.8
22236	-1062504000	18.2
22236	-1059825600	23.2
22236	-1057233600	24.7
22236	-1054555200	24.4
22236	-1051876800	20.2
22236	-1049284800	14.6
22236	-1046606400	8.7
22236	-1044014400	6.6
22236	-1041336000	2.4
22236	-1038657600	5.7
22236	-1036238400	7.9
22236	-1033560000	13.8
22236	-1030968000	18.2
22236	-1028289600	22.4
22236	-1025697600	24.3
22236	-1023019200	24.1
22236	-1020340800	20.9
22236	-1017748800	16.8
22236	-1015070400	10.7
22236	-1012478400	5.8
22236	-1009800000	5.6
22236	-1007121600	8.1
22236	-1004702400	9.1
22236	-1002024000	12.1
22236	-999432000	17.1
22236	-996753600	23.5
22236	-994161600	22.2
22236	-991483200	23
22236	-988804800	19.4
22236	-986212800	16.1
22236	-983534400	7.5
22236	-980942400	7.1
22236	-978264000	4.4
22236	-975585600	2.5
22236	-973166400	9.5
22236	-970488000	13.9
22236	-967896000	18.1
22236	-965217600	23.2
22236	-962625600	24
22236	-959947200	22.4
22236	-957268800	20.3
22236	-954676800	13.9
22236	-951998400	8.9
22236	-949406400	8
22236	-946728000	4.8
22236	-944049600	6
22236	-941544000	9.8
22236	-938865600	12.6
22236	-936273600	17.5
22236	-933595200	21.6
22236	-931003200	23.4
22236	-928324800	21.6
22236	-925646400	20.3
22236	-923054400	14.1
22236	-920376000	7.6
22236	-917784000	7.5
22236	-915105600	4.8
22236	-912427200	7.7
22236	-910008000	8.1
22236	-907329600	10.3
22236	-904737600	17.1
22236	-902059200	20.3
22236	-899467200	22.6
22236	-896788800	21.8
22236	-894110400	19.4
22236	-891518400	13.9
22236	-888840000	9.4
22236	-886248000	6.2
22236	-883569600	6.1
22236	-880891200	4.9
22236	-878472000	7.8
22236	-875793600	12.2
22236	-873201600	17
22236	-870523200	23.1
22236	-867931200	24.1
22236	-865252800	22.2
22236	-862574400	19.4
22236	-859982400	14.2
22236	-857304000	10.8
22236	-854712000	7
22236	-852033600	5.4
22236	-849355200	8.7
22236	-846936000	9.9
22236	-844257600	15.6
22236	-841665600	18.8
22236	-838987200	22.8
22236	-836395200	23.2
22236	-833716800	23.7
22236	-831038400	20.3
22236	-828446400	14.2
22236	-825768000	9.2
22236	-823176000	4.6
22236	-820497600	3.4
22236	-817819200	5.7
22236	-815313600	6.8
22236	-812635200	10.7
22236	-810043200	16.6
22236	-807364800	22
22236	-804772800	23.7
22236	-802094400	23.4
22236	-799416000	19.4
22236	-796824000	15.5
22236	-794145600	7.6
22236	-791553600	5.3
22236	-788875200	5.1
22236	-786196800	7
22236	-783777600	7.8
22236	-781099200	11
22236	-778507200	17.3
22236	-775828800	20.7
22236	-773236800	24.3
22236	-770558400	23.5
22236	-767880000	20.4
22236	-765288000	14.7
22236	-762609600	9.1
22236	-760017600	4.3
22236	-757339200	2.4
22236	-754660800	5.7
22236	-752241600	8.8
22236	-749563200	15.7
22236	-746971200	16.7
22236	-744292800	23.9
22236	-741700800	23.8
22236	-739022400	23.1
22236	-736344000	20.9
22236	-733752000	13.6
22236	-731073600	6.7
22236	-728481600	7.5
22236	-725803200	1.9
22236	-723124800	7.3
22236	-720705600	9
22236	-718027200	12
22236	-715435200	18.9
22236	-712756800	21.7
22236	-710164800	25
22236	-707486400	22.9
22236	-704808000	21
22236	-702216000	15.6
22236	-699537600	6.4
22236	-696945600	3.6
22236	-694267200	4.1
22236	-691588800	4.9
22236	-689083200	6.3
22236	-686404800	14.4
22236	-683812800	18.2
22236	-681134400	22.8
22236	-678542400	24.8
22236	-675864000	24.4
22236	-673185600	21.2
22236	-670593600	14.2
22236	-667915200	5.9
22236	-665323200	5.7
22236	-662644800	-0.2
22236	-659966400	3.9
22236	-657547200	8.6
22236	-654868800	12.4
22236	-652276800	16
22236	-649598400	21.1
22236	-647006400	22.9
22236	-644328000	22.1
22236	-641649600	20.3
22236	-639057600	13.1
22236	-636379200	11.1
22236	-633787200	3.6
22236	-631108800	4.6
22236	-628430400	7.8
22236	-626011200	8.8
22236	-623332800	13.9
22236	-620740800	15
22236	-618062400	23.1
22236	-615470400	22
22236	-612792000	22.8
22236	-610113600	19.2
22236	-607521600	18.1
22236	-604843200	11
22236	-602251200	7.7
22236	-599572800	3.6
22236	-596894400	5
22236	-594475200	8.1
22236	-591796800	11.8
22236	-589204800	18.2
22236	-586526400	22.5
22236	-583934400	26.9
22236	-581256000	24.6
22236	-578577600	22
22236	-575985600	15.1
22236	-573307200	7.6
22236	-570715200	6.4
22236	-568036800	6.2
22236	-565358400	5
22236	-562852800	6.3
22236	-560174400	12.5
22236	-557582400	18
22236	-554904000	22.5
22236	-552312000	23.8
22236	-549633600	23.9
22236	-546955200	20.4
22236	-544363200	15.3
22236	-541684800	6.3
22236	-539092800	3.9
22236	-536414400	7.1
22236	-533736000	6.1
22236	-531316800	9.2
22236	-528638400	12.4
22236	-526046400	14.7
22236	-523368000	23.3
22236	-520776000	23.8
22236	-518097600	23.7
22236	-515419200	21.7
22236	-512827200	14.6
22236	-510148800	11.3
22236	-507556800	3.4
22236	-504878400	6.2
22236	-502200000	7.1
22236	-499780800	7.5
22236	-497102400	16.4
22236	-494510400	18.1
22236	-491832000	22.1
22236	-489240000	24.5
22236	-486561600	21.8
22236	-483883200	21.4
22236	-481291200	16.9
22236	-478612800	10.2
22236	-476020800	6.2
22236	-473342400	3.6
22236	-470664000	4.3
22236	-468244800	9.3
22236	-465566400	12.5
22236	-462974400	16.4
22236	-460296000	21.9
22236	-457704000	23.2
22236	-455025600	22.3
22236	-452347200	21.1
22236	-449755200	16
22236	-447076800	9.6
22236	-444484800	7.2
22236	-441806400	7.6
22236	-439128000	4.1
22236	-436622400	9.6
22236	-433944000	12.1
22236	-431352000	19.1
22236	-428673600	24.3
22236	-426081600	24.2
22236	-423403200	22
22236	-420724800	22.2
22236	-418132800	15.5
22236	-415454400	6.6
22236	-412862400	4.9
22236	-410184000	6.4
22236	-407505600	10.7
22236	-405086400	9.4
22236	-402408000	11.9
22236	-399816000	15
22236	-397137600	22.7
22236	-394545600	24.1
22236	-391867200	21.9
22236	-389188800	19.2
22236	-386596800	13.3
22236	-383918400	6.2
22236	-381326400	6.4
22236	-378648000	3.6
22236	-375969600	7.3
22236	-373550400	5.9
22236	-370872000	11.7
22236	-368280000	18.7
22236	-365601600	23.9
22236	-363009600	24.7
22236	-360331200	23
22236	-357652800	19.4
22236	-355060800	13.4
22236	-352382400	8.2
22236	-349790400	6.4
22236	-347112000	6
22236	-344433600	6.2
22236	-342014400	8.5
22236	-339336000	14.3
22236	-336744000	17.1
22236	-334065600	24.1
22236	-331473600	23.9
22236	-328795200	22.4
22236	-326116800	19.9
22236	-323524800	15.2
22236	-320846400	7.8
22236	-318254400	5
22236	-315576000	2.2
22236	-312897600	4.3
22236	-310392000	10.3
22236	-307713600	13.4
22236	-305121600	17.7
22236	-302443200	24.6
22236	-299851200	23.2
22236	-297172800	23.4
22236	-294494400	20.7
22236	-291902400	13.8
22236	-289224000	9.7
22236	-286632000	3.5
22236	-283953600	4.3
22236	-281275200	5.9
22236	-278856000	8.6
22236	-276177600	13
22236	-273585600	17.5
22236	-270907200	21.9
22236	-268315200	22.6
22236	-265636800	21.4
22236	-262958400	17.4
22236	-260366400	13.6
22236	-257688000	7.2
22236	-255096000	6.5
22236	-252417600	2.8
22236	-249739200	8.6
22236	-247320000	6
22236	-244641600	14.7
22236	-242049600	16.5
22236	-239371200	20.9
22236	-236779200	22.6
22236	-234100800	23.9
22236	-231422400	20.5
22236	-228830400	15.7
22236	-226152000	10.8
22236	-223560000	6
22236	-220881600	3.3
22236	-218203200	7.4
22236	-215784000	8.9
22236	-213105600	13.4
22236	-210513600	19.1
22236	-207835200	21.8
22236	-205243200	25.2
22236	-202564800	22
22236	-199886400	21
22236	-197294400	16.3
22236	-194616000	9
22236	-192024000	4.6
22236	-189345600	1.9
22236	-186667200	2.2
22236	-184161600	6.8
22236	-181483200	11.2
22236	-178891200	17.6
22236	-176212800	21.6
22236	-173620800	24.1
22236	-170942400	23.2
22236	-168264000	18.8
22236	-165672000	15.2
22236	-162993600	8.1
22236	-160401600	5.1
22236	-157723200	5.7
22236	-155044800	4.5
22236	-152625600	6.5
22236	-149947200	12.4
22236	-147355200	16.2
22236	-144676800	20.2
22236	-142084800	23.7
22236	-139406400	22.2
22236	-136728000	18.4
22236	-134136000	15.2
22236	-131457600	10.1
22236	-128865600	4.4
22236	-126187200	1.3
22236	-123508800	1.5
22236	-121089600	9.7
22236	-118411200	13.9
22236	-115819200	18.5
22236	-113140800	22
22236	-110548800	25
22236	-107870400	20.8
22236	-105192000	19.1
22236	-102600000	14.3
22236	-99921600	9.9
22236	-97329600	4.2
22236	-94651200	4.5
22236	-91972800	6.5
22236	-89553600	10.7
22236	-86875200	12.6
22236	-84283200	16.4
22236	-81604800	21.2
22236	-79012800	24.2
22236	-76334400	21.4
22236	-73656000	19.6
22236	-71064000	15.3
22236	-68385600	9.9
22236	-65793600	3.2
22236	-63115200	4.5
22236	-60436800	7.7
22236	-57931200	8.1
22236	-55252800	10.8
22236	-52660800	16.9
22236	-49982400	22
22236	-47390400	22.3
22236	-44712000	20.4
22236	-42033600	18
22236	-39441600	15.5
22236	-36763200	7.8
22236	-34171200	3.5
22236	-31492800	6.4
22236	-28814400	5.2
22236	-26395200	6.2
22236	-23716800	13.5
22236	-21124800	17
22236	-18446400	22
22236	-15854400	24.7
22236	-13176000	24.9
22236	-10497600	20.4
22236	-7905600	14.8
22236	-5227200	7.7
22236	-2635200	5.5
22236	43200	4.2
22236	2721600	7.1
22236	5140800	7.1
22236	7819200	10.3
22236	10411200	17.8
22236	13089600	21.7
22236	15681600	24.2
22236	18360000	23
22236	21038400	19.2
22236	23630400	12.1
22236	26308800	8.8
22236	28900800	6.7
22236	31579200	5.2
22236	34257600	5.5
22236	36676800	10
22236	39355200	11.8
22236	41947200	15.3
22236	44625600	22.1
22236	47217600	25
22236	49896000	21.8
22236	52574400	19.8
22236	55166400	13.4
22236	57844800	8.6
22236	60436800	4.4
22236	63115200	5.4
22236	65793600	6.5
22236	68299200	12.5
22236	70977600	13
22236	73569600	16.9
22236	76248000	21.6
22236	78840000	23.7
22236	81518400	22.1
22236	84196800	19
22236	86788800	15.1
22236	89467200	5.8
22236	92059200	4.6
22236	94737600	3.1
22236	97416000	5.1
22236	99835200	6.8
22236	102513600	9.7
22236	105105600	17.3
22236	107784000	21.8
22236	110376000	23
22236	113054400	23.1
22236	115732800	20.4
22236	118324800	15.2
22236	121003200	8.7
22236	123595200	5.1
22236	126273600	4.8
22236	128952000	5
22236	131371200	11.1
22236	134049600	13.1
22236	136641600	18.6
22236	139320000	24.7
22236	141912000	22.8
22236	144590400	21.3
22236	147268800	19.1
22236	149860800	14.2
22236	152539200	8
22236	155131200	3.1
22236	157809600	4.1
22236	160488000	5.1
22236	162907200	7.1
22236	165585600	9.6
22236	168177600	15.5
22236	170856000	21.9
22236	173448000	23
22236	176126400	23.4
22236	178804800	18.4
22236	181396800	14.8
22236	184075200	8.5
22236	186667200	4.9
22236	189345600	4.3
22236	192024000	8.1
22236	194529600	8.4
22236	197208000	12.1
22236	199800000	17.1
22236	202478400	22.4
22236	205070400	22.7
22236	207748800	22.7
22236	210427200	19.1
22236	213019200	12.1
22236	215697600	7.3
22236	218289600	4.3
22236	220968000	3.9
22236	223646400	6.3
22236	226065600	6.4
22236	228744000	12.4
22236	231336000	16.2
22236	234014400	23.3
22236	236606400	24
22236	239284800	24.1
22236	241963200	21.2
22236	244555200	16.1
22236	247233600	10
22236	249825600	6.9
22236	252504000	4.8
22236	255182400	5.3
22236	257601600	10.1
22236	260280000	13.1
22236	262872000	17.6
22236	265550400	24.3
22236	268142400	25.9
22236	270820800	22.2
22236	273499200	19.1
22236	276091200	16.1
22236	278769600	8.8
22236	281361600	3.7
22236	284040000	3
22236	286718400	7.9
22236	289137600	8
22236	291816000	12.8
22236	294408000	16.5
22236	297086400	21.4
22236	299678400	24.6
22236	302356800	21.9
22236	305035200	21.1
22236	307627200	16.8
22236	310305600	6.2
22236	312897600	5.7
22236	315576000	5.8
22236	318254400	7.1
22236	320760000	7.3
22236	323438400	11.6
22236	326030400	15.6
22236	328708800	24.7
22236	331300800	25.6
22236	333979200	23.3
22236	336657600	20.7
22236	339249600	13.3
22236	341928000	8.1
22236	344520000	7.5
22236	347198400	6
22236	349876800	7.1
22236	352296000	7.9
22236	354974400	14.3
22236	357566400	17.7
22236	360244800	24.1
22236	362836800	23.6
22236	365515200	22.1
22236	368193600	19.9
22236	370785600	14.2
22236	373464000	10.2
22236	376056000	7.3
22236	378734400	4.7
22236	381412800	6.4
22236	383832000	9.1
22236	386510400	13
22236	389102400	16.3
22236	391780800	21.7
22236	394372800	24
22236	397051200	23.6
22236	399729600	20.8
22236	402321600	14.3
22236	4.05e+08	7.5
22236	407592000	3.6
22236	410270400	5
22236	412948800	6.3
22236	415368000	7.8
22236	418046400	9.2
22236	420638400	16.4
22236	423316800	21.3
22236	425908800	24.3
22236	428587200	23.7
22236	431265600	22.1
22236	433857600	14.9
22236	436536000	8.8
22236	439128000	5.2
22236	441806400	5
22236	444484800	5.7
22236	446990400	8.9
22236	449668800	11.6
22236	452260800	20.1
22236	454939200	21.8
22236	457531200	23.8
22236	460209600	21.7
22236	462888000	20.3
22236	465480000	12.9
22236	468158400	8.6
22236	470750400	5.4
22236	473428800	2.6
22236	476107200	4.9
22236	478526400	9.3
22236	481204800	13.8
22236	483796800	17.6
22236	486475200	23.5
22236	489067200	24.4
22236	491745600	23.1
22236	494424000	18.9
22236	497016000	14.3
22236	499694400	8.4
22236	502286400	5.9
22236	504964800	8.4
22236	507643200	8.2
22236	510062400	10.2
22236	512740800	13.8
22236	515332800	17.4
22236	518011200	22.2
22236	520603200	22.4
22236	523281600	23.5
22236	525960000	19.1
22236	528552000	13.7
22236	531230400	8.1
22236	533822400	4.5
22236	536500800	4.4
22236	539179200	5.9
22236	541598400	7.2
22236	544276800	14
22236	546868800	16.6
22236	549547200	22.5
22236	552139200	23
22236	554817600	21.6
22236	557496000	19.3
22236	560088000	16.7
22236	562766400	8.6
22236	565358400	4.5
22236	568036800	4.6
22236	570715200	7.4
22236	573220800	9.3
22236	575899200	12.1
22236	578491200	17.9
22236	581169600	23.2
22236	583761600	23.3
22236	586440000	21.9
22236	589118400	18.8
22236	591710400	17.4
22236	594388800	9.1
22236	596980800	4.9
22236	599659200	5.1
22236	602337600	8.3
22236	604756800	11.6
22236	607435200	16.3
22236	610027200	19.3
22236	612705600	23.2
22236	615297600	23.9
22236	617976000	22.2
22236	620654400	20.6
22236	623246400	13.8
22236	625924800	10.1
22236	628516800	5.5
22236	631195200	5.2
22236	633873600	5.2
22236	636292800	10
22236	638971200	14.9
22236	641563200	16.1
22236	644241600	25.7
22236	646833600	23.7
22236	649512000	21.5
22236	652190400	20.5
22236	654782400	15
22236	657460800	9.8
22236	660052800	5.3
22236	662731200	4.7
22236	665409600	8.2
22236	667828800	7.6
22236	670507200	12.4
22236	673099200	17.2
22236	675777600	21.3
22236	678369600	22.6
22236	681048000	22.3
22236	683726400	19.4
22236	686318400	16.1
22236	688996800	8.6
22236	691588800	5.1
22236	694267200	3.3
22236	696945600	6.7
22236	699451200	8.8
22236	702129600	15.1
22236	704721600	16.6
22236	707400000	21.7
22236	709992000	22.9
22236	712670400	22.6
22236	715348800	20.7
22236	717940800	15.8
22236	720619200	6.7
22236	723211200	4.4
22236	725889600	5.9
22236	728568000	5.9
22236	730987200	9.6
22236	733665600	13.3
22236	736257600	18.2
22236	738936000	22.9
22236	741528000	24.3
22236	744206400	22.6
22236	746884800	19.9
22236	749476800	14.8
22236	752155200	8
22236	754747200	5.2
22236	757425600	6
22236	760104000	6.6
22236	762523200	10.7
22236	765201600	13.7
22236	767793600	18.6
22236	770472000	25.7
22236	773064000	24.9
22236	775742400	24.2
22236	778420800	20.9
22236	781012800	14.5
22236	783691200	8.3
22236	786283200	6.6
22236	788961600	5
22236	791640000	9.1
22236	794059200	9.9
22236	796737600	11.5
22236	799329600	16.4
22236	802008000	22.2
22236	804600000	24.1
22236	807278400	24.4
22236	809956800	21.3
22236	812548800	16.5
22236	815227200	11.4
22236	817819200	6.7
22236	820497600	6.3
22236	823176000	10.3
22236	825681600	9.4
22236	828360000	13.9
22236	830952000	20.1
22236	833630400	24.4
22236	836222400	24.8
22236	838900800	22.8
22236	841579200	19.2
22236	844171200	14.9
22236	846849600	9.8
22236	849441600	6.4
22236	852120000	5
22236	854798400	6.6
22236	857217600	10.9
22236	859896000	11.8
22236	862488000	18.6
22236	865166400	22.5
22236	867758400	24.2
22236	870436800	23.3
22236	873115200	22.7
22236	875707200	14.7
22236	878385600	9.6
22236	880977600	3
22236	883656000	8.4
22236	886334400	4.7
22236	888753600	8.6
22236	891432000	11.1
22236	894024000	17.7
22236	896702400	22.7
22236	899294400	24
22236	901972800	23.1
22236	904651200	22.4
22236	907243200	15.4
22236	909921600	10.5
22236	912513600	6.5
22236	915192000	7.5
22236	917870400	9.1
22236	920289600	11
22236	922968000	12.1
22236	925560000	18
22236	928238400	21.6
22236	930830400	22.8
22236	933508800	22.7
22236	936187200	20.5
22236	938779200	15.7
22236	941457600	12.3
22236	944049600	5
22236	946728000	7.8
22236	949406400	9.1
22236	951912000	10.2
22236	954590400	16
22236	957182400	21.2
22236	959860800	23.3
22236	962452800	24.5
22236	965131200	23.7
22236	967809600	22.8
22236	970401600	13.9
22236	973080000	6
22236	975672000	6.3
22236	978350400	3.3
22236	981028800	6.9
22236	983448000	9.4
22236	986126400	13.5
22236	988718400	19.7
22236	991396800	23.8
22236	993988800	24
22236	996667200	22.3
22236	999345600	21.1
22236	1001937600	17.2
22236	1004616000	10.2
22236	1007208000	5.2
22236	1009886400	5.6
22236	1012564800	6.7
22236	1014984000	10.2
22236	1017662400	16.2
22236	1020254400	18.8
22236	1022932800	25.5
22236	1025524800	24.1
22236	1028203200	23.6
22236	1030881600	20.8
22236	1033473600	14.2
22236	1036152000	9.6
22236	1038744000	4.4
22236	1041422400	8.6
22236	1044100800	7.1
22236	1046520000	9.1
22236	1049198400	12.7
22236	1051790400	19.5
22236	1054468800	22.8
22236	1057060800	26.3
22236	1059739200	24.4
22236	1062417600	22.1
22236	1065009600	18.2
22236	1067688000	10
22236	1070280000	6
22236	1072958400	5.7
22236	1075636800	5.2
22236	1078142400	12.3
22236	1080820800	12.7
22236	1083412800	18.7
22236	1086091200	22.4
22236	1088683200	24.3
22236	1091361600	22.4
22236	1094040000	19.6
22236	1096632000	14.8
22236	1099310400	8.4
22236	1101902400	5.4
22236	1104580800	7.8
22236	1107259200	7.7
22236	1109678400	9
22236	1112356800	12.9
22236	1114948800	18.5
22236	1117627200	22.7
22236	1120219200	25.7
22236	1122897600	23.2
22236	1125576000	21.5
22236	1128168000	15.8
22236	1130846400	10.8
22236	1133438400	6.7
22236	1136116800	6.2
22236	1138795200	8.7
22236	1141214400	10.1
22236	1143892800	15.1
22236	1146484800	19.8
22236	1149163200	24.3
22236	1151755200	25
22236	1154433600	22.3
22236	1157112000	18.7
22236	1159704000	15
22236	1162382400	10.5
22236	1164974400	5
22236	1167652800	4.5
22236	1170331200	8.5
22236	1172750400	10.9
22236	1175428800	13
22236	1178020800	17.4
22236	1180699200	23.3
22236	1183291200	23.4
22236	1185969600	23.7
22236	1188648000	20
22236	1191240000	15.3
22236	1193918400	11.4
22236	1196510400	6.3
22236	1199188800	5.6
22236	1201867200	9.5
22236	1204372800	11.3
22236	1207051200	13.4
22236	1209643200	16.2
22236	1212321600	23.7
22236	1214913600	22.9
22236	1217592000	22.4
22236	1220270400	19.6
22236	1222862400	15.6
22236	1225540800	9.8
22236	1228132800	7
22236	1230811200	8.1
22236	1233489600	8.5
22236	1235908800	10.8
22236	1238587200	12.3
22236	1241179200	19
22236	1243857600	21.7
22236	1246449600	25.4
22236	1249128000	23.9
22236	1251806400	19.8
22236	1254398400	15
22236	1257076800	10.6
22236	1259668800	5.3
22236	1262347200	5.9
22236	1265025600	7.7
22236	1267444800	9.9
22236	1270123200	13.8
22236	1272715200	17.3
22236	1275393600	23.7
22236	1277985600	24.4
22236	1280664000	22.9
22236	1283342400	21.7
22236	1285934400	15.6
22236	1288612800	7.2
22236	1291204800	7.2
22236	1293883200	5.2
22236	1296561600	5.7
22236	1298980800	12.3
22236	1301659200	14.8
22236	1304251200	17
22236	1306929600	23.9
22236	1309521600	25
22236	1312200000	24.8
22236	1314878400	21.8
22236	1317470400	15.9
22236	1320148800	8.9
22236	1322740800	3.4
22236	1325419200	7.7
22236	1328097600	7.3
22236	1330603200	9.9
22236	1333281600	14.6
22236	1335873600	18.8
22236	1338552000	24.5
22236	1341144000	23.9
22236	1343822400	24.5
22236	1346500800	20.9
22236	1349092800	16.7
22236	1351771200	11.8
22236	1354363200	6.1
22236	1357041600	4.2
22236	1359720000	5
22236	1362139200	11
22236	1364817600	13.3
22236	1367409600	18.1
22236	1370088000	25.2
22236	1372680000	23.4
22236	1375358400	23
22236	1378036800	20.5
22236	1380628800	14.4
22236	1383307200	9.5
22236	1385899200	5.5
22236	1388577600	7.1
22236	1391256000	9.8
22236	1393675200	10.8
22237	-2308824000	10.6
22237	-2306232000	6
22237	-2303553600	3.8
22237	-2300875200	7.4
22237	-2298456000	10.2
22237	-2295777600	17
22237	-2293185600	21.6
22237	-2290507200	26
22237	-2287915200	26.2
22237	-2285236800	24.6
22237	-2282558400	21.7
22237	-2279966400	16.7
22237	-2277288000	11
22237	-2274696000	5.4
22237	-2272017600	3.6
22237	-2269339200	8.5
22237	-2266920000	11
22237	-2264241600	17.3
22237	-2261649600	19.7
22237	-2258971200	26.9
22237	-2256379200	26.5
22237	-2253700800	24.5
22237	-2251022400	23.2
22237	-2248430400	16.2
22237	-2245752000	8.1
22237	-2243160000	1.9
22237	-2240481600	5.6
22237	-2237803200	6.2
22237	-2235384000	11.3
22237	-2232705600	14.9
22237	-2230113600	19.9
22237	-2227435200	26
22237	-2224843200	25.7
22237	-2222164800	25.4
22237	-2219486400	21.9
22237	-2216894400	16.3
22237	-2214216000	10.4
22237	-2211624000	5.5
22237	-2208945600	7
22237	-2206267200	7.4
22237	-2203848000	12.9
22237	-2201169600	13
22237	-2198577600	21.1
22237	-2195899200	26.8
22237	-2193307200	26.8
22237	-2190628800	25.9
22237	-2187950400	22.5
22237	-2185358400	16.3
22237	-2182680000	11.8
22237	-2180088000	6.5
22237	-2177409600	6.4
22237	-2174731200	7.8
22237	-2172312000	10.4
22237	-2169633600	14.6
22237	-2167041600	20.8
22237	-2164363200	25.4
22237	-2161771200	26.8
22237	-2159092800	28.3
22237	-2156414400	23.2
22237	-2153822400	17.1
22237	-2151144000	12
22237	-2148552000	6.4
22237	-2145873600	6.7
22237	-2143195200	8
22237	-2140776000	11.1
22237	-2138097600	17.6
22237	-2135505600	21.5
22237	-2132827200	27.3
22237	-2130235200	25.6
22237	-2127556800	25.6
22237	-2124878400	21.3
22237	-2122286400	17.1
22237	-2119608000	10.2
22237	-2117016000	6.1
22237	-2114337600	6
22237	-2111659200	5.5
22237	-2109240000	11.4
22237	-2106561600	16
22237	-2103969600	20
22237	-2101291200	23.9
22237	-2098699200	27.5
22237	-2096020800	26.2
22237	-2093342400	22
22237	-2090750400	15.4
22237	-2088072000	11.8
22237	-2085480000	4.5
22237	-2082801600	3.9
22237	-2080123200	10.6
22237	-2077617600	13.6
22237	-2074939200	16.3
22237	-2072347200	20.9
22237	-2069668800	25.1
22237	-2067076800	26.4
22237	-2064398400	25.3
22237	-2061720000	21.7
22237	-2059128000	16.2
22237	-2056449600	10.3
22237	-2053857600	6.2
22237	-2051179200	6.9
22237	-2048500800	7.4
22237	-2046081600	12.2
22237	-2043403200	14.2
22237	-2040811200	20
22237	-2038132800	27
22237	-2035540800	27
22237	-2032862400	27
22237	-2030184000	24
22237	-2027592000	17
22237	-2024913600	10.5
22237	-2022321600	2.9
22237	-2019643200	4.7
22237	-2016964800	8.7
22237	-2014545600	12.4
22237	-2011867200	16.6
22237	-2009275200	20.8
22237	-2006596800	26.8
22237	-2004004800	27.3
22237	-2001326400	25.2
22237	-1998648000	23.7
22237	-1996056000	16.9
22237	-1993377600	10.4
22237	-1990785600	7.9
22237	-1988107200	8.7
22237	-1985428800	11.3
22237	-1983009600	14.7
22237	-1980331200	16.5
22237	-1977739200	19.3
22237	-1975060800	24.3
22237	-1972468800	28.1
22237	-1969790400	27.3
22237	-1967112000	24.4
22237	-1964520000	17.3
22237	-1961841600	9
22237	-1959249600	7.7
22237	-1956571200	6.4
22237	-1953892800	8.5
22237	-1951387200	13.9
22237	-1948708800	16.8
22237	-1946116800	20.3
22237	-1943438400	25.6
22237	-1940846400	27.3
22237	-1938168000	26
22237	-1935489600	23.3
22237	-1932897600	16.1
22237	-1930219200	10.2
22237	-1927627200	7.1
22237	-1924948800	10.2
22237	-1922270400	9
22237	-1919851200	10.7
22237	-1917172800	16.6
22237	-1914580800	20.3
22237	-1911902400	27.3
22237	-1909310400	29
22237	-1906632000	27.8
22237	-1903953600	23
22237	-1901361600	17.7
22237	-1898683200	12.4
22237	-1896091200	2.9
22237	-1893412800	7.4
22237	-1890734400	8.3
22237	-1888315200	15.5
22237	-1885636800	17.9
22237	-1883044800	23.4
22237	-1880366400	27.7
22237	-1877774400	29.5
22237	-1875096000	28.4
22237	-1872417600	24.8
22237	-1869825600	16.8
22237	-1867147200	12
22237	-1864555200	7.6
22237	-1861876800	9.8
22237	-1859198400	9.3
22237	-1856779200	14.6
22237	-1854100800	17
22237	-1851508800	22.7
22237	-1848830400	26.7
22237	-1846238400	26.7
22237	-1843560000	29.7
22237	-1840881600	25.8
22237	-1838289600	17.9
22237	-1835611200	9.5
22237	-1833019200	4.4
22237	-1830340800	6.6
22237	-1827662400	8.8
22237	-1825156800	12
22237	-1822478400	13.6
22237	-1819886400	22
22237	-1817208000	26.8
22237	-1814616000	28.3
22237	-1811937600	26.6
22237	-1809259200	22.5
22237	-1806667200	17.1
22237	-1803988800	9.7
22237	-1801396800	2.9
22237	-1798718400	3.6
22237	-1796040000	7.4
22237	-1793620800	11.1
22237	-1790942400	15.9
22237	-1788350400	20.3
22237	-1785672000	25.2
22237	-1783080000	28.2
22237	-1780401600	26.3
22237	-1777723200	21.3
22237	-1775131200	17
22237	-1772452800	12.2
22237	-1769860800	3.5
22237	-1767182400	7.7
22237	-1764504000	8.5
22237	-1762084800	11.2
22237	-1759406400	16.8
22237	-1756814400	21.6
22237	-1754136000	26.2
22237	-1751544000	25.4
22237	-1748865600	25.8
22237	-1746187200	23.6
22237	-1743595200	17.2
22237	-1740916800	11.6
22237	-1738324800	4.8
22237	-1735646400	3.7
22237	-1732968000	7.3
22237	-1730548800	9.3
22237	-1727870400	15.7
22237	-1725278400	20.3
22237	-1722600000	27.3
22237	-1720008000	27.7
22237	-1717329600	25.7
22237	-1714651200	23.1
22237	-1712059200	18.1
22237	-1709380800	11.8
22237	-1706788800	6.6
22237	-1704110400	8.6
22237	-1701432000	10.9
22237	-1698926400	14.7
22237	-1696248000	16.4
22237	-1693656000	21.7
22237	-1690977600	28
22237	-1688385600	27.9
22237	-1685707200	26
22237	-1683028800	23.4
22237	-1680436800	17.4
22237	-1677758400	10.3
22237	-1675166400	5.5
22237	-1672488000	5.3
22237	-1669809600	8
22237	-1667390400	11.2
22237	-1664712000	15.9
22237	-1662120000	18.5
22237	-1659441600	27.1
22237	-1656849600	29
22237	-1654171200	27.3
22237	-1651492800	22.9
22237	-1648900800	18.3
22237	-1646222400	12.4
22237	-1643630400	10.2
22237	-1640952000	5.9
22237	-1638273600	11.2
22237	-1635854400	13.4
22237	-1633176000	16.5
22237	-1630584000	20.5
22237	-1627905600	27.8
22237	-1625313600	28.3
22237	-1622635200	26.6
22237	-1619956800	24.4
22237	-1617364800	18.5
22237	-1614686400	9.5
22237	-1612094400	2.3
22237	-1609416000	2.7
22237	-1606737600	7.5
22237	-1604318400	11.2
22237	-1601640000	17.6
22237	-1599048000	21.6
22237	-1596369600	25.1
22237	-1593777600	26.1
22237	-1591099200	27.4
22237	-1588420800	23.1
22237	-1585828800	17.2
22237	-1583150400	11.2
22237	-1580558400	7.7
22237	-1577880000	6.4
22237	-1575201600	11.1
22237	-1572696000	11.6
22237	-1570017600	15
22237	-1567425600	22.1
22237	-1564747200	26.6
22237	-1562155200	26.5
22237	-1559476800	25.4
22237	-1556798400	23.6
22237	-1554206400	17
22237	-1551528000	10.8
22237	-1548936000	6
22237	-1546257600	8.2
22237	-1543579200	9.6
22237	-1541160000	14.7
22237	-1538481600	16.4
22237	-1535889600	22.1
22237	-1533211200	26.9
22237	-1530619200	27.2
22237	-1527940800	27.1
22237	-1525262400	25.5
22237	-1522670400	18.8
22237	-1519992000	12
22237	-1517400000	8.3
22237	-1514721600	5
22237	-1512043200	8.1
22237	-1509624000	9.6
22237	-1506945600	11.9
22237	-1504353600	22.4
22237	-1501675200	28
22237	-1499083200	28.6
22237	-1496404800	28.1
22237	-1493726400	24.8
22237	-1491134400	17.4
22237	-1488456000	9.4
22237	-1485864000	7.7
22237	-1483185600	8.5
22237	-1480507200	7.4
22237	-1478088000	10.2
22237	-1475409600	16.6
22237	-1472817600	22.5
22237	-1470139200	26.4
22237	-1467547200	27.3
22237	-1464868800	25.6
22237	-1462190400	21.6
22237	-1459598400	16.3
22237	-1456920000	9.8
22237	-1454328000	4.1
22237	-1451649600	4.3
22237	-1448971200	8.8
22237	-1446465600	9.9
22237	-1443787200	14.9
22237	-1441195200	20.8
22237	-1438516800	28.3
22237	-1435924800	27.2
22237	-1433246400	27.8
22237	-1430568000	23.1
22237	-1427976000	18.4
22237	-1425297600	12.4
22237	-1422705600	5.4
22237	-1420027200	4.9
22237	-1417348800	10.8
22237	-1414929600	14.2
22237	-1412251200	18.3
22237	-1409659200	22.7
22237	-1406980800	26.4
22237	-1404388800	27.8
22237	-1401710400	25.4
22237	-1399032000	23.1
22237	-1396440000	18
22237	-1393761600	10.1
22237	-1391169600	5
22237	-1388491200	3.4
22237	-1385812800	9.6
22237	-1383393600	11.1
22237	-1380715200	15.2
22237	-1378123200	20.5
22237	-1375444800	26.4
22237	-1372852800	26.6
22237	-1370174400	26.5
22237	-1367496000	23.8
22237	-1364904000	17.8
22237	-1362225600	11.6
22237	-1359633600	5.9
22237	-1356955200	8.8
22237	-1354276800	11.5
22237	-1351857600	12.7
22237	-1349179200	16.9
22237	-1346587200	23.1
22237	-1343908800	25.3
22237	-1341316800	26.7
22237	-1338638400	25.7
22237	-1335960000	22.2
22237	-1333368000	17.3
22237	-1330689600	13.7
22237	-1328097600	4.8
22237	-1325419200	7.2
22237	-1322740800	7.9
22237	-1320235200	14.4
22237	-1317556800	16.3
22237	-1314964800	20.8
22237	-1312286400	26.3
22237	-1309694400	27.3
22237	-1307016000	24.3
22237	-1304337600	22.1
22237	-1301745600	19.2
22237	-1299067200	9.9
22237	-1296475200	6.3
22237	-1293796800	6.6
22237	-1291118400	8
22237	-1288699200	12.2
22237	-1286020800	17.3
22237	-1283428800	21.1
22237	-1280750400	27.1
22237	-1278158400	26.6
22237	-1275480000	24.7
22237	-1272801600	23.2
22237	-1270209600	16.6
22237	-1267531200	8
22237	-1264939200	7
22237	-1262260800	5.9
22237	-1259582400	10.9
22237	-1257163200	11.3
22237	-1254484800	18.3
22237	-1251892800	19.8
22237	-1249214400	26
22237	-1246622400	26.3
22237	-1243944000	26
22237	-1241265600	23.3
22237	-1238673600	17.8
22237	-1235995200	9.4
22237	-1233403200	4.6
22237	-1230724800	5.4
22237	-1228046400	8.5
22237	-1225627200	11.6
22237	-1222948800	15.8
22237	-1220356800	21
22237	-1217678400	26.4
22237	-1215086400	27
22237	-1212408000	24.7
22237	-1209729600	23.4
22237	-1207137600	19
22237	-1204459200	10.3
22237	-1201867200	4.4
22237	-1199188800	3.9
22237	-1196510400	10.5
22237	-1194004800	11
22237	-1191326400	17.1
22237	-1188734400	21.2
22237	-1186056000	25.6
22237	-1183464000	27.3
22237	-1180785600	26.6
22237	-1178107200	22.3
22237	-1175515200	16.1
22237	-1172836800	10.8
22237	-1170244800	5.1
22237	-1167566400	5.2
22237	-1164888000	6.4
22237	-1162468800	13.5
22237	-1159790400	14.3
22237	-1157198400	19.9
22237	-1154520000	25.3
22237	-1151928000	27.8
22237	-1149249600	26.6
22237	-1146571200	25.3
22237	-1143979200	19
22237	-1141300800	11.4
22237	-1138708800	8.6
22237	-1136030400	6.4
22237	-1133352000	11.1
22237	-1130932800	14.3
22237	-1128254400	18.5
22237	-1125662400	24
22237	-1122984000	26.7
22237	-1120392000	29.5
22237	-1117713600	28.4
22237	-1115035200	24
22237	-1112443200	19.3
22237	-1109764800	11.7
22237	-1107172800	7.8
22237	-1104494400	7.7
22237	-1101816000	8.4
22237	-1099396800	13
22237	-1096718400	16.9
22237	-1094126400	18.8
22237	-1091448000	27.2
22237	-1088856000	28.7
22237	-1086177600	26.6
22237	-1083499200	22
22237	-1080907200	18.2
22237	-1078228800	10.2
22237	-1075636800	6
22237	-1072958400	5.8
22237	-1070280000	9.4
22237	-1067774400	13
22237	-1065096000	17.2
22237	-1062504000	22.1
22237	-1059825600	27
22237	-1057233600	27
22237	-1054555200	25.6
22237	-1051876800	21.7
22237	-1049284800	16.3
22237	-1046606400	9
22237	-1044014400	6.9
22237	-1041336000	4.4
22237	-1038657600	8.1
22237	-1036238400	10.4
22237	-1033560000	16.6
22237	-1030968000	21.9
22237	-1028289600	25.8
22237	-1025697600	28.2
22237	-1023019200	27.6
22237	-1020340800	24.1
22237	-1017748800	18.2
22237	-1015070400	12.2
22237	-1012478400	7.6
22237	-1009800000	7.1
22237	-1007121600	9.8
22237	-1004702400	13.1
22237	-1002024000	16.7
22237	-999432000	21.5
22237	-996753600	26.6
22237	-994161600	26.3
22237	-991483200	27.1
22237	-988804800	21.9
22237	-986212800	18.6
22237	-983534400	8.8
22237	-980942400	7.4
22237	-978264000	5.5
22237	-975585600	5.5
22237	-973166400	12.2
22237	-970488000	16.9
22237	-967896000	22.3
22237	-965217600	27.4
22237	-962625600	27
22237	-959947200	26.1
22237	-957268800	23.6
22237	-954676800	16.4
22237	-951998400	10
22237	-949406400	7.5
22237	-946728000	4.6
22237	-944049600	8.7
22237	-941544000	13
22237	-938865600	15.9
22237	-936273600	21.6
22237	-933595200	25.3
22237	-931003200	27.1
22237	-928324800	25.4
22237	-925646400	22.6
22237	-923054400	17.1
22237	-920376000	9.2
22237	-917784000	8
22237	-915105600	5.8
22237	-912427200	9.3
22237	-910008000	10.5
22237	-907329600	13.7
22237	-904737600	21.2
22237	-902059200	23.9
22237	-899467200	25.7
22237	-896788800	25
22237	-894110400	21.9
22237	-891518400	16.3
22237	-888840000	10.8
22237	-886248000	7.1
22237	-883569600	6.4
22237	-880891200	7
22237	-878472000	10.1
22237	-875793600	15.3
22237	-873201600	20.6
22237	-870523200	26.6
22237	-867931200	27.4
22237	-865252800	24.8
22237	-862574400	20.9
22237	-859982400	15.9
22237	-857304000	11.9
22237	-854712000	8.2
22237	-852033600	6.8
22237	-849355200	11.2
22237	-846936000	12.3
22237	-844257600	18.5
22237	-841665600	21.4
22237	-838987200	25.9
22237	-836395200	26.8
22237	-833716800	28.2
22237	-831038400	23.1
22237	-828446400	17
22237	-825768000	9.8
22237	-823176000	4.6
22237	-820497600	3.5
22237	-817819200	8
22237	-815313600	10.2
22237	-812635200	14.2
22237	-810043200	20.3
22237	-807364800	25.1
22237	-804772800	26.9
22237	-802094400	26.2
22237	-799416000	22.2
22237	-796824000	17.5
22237	-794145600	8.6
22237	-791553600	4.8
22237	-788875200	5.2
22237	-786196800	8.9
22237	-783777600	10.3
22237	-781099200	14.6
22237	-778507200	21.3
22237	-775828800	25.1
22237	-773236800	27.1
22237	-770558400	27.2
22237	-767880000	23.9
22237	-765288000	17.2
22237	-762609600	10.9
22237	-760017600	4.9
22237	-757339200	3.6
22237	-754660800	7.6
22237	-752241600	11.8
22237	-749563200	18.6
22237	-746971200	21
22237	-744292800	27.7
22237	-741700800	27.5
22237	-739022400	26.7
22237	-736344000	23.9
22237	-733752000	17.2
22237	-731073600	8.5
22237	-728481600	7.5
22237	-725803200	3.5
22237	-723124800	9
22237	-720705600	11.8
22237	-718027200	15.7
22237	-715435200	22.2
22237	-712756800	25.5
22237	-710164800	28.6
22237	-707486400	25.9
22237	-704808000	24.5
22237	-702216000	19
22237	-699537600	8.1
22237	-696945600	4.3
22237	-694267200	3.6
22237	-691588800	6.5
22237	-689083200	9
22237	-686404800	17.5
22237	-683812800	21.8
22237	-681134400	26.1
22237	-678542400	28
22237	-675864000	27.6
22237	-673185600	24.1
22237	-670593600	17.1
22237	-667915200	7.7
22237	-665323200	7.1
22237	-662644800	1.8
22237	-659966400	6.6
22237	-657547200	12.2
22237	-654868800	15.3
22237	-652276800	21.2
22237	-649598400	25.6
22237	-647006400	27.2
22237	-644328000	26.6
22237	-641649600	23.1
22237	-639057600	16.1
22237	-636379200	12.1
22237	-633787200	5.3
22237	-631108800	7.2
22237	-628430400	10.3
22237	-626011200	12.7
22237	-623332800	17.6
22237	-620740800	21.1
22237	-618062400	27.2
22237	-615470400	25.7
22237	-612792000	25.9
22237	-610113600	22.2
22237	-607521600	20.3
22237	-604843200	12.1
22237	-602251200	8.4
22237	-599572800	6.3
22237	-596894400	7.1
22237	-594475200	10.7
22237	-591796800	15.7
22237	-589204800	21.8
22237	-586526400	26.2
22237	-583934400	29
22237	-581256000	27.1
22237	-578577600	24.7
22237	-575985600	18.2
22237	-573307200	9.7
22237	-570715200	5.7
22237	-568036800	7.5
22237	-565358400	7.1
22237	-562852800	8.7
22237	-560174400	15.6
22237	-557582400	21.3
22237	-554904000	27
22237	-552312000	26.9
22237	-549633600	27.7
22237	-546955200	23.4
22237	-544363200	18.4
22237	-541684800	8.5
22237	-539092800	4.5
22237	-536414400	8.9
22237	-533736000	7.4
22237	-531316800	12.8
22237	-528638400	16.3
22237	-526046400	18.8
22237	-523368000	27.7
22237	-520776000	28.1
22237	-518097600	26.9
22237	-515419200	24.3
22237	-512827200	17.4
22237	-510148800	11.1
22237	-507556800	3
22237	-504878400	6.4
22237	-502200000	10.8
22237	-499780800	11.4
22237	-497102400	19.5
22237	-494510400	22.3
22237	-491832000	26.8
22237	-489240000	28.9
22237	-486561600	25.8
22237	-483883200	24.6
22237	-481291200	19.1
22237	-478612800	12.1
22237	-476020800	6
22237	-473342400	4.3
22237	-470664000	5.9
22237	-468244800	11.8
22237	-465566400	15.6
22237	-462974400	20.1
22237	-460296000	25.6
22237	-457704000	26.6
22237	-455025600	26.6
22237	-452347200	24.4
22237	-449755200	18.8
22237	-447076800	10.8
22237	-444484800	8
22237	-441806400	8.5
22237	-439128000	5.9
22237	-436622400	12.8
22237	-433944000	15.5
22237	-431352000	22
22237	-428673600	27.5
22237	-426081600	27.2
22237	-423403200	26
22237	-420724800	25.2
22237	-418132800	18.2
22237	-415454400	8.3
22237	-412862400	5.4
22237	-410184000	8.4
22237	-407505600	13
22237	-405086400	12.1
22237	-402408000	15.4
22237	-399816000	19
22237	-397137600	26.3
22237	-394545600	28.4
22237	-391867200	25.6
22237	-389188800	22.7
22237	-386596800	15.7
22237	-383918400	8.2
22237	-381326400	6.7
22237	-378648000	4.8
22237	-375969600	10.1
22237	-373550400	9
22237	-370872000	15.7
22237	-368280000	22.2
22237	-365601600	28
22237	-363009600	28.3
22237	-360331200	27.1
22237	-357652800	21.9
22237	-355060800	15.5
22237	-352382400	10.1
22237	-349790400	7.8
22237	-347112000	6.8
22237	-344433600	8.3
22237	-342014400	11.7
22237	-339336000	17.3
22237	-336744000	21.9
22237	-334065600	27.5
22237	-331473600	27.8
22237	-328795200	25.4
22237	-326116800	24
22237	-323524800	18.1
22237	-320846400	9.5
22237	-318254400	6
22237	-315576000	3.5
22237	-312897600	6.1
22237	-310392000	13.4
22237	-307713600	17.4
22237	-305121600	20.9
22237	-302443200	27.3
22237	-299851200	26.5
22237	-297172800	26.9
22237	-294494400	23.8
22237	-291902400	16.5
22237	-289224000	11.1
22237	-286632000	1.6
22237	-283953600	4.3
22237	-281275200	8.9
22237	-278856000	11.9
22237	-276177600	16.5
22237	-273585600	21.5
22237	-270907200	26.8
22237	-268315200	27.6
22237	-265636800	26.1
22237	-262958400	21.6
22237	-260366400	17.1
22237	-257688000	7.9
22237	-255096000	6.3
22237	-252417600	4.3
22237	-249739200	10.8
22237	-247320000	9
22237	-244641600	17.7
22237	-242049600	20.9
22237	-239371200	25.5
22237	-236779200	25.7
22237	-234100800	27.7
22237	-231422400	22.7
22237	-228830400	17.4
22237	-226152000	12.3
22237	-223560000	6.6
22237	-220881600	4.2
22237	-218203200	9.1
22237	-215784000	12
22237	-213105600	17.2
22237	-210513600	23
22237	-207835200	25.4
22237	-205243200	28.9
22237	-202564800	25.4
22237	-199886400	23.7
22237	-197294400	19
22237	-194616000	11
22237	-192024000	5
22237	-189345600	3.4
22237	-186667200	3.9
22237	-184161600	10.1
22237	-181483200	14.7
22237	-178891200	21.3
22237	-176212800	25.4
22237	-173620800	27.3
22237	-170942400	26.7
22237	-168264000	22.4
22237	-165672000	18.2
22237	-162993600	10.8
22237	-160401600	6.2
22237	-157723200	7.2
22237	-155044800	6.9
22237	-152625600	10
22237	-149947200	16.3
22237	-147355200	20.3
22237	-144676800	24.1
22237	-142084800	27.7
22237	-139406400	26.5
22237	-136728000	22.4
22237	-134136000	17.7
22237	-131457600	12.7
22237	-128865600	6.5
22237	-126187200	3.4
22237	-123508800	5.6
22237	-121089600	12.2
22237	-118411200	16.4
22237	-115819200	22
22237	-113140800	25.6
22237	-110548800	28.6
22237	-107870400	26.1
22237	-105192000	22.9
22237	-102600000	16.8
22237	-99921600	12.5
22237	-97329600	6.2
22237	-94651200	6.4
22237	-91972800	9.6
22237	-89553600	14.4
22237	-86875200	16.5
22237	-84283200	19.7
22237	-81604800	24
22237	-79012800	28.1
22237	-76334400	25.1
22237	-73656000	22
22237	-71064000	18.1
22237	-68385600	11.8
22237	-65793600	4.3
22237	-63115200	5.9
22237	-60436800	9.9
22237	-57931200	11.3
22237	-55252800	14.7
22237	-52660800	20.8
22237	-49982400	26.3
22237	-47390400	26.5
22237	-44712000	24.7
22237	-42033600	22.3
22237	-39441600	18.4
22237	-36763200	10.4
22237	-34171200	5.1
22237	-31492800	9.2
22237	-28814400	8.3
22237	-26395200	9.6
22237	-23716800	17.5
22237	-21124800	21.1
22237	-18446400	25.9
22237	-15854400	28
22237	-13176000	28.3
22237	-10497600	23.4
22237	-7905600	16.6
22237	-5227200	10.2
22237	-2635200	7.2
22237	43200	6
22237	2721600	9
22237	5140800	10.5
22237	7819200	14.5
22237	10411200	21.6
22237	13089600	25.4
22237	15681600	28.1
22237	18360000	27.2
22237	21038400	23.3
22237	23630400	15
22237	26308800	11.2
22237	28900800	7.8
22237	31579200	6.7
22237	34257600	9.1
22237	36676800	13.1
22237	39355200	15.2
22237	41947200	19.7
22237	44625600	26.3
22237	47217600	28.6
22237	49896000	25.5
22237	52574400	23.2
22237	55166400	16
22237	57844800	10.5
22237	60436800	5.4
22237	63115200	7.4
22237	65793600	10.1
22237	68299200	15.9
22237	70977600	17.4
22237	73569600	20.5
22237	76248000	25.2
22237	78840000	28
22237	81518400	25.3
22237	84196800	22.6
22237	86788800	18.2
22237	89467200	8.1
22237	92059200	6.3
22237	94737600	4.1
22237	97416000	6.6
22237	99835200	10
22237	102513600	13.4
22237	105105600	20.4
22237	107784000	25.7
22237	110376000	27
22237	113054400	26.5
22237	115732800	24
22237	118324800	18.3
22237	121003200	12.7
22237	123595200	7.2
22237	126273600	6.7
22237	128952000	7.1
22237	131371200	14.9
22237	134049600	16.3
22237	136641600	22.9
22237	139320000	28.1
22237	141912000	26
22237	144590400	24.8
22237	147268800	21.8
22237	149860800	16.5
22237	152539200	10.4
22237	155131200	4.3
22237	157809600	4.8
22237	160488000	8.1
22237	162907200	11
22237	165585600	13.6
22237	168177600	19.4
22237	170856000	25.9
22237	173448000	26.4
22237	176126400	26.6
22237	178804800	21.3
22237	181396800	17.5
22237	184075200	10.7
22237	186667200	6
22237	189345600	5.6
22237	192024000	10.6
22237	194529600	12
22237	197208000	16.3
22237	199800000	20.5
22237	202478400	26.1
22237	205070400	26.2
22237	207748800	26
22237	210427200	22.2
22237	213019200	14.7
22237	215697600	7.9
22237	218289600	4.6
22237	220968000	4.8
22237	223646400	8
22237	226065600	9.9
22237	228744000	15.9
22237	231336000	20.9
22237	234014400	27.2
22237	236606400	27.3
22237	239284800	27.6
22237	241963200	24.4
22237	244555200	18.3
22237	247233600	11.9
22237	249825600	9.2
22237	252504000	7.2
22237	255182400	7.9
22237	257601600	13.2
22237	260280000	17.8
22237	262872000	20.9
22237	265550400	28.1
22237	268142400	28.9
22237	270820800	26.3
22237	273499200	22
22237	276091200	18
22237	278769600	11.2
22237	281361600	5.1
22237	284040000	4.6
22237	286718400	8.3
22237	289137600	11.8
22237	291816000	16
22237	294408000	19.4
22237	297086400	24.4
22237	299678400	27.8
22237	302356800	25.1
22237	305035200	22.9
22237	307627200	18.8
22237	310305600	8.2
22237	312897600	5.9
22237	315576000	7.6
22237	318254400	9.3
22237	320760000	11
22237	323438400	15.1
22237	326030400	19.8
22237	328708800	28.1
22237	331300800	29.7
22237	333979200	26.7
22237	336657600	23.5
22237	339249600	15.6
22237	341928000	9.8
22237	344520000	8.1
22237	347198400	6.8
22237	349876800	9.7
22237	352296000	11.4
22237	354974400	18.3
22237	357566400	21.3
22237	360244800	27.7
22237	362836800	28
22237	365515200	25.8
22237	368193600	22.8
22237	370785600	16.6
22237	373464000	12.4
22237	376056000	8.2
22237	378734400	6.8
22237	381412800	8.5
22237	383832000	12.9
22237	386510400	17.5
22237	389102400	20.3
22237	391780800	26.7
22237	394372800	28.5
22237	397051200	27.2
22237	399729600	23.8
22237	402321600	16.4
22237	4.05e+08	10.2
22237	407592000	4.9
22237	410270400	5.8
22237	412948800	8.7
22237	415368000	12
22237	418046400	13.7
22237	420638400	19.6
22237	423316800	25
22237	425908800	28
22237	428587200	27.4
22237	431265600	25.1
22237	433857600	17.4
22237	436536000	11.2
22237	439128000	7.2
22237	441806400	5.5
22237	444484800	8.5
22237	446990400	12.9
22237	449668800	16.2
22237	452260800	24.3
22237	454939200	25.2
22237	457531200	27.2
22237	460209600	25.1
22237	462888000	23
22237	465480000	14.7
22237	468158400	11.1
22237	470750400	5.4
22237	473428800	4.9
22237	476107200	7.8
22237	478526400	12.2
22237	481204800	17.9
22237	483796800	21.7
22237	486475200	26.2
22237	489067200	27.3
22237	491745600	26.1
22237	494424000	21.6
22237	497016000	16.2
22237	499694400	12
22237	502286400	7.1
22237	504964800	8.1
22237	507643200	10.9
22237	510062400	13.3
22237	512740800	18
22237	515332800	21.3
22237	518011200	25.5
22237	520603200	25.9
22237	523281600	27
22237	525960000	22.3
22237	528552000	15.8
22237	531230400	10
22237	533822400	5.3
22237	536500800	5.2
22237	539179200	8.2
22237	541598400	10.3
22237	544276800	15.6
22237	546868800	19.9
22237	549547200	25.9
22237	552139200	27.2
22237	554817600	25.8
22237	557496000	22
22237	560088000	19
22237	562766400	10.5
22237	565358400	4.8
22237	568036800	5.1
22237	570715200	9.1
22237	573220800	11.9
22237	575899200	15.5
22237	578491200	20.6
22237	581169600	26.1
22237	583761600	26.8
22237	586440000	25.1
22237	589118400	22.3
22237	591710400	18.9
22237	594388800	12.2
22237	596980800	5.1
22237	599659200	5.7
22237	602337600	9.6
22237	604756800	15.3
22237	607435200	20.3
22237	610027200	24.3
22237	612705600	27.5
22237	615297600	28.6
22237	617976000	25.8
22237	620654400	23.9
22237	623246400	18.1
22237	625924800	12.2
22237	628516800	5.2
22237	631195200	5.8
22237	633873600	8.4
22237	636292800	12.9
22237	638971200	18.3
22237	641563200	21.8
22237	644241600	29.1
22237	646833600	26.8
22237	649512000	24.9
22237	652190400	23.8
22237	654782400	17.4
22237	657460800	11.2
22237	660052800	5.3
22237	662731200	6.1
22237	665409600	9.9
22237	667828800	11.2
22237	670507200	17.9
22237	673099200	21.6
22237	675777600	25.2
22237	678369600	25.9
22237	681048000	25.5
22237	683726400	21.6
22237	686318400	18
22237	688996800	9.1
22237	691588800	5.3
22237	694267200	3.7
22237	696945600	8.2
22237	699451200	12.9
22237	702129600	19.1
22237	704721600	20.4
22237	707400000	25.1
22237	709992000	28
22237	712670400	26.4
22237	715348800	24.3
22237	717940800	18.6
22237	720619200	9.1
22237	723211200	4.7
22237	725889600	8.2
22237	728568000	9.3
22237	730987200	13.1
22237	733665600	17.6
22237	736257600	22.1
22237	738936000	27.6
22237	741528000	29.2
22237	744206400	26.8
22237	746884800	23.3
22237	749476800	17.1
22237	752155200	9.9
22237	754747200	6.4
22237	757425600	6.9
22237	760104000	8.3
22237	762523200	13.4
22237	765201600	17.6
22237	767793600	22.3
22237	770472000	29.6
22237	773064000	29.1
22237	775742400	28.2
22237	778420800	23.4
22237	781012800	16.9
22237	783691200	10.4
22237	786283200	7.1
22237	788961600	6.1
22237	791640000	11.4
22237	794059200	13.2
22237	796737600	15.1
22237	799329600	21
22237	802008000	26.4
22237	804600000	28.3
22237	807278400	28.5
22237	809956800	23.5
22237	812548800	18.5
22237	815227200	13.3
22237	817819200	8.3
22237	820497600	7.9
22237	823176000	12.2
22237	825681600	12.1
22237	828360000	17.5
22237	830952000	25.6
22237	833630400	28.3
22237	836222400	28.6
22237	838900800	26.3
22237	841579200	21.9
22237	844171200	17.5
22237	846849600	12
22237	849441600	7.8
22237	852120000	5.8
22237	854798400	8.1
22237	857217600	13.7
22237	859896000	14.7
22237	862488000	23.2
22237	865166400	26.6
22237	867758400	28.5
22237	870436800	27.4
22237	873115200	25.4
22237	875707200	17.1
22237	878385600	11.5
22237	880977600	4.2
22237	883656000	7.3
22237	886334400	7.9
22237	888753600	11.6
22237	891432000	14.4
22237	894024000	22.3
22237	896702400	28.1
22237	899294400	28.6
22237	901972800	27.8
22237	904651200	26.5
22237	907243200	18
22237	909921600	13
22237	912513600	8.3
22237	915192000	9.2
22237	917870400	11.5
22237	920289600	13
22237	922968000	16.1
22237	925560000	22.1
22237	928238400	25.9
22237	930830400	26.7
22237	933508800	25.6
22237	936187200	23.8
22237	938779200	18.5
22237	941457600	13.7
22237	944049600	6.5
22237	946728000	9.6
22237	949406400	11.1
22237	951912000	11.3
22237	954590400	19.1
22237	957182400	24.3
22237	959860800	26.9
22237	962452800	28.2
22237	965131200	27.6
22237	967809600	25.5
22237	970401600	16.8
22237	973080000	7.9
22237	975672000	7.9
22237	978350400	4.9
22237	981028800	9.4
22237	983448000	12.5
22237	986126400	17.2
22237	988718400	23.4
22237	991396800	27.6
22237	993988800	27.9
22237	996667200	26.8
22237	999345600	24.4
22237	1001937600	19.4
22237	1004616000	11.9
22237	1007208000	5.7
22237	1009886400	6.8
22237	1012564800	8.1
22237	1014984000	12.5
22237	1017662400	20
22237	1020254400	22.6
22237	1022932800	29.1
22237	1025524800	27.5
22237	1028203200	28.2
22237	1030881600	24.1
22237	1033473600	17.2
22237	1036152000	10.7
22237	1038744000	6.1
22237	1041422400	9.6
22237	1044100800	9.5
22237	1046520000	12.6
22237	1049198400	17
22237	1051790400	23.5
22237	1054468800	26.8
22237	1057060800	30.4
22237	1059739200	28.7
22237	1062417600	24.9
22237	1065009600	20.4
22237	1067688000	12.4
22237	1070280000	7.3
22237	1072958400	7.2
22237	1075636800	6.9
22237	1078142400	14.6
22237	1080820800	15.3
22237	1083412800	23
22237	1086091200	27.2
22237	1088683200	28.4
22237	1091361600	26.2
22237	1094040000	23.1
22237	1096632000	17.2
22237	1099310400	9.9
22237	1101902400	6.5
22237	1104580800	9.5
22237	1107259200	10.4
22237	1109678400	12.7
22237	1112356800	16.3
22237	1114948800	22.7
22237	1117627200	27.3
22237	1120219200	29.8
22237	1122897600	26.9
22237	1125576000	24.2
22237	1128168000	16.2
22237	1130846400	10.7
22237	1133438400	3.2
22237	1136116800	3.9
22237	1138795200	10.6
22237	1141214400	8
22237	1143892800	19.1
22237	1146484800	24.5
22237	1149163200	28.8
22237	1151755200	28.6
22237	1154433600	25.6
22237	1157112000	21.6
22237	1159704000	16.6
22237	1162382400	13.7
22237	1164974400	7.3
22237	1167652800	4.5
22237	1170331200	9.9
22237	1172750400	13.9
22237	1175428800	17.7
22237	1178020800	21.1
22237	1180699200	28.1
22237	1183291200	27.9
22237	1185969600	28.2
22237	1188648000	25
22237	1191240000	18.8
22237	1193918400	13
22237	1196510400	6.2
22237	1199188800	6.1
22237	1201867200	10.1
22237	1204372800	13.4
22237	1207051200	17.5
22237	1209643200	22.3
22237	1212321600	28.6
22237	1214913600	26.6
22237	1217592000	26.7
22237	1220270400	22.4
22237	1222862400	17.6
22237	1225540800	11.2
22237	1228132800	8.2
22237	1230811200	7.3
22237	1233489600	11.3
22237	1235908800	14
22237	1238587200	17.1
22237	1241179200	23.3
22237	1243857600	26.1
22237	1246449600	29.6
22237	1249128000	28
22237	1251806400	22.8
22237	1254398400	17.9
22237	1257076800	11.1
22237	1259668800	4.9
22237	1262347200	4.3
22237	1265025600	7.9
22237	1267444800	11.2
22237	1270123200	16.7
22237	1272715200	21.9
22237	1275393600	28.6
22237	1277985600	27.4
22237	1280664000	27.2
22237	1283342400	24.5
22237	1285934400	18.8
22237	1288612800	11.1
22237	1291204800	9.3
22237	1293883200	5.9
22237	1296561600	7.3
22237	1298980800	15.6
22237	1301659200	19.6
22237	1304251200	21.7
22237	1306929600	28.6
22237	1309521600	29.8
22237	1312200000	29.4
22237	1314878400	25.1
22237	1317470400	18.8
22237	1320148800	10.7
22237	1322740800	2.7
22237	1325419200	8
22237	1328097600	8.6
22237	1330603200	13.3
22237	1333281600	18.7
22237	1335873600	22.2
22237	1338552000	29.9
22237	1341144000	28.6
22237	1343822400	28.9
22237	1346500800	24.2
22237	1349092800	18.8
22237	1351771200	12.9
22237	1354363200	7.3
22237	1357041600	4.2
22237	1359720000	7.3
22237	1362139200	14
22237	1364817600	17.7
22237	1367409600	22.3
22237	1370088000	29.7
22237	1372680000	27.5
22237	1375358400	27.2
22237	1378036800	23.9
22237	1380628800	16.6
22237	1383307200	11.3
22237	1385899200	6
22237	1388577600	7.5
22237	1391256000	11.9
22237	1393675200	13
22238	99835200	4.9
22238	102513600	5.5
22238	105105600	12.2
22238	107784000	18.6
22238	110376000	20.6
22238	113054400	20.4
22238	115732800	16.8
22238	118324800	12.8
22238	121003200	8.4
22238	123595200	1.3
22238	126273600	1.8
22238	128952000	2
22238	131371200	8.9
22238	134049600	9.4
22238	136641600	17.1
22239	121003200	7.9
22239	123595200	3.7
22239	126273600	1.5
22239	128952000	2.6
22239	131371200	9.8
22239	134049600	11.2
22239	136641600	17.8
22239	139320000	22.6
22239	141912000	21.7
22239	144590400	19.7
22239	147268800	16.1
22239	149860800	11.2
22239	152539200	6.1
22240	-2469355200	13.9
22240	-2466676800	10.5
22240	-2464084800	3.8
22240	-2461406400	5.1
22240	-2458728000	9.1
22240	-2456222400	10.6
22240	-2453544000	16.2
22240	-2450952000	19.2
22240	-2448273600	24.7
22240	-2445681600	26.9
22240	-2443003200	25.8
22240	-2440324800	22.6
22240	-2437732800	14.2
22240	-2435054400	7.6
22240	-2432462400	1.9
22241	-2566555200	21
22241	-2563963200	14.9
22241	-2561284800	8.6
22241	-2558692800	5.3
22241	-2556014400	-0.5
22241	-2553336000	2.6
22241	-2550916800	8.1
22241	-2548238400	12.7
22241	-2545646400	16.4
22241	-2542968000	21.6
22241	-2540376000	24.9
22241	-2537697600	23.7
22241	-2535019200	18.3
22241	-2532427200	13.5
22241	-2529748800	5.8
22241	-2527156800	7.2
22241	-2524478400	3.3
22241	-2521800000	5.1
22241	-2519380800	8.3
22241	-2516702400	12
22241	-2514110400	17.1
22241	-2511432000	20.2
22241	-2508840000	24
22241	-2506161600	21.7
22241	-2503483200	19.9
22241	-2500891200	12.9
22241	-2498212800	7.5
22241	-2495620800	6.2
22241	-2492942400	1.3
22241	-2490264000	3.9
22241	-2487844800	5.4
22241	-2485166400	8.9
22241	-2482574400	15.1
22241	-2479896000	19.1
22241	-2477304000	26.3
22241	-2474625600	22.8
22241	-2471947200	18.2
22241	-2469355200	13.3
22241	-2466676800	8.1
22241	-2464084800	-2.4
22241	-2461406400	1.2
22241	-2458728000	4.9
22241	-2456222400	7.7
22241	-2453544000	10.1
22241	-2450952000	13.8
22241	-2448273600	19.5
22241	-2445681600	24.1
22241	-2443003200	21.8
22241	-2440324800	19
22241	-2437732800	12
22241	-2435054400	7.6
22241	-2432462400	1.4
22242	141912000	20.5
22242	144590400	19.1
22242	147268800	15.3
22242	149860800	11.4
22243	160488000	3.9
22243	162907200	6.8
22243	165585600	8.8
22243	168177600	13.8
22243	170856000	19.9
22243	173448000	21.2
22243	176126400	20.3
22243	178804800	16.4
22243	181396800	12.7
22243	184075200	5.2
22243	186667200	2.4
22243	189345600	2.4
22243	192024000	6.7
22243	194529600	6.8
22243	197208000	11.2
22243	199800000	16.1
22243	202478400	20
22243	205070400	22.1
22243	207748800	20.6
22244	-2427105600	3.5
22244	-2424686400	5.8
22244	-2422008000	12.3
22244	-2419416000	15.3
22244	-2416737600	23.1
22244	-2414145600	20.8
22244	-2411467200	20.9
22244	-2408788800	17.5
22244	-2406196800	9
22244	-2403518400	4.4
22244	-2400926400	0.6
22244	-2398248000	-1.3
22244	-2395569600	-0.8
22244	-2393150400	6.1
22244	-2390472000	12.2
22244	-2387880000	18
22244	-2385201600	20.6
22244	-2382609600	22.1
22244	-2379931200	20.2
22244	-2377252800	17.3
22244	-2374660800	12.2
22244	-2371982400	5.6
22244	-2369390400	2.6
22244	-2366712000	0.4
22244	-2364033600	-0.3
22244	-2361614400	6.9
22244	-2358936000	10.4
22244	-2356344000	15.8
22244	-2353665600	17.9
22244	-2351073600	19.8
22244	-2348395200	21.5
22244	-2345716800	18.2
22244	-2343124800	10.2
22244	-2340446400	2.9
22244	-2337854400	-2.6
22244	-2335176000	0.6
22244	-2332497600	2.3
22244	-2329992000	8.7
22244	-2327313600	11.4
22244	-2324721600	17.1
22244	-2322043200	23.2
22244	-2319451200	22.1
22244	-2316772800	21.2
22244	-2314094400	18.3
22244	-2311502400	10.5
22244	-2308824000	4.9
22244	-2306232000	0.3
22244	-2303553600	-1.9
22244	-2300875200	2.6
22244	-2298456000	5.7
22244	-2295777600	11.9
22244	-2293185600	17.6
22244	-2290507200	21.2
22244	-2287915200	21.9
22244	-2285236800	22
22244	-2282558400	17.6
22244	-2279966400	11.3
22244	-2277288000	4.3
22244	-2274696000	-0.6
22244	-2272017600	-1.1
22244	-2269339200	5.6
22244	-2266920000	5.7
22244	-2264241600	13.1
22244	-2261649600	15.8
22244	-2258971200	21.6
22244	-2256379200	22
22244	-2253700800	21.7
22244	-2251022400	17.8
22244	-2248430400	10.2
22244	-2245752000	2.1
22244	-2243160000	-4.8
22244	-2240481600	-3
22244	-2237803200	-0.3
22244	-2235384000	6.2
22244	-2232705600	11.1
22244	-2230113600	15
22244	-2227435200	20.3
22244	-2224843200	21.5
22244	-2222164800	21.4
22244	-2219486400	17.1
22244	-2216894400	10.2
22244	-2214216000	4.9
22244	-2211624000	-1.1
22244	-2208945600	1
22244	-2206267200	2.3
22244	-2203848000	7.4
22244	-2201169600	8.4
22244	-2198577600	16.9
22244	-2195899200	23
22244	-2193307200	24
22244	-2190628800	21.5
22244	-2187950400	17.7
22244	-2185358400	11.3
22244	-2182680000	4.2
22244	-2180088000	-1.6
22244	-2177409600	-0.4
22244	-2174731200	2.4
22244	-2172312000	5.5
22244	-2169633600	9.4
22244	-2167041600	15.8
22244	-2164363200	20.8
22244	-2161771200	23.7
22244	-2159092800	23.8
22244	-2156414400	18.6
22244	-2153822400	11.4
22244	-2151144000	5.4
22244	-2148552000	0.9
22244	-2145873600	0.8
22244	-2143195200	3.1
22244	-2140776000	5
22244	-2138097600	13.5
22244	-2135505600	16.8
22244	-2132827200	23.4
22244	-2130235200	22
22244	-2127556800	22.4
22244	-2124878400	17.2
22244	-2122286400	11.9
22244	-2119608000	4.4
22244	-2117016000	0.7
22244	-2114337600	1.1
22244	-2111659200	1
22244	-2109240000	6.5
22244	-2106561600	12.3
22244	-2103969600	15.4
22244	-2101291200	18.7
22244	-2098699200	23.6
22244	-2096020800	21.7
22244	-2093342400	17.2
22244	-2090750400	9.9
22244	-2088072000	5.2
22244	-2085480000	-1
22244	-2082801600	-1.4
22244	-2080123200	6
22244	-2077617600	9
22244	-2074939200	12.1
22244	-2072347200	16.1
22244	-2069668800	20.6
22244	-2067076800	22.4
22244	-2064398400	20.7
22244	-2061720000	17.3
22244	-2059128000	11.2
22244	-2056449600	3.9
22244	-2053857600	-0.2
22244	-2051179200	1
22244	-2048500800	2.4
22244	-2046081600	7.8
22244	-2043403200	9.6
22244	-2040811200	16.4
22244	-2038132800	21.8
22244	-2035540800	21.8
22244	-2032862400	22.1
22244	-2030184000	18.1
22244	-2027592000	11.5
22244	-2024913600	5.3
22244	-2022321600	-3.1
22244	-2019643200	0
22244	-2016964800	4.1
22244	-2014545600	7.4
22244	-2011867200	11.5
22244	-2009275200	16.2
22244	-2006596800	21.7
22244	-2004004800	21.9
22244	-2001326400	20.8
22244	-1998648000	18.1
22244	-1996056000	11.2
22244	-1993377600	2.6
22244	-1990785600	1.8
22244	-1988107200	3.4
22244	-1985428800	6.1
22244	-1983009600	8.9
22244	-1980331200	10.5
22244	-1977739200	13.9
22244	-1975060800	19
22244	-1972468800	22.1
22244	-1969790400	18.8
22244	-1967112000	16.9
22244	-1964520000	12.3
22244	-1961841600	4.2
22244	-1959249600	1.3
22244	-1956571200	-0.2
22244	-1953892800	2.3
22244	-1951387200	10.5
22244	-1948708800	10.7
22244	-1946116800	13.8
22244	-1943438400	19.8
22244	-1940846400	22.2
22244	-1938168000	20.6
22244	-1935489600	16.1
22244	-1932897600	8.9
22244	-1930219200	5.5
22244	-1927627200	2.1
22244	-1924948800	5.6
22244	-1922270400	4.7
22244	-1919851200	6.6
22244	-1917172800	11.7
22244	-1914580800	14.2
22244	-1911902400	21.7
22244	-1909310400	23
22244	-1906632000	22
22244	-1903953600	17.6
22244	-1901361600	12.4
22244	-1898683200	7.2
22244	-1896091200	-5.1
22244	-1893412800	0.4
22244	-1890734400	2.2
22244	-1888315200	10.1
22244	-1885636800	14.4
22244	-1883044800	16.6
22244	-1880366400	23.1
22244	-1877774400	23.8
22244	-1875096000	23.1
22244	-1872417600	19.4
22244	-1869825600	12.7
22244	-1867147200	7.4
22244	-1864555200	3.8
22244	-1861876800	5.6
22244	-1859198400	6.6
22244	-1856779200	11.1
22244	-1854100800	12.9
22244	-1851508800	15.6
22244	-1848830400	20.3
22244	-1846238400	21.4
22244	-1843560000	21.8
22244	-1840881600	18.1
22244	-1838289600	10.7
22244	-1835611200	5.1
22244	-1833019200	1
22244	-1830340800	2.3
22244	-1827662400	4.1
22244	-1825156800	8.9
22244	-1822478400	11
22244	-1819886400	17.8
22244	-1817208000	20.6
22244	-1814616000	23.1
22244	-1811937600	23.4
22244	-1809259200	18.1
22244	-1806667200	11.5
22244	-1803988800	3.7
22244	-1801396800	-1.5
22244	-1798718400	1.5
22244	-1796040000	5.5
22244	-1793620800	6.6
22244	-1790942400	11.2
22244	-1788350400	14.9
22244	-1785672000	19.5
22244	-1783080000	22.9
22244	-1780401600	22.1
22244	-1777723200	15.8
22244	-1775131200	11.8
22244	-1772452800	8
22244	-1769860800	0.3
22244	-1767182400	4.6
22244	-1764504000	2.9
22244	-1762084800	7.5
22244	-1759406400	12.8
22244	-1756814400	17
22244	-1754136000	21.6
22244	-1751544000	22.2
22244	-1748865600	21
22244	-1746187200	18.4
22244	-1743595200	11.6
22244	-1740916800	7
22244	-1738324800	1.6
22244	-1735646400	-0.3
22244	-1732968000	3.4
22244	-1730548800	6.7
22244	-1727870400	11
22244	-1725278400	14.5
22244	-1722600000	21.7
22244	-1720008000	22.7
22244	-1717329600	20.9
22244	-1714651200	17.2
22244	-1712059200	11.3
22244	-1709380800	3.7
22244	-1706788800	0
22244	-1704110400	2.7
22244	-1701432000	5.8
22244	-1698926400	10.4
22244	-1696248000	11.9
22244	-1693656000	16.6
22244	-1690977600	22.1
22244	-1688385600	22.6
22244	-1685707200	21
22244	-1683028800	18.7
22244	-1680436800	13.2
22244	-1677758400	4.7
22244	-1675166400	0.8
22244	-1672488000	0.7
22244	-1669809600	4
22244	-1667390400	7.4
22244	-1664712000	10.7
22244	-1662120000	12.8
22244	-1659441600	21.3
22244	-1656849600	23.7
22244	-1654171200	22
22244	-1651492800	18.7
22244	-1648900800	12.7
22244	-1646222400	7.9
22244	-1643630400	4.4
22244	-1640952000	1
22244	-1638273600	7.6
22244	-1635854400	10.1
22244	-1633176000	11.1
22244	-1630584000	15.1
22244	-1627905600	22.1
22244	-1625313600	22
22244	-1622635200	21.6
22244	-1619956800	17.2
22244	-1617364800	12.2
22244	-1614686400	4.2
22244	-1612094400	-1.4
22244	-1609416000	-1.1
22244	-1606737600	2.3
22244	-1604318400	5.5
22244	-1601640000	11.6
22244	-1599048000	15.2
22244	-1596369600	18.4
22244	-1593777600	22.3
22244	-1591099200	21.6
22244	-1588420800	18
22244	-1585828800	11.8
22244	-1583150400	6.5
22244	-1580558400	3.1
22244	-1577880000	2.7
22244	-1575201600	5.9
22244	-1572696000	7.2
22244	-1570017600	10.3
22244	-1567425600	16.5
22244	-1564747200	20.3
22244	-1562155200	22.9
22244	-1559476800	21.1
22244	-1556798400	17.6
22244	-1554206400	11.1
22244	-1551528000	5.1
22244	-1548936000	1.1
22244	-1546257600	3.5
22244	-1543579200	6.1
22244	-1541160000	10.8
22244	-1538481600	11.2
22244	-1535889600	16.4
22244	-1533211200	20.7
22244	-1530619200	22.3
22244	-1527940800	21.6
22244	-1525262400	19.8
22244	-1522670400	14.2
22244	-1519992000	7.8
22244	-1517400000	5.2
22244	-1514721600	0.2
22244	-1512043200	4.6
22244	-1509624000	7
22244	-1506945600	11.7
22244	-1504353600	17.3
22244	-1501675200	22.4
22244	-1499083200	23.6
22244	-1496404800	22.9
22244	-1493726400	19
22244	-1491134400	11.5
22244	-1488456000	4
22244	-1485864000	2.9
22244	-1483185600	3.4
22244	-1480507200	3.2
22244	-1478088000	5.8
22244	-1475409600	12.6
22244	-1472817600	17.1
22244	-1470139200	20.7
22244	-1467547200	23.2
22244	-1464868800	21.4
22244	-1462190400	16.6
22244	-1459598400	10.2
22244	-1456920000	4.6
22244	-1454328000	0.3
22244	-1451649600	-0.4
22244	-1448971200	4.3
22244	-1446465600	5.4
22244	-1443787200	11
22244	-1441195200	17
22244	-1438516800	23.2
22244	-1435924800	23.1
22244	-1433246400	23
22244	-1430568000	18.4
22244	-1427976000	13
22244	-1425297600	6.1
22244	-1422705600	-1.5
22244	-1420027200	-2.4
22244	-1417348800	5.1
22244	-1414929600	9.2
22244	-1412251200	14.8
22244	-1409659200	18.5
22244	-1406980800	21.9
22244	-1404388800	24.3
22244	-1401710400	21.6
22244	-1399032000	18.7
22244	-1396440000	12.5
22244	-1393761600	4
22244	-1391169600	-0.6
22244	-1388491200	-1.7
22244	-1385812800	5.3
22244	-1383393600	6.9
22244	-1380715200	12
22244	-1378123200	16
22244	-1375444800	21.7
22244	-1372852800	22.8
22244	-1370174400	22.3
22244	-1367496000	19.8
22244	-1364904000	12.7
22244	-1362225600	5.3
22244	-1359633600	-0.5
22244	-1356955200	2.8
22244	-1354276800	6.5
22244	-1351857600	8.4
22244	-1349179200	13.1
22244	-1346587200	18.5
22244	-1343908800	21.1
22244	-1341316800	23.8
22244	-1338638400	21.4
22244	-1335960000	17.9
22244	-1333368000	11.9
22244	-1330689600	8.3
22244	-1328097600	-0.5
22244	-1325419200	1.2
22244	-1322740800	3.2
22244	-1320235200	9.4
22244	-1317556800	12.2
22244	-1314964800	16.7
22244	-1312286400	22
22244	-1309694400	23.9
22244	-1307016000	21.2
22244	-1304337600	18
22244	-1301745600	13.4
22244	-1299067200	4.1
22244	-1296475200	-0.3
22244	-1293796800	1
22244	-1291118400	2
22244	-1288699200	7.6
22244	-1286020800	12.5
22244	-1283428800	16.9
22244	-1280750400	21.7
22244	-1278158400	23.1
22244	-1275480000	21.4
22244	-1272801600	18.6
22244	-1270209600	12.8
22244	-1267531200	2.2
22244	-1264939200	0.9
22244	-1262260800	-0.5
22244	-1259582400	5.9
22244	-1257163200	6.2
22244	-1254484800	14.3
22244	-1251892800	15.2
22244	-1249214400	23.2
22244	-1246622400	23.7
22244	-1243944000	22.4
22244	-1241265600	17.9
22244	-1238673600	12.3
22244	-1235995200	3.5
22244	-1233403200	-1.5
22244	-1230724800	-0.2
22244	-1228046400	4.8
22244	-1225627200	6.4
22244	-1222948800	12.2
22244	-1220356800	16.1
22244	-1217678400	22
22244	-1215086400	23.2
22244	-1212408000	21.4
22244	-1209729600	19.8
22244	-1207137600	13.5
22244	-1204459200	4.8
22244	-1201867200	0.1
22244	-1199188800	-1.2
22244	-1196510400	6
22244	-1194004800	6.3
22244	-1191326400	12.8
22244	-1188734400	16
22244	-1186056000	21
22244	-1183464000	23.7
22244	-1180785600	22.8
22244	-1178107200	17.3
22244	-1175515200	11.2
22244	-1172836800	4.8
22244	-1170244800	-1.9
22244	-1167566400	-0.7
22244	-1164888000	1.1
22244	-1162468800	8.8
22244	-1159790400	9.8
22244	-1157198400	15.3
22244	-1154520000	22.1
22244	-1151928000	24.2
22244	-1149249600	22.2
22244	-1146571200	20
22244	-1143979200	13.4
22244	-1141300800	6.4
22244	-1138708800	3
22244	-1136030400	0.9
22244	-1133352000	6.4
22244	-1130932800	8.9
22244	-1128254400	12.7
22244	-1125662400	19
22244	-1122984000	21.5
22244	-1120392000	25.3
22244	-1117713600	24.3
22244	-1115035200	18.7
22244	-1112443200	13.1
22244	-1109764800	6.2
22244	-1107172800	1.8
22244	-1104494400	2.4
22244	-1101816000	3.3
22244	-1099396800	8.6
22244	-1096718400	12.8
22244	-1094126400	14.2
22244	-1091448000	22
22244	-1088856000	24
22244	-1086177600	22.6
22244	-1083499200	18
22244	-1080907200	13.2
22244	-1078228800	5.4
22244	-1075636800	0.7
22244	-1072958400	0.5
22244	-1070280000	4.9
22244	-1067774400	8.4
22244	-1065096000	13.2
22244	-1062504000	17.9
22244	-1059825600	22.9
22244	-1057233600	23.8
22244	-1054555200	23.3
22244	-1051876800	18.3
22244	-1049284800	11.6
22244	-1046606400	4.6
22244	-1044014400	1.3
22244	-1041336000	-1.6
22244	-1038657600	3.2
22244	-1036238400	6.5
22244	-1033560000	12.5
22244	-1030968000	18.1
22244	-1028289600	21.4
22244	-1025697600	24.2
22244	-1023019200	24.1
22244	-1020340800	19.9
22244	-1017748800	13.2
22244	-1015070400	6.7
22244	-1012478400	2.2
22244	-1009800000	1.7
22244	-1007121600	5.2
22244	-1004702400	8.8
22244	-1002024000	12.5
22244	-999432000	17
22244	-996753600	22.2
22244	-994161600	23.5
22244	-991483200	23
22244	-988804800	18.1
22244	-986212800	13.2
22244	-983534400	3.3
22244	-980942400	2.8
22244	-978264000	1
22244	-975585600	-0.3
22244	-973166400	7.7
22244	-970488000	12.1
22244	-967896000	17.7
22244	-965217600	23.1
22244	-962625600	24.1
22244	-959947200	22.1
22244	-957268800	19.5
22244	-954676800	11.3
22244	-951998400	4.9
22244	-949406400	3.5
22244	-946728000	0.8
22244	-944049600	3.6
22244	-941544000	8.8
22244	-938865600	12
22244	-936273600	17.5
22244	-933595200	21.8
22244	-931003200	23.9
22244	-928324800	22
22244	-925646400	19.4
22244	-923054400	13.3
22244	-920376000	5
22244	-917784000	3.5
22244	-915105600	1.8
22244	-912427200	5.1
22244	-910008000	6
22244	-907329600	9.6
22244	-904737600	16.3
22244	-902059200	19.8
22244	-899467200	22.9
22244	-896788800	22.2
22244	-894110400	18.5
22244	-891518400	12.5
22244	-888840000	5.9
22244	-886248000	2.2
22244	-883569600	2.1
22244	-880891200	1.7
22244	-878472000	5.2
22244	-875793600	11.1
22244	-873201600	16.5
22244	-870523200	22.6
22244	-867931200	23.9
22244	-865252800	21.9
22244	-862574400	17.9
22244	-859982400	12.9
22244	-857304000	8.1
22244	-854712000	3.6
22244	-852033600	2.5
22244	-849355200	5.9
22244	-846936000	8.3
22244	-844257600	14.9
22244	-841665600	18.4
22244	-838987200	22.3
22244	-836395200	23.9
22244	-833716800	24.3
22244	-831038400	19.9
22244	-828446400	12.8
22244	-825768000	5.4
22244	-823176000	-1
22244	-820497600	-2.5
22244	-817819200	3.6
22244	-815313600	6.5
22244	-812635200	11.2
22244	-810043200	16.7
22244	-807364800	21.4
22244	-804772800	23.9
22244	-802094400	23
22244	-799416000	18.4
22244	-796824000	13.6
22244	-794145600	4.7
22244	-791553600	1
22244	-788875200	1.6
22244	-786196800	5.3
22244	-783777600	6.6
22244	-781099200	11
22244	-778507200	17.8
22244	-775828800	20.8
22244	-773236800	23.5
22244	-770558400	23.9
22244	-767880000	19.4
22244	-765288000	12.8
22244	-762609600	6.1
22244	-760017600	-0.2
22244	-757339200	-1
22244	-754660800	3.2
22244	-752241600	8
22244	-749563200	15.1
22244	-746971200	16.4
22244	-744292800	23.2
22244	-741700800	23.8
22244	-739022400	23.4
22244	-736344000	20.5
22244	-733752000	12.4
22244	-731073600	4.3
22244	-728481600	3.6
22244	-725803200	-0.9
22244	-723124800	4.4
22244	-720705600	7.7
22244	-718027200	12.1
22244	-715435200	18.4
22244	-712756800	21.5
22244	-710164800	25
22244	-707486400	23.2
22244	-704808000	20.2
22244	-702216000	14.4
22244	-699537600	3.9
22244	-696945600	-0.2
22244	-694267200	-0.2
22244	-691588800	2.5
22244	-689083200	5.2
22244	-686404800	14.6
22244	-683812800	18.3
22244	-681134400	21.9
22244	-678542400	24.4
22244	-675864000	23.6
22244	-673185600	19.6
22244	-670593600	12.2
22244	-667915200	2.5
22244	-665323200	2.5
22244	-662644800	-1.4
22244	-659966400	2.3
22244	-657547200	8
22244	-654868800	11.7
22244	-652276800	16.4
22244	-649598400	22.2
22244	-647006400	24.3
22244	-644328000	22.2
22244	-641649600	18.5
22244	-639057600	11
22244	-636379200	7.1
22244	-633787200	-0.4
22244	-631108800	1.8
22244	-628430400	5.9
22244	-626011200	8.7
22244	-623332800	14
22244	-620740800	17.5
22244	-618062400	22.7
22244	-615470400	22.9
22244	-612792000	22
22244	-610113600	18.1
22244	-607521600	15.8
22244	-604843200	6.7
22244	-602251200	3.6
22244	-599572800	1.5
22244	-596894400	2.7
22244	-594475200	6.8
22244	-591796800	12.5
22244	-589204800	18.1
22244	-586526400	22
22244	-583934400	26.3
22244	-581256000	23.3
22244	-578577600	20.5
22244	-575985600	13.1
22244	-573307200	4.4
22244	-570715200	1.3
22244	-568036800	3.3
22244	-565358400	3.6
22244	-562852800	5.7
22244	-560174400	12.5
22244	-557582400	17.5
22244	-554904000	23.3
22244	-552312000	23.7
22244	-549633600	24.1
22244	-546955200	19.1
22244	-544363200	12.7
22244	-541684800	3.5
22244	-539092800	0.4
22244	-536414400	4.5
22244	-533736000	2.6
22244	-531316800	9.1
22244	-528638400	12.4
22244	-526046400	14.7
22244	-523368000	22.8
22244	-520776000	23.8
22244	-518097600	22.4
22244	-515419200	19.6
22244	-512827200	12.5
22244	-510148800	6.3
22244	-507556800	-1.3
22244	-504878400	1.7
22244	-502200000	6.3
22244	-499780800	7.8
22244	-497102400	15.8
22244	-494510400	18.1
22244	-491832000	22.5
22244	-489240000	25.3
22244	-486561600	22.3
22244	-483883200	20.3
22244	-481291200	14.5
22244	-478612800	7.1
22244	-476020800	1.1
22244	-473342400	0.1
22244	-470664000	1.1
22244	-468244800	8.1
22244	-465566400	12.3
22244	-462974400	16.2
22244	-460296000	21
22244	-457704000	22.1
22244	-455025600	22.9
22244	-452347200	19.8
22244	-449755200	13.7
22244	-447076800	6
22244	-444484800	2.5
22244	-441806400	4
22244	-439128000	1.6
22244	-436622400	8
22244	-433944000	11.8
22244	-431352000	17.9
22244	-428673600	23.7
22244	-426081600	23
22244	-423403200	21.9
22244	-420724800	19.9
22244	-418132800	13.6
22244	-415454400	2.8
22244	-412862400	0.2
22244	-410184000	3.7
22244	-407505600	8.7
22244	-405086400	8.1
22244	-402408000	11.7
22244	-399816000	15.6
22244	-397137600	22.1
22244	-394545600	24.5
22244	-391867200	22.2
22244	-389188800	18.4
22244	-386596800	11.6
22244	-383918400	4.3
22244	-381326400	2.3
22244	-378648000	0.7
22244	-375969600	5.9
22244	-373550400	5.7
22244	-370872000	11.8
22244	-368280000	17.7
22244	-365601600	23.3
22244	-363009600	24.3
22244	-360331200	23.9
22244	-357652800	18.8
22244	-355060800	12.3
22244	-352382400	5.9
22244	-349790400	2.9
22244	-347112000	1.3
22244	-344433600	4.2
22244	-342014400	7.2
22244	-339336000	13.1
22244	-336744000	16.8
22244	-334065600	23.1
22244	-331473600	24
22244	-328795200	22.8
22244	-326116800	19.6
22244	-323524800	12.9
22244	-320846400	5
22244	-318254400	2.2
22244	-315576000	0
22244	-312897600	2.3
22244	-310392000	9.7
22244	-307713600	13.2
22244	-305121600	16.2
22244	-302443200	22.8
22244	-299851200	23
22244	-297172800	23.4
22244	-294494400	19.8
22244	-291902400	12.1
22244	-289224000	7
22244	-286632000	-3.2
22244	-283953600	-1.4
22244	-281275200	4.6
22244	-278856000	8.3
22244	-276177600	12.1
22244	-273585600	17.7
22244	-270907200	22.2
22244	-268315200	23.7
22244	-265636800	22.9
22244	-262958400	17.4
22244	-260366400	12.6
22244	-257688000	4.7
22244	-255096000	1.7
22244	-252417600	0.5
22244	-249739200	6.9
22244	-247320000	5.4
22244	-244641600	14
22244	-242049600	17
22244	-239371200	21.4
22244	-236779200	23
22244	-234100800	23.8
22244	-231422400	19.7
22244	-228830400	13.8
22244	-226152000	8
22244	-223560000	2.7
22244	-220881600	-0.4
22244	-218203200	5.2
22244	-215784000	8.2
22244	-213105600	13.6
22244	-210513600	19
22244	-207835200	21
22244	-205243200	25
22244	-202564800	22.7
22244	-199886400	20.6
22244	-197294400	15
22244	-194616000	7.4
22244	-192024000	0.8
22244	-189345600	-1.2
22244	-186667200	-1.3
22244	-184161600	6.9
22244	-181483200	12
22244	-178891200	18
22244	-176212800	21.6
22244	-173620800	24.5
22244	-170942400	23.2
22244	-168264000	19.4
22244	-165672000	13.7
22244	-162993600	6.1
22244	-160401600	1.2
22244	-157723200	2.9
22244	-155044800	3.4
22244	-152625600	6.7
22244	-149947200	13.2
22244	-147355200	16.7
22244	-144676800	20
22244	-142084800	24.4
22244	-139406400	22.8
22244	-136728000	18.6
22244	-134136000	13.3
22244	-131457600	8.5
22244	-128865600	2.8
22244	-126187200	-1.2
22244	-123508800	1.8
22244	-121089600	8.5
22244	-118411200	13.3
22244	-115819200	18.4
22244	-113140800	21.3
22244	-110548800	24.9
22244	-107870400	22.6
22244	-105192000	18.5
22244	-102600000	13.3
22244	-99921600	7.9
22244	-97329600	2
22244	-94651200	0.9
22244	-91972800	5.2
22244	-89553600	10.9
22244	-86875200	13.7
22244	-84283200	16.4
22244	-81604800	20.6
22244	-79012800	24.4
22244	-76334400	22.1
22244	-73656000	18.3
22244	-71064000	13
22244	-68385600	7
22244	-65793600	0.1
22244	-63115200	1.8
22244	-60436800	6
22244	-57931200	7.8
22244	-55252800	11.4
22244	-52660800	17.2
22244	-49982400	22
22244	-47390400	23
22244	-44712000	20.9
22244	-42033600	17.7
22244	-39441600	13.7
22244	-36763200	6.3
22244	-34171200	0.6
22244	-31492800	4.9
22244	-28814400	4.2
22244	-26395200	5.5
22244	-23716800	13.9
22244	-21124800	17.2
22244	-18446400	21.3
22244	-15854400	24.3
22244	-13176000	24.2
22244	-10497600	19.6
22244	-7905600	13.4
22244	-5227200	5.6
22244	-2635200	2.9
22244	43200	2.6
22244	2721600	5.6
22244	5140800	6.5
22244	7819200	10.9
22244	10411200	17.2
22244	13089600	20.8
22244	15681600	24.3
22244	18360000	23.1
22244	21038400	18.4
22244	23630400	10.9
22244	26308800	6.5
22244	28900800	2.9
22244	31579200	1.4
22244	34257600	4.3
22244	36676800	8.5
22244	39355200	10.9
22244	41947200	15.7
22244	44625600	21.7
22244	47217600	24.3
22244	49896000	21.7
22244	52574400	18.5
22244	55166400	11.9
22244	57844800	5.7
22244	60436800	0.3
22244	63115200	2.1
22244	65793600	4.8
22244	68299200	10.4
22244	70977600	12.8
22244	73569600	15.9
22244	76248000	21.5
22244	78840000	24.1
22244	81518400	22.4
22244	84196800	18.6
22244	86788800	13.9
22244	89467200	4.5
22244	92059200	1.8
22244	94737600	0.3
22244	97416000	3.7
22244	99835200	7.2
22244	102513600	9.6
22244	105105600	16.4
22244	107784000	19.9
22244	110376000	22.8
22244	113054400	22
22244	115732800	17.9
22244	118324800	12.7
22244	121003200	7.3
22244	123595200	2.1
22244	126273600	1.7
22244	128952000	2.5
22244	131371200	11.6
22244	134049600	12.5
22244	136641600	19.1
22244	139320000	23
22244	141912000	23.1
22244	144590400	21.3
22244	147268800	18.1
22244	149860800	12.5
22244	152539200	5.7
22244	155131200	-0.3
22244	157809600	0.4
22244	160488000	4.2
22244	162907200	8.2
22244	165585600	10.3
22244	168177600	15.2
22244	170856000	21.6
22244	173448000	23.2
22244	176126400	22.7
22244	178804800	17.8
22244	181396800	12.5
22244	184075200	5.8
22244	186667200	1.6
22244	189345600	1.2
22244	192024000	6.9
22244	194529600	8.9
22244	197208000	12.6
22244	199800000	16.5
22244	202478400	21.1
22244	205070400	23.2
22244	207748800	22.1
22244	210427200	18.5
22244	213019200	11
22244	215697600	3.8
22244	218289600	0.1
22244	220968000	0.5
22244	223646400	4.7
22244	226065600	6.6
22244	228744000	12.3
22244	231336000	15.9
22244	234014400	22.3
22244	236606400	23.9
22244	239284800	23.9
22244	241963200	20.2
22244	244555200	13.5
22244	247233600	7.4
22244	249825600	4.9
22244	252504000	3.5
22244	255182400	4.4
22244	257601600	9.5
22244	260280000	13.8
22244	262872000	16.6
22244	265550400	23.5
22244	268142400	25.1
22244	270820800	22.8
22244	273499200	19.1
22244	276091200	14.3
22244	278769600	8.2
22244	281361600	2.1
22244	284040000	0.8
22244	286718400	4.2
22244	289137600	8.5
22244	291816000	12.1
22244	294408000	16.5
22244	297086400	20.5
22244	299678400	23.6
22244	302356800	21.3
22244	305035200	18.7
22244	307627200	14
22244	310305600	5.2
22244	312897600	2.4
22244	315576000	4.1
22244	318254400	6.1
22244	320760000	7.3
22244	323438400	11.9
22244	326030400	16.1
22244	328708800	22.9
22244	331300800	25.6
22244	333979200	23
22244	336657600	19.4
22244	339249600	11.4
22244	341928000	5.2
22244	344520000	5.2
22244	347198400	3.1
22244	349876800	5.6
22244	352296000	7.8
22244	354974400	14.1
22244	357566400	18.1
22244	360244800	23.7
22244	362836800	24.6
22244	365515200	23.2
22244	368193600	19.8
22244	370785600	13.3
22244	373464000	7.9
22244	376056000	4.2
22244	378734400	3.2
22244	381412800	5.4
22244	383832000	9.5
22244	386510400	13.6
22244	389102400	16.8
22244	391780800	21.7
22244	394372800	24.2
22244	397051200	23.6
22244	399729600	19.5
22244	402321600	12.3
22244	4.05e+08	6.5
22244	407592000	1.6
22244	410270400	2.1
22244	412948800	5.3
22244	415368000	9
22244	418046400	9.8
22244	420638400	16
22244	423316800	20.8
22244	425908800	23.8
22244	428587200	24
22244	431265600	21.2
22244	433857600	13.9
22244	436536000	7.8
22244	439128000	3.6
22244	441806400	1.6
22244	444484800	3.8
22244	446990400	8.6
22244	449668800	11.7
22244	452260800	20.6
22244	454939200	20.6
22244	457531200	23.6
22244	460209600	22.7
22244	462888000	19.5
22244	465480000	11.2
22244	468158400	6.3
22244	470750400	1.7
22244	473428800	0.9
22244	476107200	3.4
22244	478526400	9.9
22244	481204800	14
22244	483796800	17.3
22244	486475200	22.3
22244	489067200	23.8
22244	491745600	23.1
22244	494424000	18.1
22244	497016000	13.9
22244	499694400	8
22244	502286400	2.2
22244	504964800	4.1
22244	507643200	7.8
22244	510062400	10.5
22244	512740800	14.6
22244	515332800	17.1
22244	518011200	22.1
22244	520603200	22.9
22244	523281600	24
22244	525960000	18.5
22244	528552000	12.1
22244	531230400	6.1
22244	533822400	2.2
22244	536500800	0.1
22244	539179200	4.6
22244	541598400	7.2
22244	544276800	11.8
22244	546868800	16.8
22244	549547200	21.6
22244	552139200	24
22244	554817600	22.5
22244	557496000	18.7
22244	560088000	15.2
22244	562766400	6.5
22244	565358400	1.4
22244	568036800	1
22244	570715200	6.1
22244	573220800	7.9
22244	575899200	13
22244	578491200	17.6
22244	581169600	21.6
22244	583761600	24.7
22244	586440000	23
22244	589118400	17.7
22244	591710400	15.2
22244	594388800	6.9
22244	596980800	1
22244	599659200	1.4
22244	602337600	6.5
22244	604756800	11.2
22244	607435200	16.1
22244	610027200	20.2
22244	612705600	23
22244	615297600	24.6
22244	617976000	23.2
22244	620654400	19.1
22244	623246400	12.8
22244	625924800	7.1
22244	628516800	1.6
22244	631195200	1.7
22244	633873600	4.4
22244	636292800	9.7
22244	638971200	14.3
22244	641563200	17.8
22244	644241600	24.4
22244	646833600	23.9
22244	649512000	22
22244	652190400	19.9
22244	654782400	13.1
22244	657460800	7
22244	660052800	1.2
22244	662731200	1.3
22244	665409600	6.2
22244	667828800	8.5
22244	670507200	13.1
22244	673099200	17.2
22244	675777600	21.3
22244	678369600	22.3
22244	681048000	22.9
22244	683726400	20
22244	686318400	13.2
22244	688996800	6.1
22244	691588800	1.2
22244	694267200	0.6
22244	696945600	5.5
22244	699451200	7.9
22244	702129600	13.5
22244	704721600	17
22244	707400000	21
22244	709992000	23.5
22244	712670400	22
22244	715348800	19.2
22244	717940800	14.3
22244	720619200	4.7
22244	723211200	0.1
22244	725889600	4.4
22244	728568000	5.9
22244	730987200	9
22244	733665600	13.9
22244	736257600	18.2
22244	738936000	22.8
22244	741528000	25.1
22244	744206400	22.8
22244	746884800	18.7
22244	749476800	12.6
22244	752155200	4.9
22244	754747200	1.6
22244	757425600	2.4
22244	760104000	4.2
22244	762523200	8.9
22244	765201600	13.9
22244	767793600	18.6
22244	770472000	24.6
22244	773064000	26
22244	775742400	24.9
22244	778420800	19.8
22244	781012800	12.4
22244	783691200	6.6
22244	786283200	3.5
22244	788961600	2.5
22244	791640000	8
22244	794059200	9.8
22244	796737600	11.5
22244	799329600	17.1
22244	802008000	21.8
22244	804600000	24.1
22244	807278400	24.7
22244	809956800	19.9
22244	812548800	13.7
22244	815227200	8.6
22244	817819200	3.9
22244	820497600	4.4
22244	823176000	7.9
22244	825681600	8.6
22244	828360000	13.8
22244	830952000	21.2
22244	833630400	23.7
22244	836222400	25.1
22244	838900800	23.6
22244	841579200	18.3
22244	844171200	12.9
22244	846849600	7.3
22244	849441600	3.2
22244	852120000	1.6
22244	854798400	4.9
22244	857217600	10
22244	859896000	12.6
22244	862488000	19.2
22244	865166400	21.9
22244	867758400	24.2
22244	870436800	24
22244	873115200	21.1
22244	875707200	13.2
22244	878385600	6.2
22244	880977600	0.1
22244	883656000	3.1
22244	886334400	4.4
22244	888753600	8.1
22244	891432000	10.8
22244	894024000	17.4
22244	896702400	22.3
22244	899294400	24.4
22244	901972800	23.8
22244	904651200	21.8
22244	907243200	13.8
22244	909921600	7.7
22244	912513600	3.2
22244	915192000	4.6
22244	917870400	6.2
22244	920289600	10.6
22244	922968000	12.5
22244	925560000	18
22244	928238400	22.4
22244	930830400	24.5
22244	933508800	23.4
22244	936187200	19.5
22244	938779200	13.4
22244	941457600	8.3
22244	944049600	1.6
22244	946728000	4.6
22244	949406400	8
22244	951912000	9.7
22244	954590400	15.2
22244	957182400	20.6
22244	959860800	22.8
22244	962452800	24.8
22244	965131200	23.8
22244	967809600	20.9
22244	970401600	13.3
22244	973080000	4
22244	975672000	2.8
22244	978350400	0.7
22244	981028800	5.6
22244	983448000	9.2
22244	986126400	14.3
22244	988718400	19.4
22244	991396800	22.9
22244	993988800	24.9
22244	996667200	23.2
22244	999345600	19.6
22244	1001937600	14.2
22244	1004616000	8.1
22244	1007208000	1.9
22244	1009886400	3.4
22244	1012564800	4.3
22244	1014984000	8.8
22244	1017662400	16.5
22244	1020254400	18.8
22244	1022932800	24.4
22244	1025524800	24.1
22244	1028203200	23.5
22244	1030881600	19.2
22244	1033473600	12.3
22244	1036152000	6.5
22244	1038744000	2.3
22244	1041422400	5.3
22244	1044100800	5.9
22244	1046520000	9.3
22244	1049198400	13.5
22244	1051790400	19.1
22244	1054468800	21.8
22244	1057060800	26.3
22244	1059739200	24.5
22244	1062417600	20.3
22244	1065009600	15.3
22244	1067688000	8
22244	1070280000	3
22244	1072958400	3.3
22244	1075636800	3.5
22244	1078142400	13.1
22244	1080820800	12.8
22244	1083412800	19.2
22244	1086091200	21.9
22244	1088683200	24.3
22244	1091361600	21.9
22244	1094040000	18.3
22244	1096632000	12.7
22244	1099310400	7
22244	1101902400	1.5
22244	1104580800	5.5
22244	1107259200	6.5
22244	1109678400	8.5
22244	1112356800	13.4
22244	1114948800	18.4
22244	1117627200	22.7
22244	1120219200	25.6
22244	1122897600	23.3
22244	1125576000	20.6
22244	1128168000	13.7
22244	1130846400	6
22244	1133438400	3
22244	1136116800	4.1
22244	1138795200	6.3
22244	1141214400	10
22244	1143892800	15.3
22244	1146484800	20.5
22244	1149163200	23.4
22244	1151755200	24.9
22244	1154433600	22.9
22244	1157112000	17.1
22244	1159704000	12.8
22244	1162382400	8.8
22244	1164974400	0.8
22244	1167652800	1.1
22244	1170331200	5.9
22244	1172750400	9.9
22244	1175428800	13
22244	1178020800	17.1
22244	1180699200	23
22244	1183291200	24.6
22244	1185969600	24.5
22244	1188648000	20.2
22244	1191240000	13.7
22244	1193918400	7.8
22244	1196510400	2.6
22244	1199188800	1.2
22244	1201867200	6.2
22244	1204372800	9.1
22244	1207051200	12.9
22244	1209643200	17.7
22244	1212321600	23.3
22244	1214913600	23.8
22244	1217592000	22.9
22244	1220270400	18.8
22244	1222862400	13.6
22244	1225540800	7.2
22244	1228132800	4.1
22244	1230811200	4.2
22244	1233489600	5.6
22244	1235908800	10.6
22244	1238587200	13.1
22244	1241179200	19.6
22244	1243857600	21.1
22244	1246449600	25.5
22244	1249128000	23.7
22244	1251806400	18.8
22244	1254398400	12.8
22244	1257076800	7.2
22244	1259668800	0.7
22244	1262347200	2
22244	1265025600	4.1
22244	1267444800	8.1
22244	1270123200	13.6
22244	1272715200	16.9
22244	1275393600	23.8
22244	1277985600	24.8
22244	1280664000	24
22244	1283342400	21.3
22244	1285934400	14.4
22244	1288612800	5.8
22244	1291204800	5.6
22244	1293883200	2
22244	1296561600	3.5
22244	1298980800	11.4
22244	1301659200	15.3
22244	1304251200	17.1
22244	1306929600	23.8
22244	1309521600	26
22244	1312200000	26
22244	1314878400	20.4
22244	1317470400	13.5
22244	1320148800	6.4
22244	1322740800	0.3
22244	1325419200	4.2
22244	1328097600	5.3
22244	1330603200	10.2
22244	1333281600	15.8
22244	1335873600	18.5
22244	1338552000	24.6
22244	1341144000	25
22244	1343822400	24.6
22244	1346500800	19.8
22244	1349092800	14.6
22244	1351771200	7.8
22244	1354363200	2.8
22244	1357041600	0.3
22244	1359720000	3.4
22244	1362139200	9.9
22244	1364817600	14
22244	1367409600	18.5
22244	1370088000	24.7
22244	1372680000	24.5
22244	1375358400	23.8
22244	1378036800	20.1
22244	1380628800	12
22244	1383307200	6.5
22244	1385899200	2.1
22244	1388577600	2.9
22244	1391256000	8.3
22244	1393675200	9.4
22245	-2387880000	17.9
22245	-2385201600	19.4
22245	-2382609600	24.4
22245	-2379931200	23.3
22245	-2377252800	19.1
22245	-2374660800	14.5
22245	-2371982400	9.2
22245	-2369390400	6.3
22245	-2366712000	3.3
22245	-2364033600	3.8
22245	-2361614400	7.8
22245	-2358936000	12
22245	-2356344000	17
22245	-2353665600	20.4
22245	-2351073600	23.4
22245	-2348395200	23.3
22245	-2345716800	19.6
22245	-2343124800	13.5
22245	-2340446400	5.4
22245	-2337854400	1.5
22245	-2335176000	3.8
22245	-2332497600	4.1
22245	-2329992000	8.9
22245	-2327313600	11
22245	-2324721600	17
22245	-2322043200	22.6
22245	-2319451200	23.7
22245	-2316772800	22.8
22245	-2314094400	19.5
22245	-2311502400	12.9
22245	-2308824000	8
22245	-2306232000	4.6
22245	-2303553600	2.3
22245	-2300875200	3.1
22245	-2298456000	5.9
22245	-2295777600	12.4
22245	-2293185600	17.9
22245	-2290507200	20.3
22245	-2287915200	23.7
22245	-2285236800	22.6
22245	-2282558400	20.7
22245	-2279966400	12.8
22245	-2277288000	8.7
22245	-2274696000	2.6
22245	-2272017600	-2.1
22245	-2269339200	6
22245	-2266920000	6.2
22245	-2264241600	13.9
22245	-2261649600	15.6
22245	-2258971200	22.1
22245	-2256379200	24.4
22245	-2253700800	24.5
22245	-2251022400	19
22245	-2248430400	11.7
22245	-2245752000	7.2
22245	-2243160000	0.1
22245	-2240481600	-0.1
22245	-2237803200	3.9
22245	-2235384000	7.4
22245	-2232705600	12.3
22245	-2230113600	14.4
22245	-2227435200	21.8
22245	-2224843200	22.7
22245	-2222164800	24.1
22245	-2219486400	22
22245	-2216894400	14.8
22245	-2214216000	9.1
22245	-2211624000	3.5
22245	-2208945600	4.8
22245	-2206267200	4.9
22245	-2203848000	12
22245	-2201169600	12.6
22245	-2198577600	19.2
22245	-2195899200	23.1
22245	-2193307200	25.5
22245	-2190628800	22.4
22245	-2187950400	18.8
22245	-2185358400	13.8
22245	-2182680000	8.9
22245	-2180088000	4.7
22245	-2177409600	6
22245	-2174731200	4.7
22245	-2172312000	9.6
22245	-2169633600	7.6
22245	-2167041600	17.2
22245	-2164363200	19
22245	-2161771200	25.1
22245	-2159092800	23.3
22245	-2156414400	19.2
22245	-2153822400	14.1
22245	-2151144000	10.1
22245	-2148552000	3.5
22245	-2145873600	3.5
22245	-2143195200	5.2
22245	-2140776000	5.2
22245	-2138097600	13.8
22245	-2135505600	16
22245	-2132827200	23.2
22245	-2130235200	22.7
22245	-2127556800	22.9
22245	-2124878400	19.8
22245	-2122286400	14.4
22245	-2119608000	6.8
22245	-2117016000	4.8
22245	-2114337600	3.4
22245	-2111659200	2
22245	-2109240000	7.2
22245	-2106561600	11.6
22245	-2103969600	15.7
22245	-2101291200	20.6
22245	-2098699200	24.5
22245	-2096020800	23.7
22245	-2093342400	18.6
22245	-2090750400	13.3
22245	-2088072000	10
22245	-2085480000	3.9
22245	-2082801600	2.2
22245	-2080123200	7.6
22245	-2077617600	10
22245	-2074939200	13.1
22245	-2072347200	17.2
22245	-2069668800	20.7
22245	-2067076800	23.6
22245	-2064398400	22.4
22245	-2061720000	19.4
22245	-2059128000	13.2
22245	-2056449600	7.5
22245	-2053857600	4.3
22245	-2051179200	5.9
22245	-2048500800	7.5
22245	-2046081600	8.3
22245	-2043403200	10.1
22245	-2040811200	15
22245	-2038132800	20
22245	-2035540800	22.3
22245	-2032862400	23
22245	-2030184000	19.8
22245	-2027592000	13.2
22245	-2024913600	7.6
22245	-2022321600	0.7
22245	-2019643200	2.7
22245	-2016964800	7.1
22245	-2014545600	8.6
22245	-2011867200	11.5
22245	-2009275200	15.7
22245	-2006596800	20.1
22245	-2004004800	23.3
22245	-2001326400	21.2
22245	-1998648000	17.6
22245	-1996056000	13.8
22245	-1993377600	8.3
22245	-1990785600	6.1
22245	-1988107200	4.5
22245	-1985428800	6.9
22245	-1983009600	9.6
22245	-1980331200	14.7
22245	-1977739200	15.5
22245	-1975060800	18.2
22245	-1972468800	23.2
22245	-1969790400	22.5
22245	-1967112000	19.2
22245	-1964520000	14.2
22245	-1961841600	7.4
22245	-1959249600	4.5
22245	-1956571200	5.1
22245	-1953892800	5.2
22245	-1951387200	9.3
22245	-1948708800	12.1
22245	-1946116800	14.2
22245	-1943438400	19.6
22245	-1940846400	23.4
22245	-1938168000	21.8
22245	-1935489600	18.9
22245	-1932897600	12.4
22245	-1930219200	7.4
22245	-1927627200	2.8
22245	-1924948800	4
22245	-1922270400	2.1
22245	-1919851200	3.7
22245	-1917172800	7.3
22245	-1914580800	14.7
22245	-1911902400	21.3
22245	-1909310400	24.4
22245	-1906632000	22.5
22245	-1903953600	18.9
22245	-1901361600	14
22245	-1898683200	8.4
22245	-1896091200	1.2
22245	-1893412800	3.8
22245	-1890734400	4.4
22245	-1888315200	10.7
22245	-1885636800	12.3
22245	-1883044800	17.3
22245	-1880366400	21
22245	-1877774400	23.8
22245	-1875096000	23.3
22245	-1872417600	20.5
22245	-1869825600	14
22245	-1867147200	7.9
22245	-1864555200	5.1
22245	-1861876800	4.9
22245	-1859198400	3.8
22245	-1856779200	9.9
22245	-1854100800	10.7
22245	-1851508800	14.7
22245	-1848830400	18.3
22245	-1846238400	21.6
22245	-1843560000	22.6
22245	-1840881600	20.5
22245	-1838289600	13.2
22245	-1835611200	6.8
22245	-1833019200	1.8
22245	-1830340800	1.4
22245	-1827662400	4.6
22245	-1825156800	7.5
22245	-1822478400	9.1
22245	-1819886400	14.7
22245	-1817208000	20.9
22245	-1814616000	22
22245	-1811937600	22.2
22245	-1809259200	17.3
22245	-1806667200	12
22245	-1803988800	6.4
22245	-1801396800	3.4
22245	-1798718400	0
22245	-1796040000	2.3
22245	-1793620800	5.2
22245	-1790942400	10.7
22245	-1788350400	16.1
22245	-1785672000	19.4
22245	-1783080000	22.9
22245	-1780401600	22.8
22245	-1777723200	18.4
22245	-1775131200	12.6
22245	-1772452800	9.1
22245	-1769860800	1.9
22245	-1767182400	4.7
22245	-1764504000	6
22245	-1762084800	9.7
22245	-1759406400	13.6
22245	-1756814400	17.7
22245	-1754136000	21.3
22245	-1751544000	21.7
22245	-1748865600	22.6
22245	-1746187200	19.5
22245	-1743595200	13.3
22245	-1740916800	8.8
22245	-1738324800	2.5
22245	-1735646400	2.1
22245	-1732968000	4.5
22245	-1730548800	6.4
22245	-1727870400	11.4
22245	-1725278400	13.2
22245	-1722600000	19.7
22245	-1720008000	22.7
22245	-1717329600	21.9
22245	-1714651200	16.9
22245	-1712059200	12.6
22245	-1709380800	7.4
22245	-1706788800	3.3
22245	-1704110400	3.2
22245	-1701432000	7.1
22245	-1698926400	9.4
22245	-1696248000	11.4
22245	-1693656000	14.2
22245	-1690977600	19.7
22245	-1688385600	21.1
22245	-1685707200	19.9
22245	-1683028800	16.7
22245	-1680436800	11.2
22245	-1677758400	5.4
22245	-1675166400	1.3
22245	-1672488000	2.6
22245	-1669809600	3.2
22245	-1667390400	4.4
22245	-1664712000	9.2
22245	-1662120000	10.9
22245	-1659441600	19.6
22245	-1656849600	23.4
22245	-1654171200	21.1
22245	-1651492800	16.9
22245	-1648900800	14.2
22245	-1646222400	8.5
22245	-1643630400	6.3
22245	-1640952000	1.1
22245	-1638273600	2.5
22245	-1635854400	9.4
22245	-1633176000	11.5
22245	-1630584000	14.5
22245	-1627905600	22.3
22245	-1625313600	24.7
22245	-1622635200	22.5
22245	-1619956800	21
22245	-1617364800	15.5
22245	-1614686400	5.4
22245	-1612094400	0.9
22245	-1609416000	-0.4
22245	-1606737600	0.9
22245	-1604318400	6.1
22245	-1601640000	12.8
22245	-1599048000	16.1
22245	-1596369600	20.9
22245	-1593777600	21.7
22245	-1591099200	22.6
22245	-1588420800	18
22245	-1585828800	12
22245	-1583150400	6.6
22245	-1580558400	4
22245	-1577880000	2.9
22245	-1575201600	6.4
22245	-1572696000	6.4
22245	-1570017600	8.5
22245	-1567425600	15.2
22245	-1564747200	19.4
22245	-1562155200	22.9
22245	-1559476800	20.8
22245	-1556798400	18.3
22245	-1554206400	11.7
22245	-1551528000	6.5
22245	-1548936000	1.6
22245	-1546257600	4.2
22245	-1543579200	5.6
22245	-1541160000	11.1
22245	-1538481600	9.9
22245	-1535889600	14.5
22245	-1533211200	20.7
22245	-1530619200	22
22245	-1527940800	21.4
22245	-1525262400	19
22245	-1522670400	15.3
22245	-1519992000	8.1
22245	-1517400000	5.3
22245	-1514721600	1.5
22245	-1512043200	3.8
22245	-1509624000	5.6
22245	-1506945600	8.9
22245	-1504353600	16.1
22245	-1501675200	22.2
22245	-1499083200	23.2
22245	-1496404800	22.8
22245	-1493726400	20.6
22245	-1491134400	14.1
22245	-1488456000	5.5
22245	-1485864000	4.5
22245	-1483185600	4.5
22245	-1480507200	3.5
22245	-1478088000	5.8
22245	-1475409600	10.6
22245	-1472817600	16.4
22245	-1470139200	20
22245	-1467547200	23.2
22245	-1464868800	21.4
22245	-1462190400	17.5
22245	-1459598400	11.9
22245	-1456920000	6.8
22245	-1454328000	2.3
22245	-1451649600	1.7
22245	-1448971200	6.1
22245	-1446465600	4.3
22245	-1443787200	9.8
22245	-1441195200	16.5
22245	-1438516800	23.1
22245	-1435924800	23.2
22245	-1433246400	23
22245	-1430568000	19.8
22245	-1427976000	13.4
22245	-1425297600	8.3
22245	-1422705600	1.1
22245	-1420027200	1.3
22245	-1417348800	6.5
22245	-1414929600	8.8
22245	-1412251200	12.7
22245	-1409659200	17.6
22245	-1406980800	20.4
22245	-1404388800	23.6
22245	-1401710400	21.2
22245	-1399032000	18.3
22245	-1396440000	13.6
22245	-1393761600	6
22245	-1391169600	2.7
22245	-1388491200	0.4
22245	-1385812800	5.1
22245	-1383393600	7.1
22245	-1380715200	10.3
22245	-1378123200	15
22245	-1375444800	20.3
22245	-1372852800	21.9
22245	-1370174400	22.5
22245	-1367496000	20.3
22245	-1364904000	14.7
22245	-1362225600	8
22245	-1359633600	0.9
22245	-1356955200	5.2
22245	-1354276800	6.3
22245	-1351857600	6.1
22245	-1349179200	10.4
22245	-1346587200	15.3
22245	-1343908800	19.5
22245	-1341316800	23
22245	-1338638400	21.6
22245	-1335960000	18.7
22245	-1333368000	13.5
22245	-1330689600	9
22245	-1328097600	1.2
22245	-1325419200	3.4
22245	-1322740800	3.8
22245	-1320235200	8.5
22245	-1317556800	10.5
22245	-1314964800	17.3
22245	-1312286400	20.4
22245	-1309694400	23.6
22245	-1307016000	22
22245	-1304337600	20
22245	-1301745600	14.6
22245	-1299067200	6.7
22245	-1296475200	2.4
22245	-1293796800	1.6
22245	-1291118400	1.8
22245	-1288699200	6.4
22245	-1286020800	10
22245	-1283428800	16
22245	-1280750400	21.5
22245	-1278158400	22.8
22245	-1275480000	21.9
22245	-1272801600	19.5
22245	-1270209600	13.9
22245	-1267531200	5.1
22245	-1264939200	4.8
22245	-1262260800	1
22245	-1259582400	6.5
22245	-1257163200	6.5
22245	-1254484800	13.3
22245	-1251892800	13.2
22245	-1249214400	21.6
22245	-1246622400	22.3
22245	-1243944000	21.9
22245	-1241265600	18.7
22245	-1238673600	12.3
22245	-1235995200	5.6
22245	-1233403200	1.4
22245	-1230724800	1.5
22245	-1228046400	5.3
22245	-1225627200	7.1
22245	-1222948800	11.8
22245	-1220356800	16
22245	-1217678400	20.3
22245	-1215086400	22.8
22245	-1212408000	21.3
22245	-1209729600	19.3
22245	-1207137600	13
22245	-1204459200	4.6
22245	-1201867200	0.4
22245	-1199188800	-2
22245	-1196510400	4.8
22245	-1194004800	6.4
22245	-1191326400	11.2
22245	-1188734400	14.6
22245	-1186056000	19.1
22245	-1183464000	22.5
22245	-1180785600	22
22245	-1178107200	19.4
22245	-1175515200	12.4
22245	-1172836800	7.4
22245	-1170244800	-0.1
22245	-1167566400	-0.3
22245	-1164888000	1.1
22245	-1162468800	7.6
22245	-1159790400	8.1
22245	-1157198400	12.1
22245	-1154520000	21.1
22245	-1151928000	24.2
22245	-1149249600	22.7
22245	-1146571200	20.2
22245	-1143979200	15
22245	-1141300800	8.7
22245	-1138708800	5.2
22245	-1136030400	3.1
22245	-1133352000	5.9
22245	-1130932800	10.9
22245	-1128254400	13.7
22245	-1125662400	18.9
22245	-1122984000	19.8
22245	-1120392000	24.5
22245	-1117713600	23.4
22245	-1115035200	19
22245	-1112443200	15
22245	-1109764800	8.4
22245	-1107172800	4.3
22245	-1104494400	4
22245	-1101816000	5.5
22245	-1099396800	6.6
22245	-1096718400	11.1
22245	-1094126400	12.5
22245	-1091448000	20.8
22245	-1088856000	23
22245	-1086177600	22
22245	-1083499200	18.6
22245	-1080907200	14
22245	-1078228800	6.4
22245	-1075636800	3.6
22245	-1072958400	3
22245	-1070280000	4.4
22245	-1067774400	8
22245	-1065096000	12.4
22245	-1062504000	16.8
22245	-1059825600	22.2
22245	-1057233600	23.7
22245	-1054555200	22.5
22245	-1051876800	18.8
22245	-1049284800	13.4
22245	-1046606400	6.8
22245	-1044014400	2.9
22245	-1041336000	-3.3
22245	-1038657600	3.1
22245	-1036238400	6.8
22245	-1033560000	10.8
22245	-1030968000	16.4
22245	-1028289600	19.7
22245	-1025697600	23.8
22245	-1023019200	24.6
22245	-1020340800	21.4
22245	-1017748800	14.5
22245	-1015070400	7.9
22245	-1012478400	4.7
22245	-1009800000	3.8
22245	-1007121600	4.8
22245	-1004702400	6.9
22245	-1002024000	11.4
22245	-999432000	15.2
22245	-996753600	21
22245	-994161600	23
22245	-991483200	22.3
22245	-988804800	20.2
22245	-986212800	14
22245	-983534400	4.8
22245	-980942400	4.6
22245	-978264000	2.3
22245	-975585600	-0.5
22245	-973166400	8.3
22245	-970488000	12.5
22245	-967896000	16.6
22245	-965217600	21.3
22245	-962625600	24.1
22245	-959947200	22.8
22245	-957268800	19.1
22245	-954676800	12.4
22245	-951998400	8.2
22245	-949406400	6
22245	-946728000	3.4
22245	-944049600	4
22245	-941544000	8.9
22245	-938865600	11.6
22245	-936273600	17.4
22245	-933595200	22.3
22245	-931003200	24.4
22245	-928324800	22.6
22245	-925646400	19.6
22245	-923054400	14.3
22245	-920376000	6.5
22245	-917784000	5.5
22245	-915105600	3.7
22245	-912427200	5.6
22245	-910008000	7
22245	-907329600	8.3
22245	-904737600	16.5
22245	-902059200	19.7
22245	-899467200	23.4
22245	-896788800	21.8
22245	-894110400	18.3
22245	-891518400	11.6
22245	-888840000	7.3
22245	-886248000	3.9
22245	-883569600	2.5
22245	-880891200	2.3
22245	-878472000	5.7
22245	-875793600	11.3
22245	-873201600	15.8
22245	-870523200	21.2
22245	-867931200	24.4
22245	-865252800	22.3
22245	-862574400	19.7
22245	-859982400	12.6
22245	-857304000	8.7
22245	-854712000	4.9
22245	-852033600	3.2
22245	-849355200	6.4
22245	-846936000	9.2
22245	-844257600	13.1
22245	-841665600	15.8
22245	-838987200	20.9
22245	-836395200	24.3
22245	-833716800	23.1
22245	-831038400	20.1
22245	-828446400	13.1
22245	-825768000	7.7
22245	-823176000	3.2
22245	-820497600	2
22245	-817819200	3.7
22245	-815313600	6.4
22245	-812635200	9.1
22245	-810043200	14.9
22245	-807364800	19.3
22245	-804772800	23.1
22245	-802094400	23.3
22245	-799416000	19.5
22245	-796824000	14.8
22245	-794145600	6.3
22245	-791553600	4.1
22245	-788875200	3.2
22245	-786196800	5.4
22245	-783777600	5.2
22245	-781099200	8.6
22245	-778507200	15.6
22245	-775828800	18.9
22245	-773236800	23.8
22245	-770558400	23.2
22245	-767880000	19.9
22245	-765288000	13.6
22245	-762609600	7.1
22245	-760017600	1.7
22245	-757339200	0.1
22245	-754660800	3.5
22245	-752241600	7.6
22245	-749563200	14.1
22245	-746971200	14.5
22245	-744292800	22.4
22245	-741700800	23.2
22245	-739022400	21.7
22245	-736344000	19.6
22245	-733752000	12.6
22245	-731073600	5.5
22245	-728481600	5.3
22245	-725803200	1.1
22245	-723124800	5.8
22245	-720705600	7.3
22245	-718027200	10.5
22245	-715435200	17
22245	-712756800	19.6
22245	-710164800	24
22245	-707486400	21.6
22245	-704808000	20.5
22245	-702216000	13.7
22245	-699537600	5.5
22245	-696945600	1.7
22245	-694267200	3.2
22245	-691588800	3
22245	-689083200	3.9
22245	-686404800	11.3
22245	-683812800	15.9
22245	-681134400	20.6
22245	-678542400	23.3
22245	-675864000	22.8
22245	-673185600	19.6
22245	-670593600	14.1
22245	-667915200	4.8
22245	-665323200	3.2
22245	-662644800	-1.1
22245	-659966400	3.3
22245	-657547200	8.7
22245	-654868800	11.5
22245	-652276800	15.6
22245	-649598400	20.5
22245	-647006400	22.4
22245	-644328000	21.7
22245	-641649600	21.1
22245	-639057600	12
22245	-636379200	10.1
22245	-633787200	2.3
22245	-631108800	2.7
22245	-628430400	6.8
22245	-626011200	8.1
22245	-623332800	13
22245	-620740800	15.1
22245	-618062400	19.7
22245	-615470400	22
22245	-612792000	21.3
22245	-610113600	17
22245	-607521600	17.4
22245	-604843200	9.7
22245	-602251200	6.3
22245	-599572800	2.8
22245	-596894400	2.9
22245	-594475200	6.3
22245	-591796800	10.1
22245	-589204800	14.9
22245	-586526400	19.4
22245	-583934400	24.4
22245	-581256000	22.7
22245	-578577600	20.1
22245	-575985600	13.8
22245	-573307200	6.8
22245	-570715200	1.9
22245	-568036800	3.6
22245	-565358400	3.3
22245	-562852800	3.2
22245	-560174400	11
22245	-557582400	16.1
22245	-554904000	20.9
22245	-552312000	22.8
22245	-549633600	22.4
22245	-546955200	19.9
22245	-544363200	15.9
22245	-541684800	5.1
22245	-539092800	2.1
22245	-536414400	4.8
22245	-533736000	2.8
22245	-531316800	7.2
22245	-528638400	10.5
22245	-526046400	12.1
22245	-523368000	21.5
22245	-520776000	23.6
22245	-518097600	22.1
22245	-515419200	20.8
22245	-512827200	13.7
22245	-510148800	8.7
22245	-507556800	1.6
22245	-504878400	3.4
22245	-502200000	7.7
22245	-499780800	6.5
22245	-497102400	13.9
22245	-494510400	16.1
22245	-491832000	20.1
22245	-489240000	23.3
22245	-486561600	20.9
22245	-483883200	19.8
22245	-481291200	15.7
22245	-478612800	9.2
22245	-476020800	3.4
22245	-473342400	1.4
22245	-470664000	1.4
22245	-468244800	7
22245	-465566400	9.6
22245	-462974400	14.7
22245	-460296000	19.2
22245	-457704000	22
22245	-455025600	21.2
22245	-452347200	19.6
22245	-449755200	15.5
22245	-447076800	7.6
22245	-444484800	5.5
22245	-441806400	5.6
22245	-439128000	0.9
22245	-436622400	8.1
22245	-433944000	10.7
22245	-431352000	16.2
22245	-428673600	22.4
22245	-426081600	22.6
22245	-423403200	21.1
22245	-420724800	21.6
22245	-418132800	14.4
22245	-415454400	4.7
22245	-412862400	2.9
22245	-410184000	4.3
22245	-407505600	8.8
22245	-405086400	7.7
22245	-402408000	9.7
22245	-399816000	13.5
22245	-397137600	22.6
22245	-394545600	23.3
22245	-391867200	21
22245	-389188800	18.4
22245	-386596800	13
22245	-383918400	5.4
22245	-381326400	5.1
22245	-378648000	2.6
22245	-375969600	6
22245	-373550400	7.1
22245	-370872000	10.2
22245	-368280000	17.5
22245	-365601600	21.8
22245	-363009600	23.4
22245	-360331200	22.8
22245	-357652800	19
22245	-355060800	13.6
22245	-352382400	7
22245	-349790400	5.9
22245	-347112000	4.4
22245	-344433600	4.1
22245	-342014400	7.1
22245	-339336000	13
22245	-336744000	15.1
22245	-334065600	22.5
22245	-331473600	24
22245	-328795200	21.6
22245	-326116800	19
22245	-323524800	13.7
22245	-320846400	6.8
22245	-318254400	3.9
22245	-315576000	-0.4
22245	-312897600	2.2
22245	-310392000	9.3
22245	-307713600	11.6
22245	-305121600	15
22245	-302443200	22
22245	-299851200	23.5
22245	-297172800	22.1
22245	-294494400	20.5
22245	-291902400	12.9
22245	-289224000	8.2
22245	-286632000	2.6
22245	-283953600	3.4
22245	-281275200	5.1
22245	-278856000	7.4
22245	-276177600	11.3
22245	-273585600	15.8
22245	-270907200	22.5
22245	-268315200	23.7
22245	-265636800	21.4
22245	-262958400	17.5
22245	-260366400	12.7
22245	-257688000	6.4
22245	-255096000	2.5
22245	-252417600	1.5
22245	-249739200	5.2
22245	-247320000	4.5
22245	-244641600	13.2
22245	-242049600	14.2
22245	-239371200	19.4
22245	-236779200	22.9
22245	-234100800	23.2
22245	-231422400	19.8
22245	-228830400	13.6
22245	-226152000	9.7
22245	-223560000	4.9
22245	-220881600	1.2
22245	-218203200	6.8
22245	-215784000	6.7
22245	-213105600	10
22245	-210513600	16.9
22245	-207835200	18.9
22245	-205243200	24.1
22245	-202564800	20.9
22245	-199886400	20.4
22245	-197294400	15.6
22245	-194616000	7.9
22245	-192024000	3
22245	-189345600	0.7
22245	-186667200	0.9
22245	-184161600	4.8
22245	-181483200	9.2
22245	-178891200	15.3
22245	-176212800	19.6
22245	-173620800	23.6
22245	-170942400	21.3
22245	-168264000	18.4
22245	-165672000	15.1
22245	-162993600	6.1
22245	-160401600	3.7
22245	-157723200	4.1
22245	-155044800	2.7
22245	-152625600	5.5
22245	-149947200	10.1
22245	-147355200	13.1
22245	-144676800	17.5
22245	-142084800	22.6
22245	-139406400	22.5
22245	-136728000	17.8
22245	-134136000	14.5
22245	-131457600	9
22245	-128865600	4
22245	-126187200	1.4
22245	-123508800	1.6
22245	-121089600	8.4
22245	-118411200	11.4
22245	-115819200	16.8
22245	-113140800	20.3
22245	-110548800	24.1
22245	-107870400	22.1
22245	-105192000	19
22245	-102600000	13.1
22245	-99921600	9
22245	-97329600	3.3
22245	-94651200	2.5
22245	-91972800	5.6
22245	-89553600	9.4
22245	-86875200	8.7
22245	-84283200	14.4
22245	-81604800	19.2
22245	-79012800	22.9
22245	-76334400	20.8
22245	-73656000	18.3
22245	-71064000	13.8
22245	-68385600	9.2
22245	-65793600	1
22245	-63115200	2.8
22245	-60436800	6.8
22245	-57931200	7
22245	-55252800	9.4
22245	-52660800	14.7
22245	-49982400	20.7
22245	-47390400	21.8
22245	-44712000	19.5
22245	-42033600	18
22245	-39441600	14
22245	-36763200	6.6
22245	-34171200	0.8
22245	-31492800	5.1
22245	-28814400	4.2
22245	-26395200	4.4
22245	-23716800	11.7
22245	-21124800	15.5
22245	-18446400	19.4
22245	-15854400	23.4
22245	-13176000	23.7
22245	-10497600	19.7
22245	-7905600	11.6
22245	-5227200	6.9
22245	-2635200	5.1
22245	43200	1.7
22245	2721600	5.8
22245	5140800	5.6
22245	7819200	8
22245	10411200	15.8
22245	13089600	20.6
22245	15681600	23.7
22245	18360000	22.5
22245	21038400	17.8
22245	23630400	10.8
22245	26308800	8
22245	28900800	4.3
22245	31579200	2.6
22245	34257600	4.7
22245	36676800	8.2
22245	39355200	10.4
22245	41947200	13.5
22245	44625600	20.3
22245	47217600	24.1
22245	49896000	21.1
22245	52574400	18.5
22245	55166400	10.5
22245	57844800	7.2
22245	60436800	1.5
22245	63115200	3.7
22245	65793600	5.7
22245	68299200	11.4
22245	70977600	11.5
22245	73569600	15.1
22245	76248000	20
22245	78840000	23.5
22245	81518400	21.4
22245	84196800	18.8
22245	86788800	13.4
22245	89467200	4.5
22245	92059200	2.4
22245	94737600	1.2
22245	97416000	4.1
22245	99835200	4.5
22245	102513600	8.6
22245	105105600	15.2
22245	107784000	19.9
22245	110376000	22.7
22245	113054400	21.8
22245	115732800	18.7
22245	118324800	14
22245	121003200	7.2
22245	123595200	3.8
22245	126273600	2.6
22245	128952000	3.6
22245	131371200	8.7
22245	134049600	10.6
22245	136641600	16
22245	139320000	23.3
22245	141912000	22.6
22245	144590400	21.7
22245	147268800	18.6
22245	149860800	13.7
22245	152539200	7.6
22245	155131200	1.9
22245	157809600	2.5
22245	160488000	3.5
22245	162907200	5.9
22245	165585600	7.1
22245	168177600	13.5
22245	170856000	19.5
22245	173448000	22.6
22245	176126400	22.3
22245	178804800	18.9
22245	181396800	13.5
22245	184075200	7.3
22245	186667200	3.2
22245	189345600	2.8
22245	192024000	6.6
22245	194529600	6.7
22245	197208000	10.3
22245	199800000	15.4
22245	202478400	20.5
22245	205070400	22.2
22245	207748800	21.5
22245	210427200	18.3
22245	213019200	11.7
22245	215697600	7.1
22245	218289600	3.2
22245	220968000	2.5
22245	223646400	5.5
22245	226065600	5.1
22245	228744000	11.3
22245	231336000	13.9
22245	234014400	21
22245	236606400	22.9
22245	239284800	22.8
22245	241963200	19.4
22245	244555200	14.6
22245	247233600	8.5
22245	249825600	6
22245	252504000	4
22245	255182400	4.6
22245	257601600	9
22245	260280000	11
22245	262872000	14.6
22245	265550400	21.5
22245	268142400	23.9
22245	270820800	21.3
22245	273499200	18.8
22245	276091200	15.5
22245	278769600	7.8
22245	281361600	1.5
22245	284040000	1
22245	286718400	4
22245	289137600	6.5
22245	291816000	11.1
22245	294408000	14.1
22245	297086400	20
22245	299678400	23.3
22245	302356800	21.1
22245	305035200	21
22245	307627200	15.3
22245	310305600	5.6
22245	312897600	4.5
22245	315576000	4.1
22245	318254400	5.9
22245	320760000	6.2
22245	323438400	10.5
22245	326030400	13.2
22245	328708800	21.5
22245	331300800	23.5
22245	333979200	21.5
22245	336657600	19.4
22245	339249600	12.6
22245	341928000	7.8
22245	344520000	6.6
22245	347198400	5.4
22245	349876800	6.1
22245	352296000	6.6
22245	354974400	13
22245	357566400	15.4
22245	360244800	22.5
22245	362836800	23.5
22245	365515200	22.6
22245	368193600	19.4
22245	370785600	13.1
22245	373464000	9.1
22245	376056000	5.4
22245	378734400	2.9
22245	381412800	5.3
22245	383832000	7.5
22245	386510400	11.2
22245	389102400	14.5
22245	391780800	19.3
22245	394372800	22.6
22245	397051200	21.8
22245	399729600	19.4
22245	402321600	12.3
22245	4.05e+08	7.4
22245	407592000	3
22245	410270400	3.8
22245	412948800	4.7
22245	415368000	6.6
22245	418046400	7.6
22245	420638400	14.8
22245	423316800	19.3
22245	425908800	23.1
22245	428587200	21.8
22245	431265600	20.8
22245	433857600	13.8
22245	436536000	7
22245	439128000	3.7
22245	441806400	3.7
22245	444484800	4.5
22245	446990400	7.5
22245	449668800	9.7
22245	452260800	17.7
22245	454939200	20.2
22245	457531200	22.6
22245	460209600	21.2
22245	462888000	19.3
22245	465480000	10.8
22245	468158400	7.1
22245	470750400	3.7
22245	473428800	2.6
22245	476107200	3.4
22245	478526400	7.4
22245	481204800	12.1
22245	483796800	16
22245	486475200	21.6
22245	489067200	23.6
22245	491745600	22
22245	494424000	16.7
22245	497016000	13.4
22245	499694400	6.8
22245	502286400	3.9
22245	504964800	6.2
22245	507643200	6.1
22245	510062400	9.2
22245	512740800	11.7
22245	515332800	15.9
22245	518011200	21.2
22245	520603200	21.8
22245	523281600	23.5
22245	525960000	19.2
22245	528552000	11.8
22245	531230400	7.5
22245	533822400	3.4
22245	536500800	2.3
22245	539179200	4.7
22245	541598400	5.5
22245	544276800	12.2
22245	546868800	14.1
22245	549547200	20
22245	552139200	21.7
22245	554817600	21.7
22245	557496000	17.1
22245	560088000	15.5
22245	562766400	6.7
22245	565358400	2
22245	568036800	2.6
22245	570715200	6
22245	573220800	7.7
22245	575899200	11.1
22245	578491200	15.7
22245	581169600	21.3
22245	583761600	23.5
22245	586440000	21.9
22245	589118400	17.8
22245	591710400	15.7
22245	594388800	9.8
22245	596980800	3.2
22245	599659200	2.7
22245	602337600	4.3
22245	604756800	9.6
22245	607435200	13.8
22245	610027200	16.5
22245	612705600	20.7
22245	615297600	24.2
22245	617976000	21.5
22245	620654400	19.5
22245	623246400	13.3
22245	625924800	8.4
22245	628516800	3.5
22245	631195200	2.9
22245	633873600	3.2
22245	636292800	8.9
22245	638971200	12
22245	641563200	14.9
22245	644241600	23.8
22245	646833600	23.8
22245	649512000	20.9
22245	652190400	19.8
22245	654782400	13.7
22245	657460800	8.1
22245	660052800	2.1
22245	662731200	3.5
22245	665409600	6.8
22245	667828800	5.6
22245	670507200	10.1
22245	673099200	14.4
22245	675777600	18.6
22245	678369600	23.5
22245	681048000	22.5
22245	683726400	19.1
22245	686318400	14.7
22245	688996800	6.8
22245	691588800	3.6
22245	694267200	3
22245	696945600	5.9
22245	699451200	8.1
22245	702129600	13.5
22245	704721600	16.2
22245	707400000	18.6
22245	709992000	22.2
22245	712670400	21.7
22245	715348800	19.5
22245	717940800	14.7
22245	720619200	5.4
22245	723211200	2.5
22245	725889600	4.9
22245	728568000	4.5
22245	730987200	8.8
22245	733665600	11.7
22245	736257600	16.7
22245	738936000	19.8
22245	741528000	22.5
22245	744206400	22.6
22245	746884800	19
22245	749476800	12.8
22245	752155200	6.1
22245	754747200	3.7
22245	757425600	4.4
22245	760104000	4.2
22245	762523200	9.1
22245	765201600	11.8
22245	767793600	14.7
22245	770472000	23.1
22245	773064000	23.5
22245	775742400	23.5
22245	778420800	19.5
22245	781012800	12.1
22245	783691200	6.4
22245	786283200	4.9
22245	788961600	3.7
22245	791640000	7.8
22245	794059200	8.6
22245	796737600	9.5
22245	799329600	13.3
22245	802008000	18.6
22245	804600000	23.1
22245	807278400	23.9
22245	809956800	20.1
22245	812548800	14.6
22245	815227200	10.1
22245	817819200	5
22245	820497600	4.7
22245	823176000	7.9
22245	825681600	8.2
22245	828360000	12.6
22245	830952000	17.5
22245	833630400	22.4
22245	836222400	24.3
22245	838900800	22.9
22245	841579200	17.8
22245	844171200	13
22245	846849600	8.3
22245	849441600	4.6
22245	852120000	3.2
22245	854798400	4.7
22245	857217600	9.5
22245	859896000	10.5
22245	862488000	17.8
22245	865166400	20.1
22245	867758400	23
22245	870436800	22.6
22245	873115200	21.2
22245	875707200	12.7
22245	878385600	8.3
22245	880977600	2.2
22245	883656000	4.7
22245	886334400	3.3
22245	888753600	6.9
22245	891432000	8.8
22245	894024000	14.2
22245	896702400	19.1
22245	899294400	24.3
22245	901972800	23.4
22245	904651200	20.6
22245	907243200	13.9
22245	909921600	8.8
22245	912513600	5.1
22245	915192000	4.8
22245	917870400	6.8
22245	920289600	9.7
22245	922968000	9.4
22245	925560000	15.3
22245	928238400	20.2
22245	930830400	22.6
22245	933508800	22
22245	936187200	19.7
22245	938779200	14.7
22245	941457600	10.8
22245	944049600	3.3
22245	946728000	5.5
22245	949406400	7.5
22245	951912000	7.9
22245	954590400	13.1
22245	957182400	18.4
22245	959860800	22.2
22245	962452800	23.8
22245	965131200	22.3
22245	967809600	20.5
22245	970401600	13.8
22245	973080000	5.4
22245	975672000	4.8
22245	978350400	3.4
22245	981028800	4.8
22245	983448000	8.7
22245	986126400	12.5
22245	988718400	17.5
22245	991396800	21.5
22245	993988800	23.6
22245	996667200	22.5
22245	999345600	20.3
22245	1001937600	15.7
22245	1004616000	9.6
22245	1007208000	1.8
22245	1009886400	3.8
22245	1012564800	5.5
22245	1014984000	8.3
22245	1017662400	14.6
22245	1020254400	16.1
22245	1022932800	22.4
22245	1025524800	24
22245	1028203200	21.5
22245	1030881600	20.1
22245	1033473600	13.2
22245	1036152000	7.9
22245	1038744000	3.2
22245	1041422400	7.1
22245	1044100800	5.3
22245	1046520000	7.6
22245	1049198400	10.7
22245	1051790400	16.9
22245	1054468800	20.5
22245	1057060800	25.6
22245	1059739200	23.2
22245	1062417600	20.2
22245	1065009600	16.2
22245	1067688000	8.3
22245	1070280000	4.2
22245	1072958400	4.5
22245	1075636800	3.9
22245	1078142400	11.4
22245	1080820800	10.6
22245	1083412800	16.7
22245	1086091200	20.6
22245	1088683200	22.3
22245	1091361600	21.5
22245	1094040000	19
22245	1096632000	14
22245	1099310400	7.5
22245	1101902400	4.1
22245	1104580800	5.1
22245	1107259200	6.3
22245	1109678400	7.7
22245	1112356800	12.2
22245	1114948800	17
22245	1117627200	20.9
22245	1120219200	24.1
22245	1122897600	21.9
22245	1125576000	20.6
22245	1128168000	14.6
22245	1130846400	9.5
22245	1133438400	4.9
22245	1136116800	5.1
22245	1138795200	6.4
22245	1141214400	7.7
22245	1143892800	12.9
22245	1146484800	18
22245	1149163200	22.9
22245	1151755200	24.1
22245	1154433600	21.3
22245	1157112000	17.2
22245	1159704000	12.9
22245	1162382400	8.9
22245	1164974400	3.8
22245	1167652800	3
22245	1170331200	6.3
22245	1172750400	9.7
22245	1175428800	12.6
22245	1178020800	17
22245	1180699200	21.6
22245	1183291200	24.2
22245	1185969600	23.1
22245	1188648000	20
22245	1191240000	14.3
22245	1193918400	11
22245	1196510400	3.2
22245	1199188800	1.9
22245	1201867200	5.2
22245	1204372800	8.4
22245	1207051200	10.5
22245	1209643200	14.8
22245	1212321600	21.4
22245	1214913600	22.9
22245	1217592000	22.5
22245	1220270400	19
22245	1222862400	14.3
22245	1225540800	9.2
22245	1228132800	4.2
22245	1230811200	4.9
22245	1233489600	6
22245	1235908800	9.4
22245	1238587200	11
22245	1241179200	17.7
22245	1243857600	19.7
22245	1246449600	24.7
22245	1249128000	23
22245	1251806400	19.2
22245	1254398400	12.6
22245	1257076800	9.2
22245	1259668800	2.3
22245	1262347200	3.9
22245	1265025600	4.1
22245	1267444800	7.3
22245	1270123200	11.1
22245	1272715200	14.3
22245	1275393600	21.1
22245	1277985600	23.2
22245	1280664000	22.9
22245	1283342400	21
22245	1285934400	14.3
22245	1288612800	6.8
22245	1291204800	5.7
22245	1293883200	2.8
22245	1296561600	3.6
22245	1298980800	10
22245	1301659200	12.3
22245	1304251200	14.4
22245	1306929600	21.4
22245	1309521600	23.6
22245	1312200000	24.4
22245	1314878400	20.4
22245	1317470400	14.5
22245	1320148800	7.9
22245	1322740800	2.5
22245	1325419200	5.1
22245	1328097600	5.4
22245	1330603200	7.9
22245	1333281600	13
22245	1335873600	17.6
22245	1338552000	22.7
22245	1341144000	24
22245	1343822400	23.7
22245	1346500800	19.8
22245	1349092800	15.2
22245	1351771200	10
22245	1354363200	4
22245	1357041600	1.6
22245	1359720000	3.3
22245	1362139200	10.1
22245	1364817600	12.1
22245	1367409600	16.8
22245	1370088000	23
22245	1372680000	23.7
22245	1375358400	22.6
22245	1378036800	19.4
22245	1380628800	12.9
22245	1383307200	8.7
22245	1385899200	3.6
22245	1388577600	5.9
22245	1391256000	7.4
22245	1393675200	8.4
22246	160488000	0.7
22246	162907200	4.9
22246	165585600	8.4
22246	168177600	12.1
22246	170856000	17.7
22246	173448000	19.1
22246	176126400	20
22246	178804800	14.8
22246	181396800	10.3
22246	184075200	3.9
22247	213019200	10.3
22247	215697600	3.7
22247	218289600	1.3
22248	192024000	5.1
22248	194529600	4.8
22248	197208000	9.8
22248	199800000	13.3
22248	202478400	18.3
22248	205070400	18.9
22248	207748800	18.3
22248	210427200	14.8
22248	213019200	7
22248	215697600	1.4
22248	218289600	-0.1
22248	220968000	-0.4
22248	223646400	0.8
22249	223646400	4.1
22249	226065600	4.5
22249	228744000	10.6
22249	231336000	15.9
22249	234014400	20.9
22249	236606400	21.7
22249	239284800	22.3
22249	241963200	19.1
22249	244555200	13.1
22249	247233600	7.6
22249	249825600	6.2
22249	252504000	3.3
22249	255182400	4.1
22249	257601600	8.3
22249	260280000	12.6
22249	262872000	15.3
22249	265550400	21.6
22249	268142400	23.3
22249	270820800	20.9
22250	252504000	-0.6
22250	255182400	-0.9
22250	257601600	5.9
22250	260280000	10.2
22250	262872000	12.3
22251	276091200	13.8
22251	278769600	6.7
22252	268142400	21.7
22252	270820800	18.9
22252	273499200	14.5
22253	284040000	0
22253	286718400	2.9
22253	289137600	6.4
22253	291816000	10.7
22253	294408000	13.9
22253	297086400	19.6
22253	299678400	22.4
22253	302356800	20.2
22253	305035200	18.8
22253	307627200	14.9
22253	310305600	3.9
22253	312897600	3.9
22253	315576000	4.6
22253	318254400	5.2
22253	320760000	6.3
22253	323438400	9.9
22253	326030400	15.2
22253	328708800	22.8
22253	331300800	24.2
22253	333979200	21.8
22253	336657600	18.5
22253	339249600	11.5
22253	341928000	5.3
22253	344520000	4.8
22254	278769600	4.1
22254	281361600	-2.3
22254	284040000	-3.9
22254	286718400	1.3
22254	289137600	4.4
22254	291816000	9.1
22254	294408000	12.8
22254	297086400	16.8
22254	299678400	20.6
22254	302356800	18.6
22254	305035200	16.2
22254	307627200	11.6
22254	310305600	1.7
22254	312897600	0.3
22254	315576000	0.9
22254	318254400	2.8
22254	320760000	3.4
22254	323438400	7.2
22254	326030400	12.1
22254	328708800	21.3
22254	331300800	22.2
22254	333979200	19.6
22254	336657600	17
22254	339249600	8.1
22254	341928000	3
22254	344520000	3.2
