group	x	y
13301	-3597480000	20.5
13301	-3594801600	18.8
13301	-3592296000	19.4
13301	-3589617600	20.9
13301	-3587025600	23.5
13301	-3584347200	26.2
13301	-3581755200	27.3
13301	-3579076800	27.5
13301	-3576398400	27.5
13301	-3573806400	28
13301	-3571128000	26.5
13301	-3568536000	21
13301	-3565857600	20.4
13301	-3563179200	16.9
13301	-3560760000	19.4
13301	-3558081600	19.6
13301	-3555489600	21.2
13301	-3552811200	23.7
13301	-3550219200	27.4
13301	-3547540800	27.5
13301	-3544862400	27.8
13301	-3542270400	27.5
13301	-3539592000	26
13301	-3.537e+09	21.3
13301	-3534321600	19.5
13301	-3531643200	18.4
13301	-3529224000	19.3
13301	-3526545600	20.6
13301	-3523953600	22.1
13301	-3521275200	26
13301	-3518683200	27.4
13301	-3516004800	27.6
13301	-3513326400	27.9
13301	-3510734400	28.3
13301	-3508056000	26.5
13301	-3505464000	21.3
13301	-3502785600	18.9
13301	-3500107200	18.7
13301	-3497688000	21
13301	-3495009600	21.9
13301	-3492417600	22.4
13301	-3489739200	26.6
13301	-3487147200	27.4
13301	-3484468800	27.5
13301	-3481790400	28
13301	-3479198400	28.7
13301	-3476520000	26.7
13301	-3473928000	23.7
13301	-3471249600	20
13301	-3468571200	19.2
13301	-3466065600	19.5
13301	-3463387200	19.4
13301	-3460795200	22.3
13301	-3458116800	26.4
13301	-3455524800	27.5
13301	-3452846400	27.5
13301	-3450168000	27.8
13301	-3447576000	27.5
13301	-3444897600	25.1
13301	-3442305600	22.9
13301	-3439627200	20.6
13301	-3436948800	18.2
13301	-3434529600	20.6
13301	-3431851200	21.2
13301	-3429259200	22.7
13301	-3426580800	26.1
13301	-3423988800	27.3
13301	-3421310400	27.1
13301	-3418632000	27.7
13301	-3416040000	27.9
13301	-3413361600	24.6
13301	-3410769600	22.9
13301	-3408091200	20
13301	-3405412800	20.4
13301	-3402993600	20.9
13301	-3400315200	21.3
13301	-3397723200	21.5
13301	-3395044800	26.1
13301	-3392452800	27.4
13301	-3389774400	27.5
13301	-3387096000	27.6
13301	-3384504000	27.8
13301	-3381825600	22.1
13301	-3379233600	20.9
13301	-3376555200	21.9
13301	-3373876800	18.7
13301	-3371457600	19.4
13301	-3368779200	19.8
13301	-3366187200	20.3
13301	-3363508800	23.5
13301	-3360916800	26
13301	-3358238400	27.3
13301	-3355560000	27.9
13301	-3352968000	26.6
13301	-3350289600	25.7
13301	-3347697600	22.9
13301	-3345019200	20.3
13301	-3342340800	18.3
13301	-3339835200	19.7
13301	-3337156800	20.4
13301	-3334564800	21.5
13301	-3331886400	25.9
13301	-3329294400	28
13301	-3326616000	27.6
13301	-3323937600	28.6
13301	-3321345600	28.2
13301	-3318667200	27.1
13301	-3316075200	23.4
13301	-3313396800	20.6
13301	-3310718400	21.1
13301	-3308299200	20.9
13301	-3305620800	19.9
13301	-3303028800	22.6
13301	-3300350400	26.6
13301	-3297758400	27.9
13301	-3295080000	28
13301	-3292401600	28.1
13301	-3289809600	27.5
13301	-3287131200	25.9
13301	-3284539200	20.8
13302	-2272017600	22.5
13302	-2269339200	23.9
13302	-2266920000	23.9
13302	-2264241600	23.7
13302	-2261649600	24.9
13302	-2258971200	28.2
13302	-2256379200	28.3
13302	-2253700800	27.7
13302	-2251022400	28.3
13302	-2248430400	29.5
13302	-2245752000	26.3
13302	-2243160000	25.7
13302	-2240481600	23.9
13302	-2237803200	22.7
13302	-2235384000	22.7
13302	-2232705600	24.9
13302	-2230113600	26
13302	-2227435200	26.8
13302	-2224843200	28
13302	-2222164800	26.7
13302	-2219486400	28.2
13302	-2216894400	27.9
13302	-2214216000	27.5
13302	-2211624000	24
13302	-2208945600	21.7
13302	-2206267200	22.5
13302	-2203848000	23.5
13302	-2201169600	24.5
13302	-2198577600	23.7
13302	-2195899200	27.7
13302	-2193307200	28.3
13302	-2190628800	29.7
13302	-2187950400	28.4
13302	-2185358400	28.5
13302	-2182680000	26.3
13302	-2180088000	23.2
13302	-2177409600	21.7
13302	-2174731200	22.5
13302	-2172312000	22.1
13302	-2169633600	24.1
13302	-2167041600	26.7
13302	-2164363200	27.3
13302	-2161771200	27.5
13302	-2159092800	28.4
13302	-2156414400	28.6
13302	-2153822400	27.5
13302	-2151144000	23.2
13302	-2148552000	21.5
13302	-2145873600	21.6
13302	-2143195200	22.5
13302	-2140776000	20.6
13302	-2138097600	22.7
13302	-2135505600	27
13302	-2132827200	29
13303	-599572800	23.4
13303	-596894400	23.6
13303	-594475200	24.7
13303	-591796800	25.2
13303	-589204800	26.3
13303	-586526400	27.4
13303	-583934400	27.9
13303	-581256000	26.7
13303	-578577600	26.8
13303	-575985600	26.2
13303	-573307200	24.8
13303	-570715200	22
13303	-568036800	20.9
13303	-565358400	23.2
13303	-562852800	24.7
13303	-560174400	25.2
13303	-557582400	25.3
13303	-554904000	28.2
13303	-552312000	27.7
13303	-549633600	26.4
13303	-546955200	26.4
13303	-544363200	27.2
13303	-541684800	26.3
13303	-539092800	23.3
13303	-536414400	24.6
13303	-533736000	23.3
13303	-531316800	24.5
13303	-528638400	23.8
13303	-526046400	25.5
13303	-523368000	26.9
13303	-520776000	27.1
13303	-518097600	27.3
13303	-515419200	27.4
13303	-512827200	27.1
13303	-510148800	26.9
13303	-507556800	24.1
13303	-504878400	23.8
13303	-502200000	21.6
13303	-499780800	25.3
13303	-497102400	27.7
13303	-494510400	27.3
13303	-491832000	27.7
13303	-489240000	27.4
13303	-486561600	26.3
13303	-483883200	27.1
13303	-481291200	27.9
13303	-478612800	26.2
13303	-476020800	24.4
13303	-473342400	23.8
13303	-470664000	24.4
13303	-468244800	24.2
13303	-465566400	26.8
13303	-462974400	26.8
13303	-460296000	27.8
13303	-457704000	26.6
13303	-455025600	26.9
13303	-452347200	26.8
13303	-449755200	27.1
13303	-447076800	26.3
13303	-444484800	23.7
13303	-441806400	23.9
13303	-439128000	22.9
13303	-436622400	24.4
13303	-433944000	24.4
13303	-431352000	26
13303	-428673600	27.1
13303	-426081600	27.3
13303	-423403200	26.7
13303	-420724800	26.5
13303	-418132800	27.2
13303	-415454400	26.3
13303	-412862400	22.7
13303	-410184000	22.2
13303	-407505600	24.9
13303	-405086400	25.2
13303	-402408000	24.6
13303	-399816000	24.3
13303	-397137600	27
13303	-394545600	27.6
13303	-391867200	27.1
13303	-389188800	26.9
13303	-386596800	26.5
13303	-383918400	26.1
13303	-381326400	23.6
13303	-378648000	23.1
13303	-375969600	25.2
13303	-373550400	27
13303	-370872000	26.5
13303	-368280000	27.3
13303	-365601600	28.5
13303	-363009600	27.8
13303	-360331200	26.3
13303	-357652800	27.4
13303	-355060800	27.1
13303	-352382400	25.9
13303	-349790400	23.3
13303	-347112000	23.1
13303	-344433600	24.8
13303	-342014400	25
13303	-339336000	25.3
13303	-336744000	25.7
13303	-334065600	27.7
13303	-331473600	27.6
13303	-328795200	26.6
13303	-326116800	27.1
13303	-323524800	28.2
13303	-320846400	26.1
13303	-318254400	23.7
13303	-315576000	24
13303	-312897600	25.6
13303	-310392000	25.6
13303	-307713600	25
13303	-305121600	25.5
13303	-302443200	27.5
13303	-299851200	27.2
13303	-297172800	26.9
13303	-294494400	26.6
13303	-291902400	27.4
13303	-289224000	25.8
13303	-286632000	22.8
13304	-599572800	23.5
13304	-596894400	25
13304	-594475200	27.3
13304	-591796800	29.2
13304	-589204800	30.7
13304	-586526400	30.7
13304	-583934400	29.4
13304	-581256000	28.8
13304	-578577600	28.1
13304	-575985600	27.6
13304	-573307200	26.2
13304	-570715200	22.8
13304	-568036800	21.5
13304	-565358400	24.3
13304	-562852800	27.5
13304	-560174400	28.5
13304	-557582400	29.7
13304	-554904000	30.8
13304	-552312000	28.9
13304	-549633600	27.4
13304	-546955200	27.4
13304	-544363200	27.9
13304	-541684800	26.6
13304	-539092800	23.2
13304	-536414400	25.8
13304	-533736000	25.3
13304	-531316800	27
13304	-528638400	27.8
13304	-526046400	29.2
13304	-523368000	30.1
13304	-520776000	28.1
13304	-518097600	28.1
13304	-515419200	27.6
13304	-512827200	28.2
13304	-510148800	27.2
13304	-507556800	24.2
13304	-504878400	23.5
13304	-502200000	23.3
13304	-499780800	27.9
13304	-497102400	29.2
13304	-494510400	30.9
13304	-491832000	30.3
13304	-489240000	29
13304	-486561600	27.5
13304	-483883200	28.4
13304	-481291200	29.4
13304	-478612800	28
13304	-476020800	25.3
13304	-473342400	24.4
13304	-470664000	26.3
13304	-468244800	27.3
13304	-465566400	29.5
13304	-462974400	30.6
13304	-460296000	30.4
13304	-457704000	27.8
13304	-455025600	27.5
13304	-452347200	27.7
13304	-449755200	29
13304	-447076800	28.2
13304	-444484800	23.8
13304	-441806400	24.3
13304	-439128000	24.5
13304	-436622400	26.9
13304	-433944000	28
13304	-431352000	29.9
13304	-428673600	29.4
13304	-426081600	28.2
13304	-423403200	27.5
13304	-420724800	27.3
13304	-418132800	28.4
13304	-415454400	27.1
13304	-412862400	23.6
13304	-410184000	23.3
13304	-407505600	25.7
13304	-405086400	27.4
13304	-402408000	28.1
13304	-399816000	28.4
13304	-397137600	29.7
13304	-394545600	28.4
13304	-391867200	27.9
13304	-389188800	27.5
13304	-386596800	27.6
13304	-383918400	26.8
13304	-381326400	24.3
13304	-378648000	24.2
13304	-375969600	26.2
13304	-373550400	28.3
13304	-370872000	29.3
13304	-368280000	30.2
13304	-365601600	30.4
13304	-363009600	28.8
13304	-360331200	26.8
13304	-357652800	28
13304	-355060800	28
13304	-352382400	26.5
13304	-349790400	23.5
13304	-347112000	23.8
13304	-344433600	24.7
13304	-342014400	26.5
13304	-339336000	28.2
13304	-336744000	28.8
13304	-334065600	29.2
13304	-331473600	28.3
13304	-328795200	27.5
13304	-326116800	27.2
13304	-323524800	28.8
13304	-320846400	26.2
13304	-318254400	22.8
13304	-315576000	23
13304	-312897600	26.5
13304	-310392000	26
13304	-307713600	27.8
13304	-305121600	29.3
13304	-302443200	29.6
13304	-299851200	28.6
13304	-297172800	28
13304	-294494400	27.6
13304	-291902400	29.1
13304	-289224000	27.2
13304	-286632000	23.5
13305	-1222948800	29.2
13305	-1220356800	29.9
13306	-1483185600	16.7
13306	-1480507200	22.4
13306	-1478088000	25.2
13306	-1475409600	24.9
13306	-1472817600	26.4
13306	-1470139200	26.2
13306	-1467547200	31.6
13306	-1464868800	25.7
13306	-1462190400	24.1
13306	-1459598400	28.2
13306	-1456920000	26.9
13306	-1454328000	25
13306	-1451649600	17
13306	-1448971200	23.6
13307	-1893412800	23
13307	-1890734400	25.8
13307	-1888315200	25.1
13307	-1885636800	26.2
13307	-1883044800	24.9
13307	-1880366400	26.5
13307	-1877774400	26.1
13307	-1875096000	26.7
13307	-1872417600	26.9
13307	-1869825600	27.3
13307	-1867147200	27.6
13307	-1864555200	26.1
13307	-1861876800	23.6
13307	-1859198400	24.8
13307	-1856779200	23.1
13307	-1854100800	24.4
13307	-1851508800	23.8
13307	-1848830400	25.4
13307	-1846238400	26.9
13307	-1843560000	26.3
13307	-1840881600	26.8
13307	-1838289600	27.4
13307	-1835611200	25.9
13307	-1833019200	24.4
13307	-1830340800	22.9
13307	-1827662400	24.1
13307	-1825156800	25.2
13307	-1822478400	22.8
13307	-1819886400	24.2
13307	-1817208000	26.7
13307	-1814616000	27.4
13307	-1811937600	26.4
13307	-1809259200	26.8
13307	-1806667200	27.6
13307	-1803988800	27.1
13307	-1801396800	23.7
13307	-1798718400	23.6
13307	-1796040000	24.8
13307	-1793620800	25.3
13307	-1790942400	25.3
13307	-1788350400	24.3
13307	-1785672000	27.5
13307	-1783080000	26.4
13307	-1780401600	26.4
13307	-1777723200	26.5
13307	-1775131200	27.3
13307	-1772452800	27
13307	-1769860800	25.6
13307	-1767182400	24.1
13307	-1764504000	24.1
13307	-1762084800	24.1
13307	-1759406400	23.7
13307	-1756814400	24.7
13307	-1754136000	26.4
13307	-1751544000	26.5
13307	-1748865600	24.9
13307	-1746187200	25.6
13307	-1743595200	26.7
13307	-1740916800	24.3
13307	-1738324800	22.3
13307	-1735646400	24
13307	-1732968000	24.1
13307	-1730548800	24.2
13307	-1727870400	24.9
13307	-1725278400	24.7
13307	-1722600000	28.6
13307	-1720008000	27.9
13307	-1717329600	26.2
13307	-1714651200	26.5
13307	-1712059200	29
13307	-1709380800	26.7
13307	-1706788800	25.6
13307	-1704110400	22.9
13307	-1701432000	23.3
13307	-1698926400	23.6
13307	-1696248000	22.9
13307	-1693656000	23.6
13307	-1690977600	26.4
13307	-1688385600	25.9
13307	-1685707200	26.6
13307	-1683028800	26.5
13307	-1680436800	27.2
13307	-1677758400	24.9
13307	-1675166400	23.1
13308	-915105600	24.3
13308	-912427200	25.7
13308	-910008000	26.7
13308	-907329600	27.2
13308	-904737600	27.5
13308	-902059200	27.2
13308	-899467200	27.2
13308	-896788800	26.7
13308	-894110400	26.5
13308	-891518400	28.1
13308	-888840000	27.3
13308	-886248000	24.7
13308	-883569600	24.1
13308	-880891200	25.3
13308	-878472000	26.1
13308	-875793600	26.7
13308	-873201600	27.2
13308	-870523200	27.5
13308	-867931200	26.2
13308	-865252800	25.7
13308	-862574400	26.4
13308	-859982400	27.1
13308	-857304000	26.9
13308	-854712000	24.9
13308	-852033600	24.3
13308	-849355200	25.7
13308	-846936000	26.5
13308	-844257600	27.2
13308	-841665600	27.9
13308	-838987200	27.2
13308	-836395200	26.3
13308	-833716800	25.4
13308	-831038400	26.1
13308	-828446400	27.2
13308	-825768000	26.2
13308	-823176000	24.2
13308	-820497600	24.4
13308	-817819200	25.5
13308	-815313600	26.9
13308	-812635200	27.2
13308	-810043200	27.5
13308	-807364800	27.5
13308	-804772800	27
13308	-802094400	26.2
13308	-799416000	26.7
13308	-796824000	27.5
13308	-794145600	27.6
13308	-791553600	24.7
13308	-788875200	25.5
13308	-786196800	26.3
13308	-783777600	27.8
13308	-781099200	27.9
13308	-778507200	27.3
13308	-775828800	27.4
13308	-773236800	26.5
13308	-770558400	25.6
13308	-767880000	26.3
13308	-765288000	27.4
13308	-762609600	26.9
13308	-760017600	25.5
13308	-757339200	23.3
13308	-754660800	25.7
13308	-752241600	26.2
13308	-749563200	26.4
13308	-746971200	27.3
13308	-744292800	27.3
13308	-741700800	25.9
13308	-739022400	25.8
13308	-736344000	26.1
13308	-733752000	27.1
13308	-731073600	27
13308	-728481600	24.5
13308	-725803200	23.9
13308	-723124800	25.7
13308	-720705600	26.4
13308	-718027200	26.7
13308	-715435200	26.5
13308	-712756800	27.1
13308	-710164800	26.7
13308	-707486400	26.1
13308	-704808000	26.3
13308	-702216000	27.6
13308	-699537600	26.7
13308	-696945600	25
13308	-694267200	24.1
13308	-691588800	26.2
13308	-689083200	26.9
13308	-686404800	26
13308	-683812800	27.4
13308	-681134400	26.4
13308	-678542400	26.1
13308	-675864000	25.7
13308	-673185600	26.1
13308	-670593600	27.2
13308	-667915200	26.7
13308	-665323200	24.1
13308	-662644800	24.1
13308	-659966400	25.9
13308	-657547200	27.1
13308	-654868800	27.4
13308	-652276800	26.1
13308	-649598400	27.3
13308	-647006400	26.5
13308	-644328000	25.9
13308	-641649600	26.6
13308	-639057600	27.5
13308	-636379200	26.9
13308	-633787200	24.8
13308	-631108800	24
13308	-628430400	25.7
13308	-626011200	26.6
13308	-623332800	27.2
13308	-620740800	27.7
13308	-618062400	26.8
13308	-615470400	25.3
13308	-612792000	24.7
13308	-610113600	25.5
13308	-607521600	25.9
13308	-604843200	26.5
13308	-602251200	24.5
13308	-599572800	24.3
13308	-596894400	25.4
13308	-594475200	26.5
13308	-591796800	26.9
13308	-589204800	28
13308	-586526400	27
13308	-583934400	26.4
13308	-581256000	26.3
13308	-578577600	26.8
13308	-575985600	26.6
13308	-573307200	26.6
13308	-570715200	24.2
13308	-568036800	23.9
13308	-565358400	25.1
13308	-562852800	26.8
13308	-560174400	27.9
13308	-557582400	27.2
13308	-554904000	27.7
13308	-552312000	26.3
13308	-549633600	26.3
13308	-546955200	26.4
13308	-544363200	27
13308	-541684800	26.9
13308	-539092800	24.4
13308	-536414400	25.4
13308	-533736000	25.9
13308	-531316800	27
13308	-528638400	26.8
13308	-526046400	26.9
13308	-523368000	27.2
13308	-520776000	26.4
13308	-518097600	26.2
13308	-515419200	26.2
13308	-512827200	26.7
13308	-510148800	26.7
13308	-507556800	25.3
13308	-504878400	23.8
13308	-502200000	24.4
13308	-499780800	26.4
13308	-497102400	27.8
13308	-494510400	28.9
13308	-491832000	27.2
13308	-489240000	25.8
13308	-486561600	25.4
13308	-483883200	26.6
13308	-481291200	27.2
13308	-478612800	26.8
13308	-476020800	24.6
13308	-473342400	24.8
13308	-470664000	25.8
13308	-468244800	26.5
13308	-465566400	27.8
13308	-462974400	28.4
13308	-460296000	27.4
13308	-457704000	26
13308	-455025600	25.8
13308	-452347200	26.4
13308	-449755200	26.8
13308	-447076800	27.4
13308	-444484800	24.7
13308	-441806400	24.6
13308	-439128000	26.1
13308	-436622400	26.4
13308	-433944000	26.9
13308	-431352000	27.8
13308	-428673600	26.8
13308	-426081600	25.6
13308	-423403200	25.8
13308	-420724800	26.2
13308	-418132800	27
13308	-415454400	27.3
13308	-412862400	24.6
13308	-410184000	23.8
13308	-407505600	25.8
13308	-405086400	26.6
13308	-402408000	26.9
13308	-399816000	26.8
13308	-397137600	27.2
13308	-394545600	26.8
13308	-391867200	25.8
13308	-389188800	26.5
13308	-386596800	26.8
13308	-383918400	27.6
13308	-381326400	25.4
13308	-378648000	25
13308	-375969600	26.4
13308	-373550400	27.2
13308	-370872000	27.6
13308	-368280000	28.1
13308	-365601600	26.8
13308	-363009600	26
13308	-360331200	25
13308	-357652800	26.4
13308	-355060800	26.9
13308	-352382400	26.8
13308	-349790400	24.8
13308	-347112000	24.8
13308	-344433600	26.4
13308	-342014400	26.2
13308	-339336000	26
13308	-336744000	27.3
13308	-334065600	27.5
13308	-331473600	26.6
13308	-328795200	25
13308	-326116800	26.4
13308	-323524800	27
13308	-320846400	26.5
13308	-318254400	24.4
13308	-315576000	25.4
13308	-312897600	25.4
13308	-310392000	26.6
13308	-307713600	26.4
13308	-305121600	26.8
13308	-302443200	26.8
13308	-299851200	26.1
13308	-297172800	26.6
13308	-294494400	26.6
13308	-291902400	27.1
13308	-289224000	27.2
13308	-286632000	25.2
13309	31579200	25.6
13309	34257600	25.9
13309	36676800	27
13309	39355200	27.8
13309	41947200	27.8
13309	44625600	27.4
13309	47217600	26.2
13309	49896000	25.4
13309	52574400	25.7
13309	55166400	27.4
13309	57844800	27.5
13309	60436800	26.3
13309	63115200	25.7
13309	65793600	27
13309	68299200	27.5
13309	70977600	27.3
13309	73569600	27.8
13309	76248000	27.8
13309	78840000	26.9
13309	81518400	26.8
13309	84196800	26.9
13309	86788800	27.5
13309	89467200	27.4
13309	92059200	25.8
13309	94737600	25.8
13309	97416000	27.3
13309	99835200	27.4
13309	102513600	28.2
13309	105105600	28.1
13309	107784000	28
13309	110376000	27.4
13309	113054400	26.2
13309	115732800	26.7
13309	118324800	27.9
13309	121003200	27.8
13309	123595200	25.7
13309	126273600	25.4
13309	128952000	26.6
13309	131371200	27.7
13309	134049600	27.1
13309	136641600	27.6
13309	139320000	27.8
13309	141912000	25.9
13309	144590400	26.3
13309	147268800	25.9
13309	149860800	27.5
13309	152539200	27.1
13309	155131200	25.6
13309	157809600	25.5
13309	160488000	26.2
13309	162907200	26.8
13309	165585600	28
13309	168177600	27.4
13309	170856000	27.5
13309	173448000	26
13309	176126400	26
13309	178804800	25.5
13309	181396800	26.2
13309	184075200	26.4
13309	186667200	26.1
13309	189345600	24.7
13309	192024000	26.4
13309	194529600	27.4
13309	197208000	27.8
13309	199800000	27.5
13309	202478400	26.8
13309	205070400	26.2
13309	207748800	26
13309	210427200	26.7
13309	213019200	26.6
13309	215697600	27
13309	218289600	25.3
13309	220968000	25.8
13309	223646400	26.4
13309	226065600	27.1
13309	228744000	28.3
13309	231336000	27.8
13309	234014400	27.9
13309	236606400	27.3
13309	239284800	26.7
13309	241963200	27.1
13309	244555200	27.4
13309	247233600	28
13309	249825600	26.6
13309	252504000	26.4
13309	255182400	26.8
13309	257601600	26.9
13309	260280000	28.1
13309	262872000	28.8
13309	265550400	27.3
13309	268142400	26.6
13309	270820800	26.1
13309	273499200	26.7
13309	276091200	27.4
13309	278769600	26.8
13309	281361600	25.4
13309	284040000	26
13309	286718400	26.9
13309	289137600	27.6
13309	291816000	27.7
13309	294408000	28.6
13309	297086400	27.5
13309	299678400	26.9
13309	302356800	26.7
13309	305035200	27.2
13309	307627200	27.8
13309	310305600	27.7
13309	312897600	26.6
13309	315576000	26
13309	318254400	26.8
13309	320760000	27.5
13309	323438400	27.8
13309	326030400	28.3
13309	328708800	27
13309	331300800	26.8
13309	333979200	26.6
13309	336657600	27.1
13309	339249600	28.5
13309	341928000	27.9
13309	344520000	25.3
13310	-2127556800	29.2
13310	-2124878400	29.9
13310	-2122286400	29.4
13311	-273585600	30.7
13311	-270907200	30.4
13312	-1443787200	26.9
13312	-1441195200	27.8
13312	-1438516800	27.3
13312	-1435924800	32.2
13312	-1433246400	25.9
13312	-1430568000	26
13312	-1427976000	27.5
13312	-1425297600	26.4
13312	-1422705600	22.9
13312	-1420027200	16.5
13312	-1417348800	24.6
13312	-1414929600	25.3
13312	-1412251200	25.3
13312	-1409659200	28
13312	-1406980800	27.9
13312	-1404388800	28.4
13312	-1401710400	26.1
13312	-1399032000	26.8
13312	-1396440000	26.6
13312	-1393761600	26.5
13313	-1562155200	27
13313	-1559476800	26.4
13313	-1556798400	27.1
13313	-1554206400	27.8
13313	-1551528000	25.4
13313	-1548936000	23.2
13313	-1546257600	23.1
13313	-1543579200	23.3
13313	-1541160000	24
13313	-1538481600	25.7
13313	-1535889600	25
13313	-1533211200	27.2
13313	-1530619200	25.9
13313	-1527940800	25.7
13313	-1525262400	27.4
13313	-1522670400	27.4
13313	-1519992000	25.5
13313	-1517400000	22.7
13313	-1514721600	22.9
13313	-1512043200	23.5
13313	-1509624000	24
13313	-1506945600	22.9
13313	-1504353600	24.5
13313	-1501675200	26.3
13313	-1499083200	26.3
13313	-1496404800	26.4
13313	-1493726400	26.2
13313	-1491134400	26.9
13313	-1488456000	25.8
13313	-1485864000	23.9
13313	-1483185600	22.9
13313	-1480507200	24.8
13313	-1478088000	23.2
13313	-1475409600	24.7
13313	-1472817600	25.6
13313	-1470139200	26.4
13313	-1467547200	26.4
13313	-1464868800	26
13313	-1462190400	26.7
13313	-1459598400	26.9
13313	-1456920000	25.1
13313	-1454328000	24.5
13313	-1451649600	22.5
13313	-1448971200	22.9
13313	-1446465600	24.7
13313	-1443787200	24.4
13313	-1441195200	25.4
13313	-1438516800	25.4
13313	-1435924800	26.3
13313	-1433246400	26.6
13313	-1430568000	25.9
13313	-1427976000	27
13313	-1425297600	27.3
13313	-1422705600	24.1
13313	-1420027200	22.6
13313	-1417348800	23.2
13313	-1414929600	23.5
13313	-1412251200	23.9
13313	-1409659200	26.2
13313	-1406980800	25.9
13313	-1404388800	26.9
13313	-1401710400	25.3
13313	-1399032000	25.6
13313	-1396440000	25.7
13313	-1393761600	26.9
13313	-1391169600	24.9
13313	-1388491200	24.7
13313	-1385812800	24.7
13313	-1383393600	26.7
13313	-1380715200	24.7
13313	-1378123200	25
13313	-1375444800	28.3
13313	-1372852800	26.9
13313	-1370174400	26.9
13313	-1367496000	27.5
13313	-1364904000	28.9
13313	-1362225600	27.5
13313	-1359633600	25.3
13313	-1356955200	22.6
13314	-102600000	26.9
13314	-99921600	27.3
13314	-97329600	25.6
13314	-94651200	25.5
13314	-91972800	25.7
13314	-89553600	26.2
13314	-86875200	27.1
13314	-84283200	27.4
13314	-81604800	27.1
13314	-79012800	26.2
13314	-76334400	25.8
13314	-73656000	26
13314	-71064000	26.6
13314	-68385600	26.6
13314	-65793600	24.2
13314	-63115200	24
13314	-60436800	25.5
13314	-57931200	25.8
13314	-55252800	25.7
13314	-52660800	26.5
13314	-49982400	26.7
13314	-47390400	26.4
13314	-44712000	27.1
13314	-42033600	26.3
13314	-39441600	26.9
13314	-36763200	27.3
13314	-34171200	25.8
13314	-31492800	26.2
13314	-28814400	26.1
13314	-26395200	27.6
13315	662731200	26.1
13315	665409600	26.8
13315	667828800	27.8
13315	670507200	27.6
13315	673099200	27.6
13315	675777600	28.1
13315	678369600	26.3
13315	681048000	26.1
13315	683726400	26.5
13315	686318400	26.7
13315	688996800	27.4
13315	691588800	26.3
13315	694267200	25.7
13315	696945600	26.1
13315	699451200	28
13315	702129600	28.3
13315	704721600	27.7
13315	707400000	27.5
13315	709992000	26
13315	712670400	26.5
13315	715348800	26.4
13315	717940800	27.5
13315	720619200	27.2
13315	723211200	25.9
13315	725889600	25.4
13315	728568000	26.5
13315	730987200	27.5
13315	733665600	28.2
13315	736257600	28.9
13315	738936000	28
13315	741528000	26.6
13315	744206400	26.3
13315	746884800	26.5
13315	749476800	27.2
13315	752155200	26.8
13315	754747200	25.1
13315	757425600	24.1
13315	760104000	26
13315	762523200	27.3
13315	765201600	28
13315	767793600	27.5
13315	770472000	26.9
13315	773064000	26.6
13315	775742400	26.3
13315	778420800	26.7
13315	781012800	27
13315	783691200	27.6
13315	786283200	25.5
13315	788961600	25.1
13315	791640000	26.6
13315	794059200	27.7
13315	796737600	28.4
13315	799329600	28.1
13315	802008000	27.6
13315	804600000	26.8
13315	807278400	26.6
13315	809956800	27.4
13315	812548800	27.9
13315	815227200	28.1
13315	817819200	25.9
13315	820497600	26.4
13315	823176000	26.6
13315	825681600	27.5
13315	828360000	27.6
13315	830952000	27.6
13315	833630400	28.3
13315	836222400	27
13315	838900800	26.6
13315	841579200	26.8
13315	844171200	27
13315	846849600	27.8
13315	849441600	25.9
13315	852120000	25.9
13315	854798400	26.8
13315	857217600	28.1
13315	859896000	27.3
13315	862488000	27.8
13315	865166400	27
13315	867758400	26.5
13315	870436800	26.4
13315	873115200	26.9
13315	875707200	27.3
13315	878385600	27.6
13315	880977600	25.1
13316	-2117016000	20.8
13316	-2114337600	19.5
13316	-2111659200	22.6
13316	-2109240000	23.6
13316	-2106561600	22.8
13316	-2103969600	24.4
13316	-2101291200	26.2
13316	-2098699200	28.7
13316	-2096020800	27.8
13316	-2093342400	27.5
13316	-2090750400	28.4
13316	-2088072000	27.1
13316	-2085480000	21.8
13316	-2082801600	21.2
13316	-2080123200	22.6
13316	-2077617600	21.7
13316	-2074939200	23.1
13316	-2072347200	23.5
13316	-2069668800	25.3
13317	-273585600	27.4
13317	-270907200	28
13318	-1204459200	28.9
13318	-1201867200	26.6
13319	-1388491200	17.6
13319	-1385812800	24.5
13319	-1383393600	26.9
13319	-1380715200	27
13319	-1378123200	27.9
13319	-1375444800	28.4
13319	-1372852800	26
13319	-1370174400	26.3
13319	-1367496000	26.4
13319	-1364904000	28
13319	-1362225600	25.8
13319	-1359633600	24
13319	-1356955200	18.2
13319	-1354276800	24.8
13319	-1351857600	26.7
13320	-1351857600	22.8
13320	-1349179200	25.4
13320	-1346587200	25
13320	-1343908800	26.4
13320	-1341316800	26.1
13321	-21124800	28.9
13321	-18446400	27.9
13321	-15854400	26.4
13321	-13176000	26.5
13321	-10497600	26.5
13321	-7905600	26.8
13321	-5227200	27.5
13321	-2635200	25.7
13321	43200	26.2
13321	2721600	25.8
13321	5140800	27.4
13321	7819200	27.4
13321	10411200	28
13321	13089600	27.6
13321	15681600	26.5
13321	18360000	25.6
13321	21038400	26.9
13321	23630400	27.8
13321	26308800	27.2
13321	28900800	26.1
13321	31579200	25
13321	34257600	26
13321	36676800	25
13321	39355200	27.4
13321	41947200	27.1
13321	44625600	26.8
13321	47217600	26.4
13321	49896000	25.5
13321	52574400	26
13321	55166400	26.7
13321	57844800	27
13321	60436800	25.7
13321	63115200	25.4
13321	65793600	26.2
13321	68299200	27.4
13321	70977600	26.5
13321	73569600	27
13321	76248000	27.7
13321	78840000	26.8
13321	81518400	26.8
13321	84196800	27
13321	86788800	27.5
13321	89467200	25
13321	92059200	25.6
13321	94737600	26
13321	97416000	28
13321	99835200	27.2
13321	102513600	28.6
13321	105105600	28.2
13321	107784000	27.9
13321	110376000	27.6
13321	113054400	26.4
13321	115732800	26.9
13321	118324800	27.9
13321	121003200	27.6
13321	123595200	25.3
13321	126273600	24.4
13321	128952000	26.8
13321	131371200	27.7
13321	134049600	27
13321	136641600	27.2
13321	139320000	27.6
13321	141912000	25.8
13321	144590400	25.9
13321	147268800	26.4
13321	149860800	27.7
13321	152539200	26.9
13321	155131200	25.6
13321	157809600	25.4
13321	160488000	26.6
13321	162907200	26.6
13321	165585600	28.2
13321	168177600	26.9
13321	170856000	27.7
13321	173448000	26
13321	176126400	26.1
13321	178804800	25.8
13321	181396800	27.1
13321	184075200	26.8
13321	186667200	26
13321	189345600	24.8
13321	192024000	26.6
13321	194529600	27.6
13321	197208000	27.5
13321	199800000	26.9
13321	202478400	26.9
13321	205070400	26.2
13321	207748800	26.2
13321	210427200	26.8
13321	213019200	26.8
13321	215697600	26.9
13321	218289600	25
13321	220968000	25.7
13321	223646400	26.8
13321	226065600	27
13321	228744000	27.9
13321	231336000	27.3
13321	234014400	27.9
13321	236606400	27.4
13321	239284800	27.7
13321	241963200	26.8
13321	244555200	27.8
13321	247233600	27.7
13321	249825600	26.4
13321	252504000	26.5
13321	255182400	26.4
13321	257601600	26.6
13321	260280000	27.2
13321	262872000	27.8
13321	265550400	27.3
13321	268142400	26.6
13321	270820800	26.4
13321	273499200	26.7
13321	276091200	27.4
13321	278769600	26.9
13321	281361600	25.6
13321	284040000	26
13321	286718400	27
13321	289137600	27.7
13321	291816000	27.1
13321	294408000	28.1
13321	297086400	27.4
13321	299678400	27.3
13321	302356800	27
13321	305035200	27.3
13321	307627200	27.7
13321	310305600	27.6
13321	312897600	26
13321	315576000	25.7
13321	318254400	26.8
13321	320760000	26.9
13321	323438400	27.6
13321	326030400	28
13321	328708800	28.1
13321	331300800	26.8
13321	333979200	26.6
13321	336657600	27.1
13321	339249600	28.2
13321	341928000	27.3
13321	344520000	25.5
13322	915192000	26.8
13322	917870400	27.9
13322	920289600	28.2
13322	922968000	27.2
13322	925560000	27.7
13322	928238400	27.2
13322	930830400	25.6
13323	-2064398400	26.4
13323	-2061720000	27.2
13323	-2059128000	27.3
13323	-2056449600	26.3
13323	-2053857600	22.2
13323	-2051179200	21.8
13323	-2048500800	21.6
13323	-2046081600	21.5
13323	-2043403200	21.7
13323	-2040811200	22.6
13323	-2038132800	26.6
13323	-2035540800	27.4
13323	-2032862400	27.3
13323	-2030184000	28.9
13323	-2027592000	28.2
13323	-2024913600	24.8
13323	-2022321600	22.9
13323	-2019643200	22.9
13323	-2016964800	22.2
13323	-2014545600	22.8
13323	-2011867200	21.8
13323	-2009275200	23.6
13323	-2006596800	27.6
13323	-2004004800	27
13323	-2001326400	26.3
13323	-1998648000	27.3
13323	-1996056000	28.1
13323	-1993377600	26.7
13323	-1990785600	22.9
13323	-1988107200	21.3
13323	-1985428800	20.6
13323	-1983009600	20.9
13323	-1980331200	21.5
13323	-1977739200	21.8
13323	-1975060800	24.8
13323	-1972468800	27
13323	-1969790400	26.4
13323	-1967112000	27.3
13323	-1964520000	27.1
13323	-1961841600	23.2
13323	-1959249600	20.8
13323	-1956571200	20.6
13323	-1953892800	20.6
13323	-1951387200	21.1
13323	-1948708800	22.6
13323	-1946116800	23.1
13323	-1943438400	25.9
13323	-1940846400	27.7
13323	-1938168000	27.2
13323	-1935489600	28
13323	-1932897600	27.6
13323	-1930219200	26.4
13323	-1927627200	24.6
13323	-1924948800	21.1
13323	-1922270400	21
13323	-1919851200	22.6
13323	-1917172800	22.5
13323	-1914580800	24.9
13323	-1911902400	27.1
13323	-1909310400	27.9
13323	-1906632000	27.3
13323	-1903953600	27.8
13323	-1901361600	27.9
13323	-1898683200	25
13323	-1896091200	24.2
13323	-1893412800	21.5
13323	-1890734400	22.5
13323	-1888315200	21.9
13323	-1885636800	23
13323	-1883044800	23.7
13323	-1880366400	25.8
13323	-1877774400	27.2
13323	-1875096000	27.4
13323	-1872417600	28
13323	-1869825600	28.3
13323	-1867147200	27.9
13323	-1864555200	22.9
13323	-1861876800	20.6
13323	-1859198400	20.6
13323	-1856779200	20.8
13323	-1854100800	22.7
13323	-1851508800	24.3
13323	-1848830400	26.9
13323	-1846238400	28.3
13323	-1843560000	28
13323	-1840881600	28.4
13323	-1838289600	29.4
13323	-1835611200	26.6
13323	-1833019200	24.6
13323	-1830340800	21.2
13323	-1827662400	21.9
13323	-1825156800	22.8
13323	-1822478400	22
13323	-1819886400	23.9
13323	-1817208000	26.6
13323	-1814616000	28.3
13323	-1811937600	27.3
13323	-1809259200	27.9
13323	-1806667200	27.1
13323	-1803988800	26.3
13323	-1801396800	21.2
13323	-1798718400	21.5
13323	-1796040000	22
13323	-1793620800	21.9
13323	-1790942400	22.9
13323	-1788350400	23.8
13323	-1785672000	27.1
13323	-1783080000	27.5
13323	-1780401600	27.8
13323	-1777723200	28.1
13323	-1775131200	28.4
13323	-1772452800	26.9
13323	-1769860800	24.2
13323	-1767182400	21.2
13323	-1764504000	20.4
13323	-1762084800	21.5
13323	-1759406400	22.5
13323	-1756814400	25.5
13323	-1754136000	30.3
13323	-1751544000	30.1
13323	-1748865600	28.2
13323	-1746187200	28.7
13323	-1743595200	29.1
13323	-1740916800	25.5
13323	-1738324800	23.8
13323	-1735646400	23.4
13323	-1732968000	21.6
13323	-1730548800	21.8
13323	-1727870400	23
13323	-1725278400	24.9
13323	-1722600000	27.5
13323	-1720008000	28.2
13323	-1717329600	28.1
13323	-1714651200	29
13323	-1712059200	28.5
13323	-1709380800	25.1
13323	-1706788800	25.1
13323	-1704110400	22.8
13323	-1701432000	21.3
13323	-1698926400	21.3
13323	-1696248000	22.3
13323	-1693656000	23.9
13323	-1690977600	26.8
13323	-1688385600	27.8
13323	-1685707200	27.7
13323	-1683028800	27.9
13323	-1680436800	29.1
13323	-1677758400	26
13323	-1675166400	24.2
13323	-1672488000	23.1
13323	-1669809600	21.8
13323	-1667390400	22.7
13323	-1664712000	22.4
13323	-1662120000	23.7
13323	-1659441600	25.7
13323	-1656849600	28.8
13323	-1654171200	27.4
13323	-1651492800	27.3
13323	-1648900800	27.2
13323	-1646222400	24.1
13323	-1643630400	21.8
13323	-1640952000	22.1
13323	-1638273600	22
13323	-1635854400	21.4
13323	-1633176000	23.5
13323	-1630584000	25.6
13323	-1627905600	28.3
13323	-1625313600	29.3
13323	-1622635200	27.9
13323	-1619956800	27.8
13323	-1617364800	27.6
13323	-1614686400	24.9
13323	-1612094400	22.9
13323	-1609416000	21.7
13323	-1606737600	23.7
13323	-1604318400	23.7
13323	-1601640000	22.7
13323	-1599048000	24.1
13323	-1596369600	28.1
13323	-1593777600	28.5
13323	-1591099200	28.7
13323	-1588420800	28.6
13323	-1585828800	29.8
13323	-1583150400	28.4
13323	-1580558400	23.2
13323	-1577880000	22.9
13323	-1575201600	20.9
13323	-1572696000	21.4
13323	-1570017600	24.6
13323	-1567425600	24.4
13323	-1564747200	26.7
13323	-1562155200	29.2
13323	-1559476800	28.4
13323	-1556798400	29.3
13323	-1554206400	29.2
13323	-1551528000	26.9
13323	-1548936000	24.4
13323	-1546257600	23.2
13323	-1543579200	20.9
13323	-1541160000	20.8
13323	-1538481600	23.8
13323	-1535889600	23.5
13323	-1533211200	26.1
13323	-1530619200	28.9
13323	-1527940800	28.6
13323	-1525262400	28
13323	-1522670400	27.6
13323	-1519992000	24.7
13323	-1517400000	22.6
13324	-252417600	24.4
13324	-249739200	26.7
13324	-247320000	28.6
13325	-1346587200	28.2
13325	-1343908800	27.9
13325	-1341316800	33.1
13325	-1338638400	25.7
13325	-1335960000	26.4
13325	-1333368000	26.7
13325	-1330689600	26.6
13325	-1328097600	23.8
13325	-1325419200	17
13325	-1322740800	22.9
13325	-1320235200	25.4
13325	-1317556800	26.2
13325	-1314964800	27.8
13325	-1312286400	28.7
13325	-1309694400	27
13325	-1307016000	27
13325	-1304337600	26.5
13325	-1301745600	27
13325	-1299067200	25
13325	-1296475200	23.7
13325	-1293796800	22.9
13325	-1291118400	24.4
13326	-1333368000	26.7
13326	-1330689600	26.9
13326	-1328097600	24.4
13326	-1325419200	22.9
13326	-1322740800	22.6
13326	-1320235200	22.7
13326	-1317556800	22.3
13326	-1314964800	24
13326	-1312286400	27.2
13326	-1309694400	27.2
13326	-1307016000	25.3
13326	-1304337600	25.6
13326	-1301745600	27.5
13326	-1299067200	26.1
13326	-1296475200	23.4
13326	-1293796800	23.9
13326	-1291118400	23.4
13326	-1288699200	22.3
13326	-1286020800	22.2
13326	-1283428800	23.2
13326	-1280750400	26.9
13326	-1278158400	27.1
13326	-1275480000	25.7
13326	-1272801600	25.1
13326	-1270209600	25.7
13326	-1267531200	25.3
13326	-1264939200	24.4
13326	-1262260800	22.4
13326	-1259582400	21.6
13326	-1257163200	22
13326	-1254484800	22.9
13326	-1251892800	21.5
13326	-1249214400	25.2
13326	-1246622400	26.6
13326	-1243944000	25.9
13326	-1241265600	26.2
13326	-1238673600	27.1
13326	-1235995200	27.1
13326	-1233403200	23.8
13326	-1230724800	22.9
13326	-1228046400	22.7
13326	-1225627200	23.2
13326	-1222948800	23.9
13326	-1220356800	23.4
13326	-1217678400	25.6
13326	-1215086400	26.4
13326	-1212408000	27.6
13326	-1209729600	26.7
13326	-1207137600	28.4
13326	-1204459200	26.2
13326	-1201867200	23.4
13326	-1199188800	23.9
13326	-1196510400	22.8
13326	-1194004800	24.1
13326	-1191326400	23.9
13326	-1188734400	25.6
13326	-1186056000	27.8
13326	-1183464000	27.2
13326	-1180785600	26.1
13326	-1178107200	26.7
13326	-1175515200	27.8
13326	-1172836800	25
13326	-1170244800	21.1
13326	-1167566400	22.8
13326	-1164888000	23.3
13326	-1162468800	23.9
13326	-1159790400	25
13326	-1157198400	23.9
13326	-1154520000	26.1
13326	-1151928000	26.1
13326	-1149249600	26.1
13326	-1146571200	26.7
13326	-1143979200	25.6
13326	-1141300800	23.9
13326	-1138708800	18.3
13326	-1136030400	23
13326	-1133352000	24
13326	-1130932800	25
13326	-1128254400	24.1
13326	-1125662400	24.7
13326	-1122984000	26.3
13326	-1120392000	26
13326	-1117713600	25.4
13326	-1115035200	26.3
13326	-1112443200	25
13326	-1109764800	23.3
13326	-1107172800	22.2
13326	-1104494400	22.6
13326	-1101816000	22.3
13326	-1099396800	21.6
13326	-1096718400	22.9
13326	-1094126400	23.9
13326	-1091448000	26.3
13326	-1088856000	27.2
13326	-1086177600	25.3
13326	-1083499200	26.3
13326	-1080907200	24.8
13326	-1078228800	23.9
13326	-1075636800	24.3
13326	-1072958400	24.6
13326	-1070280000	22.6
13326	-1067774400	23.6
13326	-1065096000	24
13326	-1062504000	24.7
13326	-1059825600	27.7
13326	-1057233600	27.3
13326	-1054555200	26.1
13326	-1051876800	28.2
13326	-1049284800	29.3
13326	-1046606400	26.2
13326	-1044014400	24.9
13327	951912000	26.9
13327	954590400	27.7
13327	957182400	28.2
13328	-1493726400	27.3
13328	-1491134400	27.5
13328	-1488456000	26
13328	-1485864000	23.7
13328	-1483185600	21.8
13328	-1480507200	21.5
13328	-1478088000	21.8
13328	-1475409600	21.2
13328	-1472817600	24
13328	-1470139200	26.2
13328	-1467547200	27.3
13328	-1464868800	27.7
13328	-1462190400	28.7
13328	-1459598400	28.2
13328	-1456920000	26.4
13328	-1454328000	24.7
13328	-1451649600	22.6
13328	-1448971200	21.1
13328	-1446465600	22.9
13328	-1443787200	22.6
13328	-1441195200	24.7
13328	-1438516800	27.2
13328	-1435924800	27.7
13328	-1433246400	27.8
13328	-1430568000	28.3
13328	-1427976000	27.1
13328	-1425297600	26.8
13328	-1422705600	23.5
13328	-1420027200	22.4
13328	-1417348800	22.6
13328	-1414929600	22.2
13328	-1412251200	24
13328	-1409659200	25.5
13328	-1406980800	28.7
13328	-1404388800	29.7
13328	-1401710400	28.7
13328	-1399032000	28.7
13328	-1396440000	28.4
13328	-1393761600	26
13328	-1391169600	25
13328	-1388491200	24
13328	-1385812800	23.7
13328	-1383393600	24.6
13328	-1380715200	23.8
13329	-252417600	23.8
13329	-249739200	25.4
13329	-247320000	26.9
13330	-1186056000	30.1
13330	-1183464000	28.5
13330	-1180785600	27.5
13330	-1178107200	28.6
13330	-1175515200	29
13330	-1172836800	28.6
13331	-1272801600	26.2
13331	-1270209600	28
13331	-1267531200	27.7
13331	-1264939200	23.6
13331	-1262260800	22.4
13331	-1259582400	24.2
13331	-1257163200	25.2
13331	-1254484800	26.6
13331	-1251892800	25.9
13331	-1249214400	27.8
13331	-1246622400	27.4
13331	-1243944000	26
13331	-1241265600	27.5
13331	-1238673600	28.1
13331	-1235995200	27.3
13331	-1233403200	24.2
13331	-1230724800	23.1
13331	-1228046400	25.2
13331	-1225627200	27.3
13331	-1222948800	28.4
13331	-1220356800	28.5
13331	-1217678400	28.1
13331	-1215086400	27.1
13331	-1212408000	27.2
13331	-1209729600	26.6
13331	-1207137600	27.4
13331	-1204459200	27
13331	-1201867200	24.3
13331	-1199188800	23.1
13331	-1196510400	26.4
13331	-1194004800	27.7
13331	-1191326400	29.8
13331	-1188734400	29.5
13331	-1186056000	28.9
13331	-1183464000	27.3
13331	-1180785600	26.5
13331	-1178107200	27.8
13331	-1175515200	28.9
13331	-1172836800	28.3
13331	-1170244800	24.5
13331	-1167566400	24.6
13331	-1164888000	26.5
13331	-1162468800	28.1
13331	-1159790400	29.7
13331	-1157198400	30.1
13331	-1154520000	28.8
13331	-1151928000	27.3
13331	-1149249600	26.9
13331	-1146571200	27.7
13331	-1143979200	28.7
13331	-1141300800	26.8
13331	-1138708800	24.7
13331	-1136030400	24.3
13331	-1133352000	25.6
13331	-1130932800	26.9
13331	-1128254400	28.5
13331	-1125662400	28.6
13331	-1122984000	28.6
13331	-1120392000	27.9
13331	-1117713600	27.2
13331	-1115035200	27.8
13331	-1112443200	28.5
13331	-1109764800	27.2
13331	-1107172800	24.8
13331	-1104494400	24.2
13331	-1101816000	26
13331	-1099396800	26.5
13331	-1096718400	27.9
13331	-1094126400	29
13331	-1091448000	28.1
13331	-1088856000	26.5
13331	-1086177600	26
13331	-1083499200	27.3
13331	-1080907200	27.8
13331	-1078228800	26.4
13331	-1075636800	24.7
13331	-1072958400	25
13331	-1070280000	26.2
13331	-1067774400	28
13331	-1065096000	28.3
13331	-1062504000	29.8
13331	-1059825600	28.5
13331	-1057233600	26.9
13331	-1054555200	25.9
13331	-1051876800	26.6
13331	-1049284800	27.4
13331	-1046606400	26.7
13331	-1044014400	25.5
13331	-1041336000	24.8
13331	-1038657600	26.3
13331	-1036238400	26.4
13331	-1033560000	26.3
13331	-1030968000	27.7
13331	-1028289600	28.4
13332	-757339200	22.2
13332	-754660800	24.9
13332	-752241600	26.3
13332	-749563200	24.8
13332	-746971200	25.9
13332	-744292800	27.1
13332	-741700800	26.9
13332	-739022400	26.2
13332	-736344000	26.6
13332	-733752000	26.4
13332	-731073600	24.7
13332	-728481600	22.1
13332	-725803200	21.7
13332	-723124800	23.1
13332	-720705600	26.7
13332	-718027200	26.2
13332	-715435200	25.2
13332	-712756800	26.6
13332	-710164800	27.3
13332	-707486400	26.6
13332	-704808000	26.6
13332	-702216000	27.1
13332	-699537600	24.6
13332	-696945600	23.6
13332	-694267200	22.4
13332	-691588800	25.1
13332	-689083200	26.6
13332	-686404800	24.3
13332	-683812800	26.5
13332	-681134400	27.5
13332	-678542400	26.8
13332	-675864000	26.4
13332	-673185600	27.2
13332	-670593600	26.9
13332	-667915200	24.8
13332	-665323200	23.2
13332	-662644800	22.7
13332	-659966400	25.2
13332	-657547200	24.9
13332	-654868800	26.9
13332	-652276800	24.3
13332	-649598400	27.1
13332	-647006400	26.7
13332	-644328000	24.9
13332	-641649600	27.3
13332	-639057600	27.3
13332	-636379200	25.8
13332	-633787200	24.6
13332	-631108800	23.4
13332	-628430400	25.4
13332	-626011200	27.4
13332	-623332800	25.8
13332	-620740800	26.4
13332	-618062400	27.1
13332	-615470400	26.6
13332	-612792000	25.8
13332	-610113600	26.2
13332	-607521600	26.8
13332	-604843200	25.4
13333	368193600	26.7
13333	370785600	27.7
13334	-1375444800	28.3
13334	-1372852800	28.7
13334	-1370174400	28.6
13334	-1367496000	28.3
13334	-1364904000	28.8
13334	-1362225600	26.5
13334	-1359633600	24
13334	-1356955200	23.9
13334	-1354276800	22.9
13334	-1351857600	24.8
13334	-1349179200	24.7
13334	-1346587200	26.5
13334	-1343908800	28.3
13334	-1341316800	28.6
13334	-1338638400	27.4
13334	-1335960000	27.6
13334	-1333368000	27.4
13334	-1330689600	27.2
13334	-1328097600	23.7
13334	-1325419200	20
13334	-1322740800	20.7
13334	-1320235200	21
13334	-1317556800	21.8
13334	-1314964800	23.7
13334	-1312286400	28
13334	-1309694400	28.6
13334	-1307016000	27.1
13334	-1304337600	28.5
13334	-1301745600	28.7
13334	-1299067200	24.9
13334	-1296475200	23.5
13334	-1293796800	24.5
13334	-1291118400	23.8
13334	-1288699200	21
13334	-1286020800	22.6
13334	-1283428800	24.5
13334	-1280750400	27.1
13334	-1278158400	28.7
13334	-1275480000	27.4
13334	-1272801600	28.7
13334	-1270209600	29
13334	-1267531200	26
13334	-1264939200	23.7
13334	-1262260800	20.9
13334	-1259582400	20.5
13334	-1257163200	21.4
13334	-1254484800	22
13334	-1251892800	22.5
13334	-1249214400	26.5
13334	-1246622400	27.3
13334	-1243944000	27
13334	-1241265600	27.7
13334	-1238673600	28.7
13334	-1235995200	28.1
13334	-1233403200	22.7
13334	-1230724800	20.1
13334	-1228046400	20.2
13334	-1225627200	21.4
13334	-1222948800	22.1
13334	-1220356800	23.7
13334	-1217678400	25.6
13334	-1215086400	27.4
13334	-1212408000	28.4
13334	-1209729600	27.8
13334	-1207137600	28.5
13334	-1204459200	27.3
13334	-1201867200	24
13334	-1199188800	21.9
13334	-1196510400	21.3
13334	-1194004800	20.8
13334	-1191326400	22.2
13334	-1188734400	23.5
13334	-1186056000	26.6
13334	-1183464000	27.6
13334	-1180785600	27.1
13334	-1178107200	27.7
13334	-1175515200	27.8
13334	-1172836800	26.3
13334	-1170244800	23.4
13334	-1167566400	20.7
13334	-1164888000	21.4
13334	-1162468800	22.3
13334	-1159790400	23.4
13334	-1157198400	24
13334	-1154520000	26.1
13334	-1151928000	27.5
13334	-1149249600	27.4
13334	-1146571200	27.4
13334	-1143979200	28
13334	-1141300800	25.7
13334	-1138708800	21.4
13334	-1136030400	21.3
13334	-1133352000	19.4
13334	-1130932800	20.7
13334	-1128254400	21.3
13334	-1125662400	22.3
13334	-1122984000	24.7
13334	-1120392000	26.8
13334	-1117713600	27.6
13334	-1115035200	27.4
13334	-1112443200	27.8
13334	-1109764800	24.3
13334	-1107172800	22.8
13334	-1104494400	21.9
13334	-1101816000	18.4
13334	-1099396800	19.3
13334	-1096718400	21.7
13334	-1094126400	22.8
13334	-1091448000	25.8
13334	-1088856000	27
13334	-1086177600	26.7
13334	-1083499200	27.8
13334	-1080907200	27.3
13334	-1078228800	24.9
13334	-1075636800	24.4
13334	-1072958400	22.9
13334	-1070280000	20.5
13334	-1067774400	20.9
13334	-1065096000	21.4
13334	-1062504000	23.5
13334	-1059825600	26.4
13334	-1057233600	27.3
13334	-1054555200	26.7
13334	-1051876800	26.9
13334	-1049284800	27.2
13334	-1046606400	25.6
13334	-1044014400	23.9
13334	-1041336000	22.1
13334	-1038657600	23
13334	-1036238400	21.8
13334	-1033560000	21.4
13334	-1030968000	23
13334	-1028289600	26.8
13334	-1025697600	27.3
13334	-1023019200	27.9
13334	-1020340800	27.9
13334	-1017748800	27.7
13334	-1015070400	27.3
13334	-1012478400	25.8
13334	-1009800000	20.7
13334	-1007121600	21.2
13334	-1004702400	21.5
13334	-1002024000	21.9
13334	-999432000	23.5
13334	-996753600	25.5
13334	-994161600	27.1
13334	-991483200	27.4
13334	-988804800	27.2
13334	-986212800	27.2
13334	-983534400	26.9
13334	-980942400	21.9
13334	-978264000	21
13334	-975585600	19.3
13334	-973166400	19.8
13334	-970488000	20.1
13334	-967896000	22.3
13334	-965217600	25.9
13334	-962625600	27.3
13334	-959947200	26.8
13334	-957268800	27.4
13334	-954676800	26.9
13334	-951998400	25.6
13334	-949406400	22.9
13334	-946728000	20
13334	-944049600	19.6
13334	-941544000	21.3
13334	-938865600	20.1
13334	-936273600	22.4
13334	-933595200	26.5
13334	-931003200	27.1
13334	-928324800	26.6
13334	-925646400	27.4
13334	-923054400	25.8
13334	-920376000	25.2
13334	-917784000	22.8
13334	-915105600	21.3
13334	-912427200	20.4
13334	-910008000	20.4
13334	-907329600	22.1
13334	-904737600	23.5
13334	-902059200	24.5
13334	-899467200	26.4
13334	-896788800	27.8
13334	-894110400	27.3
13334	-891518400	28.1
13334	-888840000	26.4
13334	-886248000	22.1
13334	-883569600	19.3
13334	-880891200	19
13334	-878472000	20
13334	-875793600	21.5
13334	-873201600	21.4
13334	-870523200	26.2
13334	-867931200	27.8
13334	-865252800	26.8
13334	-862574400	27.4
13334	-859982400	27.7
13334	-857304000	25.3
13334	-854712000	23.2
13334	-852033600	20.3
13334	-849355200	20.6
13334	-846936000	19.8
13334	-844257600	22.2
13334	-841665600	24.5
13334	-838987200	27.7
13334	-836395200	27.7
13334	-833716800	26.9
13334	-831038400	27.2
13334	-828446400	26.9
13334	-825768000	25.8
13334	-823176000	21.9
13334	-820497600	22.5
13334	-817819200	19.9
13334	-815313600	21
13334	-812635200	22.3
13334	-810043200	23.9
13334	-807364800	27
13334	-804772800	28.2
13334	-802094400	28
13334	-799416000	28.1
13334	-796824000	28.1
13334	-794145600	26.4
13334	-791553600	22.1
13334	-788875200	22.3
13334	-786196800	21.2
13334	-783777600	23.8
13334	-781099200	24.8
13334	-778507200	23.5
13334	-775828800	25.4
13334	-773236800	27.6
13334	-770558400	27.5
13334	-767880000	27.6
13334	-765288000	28.2
13334	-762609600	26.4
13334	-760017600	25.5
13334	-757339200	20.8
13334	-754660800	21.6
13334	-752241600	20.9
13334	-749563200	20.5
13334	-746971200	22.7
13334	-744292800	25.7
13334	-741700800	27.3
13334	-739022400	27.8
13334	-736344000	27.9
13334	-733752000	28
13334	-731073600	25.4
13334	-728481600	23.3
13334	-725803200	20.3
13334	-723124800	19.1
13334	-720705600	21.1
13334	-718027200	22.1
13334	-715435200	22.6
13334	-712756800	24.2
13334	-710164800	26.8
13334	-707486400	27.6
13334	-704808000	27.6
13334	-702216000	27.9
13334	-699537600	25.7
13334	-696945600	24
13334	-694267200	21.5
13334	-691588800	22
13334	-689083200	22.8
13334	-686404800	20.9
13334	-683812800	22.8
13334	-681134400	25.6
13334	-678542400	27.2
13334	-675864000	27.4
13334	-673185600	28
13334	-670593600	27.3
13334	-667915200	26.6
13334	-665323200	23.3
13334	-662644800	20.4
13334	-659966400	20.6
13334	-657547200	19.5
13334	-654868800	21.4
13334	-652276800	21.4
13334	-649598400	26
13334	-647006400	26.3
13334	-644328000	27.6
13334	-641649600	28
13334	-639057600	28.4
13334	-636379200	25.5
13334	-633787200	23.2
13334	-631108800	20.8
13334	-628430400	19.6
13334	-626011200	22.7
13334	-623332800	22.4
13334	-620740800	22.7
13334	-618062400	26.8
13334	-615470400	27.3
13334	-612792000	27.8
13334	-610113600	27
13334	-607521600	27.2
13334	-604843200	26
13334	-602251200	23.1
13334	-599572800	20.1
13334	-596894400	19
13334	-594475200	20.1
13334	-591796800	21.8
13334	-589204800	22.5
13334	-586526400	25.7
13334	-583934400	27.8
13334	-581256000	27.3
13334	-578577600	27.3
13334	-575985600	26.3
13334	-573307200	24.6
13334	-570715200	21.9
13334	-568036800	19.7
13334	-565358400	20.2
13334	-562852800	20.7
13334	-560174400	21.2
13334	-557582400	22
13334	-554904000	27.2
13334	-552312000	28
13334	-549633600	27.7
13334	-546955200	27.5
13334	-544363200	27.3
13334	-541684800	27.4
13334	-539092800	24.7
13334	-536414400	22.5
13334	-533736000	19.6
13334	-531316800	20.5
13334	-528638400	21.1
13334	-526046400	22.7
13334	-523368000	25.4
13334	-520776000	26.9
13334	-518097600	27.9
13334	-515419200	27.5
13334	-512827200	27.4
13334	-510148800	26.1
13334	-507556800	23.9
13334	-504878400	21.3
13334	-502200000	18.4
13334	-499780800	20.1
13334	-497102400	21.1
13334	-494510400	23.9
13334	-491832000	26.5
13334	-489240000	26.9
13334	-486561600	26.6
13334	-483883200	27.6
13334	-481291200	28.4
13334	-478612800	26.7
13334	-476020800	23.4
13334	-473342400	22.6
13334	-470664000	20.5
13334	-468244800	20.2
13334	-465566400	22.2
13334	-462974400	24.1
13334	-460296000	26.7
13334	-457704000	26.8
13334	-455025600	27
13334	-452347200	27.6
13334	-449755200	27.6
13334	-447076800	26.3
13334	-444484800	24.7
13334	-441806400	21.8
13334	-439128000	20.4
13334	-436622400	20.3
13334	-433944000	20.8
13334	-431352000	23.1
13334	-428673600	25.6
13334	-426081600	26.8
13334	-423403200	27.1
13334	-420724800	27.2
13334	-418132800	27.7
13334	-415454400	26.1
13334	-412862400	23.4
13334	-410184000	19.7
13334	-407505600	20.6
13334	-405086400	20.3
13334	-402408000	21.2
13334	-399816000	21.9
13334	-397137600	24.8
13334	-394545600	26.9
13334	-391867200	27.5
13334	-389188800	27.3
13334	-386596800	26.5
13334	-383918400	25.6
13334	-381326400	22.9
13334	-378648000	21.3
13334	-375969600	22.3
13334	-373550400	22.5
13334	-370872000	22.8
13334	-368280000	24.7
13334	-365601600	27.1
13334	-363009600	27.8
13334	-360331200	26.6
13334	-357652800	27.9
13334	-355060800	27.4
13334	-352382400	26.3
13334	-349790400	22.8
13334	-347112000	21.6
13334	-344433600	21.4
13334	-342014400	20.6
13334	-339336000	21.9
13334	-336744000	22.9
13334	-334065600	25.9
13334	-331473600	27.7
13334	-328795200	27.2
13334	-326116800	27.5
13334	-323524800	28.1
13334	-320846400	24.7
13334	-318254400	21.4
13334	-315576000	21.4
13334	-312897600	21.4
13334	-310392000	21.3
13334	-307713600	21.6
13334	-305121600	22.8
13334	-302443200	25.3
13334	-299851200	27.1
13334	-297172800	27.3
13334	-294494400	27.1
13334	-291902400	27.1
13334	-289224000	26.1
13334	-286632000	22.3
13334	-283953600	20.9
13334	-281275200	21.5
13334	-278856000	22.1
13334	-276177600	22.8
13334	-273585600	24.8
13334	-270907200	27.1
13334	-268315200	27.1
13334	-265636800	27.5
13334	-262958400	27.1
13334	-260366400	26.9
13334	-257688000	24.4
13334	-255096000	23.2
13334	-252417600	23.2
13334	-249739200	22.2
13334	-247320000	22.1
13334	-244641600	22.3
13334	-242049600	23.5
13334	-239371200	25.9
13334	-236779200	27.5
13334	-234100800	26.9
13334	-231422400	27.6
13334	-228830400	27.2
13334	-226152000	26.2
13334	-223560000	23.8
13334	-220881600	23.3
13334	-218203200	21.6
13334	-215784000	22.5
13334	-213105600	22.5
13334	-210513600	23.9
13334	-207835200	26.1
13334	-205243200	27.6
13334	-202564800	27.8
13334	-199886400	27.8
13334	-197294400	26.6
13334	-194616000	25.8
13334	-192024000	21.1
13334	-189345600	21
13334	-186667200	21.5
13334	-184161600	21.6
13334	-181483200	21.5
13334	-178891200	24.9
13334	-176212800	26.6
13334	-173620800	26.8
13334	-170942400	27.1
13334	-168264000	26.6
13334	-165672000	27.3
13334	-162993600	25.7
13334	-160401600	21.5
13334	-157723200	19.5
13334	-155044800	20
13334	-152625600	21.6
13334	-149947200	21.4
13334	-147355200	23
13334	-144676800	25.7
13334	-142084800	27.3
13334	-139406400	27.2
13334	-136728000	27.3
13334	-134136000	27.3
13334	-131457600	25.3
13334	-128865600	22.8
13334	-126187200	21.2
13334	-123508800	22.5
13334	-121089600	22.1
13334	-118411200	22.4
13334	-115819200	24.4
13334	-113140800	25.8
13334	-110548800	27.2
13334	-107870400	27.8
13334	-105192000	27.1
13334	-102600000	27.1
13334	-99921600	26.7
13334	-97329600	24.1
13334	-94651200	22.9
13334	-91972800	21
13334	-89553600	21.4
13334	-86875200	20.9
13334	-84283200	22.3
13334	-81604800	25.9
13334	-79012800	27.4
13334	-76334400	27.5
13334	-73656000	26.9
13334	-71064000	27.1
13334	-68385600	23.7
13334	-65793600	21.2
13334	-63115200	19.4
13334	-60436800	19.9
13334	-57931200	19.8
13334	-55252800	20.9
13334	-52660800	22.1
13334	-49982400	24
13334	-47390400	26.6
13334	-44712000	27.9
13334	-42033600	27.7
13334	-39441600	28.2
13334	-36763200	25.6
13334	-34171200	23.7
13334	-31492800	22.3
13334	-28814400	21.6
13334	-26395200	22.9
13334	-23716800	23.3
13334	-21124800	24.4
13334	-18446400	26.3
13334	-15854400	27.5
13334	-13176000	27.5
13334	-10497600	27.9
13334	-7905600	27.8
13334	-5227200	25.9
13334	-2635200	23.5
13334	43200	21.3
13334	2721600	22
13334	5140800	22
13334	7819200	23.1
13334	10411200	23.6
13334	13089600	26.4
13334	15681600	27.3
13334	18360000	27.2
13334	21038400	28
13334	23630400	28
13334	26308800	25.7
13334	28900800	24.3
13334	31579200	21.2
13334	34257600	19.8
13334	36676800	19.7
13334	39355200	20.3
13334	41947200	21.3
13334	44625600	24.2
13334	47217600	26.7
13334	49896000	27.2
13334	52574400	27.8
13334	55166400	28
13334	57844800	24.6
13334	60436800	21.2
13334	63115200	20
13334	65793600	18.8
13334	68299200	18.7
13334	70977600	19.9
13334	73569600	20.8
13334	76248000	25
13334	78840000	26.3
13334	81518400	26.3
13334	84196800	27.6
13334	86788800	27.9
13334	89467200	24.9
13334	92059200	21.1
13334	94737600	19.6
13334	97416000	19.5
13334	99835200	20.4
13334	102513600	21.3
13334	105105600	23.4
13334	107784000	26.6
13334	110376000	26.7
13334	113054400	27
13334	115732800	27.1
13334	118324800	27.2
13334	121003200	26.1
13334	123595200	17.3
13334	126273600	19.9
13334	128952000	19
13334	131371200	18.8
13334	134049600	19.5
13334	136641600	21.2
13334	139320000	23.9
13334	141912000	26.4
13334	144590400	25.9
13334	147268800	27
13334	149860800	26.3
13334	152539200	24
13334	155131200	22.1
13334	157809600	20.9
13334	160488000	24.4
13334	162907200	20.3
13334	165585600	20
13334	168177600	20.8
13334	170856000	24.4
13334	173448000	26.1
13334	176126400	27.1
13334	178804800	26.6
13334	181396800	27.5
13334	184075200	24.1
13334	186667200	22.2
13334	189345600	20
13334	192024000	18.7
13334	194529600	19.1
13334	197208000	20.5
13334	199800000	20.6
13334	202478400	24.8
13334	205070400	26.6
13334	207748800	27.6
13334	210427200	27.4
13334	213019200	26.9
13334	215697600	25.3
13334	218289600	20.2
13334	220968000	19.3
13334	223646400	19.5
13334	226065600	21.5
13334	228744000	22.2
13334	231336000	22.2
13334	234014400	25.3
13334	236606400	27.1
13334	239284800	27.2
13334	241963200	27.4
13334	244555200	27.3
13334	247233600	25.7
13334	249825600	22.9
13334	252504000	21.1
13334	255182400	20.6
13334	257601600	21.1
13334	260280000	20.9
13334	262872000	23.8
13334	265550400	26.2
13334	268142400	26.8
13334	270820800	27.1
13334	273499200	27.2
13334	276091200	27.5
13334	278769600	26.2
13334	281361600	23
13334	284040000	21
13334	286718400	21.1
13334	289137600	20
13334	291816000	21.8
13334	294408000	23.3
13334	297086400	26.5
13334	299678400	26.9
13334	302356800	27.3
13334	305035200	27.8
13334	307627200	27.7
13334	310305600	25.5
13334	312897600	24.3
13334	315576000	20.8
13334	318254400	20.7
13334	320760000	20.3
13334	323438400	22.1
13334	326030400	22
13334	328708800	24.5
13334	331300800	26.4
13334	333979200	27.1
13334	336657600	27.2
13334	339249600	26.5
13334	341928000	24.6
13334	344520000	22.5
13334	347198400	21.1
13334	349876800	19.1
13334	352296000	22
13335	-234100800	28.1
13335	-231422400	28.3
13336	-1162468800	30.3
13336	-1159790400	30.5
13336	-1157198400	30.7
13336	-1154520000	29.3
13336	-1151928000	28.8
13336	-1149249600	28.2
13336	-1146571200	28.6
13336	-1143979200	29.6
13336	-1141300800	27.3
13336	-1138708800	24.9
13336	-1136030400	25.3
13336	-1133352000	26.8
13336	-1130932800	27.4
13336	-1128254400	29.5
13336	-1125662400	29.8
13336	-1122984000	29.7
13336	-1120392000	28.7
13336	-1117713600	27.1
13336	-1115035200	28.5
13336	-1112443200	29
13336	-1109764800	27.9
13336	-1107172800	26.5
13336	-1104494400	25.5
13336	-1101816000	26.8
13336	-1099396800	27.7
13336	-1096718400	29.4
13336	-1094126400	30.4
13336	-1091448000	29.7
13336	-1088856000	28.6
13336	-1086177600	27.8
13336	-1083499200	29.2
13336	-1080907200	29.6
13336	-1078228800	28.2
13336	-1075636800	26.3
13336	-1072958400	26.5
13336	-1070280000	27.5
13336	-1067774400	29.8
13336	-1065096000	31.1
13336	-1062504000	32.6
13336	-1059825600	30.9
13336	-1057233600	29.6
13337	-1017748800	27.7
13337	-1015070400	27.9
13337	-1012478400	25.6
13337	-1009800000	25
13337	-1007121600	27
13337	-1004702400	27.9
13337	-1002024000	28.1
13337	-999432000	29.4
13337	-996753600	29
13337	-994161600	27.2
13337	-991483200	26.8
13337	-988804800	27.1
13337	-986212800	27.5
13337	-983534400	26.8
13337	-980942400	23.4
13337	-978264000	23.8
13337	-975585600	24.9
13337	-973166400	26.2
13337	-970488000	28
13337	-967896000	28.1
13337	-965217600	29
13337	-962625600	27.1
13337	-959947200	26.3
13337	-957268800	26.8
13337	-954676800	27
13337	-951998400	26.1
13337	-949406400	24.6
13337	-946728000	24.7
13337	-944049600	25.1
13337	-941544000	27.4
13337	-938865600	27
13337	-936273600	28.1
13337	-933595200	28.1
13337	-931003200	27.2
13337	-928324800	26.3
13337	-925646400	27.3
13337	-923054400	27.1
13337	-920376000	26.3
13337	-917784000	23.5
13337	-915105600	23.9
13337	-912427200	25.6
13337	-910008000	26.8
13337	-907329600	27.7
13337	-904737600	28.1
13337	-902059200	27.6
13337	-899467200	27.6
13337	-896788800	27.2
13337	-894110400	27.2
13337	-891518400	29
13337	-888840000	27.3
13337	-886248000	24.4
13337	-883569600	23.9
13337	-880891200	25.2
13337	-878472000	27
13337	-875793600	27.3
13337	-873201600	28.4
13337	-870523200	29.2
13337	-867931200	27.1
13337	-865252800	26.2
13337	-862574400	27.2
13337	-859982400	28
13337	-857304000	26.6
13337	-854712000	24.5
13337	-852033600	22.6
13337	-849355200	24.7
13337	-846936000	25.7
13337	-844257600	27.9
13337	-841665600	28.3
13337	-838987200	28
13337	-836395200	26.7
13337	-833716800	25.8
13337	-831038400	26.5
13337	-828446400	27.5
13337	-825768000	26.2
13337	-823176000	23.5
13337	-820497600	23.5
13337	-817819200	26
13337	-815313600	27.5
13337	-812635200	28.2
13337	-810043200	28.8
13337	-807364800	28.6
13337	-804772800	27.6
13337	-802094400	27.1
13337	-799416000	27.3
13337	-796824000	28.3
13337	-794145600	27.9
13337	-791553600	24.3
13337	-788875200	24.7
13337	-786196800	26.3
13337	-783777600	28.2
13337	-781099200	29.1
13337	-778507200	28.5
13337	-775828800	28.5
13337	-773236800	27.1
13337	-770558400	26.2
13337	-767880000	27
13337	-765288000	28.5
13337	-762609600	26.6
13337	-760017600	25.3
13337	-757339200	23.6
13337	-754660800	25.8
13337	-752241600	28.1
13337	-749563200	27.8
13337	-746971200	28.8
13337	-744292800	28.7
13337	-741700800	27.1
13337	-739022400	26
13337	-736344000	26.7
13337	-733752000	27.8
13337	-731073600	27.3
13337	-728481600	24.4
13337	-725803200	23.6
13337	-723124800	25.8
13337	-720705600	27.9
13337	-718027200	28.6
13337	-715435200	28.6
13337	-712756800	28.9
13337	-710164800	27.5
13337	-707486400	26.7
13337	-704808000	26.7
13337	-702216000	28
13337	-699537600	26.4
13337	-696945600	24.7
13337	-694267200	23.2
13337	-691588800	26
13337	-689083200	28.3
13337	-686404800	27.5
13337	-683812800	28.6
13337	-681134400	27.9
13337	-678542400	26.7
13337	-675864000	26.3
13337	-673185600	26.9
13337	-670593600	27.6
13337	-667915200	26.5
13337	-665323200	23.8
13337	-662644800	23.8
13337	-659966400	25.7
13337	-657547200	27.3
13337	-654868800	28.6
13337	-652276800	27.1
13337	-649598400	28.5
13337	-647006400	27.1
13337	-644328000	26.4
13337	-641649600	27
13337	-639057600	28.2
13337	-636379200	26.6
13337	-633787200	25.3
13337	-631108800	24.2
13337	-628430400	25.7
13337	-626011200	28.4
13337	-623332800	28.4
13337	-620740800	28.9
13337	-618062400	28.6
13337	-615470400	26.7
13337	-612792000	25.6
13337	-610113600	26.5
13337	-607521600	27.3
13337	-604843200	26.8
13337	-602251200	24.6
13337	-599572800	24.4
13337	-596894400	25.4
13337	-594475200	26.8
13337	-591796800	27.5
13337	-589204800	28.3
13337	-586526400	28.6
13337	-583934400	27.7
13337	-581256000	27
13337	-578577600	27.5
13337	-575985600	27.2
13337	-573307200	26.7
13337	-570715200	23.6
13337	-568036800	23
13337	-565358400	25.4
13337	-562852800	27.1
13337	-560174400	28.2
13337	-557582400	27.7
13337	-554904000	28.3
13337	-552312000	26.9
13337	-549633600	26.8
13337	-546955200	26.4
13337	-544363200	27.7
13337	-541684800	27.5
13337	-539092800	24.6
13337	-536414400	25.2
13337	-533736000	25.6
13337	-531316800	27.5
13337	-528638400	27.2
13337	-526046400	27.7
13337	-523368000	28.2
13337	-520776000	26.7
13337	-518097600	27
13337	-515419200	27.1
13337	-512827200	27.5
13337	-510148800	27.2
13337	-507556800	25.2
13337	-504878400	23.7
13337	-502200000	23.8
13337	-499780800	27
13337	-497102400	27.7
13337	-494510400	28.9
13337	-491832000	28
13337	-489240000	26.2
13337	-486561600	25.7
13337	-483883200	27.1
13337	-481291200	27.7
13337	-478612800	27.2
13337	-476020800	24.4
13337	-473342400	24.6
13337	-470664000	25.4
13337	-468244800	26.4
13337	-465566400	28
13337	-462974400	28.3
13337	-460296000	27.6
13337	-457704000	26
13337	-455025600	25.8
13337	-452347200	26.2
13337	-449755200	26.9
13337	-447076800	27.3
13337	-444484800	24.1
13337	-441806400	24
13337	-439128000	24.9
13337	-436622400	26.2
13337	-433944000	27.3
13337	-431352000	28.2
13337	-428673600	28
13337	-426081600	26.4
13337	-423403200	26
13337	-420724800	26.5
13337	-418132800	27.6
13337	-415454400	27.5
13337	-412862400	24.4
13337	-410184000	23.3
13337	-407505600	25.9
13337	-405086400	26.9
13337	-402408000	27.4
13337	-399816000	26.6
13337	-397137600	27.7
13337	-394545600	27
13337	-391867200	25.8
13337	-389188800	26.7
13337	-386596800	27.3
13337	-383918400	27.8
13337	-381326400	24.8
13337	-378648000	24.9
13337	-375969600	26.5
13337	-373550400	27.9
13337	-370872000	29
13337	-368280000	28.8
13337	-365601600	28.2
13337	-363009600	26.9
13337	-360331200	25.7
13337	-357652800	27.3
13337	-355060800	27.7
13337	-352382400	27.5
13337	-349790400	24.3
13337	-347112000	24.1
13337	-344433600	26.1
13337	-342014400	26.9
13337	-339336000	27.2
13337	-336744000	28.1
13337	-334065600	28.3
13337	-331473600	27.8
13337	-328795200	25.7
13337	-326116800	27
13337	-323524800	28.5
13337	-320846400	27
13337	-318254400	23.8
13337	-315576000	24.2
13337	-312897600	26.4
13337	-310392000	27.2
13337	-307713600	27.8
13337	-305121600	28.1
13337	-302443200	27.9
13337	-299851200	26.9
13337	-297172800	26.9
13337	-294494400	27.4
13337	-291902400	28.3
13337	-289224000	27.5
13337	-286632000	24.6
13337	-283953600	23.8
13337	-281275200	23.5
13337	-278856000	27.4
13337	-276177600	28.2
13337	-273585600	29.4
13337	-270907200	28.4
13337	-268315200	26.6
13337	-265636800	26.4
13337	-262958400	26.6
13337	-260366400	27.1
13337	-257688000	27.1
13337	-255096000	24.4
13337	-252417600	24.2
13337	-249739200	25.8
13337	-247320000	27.7
13337	-244641600	27.8
13337	-242049600	28.4
13337	-239371200	27.8
13337	-236779200	26.8
13337	-234100800	25.9
13337	-231422400	26.4
13337	-228830400	27.4
13337	-226152000	27
13337	-223560000	23.4
13337	-220881600	24.6
13337	-218203200	26.4
13337	-215784000	26.1
13337	-213105600	27.6
13337	-210513600	28.3
13337	-207835200	29
13337	-205243200	27.1
13337	-202564800	26.4
13337	-199886400	27.6
13337	-197294400	26.2
13337	-194616000	26.4
13337	-192024000	23.1
13337	-189345600	23.9
13337	-186667200	26.2
13337	-184161600	26.9
13337	-181483200	27.9
13337	-178891200	29
13337	-176212800	27.9
13337	-173620800	26.7
13337	-170942400	26.7
13337	-168264000	26
13337	-165672000	27.2
13337	-162993600	26.3
13337	-160401600	23.8
13337	-157723200	22.3
13337	-155044800	25
13337	-152625600	26.8
13337	-149947200	27.4
13337	-147355200	28.2
13337	-144676800	27.9
13337	-142084800	26.8
13337	-139406400	26
13337	-136728000	26.5
13337	-134136000	27.2
13337	-131457600	26.3
13337	-128865600	23
13337	-126187200	23.3
13337	-123508800	26.5
13337	-121089600	27.2
13337	-118411200	27.6
13337	-115819200	29.1
13337	-113140800	28.3
13337	-110548800	28.3
13337	-107870400	26.8
13337	-105192000	26.3
13337	-102600000	27
13337	-99921600	26.7
13337	-97329600	24.2
13337	-94651200	24.1
13337	-91972800	25.2
13337	-89553600	26.7
13337	-86875200	27.7
13337	-84283200	28
13337	-81604800	27.8
13337	-79012800	26.8
13337	-76334400	26.3
13337	-73656000	26.3
13337	-71064000	26.7
13337	-68385600	25.9
13337	-65793600	22.9
13337	-63115200	22.7
13337	-60436800	25
13337	-57931200	26
13337	-55252800	26
13337	-52660800	27.2
13337	-49982400	27.7
13337	-47390400	27.2
13337	-44712000	27.8
13337	-42033600	26.5
13337	-39441600	27.5
13337	-36763200	26.7
13337	-34171200	24.7
13337	-31492800	25.4
13337	-28814400	26.5
13337	-26395200	28.1
13337	-23716800	29.9
13337	-21124800	29.8
13337	-18446400	29
13337	-15854400	26.6
13337	-13176000	26.8
13337	-10497600	26.6
13337	-7905600	27.1
13337	-5227200	26.5
13337	-2635200	24.1
13337	43200	24.1
13337	2721600	25.8
13337	5140800	27.2
13337	7819200	28.7
13337	10411200	28.1
13337	13089600	28.1
13337	15681600	29.4
13337	18360000	25.5
13337	21038400	26.1
13337	23630400	27.4
13337	26308800	25.9
13337	28900800	23.7
13337	31579200	22.8
13337	34257600	24.2
13337	36676800	24.8
13337	39355200	26.1
13337	41947200	26.1
13337	44625600	27.1
13337	47217600	26.4
13337	49896000	25.4
13337	52574400	26
13337	55166400	26.8
13337	57844800	25.8
13337	60436800	23.5
13337	63115200	23.1
13337	65793600	24.5
13337	68299200	25.8
13337	70977600	25.1
13337	73569600	26.2
13337	76248000	27.4
13337	78840000	27.2
13337	81518400	27.2
13337	84196800	26.8
13337	86788800	27.4
13337	89467200	25.9
13337	92059200	23.9
13337	94737600	23.7
13337	97416000	25.5
13337	99835200	26.1
13337	102513600	30
13337	105105600	27.2
13337	107784000	28.2
13337	110376000	27.3
13337	113054400	25.8
13337	115732800	26.8
13337	118324800	27.4
13337	121003200	26
13337	123595200	23
13337	126273600	22.9
13337	128952000	24.8
13337	131371200	25.9
13337	134049600	25.4
13337	136641600	25.9
13337	139320000	27.9
13337	141912000	26
13337	144590400	26
13337	147268800	25.9
13337	149860800	26.9
13337	152539200	25
13337	155131200	22.9
13337	157809600	23.3
13337	160488000	24.7
13337	162907200	24.9
13337	165585600	26.7
13337	168177600	25.5
13337	170856000	27.5
13337	173448000	25.8
13337	176126400	26
13337	178804800	25.4
13337	181396800	26.8
13337	184075200	24.7
13337	186667200	23
13337	189345600	22.7
13337	192024000	24.7
13337	194529600	25.8
13337	197208000	26
13337	199800000	25.8
13337	202478400	27.4
13337	205070400	26.1
13337	207748800	25.7
13337	210427200	26.1
13337	213019200	26.4
13337	215697600	25.3
13337	218289600	22.7
13337	220968000	23.3
13337	223646400	24.8
13337	226065600	26.3
13337	228744000	27
13337	231336000	26.2
13337	234014400	27.8
13337	236606400	27.1
13337	239284800	26.6
13337	241963200	26.3
13337	244555200	27.2
13337	247233600	25.6
13337	249825600	24.1
13337	252504000	24.4
13337	255182400	24.7
13337	257601600	25.8
13337	260280000	25.9
13337	262872000	27.4
13337	265550400	27.2
13337	268142400	26.2
13337	270820800	26
13337	273499200	26.1
13337	276091200	26.8
13337	278769600	25.7
13337	281361600	22.6
13337	284040000	23.3
13337	286718400	24.9
13337	289137600	26
13337	291816000	26.5
13337	294408000	27.5
13337	297086400	27.6
13337	299678400	27
13337	302356800	26.7
13337	305035200	26.9
13337	307627200	27.4
13337	310305600	26.1
13337	312897600	24.2
13337	315576000	23.7
13337	318254400	25.2
13337	320760000	25.8
13337	323438400	26.8
13337	326030400	26.9
13337	328708800	27.7
13337	331300800	27
13337	333979200	26.9
13337	336657600	26.9
13337	339249600	28.1
13337	341928000	26.4
13337	344520000	24
13337	347198400	24.2
13337	349876800	24.7
13337	352296000	26.6
13337	354974400	26.6
13337	357566400	27.3
13338	-599572800	23.7
13338	-596894400	24.2
13338	-594475200	24.6
13338	-591796800	24.9
13338	-589204800	26.2
13338	-586526400	27.1
13338	-583934400	26.9
13338	-581256000	26.8
13338	-578577600	26.8
13338	-575985600	26.6
13338	-573307200	25.1
13338	-570715200	22.5
13338	-568036800	22
13338	-565358400	24.4
13338	-562852800	25.3
13338	-560174400	25.9
13338	-557582400	25.1
13338	-554904000	27.7
13338	-552312000	26.5
13338	-549633600	26.3
13338	-546955200	26.2
13338	-544363200	26.9
13338	-541684800	25.9
13338	-539092800	23.5
13338	-536414400	24.6
13338	-533736000	24.5
13338	-531316800	25.5
13338	-528638400	24.3
13338	-526046400	24.9
13338	-523368000	26.6
13338	-520776000	26.2
13338	-518097600	26.6
13338	-515419200	26.7
13338	-512827200	26.8
13338	-510148800	25.6
13338	-507556800	23.9
13338	-504878400	23.6
13338	-502200000	22.2
13338	-499780800	25.4
13338	-497102400	25.8
13338	-494510400	26.7
13338	-491832000	27.4
13338	-489240000	26.1
13338	-486561600	25.9
13338	-483883200	26.8
13338	-481291200	27.2
13338	-478612800	26.5
13338	-476020800	23.8
13338	-473342400	24.1
13338	-470664000	24.9
13338	-468244800	24.3
13338	-465566400	26.5
13338	-462974400	26.8
13338	-460296000	27.2
13338	-457704000	26.3
13338	-455025600	26
13338	-452347200	26.3
13338	-449755200	27.1
13338	-447076800	25.9
13338	-444484800	23.7
13338	-441806400	24.3
13338	-439128000	23.6
13338	-436622400	24.9
13338	-433944000	24.2
13338	-431352000	25.7
13338	-428673600	26.8
13338	-426081600	26.4
13338	-423403200	25.9
13338	-420724800	25.8
13338	-418132800	26.4
13338	-415454400	25.6
13338	-412862400	23.2
13338	-410184000	22.7
13338	-407505600	25.2
13338	-405086400	24.5
13338	-402408000	24.5
13338	-399816000	23.9
13338	-397137600	26.5
13338	-394545600	26.7
13338	-391867200	26.1
13338	-389188800	26.2
13338	-386596800	26.6
13338	-383918400	25.6
13338	-381326400	24.1
13338	-378648000	23.1
13338	-375969600	24.6
13338	-373550400	26.1
13338	-370872000	26.6
13338	-368280000	26.5
13338	-365601600	27.6
13338	-363009600	26.8
13338	-360331200	25.5
13338	-357652800	26.7
13338	-355060800	26.4
13338	-352382400	25.7
13338	-349790400	23.7
13338	-347112000	23.1
13338	-344433600	24.7
13338	-342014400	24.8
13338	-339336000	24.1
13338	-336744000	25.1
13338	-334065600	26.7
13338	-331473600	26.6
13338	-328795200	27.9
13338	-326116800	26.6
13338	-323524800	26.8
13338	-320846400	25.1
13338	-318254400	22.6
13338	-315576000	23.3
13338	-312897600	24.7
13338	-310392000	25.2
13338	-307713600	25.2
13338	-305121600	25.5
13338	-302443200	27.1
13338	-299851200	26.5
13339	378734400	25.4
13339	381412800	26.9
13339	383832000	28
13339	386510400	27.4
13339	389102400	30
13339	391780800	27.7
13339	394372800	27
13339	397051200	26.6
13340	-234100800	26.7
13340	-231422400	27.4
13341	-226152000	28.2
13341	-223560000	24.3
13341	-220881600	25.3
13341	-218203200	27.4
13341	-215784000	28.4
13341	-213105600	28.4
13341	-210513600	30.2
13341	-207835200	31.3
13341	-205243200	29.1
13341	-202564800	28.6
13341	-199886400	28.9
13341	-197294400	27.9
13341	-194616000	27
13341	-192024000	25
13341	-189345600	24.7
13341	-186667200	26.9
13341	-184161600	28.3
13341	-181483200	28.9
13341	-178891200	31.1
13341	-176212800	30.3
13341	-173620800	29.2
13341	-170942400	27.8
13341	-168264000	27.2
13341	-165672000	27.9
13341	-162993600	26.7
13341	-160401600	24
13341	-157723200	21.9
13341	-155044800	25.1
13341	-152625600	28.5
13341	-149947200	28.3
13341	-147355200	32
13341	-144676800	29.7
13341	-142084800	29.4
13341	-139406400	28.3
13341	-136728000	27.9
13341	-134136000	28.6
13341	-131457600	27.1
13341	-128865600	22.7
13341	-126187200	23.4
13341	-123508800	26.6
13341	-121089600	27.4
13341	-118411200	29.4
13341	-115819200	30.2
13341	-113140800	30.8
13341	-110548800	30.8
13341	-107870400	28.8
13341	-105192000	27.8
13341	-102600000	27.7
13341	-99921600	27.1
13341	-97329600	24.3
13341	-94651200	24.2
13341	-91972800	24.9
13341	-89553600	27.5
13341	-86875200	27.6
13341	-84283200	29.4
13341	-81604800	30.1
13341	-79012800	28.7
13341	-76334400	27.5
13341	-73656000	27.1
13341	-71064000	27.8
13341	-68385600	26
13341	-65793600	22.3
13341	-63115200	22.3
13341	-60436800	25
13341	-57931200	26
13341	-55252800	27.4
13341	-52660800	28.9
13341	-49982400	29.4
13341	-47390400	29.8
13341	-44712000	29.8
13341	-42033600	28.7
13341	-39441600	29.4
13341	-36763200	28.3
13341	-34171200	25.8
13341	-31492800	26
13341	-28814400	27.8
13341	-26395200	29.3
13341	-23716800	30.6
13341	-21124800	31.5
13341	-18446400	32.4
13341	-15854400	29.2
13341	-13176000	28.4
13341	-10497600	28.7
13341	-7905600	28.6
13341	-5227200	27
13341	-2635200	24.6
13341	43200	24.4
13341	2721600	26.8
13341	5140800	28.4
13341	7819200	30.4
13341	10411200	30.1
13341	13089600	31.4
13341	15681600	30
13341	18360000	28.5
13341	21038400	28.8
13341	23630400	30.1
13341	26308800	27.9
13341	28900800	25.3
13341	31579200	23.7
13341	34257600	25.1
13341	36676800	25.4
13341	39355200	27.2
13341	41947200	27.8
13341	44625600	28.5
13341	47217600	29
13341	49896000	26.9
13341	52574400	27.4
13341	55166400	28.6
13341	57844800	26.4
13341	60436800	24.3
13341	63115200	23.4
13341	65793600	25.1
13341	68299200	26.7
13341	70977600	26.7
13341	73569600	28.3
13341	76248000	29.1
13341	78840000	29.3
13341	81518400	29.3
13341	84196800	28.4
13341	86788800	29.3
13341	89467200	29.3
13341	92059200	24.5
13341	94737600	24.3
13341	97416000	25.4
13341	99835200	27
13341	102513600	28.5
13341	105105600	28.6
13341	107784000	30.5
13341	110376000	28.7
13341	113054400	28
13341	115732800	28.6
13341	118324800	29.9
13341	121003200	27.9
13341	123595200	24
13341	126273600	23.8
13341	128952000	25.4
13341	131371200	25.5
13341	134049600	26
13341	136641600	28.1
13341	139320000	28.5
13341	141912000	28.1
13341	144590400	27.5
13341	147268800	27.9
13341	149860800	28.2
13341	152539200	25.8
13341	155131200	24.2
13341	157809600	24.3
13341	160488000	25.1
13341	162907200	25.8
13341	165585600	27.3
13341	168177600	27.9
13341	170856000	29.5
13341	173448000	27.4
13341	176126400	27.9
13341	178804800	27.3
13341	181396800	28.8
13341	184075200	25.9
13341	186667200	24.7
13341	189345600	22.7
13341	192024000	24.8
13341	194529600	26.5
13341	197208000	27.7
13341	199800000	27.1
13341	202478400	29
13341	205070400	28.7
13341	207748800	28.2
13341	210427200	28
13341	213019200	27.8
13341	215697600	27
13341	218289600	23.8
13341	220968000	24.2
13341	223646400	26.2
13341	226065600	28.5
13341	228744000	28.1
13341	231336000	27.8
13341	234014400	29.8
13341	236606400	28.9
13341	239284800	28.4
13341	241963200	27.9
13341	244555200	29.4
13341	247233600	26.9
13341	249825600	25.5
13341	252504000	25.1
13341	255182400	25.5
13341	257601600	27.5
13341	260280000	27.5
13341	262872000	29
13341	265550400	29.6
13341	268142400	28.5
13341	270820800	27.8
13341	273499200	27.6
13341	276091200	28.6
13341	278769600	27
13341	281361600	24.5
13341	284040000	23.8
13341	286718400	26.9
13341	289137600	27.9
13341	291816000	29.2
13341	294408000	29.2
13341	297086400	29
13341	299678400	28.5
13341	302356800	28.6
13341	305035200	28.7
13341	307627200	29.4
13341	310305600	28.1
13341	312897600	25.5
13341	315576000	23.9
13341	318254400	26.5
13341	320760000	26.8
13341	323438400	28.9
13341	326030400	28.6
13341	328708800	28.9
13341	331300800	28.9
13341	333979200	28.2
13341	336657600	28.4
13341	339249600	29.4
13341	341928000	27.4
13342	-1051876800	27.4
13342	-1049284800	28.5
13342	-1046606400	26.8
13342	-1044014400	25.9
13342	-1041336000	25.2
13342	-1038657600	27.5
13342	-1036238400	29.1
13342	-1033560000	28.8
13342	-1030968000	29.6
13342	-1028289600	30.6
13342	-1025697600	28.3
13342	-1023019200	28.1
13342	-1020340800	28.1
13342	-1017748800	28.4
13342	-1015070400	28.5
13342	-1012478400	26.8
13342	-1009800000	25.6
13342	-1007121600	28
13342	-1004702400	27.8
13342	-1002024000	29.2
13342	-999432000	31.2
13342	-996753600	30.2
13342	-994161600	29.3
13342	-991483200	28.4
13342	-988804800	27.7
13342	-986212800	28.4
13342	-983534400	27.8
13342	-980942400	24.6
13342	-978264000	25.3
13342	-975585600	25.2
13342	-973166400	27.3
13342	-970488000	29.8
13342	-967896000	29
13342	-965217600	30.4
13342	-962625600	28.9
13342	-959947200	27.3
13342	-957268800	28.1
13342	-954676800	28.3
13342	-951998400	27.8
13342	-949406400	26.3
13342	-946728000	26
13342	-944049600	26.4
13342	-941544000	29.5
13342	-938865600	29.5
13342	-936273600	31.5
13342	-933595200	31.6
13342	-931003200	30
13342	-928324800	27.9
13342	-925646400	29
13342	-923054400	28.3
13342	-920376000	27.3
13343	362836800	26.6
13343	365515200	26.3
13343	368193600	26.8
13343	370785600	27.4
13343	373464000	26.1
13343	376056000	23
13343	378734400	23.1
13343	381412800	24.5
13343	383832000	25.8
13343	386510400	26.1
13343	389102400	26.6
13343	391780800	28
13343	394372800	27.1
13343	397051200	26.4
13343	399729600	26.9
13343	402321600	26.8
13343	4.05e+08	25.4
13343	407592000	23.1
13343	410270400	23.8
13343	412948800	26
13343	415368000	27.5
13344	-294494400	26.6
13344	-291902400	26.7
13344	-289224000	25.1
13344	-286632000	23.5
13344	-283953600	23.6
13344	-281275200	24.9
13344	-278856000	25.4
13344	-276177600	26.4
13344	-273585600	26.9
13344	-270907200	27.4
13344	-268315200	26.7
13344	-265636800	26.1
13344	-262958400	26.7
13344	-260366400	26.5
13344	-257688000	24.8
13344	-255096000	22.7
13344	-252417600	22.9
13344	-249739200	25.5
13344	-247320000	26.7
13344	-244641600	25.4
13344	-242049600	26.4
13344	-239371200	26.6
13344	-236779200	27.1
13344	-234100800	25.7
13344	-231422400	26.2
13344	-228830400	26.6
13344	-226152000	26.1
13344	-223560000	23.3
13344	-220881600	23.6
13344	-218203200	25.1
13344	-215784000	26.8
13344	-213105600	24.7
13344	-210513600	25.2
13344	-207835200	27.3
13344	-205243200	27.2
13344	-202564800	26.4
13344	-199886400	26.9
13344	-197294400	26.4
13344	-194616000	25.5
13344	-192024000	22.5
13344	-189345600	23.6
13344	-186667200	25.8
13344	-184161600	24.9
13344	-181483200	25.8
13344	-178891200	27.8
13344	-176212800	27.5
13344	-173620800	26.7
13344	-170942400	25.9
13344	-168264000	25.9
13344	-165672000	26.4
13344	-162993600	25
13344	-160401600	22.6
13344	-157723200	21.2
13344	-155044800	23.3
13344	-152625600	25.8
13344	-149947200	25.4
13344	-147355200	25.6
13344	-144676800	26.9
13344	-142084800	26.9
13344	-139406400	26.4
13344	-136728000	26.3
13344	-134136000	26.9
13344	-131457600	25.7
13344	-128865600	22.4
13344	-126187200	22.6
13344	-123508800	24.8
13344	-121089600	25.8
13344	-118411200	25.3
13344	-115819200	26.6
13344	-113140800	27.2
13344	-110548800	27.5
13344	-107870400	26.7
13344	-105192000	26.2
13344	-102600000	26.6
13344	-99921600	25.9
13344	-97329600	23.8
13344	-94651200	23.6
13344	-91972800	24.1
13344	-89553600	24.9
13344	-86875200	24.8
13344	-84283200	25.1
13344	-81604800	26.9
13344	-79012800	26.6
13344	-76334400	26.1
13344	-73656000	25.9
13344	-71064000	26.4
13344	-68385600	23.2
13344	-65793600	22.4
13344	-63115200	22.2
13344	-60436800	23.4
13344	-57931200	24
13344	-55252800	23
13344	-52660800	24.4
13344	-49982400	25.7
13344	-47390400	26.8
13344	-44712000	27.1
13344	-42033600	26.4
13344	-39441600	26.9
13344	-36763200	25.6
13344	-34171200	24.1
13344	-31492800	24.7
13344	-28814400	25
13344	-26395200	26.2
13344	-23716800	28.8
13344	-21124800	27.6
13344	-18446400	28.1
13344	-15854400	27.4
13344	-13176000	26.6
13344	-10497600	26.7
13344	-7905600	26.9
13344	-5227200	25.4
13344	-2635200	23.3
13344	43200	23.3
13344	2721600	24.3
13344	5140800	26.2
13344	7819200	26.3
13344	10411200	26.1
13344	13089600	28.2
13344	15681600	27.3
13344	18360000	26.2
13344	21038400	26.8
13344	23630400	27.1
13344	26308800	25.7
13344	28900800	24.4
13344	31579200	23.9
13344	34257600	24.4
13344	36676800	24.6
13344	39355200	25.1
13344	41947200	25.5
13344	44625600	26.9
13344	47217600	26.7
13344	49896000	26.1
13344	52574400	26.7
13344	55166400	26.9
13344	57844800	26
13344	60436800	23.9
13344	63115200	23.6
13344	65793600	24.9
13344	68299200	26.1
13344	70977600	24.5
13344	73569600	25.7
13344	76248000	27.6
13344	78840000	27.3
13344	81518400	27.3
13344	84196800	27.6
13344	86788800	27.7
13344	89467200	25.8
13344	92059200	25.4
13344	94737600	25.1
13344	97416000	25.5
13344	99835200	25.9
13344	102513600	26.5
13344	105105600	26.8
13344	107784000	28.7
13344	110376000	27.3
13344	113054400	26.6
13344	115732800	26.9
13344	118324800	27.5
13344	121003200	25.5
13344	123595200	24.2
13344	126273600	24.5
13344	128952000	25.3
13344	131371200	29.1
13344	134049600	24.7
13344	136641600	25.1
13344	139320000	26.9
13344	141912000	26.9
13344	144590400	26.5
13344	147268800	26.4
13344	149860800	26.5
13344	152539200	24.8
13344	155131200	23.8
13344	157809600	24.4
13344	160488000	24.2
13344	162907200	24.6
13344	165585600	26.2
13344	168177600	24.4
13344	170856000	27.3
13344	173448000	26.6
13344	176126400	26.1
13344	178804800	25.6
13344	181396800	26.8
13344	184075200	25.3
13344	186667200	23.2
13344	189345600	23.3
13344	192024000	24.5
13344	194529600	25.7
13344	197208000	25.1
13344	199800000	24.8
13344	202478400	27
13344	205070400	26.5
13344	207748800	26.5
13344	210427200	26.5
13344	213019200	28.4
13344	215697600	26.9
13344	218289600	23.4
13344	220968000	23.9
13344	223646400	25.7
13344	226065600	26.4
13344	228744000	26.2
13344	231336000	25.1
13344	234014400	27.8
13344	236606400	27.3
13344	239284800	26.9
13344	241963200	26.9
13344	244555200	27.1
13344	247233600	26.1
13344	249825600	25.7
13344	252504000	25.3
13344	255182400	24.7
13344	257601600	26.2
13344	260280000	25.5
13344	262872000	26.5
13344	265550400	27.1
13344	268142400	26.1
13344	270820800	25.4
13344	273499200	26
13344	276091200	26.3
13344	278769600	24.9
13344	281361600	23.1
13344	284040000	22.9
13344	286718400	25.4
13344	289137600	25.6
13344	291816000	27.1
13344	294408000	26.7
13344	297086400	27
13344	299678400	26.8
13344	302356800	26.5
13344	305035200	26.3
13344	307627200	27
13344	310305600	27.2
13344	312897600	26.5
13344	315576000	23.8
13344	318254400	25.8
13344	320760000	25.6
13344	323438400	26.5
13344	326030400	25.9
13344	328708800	27.1
13344	331300800	27.1
13344	333979200	27
13344	336657600	27.1
13344	339249600	27.7
13344	341928000	25.8
13344	344520000	23.8
13344	347198400	24.5
13344	349876800	24.5
13344	352296000	26.5
13344	354974400	26.3
13344	357566400	26.9
13344	360244800	28.5
13344	362836800	27.6
13344	365515200	27.1
13344	368193600	27
13344	370785600	27.4
13344	373464000	26.5
13344	376056000	24.6
13344	378734400	24.6
13344	381412800	24.5
13344	383832000	25.7
13344	386510400	26
13344	389102400	25.9
13344	391780800	27.7
13344	394372800	27.9
13344	397051200	26.8
13344	399729600	26.6
13344	402321600	25.9
13344	4.05e+08	25.2
13344	407592000	22.7
13344	410270400	24.1
13344	412948800	25.7
13344	415368000	27.4
13344	418046400	25.5
13344	420638400	26.8
13344	423316800	28.3
13344	425908800	27.9
13344	428587200	27.6
13344	431265600	27.4
13344	433857600	27.9
13344	436536000	25.9
13344	439128000	25.3
13344	441806400	24.5
13344	444484800	26.2
13344	446990400	24.7
13344	449668800	25.7
13344	452260800	27
13344	454939200	27.8
13344	457531200	26.7
13344	460209600	26.4
13344	462888000	26.6
13344	465480000	26.9
13344	468158400	25.1
13344	470750400	24.8
13344	473428800	23.5
13344	476107200	25.4
13344	478526400	26.3
13344	481204800	25.5
13344	483796800	24
13344	486475200	26.8
13344	489067200	26.6
13344	491745600	26.3
13344	494424000	25.7
13344	497016000	27
13344	499694400	25.9
13344	502286400	23.6
13344	504964800	23.4
13344	507643200	24.8
13344	510062400	26.4
13344	512740800	26.4
13344	515332800	27.2
13344	518011200	27.5
13344	520603200	27.6
13344	523281600	26.8
13344	525960000	27
13344	528552000	27.4
13344	531230400	25.3
13344	533822400	23.9
13344	536500800	23.8
13344	539179200	25.1
13344	541598400	26.5
13344	544276800	27.2
13344	546868800	27.9
13344	549547200	28.5
13344	552139200	28.8
13344	554817600	27.8
13344	557496000	27.8
13344	560088000	27.6
13344	562766400	26.5
13344	565358400	25.1
13344	568036800	24
13344	570715200	25.6
13344	573220800	27.5
13344	575899200	27.6
13344	578491200	26.2
13344	581169600	28
13344	583761600	27.8
13344	586440000	26.9
13344	589118400	27.1
13344	591710400	27.6
13344	594388800	25.8
13344	596980800	23.8
13344	599659200	24.2
13344	602337600	25.2
13344	604756800	25.9
13344	607435200	26.7
13344	610027200	26.7
13344	612705600	27.7
13344	615297600	27.2
13344	617976000	26.9
13344	620654400	26.8
13344	623246400	27.2
13344	625924800	26.3
13344	628516800	24.3
13344	631195200	24.2
13344	633873600	27.3
13344	636292800	27.8
13344	638971200	26.9
13344	641563200	27.5
13344	644241600	27.3
13344	646833600	28.1
13344	649512000	27.7
13344	652190400	27.9
13344	654782400	28
13344	657460800	26.9
13344	660052800	25.7
13344	662731200	23.8
13344	665409600	24.5
13344	667828800	26.5
13344	670507200	26.2
13344	673099200	25.7
13344	675777600	28.1
13344	678369600	27.1
13344	681048000	27
13344	683726400	27.5
13344	686318400	28
13344	688996800	27.6
13345	407592000	24.6
13345	410270400	25.6
13345	412948800	27
13345	415368000	28.4
13345	418046400	27.8
13345	420638400	29.9
13346	1280664000	26.5
13346	1283342400	26.5
13347	362836800	27.1
13347	365515200	27.4
13348	-226152000	27.2
13348	-223560000	23.4
13348	-220881600	24.5
13348	-218203200	25.6
13348	-215784000	27.2
13348	-213105600	25.1
13348	-210513600	26.4
13348	-207835200	28.1
13348	-205243200	27.8
13348	-202564800	27.4
13348	-199886400	27.8
13348	-197294400	27
13348	-194616000	26.3
13348	-192024000	23
13348	-189345600	24.1
13348	-186667200	26.5
13348	-184161600	26
13348	-181483200	26
13348	-178891200	28.6
13348	-176212800	28.4
13348	-173620800	27.8
13348	-170942400	26.8
13348	-168264000	26.4
13348	-165672000	27
13348	-162993600	26.3
13348	-160401600	22.8
13348	-157723200	21.2
13348	-155044800	23.4
13348	-152625600	26.3
13348	-149947200	25.6
13349	-912427200	27.2
13349	-910008000	28.7
13349	-907329600	29.9
13349	-904737600	31.1
13349	-902059200	29.5
13349	-899467200	30.1
13349	-896788800	30
13349	-894110400	29
13349	-891518400	31.2
13349	-888840000	29.2
13349	-886248000	26.5
13349	-883569600	24.9
13349	-880891200	25.9
13349	-878472000	29.1
13349	-875793600	30
13349	-873201600	30.6
13349	-870523200	30.6
13349	-867931200	29.2
13349	-865252800	26.9
13349	-862574400	28.1
13349	-859982400	29.2
13349	-857304000	28.4
13349	-854712000	25.2
13349	-852033600	23.7
13349	-849355200	26.1
13349	-846936000	27.7
13350	420638400	27.7
13350	423316800	28.2
13350	425908800	27.2
13351	694267200	25
13351	696945600	25.2
13351	699451200	27.5
13351	702129600	26.7
13351	704721600	26.7
13351	707400000	27.4
13351	709992000	26.7
13351	712670400	27.1
13351	715348800	26.4
13351	717940800	27.4
13351	720619200	26.9
13351	723211200	25.2
13351	725889600	24.9
13351	728568000	25.7
13351	730987200	26
13351	733665600	26.3
13351	736257600	27.8
13352	436536000	28.1
13352	439128000	26.2
13352	441806400	25.4
13352	444484800	27.4
13352	446990400	27.7
13352	449668800	27.2
13353	370785600	27.7
13353	373464000	26.8
13353	376056000	24
13353	378734400	21.1
13353	381412800	19.2
13354	352296000	28.8
13354	354974400	28.7
13354	357566400	29.3
13355	-838987200	29.6
13355	-836395200	28
13355	-833716800	27
13355	-831038400	27.7
13355	-828446400	28.6
13355	-825768000	27
13355	-823176000	23.6
13355	-820497600	24.8
13355	-817819200	26.4
13355	-815313600	27.8
13355	-812635200	29.5
13355	-810043200	30.8
13355	-807364800	30.3
13355	-804772800	29.3
13355	-802094400	27.9
13355	-799416000	27.5
13355	-796824000	28.7
13355	-794145600	28.3
13355	-791553600	24.2
13355	-788875200	25.6
13355	-786196800	27.6
13355	-783777600	29.2
13355	-781099200	30.9
13355	-778507200	29.5
13355	-775828800	30
13355	-773236800	28.8
13355	-770558400	27.6
13355	-767880000	27.8
13355	-765288000	29
13355	-762609600	28.2
13355	-760017600	26.4
13355	-757339200	23.4
13355	-754660800	26.8
13355	-752241600	29.3
13355	-749563200	29.2
13355	-746971200	30.8
13355	-744292800	29.9
13355	-741700800	29.1
13355	-739022400	27.8
13355	-736344000	27.8
13355	-733752000	28.7
13355	-731073600	27.6
13355	-728481600	24.8
13355	-725803200	24.2
13355	-723124800	26.3
13355	-720705600	29.4
13355	-718027200	29.7
13355	-715435200	30.3
13355	-712756800	30
13355	-710164800	28.9
13355	-707486400	27.6
13355	-704808000	27.9
13355	-702216000	28.9
13355	-699537600	27.3
13355	-696945600	25.9
13355	-694267200	24
13355	-691588800	27.4
13355	-689083200	29.5
13355	-686404800	27.8
13355	-683812800	30.6
13355	-681134400	29.2
13355	-678542400	28.5
13355	-675864000	27.6
13355	-673185600	28.1
13355	-670593600	29
13355	-667915200	27.1
13355	-665323200	24.7
13355	-662644800	24.2
13355	-659966400	25.9
13355	-657547200	27.3
13355	-654868800	30.3
13355	-652276800	29.4
13355	-649598400	29.7
13355	-647006400	28
13355	-644328000	27.3
13355	-641649600	28.4
13355	-639057600	29.2
13355	-636379200	27.3
13355	-633787200	26.1
13355	-631108800	23.5
13355	-628430400	25.9
13355	-626011200	29.3
13355	-623332800	29.5
13355	-620740800	30.1
13355	-618062400	29.8
13355	-615470400	28.3
13355	-612792000	27
13355	-610113600	27.4
13355	-607521600	27.7
13355	-604843200	26.5
13355	-602251200	24.3
13355	-599572800	24.3
13355	-596894400	25.7
13355	-594475200	27.9
13355	-591796800	29.3
13355	-589204800	30.5
13355	-586526400	29.8
13355	-583934400	28.8
13355	-581256000	27.6
13355	-578577600	27.9
13355	-575985600	27.6
13355	-573307200	27
13355	-570715200	23.8
13355	-568036800	22.7
13355	-565358400	25.6
13355	-562852800	28.2
13355	-560174400	29.3
13355	-557582400	30.1
13355	-554904000	30.4
13355	-552312000	28.1
13355	-549633600	27.4
13355	-546955200	27.3
13355	-544363200	28.1
13355	-541684800	27.5
13355	-539092800	24.3
13355	-536414400	25.8
13355	-533736000	25.7
13355	-531316800	27.7
13355	-528638400	28.3
13355	-526046400	28.9
13355	-523368000	29.3
13355	-520776000	27.6
13355	-518097600	27.6
13355	-515419200	27.5
13355	-512827200	28.2
13355	-510148800	27.3
13355	-507556800	24.7
13355	-504878400	24.4
13355	-502200000	23.8
13355	-499780800	28.5
13355	-497102400	29.6
13355	-494510400	30.2
13355	-491832000	29.3
13355	-489240000	27.8
13355	-486561600	26.7
13355	-483883200	28.2
13355	-481291200	29.2
13355	-478612800	28.3
13355	-476020800	25.8
13355	-473342400	24.7
13355	-470664000	27.1
13355	-468244800	27.9
13355	-465566400	30.2
13355	-462974400	30.1
13355	-460296000	29.7
13355	-457704000	27.6
13355	-455025600	27.3
13355	-452347200	27.4
13355	-449755200	28.8
13355	-447076800	28.6
13355	-444484800	24.9
13355	-441806400	25.4
13355	-439128000	25.5
13355	-436622400	27.8
13355	-433944000	29.1
13355	-431352000	30.3
13355	-428673600	29
13355	-426081600	28.2
13355	-423403200	27.3
13355	-420724800	27.6
13355	-418132800	28.5
13355	-415454400	27.8
13355	-412862400	24.6
13355	-410184000	23.9
13355	-407505600	26.9
13355	-405086400	28.4
13355	-402408000	29.1
13355	-399816000	28.6
13355	-397137600	29.7
13355	-394545600	28.4
13355	-391867200	27.8
13355	-389188800	27.7
13355	-386596800	28
13355	-383918400	27.8
13355	-381326400	25.3
13355	-378648000	25.4
13355	-375969600	27.2
13355	-373550400	29.1
13355	-370872000	30.3
13355	-368280000	30.5
13355	-365601600	30.4
13355	-363009600	29
13355	-360331200	27
13355	-357652800	28.5
13355	-355060800	29
13355	-352382400	28
13355	-349790400	24.4
13355	-347112000	25.1
13355	-344433600	26.3
13355	-342014400	27.8
13355	-339336000	29.1
13355	-336744000	29.9
13355	-334065600	29.9
13355	-331473600	29.3
13355	-328795200	27.9
13355	-326116800	28.4
13355	-323524800	29.5
13355	-320846400	27.9
13355	-318254400	24.9
13355	-315576000	25
13355	-312897600	28
13355	-310392000	27.7
13355	-307713600	29.4
13355	-305121600	30.7
13355	-302443200	30.3
13355	-299851200	28.9
13355	-297172800	28.5
13355	-294494400	28.8
13355	-291902400	29.6
13355	-289224000	28.4
13355	-286632000	24.3
13356	431265600	26.7
13356	433857600	27.7
13357	744206400	27.1
13357	746884800	27.1
13358	454939200	27.9
13358	457531200	27.1
13358	460209600	26.9
13358	462888000	27
13358	465480000	28
13358	468158400	27
13359	386510400	20.8
13359	389102400	21.5
13359	391780800	24.6
13359	394372800	26.8
13359	397051200	26.9
13359	399729600	27.8
13359	402321600	27.3
13359	4.05e+08	25.4
13359	407592000	21.2
13359	410270400	21.7
13359	412948800	21.8
13359	415368000	22.3
13359	418046400	21.6
13359	420638400	22.2
13360	362836800	27.2
13360	365515200	28
13360	368193600	28.6
13360	370785600	29.8
13360	373464000	28.4
13360	376056000	25.2
13360	378734400	24
13360	381412800	24.5
13360	383832000	26.6
13360	386510400	27.4
13360	389102400	27.7
13360	391780800	29.6
13360	394372800	29.2
13361	439128000	24.3
13361	441806400	24.5
13361	444484800	25.9
13361	446990400	25.9
13361	449668800	26.4
13361	452260800	27.7
13361	454939200	27.4
13361	457531200	26.5
13361	460209600	26.8
13361	462888000	26.6
13361	465480000	27.2
13361	468158400	25.7
13361	470750400	23.9
13361	473428800	24.4
13361	476107200	25.4
13361	478526400	27.2
13361	481204800	26.7
13362	754747200	24.9
13362	757425600	23.6
13362	760104000	26.7
13362	762523200	27.2
13362	765201600	26.7
13362	767793600	30.5
13362	770472000	28.2
13362	773064000	28.7
13362	775742400	26.5
13362	778420800	27
13362	781012800	27.3
13362	783691200	26.8
13362	786283200	25.3
13362	788961600	24.6
13362	791640000	20.7
13362	794059200	29.1
13362	796737600	26.1
13362	799329600	25.1
13362	802008000	27.5
13362	804600000	26.9
13363	473428800	26
13363	476107200	26.8
13363	478526400	28.6
13364	425908800	27.6
13364	428587200	27.7
13364	431265600	27.8
13364	433857600	28.3
13364	436536000	26.5
13364	439128000	21.3
13364	441806400	19.5
13364	444484800	20.8
13364	446990400	20.1
13364	449668800	21.4
13364	452260800	23.5
13364	454939200	25.9
13364	457531200	26.9
13365	399729600	28.6
13365	402321600	29.1
13365	4.05e+08	27.7
13365	407592000	24
13365	410270400	25.5
13365	412948800	27.2
13365	415368000	29.5
13365	418046400	27.7
13366	-273585600	31.2
13366	-270907200	30.4
13367	486475200	27.6
13367	489067200	26.5
13367	491745600	26.4
13367	494424000	26.4
13367	497016000	27.9
13368	462888000	27.6
13368	465480000	27
13368	468158400	25.1
13368	470750400	21.5
13368	473428800	18.6
13368	476107200	19.8
13368	478526400	19.6
13368	481204800	20.1
13368	483796800	20.8
13368	486475200	24.3
13368	489067200	26.4
13368	491745600	27
13368	494424000	26.9
13368	497016000	27.3
13368	499694400	24.6
13368	502286400	22.7
13368	504964800	18.1
13368	507643200	19
13368	510062400	19.4
13368	512740800	21.1
13368	515332800	22.6
13368	518011200	24.4
13368	520603200	26.6
13368	523281600	27.1
13368	525960000	27
13368	528552000	27.3
13368	531230400	24.4
13368	533822400	21.6
13368	536500800	20.1
13368	539179200	19.8
13368	541598400	21.4
13368	544276800	22.9
13368	546868800	24.2
13368	549547200	26.5
13368	552139200	27.4
13368	554817600	27.7
13368	557496000	27.3
13368	560088000	27.5
13368	562766400	25.7
13368	565358400	23.7
13368	568036800	19.7
13368	570715200	19.7
13368	573220800	21.9
13368	575899200	21.7
13368	578491200	23.1
13368	581169600	24.9
13368	583761600	26.9
13368	586440000	27.1
13368	589118400	27.1
13368	591710400	26.6
13368	594388800	25.2
13368	596980800	22
13368	599659200	20.2
13368	602337600	20.4
13368	604756800	20.1
13368	607435200	19.7
13368	610027200	22.8
13368	612705600	26
13368	615297600	27.1
13368	617976000	26.7
13368	620654400	27.7
13368	623246400	27.2
13368	625924800	23.6
13368	628516800	23.3
13368	631195200	19.3
13368	633873600	21.3
13368	636292800	22.7
13368	638971200	20.8
13368	641563200	22
13368	644241600	24.3
13368	646833600	26.5
13368	649512000	27.6
13368	652190400	28.2
13368	654782400	28.1
13368	657460800	25.9
13368	660052800	21.9
13368	662731200	20.7
13368	665409600	20.2
13368	667828800	19.7
13368	670507200	20.6
13368	673099200	21.1
13368	675777600	24.1
13368	678369600	26.5
13368	681048000	27.2
13368	683726400	27.7
13368	686318400	27.4
13368	688996800	26.7
13368	691588800	24.6
13368	694267200	22.6
13368	696945600	21
13368	699451200	20.3
13368	702129600	20.4
13368	704721600	22.9
13368	707400000	25.4
13368	709992000	26.6
13368	712670400	26.9
13368	715348800	27.5
13368	717940800	26.6
13368	720619200	25.8
13368	723211200	23.4
13368	725889600	21
13368	728568000	19.9
13368	730987200	20.8
13368	733665600	22
13368	736257600	22.9
13368	738936000	25.7
13368	741528000	27.2
13368	744206400	27.9
13368	746884800	27.7
13368	749476800	27.6
13368	752155200	23.4
13368	754747200	22.4
13368	757425600	20.1
13368	760104000	19.9
13368	762523200	20.3
13368	765201600	21.5
13368	767793600	22.3
13368	770472000	25
13368	773064000	26.8
13368	775742400	27
13368	778420800	27.2
13368	781012800	27.2
13368	783691200	26.1
13368	786283200	24.4
13368	788961600	21.2
13368	791640000	21.2
13368	794059200	20
13368	796737600	20.8
13368	799329600	23.2
13368	802008000	25.7
13368	804600000	28.1
13368	807278400	27.7
13368	809956800	27.8
13368	812548800	27.1
13368	815227200	26.5
13368	817819200	23.5
13368	820497600	21.4
13368	823176000	20.2
13368	825681600	20.7
13368	828360000	21.9
13368	830952000	21.9
13368	833630400	26
13368	836222400	27.3
13368	838900800	27.6
13368	841579200	27.4
13368	844171200	28.1
13368	846849600	25.7
13368	849441600	23.3
13368	852120000	21.8
13368	854798400	23
13368	857217600	21.9
13368	859896000	21.3
13368	862488000	23.5
13368	865166400	26.3
13368	867758400	27
13368	870436800	27.5
13368	873115200	28
13368	875707200	28.4
13368	878385600	27.4
13368	880977600	23.8
13368	883656000	23
13368	886334400	23.2
13368	888753600	23.1
13368	891432000	22.7
13368	894024000	23
13368	896702400	25.2
13368	899294400	26.7
13368	901972800	27.6
13368	904651200	27.8
13368	907243200	28.3
13368	909921600	27.1
13368	912513600	23.8
13368	915192000	19.3
13368	917870400	19.1
13368	920289600	19.4
13368	922968000	20.9
13368	925560000	23.2
13368	928238400	26.7
13368	930830400	28.2
13368	933508800	27.5
13368	936187200	27.7
13368	938779200	27.6
13368	941457600	25.2
13368	944049600	23.3
13368	946728000	20.6
13368	949406400	21.2
13368	951912000	22.4
13368	954590400	21.9
13368	957182400	21.9
13368	959860800	25.8
13368	962452800	26.9
13368	965131200	27.4
13368	967809600	28
13368	970401600	26.9
13368	973080000	25.5
13368	975672000	23.4
13368	978350400	20.5
13368	981028800	21.1
13368	983448000	20.1
13368	986126400	21.6
13368	988718400	27.5
13368	991396800	26.2
13368	993988800	27.5
13368	996667200	28.2
13368	999345600	28.1
13368	1001937600	28.8
13368	1004616000	27.5
13368	1007208000	25.7
13368	1009886400	22.1
13368	1012564800	21.2
13368	1014984000	20.6
13368	1017662400	20.4
13368	1020254400	22.6
13368	1022932800	26
13368	1025524800	27.5
13368	1028203200	27.8
13368	1030881600	28.1
13368	1033473600	28
13368	1036152000	26.1
13368	1038744000	24.5
13368	1041422400	20.9
13368	1044100800	19.2
13368	1046520000	21.5
13368	1049198400	21.9
13368	1051790400	23.5
13368	1054468800	25.4
13368	1057060800	27.1
13368	1059739200	27.7
13368	1062417600	28.2
13368	1065009600	28.6
13368	1067688000	26.5
13368	1070280000	24.6
13368	1072958400	21.4
13368	1075636800	21.5
13368	1078142400	21.7
13368	1080820800	21.7
13368	1083412800	22.2
13368	1086091200	25.5
13368	1088683200	27.4
13368	1091361600	27.9
13368	1094040000	28.1
13368	1096632000	28.7
13368	1099310400	26.8
13368	1101902400	22.9
13368	1104580800	21.6
13368	1107259200	20.2
13368	1109678400	22.1
13368	1112356800	22.5
13368	1114948800	25.7
13368	1117627200	27
13368	1120219200	27.9
13368	1122897600	28
13368	1125576000	27.8
13368	1128168000	28.4
13368	1130846400	27.2
13368	1133438400	26.5
13369	423316800	29.7
13369	425908800	30
13369	428587200	29.1
13369	431265600	29.2
13369	433857600	30.3
13369	436536000	28.4
13369	439128000	25
13369	441806400	24.5
13369	444484800	26.4
13369	446990400	25.9
13369	449668800	27.3
13369	452260800	29.7
13369	454939200	29.3
13369	457531200	28.7
13369	460209600	29.3
13369	462888000	28.6
13369	465480000	29.3
13369	468158400	27.7
13369	470750400	24.8
13369	473428800	23.6
13369	476107200	26.7
13369	478526400	27.7
13369	481204800	27.3
13369	483796800	27.7
13370	504964800	23.2
13370	507643200	25
13371	841579200	27.6
13371	844171200	28.1
13371	846849600	26.6
13371	849441600	24.9
13371	852120000	25.8
13371	854798400	27.9
13371	857217600	27.6
13371	859896000	26.2
13371	862488000	28.2
13371	865166400	28.2
13371	867758400	27.8
13371	870436800	27.6
13371	873115200	27.4
13371	875707200	28.8
13371	878385600	28
13372	497016000	28.2
13372	499694400	27.9
13372	502286400	25.2
13372	504964800	24.8
13372	507643200	26.8
13372	510062400	28
13372	512740800	27.4
13372	515332800	28.2
13373	1138795200	19.9
13373	1141214400	21.2
13373	1143892800	22.2
13373	1146484800	22.8
13373	1149163200	26.3
13373	1151755200	27.7
13373	1154433600	28.1
13373	1157112000	28
13373	1159704000	28.1
13373	1162382400	27.3
13373	1164974400	23
13373	1167652800	22.4
13373	1170331200	21.3
13374	489067200	28.5
13374	491745600	28.1
13374	494424000	27.8
13374	497016000	29.5
13374	499694400	27.9
13374	502286400	24.2
13374	504964800	23.2
13374	507643200	25.1
13374	510062400	27
13374	512740800	29.4
13374	515332800	28.6
13374	518011200	29
13374	520603200	29.2
13374	523281600	28.7
13374	525960000	27.8
13374	528552000	29.3
13374	531230400	27.3
13374	533822400	24.8
13374	536500800	24.1
13374	539179200	26.4
13374	541598400	28
13374	544276800	28
13374	546868800	30.2
13374	549547200	30.6
13374	552139200	30.2
13374	554817600	28.8
13374	557496000	28.4
13374	560088000	28.7
13374	562766400	28.1
13374	565358400	25.5
13374	568036800	23.7
13374	570715200	26.1
13374	573220800	29.2
13374	575899200	29.6
13374	578491200	29.3
13374	581169600	29.4
13374	583761600	29.4
13374	586440000	28.1
13374	589118400	28.3
13374	591710400	29.6
13374	594388800	27.1
13374	596980800	24.5
13374	599659200	24.7
13374	602337600	26.4
13374	604756800	27.3
13374	607435200	27.8
13374	610027200	27.8
13374	612705600	29.6
13374	615297600	28
13374	617976000	27.3
13374	620654400	28.6
13375	-252417600	25.5
13375	-249739200	27.8
13375	-247320000	29.8
13376	512740800	26.9
13376	515332800	27.6
13376	518011200	27.9
13376	520603200	26.9
13376	523281600	26.1
13376	525960000	26.4
13376	528552000	27.1
13376	531230400	24.8
13376	533822400	22.7
13376	536500800	23.5
13376	539179200	25
13376	541598400	26.7
13377	525960000	26.8
13377	528552000	27.6
13377	531230400	26.8
13378	1175428800	21.5
13378	1178020800	23.1
13378	1180699200	24.8
13378	1183291200	26.5
13378	1185969600	27.3
13378	1188648000	27.8
13378	1191240000	27.9
13378	1193918400	26.5
13378	1196510400	23.2
13378	1199188800	22.9
13378	1201867200	22.7
13378	1204372800	22.7
13378	1207051200	22.8
13378	1209643200	24
13378	1212321600	26.3
13378	1214913600	28
13378	1217592000	27.7
13378	1220270400	28
13378	1222862400	27.6
13378	1225540800	25.1
13378	1228132800	22.3
13378	1230811200	20.2
13378	1233489600	24.7
13378	1235908800	21.3
13378	1238587200	20.9
13378	1241179200	22.7
13378	1243857600	25.8
13378	1246449600	28
13378	1249128000	27.8
13378	1251806400	27.9
13378	1254398400	27.2
13378	1257076800	26.4
13378	1259668800	23.8
13378	1262347200	22
13378	1265025600	22.3
13378	1267444800	22.8
13378	1270123200	23.2
13378	1272715200	24
13378	1275393600	26.6
13378	1277985600	28.1
13378	1280664000	28.3
13378	1283342400	27.9
13378	1285934400	28.1
13378	1288612800	27
13378	1291204800	25.4
13378	1293883200	23.6
13378	1296561600	20.8
13378	1298980800	20.1
13378	1301659200	21.7
13378	1304251200	22.4
13378	1306929600	26
13378	1309521600	27.5
13378	1312200000	28
13378	1314878400	28.2
13378	1317470400	28.7
13378	1320148800	26
13378	1322740800	24.4
13378	1325419200	21.7
13378	1328097600	19.7
13378	1330603200	21.5
13378	1333281600	21
13378	1335873600	23.4
13378	1338552000	26
13378	1341144000	27.5
13378	1343822400	27.8
13378	1346500800	28
13378	1349092800	28.6
13378	1351771200	27.3
13378	1354363200	23.1
13378	1357041600	21.7
13378	1359720000	21.7
13378	1362139200	21.5
13378	1364817600	21.4
13378	1367409600	24.3
13378	1370088000	26
13378	1372680000	27.9
13378	1375358400	27.6
13378	1378036800	27.9
13378	1380628800	28.6
13378	1383307200	26.1
13378	1385899200	23.1
13378	1388577600	20.7
13378	1391256000	19.3
13378	1393675200	20.2
13378	1396353600	21.4
13378	1398945600	22.8
13378	1401624000	25.5
13378	1404216000	27.8
13378	1406894400	28.2
13378	1409572800	28.3
13378	1412164800	28.8
13378	1414843200	26.6
13378	1417435200	23.7
13378	1420113600	20.8
13378	1422792000	19.6
13378	1425211200	20.8
13378	1427889600	21.2
13378	1430481600	24.3
13379	625924800	27.5
13379	628516800	25.3
13379	631195200	23.6
13379	633873600	28.1
13379	636292800	29.5
13379	638971200	28.1
13379	641563200	29.9
13379	644241600	28.8
13379	646833600	28.8
13379	649512000	28.8
13379	652190400	29
13379	654782400	29.3
13379	657460800	27.7
13379	660052800	25.2
13379	662731200	24.9
13379	665409600	25.6
13379	667828800	26.6
13379	670507200	28.1
13379	673099200	27.3
13379	675777600	29.3
13379	678369600	29.6
13379	681048000	29.3
13379	683726400	28.3
13379	686318400	28.5
13379	688996800	28
13379	691588800	26.7
13379	694267200	25
13379	696945600	24.9
13379	699451200	28.1
13379	702129600	27.4
13379	704721600	28.5
13379	707400000	29.6
13379	709992000	28.6
13379	712670400	28.8
13379	715348800	28.6
13379	717940800	29.2
13379	720619200	27.9
13379	723211200	25.3
13379	725889600	24.6
13379	728568000	26
13379	730987200	27.2
13379	733665600	28.1
13379	736257600	29.6
13379	738936000	30.9
13379	741528000	29.1
13379	744206400	28.4
13379	746884800	28.3
13379	749476800	29.3
13379	752155200	27.2
13379	754747200	24.7
13379	757425600	22.8
13379	760104000	26.2
13379	762523200	22.7
13379	765201600	28.4
13379	767793600	28.4
13379	770472000	28.7
13379	773064000	28.7
13379	775742400	27.5
13379	778420800	28.1
13379	781012800	28.8
13379	783691200	28.4
13379	786283200	25.7
13379	788961600	24.2
13379	791640000	27.2
13379	794059200	26
13379	796737600	26.9
13379	799329600	28.9
13379	802008000	29.3
13379	804600000	29.6
13379	807278400	28
13379	809956800	28.3
13379	812548800	29.6
13379	815227200	28.2
13379	817819200	25.3
13379	820497600	25.6
13379	823176000	27.3
13379	825681600	26.8
13379	828360000	28.2
13379	830952000	29.9
13379	833630400	29.4
13379	836222400	29.3
13379	838900800	28.5
13379	841579200	29
13379	844171200	29.7
13379	846849600	29.6
13379	849441600	25.7
13379	852120000	25.9
13379	854798400	28.7
13379	857217600	27.3
13379	859896000	27.4
13379	862488000	30
13379	865166400	29.2
13379	867758400	29
13379	870436800	28.2
13379	873115200	28.5
13379	875707200	29.9
13379	878385600	28.8
13379	880977600	25
13379	883656000	25.3
13379	886334400	28.6
13379	888753600	29.1
13379	891432000	29.6
13379	894024000	30.6
13379	896702400	30
13379	899294400	29.4
13379	901972800	27.9
13379	904651200	28.4
13379	907243200	29.9
13379	909921600	27.9
13379	912513600	25.9
13379	915192000	22.9
13379	917870400	25.3
13379	920289600	26.7
13379	922968000	28.4
13379	925560000	29.2
13379	928238400	29.9
13379	930830400	28.3
13379	933508800	27.2
13379	936187200	27.2
13379	938779200	28.6
13379	941457600	27.7
13379	944049600	24.2
13379	946728000	24.6
13379	949406400	26.9
13379	951912000	27.8
13379	954590400	28.8
13379	957182400	27.7
13379	959860800	28.5
13379	962452800	27.8
13379	965131200	26.9
13379	967809600	27.1
13379	970401600	26.9
13379	973080000	26.4
13379	975672000	23.4
13380	546868800	28.6
13380	549547200	28.5
13380	552139200	28.8
13380	554817600	26.9
13380	557496000	27
13380	560088000	27.4
13380	562766400	26.6
13380	565358400	24.3
13380	568036800	23.5
13380	570715200	26.1
13380	573220800	26.9
13380	575899200	27.3
13380	578491200	27.5
13380	581169600	27.8
13380	583761600	27
13380	586440000	26.2
13380	589118400	26.9
13380	591710400	27.6
13380	594388800	26.2
13380	596980800	25.3
13380	599659200	23.5
13380	602337600	25.5
13380	604756800	25.8
13380	607435200	26.3
13380	610027200	26.3
13380	612705600	28.1
13380	615297600	26.9
13380	617976000	26.4
13380	620654400	26.5
13380	623246400	26.9
13380	625924800	25.8
13380	628516800	25.6
13380	631195200	23.6
13380	633873600	25.6
13380	636292800	27.6
13380	638971200	26.9
13380	641563200	28.9
13380	644241600	27.6
13380	646833600	26.9
13380	649512000	26.6
13380	652190400	26.9
13380	654782400	27.6
13380	657460800	26.3
13380	660052800	24.9
13380	662731200	24.6
13380	665409600	25.4
13380	667828800	26.5
13380	670507200	26
13380	673099200	25.6
13380	675777600	28.2
13380	678369600	27.4
13380	681048000	27.1
13380	683726400	26.9
13380	686318400	27
13380	688996800	26.9
13380	691588800	25.6
13380	694267200	24.1
13380	696945600	24.9
13380	699451200	27
13380	702129600	26.8
13380	704721600	27.2
13380	707400000	28.4
13380	709992000	26.6
13380	712670400	26.4
13380	715348800	26.6
13380	717940800	27.6
13380	720619200	26
13380	723211200	24.7
13380	725889600	24.5
13380	728568000	25.5
13380	730987200	26.1
13380	733665600	26.5
13380	736257600	28
13380	738936000	28.4
13380	741528000	27.2
13380	744206400	26.5
13380	746884800	26.9
13380	749476800	27.3
13380	752155200	25.6
13380	754747200	23.7
13380	757425600	22.8
13380	760104000	25.8
13380	762523200	26.7
13380	765201600	27
13380	767793600	26.6
13380	770472000	27.6
13380	773064000	26.9
13380	775742400	26.5
13380	778420800	26.6
13380	781012800	27
13380	783691200	26.7
13380	786283200	24.3
13380	788961600	23.9
13380	791640000	26.1
13380	794059200	26.1
13380	796737600	26.5
13380	799329600	27.4
13380	802008000	29.6
13380	804600000	27.3
13380	807278400	26.7
13380	809956800	27
13380	812548800	27.8
13380	815227200	28.4
13380	817819200	25.1
13380	820497600	24.9
13380	823176000	25.7
13380	825681600	26.1
13380	828360000	26.4
13380	830952000	26.4
13380	833630400	28.5
13380	836222400	27.3
13380	838900800	26.8
13380	841579200	27.1
13380	844171200	27.7
13380	846849600	27
13380	849441600	24.8
13380	852120000	25.5
13380	854798400	26.8
13380	857217600	27.2
13380	859896000	26.4
13380	862488000	28.1
13380	865166400	28
13380	867758400	28.7
13380	870436800	26.9
13380	873115200	26.9
13380	875707200	28
13380	878385600	27.3
13380	880977600	24.3
13380	883656000	24.7
13380	886334400	27.7
13380	888753600	28.3
13380	891432000	27.9
13380	894024000	27.3
13380	896702400	28.6
13380	899294400	27.5
13380	901972800	27
13380	904651200	26.9
13380	907243200	28.3
13380	909921600	26.8
13380	912513600	24.6
13380	915192000	25.6
13380	917870400	27
13380	920289600	26.8
13380	922968000	26.2
13380	925560000	29.3
13380	928238400	28.3
13380	930830400	27.6
13380	933508800	27.3
13380	936187200	26.8
13380	938779200	27.1
13380	941457600	27.1
13380	944049600	25.6
13380	946728000	25.4
13380	949406400	25.9
13380	951912000	26.9
13380	954590400	29
13380	957182400	27.8
13380	959860800	27.8
13380	962452800	27.5
13380	965131200	27.3
13380	967809600	26.7
13380	970401600	27.2
13380	973080000	26.1
13380	975672000	24
13380	978350400	24.2
13380	981028800	26.2
13380	983448000	26.6
13381	888753600	28.2
13381	891432000	27.1
13381	894024000	27.6
13382	536500800	26.2
13382	539179200	26.5
13383	-234100800	27.6
13383	-231422400	28.5
13384	544276800	27.8
13384	546868800	29.2
13385	1101902400	26.3
13385	1104580800	25.3
13385	1107259200	25.3
13385	1109678400	29
13385	1112356800	29.2
13386	-226152000	29.1
13386	-223560000	25.8
13386	-220881600	26.4
13386	-218203200	28.7
13386	-215784000	29.6
13386	-213105600	29.2
13386	-210513600	30.4
13386	-207835200	31.2
13386	-205243200	29.1
13386	-202564800	28.2
13386	-199886400	28.9
13386	-197294400	28
13386	-194616000	28.1
13386	-192024000	24.6
13386	-189345600	25.7
13386	-186667200	28.2
13386	-184161600	28.5
13386	-181483200	29.8
13386	-178891200	31.4
13386	-176212800	30.5
13386	-173620800	29.1
13386	-170942400	27.7
13386	-168264000	27.4
13386	-165672000	28.8
13386	-162993600	27.8
13386	-160401600	24.6
13386	-157723200	22.6
13386	-155044800	25.8
13386	-152625600	29.2
13386	-149947200	29
13386	-147355200	30.5
13387	1009886400	25.1
13387	1012564800	26.5
13388	-142084800	29.8
13388	-139406400	28.1
13388	-136728000	27.9
13388	-134136000	28.7
13388	-131457600	28.2
13388	-128865600	24.4
13388	-126187200	25.2
13388	-123508800	28.1
13388	-121089600	28.6
13388	-118411200	30.1
13388	-115819200	30.9
13388	-113140800	29.7
13388	-110548800	30
13388	-107870400	29.1
13388	-105192000	27.7
13388	-102600000	28
13388	-99921600	27.8
13388	-97329600	25.1
13388	-94651200	25.2
13388	-91972800	25.9
13388	-89553600	28.4
13388	-86875200	28.9
13388	-84283200	29.6
13388	-81604800	29.7
13388	-79012800	28.4
13388	-76334400	27.8
13388	-73656000	27.5
13388	-71064000	28.2
13388	-68385600	26.7
13388	-65793600	23
13388	-63115200	23
13388	-60436800	25.6
13388	-57931200	27.3
13388	-55252800	25.3
13388	-52660800	29.3
13388	-49982400	28.7
13388	-47390400	28.4
13388	-44712000	28.9
13388	-42033600	27.9
13388	-39441600	29.3
13388	-36763200	28.7
13388	-34171200	26.3
13388	-31492800	26.6
13388	-28814400	27.9
13388	-26395200	29.7
13388	-23716800	30.7
13388	-21124800	30.6
13388	-18446400	32.2
13388	-15854400	28.2
13388	-13176000	27.9
13388	-10497600	28.4
13388	-7905600	28.4
13388	-5227200	27.7
13388	-2635200	25.4
13388	43200	25.3
13388	2721600	27.6
13388	5140800	28.9
13388	7819200	30.7
13388	10411200	30.1
13388	13089600	30.8
13388	15681600	29.6
13388	18360000	28.1
13388	21038400	28
13388	23630400	30.6
13388	26308800	28.4
13388	28900800	26.5
13388	31579200	24.9
13388	34257600	26.4
13388	36676800	27
13388	39355200	28.8
13388	41947200	29.3
13388	44625600	28.7
13388	47217600	27.9
13388	49896000	26.5
13388	52574400	27.3
13388	55166400	28.7
13388	57844800	26.7
13388	60436800	25.1
13388	63115200	24.2
13388	65793600	25.8
13388	68299200	27.4
13388	70977600	27.8
13388	73569600	29.2
13388	76248000	28.7
13388	78840000	29
13388	81518400	29
13388	84196800	28.1
13388	86788800	29.2
13388	89467200	29.2
13388	92059200	25.3
13388	94737600	25.3
13388	97416000	26.8
13388	99835200	28.3
13388	102513600	29.8
13388	105105600	28.5
13388	107784000	30.4
13388	110376000	28.3
13388	113054400	27.6
13388	115732800	28.3
13388	118324800	29.5
13388	121003200	28.3
13388	123595200	24.6
13388	126273600	24.6
13388	128952000	26.4
13388	131371200	27.1
13388	134049600	28
13388	136641600	29
13388	139320000	28.6
13388	141912000	28
13388	144590400	27.5
13388	147268800	27.6
13388	149860800	28.4
13388	152539200	26.8
13388	155131200	25.2
13388	157809600	25
13388	160488000	26.4
13388	162907200	27.2
13388	165585600	29.1
13388	168177600	29.8
13388	170856000	29.2
13388	173448000	27.3
13388	176126400	27.9
13388	178804800	26.9
13388	181396800	28.7
13388	184075200	26.3
13388	186667200	25.4
13388	189345600	23.2
13388	192024000	25.9
13388	194529600	27.9
13388	197208000	29.4
13388	199800000	28.4
13388	202478400	28.9
13388	205070400	28.5
13388	207748800	28.2
13388	210427200	28.1
13388	213019200	28.3
13388	215697600	27.9
13388	218289600	24.9
13388	220968000	25.7
13388	223646400	27.6
13388	226065600	29.8
13388	228744000	29.9
13388	231336000	29.3
13388	234014400	29.6
13388	236606400	29.1
13388	239284800	28.6
13388	241963200	27.8
13388	244555200	29.6
13388	247233600	27.8
13388	249825600	26.6
13388	252504000	26.1
13388	255182400	26.6
13388	257601600	28.6
13388	260280000	29
13388	262872000	30.1
13388	265550400	29.5
13388	268142400	28.7
13388	270820800	27.8
13388	273499200	27.8
13388	276091200	28.7
13388	278769600	27.3
13388	281361600	24
13388	284040000	24.9
13388	286718400	27.8
13388	289137600	28.9
13388	291816000	30.2
13388	294408000	29.6
13388	297086400	28.9
13388	299678400	28.5
13388	302356800	28.3
13388	305035200	28.7
13388	307627200	29.3
13388	310305600	28.9
13388	312897600	26.6
13388	315576000	25.3
13388	318254400	27.7
13388	320760000	28.4
13388	323438400	30.2
13388	326030400	30.1
13388	328708800	29.1
13388	331300800	29
13388	333979200	28.3
13388	336657600	28.5
13388	339249600	29.3
13388	341928000	27.8
13388	344520000	24.7
13388	347198400	25.6
13388	349876800	26.6
13388	352296000	29.9
13388	354974400	30.1
13388	357566400	29.9
13389	1017662400	26.6
13389	1020254400	27.1
13389	1022932800	28.4
13389	1025524800	28
13389	1028203200	27.4
13389	1030881600	27.3
13389	1033473600	28
13389	1036152000	26.4
13389	1038744000	25.5
13389	1041422400	24.9
13389	1044100800	25.7
13390	568036800	25
13390	570715200	27.6
13390	573220800	27.8
13390	575899200	28.5
13390	578491200	28.5
13391	1122897600	28.3
13391	1125576000	29
13392	362836800	28.5
13392	365515200	27.6
13392	368193600	28.1
13392	370785600	29.2
13392	373464000	28.1
13392	376056000	25.6
13392	378734400	24.6
13392	381412800	25.7
13392	383832000	27.9
13392	386510400	29.2
13392	389102400	29.1
13392	391780800	29.3
13392	394372800	29
13393	586440000	26.3
13393	589118400	26.9
13393	591710400	28
13394	1130846400	27.9
13394	1133438400	26.9
13395	399729600	28.4
13395	402321600	28.5
13395	4.05e+08	27.3
13395	407592000	24.1
13395	410270400	25.8
13395	412948800	28
13395	415368000	30.1
13395	418046400	28.9
13396	602337600	27
13396	604756800	26.6
13396	607435200	27.4
13397	1138795200	25.7
13397	1141214400	28.6
13397	1143892800	27.7
13397	1146484800	30
13397	1149163200	29.8
13398	423316800	29.8
13398	425908800	29.6
13399	1072958400	24.4
13399	1075636800	25.5
13399	1078142400	27.1
13399	1080820800	28.3
13400	1162382400	28.4
13400	1164974400	24.8
13401	431265600	29.1
13401	433857600	30.4
13402	1086091200	30.3
13402	1088683200	26.6
13402	1091361600	26.6
13403	631195200	25.4
13403	633873600	25.4
13403	636292800	27.9
13403	638971200	26.4
13403	641563200	26.8
13403	644241600	26.8
13403	646833600	26.1
13403	649512000	26.6
13403	652190400	26.6
13403	654782400	27.1
13403	657460800	27.2
13403	660052800	25.2
13403	662731200	25
13403	665409600	27.3
13403	667828800	28.9
13403	670507200	28
13403	673099200	28.2
13404	439128000	26.1
13404	441806400	25.4
13404	444484800	26.6
13404	446990400	26.9
13404	449668800	28.8
13404	452260800	30.3
13404	454939200	29.2
13404	457531200	28.6
13404	460209600	29
13404	462888000	28.3
13404	465480000	29.2
13404	468158400	28.1
13404	470750400	25.5
13404	473428800	24.4
13404	476107200	27.9
13404	478526400	29.2
13404	481204800	29
13404	483796800	29.1
13404	486475200	28.6
13405	954590400	27.4
13405	957182400	25.7
13406	678369600	28.3
13406	681048000	27
13407	962452800	27.3
13407	965131200	26.4
13408	686318400	28.1
13408	688996800	28
13408	691588800	25.9
13408	694267200	23.9
13408	696945600	28
13408	699451200	27.9
13408	702129600	28.9
13408	704721600	28.7
13408	707400000	28.2
13408	709992000	26.8
13408	712670400	27.4
13408	715348800	27
13408	717940800	28.2
13408	720619200	27.4
13408	723211200	25.9
13408	725889600	24.5
13408	728568000	27.4
13408	730987200	28
13408	733665600	29
13408	736257600	29.2
13408	738936000	28.8
13408	741528000	27.6
13408	744206400	27.3
13408	746884800	27.3
13408	749476800	27.9
13408	752155200	27
13408	754747200	25.6
13408	757425600	24.6
13408	760104000	27.6
13408	762523200	28.7
13408	765201600	29
13408	767793600	28.4
13408	770472000	27.6
13408	773064000	27.7
13408	775742400	27.2
13408	778420800	27
13408	781012800	27.3
13408	783691200	27.6
13408	786283200	25.2
13408	788961600	25.7
13408	791640000	26.8
13409	1180699200	29.1
13409	1183291200	29
13409	1185969600	28.3
13409	1188648000	28.4
13409	1191240000	29.9
13409	1193918400	28.4
13409	1196510400	24.9
13409	1199188800	24.3
13409	1201867200	24.9
13409	1204372800	29
13409	1207051200	29.6
13409	1209643200	30.3
13409	1212321600	30.2
13409	1214913600	28.4
13409	1217592000	28.1
13409	1220270400	28.9
13409	1222862400	29.2
13409	1225540800	28.4
13409	1228132800	25.7
13409	1230811200	23.2
13409	1233489600	24.1
13410	497016000	29.9
13410	499694400	28.5
13411	1120219200	27.6
13411	1122897600	27.5
13411	1125576000	27.6
13411	1128168000	27.9
13412	799329600	28.7
13412	802008000	28.5
13412	804600000	27.7
13412	807278400	27.1
13412	809956800	27.6
13412	812548800	28.1
13412	815227200	27.7
13412	817819200	25.2
13412	820497600	26.2
13412	823176000	26.3
13412	825681600	27.5
13412	828360000	28
13412	830952000	27.2
13412	833630400	28.7
13412	836222400	27.3
13412	838900800	27.2
13412	841579200	27.5
13412	844171200	27.1
13412	846849600	27.7
13412	849441600	25.2
13412	852120000	26
13412	854798400	26.8
13412	857217600	28
13412	859896000	26.7
13412	862488000	28.7
13412	865166400	27.6
13412	867758400	27.4
13412	870436800	27
13413	1238587200	28.8
13413	1241179200	29.6
13413	1243857600	30.2
13414	504964800	23.9
13414	507643200	26.4
13414	510062400	28.5
13414	512740800	30.7
13414	515332800	29.7
13414	518011200	29.6
13414	520603200	29
13414	523281600	28.1
13414	525960000	27.9
13415	875707200	27.1
13415	878385600	27.8
13415	880977600	25.2
13416	1249128000	28.5
13416	1251806400	28.3
13416	1254398400	30.3
13416	1257076800	28.6
13416	1259668800	26.4
13416	1262347200	26.1
13416	1265025600	28.2
13416	1267444800	30
13416	1270123200	29.1
13416	1272715200	30
13416	1275393600	30.3
13416	1277985600	29.1
13416	1280664000	29.1
13416	1283342400	27.9
13416	1285934400	29.5
13416	1288612800	28.4
13416	1291204800	27.2
13416	1293883200	25
13416	1296561600	25.9
13417	1138795200	25.8
13417	1141214400	27
13417	1143892800	27.1
13417	1146484800	29.6
13417	1149163200	28.7
13417	1151755200	27.4
13417	1154433600	27.1
13417	1157112000	26.9
13417	1159704000	28
13417	1162382400	27
13417	1164974400	23.7
13417	1167652800	24.2
13417	1170331200	26.5
13418	1301659200	28.4
13418	1304251200	28.5
13418	1306929600	29.7
13418	1309521600	29.4
13418	1312200000	28.6
13418	1314878400	29
13418	1317470400	30.4
13418	1320148800	28.4
13418	1322740800	25.4
13418	1325419200	25.2
13418	1328097600	25.8
13418	1330603200	28.6
13418	1333281600	28.4
13418	1335873600	30.5
13418	1338552000	30.3
13418	1341144000	29.4
13418	1343822400	28
13418	1346500800	28.9
13418	1349092800	30
13418	1351771200	29.3
13418	1354363200	26.6
13418	1357041600	24.7
13418	1359720000	29
13418	1362139200	29.2
13418	1364817600	28.1
13418	1367409600	30
13418	1370088000	31.5
13418	1372680000	29.7
13418	1375358400	27.9
13418	1378036800	28.7
13418	1380628800	29.6
13418	1383307200	27.8
13418	1385899200	27.4
13418	1388577600	25
13418	1391256000	25.5
13418	1393675200	27.2
13418	1396353600	29.3
13418	1398945600	28.8
13418	1401624000	30.6
13418	1404216000	30.4
13418	1406894400	29.1
13418	1409572800	28.5
13418	1412164800	30.1
13418	1414843200	28.3
13418	1417435200	25.6
13418	1420113600	24.9
13418	1422792000	26.3
13418	1425211200	27.7
13418	1427889600	28.8
13418	1430481600	29.6
13419	539179200	27.3
13419	541598400	29.1
13420	1175428800	27.1
13420	1178020800	28.1
13420	1180699200	28.4
13420	1183291200	27.8
13420	1185969600	27
13420	1188648000	26.8
13420	1191240000	28.9
13420	1193918400	26.5
13420	1196510400	24.7
13420	1199188800	24.4
13420	1201867200	26.6
13420	1204372800	27.4
13420	1207051200	27.2
13420	1209643200	28.7
13420	1212321600	28.7
13420	1214913600	26.9
13420	1217592000	26.5
13420	1220270400	27.1
13420	1222862400	27.8
13420	1225540800	27.2
13420	1228132800	24.7
13420	1230811200	23.3
13420	1233489600	24.7
13420	1235908800	26
13420	1238587200	26.8
13420	1241179200	27.5
13420	1243857600	28.5
13421	941457600	27.6
13421	944049600	25.4
13421	946728000	25
13421	949406400	26.2
13421	951912000	27
13421	954590400	27.7
13421	957182400	28.9
13421	959860800	27.6
13421	962452800	26.6
13421	965131200	26.3
13421	967809600	26.2
13421	970401600	26.8
13421	973080000	27.6
13422	546868800	30.1
13422	549547200	30.3
13422	552139200	30
13422	554817600	28.8
13422	557496000	28.4
13422	560088000	28.8
13422	562766400	28.4
13422	565358400	26.2
13422	568036800	24.4
13422	570715200	27
13422	573220800	29.9
13422	575899200	30.9
13422	578491200	29.9
13422	581169600	29.7
13422	583761600	28.9
13422	586440000	27.8
13422	589118400	28.2
13422	591710400	29.6
13422	594388800	27.8
13423	1249128000	26.9
13423	1251806400	27.2
13423	1254398400	28.4
13423	1257076800	26.9
13423	1259668800	24.9
13423	1262347200	25.4
13423	1265025600	26.9
13423	1267444800	28.1
13423	1270123200	28.2
13423	1272715200	29
13423	1275393600	29.3
13423	1277985600	27.6
13423	1280664000	27.1
13423	1283342400	26.7
13423	1285934400	28
13423	1288612800	27.3
13423	1291204800	26.2
13423	1293883200	24.3
13423	1296561600	25.1
13423	1298980800	26.4
13423	1301659200	27.3
13423	1304251200	27.4
13423	1306929600	28.6
13423	1309521600	27.8
13423	1312200000	26.9
13423	1314878400	27.6
13423	1317470400	28.3
13423	1320148800	27
13423	1322740800	24.2
13423	1325419200	24.5
13423	1328097600	25.7
13423	1330603200	27.4
13423	1333281600	27.3
13423	1335873600	28
13423	1338552000	28.8
13423	1341144000	26.9
13423	1343822400	26.8
13423	1346500800	26.5
13423	1349092800	28
13423	1351771200	27.7
13423	1354363200	24.4
13423	1357041600	24
13423	1359720000	26.6
13423	1362139200	27
13423	1364817600	26.5
13423	1367409600	28.7
13423	1370088000	29.2
13423	1372680000	27.7
13423	1375358400	26.3
13423	1378036800	27.4
13423	1380628800	27.6
13423	1383307200	29.4
13423	1385899200	24.6
13423	1388577600	24.4
13423	1391256000	25
13423	1393675200	26.1
13423	1396353600	26.8
13423	1398945600	27.2
13423	1401624000	29.2
13423	1404216000	28.1
13423	1406894400	26.4
13423	1409572800	27.1
13423	1412164800	28.1
13423	1414843200	26.9
13423	1417435200	25.6
13423	1420113600	24.4
13423	1422792000	25.9
13423	1425211200	26.3
13423	1427889600	26.7
13423	1430481600	28.5
13424	599659200	25.4
13424	602337600	27.7
13424	604756800	28.7
13424	607435200	29.7
13424	610027200	29.9
13425	1033473600	28.5
13425	1036152000	27.2
13426	615297600	29.1
13426	617976000	27.4
13426	620654400	28.2
13426	623246400	28.7
13426	625924800	27.9
13426	628516800	26
13426	631195200	24.8
13426	633873600	27.8
13426	636292800	28.4
13426	638971200	30.1
13426	641563200	30.4
13426	644241600	29
13426	646833600	28.7
13426	649512000	29
13426	652190400	28.9
13426	654782400	30.1
13426	657460800	27.9
13426	660052800	25.8
13426	662731200	26.6
13426	665409600	27.3
13426	667828800	28.7
13426	670507200	29.6
13426	673099200	28.9
13426	675777600	29.5
13426	678369600	30
13426	681048000	28.4
13426	683726400	28.4
13426	686318400	28.3
13426	688996800	28.6
13426	691588800	27.8
13426	694267200	25.9
13426	696945600	26.3
13426	699451200	29.3
13426	702129600	30
13426	704721600	32.6
13426	707400000	29.8
13426	709992000	29.5
13426	712670400	29.4
13426	715348800	28.3
13426	717940800	29.4
13426	720619200	28.4
13426	723211200	26.5
13426	725889600	25.9
13426	728568000	27.8
13426	730987200	28.8
13426	733665600	30.1
13426	736257600	30.7
13426	738936000	29.4
13426	741528000	29
13426	744206400	28.2
13426	746884800	28.4
13426	749476800	29.2
13426	752155200	27.6
13426	754747200	25.5
13426	757425600	23.9
13426	760104000	27.9
13426	762523200	29.8
13426	765201600	30.5
13426	767793600	29.9
13426	770472000	29
13426	773064000	28.6
13426	775742400	27.4
13426	778420800	27.9
13426	781012800	29
13426	783691200	26.7
13426	786283200	26.3
13426	788961600	25.3
13426	791640000	28.2
13426	794059200	28
13426	796737600	29.2
13426	799329600	29.5
13426	802008000	29.8
13426	804600000	29.3
13426	807278400	28.4
13426	809956800	28.6
13426	812548800	30.4
13426	815227200	29.5
13426	817819200	26.4
13426	820497600	28.6
13426	823176000	28.7
13426	825681600	28.4
13426	828360000	29.5
13426	830952000	29.5
13426	833630400	30
13426	836222400	29.1
13426	838900800	28.5
13426	841579200	28.8
13426	844171200	29.6
13426	846849600	29.3
13426	849441600	26.6
13426	852120000	27.2
13426	854798400	29.6
13426	857217600	29.1
13426	859896000	29.4
13426	862488000	30
13426	865166400	29.3
13426	867758400	29.4
13426	870436800	28.3
13426	873115200	28.3
13426	875707200	28.5
13426	878385600	29.6
13426	880977600	26.3
13426	883656000	26.4
13426	886334400	30.2
13426	888753600	30.7
13426	891432000	30.1
13426	894024000	32.1
13426	896702400	29.7
13426	899294400	28.8
13426	901972800	28.1
13426	904651200	28.3
13426	907243200	30.1
13426	909921600	29.8
13426	912513600	26.9
13426	915192000	25.4
13426	917870400	27.1
13426	920289600	28.9
13426	922968000	29.2
13426	925560000	29.1
13426	928238400	29.2
13426	930830400	28.7
13426	933508800	27.6
13426	936187200	27.9
13426	938779200	28.5
13426	941457600	28.6
13426	944049600	25.9
13426	946728000	26.9
13426	949406400	28.9
13426	951912000	29.8
13426	954590400	30.6
13426	957182400	28.9
13426	959860800	28.8
13426	962452800	28.2
13426	965131200	27.8
13426	967809600	28.3
13426	970401600	28.1
13426	973080000	27.8
13426	975672000	25.6
13426	978350400	25.7
13426	981028800	28.2
13426	983448000	29.3
13426	986126400	29.5
13426	988718400	28.7
13427	993988800	28.7
13427	996667200	28.8
13428	1259668800	25.1
13428	1262347200	27.3
13428	1265025600	28.5
13428	1267444800	27.9
13429	1001937600	30.1
13429	1004616000	28.3
13430	1283342400	26.5
13430	1285934400	28.5
13430	1288612800	28.5
13430	1291204800	27
13431	1296561600	26.3
13431	1298980800	26.8
13431	1301659200	30.4
13432	1022932800	29.6
13432	1025524800	29.8
13432	1028203200	28.8
13432	1030881600	28.8
13432	1033473600	29.9
13432	1036152000	29
13432	1038744000	27.8
13432	1041422400	25.7
13432	1044100800	26.7
13433	1270123200	25.8
13433	1272715200	28.1
13434	1049198400	30.3
13434	1051790400	29.1
13434	1054468800	29.2
13434	1057060800	28.8
13434	1059739200	28.2
13434	1062417600	28.3
13434	1065009600	29.5
13434	1067688000	28.6
13434	1070280000	26.5
13434	1072958400	25.7
13435	1285934400	28.1
13435	1288612800	27.7
13435	1291204800	26.4
13435	1293883200	25.1
13435	1296561600	25.7
13436	1078142400	29.2
13436	1080820800	29
13436	1083412800	30.6
13436	1086091200	29.3
13436	1088683200	28.4
13436	1091361600	28.5
13436	1094040000	29
13436	1096632000	30.6
13436	1099310400	29.7
13436	1101902400	27.3
13436	1104580800	26.1
13436	1107259200	26.6
13436	1109678400	30.2
13436	1112356800	30.8
13436	1114948800	30.6
13436	1117627200	30.6
13436	1120219200	28.9
13436	1122897600	28.6
13436	1125576000	28.8
13436	1128168000	29.6
13436	1130846400	28.6
13436	1133438400	27.6
13437	1138795200	27.4
13437	1141214400	30
13437	1143892800	29.6
13437	1146484800	29.6
13437	1149163200	30
13437	1151755200	29.5
13437	1154433600	28.7
13437	1157112000	28.5
13437	1159704000	29.7
13437	1162382400	28.9
13437	1164974400	25.7
13437	1167652800	26.3
13437	1170331200	28.4
13438	1343822400	26.6
13438	1346500800	26.4
13439	1175428800	30.2
13439	1178020800	30.6
13439	1180699200	29.5
13439	1183291200	29.1
13439	1185969600	28.4
13439	1188648000	28.7
13439	1191240000	30.2
13439	1193918400	28.9
13439	1196510400	26.6
13439	1199188800	25.9
13439	1201867200	28.9
13439	1204372800	30.1
13439	1207051200	30.2
13439	1209643200	31.2
13439	1212321600	30.4
13439	1214913600	28.6
13439	1217592000	28
13439	1220270400	28.9
13439	1222862400	29.2
13439	1225540800	29.2
13439	1228132800	26.6
13439	1230811200	24.1
13439	1233489600	25.9
13439	1235908800	27.7
13439	1238587200	30.2
13439	1241179200	29.7
13439	1243857600	30.1
13439	1246449600	29.4
13439	1249128000	28.2
13439	1251806400	28.3
13439	1254398400	30.3
13439	1257076800	28.6
13439	1259668800	27.1
13439	1262347200	27.1
13439	1265025600	29.1
13439	1267444800	31.2
13439	1270123200	30.7
13439	1272715200	30.7
13439	1275393600	30.7
13439	1277985600	28.9
13439	1280664000	28.8
13439	1283342400	29.9
13439	1285934400	29.4
13439	1288612800	28.6
13439	1291204800	27.5
13439	1293883200	26.1
13439	1296561600	26.9
13439	1298980800	29.1
13439	1301659200	30
13439	1304251200	29.5
13439	1306929600	29.9
13439	1309521600	29.6
13439	1312200000	28.4
13439	1314878400	29
13439	1317470400	30.1
13439	1320148800	28.8
13439	1322740800	26.4
13439	1325419200	26
13439	1328097600	26.8
13439	1330603200	29.7
13439	1333281600	31.7
13439	1335873600	30.2
13439	1338552000	29.6
13439	1341144000	28.9
13439	1343822400	28.1
13439	1346500800	28.3
13439	1349092800	30
13439	1351771200	29.6
13439	1354363200	25.9
13439	1357041600	25.2
13439	1359720000	28.6
13439	1362139200	30.6
13439	1364817600	28.9
13439	1367409600	30.3
13439	1370088000	29.5
13439	1372680000	29.4
13439	1375358400	27.6
13439	1378036800	28.5
13439	1380628800	29.7
13439	1383307200	28.4
13439	1385899200	26.1
13439	1388577600	26.4
13439	1391256000	26.6
13439	1393675200	29
13439	1396353600	29.9
13439	1398945600	29.6
13439	1401624000	30.3
13439	1404216000	30.2
13439	1406894400	28.8
13439	1409572800	28.5
13439	1412164800	30.5
13439	1414843200	29.1
13439	1417435200	26.7
13439	1420113600	26.1
13439	1422792000	27.7
13439	1425211200	28.7
13439	1427889600	29.7
13439	1430481600	29.5
13440	1333281600	26.6
13440	1335873600	27.4
13440	1338552000	28
13441	1351771200	28.2
13441	1354363200	28.6
13442	1349092800	27.6
13442	1351771200	27.3
13442	1354363200	24.2
13443	1367409600	27.7
13443	1370088000	28.3
13443	1372680000	28
13444	1396353600	27.7
13444	1398945600	28.2
13444	1401624000	30.7
13444	1404216000	27.7
13444	1406894400	27.2
13444	1409572800	28.3
13444	1412164800	28.5
13444	1414843200	28.3
13444	1417435200	26.3
13444	1420113600	26.3
13445	1378036800	27.6
13445	1380628800	27.8
13445	1383307200	26.8
13445	1385899200	25.9
13446	1427889600	28.3
13446	1430481600	29.2
13447	1391256000	25.6
13447	1393675200	26
13447	1396353600	26.3
13448	1409572800	27.8
13448	1412164800	28.8
13448	1414843200	27.4
13449	1420113600	24.9
13449	1422792000	25.2
