group	x	y
19453	-2429784000	3.9
19453	-2427105600	2.9
19453	-2424686400	7.1
19453	-2422008000	12
19453	-2419416000	15.1
19453	-2416737600	19.5
19453	-2414145600	25.9
19453	-2411467200	26.2
19453	-2408788800	23.7
19453	-2406196800	16
19453	-2403518400	10.4
19453	-2400926400	6.8
19453	-2398248000	5.1
19453	-2395569600	5.2
19453	-2393150400	8.4
19453	-2390472000	13.2
19453	-2387880000	16
19453	-2385201600	23
19453	-2382609600	26.8
19453	-2379931200	27.7
19453	-2377252800	21.4
19453	-2374660800	15.8
19453	-2371982400	13
19453	-2369390400	7.8
19453	-2366712000	4.2
19453	-2364033600	4.5
19453	-2361614400	8
19453	-2358936000	12.6
19453	-2356344000	17
19453	-2353665600	20.4
19453	-2351073600	22.7
19453	-2348395200	25.6
19453	-2345716800	22.1
19453	-2343124800	16.6
19453	-2340446400	12.6
19453	-2337854400	7.4
19453	-2335176000	5.4
19453	-2332497600	4.1
19453	-2329992000	5.7
19453	-2327313600	13.4
19453	-2324721600	16.3
19453	-2322043200	21.9
19453	-2319451200	23.9
19453	-2316772800	25.6
19453	-2314094400	21
19453	-2311502400	16.4
19453	-2308824000	11.8
19453	-2306232000	6.7
19453	-2303553600	5.9
19453	-2300875200	3.8
19453	-2298456000	7.5
19453	-2295777600	11.4
19453	-2293185600	16.2
19453	-2290507200	19.3
19453	-2287915200	24.3
19453	-2285236800	26.6
19453	-2282558400	21.4
19453	-2279966400	15.9
19453	-2277288000	12.9
19453	-2274696000	6.3
19453	-2272017600	7.2
19453	-2269339200	5.9
19453	-2266920000	7.2
19453	-2264241600	11.3
19453	-2261649600	16.7
19453	-2258971200	20.5
19453	-2256379200	25.6
19453	-2253700800	26.5
19453	-2251022400	22.3
19453	-2248430400	17
19453	-2245752000	12.9
19453	-2243160000	8.3
19453	-2240481600	5
19453	-2237803200	6.1
19453	-2235384000	9
19453	-2232705600	12.4
19453	-2230113600	17.7
19453	-2227435200	22.2
19453	-2224843200	25.1
19453	-2222164800	25.6
19453	-2219486400	20.4
19453	-2216894400	15
19453	-2214216000	10.9
19453	-2211624000	8.7
19453	-2208945600	3.7
19453	-2206267200	4.7
19453	-2203848000	7.3
19453	-2201169600	12.6
19453	-2198577600	17.1
19453	-2195899200	19.7
19453	-2193307200	23.4
19453	-2190628800	26.3
19453	-2187950400	22.4
19453	-2185358400	16.5
19453	-2182680000	12
19453	-2180088000	7.5
19453	-2177409600	6.9
19453	-2174731200	3.6
19453	-2172312000	7
19453	-2169633600	12.9
19453	-2167041600	15.2
19453	-2164363200	20.1
19453	-2161771200	22.3
19453	-2159092800	25.4
19453	-2156414400	21.1
19453	-2153822400	17.2
19453	-2151144000	11.7
19453	-2148552000	6.2
19453	-2145873600	5.9
19453	-2143195200	5.2
19453	-2140776000	9.1
19453	-2138097600	11.7
19453	-2135505600	16.5
19453	-2132827200	19.5
19453	-2130235200	23
19453	-2127556800	23.5
19453	-2124878400	21.3
19453	-2122286400	15.9
19453	-2119608000	13.5
19453	-2117016000	9.7
19453	-2114337600	6.8
19453	-2111659200	5.9
19453	-2109240000	8.8
19453	-2106561600	12.9
19453	-2103969600	15.9
19453	-2101291200	19.6
19453	-2098699200	22.9
19453	-2096020800	26.4
19453	-2093342400	22.7
19453	-2090750400	16
19453	-2088072000	11.2
19453	-2085480000	6.7
19453	-2082801600	4.4
19453	-2080123200	6
19453	-2077617600	7.3
19453	-2074939200	13
19453	-2072347200	15.7
19453	-2069668800	21.1
19453	-2067076800	24.8
19453	-2064398400	25.7
19453	-2061720000	20.5
19453	-2059128000	15.9
19453	-2056449600	11.2
19453	-2053857600	8.7
19453	-2051179200	7.1
19453	-2048500800	4.3
19453	-2046081600	7.3
19453	-2043403200	11
19453	-2040811200	16.9
19453	-2038132800	19.8
19453	-2035540800	25.2
19453	-2032862400	23.6
19453	-2030184000	22.1
19453	-2027592000	16.5
19453	-2024913600	12.2
19453	-2022321600	9.5
19453	-2019643200	4.9
19453	-2016964800	4.3
19453	-2014545600	7.7
19453	-2011867200	12.2
19453	-2009275200	16.4
19453	-2006596800	19.6
19453	-2004004800	23.2
19453	-2001326400	25
19453	-1998648000	21.1
19453	-1996056000	16.2
19453	-1993377600	11
19453	-1990785600	7.7
19453	-1988107200	6.3
19453	-1985428800	3.3
19453	-1983009600	7.4
19453	-1980331200	12.2
19453	-1977739200	16.9
19453	-1975060800	19.5
19453	-1972468800	23.6
19453	-1969790400	25.9
19453	-1967112000	20.5
19453	-1964520000	16.2
19453	-1961841600	12.4
19453	-1959249600	7.4
19453	-1956571200	6.9
19453	-1953892800	5
19453	-1951387200	7.5
19453	-1948708800	11.5
19453	-1946116800	16.4
19453	-1943438400	20.3
19453	-1940846400	23.1
19453	-1938168000	25.5
19453	-1935489600	20.9
19453	-1932897600	16.5
19453	-1930219200	11.4
19453	-1927627200	8.4
19453	-1924948800	5.5
19453	-1922270400	4.6
19453	-1919851200	6.4
19453	-1917172800	12.8
19453	-1914580800	15.9
19453	-1911902400	20.2
19453	-1909310400	24.6
19453	-1906632000	25.9
19453	-1903953600	22.7
19453	-1901361600	15.8
19453	-1898683200	12.5
19453	-1896091200	7.3
19453	-1893412800	6.5
19453	-1890734400	4
19453	-1888315200	6.8
19453	-1885636800	11.3
19453	-1883044800	16.1
19453	-1880366400	21.2
19453	-1877774400	24.2
19453	-1875096000	24.8
19453	-1872417600	20.8
19453	-1869825600	15.2
19453	-1867147200	11.6
19453	-1864555200	6
19453	-1861876800	5.3
19453	-1859198400	5.7
19453	-1856779200	8.1
19453	-1854100800	11.6
19453	-1851508800	15.8
19453	-1848830400	20.1
19453	-1846238400	24.6
19453	-1843560000	25.4
19453	-1840881600	23.3
19453	-1838289600	15.8
19453	-1835611200	12.6
19453	-1833019200	7.2
19453	-1830340800	4.9
19453	-1827662400	7.9
19453	-1825156800	8.3
19453	-1822478400	13.2
19453	-1819886400	16
19453	-1817208000	19.8
19453	-1814616000	24.2
19453	-1811937600	25.1
19453	-1809259200	20.3
19453	-1806667200	15.5
19453	-1803988800	10.6
19453	-1801396800	7.5
19453	-1798718400	5.2
19453	-1796040000	5.4
19453	-1793620800	6.9
19453	-1790942400	13.4
19453	-1788350400	15.2
19453	-1785672000	20.4
19453	-1783080000	22.8
19453	-1780401600	23.8
19453	-1777723200	19.9
19453	-1775131200	16
19453	-1772452800	11.9
19453	-1769860800	7.4
19453	-1767182400	6.6
19453	-1764504000	5.7
19453	-1762084800	10
19453	-1759406400	11.4
19453	-1756814400	16.8
19453	-1754136000	21
19453	-1751544000	27
19453	-1748865600	26.1
19453	-1746187200	22.7
19453	-1743595200	16.7
19453	-1740916800	13.5
19453	-1738324800	8.8
19453	-1735646400	5.6
19453	-1732968000	5.6
19453	-1730548800	7.1
19453	-1727870400	12.5
19453	-1725278400	15.5
19453	-1722600000	21.4
19453	-1720008000	24.5
19453	-1717329600	25.7
19453	-1714651200	22.2
19453	-1712059200	18
19453	-1709380800	13.2
19453	-1706788800	8.9
19453	-1704110400	7.5
19453	-1701432000	5.3
19453	-1698926400	6.3
19453	-1696248000	12.7
19453	-1693656000	16.3
19453	-1690977600	22.6
19453	-1688385600	24.6
19453	-1685707200	25.6
19453	-1683028800	23.9
19453	-1680436800	17.3
19453	-1677758400	12.8
19453	-1675166400	8.5
19453	-1672488000	3.1
19453	-1669809600	4.3
19453	-1667390400	6.9
19453	-1664712000	12
19453	-1662120000	15.6
19453	-1659441600	20.2
19453	-1656849600	25.7
19453	-1654171200	25.4
19453	-1651492800	23.2
19453	-1648900800	16.7
19453	-1646222400	10
19453	-1643630400	5.2
19453	-1640952000	3.3
19453	-1638273600	5
19453	-1635854400	7
19453	-1633176000	11.9
19453	-1630584000	16
19453	-1627905600	20.5
19453	-1625313600	24.6
19453	-1622635200	24.9
19453	-1619956800	21.1
19453	-1617364800	16.6
19453	-1614686400	11.5
19453	-1612094400	7.3
19453	-1609416000	4.9
19453	-1606737600	5.4
19453	-1604318400	9.1
19453	-1601640000	13.1
19453	-1599048000	16.7
19453	-1596369600	20.9
19453	-1593777600	24.3
19453	-1591099200	25.3
19453	-1588420800	21.5
19453	-1585828800	16.7
19453	-1583150400	12.2
19453	-1580558400	7.2
19453	-1577880000	5.2
19453	-1575201600	4.5
19453	-1572696000	7.5
19453	-1570017600	12
19453	-1567425600	14.7
19453	-1564747200	20.6
19453	-1562155200	26.1
19453	-1559476800	25.3
19453	-1556798400	22.2
19453	-1554206400	16.1
19453	-1551528000	13.8
19453	-1548936000	7.8
19453	-1546257600	6.2
19453	-1543579200	5.4
19453	-1541160000	7
19453	-1538481600	12.9
19453	-1535889600	15.8
19453	-1533211200	18.6
19453	-1530619200	23.8
19453	-1527940800	26.2
19453	-1525262400	21.2
19453	-1522670400	15.4
19453	-1519992000	10.7
19453	-1517400000	7.3
19453	-1514721600	3.6
19453	-1512043200	7.1
19453	-1509624000	7.2
19453	-1506945600	13.2
19453	-1504353600	16.7
19453	-1501675200	21.4
19453	-1499083200	25.4
19453	-1496404800	27.2
19453	-1493726400	23.1
19453	-1491134400	16.9
19453	-1488456000	11.4
19453	-1485864000	7.2
19453	-1483185600	4.1
19453	-1480507200	4.5
19453	-1478088000	9.3
19453	-1475409600	12.2
19453	-1472817600	17.5
19453	-1470139200	19.7
19453	-1467547200	23.8
19453	-1464868800	27.4
19453	-1462190400	22.1
19453	-1459598400	16.4
19453	-1456920000	11.9
19453	-1454328000	7.7
19453	-1451649600	5.8
19453	-1448971200	5
19453	-1446465600	5.5
19453	-1443787200	12.8
19453	-1441195200	15.8
19453	-1438516800	19
19453	-1435924800	26
19453	-1433246400	26.1
19453	-1430568000	21.2
19453	-1427976000	16.6
19453	-1425297600	10.8
19453	-1422705600	7.4
19453	-1420027200	4.6
19453	-1417348800	3.4
19453	-1414929600	6.9
19453	-1412251200	11.1
19453	-1409659200	16.4
19453	-1406980800	20.2
19453	-1404388800	24.1
19453	-1401710400	25.6
19453	-1399032000	22.2
19453	-1396440000	16.1
19453	-1393761600	13
19453	-1391169600	7.8
19453	-1388491200	4.7
19453	-1385812800	5.8
19453	-1383393600	7.3
19453	-1380715200	11.1
19453	-1378123200	16.3
19453	-1375444800	19.1
19453	-1372852800	24.5
19453	-1370174400	27.1
19453	-1367496000	22.8
19453	-1364904000	15.8
19453	-1362225600	11.4
19453	-1359633600	5.8
19453	-1356955200	4.9
19453	-1354276800	3.6
19453	-1351857600	7
19453	-1349179200	11.4
19453	-1346587200	15.4
19453	-1343908800	20.2
19453	-1341316800	25.8
19453	-1338638400	26.1
19453	-1335960000	20.7
19453	-1333368000	16.2
19453	-1330689600	12.7
19453	-1328097600	8.1
19453	-1325419200	5.2
19453	-1322740800	5
19453	-1320235200	7.5
19453	-1317556800	12.4
19453	-1314964800	17.6
19453	-1312286400	20
19453	-1309694400	24.7
19453	-1307016000	24.7
19453	-1304337600	23.2
19453	-1301745600	16.8
19453	-1299067200	12.7
19453	-1296475200	7.6
19453	-1293796800	4.8
19453	-1291118400	4.2
19453	-1288699200	7.5
19453	-1286020800	12.1
19453	-1283428800	15.8
19453	-1280750400	21.3
19453	-1278158400	25.4
19453	-1275480000	27.1
19453	-1272801600	21.4
19453	-1270209600	15.9
19453	-1267531200	11.6
19453	-1264939200	9.4
19453	-1262260800	4.5
19453	-1259582400	6.4
19453	-1257163200	8.9
19453	-1254484800	13.2
19453	-1251892800	16.9
19453	-1249214400	20.6
19453	-1246622400	26.9
19453	-1243944000	26.5
19453	-1241265600	20.9
19453	-1238673600	16.4
19453	-1235995200	11
19453	-1233403200	8.3
19453	-1230724800	5.7
19453	-1228046400	4.8
19453	-1225627200	8.5
19453	-1222948800	11.4
19453	-1220356800	15.7
19453	-1217678400	20.5
19453	-1215086400	22.6
19453	-1212408000	26.1
19453	-1209729600	22
19453	-1207137600	15.8
19453	-1204459200	12.4
19453	-1201867200	8.5
19453	-1199188800	7.4
19453	-1196510400	4.8
19453	-1194004800	7.2
19453	-1191326400	11.6
19453	-1188734400	16.8
19453	-1186056000	19.6
19453	-1183464000	25
19453	-1180785600	26
19453	-1178107200	20.4
19453	-1175515200	15.6
19453	-1172836800	11.9
19453	-1170244800	8.3
19453	-1167566400	4
19453	-1164888000	4.5
19453	-1162468800	6.3
19453	-1159790400	11.7
19453	-1157198400	17.5
19453	-1154520000	21.7
19453	-1151928000	26.8
19453	-1149249600	26.1
19453	-1146571200	22
19453	-1143979200	16.8
19453	-1141300800	12.1
19453	-1138708800	8.1
19453	-1136030400	3.3
19453	-1133352000	4.7
19453	-1130932800	7.2
19453	-1128254400	11.4
19453	-1125662400	16.9
19453	-1122984000	21.4
19453	-1120392000	25
19453	-1117713600	25.9
19453	-1115035200	21.3
19453	-1112443200	15.1
19453	-1109764800	11.3
19453	-1107172800	8.4
19453	-1104494400	5.4
19453	-1101816000	5.9
19453	-1099396800	8.4
19453	-1096718400	12.2
19453	-1094126400	16.7
19453	-1091448000	20.6
19453	-1088856000	24.8
19453	-1086177600	25.4
19453	-1083499200	21.2
19453	-1080907200	17
19453	-1078228800	12
19453	-1075636800	7
19453	-1072958400	2.7
19453	-1070280000	3.6
19453	-1067774400	5.1
19453	-1065096000	11.6
19453	-1062504000	15.9
19453	-1059825600	20.9
19453	-1057233600	24.6
19453	-1054555200	25.6
19453	-1051876800	23
19453	-1049284800	16.7
19453	-1046606400	11.9
19453	-1044014400	8.8
19453	-1041336000	6.1
19453	-1038657600	7.1
19453	-1036238400	8.2
19453	-1033560000	12.8
19453	-1030968000	16.7
19453	-1028289600	19.8
19453	-1025697600	25.2
19453	-1023019200	26.9
19453	-1020340800	22.6
19453	-1017748800	16.7
19453	-1015070400	12.5
19453	-1012478400	7.1
19453	-1009800000	4.1
19453	-1007121600	4.2
19453	-1004702400	8.8
19453	-1002024000	13.1
19453	-999432000	18
19453	-996753600	19.9
19453	-994161600	24.3
19453	-991483200	25.9
19453	-988804800	21
19453	-986212800	17.9
19453	-983534400	11.3
19453	-980942400	7.6
19453	-978264000	4.7
19453	-975585600	4.9
19453	-973166400	7.2
19453	-970488000	12.1
19453	-967896000	15.8
19453	-965217600	20.6
19453	-962625600	26
19453	-959947200	25.2
19453	-957268800	21.8
19453	-954676800	17.3
19453	-951998400	12.4
19453	-949406400	7.6
19453	-946728000	4.2
19453	-944049600	4.3
19453	-941544000	6.9
19453	-938865600	11.6
19453	-936273600	16.1
19453	-933595200	20.3
19453	-931003200	26.4
19453	-928324800	24.3
19453	-925646400	21.2
19453	-923054400	16.4
19453	-920376000	12.8
19453	-917784000	9
19453	-915105600	6.1
19453	-912427200	5.1
19453	-910008000	9.4
19453	-907329600	12.1
19453	-904737600	17
19453	-902059200	20.9
19453	-899467200	22.9
19453	-896788800	24.6
19453	-894110400	20.3
19453	-891518400	16
19453	-888840000	13.1
19453	-886248000	8.7
19453	-883569600	5
19453	-880891200	4.3
19453	-878472000	9.5
19453	-875793600	12.3
19453	-873201600	15.3
19453	-870523200	20.5
19453	-867931200	26.4
19453	-865252800	26.3
19453	-862574400	22
19453	-859982400	15.4
19453	-857304000	11.8
19453	-854712000	7.3
19453	-852033600	3.6
19453	-849355200	4.3
19453	-846936000	7.3
19453	-844257600	10.7
19453	-841665600	16.4
19453	-838987200	20.4
19453	-836395200	24.1
19453	-833716800	26.2
19453	-831038400	22.4
19453	-828446400	16.5
19453	-825768000	11.4
19453	-823176000	8.6
19453	-820497600	5.3
19453	-817819200	4.6
19453	-815313600	6.6
19453	-812635200	11.3
19453	-810043200	16.7
19453	-807364800	21.1
19453	-804772800	25.6
19453	-802094400	26
19453	-799416000	21.8
19453	-796824000	16
19453	-794145600	12.8
19453	-791553600	5.9
19453	-788875200	2.8
19453	-786196800	2.8
19453	-783777600	7.5
19453	-781099200	12.4
19453	-778507200	15.1
19453	-775828800	20.6
19453	-773236800	23.1
19453	-770558400	26.1
19453	-767880000	22
19453	-765288000	16.2
19453	-762609600	12.2
19453	-760017600	7.3
19453	-757339200	6
19453	-754660800	5.3
19453	-752241600	6.8
19453	-749563200	13.1
19453	-746971200	15.8
19453	-744292800	22.1
19453	-741700800	25.5
19453	-739022400	26
19453	-736344000	22
19453	-733752000	16.6
19453	-731073600	13.3
19453	-728481600	6.9
19453	-725803200	5.4
19453	-723124800	2.8
19453	-720705600	6.7
19453	-718027200	11.9
19453	-715435200	14.3
19453	-712756800	18.4
19453	-710164800	25
19453	-707486400	26.1
19453	-704808000	22.4
19453	-702216000	14.8
19453	-699537600	10.2
19453	-696945600	5.9
19453	-694267200	5.5
19453	-691588800	5.6
19453	-689083200	6.9
19453	-686404800	12.9
19453	-683812800	16.3
19453	-681134400	20.9
19453	-678542400	25.4
19453	-675864000	25.1
19453	-673185600	21.6
19453	-670593600	17.1
19453	-667915200	12.1
19453	-665323200	10.5
19453	-662644800	6.6
19453	-659966400	6.6
19453	-657547200	6.8
19453	-654868800	10.8
19453	-652276800	17.3
19453	-649598400	19.2
19453	-647006400	23.3
19453	-644328000	25.5
19453	-641649600	22.4
19453	-639057600	15.5
19453	-636379200	11.3
19453	-633787200	7.8
19453	-631108800	7.1
19453	-628430400	5.3
19453	-626011200	7.8
19453	-623332800	11.9
19453	-620740800	17
19453	-618062400	19.9
19453	-615470400	25.7
19453	-612792000	25.7
19453	-610113600	22
19453	-607521600	16.3
19453	-604843200	11.9
19453	-602251200	6.9
19453	-599572800	5.6
19453	-596894400	6.4
19453	-594475200	7.3
19453	-591796800	12
19453	-589204800	16.4
19453	-586526400	19.7
19453	-583934400	23.2
19453	-581256000	27
19453	-578577600	20.3
19453	-575985600	16.8
19453	-573307200	12
19453	-570715200	9.9
19453	-568036800	5.9
19453	-565358400	4.4
19453	-562852800	7.4
19453	-560174400	13
19453	-557582400	16.1
19453	-554904000	20
19453	-552312000	24
19453	-549633600	25.7
19453	-546955200	21.9
19453	-544363200	15.9
19453	-541684800	13.2
19453	-539092800	8.2
19453	-536414400	5.5
19453	-533736000	5.9
19453	-531316800	9.1
19453	-528638400	11.6
19453	-526046400	17.2
19453	-523368000	20.3
19453	-520776000	25.1
19453	-518097600	26.7
19453	-515419200	22.2
19453	-512827200	17.8
19453	-510148800	12.3
19453	-507556800	9.5
19453	-504878400	7.4
19453	-502200000	6.8
19453	-499780800	8.1
19453	-497102400	13.1
19453	-494510400	17.3
19453	-491832000	19.2
19453	-489240000	23.3
19453	-486561600	26.2
19453	-483883200	22.7
19453	-481291200	15.9
19453	-478612800	13.6
19453	-476020800	8.2
19453	-473342400	5.2
19453	-470664000	7.4
19453	-468244800	9.3
19453	-465566400	13.5
19453	-462974400	17
19453	-460296000	22.4
19453	-457704000	26.5
19453	-455025600	25.6
19453	-452347200	22.4
19453	-449755200	16.4
19453	-447076800	11.2
19453	-444484800	9.4
19453	-441806400	5.6
19453	-439128000	4.6
19453	-436622400	8.1
19453	-433944000	12.5
19453	-431352000	16.3
19453	-428673600	20.8
19453	-426081600	25.4
19453	-423403200	25
19453	-420724800	22.5
19453	-418132800	17
19453	-415454400	11.3
19453	-412862400	6.5
19453	-410184000	6.4
19453	-407505600	4.6
19453	-405086400	6.6
19453	-402408000	13.4
19453	-399816000	16.5
19453	-397137600	19.7
19453	-394545600	24.5
19453	-391867200	25.6
19453	-389188800	20.2
19453	-386596800	16.3
19453	-383918400	12.6
19453	-381326400	8.8
19453	-378648000	5.9
19453	-375969600	6.6
19453	-373550400	8.7
19453	-370872000	13.6
19453	-368280000	16.7
19453	-365601600	21.1
19453	-363009600	25.9
19453	-360331200	25.4
19453	-357652800	22.8
19453	-355060800	16.5
19453	-352382400	12.1
19453	-349790400	10
19453	-347112000	5.3
19453	-344433600	8.5
19453	-342014400	9.7
19453	-339336000	13.6
19453	-336744000	17.3
19453	-334065600	20.3
19453	-331473600	25.7
19453	-328795200	26.1
19453	-326116800	23.4
19453	-323524800	17.4
19453	-320846400	13.3
19453	-318254400	9
19453	-315576000	6.1
19453	-312897600	8.1
19453	-310392000	9.9
19453	-307713600	12.2
19453	-305121600	17.1
19453	-302443200	21.2
19453	-299851200	25.4
19453	-297172800	26.9
19453	-294494400	22.8
19453	-291902400	16.7
19453	-289224000	13.1
19453	-286632000	7.8
19453	-283953600	4.9
19453	-281275200	4.9
19453	-278856000	9.1
19453	-276177600	13.3
19453	-273585600	17.7
19453	-270907200	21.3
19453	-268315200	27.2
19453	-265636800	27.7
19453	-262958400	24.3
19453	-260366400	18.4
19453	-257688000	13.8
19453	-255096000	8.8
19453	-252417600	5.2
19453	-249739200	6.5
19453	-247320000	8.5
19453	-244641600	12.6
19453	-242049600	17.1
19453	-239371200	20
19453	-236779200	25.6
19453	-234100800	26.4
19453	-231422400	23.1
19453	-228830400	16.4
19453	-226152000	12
19453	-223560000	8.9
19453	-220881600	2.5
19453	-218203200	3.4
19453	-215784000	7.5
19453	-213105600	13.3
19453	-210513600	17.5
19453	-207835200	20.6
19453	-205243200	25.7
19453	-202564800	26
19453	-199886400	21.5
19453	-197294400	15.9
19453	-194616000	12.1
19453	-192024000	9.3
19453	-189345600	6.7
19453	-186667200	4.2
19453	-184161600	7.9
19453	-181483200	15.4
19453	-178891200	17.4
19453	-176212800	20.6
19453	-173620800	26.3
19453	-170942400	27.6
19453	-168264000	22.7
19453	-165672000	16.9
19453	-162993600	12.2
19453	-160401600	8.5
19453	-157723200	5.3
19453	-155044800	5.4
19453	-152625600	6.8
19453	-149947200	11.1
19453	-147355200	16.7
19453	-144676800	20
19453	-142084800	25.3
19453	-139406400	26.4
19453	-136728000	20.5
19453	-134136000	15.8
19453	-131457600	13.4
19453	-128865600	8
19453	-126187200	5.7
19453	-123508800	7.7
19453	-121089600	9.7
19453	-118411200	12.7
19453	-115819200	16.6
19453	-113140800	20
19453	-110548800	24.6
19453	-107870400	27.8
19453	-105192000	21.9
19453	-102600000	17.5
19453	-99921600	12.3
19453	-97329600	7.1
19453	-94651200	5.1
19453	-91972800	5.7
19453	-89553600	8.9
19453	-86875200	13.6
19453	-84283200	17.7
19453	-81604800	20.8
19453	-79012800	25.5
19453	-76334400	27.5
19453	-73656000	22.2
19453	-71064000	16.5
19453	-68385600	12.3
19453	-65793600	5.4
19453	-63115200	5.6
19453	-60436800	2.9
19453	-57931200	8
19453	-55252800	12.5
19453	-52660800	15.8
19453	-49982400	20.1
19453	-47390400	24
19453	-44712000	25.3
19453	-42033600	21.6
19453	-39441600	15.5
19453	-36763200	12.9
19453	-34171200	10.2
19453	-31492800	5.9
19453	-28814400	5.7
19453	-26395200	7.2
19453	-23716800	13.1
19453	-21124800	17.2
19453	-18446400	20.1
19453	-15854400	24.5
19453	-13176000	27.4
19453	-10497600	23.4
19453	-7905600	15.9
19453	-5227200	11.7
19453	-2635200	6.8
19453	43200	4.3
19453	2721600	6.8
19453	5140800	5.3
19453	7819200	11.8
19453	10411200	17.1
19453	13089600	19.8
19453	15681600	24.9
19453	18360000	26.7
19453	21038400	23.9
19453	23630400	17.8
19453	26308800	12
19453	28900800	7.7
19453	31579200	4.9
19453	34257600	5.4
19453	36676800	7.3
19453	39355200	12.5
19453	41947200	17.4
19453	44625600	21.5
19453	47217600	26.4
19453	49896000	25.9
19453	52574400	22
19453	55166400	16.2
19453	57844800	12.8
19453	60436800	8.7
19453	63115200	7.8
19453	65793600	6.1
19453	68299200	8.3
19453	70977600	12.8
19453	73569600	16.6
19453	76248000	20.4
19453	78840000	25.4
19453	81518400	25.7
19453	84196800	21.9
19453	86788800	17.4
19453	89467200	12.3
19453	92059200	8.6
19453	94737600	6.7
19453	97416000	7.1
19453	99835200	8.4
19453	102513600	14.5
19453	105105600	17
19453	107784000	20
19453	110376000	26.1
19453	113054400	27.3
19453	115732800	21.4
19453	118324800	16.5
19453	121003200	11.6
19453	123595200	6.6
19453	126273600	4.8
19453	128952000	4.7
19453	131371200	7.6
19453	134049600	13.5
19453	136641600	17.2
19453	139320000	19.7
19453	141912000	23.4
19453	144590400	25
19453	147268800	20.8
19453	149860800	16.9
19453	152539200	11.3
19453	155131200	7.8
19453	157809600	5.1
19453	160488000	5.3
19453	162907200	7.8
19453	165585600	13.2
19453	168177600	16.3
19453	170856000	20.2
19453	173448000	25.8
19453	176126400	26.2
19453	178804800	24
19453	181396800	17.4
19453	184075200	12.6
19453	186667200	7.7
19453	189345600	5.1
19453	192024000	7.4
19453	194529600	8
19453	197208000	12.5
19453	199800000	17.1
19453	202478400	20.2
19453	205070400	23.7
19453	207748800	25.5
19453	210427200	19.8
19453	213019200	16.4
19453	215697600	10.2
19453	218289600	6.9
19453	220968000	3.6
19453	223646400	4
19453	226065600	8.7
19453	228744000	13.4
19453	231336000	17.2
19453	234014400	20.4
19453	236606400	25.5
19453	239284800	24.5
19453	241963200	22.6
19453	244555200	17.7
19453	247233600	13.3
19453	249825600	9.7
19453	252504000	6.4
19453	255182400	5.1
19453	257601600	7.9
19453	260280000	13.3
19453	262872000	17.8
19453	265550400	21.9
19453	268142400	26.7
19453	270820800	27.3
19453	273499200	22.9
19453	276091200	16.4
19453	278769600	12.5
19453	281361600	9.4
19453	284040000	7.9
19453	286718400	7.3
19453	289137600	8.6
19453	291816000	12.3
19453	294408000	16
19453	297086400	22.5
19453	299678400	24.7
19453	302356800	26.5
19453	305035200	22.8
19453	307627200	17.8
19453	310305600	12.2
19453	312897600	9.2
19453	315576000	5.6
19453	318254400	4.2
19453	320760000	7.5
19453	323438400	12
19453	326030400	17
19453	328708800	21.5
19453	331300800	23.1
19454	-2619172800	5.4
19454	-2616494400	5.6
19454	-2614075200	7.6
19454	-2611396800	13.2
19454	-2608804800	15.9
19454	-2606126400	19.9
19454	-2603534400	24.7
19454	-2600856000	26.1
19454	-2598177600	22.8
19454	-2595585600	18.6
19454	-2592907200	12.4
19454	-2590315200	7.8
19454	-2587636800	6.1
19454	-2584958400	3.8
19454	-2582452800	9.2
19454	-2579774400	13.1
19454	-2577182400	17.1
19454	-2574504000	19.9
19454	-2571912000	25.1
19454	-2569233600	26.7
19454	-2566555200	22.4
19454	-2563963200	17.4
19454	-2561284800	13.7
19454	-2558692800	9.2
19454	-2556014400	4
19454	-2553336000	5.1
19454	-2550916800	8.3
19454	-2548238400	12.2
19454	-2545646400	15.8
19454	-2542968000	21.4
19454	-2540376000	23.7
19454	-2537697600	26
19454	-2535019200	21.6
19454	-2532427200	17.3
19454	-2529748800	11.8
19454	-2527156800	7.5
19454	-2524478400	6
19454	-2521800000	8.2
19454	-2519380800	9.1
19454	-2516702400	13.9
19454	-2514110400	17.2
19454	-2511432000	21.4
19454	-2508840000	24.5
19454	-2506161600	25.8
19454	-2503483200	24
19454	-2500891200	17.2
19454	-2498212800	13.3
19454	-2495620800	10.9
19454	-2492942400	4.3
19454	-2490264000	5.5
19454	-2487844800	8.7
19454	-2485166400	12.6
19454	-2482574400	17.6
19454	-2479896000	20.5
19454	-2477304000	24
19454	-2474625600	25.5
19454	-2471947200	24
19454	-2469355200	18.6
19454	-2466676800	13.2
19454	-2464084800	8.2
19454	-2461406400	5.3
19454	-2458728000	5.6
19454	-2456222400	6.1
19454	-2453544000	13
19454	-2450952000	16.6
19454	-2448273600	21
19454	-2445681600	26.3
19454	-2443003200	26.7
19454	-2440324800	23.5
19454	-2437732800	16.9
19454	-2435054400	11.9
19454	-2432462400	6
19454	-2429784000	4.5
19454	-2427105600	3.5
19454	-2424686400	7.6
19454	-2422008000	12.6
19454	-2419416000	16
19454	-2416737600	19.7
19454	-2414145600	26.5
19454	-2411467200	26.7
19454	-2408788800	24.3
19454	-2406196800	17.1
19454	-2403518400	10.8
19454	-2400926400	7.3
19454	-2398248000	5.6
19454	-2395569600	6.2
19454	-2393150400	8.9
19454	-2390472000	14.1
19454	-2387880000	17.7
19454	-2385201600	23.1
19454	-2382609600	27.1
19454	-2379931200	28.3
19454	-2377252800	23.2
19454	-2374660800	18.1
19454	-2371982400	13.9
19454	-2369390400	8.1
19454	-2366712000	4.1
19454	-2364033600	5
19454	-2361614400	8.2
19454	-2358936000	13.4
19454	-2356344000	17.6
19454	-2353665600	21
19454	-2351073600	23.5
19454	-2348395200	26.8
19454	-2345716800	23.1
19454	-2343124800	18.3
19454	-2340446400	13.1
19454	-2337854400	7.5
19454	-2335176000	5.5
19454	-2332497600	4.9
19454	-2329992000	6.3
19454	-2327313600	13.7
19454	-2324721600	16.3
19454	-2322043200	21.5
19454	-2319451200	24.2
19454	-2316772800	26.3
19454	-2314094400	22.3
19454	-2311502400	17.9
19454	-2308824000	13
19454	-2306232000	7.1
19454	-2303553600	6.3
19454	-2300875200	4.1
19454	-2298456000	3.4
19454	-2295777600	12.5
19454	-2293185600	17.1
19454	-2290507200	20.5
19454	-2287915200	24.8
19454	-2285236800	27.3
19454	-2282558400	22.9
19454	-2279966400	17.1
19454	-2277288000	14.2
19454	-2274696000	6
19454	-2272017600	7.5
19454	-2269339200	6.2
19454	-2266920000	7.9
19454	-2264241600	12.6
19454	-2261649600	17.4
19454	-2258971200	20.8
19454	-2256379200	26.2
19454	-2253700800	27.2
19454	-2251022400	24.2
19454	-2248430400	19.1
19454	-2245752000	14.3
19454	-2243160000	8.8
19454	-2240481600	5.1
19454	-2237803200	6.1
19454	-2235384000	9.4
19454	-2232705600	13.5
19454	-2230113600	18.8
19454	-2227435200	22.6
19454	-2224843200	26
19454	-2222164800	26.2
19454	-2219486400	21.9
19454	-2216894400	15.5
19454	-2214216000	11.6
19454	-2211624000	9.4
19454	-2208945600	4
19454	-2206267200	5
19454	-2203848000	8
19454	-2201169600	13
19454	-2198577600	17.6
19454	-2195899200	20.9
19454	-2193307200	23.8
19454	-2190628800	27
19454	-2187950400	23.8
19454	-2185358400	18.1
19454	-2182680000	12.9
19454	-2180088000	7.6
19454	-2177409600	7.8
19454	-2174731200	3.6
19454	-2172312000	7.8
19454	-2169633600	13.3
19454	-2167041600	16.3
19454	-2164363200	20.5
19454	-2161771200	22.6
19454	-2159092800	26.2
19454	-2156414400	22.5
19454	-2153822400	18.4
19454	-2151144000	12.1
19454	-2148552000	6.5
19454	-2145873600	6
19454	-2143195200	5.4
19454	-2140776000	9.8
19454	-2138097600	11.9
19454	-2135505600	16.7
19454	-2132827200	20.2
19454	-2130235200	23.6
19454	-2127556800	24.5
19454	-2124878400	21.8
19454	-2122286400	17.4
19454	-2119608000	14.5
19454	-2117016000	10.1
19454	-2114337600	6.5
19454	-2111659200	5.9
19454	-2109240000	9.5
19454	-2106561600	13.3
19454	-2103969600	16.5
19454	-2101291200	20.1
19454	-2098699200	23
19454	-2096020800	26.9
19454	-2093342400	24.3
19454	-2090750400	17.7
19454	-2088072000	11.6
19454	-2085480000	6.7
19454	-2082801600	4.5
19454	-2080123200	6.2
19454	-2077617600	7.9
19454	-2074939200	13.5
19454	-2072347200	16.5
19454	-2069668800	21
19454	-2067076800	25.2
19454	-2064398400	27
19454	-2061720000	22.1
19454	-2059128000	17.2
19454	-2056449600	11.4
19454	-2053857600	8.7
19454	-2051179200	7.9
19454	-2048500800	4.7
19454	-2046081600	7.9
19454	-2043403200	12
19454	-2040811200	16.9
19454	-2038132800	20.2
19454	-2035540800	24.6
19454	-2032862400	24.2
19454	-2030184000	22.8
19454	-2027592000	17.9
19454	-2024913600	12.9
19454	-2022321600	9.9
19454	-2019643200	4.9
19454	-2016964800	4.5
19454	-2014545600	7.6
19454	-2011867200	13.1
19454	-2009275200	17.2
19454	-2006596800	20.1
19454	-2004004800	24.2
19454	-2001326400	26
19454	-1998648000	22.5
19454	-1996056000	17.3
19454	-1993377600	11.6
19454	-1990785600	7.6
19454	-1988107200	6.6
19454	-1985428800	3.8
19454	-1983009600	7.8
19454	-1980331200	13
19454	-1977739200	17.3
19454	-1975060800	20.2
19454	-1972468800	23.7
19454	-1969790400	26.5
19454	-1967112000	22.1
19454	-1964520000	17.9
19454	-1961841600	13.2
19454	-1959249600	7.2
19454	-1956571200	6.5
19454	-1953892800	5.4
19454	-1951387200	8.2
19454	-1948708800	12.8
19454	-1946116800	16.9
19454	-1943438400	20.9
19454	-1940846400	23.6
19454	-1938168000	26.1
19454	-1935489600	22.2
19454	-1932897600	17.9
19454	-1930219200	11.6
19454	-1927627200	8.7
19454	-1924948800	5.7
19454	-1922270400	4.6
19454	-1919851200	7.1
19454	-1917172800	13.3
19454	-1914580800	17
19454	-1911902400	20.5
19454	-1909310400	24.5
19454	-1906632000	26.2
19454	-1903953600	23.7
19454	-1901361600	17.2
19454	-1898683200	13
19454	-1896091200	7
19454	-1893412800	6.7
19454	-1890734400	4.3
19454	-1888315200	7.2
19454	-1885636800	12.3
19454	-1883044800	16.9
19454	-1880366400	20.8
19454	-1877774400	24.8
19454	-1875096000	26.3
19454	-1872417600	22.4
19454	-1869825600	17.3
19454	-1867147200	12.2
19454	-1864555200	6
19454	-1861876800	5.4
19454	-1859198400	5.8
19454	-1856779200	8.8
19454	-1854100800	12.7
19454	-1851508800	17.1
19454	-1848830400	20.6
19454	-1846238400	24.6
19454	-1843560000	26.2
19454	-1840881600	24.3
19454	-1838289600	17
19454	-1835611200	13.1
19454	-1833019200	7.2
19454	-1830340800	4.9
19454	-1827662400	7.5
19454	-1825156800	9.1
19454	-1822478400	13.1
19454	-1819886400	16.9
19454	-1817208000	20.9
19454	-1814616000	24
19454	-1811937600	26.3
19454	-1809259200	21.6
19454	-1806667200	16.7
19454	-1803988800	10.9
19454	-1801396800	7.6
19454	-1798718400	5
19454	-1796040000	5.2
19454	-1793620800	7.5
19454	-1790942400	13.9
19454	-1788350400	16.4
19454	-1785672000	20.3
19454	-1783080000	23.8
19454	-1780401600	25.3
19454	-1777723200	21.6
19454	-1775131200	17.4
19454	-1772452800	12.5
19454	-1769860800	7.1
19454	-1767182400	6.2
19454	-1764504000	6.2
19454	-1762084800	10.1
19454	-1759406400	12.2
19454	-1756814400	17.5
19454	-1754136000	20.5
19454	-1751544000	26.9
19454	-1748865600	27.1
19454	-1746187200	23.9
19454	-1743595200	17.9
19454	-1740916800	13.5
19454	-1738324800	8.6
19454	-1735646400	5.7
19454	-1732968000	5.9
19454	-1730548800	7.3
19454	-1727870400	12.5
19454	-1725278400	16.7
19454	-1722600000	20.9
19454	-1720008000	25.2
19454	-1717329600	26.5
19454	-1714651200	23.1
19454	-1712059200	19.4
19454	-1709380800	14
19454	-1706788800	9
19454	-1704110400	7.6
19454	-1701432000	6
19454	-1698926400	6.6
19454	-1696248000	13.1
19454	-1693656000	17.4
19454	-1690977600	22.6
19454	-1688385600	24.7
19454	-1685707200	26.9
19454	-1683028800	24.8
19454	-1680436800	18.5
19454	-1677758400	13.8
19454	-1675166400	8.7
19454	-1672488000	3
19454	-1669809600	4.3
19454	-1667390400	7.1
19454	-1664712000	12.6
19454	-1662120000	16
19454	-1659441600	20.1
19454	-1656849600	26
19454	-1654171200	26
19454	-1651492800	24
19454	-1648900800	17.8
19454	-1646222400	10.4
19454	-1643630400	5.1
19454	-1640952000	3.3
19454	-1638273600	5.1
19454	-1635854400	7.8
19454	-1633176000	12.3
19454	-1630584000	16.2
19454	-1627905600	20.1
19454	-1625313600	24.5
19454	-1622635200	25.2
19454	-1619956800	22.1
19454	-1617364800	17.9
19454	-1614686400	12.1
19454	-1612094400	7.7
19454	-1609416000	5.1
19454	-1606737600	5.7
19454	-1604318400	9.4
19454	-1601640000	13.6
19454	-1599048000	17.5
19454	-1596369600	21.2
19454	-1593777600	24.8
19454	-1591099200	25.7
19454	-1588420800	22.6
19454	-1585828800	17.8
19454	-1583150400	13
19454	-1580558400	7.2
19454	-1577880000	5.1
19454	-1575201600	5
19454	-1572696000	8.1
19454	-1570017600	13.2
19454	-1567425600	15.8
19454	-1564747200	20.6
19454	-1562155200	25.8
19454	-1559476800	26
19454	-1556798400	23.7
19454	-1554206400	18.1
19454	-1551528000	14.6
19454	-1548936000	8.3
19454	-1546257600	6.6
19454	-1543579200	6.1
19454	-1541160000	7.5
19454	-1538481600	13.4
19454	-1535889600	16.8
19454	-1533211200	19
19454	-1530619200	24.6
19454	-1527940800	27.1
19454	-1525262400	22.3
19454	-1522670400	17.2
19454	-1519992000	10.8
19454	-1517400000	7.4
19454	-1514721600	3.5
19454	-1512043200	7.5
19454	-1509624000	7.7
19454	-1506945600	13.9
19454	-1504353600	18
19454	-1501675200	22
19454	-1499083200	25.1
19454	-1496404800	28.2
19454	-1493726400	24.1
19454	-1491134400	18.2
19454	-1488456000	12.1
19454	-1485864000	7.1
19454	-1483185600	4.4
19454	-1480507200	4.6
19454	-1478088000	9.5
19454	-1475409600	12.8
19454	-1472817600	18.1
19454	-1470139200	20.6
19454	-1467547200	23.8
19454	-1464868800	28
19454	-1462190400	23.4
19454	-1459598400	17.4
19454	-1456920000	12.4
19454	-1454328000	7.8
19454	-1451649600	5.6
19454	-1448971200	5.3
19454	-1446465600	6.2
19454	-1443787200	13.4
19454	-1441195200	16.4
19454	-1438516800	19.9
19454	-1435924800	26
19454	-1433246400	26.5
19454	-1430568000	22.2
19454	-1427976000	18
19454	-1425297600	11
19454	-1422705600	7.3
19454	-1420027200	5.1
19454	-1417348800	4
19454	-1414929600	7.8
19454	-1412251200	12.3
19454	-1409659200	17.2
19454	-1406980800	20.8
19454	-1404388800	24.4
19454	-1401710400	26.9
19454	-1399032000	23.3
19454	-1396440000	17.8
19454	-1393761600	13.7
19454	-1391169600	7.4
19454	-1388491200	4.9
19454	-1385812800	5.8
19454	-1383393600	8
19454	-1380715200	12.4
19454	-1378123200	16.7
19454	-1375444800	20.1
19454	-1372852800	24.9
19454	-1370174400	27.7
19454	-1367496000	24
19454	-1364904000	16.8
19454	-1362225600	12.5
19454	-1359633600	6.3
19454	-1356955200	5.2
19454	-1354276800	4.5
19454	-1351857600	7.8
19454	-1349179200	12.6
19454	-1346587200	16.5
19454	-1343908800	20.8
19454	-1341316800	25.8
19454	-1338638400	26.3
19454	-1335960000	21.7
19454	-1333368000	17.3
19454	-1330689600	13.7
19454	-1328097600	8.7
19454	-1325419200	5.2
19454	-1322740800	5.2
19454	-1320235200	8.1
19454	-1317556800	13.6
19454	-1314964800	18.2
19454	-1312286400	21
19454	-1309694400	25.1
19454	-1307016000	25.8
19454	-1304337600	24.3
19454	-1301745600	18.1
19454	-1299067200	13
19454	-1296475200	7.9
19454	-1293796800	4.9
19454	-1291118400	4.2
19454	-1288699200	8.4
19454	-1286020800	12.7
19454	-1283428800	16.9
19454	-1280750400	21.4
19454	-1278158400	25.3
19454	-1275480000	27.5
19454	-1272801600	22.4
19454	-1270209600	17.4
19454	-1267531200	11.7
19454	-1264939200	9.8
19454	-1262260800	4.9
19454	-1259582400	7.2
19454	-1257163200	9.7
19454	-1254484800	14.4
19454	-1251892800	18
19454	-1249214400	21.4
19454	-1246622400	27.1
19454	-1243944000	27
19454	-1241265600	22.5
19454	-1238673600	17.8
19454	-1235995200	11.2
19454	-1233403200	8.6
19454	-1230724800	6.2
19454	-1228046400	5.5
19454	-1225627200	8.9
19454	-1222948800	12.3
19454	-1220356800	16.8
19454	-1217678400	20.9
19454	-1215086400	23.1
19454	-1212408000	26.7
19454	-1209729600	22.9
19454	-1207137600	17
19454	-1204459200	13.8
19454	-1201867200	8.9
19454	-1199188800	7.4
19454	-1196510400	5.1
19454	-1194004800	7.5
19454	-1191326400	12.2
19454	-1188734400	17.1
19454	-1186056000	20.4
19454	-1183464000	25.5
19454	-1180785600	26.5
19454	-1178107200	21.6
19454	-1175515200	16.7
19454	-1172836800	12.6
19454	-1170244800	8.4
19454	-1167566400	4.1
19454	-1164888000	4.9
19454	-1162468800	7
19454	-1159790400	12.7
19454	-1157198400	17.9
19454	-1154520000	22
19454	-1151928000	26.4
19454	-1149249600	26.5
19454	-1146571200	23.4
19454	-1143979200	17.7
19454	-1141300800	13
19454	-1138708800	8.7
19454	-1136030400	3.3
19454	-1133352000	5.2
19454	-1130932800	7.2
19454	-1128254400	12.1
19454	-1125662400	17.9
19454	-1122984000	21.6
19454	-1120392000	26.2
19454	-1117713600	26.9
19454	-1115035200	21.9
19454	-1112443200	16.3
19454	-1109764800	11.7
19454	-1107172800	9.3
19454	-1104494400	5.8
19454	-1101816000	6.4
19454	-1099396800	9.3
19454	-1096718400	12.9
19454	-1094126400	17.6
19454	-1091448000	20.7
19454	-1088856000	25.1
19454	-1086177600	26.5
19454	-1083499200	21.8
19454	-1080907200	18.2
19454	-1078228800	13.4
19454	-1075636800	6.8
19454	-1072958400	2.8
19454	-1070280000	3.7
19454	-1067774400	5.5
19454	-1065096000	11.7
19454	-1062504000	16.2
19454	-1059825600	21.1
19454	-1057233600	23.9
19454	-1054555200	25.6
19454	-1051876800	23.9
19454	-1049284800	18
19454	-1046606400	12.3
19454	-1044014400	9.1
19454	-1041336000	6.3
19454	-1038657600	7
19454	-1036238400	8.7
19454	-1033560000	13.7
19454	-1030968000	17.4
19454	-1028289600	20.6
19454	-1025697600	25.3
19454	-1023019200	27.3
19454	-1020340800	23.3
19454	-1017748800	18
19454	-1015070400	13.4
19454	-1012478400	7.1
19454	-1009800000	4.1
19454	-1007121600	4.6
19454	-1004702400	9.3
19454	-1002024000	13.7
19454	-999432000	17.9
19454	-996753600	20.6
19454	-994161600	25.1
19454	-991483200	26.3
19454	-988804800	22.2
19454	-986212800	19
19454	-983534400	12
19454	-980942400	8.2
19454	-978264000	4.7
19454	-975585600	5.3
19454	-973166400	8
19454	-970488000	13
19454	-967896000	17.3
19454	-965217600	20.9
19454	-962625600	25.9
19454	-959947200	26.7
19454	-957268800	23.4
19454	-954676800	18.4
19454	-951998400	13.6
19454	-949406400	8.1
19454	-946728000	4.9
19454	-944049600	4.8
19454	-941544000	8
19454	-938865600	12.3
19454	-936273600	17.3
19454	-933595200	21.2
19454	-931003200	26.2
19454	-928324800	25.5
19454	-925646400	22.6
19454	-923054400	18.6
19454	-920376000	13.9
19454	-917784000	9.4
19454	-915105600	6.7
19454	-912427200	6
19454	-910008000	9.5
19454	-907329600	13
19454	-904737600	17.9
19454	-902059200	21.2
19454	-899467200	23.8
19454	-896788800	25.3
19454	-894110400	21.3
19454	-891518400	16.9
19454	-888840000	14.1
19454	-886248000	9.1
19454	-883569600	4.8
19454	-880891200	4.7
19454	-878472000	10
19454	-875793600	12.9
19454	-873201600	16.1
19454	-870523200	20.8
19454	-867931200	27.1
19454	-865252800	27.1
19454	-862574400	23.2
19454	-859982400	17.1
19454	-857304000	12.2
19454	-854712000	7.4
19454	-852033600	3.9
19454	-849355200	5.2
19454	-846936000	8.5
19454	-844257600	12
19454	-841665600	17.4
19454	-838987200	20.8
19454	-836395200	24.1
19454	-833716800	26.4
19454	-831038400	23.3
19454	-828446400	18.1
19454	-825768000	12.5
19454	-823176000	8.9
19454	-820497600	6
19454	-817819200	5.1
19454	-815313600	7.6
19454	-812635200	12.1
19454	-810043200	17.8
19454	-807364800	21.8
19454	-804772800	25.9
19454	-802094400	26.7
19454	-799416000	23.4
19454	-796824000	17.7
19454	-794145600	13.6
19454	-791553600	5.9
19454	-788875200	3.2
19454	-786196800	3.7
19454	-783777600	7.8
19454	-781099200	14
19454	-778507200	15.6
19454	-775828800	21
19454	-773236800	24
19454	-770558400	26.8
19454	-767880000	23
19454	-765288000	17.6
19454	-762609600	13.1
19454	-760017600	7.4
19454	-757339200	6
19454	-754660800	5.8
19454	-752241600	7.5
19454	-749563200	13.2
19454	-746971200	17
19454	-744292800	21.5
19454	-741700800	25.6
19454	-739022400	26.4
19454	-736344000	23.2
19454	-733752000	17.8
19454	-731073600	14.6
19454	-728481600	6.9
19454	-725803200	6.1
19454	-723124800	3.2
19454	-720705600	7.1
19454	-718027200	12.7
19454	-715435200	15.5
19454	-712756800	19.1
19454	-710164800	25.2
19454	-707486400	26.7
19454	-704808000	23.3
19454	-702216000	16.5
19454	-699537600	11.9
19454	-696945600	6.2
19454	-694267200	5.2
19454	-691588800	6.4
19454	-689083200	8.1
19454	-686404800	13.5
19454	-683812800	17.4
19454	-681134400	21.1
19454	-678542400	24.8
19454	-675864000	26.1
19454	-673185600	23.2
19454	-670593600	18.8
19454	-667915200	13
19454	-665323200	11.1
19454	-662644800	6.1
19454	-659966400	6.9
19454	-657547200	7.7
19454	-654868800	11.9
19454	-652276800	17.4
19454	-649598400	19.5
19454	-647006400	23.6
19454	-644328000	26.1
19454	-641649600	23
19454	-639057600	17
19454	-636379200	12.4
19454	-633787200	8.2
19454	-631108800	7
19454	-628430400	6.1
19454	-626011200	8.4
19454	-623332800	13.6
19454	-620740800	18
19454	-618062400	20.4
19454	-615470400	25.3
19454	-612792000	26.4
19454	-610113600	23.1
19454	-607521600	17.8
19454	-604843200	12.8
19454	-602251200	6.8
19454	-599572800	5.2
19454	-596894400	6.9
19454	-594475200	7.8
19454	-591796800	12.5
19454	-589204800	17.4
19454	-586526400	20.4
19454	-583934400	23.4
19454	-581256000	27
19454	-578577600	21.4
19454	-575985600	18.4
19454	-573307200	12.8
19454	-570715200	9.6
19454	-568036800	5.8
19454	-565358400	5.1
19454	-562852800	7.9
19454	-560174400	13.3
19454	-557582400	17.3
19454	-554904000	20.2
19454	-552312000	24.4
19454	-549633600	26.3
19454	-546955200	22.9
19454	-544363200	17.3
19454	-541684800	14.7
19454	-539092800	8
19454	-536414400	5.3
19454	-533736000	5.7
19454	-531316800	9
19454	-528638400	12.5
19454	-526046400	17.5
19454	-523368000	20.2
19454	-520776000	25.7
19454	-518097600	27.1
19454	-515419200	23.5
19454	-512827200	19.2
19454	-510148800	12.7
19454	-507556800	10
19454	-504878400	7.5
19454	-502200000	6.9
19454	-499780800	8.8
19454	-497102400	13.9
19454	-494510400	17.6
19454	-491832000	19.5
19454	-489240000	23.1
19454	-486561600	27
19454	-483883200	23.5
19454	-481291200	17.3
19454	-478612800	14.8
19454	-476020800	8.5
19454	-473342400	4.9
19454	-470664000	7.3
19454	-468244800	9.7
19454	-465566400	13.9
19454	-462974400	17.5
19454	-460296000	22.3
19454	-457704000	25.9
19454	-455025600	26.5
19454	-452347200	23.6
19454	-449755200	17.2
19454	-447076800	11.9
19454	-444484800	9.4
19454	-441806400	5.8
19454	-439128000	4.8
19454	-436622400	8.4
19454	-433944000	13
19454	-431352000	16.3
19454	-428673600	20.8
19454	-426081600	25.4
19454	-423403200	25.3
19454	-420724800	23.2
19454	-418132800	18.3
19454	-415454400	11.7
19454	-412862400	6.1
19454	-410184000	6.6
19454	-407505600	4.7
19454	-405086400	7.1
19454	-402408000	13.5
19454	-399816000	17.3
19454	-397137600	20.5
19454	-394545600	24.5
19454	-391867200	26.1
19454	-389188800	20.8
19454	-386596800	17.3
19454	-383918400	13.7
19454	-381326400	8.7
19454	-378648000	5.5
19454	-375969600	6.7
19454	-373550400	8.9
19454	-370872000	13.7
19454	-368280000	17.1
19454	-365601600	21.8
19454	-363009600	26.8
19454	-360331200	25.8
19454	-357652800	23.8
19454	-355060800	17.8
19454	-352382400	13.5
19454	-349790400	10.1
19454	-347112000	5
19454	-344433600	8.7
19454	-342014400	10
19454	-339336000	13.7
19454	-336744000	17.8
19454	-334065600	21.2
19454	-331473600	25.5
19454	-328795200	26.9
19454	-326116800	24.2
19454	-323524800	18.9
19454	-320846400	14.2
19454	-318254400	9.1
19454	-315576000	5.7
19454	-312897600	7.9
19454	-310392000	10
19454	-307713600	12.9
19454	-305121600	17.4
19454	-302443200	21.2
19454	-299851200	26.2
19454	-297172800	27.7
19454	-294494400	23.5
19454	-291902400	18.2
19454	-289224000	13.6
19454	-286632000	7.5
19455	-481291200	16.6
19455	-478612800	14
19455	-476020800	8
19455	-473342400	4.3
19455	-470664000	6.7
19455	-468244800	9.6
19455	-465566400	14.1
19455	-462974400	18.1
19455	-460296000	23
19455	-457704000	26.6
19455	-455025600	27.5
19455	-452347200	23.8
19455	-449755200	17.8
19455	-447076800	11.4
19455	-444484800	8.7
19455	-441806400	5
19455	-439128000	4.5
19455	-436622400	8.5
19455	-433944000	13.2
19455	-431352000	16.9
19455	-428673600	21.6
19455	-426081600	26.5
19455	-423403200	26.1
19455	-420724800	23.6
19455	-418132800	18.4
19455	-415454400	11.3
19455	-412862400	5.4
19455	-410184000	6.3
19455	-407505600	4.7
19455	-405086400	7.2
19455	-402408000	14.7
19455	-399816000	17
19455	-397137600	21.2
19455	-394545600	25.6
19455	-391867200	27
19455	-389188800	21.5
19455	-386596800	17.3
19455	-383918400	13.1
19455	-381326400	8
19455	-378648000	5.2
19455	-375969600	6.3
19455	-373550400	8.3
19455	-370872000	13.8
19455	-368280000	17.5
19455	-365601600	22.3
19455	-363009600	26.7
19455	-360331200	26.5
19455	-357652800	24.3
19455	-355060800	17.2
19455	-352382400	12.8
19455	-349790400	9.2
19455	-347112000	4.9
19455	-344433600	8.1
19455	-342014400	9.7
19455	-339336000	13.8
19455	-336744000	18.3
19455	-334065600	22.5
19455	-331473600	26.5
19455	-328795200	27.6
19455	-326116800	24.7
19455	-323524800	18.7
19455	-320846400	13.9
19455	-318254400	8.4
19455	-315576000	5.4
19455	-312897600	7.6
19455	-310392000	10.2
19455	-307713600	12.8
19455	-305121600	18.1
19455	-302443200	21.9
19455	-299851200	27.3
19455	-297172800	28
19455	-294494400	24
19455	-291902400	18.1
19455	-289224000	13.5
19455	-286632000	6.9
19455	-283953600	4
19455	-281275200	4.8
19455	-278856000	9.5
19455	-276177600	14
19455	-273585600	18.4
19455	-270907200	22.4
19455	-268315200	28.1
19455	-265636800	28.3
19455	-262958400	25.6
19455	-260366400	20.4
19455	-257688000	13.8
19455	-255096000	8.1
19455	-252417600	4.6
19455	-249739200	6.2
19455	-247320000	8.5
19455	-244641600	12.6
19455	-242049600	17.7
19455	-239371200	20.7
19455	-236779200	26.1
19455	-234100800	27.5
19455	-231422400	23.8
19455	-228830400	17.4
19455	-226152000	12
19455	-223560000	8
19455	-220881600	2.3
19455	-218203200	3.2
19455	-215784000	7.8
19455	-213105600	13.8
19455	-210513600	18.8
19455	-207835200	22.3
19455	-205243200	26.5
19455	-202564800	26.8
19455	-199886400	22
19455	-197294400	16.8
19455	-194616000	12.3
19455	-192024000	8.5
19455	-189345600	6.7
19455	-186667200	4.4
19455	-184161600	7.9
19455	-181483200	17.4
19455	-178891200	18.7
19455	-176212800	21.2
19455	-173620800	27.9
19455	-170942400	28.5
19455	-168264000	24.6
19455	-165672000	18.4
19455	-162993600	12.2
19455	-160401600	7.9
19455	-157723200	5
19455	-155044800	5.3
19455	-152625600	7.2
19455	-149947200	11.8
19455	-147355200	18.1
19455	-144676800	21.3
19455	-142084800	26
19455	-139406400	26.8
19455	-136728000	21.2
19455	-134136000	16.5
19455	-131457600	12.8
19455	-128865600	7
19455	-126187200	4.7
19455	-123508800	7.3
19455	-121089600	9.5
19455	-118411200	13.3
19455	-115819200	17.6
19455	-113140800	20.7
19455	-110548800	24.6
19455	-107870400	26.6
19455	-105192000	22
19455	-102600000	18.6
19455	-99921600	11.8
19455	-97329600	6.4
19455	-94651200	4.7
19455	-91972800	5.4
19455	-89553600	8.8
19455	-86875200	13.8
19455	-84283200	18.8
19455	-81604800	22.6
19455	-79012800	26.1
19455	-76334400	28.6
19455	-73656000	24.2
19455	-71064000	17.6
19455	-68385600	12.5
19455	-65793600	5.1
19455	-63115200	4.7
19455	-60436800	2.8
19455	-57931200	8.2
19455	-55252800	14
19455	-52660800	17.6
19455	-49982400	21.5
19455	-47390400	25.1
19455	-44712000	26.9
19455	-42033600	22.7
19455	-39441600	16.7
19455	-36763200	12.8
19455	-34171200	10
19455	-31492800	5.8
19455	-28814400	6
19455	-26395200	7.4
19455	-23716800	14
19455	-21124800	18.5
19455	-18446400	20.6
19455	-15854400	25.5
19455	-13176000	27.5
19455	-10497600	24.5
19455	-7905600	17.3
19455	-5227200	11.5
19455	-2635200	6.4
19456	-2871633600	4.1
19456	-2868955200	5.8
19456	-2866536000	7.8
19456	-2863857600	11.7
19456	-2861265600	17.9
19456	-2858587200	21.4
19456	-2855995200	26.1
19456	-2853316800	27.7
19456	-2850638400	21.6
19456	-2848046400	15.4
19456	-2845368000	9.9
19456	-2842776000	7.2
19456	-2840097600	3
19456	-2837419200	6.4
19456	-2834913600	8
19456	-2832235200	12.3
19456	-2829643200	17.7
19456	-2826964800	20.2
19456	-2824372800	25.7
19456	-2821694400	25.8
19456	-2819016000	22.6
19456	-2816424000	17.3
19456	-2813745600	9.7
19456	-2811153600	4.3
19456	-2808475200	1.9
19456	-2805796800	3.5
19456	-2803377600	5.4
19456	-2800699200	11.5
19456	-2798107200	16.9
19456	-2795428800	21.1
19456	-2792836800	25.6
19456	-2790158400	27.5
19456	-2787480000	23.2
19456	-2784888000	15.9
19456	-2782209600	11.3
19456	-2779617600	5
19456	-2776939200	5.4
19456	-2774260800	5.1
19456	-2771841600	6.3
19456	-2769163200	12.8
19456	-2766571200	16.2
19456	-2763892800	20
19456	-2761300800	24.7
19456	-2758622400	25.7
19456	-2755944000	21.7
19456	-2753352000	17.3
19456	-2750673600	10.3
19456	-2748081600	4.8
19456	-2745403200	3.5
19456	-2742724800	4.6
19456	-2740305600	6.5
19456	-2737627200	12.7
19456	-2735035200	16.7
19456	-2732356800	21.6
19456	-2729764800	26.3
19456	-2727086400	27.2
19456	-2724408000	22.5
19456	-2721816000	18.1
19456	-2719137600	10.1
19456	-2716545600	4.2
19456	-2713867200	3.3
19456	-2711188800	2.6
19456	-2708683200	6.6
19456	-2706004800	11.2
19456	-2703412800	16.1
19456	-2700734400	20
19456	-2698142400	24.6
19456	-2695464000	24.7
19456	-2692785600	23
19456	-2690193600	15.4
19456	-2687515200	8.6
19456	-2684923200	3.8
19456	-2682244800	2.7
19456	-2679566400	2.5
19456	-2677147200	5.2
19456	-2674468800	11.7
19456	-2671876800	16.3
19456	-2669198400	20.7
19456	-2666606400	23.9
19456	-2663928000	26.5
19456	-2661249600	22.9
19456	-2658657600	16.9
19456	-2655979200	10
19456	-2653387200	6.4
19456	-2650708800	2.8
19456	-2648030400	1.4
19456	-2645611200	7.3
19456	-2642932800	13
19456	-2640340800	16.6
19456	-2637662400	19.9
19456	-2635070400	25.7
19456	-2632392000	26.7
19456	-2629713600	22.5
19456	-2627121600	17.3
19456	-2624443200	11
19456	-2621851200	5.1
19456	-2619172800	4.3
19456	-2616494400	4.4
19456	-2614075200	6.6
19456	-2611396800	12.6
19456	-2608804800	15.6
19456	-2606126400	19.9
19456	-2603534400	24.9
19456	-2600856000	26.3
19456	-2598177600	22
19456	-2595585600	17.9
19456	-2592907200	10.7
19456	-2590315200	5.8
19456	-2587636800	4.4
19456	-2584958400	2.9
19456	-2582452800	8.1
19456	-2579774400	12.9
19456	-2577182400	17.2
19456	-2574504000	19.8
19456	-2571912000	25.5
19456	-2569233600	26.6
19456	-2566555200	21.2
19456	-2563963200	15.3
19456	-2561284800	12.4
19456	-2558692800	6.5
19456	-2556014400	3
19456	-2553336000	3.6
19456	-2550916800	7.6
19456	-2548238400	12.2
19456	-2545646400	15.9
19456	-2542968000	21.3
19456	-2540376000	24.4
19456	-2537697600	26.8
19456	-2535019200	20.9
19456	-2532427200	16
19456	-2529748800	10.1
19456	-2527156800	6
19456	-2524478400	4.4
19456	-2521800000	7.1
19456	-2519380800	8.9
19456	-2516702400	13.8
19456	-2514110400	17.2
19456	-2511432000	21.2
19456	-2508840000	24.8
19456	-2506161600	26.8
19456	-2503483200	23.4
19456	-2500891200	16.2
19456	-2498212800	11.5
19456	-2495620800	9.5
19456	-2492942400	3
19456	-2490264000	5
19456	-2487844800	8.4
19456	-2485166400	12.2
19456	-2482574400	17.1
19456	-2479896000	20.5
19456	-2477304000	24.4
19456	-2474625600	25.8
19456	-2471947200	23.8
19456	-2469355200	17.3
19456	-2466676800	11.3
19456	-2464084800	5.7
19456	-2461406400	4
19456	-2458728000	4.2
19456	-2456222400	5.6
19456	-2453544000	12.7
19456	-2450952000	16.7
19456	-2448273600	21.2
19456	-2445681600	26.8
19456	-2443003200	26.5
19456	-2440324800	23.4
19456	-2437732800	15.9
19456	-2435054400	10.3
19456	-2432462400	3.9
19456	-2429784000	2.5
19456	-2427105600	1.7
19456	-2424686400	6.4
19456	-2422008000	11.6
19456	-2419416000	15.5
19456	-2416737600	19.5
19456	-2414145600	26.5
19456	-2411467200	26.6
19456	-2408788800	23.6
19456	-2406196800	16.1
19456	-2403518400	9
19456	-2400926400	4.9
19456	-2398248000	4
19456	-2395569600	4
19456	-2393150400	8
19456	-2390472000	13.5
19456	-2387880000	16.4
19456	-2385201600	23.1
19456	-2382609600	27
19456	-2379931200	27
19456	-2377252800	22.2
19456	-2374660800	16.8
19456	-2371982400	12.1
19456	-2369390400	6.6
19456	-2366712000	2.9
19456	-2364033600	3.5
19456	-2361614400	7.6
19456	-2358936000	12.5
19456	-2356344000	16.9
19456	-2353665600	20.8
19456	-2351073600	23.7
19456	-2348395200	27.2
19456	-2345716800	22.5
19456	-2343124800	17.4
19456	-2340446400	11.1
19456	-2337854400	5.6
19456	-2335176000	3.8
19456	-2332497600	3.7
19456	-2329992000	5.6
19456	-2327313600	13.5
19456	-2324721600	16
19456	-2322043200	21.5
19456	-2319451200	24.2
19456	-2316772800	25.9
19456	-2314094400	21.8
19456	-2311502400	16.2
19456	-2308824000	10.9
19456	-2306232000	5.3
19456	-2303553600	5.3
19456	-2300875200	3.2
19456	-2298456000	7.4
19456	-2295777600	11.4
19456	-2293185600	16.4
19456	-2290507200	19.8
19456	-2287915200	24.9
19456	-2285236800	26.8
19456	-2282558400	21.8
19456	-2279966400	15
19456	-2277288000	12.3
19456	-2274696000	4.4
19456	-2272017600	5.7
19456	-2269339200	5.2
19456	-2266920000	6.9
19456	-2264241600	11
19456	-2261649600	16.7
19456	-2258971200	20.9
19456	-2256379200	25.9
19456	-2253700800	26.9
19456	-2251022400	22.9
19456	-2248430400	17.5
19456	-2245752000	12.4
19456	-2243160000	6.7
19456	-2240481600	3.6
19456	-2237803200	5.4
19456	-2235384000	8.3
19456	-2232705600	12.5
19456	-2230113600	17.8
19456	-2227435200	22.2
19456	-2224843200	25.4
19456	-2222164800	25.3
19456	-2219486400	20.4
19456	-2216894400	13.7
19456	-2214216000	9.4
19456	-2211624000	7
19456	-2208945600	2.9
19456	-2206267200	3.4
19456	-2203848000	6.4
19456	-2201169600	12.3
19456	-2198577600	16.8
19456	-2195899200	20.2
19456	-2193307200	23.6
19456	-2190628800	26.9
19456	-2187950400	23.2
19456	-2185358400	16.5
19456	-2182680000	11.2
19456	-2180088000	5.9
19456	-2177409600	6.2
19456	-2174731200	2.1
19456	-2172312000	6.3
19456	-2169633600	12.8
19456	-2167041600	15.7
19456	-2164363200	20.4
19456	-2161771200	23.1
19456	-2159092800	26
19456	-2156414400	21.5
19456	-2153822400	17.7
19456	-2151144000	10.3
19456	-2148552000	5.1
19456	-2145873600	4
19456	-2143195200	4
19456	-2140776000	8.9
19456	-2138097600	11
19456	-2135505600	16.4
19456	-2132827200	20.2
19456	-2130235200	23.5
19456	-2127556800	24.7
19456	-2124878400	21.7
19456	-2122286400	16.1
19456	-2119608000	12.7
19456	-2117016000	8.4
19456	-2114337600	5.1
19456	-2111659200	4.7
19456	-2109240000	9.1
19456	-2106561600	13.1
19456	-2103969600	15.8
19456	-2101291200	20.4
19456	-2098699200	23.2
19456	-2096020800	26.5
19456	-2093342400	23.1
19456	-2090750400	16.4
19456	-2088072000	10.1
19456	-2085480000	4.6
19456	-2082801600	3.2
19456	-2080123200	4.9
19456	-2077617600	7.1
19456	-2074939200	13.1
19456	-2072347200	16.1
19456	-2069668800	20.9
19456	-2067076800	25.7
19456	-2064398400	26.3
19456	-2061720000	21.5
19456	-2059128000	16.2
19456	-2056449600	9
19456	-2053857600	6.8
19456	-2051179200	5.9
19456	-2048500800	3.4
19456	-2046081600	7.4
19456	-2043403200	11.4
19456	-2040811200	16.7
19456	-2038132800	20.7
19456	-2035540800	25.3
19456	-2032862400	24.1
19456	-2030184000	22.1
19456	-2027592000	16.7
19456	-2024913600	11.3
19456	-2022321600	8.5
19456	-2019643200	3.6
19456	-2016964800	3.9
19456	-2014545600	7.1
19456	-2011867200	11.9
19456	-2009275200	16.7
19456	-2006596800	20.4
19456	-2004004800	25
19456	-2001326400	26
19456	-1998648000	21.5
19456	-1996056000	16.2
19456	-1993377600	10.5
19456	-1990785600	5.8
19456	-1988107200	5.4
19456	-1985428800	2.7
19456	-1983009600	6.9
19456	-1980331200	12.5
19456	-1977739200	16.8
19456	-1975060800	20
19456	-1972468800	24.3
19456	-1969790400	26.5
19456	-1967112000	21.8
19456	-1964520000	16.6
19456	-1961841600	11.8
19456	-1959249600	5.3
19456	-1956571200	5.3
19456	-1953892800	4.2
19456	-1951387200	7.3
19456	-1948708800	12.8
19456	-1946116800	16.8
19456	-1943438400	21
19456	-1940846400	23.9
19456	-1938168000	25.9
19456	-1935489600	21.1
19456	-1932897600	16.8
19456	-1930219200	9.5
19456	-1927627200	6.9
19456	-1924948800	4.6
19456	-1922270400	3.3
19456	-1919851200	6.2
19456	-1917172800	12.7
19456	-1914580800	16.4
19456	-1911902400	20.9
19456	-1909310400	25.3
19456	-1906632000	27
19456	-1903953600	23.1
19456	-1901361600	15.7
19456	-1898683200	11.2
19456	-1896091200	5.5
19456	-1893412800	5.9
19456	-1890734400	2.9
19456	-1888315200	6.3
19456	-1885636800	12
19456	-1883044800	17.1
19456	-1880366400	21
19456	-1877774400	25.3
19456	-1875096000	25.8
19456	-1872417600	21.8
19456	-1869825600	16.6
19456	-1867147200	10.8
19456	-1864555200	4.9
19456	-1861876800	4.6
19456	-1859198400	5.2
19456	-1856779200	8.4
19456	-1854100800	12.3
19456	-1851508800	16.7
19456	-1848830400	20.7
19456	-1846238400	25.1
19456	-1843560000	26.4
19456	-1840881600	24
19456	-1838289600	15.9
19456	-1835611200	11.9
19456	-1833019200	5.9
19456	-1830340800	4
19456	-1827662400	7
19456	-1825156800	8.3
19456	-1822478400	12.8
19456	-1819886400	16.7
19456	-1817208000	21
19456	-1814616000	24.4
19456	-1811937600	26.3
19456	-1809259200	21.2
19456	-1806667200	15.9
19456	-1803988800	9.6
19456	-1801396800	6.1
19456	-1798718400	3.7
19456	-1796040000	3.9
19456	-1793620800	6.3
19456	-1790942400	13.9
19456	-1788350400	16.3
19456	-1785672000	20.5
19456	-1783080000	23.8
19456	-1780401600	25.3
19456	-1777723200	20.5
19456	-1775131200	16.5
19456	-1772452800	10.8
19456	-1769860800	5.7
19456	-1767182400	4.1
19456	-1764504000	5.2
19456	-1762084800	9.4
19456	-1759406400	11.5
19456	-1756814400	17.3
19456	-1754136000	20.6
19456	-1751544000	27.3
19456	-1748865600	27.2
19456	-1746187200	23.5
19456	-1743595200	16.4
19456	-1740916800	12.1
19456	-1738324800	6.9
19456	-1735646400	4.4
19456	-1732968000	4.5
19456	-1730548800	6.4
19456	-1727870400	12.4
19456	-1725278400	16.5
19456	-1722600000	21.5
19456	-1720008000	25.7
19456	-1717329600	26.6
19456	-1714651200	23.4
19456	-1712059200	18.7
19456	-1709380800	12.3
19456	-1706788800	6.9
19456	-1704110400	6
19456	-1701432000	4.8
19456	-1698926400	5.8
19456	-1696248000	12.9
19456	-1693656000	17.6
19456	-1690977600	22.8
19456	-1688385600	25
19456	-1685707200	26.7
19456	-1683028800	23.9
19456	-1680436800	17.6
19456	-1677758400	13
19456	-1675166400	6.8
19456	-1672488000	2
19456	-1669809600	3.5
19456	-1667390400	6.4
19456	-1664712000	12.2
19456	-1662120000	15.5
19456	-1659441600	20.4
19456	-1656849600	26.4
19456	-1654171200	25.6
19456	-1651492800	23.3
19456	-1648900800	16.8
19456	-1646222400	8.6
19456	-1643630400	3.6
19456	-1640952000	2.2
19456	-1638273600	4.2
19456	-1635854400	7
19456	-1633176000	12.1
19456	-1630584000	16
19456	-1627905600	20.3
19456	-1625313600	25.3
19456	-1622635200	25.9
19456	-1619956800	21.4
19456	-1617364800	16.7
19456	-1614686400	10.3
19456	-1612094400	6.2
19456	-1609416000	4.4
19456	-1606737600	4.8
19456	-1604318400	8.5
19456	-1601640000	12.8
19456	-1599048000	17.1
19456	-1596369600	21.4
19456	-1593777600	25
19456	-1591099200	26.1
19456	-1588420800	22
19456	-1585828800	16.8
19456	-1583150400	11.6
19456	-1580558400	5.6
19456	-1577880000	4.1
19456	-1575201600	4.1
19456	-1572696000	7.9
19456	-1570017600	12.9
19456	-1567425600	16.9
19456	-1564747200	21.1
19456	-1562155200	26.2
19456	-1559476800	26
19456	-1556798400	22.9
19456	-1554206400	16.9
19456	-1551528000	13
19456	-1548936000	6.7
19456	-1546257600	4.8
19456	-1543579200	4.6
19456	-1541160000	6.4
19456	-1538481600	13
19456	-1535889600	17
19456	-1533211200	19.3
19456	-1530619200	24.6
19456	-1527940800	27.2
19456	-1525262400	21.9
19456	-1522670400	16.3
19456	-1519992000	9.3
19456	-1517400000	5.8
19456	-1514721600	2.4
19456	-1512043200	6.7
19456	-1509624000	6.7
19456	-1506945600	13.1
19456	-1504353600	17.9
19456	-1501675200	21.5
19456	-1499083200	25.1
19456	-1496404800	28
19456	-1493726400	23.4
19456	-1491134400	16.9
19456	-1488456000	10.5
19456	-1485864000	5.3
19456	-1483185600	2.9
19456	-1480507200	4.2
19456	-1478088000	8.8
19456	-1475409600	12.3
19456	-1472817600	18
19456	-1470139200	20.2
19456	-1467547200	24.3
19456	-1464868800	28
19456	-1462190400	22.9
19456	-1459598400	16.3
19456	-1456920000	11.1
19456	-1454328000	6.6
19456	-1451649600	4.6
19456	-1448971200	4.6
19456	-1446465600	5.1
19456	-1443787200	13.4
19456	-1441195200	16.3
19456	-1438516800	20.5
19456	-1435924800	26.5
19456	-1433246400	27.2
19456	-1430568000	22
19456	-1427976000	16.9
19456	-1425297600	9.3
19456	-1422705600	5.8
19456	-1420027200	4.1
19456	-1417348800	3.1
19456	-1414929600	6.7
19456	-1412251200	11.5
19456	-1409659200	17
19456	-1406980800	21
19456	-1404388800	25.2
19456	-1401710400	26.7
19456	-1399032000	22.9
19456	-1396440000	16.8
19456	-1393761600	12.2
19456	-1391169600	5.6
19456	-1388491200	3.9
19456	-1385812800	4.6
19456	-1383393600	6.6
19456	-1380715200	11
19456	-1378123200	16.9
19456	-1375444800	20
19456	-1372852800	25
19456	-1370174400	27.6
19456	-1367496000	23.5
19456	-1364904000	15
19456	-1362225600	10.2
19456	-1359633600	4.6
19456	-1356955200	3.7
19456	-1354276800	3.1
19456	-1351857600	6.6
19456	-1349179200	12.3
19456	-1346587200	16.1
19456	-1343908800	20.6
19456	-1341316800	26.4
19456	-1338638400	25.9
19456	-1335960000	21.4
19456	-1333368000	16.8
19456	-1330689600	11.9
19456	-1328097600	6.8
19456	-1325419200	4.2
19456	-1322740800	3.9
19456	-1320235200	7.4
19456	-1317556800	13
19456	-1314964800	18.2
19456	-1312286400	20.6
19456	-1309694400	25.7
19456	-1307016000	26.3
19456	-1304337600	23.9
19456	-1301745600	17.1
19456	-1299067200	11.5
19456	-1296475200	6.1
19456	-1293796800	3.4
19456	-1291118400	3.2
19456	-1288699200	7.4
19456	-1286020800	11.8
19456	-1283428800	17
19456	-1280750400	21.5
19456	-1278158400	25.9
19456	-1275480000	27.1
19456	-1272801600	21.8
19456	-1270209600	16.5
19456	-1267531200	10.3
19456	-1264939200	8.7
19456	-1262260800	3.7
19456	-1259582400	5.8
19456	-1257163200	8.8
19456	-1254484800	13.7
19456	-1251892800	17.7
19456	-1249214400	21.3
19456	-1246622400	27.7
19456	-1243944000	27.4
19456	-1241265600	21.5
19456	-1238673600	16.6
19456	-1235995200	9.3
19456	-1233403200	6.7
19456	-1230724800	4.5
19456	-1228046400	4.3
19456	-1225627200	7.8
19456	-1222948800	11.7
19456	-1220356800	16.4
19456	-1217678400	21.1
19456	-1215086400	23.3
19456	-1212408000	26.9
19456	-1209729600	22.3
19456	-1207137600	15.6
19456	-1204459200	12.3
19456	-1201867200	7.1
19456	-1199188800	5.6
19456	-1196510400	3.6
19456	-1194004800	6.3
19456	-1191326400	10.7
19456	-1188734400	16.8
19456	-1186056000	20.9
19456	-1183464000	26.2
19456	-1180785600	26.8
19456	-1178107200	21.8
19456	-1175515200	15.2
19456	-1172836800	10.8
19456	-1170244800	6.7
19456	-1167566400	3
19456	-1164888000	3.4
19456	-1162468800	6.2
19456	-1159790400	12.2
19456	-1157198400	18
19456	-1154520000	22.3
19456	-1151928000	27.2
19456	-1149249600	26.8
19456	-1146571200	22.6
19456	-1143979200	16.1
19456	-1141300800	11
19456	-1138708800	6.5
19456	-1136030400	1.8
19456	-1133352000	4
19456	-1130932800	6.7
19456	-1128254400	11.6
19456	-1125662400	17.8
19456	-1122984000	21.8
19456	-1120392000	27.1
19456	-1117713600	27.2
19456	-1115035200	21.8
19456	-1112443200	15.4
19456	-1109764800	9.9
19456	-1107172800	7.4
19456	-1104494400	4
19456	-1101816000	4.9
19456	-1099396800	7.7
19456	-1096718400	12.2
19456	-1094126400	16.9
19456	-1091448000	20.4
19456	-1088856000	25.5
19456	-1086177600	26.2
19456	-1083499200	21.4
19456	-1080907200	16.5
19456	-1078228800	11.3
19456	-1075636800	5.5
19456	-1072958400	1.3
19456	-1070280000	2.3
19456	-1067774400	4.5
19456	-1065096000	11.2
19456	-1062504000	16.1
19456	-1059825600	21
19456	-1057233600	24.1
19456	-1054555200	25.2
19456	-1051876800	23.2
19456	-1049284800	16.1
19456	-1046606400	10.3
19456	-1044014400	7.6
19456	-1041336000	4.9
19456	-1038657600	6.2
19456	-1036238400	8
19456	-1033560000	13.2
19456	-1030968000	17
19456	-1028289600	20.2
19456	-1025697600	25.6
19456	-1023019200	27.3
19456	-1020340800	22.4
19456	-1017748800	16.8
19456	-1015070400	11.8
19456	-1012478400	5.2
19456	-1009800000	3
19456	-1007121600	3.2
19456	-1004702400	8.9
19456	-1002024000	12.6
19456	-999432000	17.8
19456	-996753600	21.1
19456	-994161600	25.3
19456	-991483200	25.9
19456	-988804800	21.7
19456	-986212800	18.1
19456	-983534400	9.9
19456	-980942400	6.2
19456	-978264000	3.1
19456	-975585600	3.9
19456	-973166400	7
19456	-970488000	12.2
19456	-967896000	16.6
19456	-965217600	20.7
19456	-962625600	26
19456	-959947200	26.4
19456	-957268800	22.8
19456	-954676800	16.9
19456	-951998400	11.7
19456	-949406400	6
19456	-946728000	2.9
19456	-944049600	3.3
19456	-941544000	6.5
19456	-938865600	11.3
19456	-936273600	16.3
19456	-933595200	20.4
19456	-931003200	26.4
19456	-928324800	25.1
19456	-925646400	22.3
19456	-923054400	17
19456	-920376000	11.8
19456	-917784000	7.1
19456	-915105600	4.6
19456	-912427200	4.5
19456	-910008000	7.9
19456	-907329600	11.8
19456	-904737600	17.5
19456	-902059200	21.3
19456	-899467200	24.3
19456	-896788800	25.6
19456	-894110400	20.6
19456	-891518400	15.6
19456	-888840000	12.3
19456	-886248000	7.2
19456	-883569600	3.6
19456	-880891200	3.3
19456	-878472000	9.3
19456	-875793600	12.2
19456	-873201600	16.2
19456	-870523200	20.4
19456	-867931200	27
19456	-865252800	26.7
19456	-862574400	22.8
19456	-859982400	15.5
19456	-857304000	9.7
19456	-854712000	5.8
19456	-852033600	2.1
19456	-849355200	3.7
19456	-846936000	7.1
19456	-844257600	11
19456	-841665600	16.9
19456	-838987200	21
19456	-836395200	24.6
19456	-833716800	26.4
19456	-831038400	23.1
19456	-828446400	17
19456	-825768000	10.3
19456	-823176000	6.9
19456	-820497600	4.2
19456	-817819200	3.6
19456	-815313600	6.4
19456	-812635200	11.7
19456	-810043200	18.3
19456	-807364800	22.2
19456	-804772800	26
19456	-802094400	26.8
19456	-799416000	22.9
19456	-796824000	16.5
19456	-794145600	11.7
19456	-791553600	4.8
19456	-788875200	1.8
19456	-786196800	2
19456	-783777600	6.9
19456	-781099200	13.2
19456	-778507200	15.6
19456	-775828800	21.5
19456	-773236800	24
19456	-770558400	27
19456	-767880000	22.7
19456	-765288000	17
19456	-762609600	10.9
19456	-760017600	5.7
19456	-757339200	3.8
19456	-754660800	4.6
19456	-752241600	6.5
19456	-749563200	13.4
19456	-746971200	17.1
19456	-744292800	21.8
19456	-741700800	26.4
19456	-739022400	26.8
19456	-736344000	22.9
19456	-733752000	16.7
19456	-731073600	13.1
19456	-728481600	5
19456	-725803200	4.6
19456	-723124800	2.1
19456	-720705600	6.1
19456	-718027200	12.2
19456	-715435200	15.7
19456	-712756800	19.7
19456	-710164800	26.2
19456	-707486400	27.2
19456	-704808000	23.4
19456	-702216000	15.3
19456	-699537600	9.8
19456	-696945600	4.4
19456	-694267200	3.9
19456	-691588800	5
19456	-689083200	7.2
19456	-686404800	13.7
19456	-683812800	17.4
19456	-681134400	21.4
19456	-678542400	25.4
19456	-675864000	26.7
19456	-673185600	23.1
19456	-670593600	18
19456	-667915200	11.7
19456	-665323200	9
19456	-662644800	4.7
19456	-659966400	5.6
19456	-657547200	6.5
19456	-654868800	10.9
19456	-652276800	17.4
19456	-649598400	20.1
19456	-647006400	24.7
19456	-644328000	26.4
19456	-641649600	22.9
19456	-639057600	16.4
19456	-636379200	10.7
19456	-633787200	6.7
19456	-631108800	5.8
19456	-628430400	5
19456	-626011200	7.2
19456	-623332800	13.1
19456	-620740800	17.9
19456	-618062400	20.7
19456	-615470400	25.4
19456	-612792000	26.2
19456	-610113600	22.5
19456	-607521600	16.4
19456	-604843200	11.4
19456	-602251200	5.7
19456	-599572800	4.1
19456	-596894400	5.9
19456	-594475200	7
19456	-591796800	12
19456	-589204800	16.9
19456	-586526400	19.9
19456	-583934400	24.1
19456	-581256000	27.1
19456	-578577600	20.5
19456	-575985600	17.2
19456	-573307200	11.1
19456	-570715200	7.6
19456	-568036800	4.6
19456	-565358400	4
19456	-562852800	7.2
19456	-560174400	12.8
19456	-557582400	17.1
19456	-554904000	20.2
19456	-552312000	24.8
19456	-549633600	26
19456	-546955200	22.3
19456	-544363200	16
19456	-541684800	13.1
19456	-539092800	7
19456	-536414400	3.9
19456	-533736000	4.6
19456	-531316800	8.4
19456	-528638400	11.7
19456	-526046400	17.2
19456	-523368000	20.8
19456	-520776000	25.7
19456	-518097600	27
19456	-515419200	23
19456	-512827200	17.7
19456	-510148800	11.1
19456	-507556800	8.1
19456	-504878400	6.2
19456	-502200000	5.8
19456	-499780800	7.9
19456	-497102400	13.9
19456	-494510400	17.6
19456	-491832000	19.8
19456	-489240000	23.6
19456	-486561600	27.3
19456	-483883200	23.2
19456	-481291200	15.7
19456	-478612800	12.8
19456	-476020800	7
19456	-473342400	3.7
19456	-470664000	6.1
19456	-468244800	9.3
19456	-465566400	13.6
19456	-462974400	17.5
19456	-460296000	22.6
19456	-457704000	26.1
19456	-455025600	26.6
19456	-452347200	23
19456	-449755200	16.8
19456	-447076800	10.1
19456	-444484800	7.2
19456	-441806400	4
19456	-439128000	3.7
19456	-436622400	8
19456	-433944000	12.5
19456	-431352000	16.3
19456	-428673600	21
19456	-426081600	25.9
19456	-423403200	25.3
19456	-420724800	22.9
19456	-418132800	17.7
19456	-415454400	10.4
19456	-412862400	5.1
19456	-410184000	5.7
19456	-407505600	4
19456	-405086400	6.6
19456	-402408000	14.1
19456	-399816000	16.6
19456	-397137600	20.6
19456	-394545600	24.5
19456	-391867200	26.5
19456	-389188800	20.8
19456	-386596800	16.4
19456	-383918400	12.2
19456	-381326400	6.9
19456	-378648000	4.4
19456	-375969600	5.5
19456	-373550400	7.9
19456	-370872000	13.5
19456	-368280000	17.3
19456	-365601600	22.1
19456	-363009600	26.5
19456	-360331200	26
19456	-357652800	23.7
19456	-355060800	16.6
19456	-352382400	11.8
19456	-349790400	8.3
19456	-347112000	4
19456	-344433600	7.7
19456	-342014400	9.5
19456	-339336000	13.7
19456	-336744000	18
19456	-334065600	21.9
19456	-331473600	25.9
19456	-328795200	26.8
19456	-326116800	24.1
19456	-323524800	17.8
19456	-320846400	13
19456	-318254400	7.6
19456	-315576000	4.1
19456	-312897600	6.7
19456	-310392000	9.5
19456	-307713600	12.4
19456	-305121600	17.5
19456	-302443200	21.3
19456	-299851200	26.6
19456	-297172800	27.4
19456	-294494400	23
19456	-291902400	17.2
19456	-289224000	12.2
19456	-286632000	5.8
19456	-283953600	3.1
19456	-281275200	4.1
19456	-278856000	8.9
19456	-276177600	13.5
19456	-273585600	18
19456	-270907200	21.8
19456	-268315200	27.1
19456	-265636800	27.5
19456	-262958400	25
19456	-260366400	19.4
19456	-257688000	12.5
19456	-255096000	6.9
19456	-252417600	3.6
19456	-249739200	5.7
19456	-247320000	8
19456	-244641600	12.3
19456	-242049600	17.1
19456	-239371200	20.4
19456	-236779200	25.7
19456	-234100800	27.2
19456	-231422400	23
19456	-228830400	16.5
19456	-226152000	10.9
19456	-223560000	6.9
19456	-220881600	1.4
19456	-218203200	2.5
19456	-215784000	7.5
19456	-213105600	13.6
19456	-210513600	18.4
19456	-207835200	21.9
19456	-205243200	26.1
19456	-202564800	26.2
19456	-199886400	21.6
19456	-197294400	16
19456	-194616000	11.2
19456	-192024000	7.3
19456	-189345600	5.6
19456	-186667200	3.8
19456	-184161600	7.6
19456	-181483200	17.2
19456	-178891200	18.5
19456	-176212800	20.8
19456	-173620800	27.2
19456	-170942400	28.4
19456	-168264000	23.9
19456	-165672000	17.4
19456	-162993600	10.9
19456	-160401600	6.8
19456	-157723200	3.9
19456	-155044800	4.8
19456	-152625600	6.3
19456	-149947200	11.5
19456	-147355200	17.5
19456	-144676800	21.1
19456	-142084800	25.2
19456	-139406400	26.6
19456	-136728000	20.8
19456	-134136000	16.1
19456	-131457600	12.3
19456	-128865600	6.4
19456	-126187200	3.7
19456	-123508800	6.4
19456	-121089600	9
19456	-118411200	13.2
19456	-115819200	17.2
19456	-113140800	21.1
19456	-110548800	25.1
19456	-107870400	28
19456	-105192000	22.4
19456	-102600000	17.3
19456	-99921600	10.9
19456	-97329600	5.4
19456	-94651200	3.8
19456	-91972800	4.7
19456	-89553600	8.2
19456	-86875200	13.6
19456	-84283200	18.7
19456	-81604800	22.2
19456	-79012800	25.8
19456	-76334400	28
19456	-73656000	24
19456	-71064000	16.9
19456	-68385600	11.8
19456	-65793600	4.4
19456	-63115200	4.1
19456	-60436800	2.1
19456	-57931200	7.8
19456	-55252800	13.8
19456	-52660800	17.7
19456	-49982400	21.2
19456	-47390400	24.9
19456	-44712000	26.4
19456	-42033600	22.3
19456	-39441600	15.8
19456	-36763200	11.8
19456	-34171200	8.9
19456	-31492800	5.1
19456	-28814400	5.3
19456	-26395200	7
19456	-23716800	13.6
19456	-21124800	18.4
19456	-18446400	20.6
19456	-15854400	25.2
19456	-13176000	27.1
19456	-10497600	24.1
19456	-7905600	16.5
19456	-5227200	10.7
19456	-2635200	5.6
19456	43200	3.5
19456	2721600	5.4
19456	5140800	5.4
19456	7819200	12.9
19456	10411200	18
19456	13089600	20.4
19456	15681600	25.9
19456	18360000	27.4
19456	21038400	24.7
19456	23630400	17.7
19456	26308800	11.3
19456	28900800	6.2
19456	31579200	4.5
19456	34257600	4.6
19456	36676800	7.1
19456	39355200	13.7
19456	41947200	17.8
19456	44625600	21.9
19456	47217600	26.4
19456	49896000	26.4
19456	52574400	22.9
19456	55166400	16.3
19456	57844800	12.1
19456	60436800	7
19456	63115200	6.5
19456	65793600	5.8
19456	68299200	8.4
19456	70977600	13.2
19456	73569600	17.2
19456	76248000	20.5
19456	78840000	25.1
19456	81518400	25.6
19456	84196800	21.6
19456	86788800	16.5
19456	89467200	10.6
19456	92059200	6.3
19456	94737600	5.5
19456	97416000	6.1
19456	99835200	7.7
19456	102513600	14.3
19456	105105600	17.2
19456	107784000	21.1
19456	110376000	27
19456	113054400	27.3
19456	115732800	21.6
19456	118324800	16.3
19456	121003200	10.2
19456	123595200	4.3
19456	126273600	3.5
19456	128952000	3.9
19456	131371200	6.9
19456	134049600	13.5
19456	136641600	17.8
19456	139320000	20.5
19456	141912000	24.4
19456	144590400	26.7
19456	147268800	21.7
19456	149860800	16.8
19456	152539200	10.4
19456	155131200	6.6
19456	157809600	3.7
19456	160488000	3.8
19456	162907200	7.2
19456	165585600	13.6
19456	168177600	17.4
19456	170856000	21.5
19456	173448000	26
19456	176126400	26.9
19456	178804800	24.8
19456	181396800	17.6
19456	184075200	11.8
19456	186667200	6.6
19456	189345600	3.6
19456	192024000	6.6
19456	194529600	8.1
19456	197208000	12.5
19456	199800000	17.5
19456	202478400	21
19456	205070400	24.7
19456	207748800	25.9
19456	210427200	20.4
19456	213019200	16.3
19456	215697600	9.6
19456	218289600	5.4
19456	220968000	2.7
19456	223646400	3
19456	226065600	8.4
19456	228744000	13.8
19456	231336000	17.5
19456	234014400	21.3
19456	236606400	26.2
19456	239284800	25.8
19456	241963200	23.6
19456	244555200	18.4
19456	247233600	12.7
19456	249825600	7.9
19456	252504000	5
19456	255182400	3.8
19456	257601600	7.5
19456	260280000	13
19456	262872000	18
19456	265550400	21.9
19456	268142400	27.8
19456	270820800	27.7
19456	273499200	23.8
19456	276091200	16.6
19456	278769600	11.8
19456	281361600	7.6
19456	284040000	5.8
19456	286718400	6.4
19456	289137600	8.2
19456	291816000	12.9
19456	294408000	17.2
19456	297086400	22.3
19456	299678400	24.8
19456	302356800	27.2
19456	305035200	23.6
19456	307627200	18.3
19456	310305600	11.3
19456	312897600	7.4
19456	315576000	4.5
19456	318254400	3.5
19456	320760000	7.8
19456	323438400	12.3
19456	326030400	17.7
19456	328708800	21.8
19456	331300800	23.7
19456	333979200	24.3
19456	336657600	21.9
19456	339249600	16.8
19456	341928000	12
19456	344520000	4.8
19456	347198400	2.1
19456	349876800	3.8
19456	352296000	8.1
19456	354974400	12.6
19456	357566400	16.6
19456	360244800	21.5
19456	362836800	26.6
19456	365515200	25.9
19456	368193600	21.4
19456	370785600	16.3
19456	373464000	10
19456	376056000	6.2
19456	378734400	3.9
19456	381412800	4.6
19456	383832000	8.9
19456	386510400	13.1
19456	389102400	19.1
19456	391780800	21.6
19456	394372800	23.8
19456	397051200	26.5
19456	399729600	21.6
19456	402321600	17.4
19456	4.05e+08	13.2
19457	-2524478400	6.2
19457	-2521800000	8.9
19457	-2519380800	9.8
19457	-2516702400	16.2
19457	-2514110400	18.1
19457	-2511432000	22.5
19457	-2508840000	26
19457	-2506161600	26.4
19457	-2503483200	24.1
19457	-2500891200	17.2
19457	-2498212800	13.2
19457	-2495620800	11
19457	-2492942400	4.5
19457	-2490264000	6.3
19457	-2487844800	9.2
19457	-2485166400	13.6
19457	-2482574400	17.8
19457	-2479896000	20.9
19457	-2477304000	25.2
19457	-2474625600	28.6
19457	-2471947200	24.9
19457	-2469355200	18
19457	-2466676800	12.7
19457	-2464084800	7.8
19457	-2461406400	5.4
19457	-2458728000	6.1
19457	-2456222400	7.1
19457	-2453544000	14.6
19457	-2450952000	17.5
19457	-2448273600	22.1
19457	-2445681600	27.2
19457	-2443003200	27.3
19457	-2440324800	23.7
19457	-2437732800	16.3
19457	-2435054400	12
19457	-2432462400	5.9
19457	-2429784000	5.2
19457	-2427105600	4
19457	-2424686400	7.9
19457	-2422008000	13.6
19457	-2419416000	17.2
19457	-2416737600	21.1
19457	-2414145600	27.2
19457	-2411467200	27
19457	-2408788800	24.9
19457	-2406196800	17.5
19457	-2403518400	11.1
19457	-2400926400	7
19457	-2398248000	5.5
19457	-2395569600	6.4
19457	-2393150400	9.4
19457	-2390472000	15.2
19457	-2387880000	18
19457	-2385201600	24.2
19457	-2382609600	27.7
19457	-2379931200	28.4
19457	-2377252800	23.4
19457	-2374660800	17.4
19457	-2371982400	13.2
19457	-2369390400	7.9
19457	-2366712000	4.2
19457	-2364033600	5.9
19457	-2361614400	9.3
19457	-2358936000	14.1
19457	-2356344000	18.5
19457	-2353665600	22
19457	-2351073600	24.5
19457	-2348395200	27.5
19457	-2345716800	23.5
19457	-2343124800	18
19457	-2340446400	12.8
19457	-2337854400	7.7
19457	-2335176000	5.5
19457	-2332497600	5.4
19457	-2329992000	6.8
19457	-2327313600	15.5
19457	-2324721600	17.4
19457	-2322043200	23.2
19457	-2319451200	25.6
19457	-2316772800	26.8
19457	-2314094400	22.2
19457	-2311502400	17.9
19457	-2308824000	12.9
19457	-2306232000	7.5
19457	-2303553600	6.8
19457	-2300875200	4.9
19457	-2298456000	9.4
19457	-2295777600	13.5
19457	-2293185600	18.2
19457	-2290507200	21.3
19457	-2287915200	26.1
19457	-2285236800	27.8
19457	-2282558400	23.3
19457	-2279966400	16.5
19457	-2277288000	14.1
19457	-2274696000	6
19457	-2272017600	7.8
19457	-2269339200	7.2
19457	-2266920000	8.9
19457	-2264241600	13.4
19457	-2261649600	18.8
19457	-2258971200	21.9
19457	-2256379200	27.5
19457	-2253700800	27.9
19457	-2251022400	24.3
19457	-2248430400	18.6
19457	-2245752000	14.2
19457	-2243160000	8.6
19457	-2240481600	4.9
19457	-2237803200	6.7
19457	-2235384000	10
19457	-2232705600	14.1
19457	-2230113600	19.5
19457	-2227435200	23.8
19457	-2224843200	26.8
19457	-2222164800	26.9
19457	-2219486400	22.1
19457	-2216894400	15.3
19457	-2214216000	11.4
19457	-2211624000	9.3
19457	-2208945600	4.3
19457	-2206267200	5.7
19457	-2203848000	8.9
19457	-2201169600	14.5
19457	-2198577600	18.6
19457	-2195899200	21.4
19457	-2193307200	25.2
19457	-2190628800	27.6
19457	-2187950400	24.2
19457	-2185358400	17.9
19457	-2182680000	13.1
19457	-2180088000	7.8
19457	-2177409600	8.1
19457	-2174731200	4.2
19457	-2172312000	7.8
19457	-2169633600	15
19457	-2167041600	17.2
19457	-2164363200	21.5
19457	-2161771200	23.9
19457	-2159092800	27.1
19457	-2156414400	22.6
19457	-2153822400	19
19457	-2151144000	11.6
19457	-2148552000	6.4
19457	-2145873600	5.8
19457	-2143195200	5.9
19457	-2140776000	10.7
19457	-2138097600	13.5
19457	-2135505600	18.4
19457	-2132827200	21.2
19457	-2130235200	25.3
19457	-2127556800	25.7
19457	-2124878400	22.4
19457	-2122286400	17.3
19457	-2119608000	14.5
19457	-2117016000	10.3
19457	-2114337600	6.7
19457	-2111659200	6.8
19457	-2109240000	10.6
19457	-2106561600	14.5
19457	-2103969600	17.8
19457	-2101291200	21.3
19457	-2098699200	25
19457	-2096020800	28
19457	-2093342400	24.7
19457	-2090750400	17.8
19457	-2088072000	11.9
19457	-2085480000	6.6
19457	-2082801600	4.7
19457	-2080123200	6.6
19457	-2077617600	8.9
19457	-2074939200	15.3
19457	-2072347200	17.6
19457	-2069668800	22.4
19457	-2067076800	26.7
19457	-2064398400	27.5
19457	-2061720000	22.4
19457	-2059128000	17.1
19457	-2056449600	11.4
19457	-2053857600	8.6
19457	-2051179200	8
19457	-2048500800	5.3
19457	-2046081600	9.2
19457	-2043403200	13.1
19457	-2040811200	18.7
19457	-2038132800	21.6
19457	-2035540800	26.4
19457	-2032862400	25.6
19457	-2030184000	23.7
19457	-2027592000	17.9
19457	-2024913600	12.9
19457	-2022321600	10.4
19457	-2019643200	5.3
19457	-2016964800	5.7
19457	-2014545600	8.7
19457	-2011867200	13.9
19457	-2009275200	18.7
19457	-2006596800	21.3
19457	-2004004800	25.6
19457	-2001326400	27.2
19457	-1998648000	23.3
19457	-1996056000	17.6
19457	-1993377600	12.1
19457	-1990785600	7.6
19457	-1988107200	6.7
19457	-1985428800	4.2
19457	-1983009600	8.4
19457	-1980331200	13.7
19457	-1977739200	18.4
19457	-1975060800	20.8
19457	-1972468800	25.2
19457	-1969790400	26.9
19457	-1967112000	22.5
19457	-1964520000	17.6
19457	-1961841600	13.2
19457	-1959249600	6.7
19457	-1956571200	6.8
19457	-1953892800	5.3
19457	-1951387200	8.9
19457	-1948708800	13.8
19457	-1946116800	17.9
19457	-1943438400	22.4
19457	-1940846400	25.3
19457	-1938168000	27.1
19457	-1935489600	22.4
19457	-1932897600	17.5
19457	-1930219200	11.6
19457	-1927627200	8.5
19457	-1924948800	5.9
19457	-1922270400	5
19457	-1919851200	7.6
19457	-1917172800	14.4
19457	-1914580800	17.8
19457	-1911902400	22.1
19457	-1909310400	26.2
19457	-1906632000	26.9
19457	-1903953600	24.5
19457	-1901361600	16.9
19457	-1898683200	13
19457	-1896091200	6.9
19457	-1893412800	6.8
19457	-1890734400	4.6
19457	-1888315200	8.1
19457	-1885636800	13.1
19457	-1883044800	18.2
19457	-1880366400	22.7
19457	-1877774400	26.6
19457	-1875096000	26.6
19457	-1872417600	22.9
19457	-1869825600	16.5
19457	-1867147200	11.9
19457	-1864555200	6.1
19457	-1861876800	5.5
19457	-1859198400	6
19457	-1856779200	9.7
19457	-1854100800	13.5
19457	-1851508800	18.1
19457	-1848830400	22.1
19457	-1846238400	26.2
19457	-1843560000	27
19457	-1840881600	24.9
19457	-1838289600	17
19457	-1835611200	13.2
19457	-1833019200	7.1
19457	-1830340800	5
19457	-1827662400	8.2
19457	-1825156800	9.6
19457	-1822478400	14.7
19457	-1819886400	18.1
19457	-1817208000	21.7
19457	-1814616000	25.8
19457	-1811937600	27
19457	-1809259200	21.8
19457	-1806667200	16.3
19457	-1803988800	10.9
19457	-1801396800	7.4
19457	-1798718400	5.1
19457	-1796040000	5.6
19457	-1793620800	7.6
19457	-1790942400	15.5
19457	-1788350400	17.3
19457	-1785672000	21.8
19457	-1783080000	25.2
19457	-1780401600	25.9
19457	-1777723200	21.4
19457	-1775131200	17.2
19457	-1772452800	12.1
19457	-1769860800	7.5
19457	-1767182400	6
19457	-1764504000	6.7
19457	-1762084800	11
19457	-1759406400	13.8
19457	-1756814400	18.6
19457	-1754136000	22.1
19457	-1751544000	28.7
19457	-1748865600	27.5
19457	-1746187200	23.7
19457	-1743595200	17.3
19457	-1740916800	13.2
19457	-1738324800	8.5
19457	-1735646400	5.6
19457	-1732968000	6.4
19457	-1730548800	7.9
19457	-1727870400	14.2
19457	-1725278400	17.4
19457	-1722600000	22.7
19457	-1720008000	26.9
19457	-1717329600	27.2
19457	-1714651200	23.3
19457	-1712059200	19.3
19457	-1709380800	14
19457	-1706788800	8.7
19457	-1704110400	7.6
19457	-1701432000	6.2
19457	-1698926400	7.1
19457	-1696248000	14.7
19457	-1693656000	18.3
19457	-1690977600	24.2
19457	-1688385600	26.3
19457	-1685707200	27.3
19457	-1683028800	25.3
19457	-1680436800	18.5
19457	-1677758400	14
19457	-1675166400	8
19457	-1672488000	3.3
19457	-1669809600	4.8
19457	-1667390400	7.7
19457	-1664712000	13.6
19457	-1662120000	17
19457	-1659441600	21.8
19457	-1656849600	27.3
19457	-1654171200	26.7
19457	-1651492800	24.9
19457	-1648900800	18.1
19457	-1646222400	10.4
19457	-1643630400	5.2
19457	-1640952000	2.8
19457	-1638273600	5.6
19457	-1635854400	8.4
19457	-1633176000	13.9
19457	-1630584000	17.4
19457	-1627905600	21.9
19457	-1625313600	26.1
19457	-1622635200	26.3
19457	-1619956800	22.4
19457	-1617364800	17.6
19457	-1614686400	12.3
19457	-1612094400	8
19457	-1609416000	5.6
19457	-1606737600	6.5
19457	-1604318400	10.6
19457	-1601640000	14.5
19457	-1599048000	18.5
19457	-1596369600	23
19457	-1593777600	26
19457	-1591099200	26.5
19457	-1588420800	22.3
19457	-1585828800	16.9
19457	-1583150400	12.5
19457	-1580558400	6.8
19457	-1577880000	5.2
19457	-1575201600	5.6
19457	-1572696000	9.1
19457	-1570017600	13.6
19457	-1567425600	16.4
19457	-1564747200	21.6
19457	-1562155200	27.4
19457	-1559476800	26.7
19457	-1556798400	24.2
19457	-1554206400	17.3
19457	-1551528000	14.7
19457	-1548936000	8.4
19457	-1546257600	6.4
19457	-1543579200	6.4
19457	-1541160000	8.1
19457	-1538481600	15
19457	-1535889600	17.6
19457	-1533211200	20.7
19457	-1530619200	26.1
19457	-1527940800	27.7
19457	-1525262400	22.4
19457	-1522670400	16.6
19457	-1519992000	10.9
19457	-1517400000	7
19457	-1514721600	3.5
19457	-1512043200	8.1
19457	-1509624000	8.3
19457	-1506945600	14.8
19457	-1504353600	19
19457	-1501675200	22.9
19457	-1499083200	26.5
19457	-1496404800	28.9
19457	-1493726400	24.4
19457	-1491134400	18
19457	-1488456000	11.8
19457	-1485864000	6.7
19457	-1483185600	5.1
19457	-1480507200	5.5
19457	-1478088000	10.5
19457	-1475409600	14.2
19457	-1472817600	19.3
19457	-1470139200	21.8
19457	-1467547200	25.7
19457	-1464868800	28.5
19457	-1462190400	23.8
19457	-1459598400	17.4
19457	-1456920000	12.7
19457	-1454328000	7.7
19457	-1451649600	5.7
19457	-1448971200	6.2
19457	-1446465600	6.6
19457	-1443787200	14.7
19457	-1441195200	18
19457	-1438516800	21.1
19457	-1435924800	27.9
19457	-1433246400	27.3
19457	-1430568000	22.6
19457	-1427976000	17.7
19457	-1425297600	11.1
19457	-1422705600	6.9
19457	-1420027200	5
19457	-1417348800	4.4
19457	-1414929600	8.3
19457	-1412251200	12.9
19457	-1409659200	18.4
19457	-1406980800	22.3
19457	-1404388800	26.2
19457	-1401710400	27.5
19457	-1399032000	23.4
19457	-1396440000	17.1
19457	-1393761600	13.9
19457	-1391169600	7.7
19457	-1388491200	5.1
19457	-1385812800	6.3
19457	-1383393600	8.3
19457	-1380715200	13.1
19457	-1378123200	18.3
19457	-1375444800	20.9
19457	-1372852800	27
19457	-1370174400	28.7
19457	-1367496000	24.5
19457	-1364904000	16.8
19457	-1362225600	11.9
19457	-1359633600	6.3
19457	-1356955200	5.1
19457	-1354276800	5
19457	-1351857600	8.5
19457	-1349179200	13.4
19457	-1346587200	17.4
19457	-1343908800	21.7
19457	-1341316800	27.7
19457	-1338638400	27.2
19457	-1335960000	22
19457	-1333368000	17.1
19457	-1330689600	13.2
19457	-1328097600	8.7
19457	-1325419200	5.8
19457	-1322740800	6
19457	-1320235200	8.7
19457	-1317556800	14.3
19457	-1314964800	19.2
19457	-1312286400	22.2
19457	-1309694400	26.3
19457	-1307016000	26.3
19457	-1304337600	24.7
19457	-1301745600	17.8
19457	-1299067200	13.1
19457	-1296475200	7.8
19457	-1293796800	4.8
19457	-1291118400	4.8
19457	-1288699200	9.4
19457	-1286020800	13.8
19457	-1283428800	18
19457	-1280750400	22.7
19457	-1278158400	27.1
19457	-1275480000	28
19457	-1272801600	22.6
19457	-1270209600	17.1
19457	-1267531200	11.4
19457	-1264939200	10
19457	-1262260800	5.8
19457	-1259582400	7.9
19457	-1257163200	10.5
19457	-1254484800	15.9
19457	-1251892800	19
19457	-1249214400	23
19457	-1246622400	28.8
19457	-1243944000	27.5
19457	-1241265600	22.5
19457	-1238673600	17.1
19457	-1235995200	11.4
19457	-1233403200	8.3
19457	-1230724800	6.7
19457	-1228046400	6.1
19457	-1225627200	9.9
19457	-1222948800	13.8
19457	-1220356800	17.7
19457	-1217678400	22.2
19457	-1215086400	24.8
19457	-1212408000	28.1
19457	-1209729600	23.7
19457	-1207137600	16.9
19457	-1204459200	13.8
19457	-1201867200	9
19457	-1199188800	7.3
19457	-1196510400	5.8
19457	-1194004800	8
19457	-1191326400	13.4
19457	-1188734400	18.3
19457	-1186056000	21.7
19457	-1183464000	27.6
19457	-1180785600	27.2
19457	-1178107200	21.7
19457	-1175515200	15.8
19457	-1172836800	12.5
19457	-1170244800	8.7
19457	-1167566400	4.6
19457	-1164888000	5.1
19457	-1162468800	7.9
19457	-1159790400	14.1
19457	-1157198400	19.4
19457	-1154520000	23.6
19457	-1151928000	27.8
19457	-1149249600	27.4
19457	-1146571200	23.4
19457	-1143979200	17.3
19457	-1141300800	13.1
19457	-1138708800	9
19457	-1136030400	3.3
19457	-1133352000	5.4
19457	-1130932800	8.1
19457	-1128254400	13.5
19457	-1125662400	19.1
19457	-1122984000	23.1
19457	-1120392000	27.9
19457	-1117713600	27.8
19457	-1115035200	22.5
19457	-1112443200	16.2
19457	-1109764800	11.6
19457	-1107172800	8.9
19457	-1104494400	5.8
19457	-1101816000	6.8
19457	-1099396800	10
19457	-1096718400	14
19457	-1094126400	18.7
19457	-1091448000	22.2
19457	-1088856000	26.9
19457	-1086177600	27.3
19457	-1083499200	22.4
19457	-1080907200	18
19457	-1078228800	13.2
19457	-1075636800	7.1
19457	-1072958400	3
19457	-1070280000	4.2
19457	-1067774400	6.2
19457	-1065096000	13.7
19457	-1062504000	17.6
19457	-1059825600	23
19457	-1057233600	26.1
19457	-1054555200	27
19457	-1051876800	24.2
19457	-1049284800	17.7
19457	-1046606400	12.2
19457	-1044014400	9.2
19457	-1041336000	6.4
19457	-1038657600	8.4
19457	-1036238400	9.4
19457	-1033560000	14.9
19457	-1030968000	18.8
19457	-1028289600	22.1
19457	-1025697600	27.2
19457	-1023019200	28.1
19457	-1020340800	23.7
19457	-1017748800	17.9
19457	-1015070400	13.8
19457	-1012478400	7.5
19457	-1009800000	4.3
19457	-1007121600	5.1
19457	-1004702400	10.1
19457	-1002024000	14.8
19457	-999432000	20
19457	-996753600	22.2
19457	-994161600	26.5
19457	-991483200	27.3
19457	-988804800	22.1
19457	-986212800	19.5
19457	-983534400	12
19457	-980942400	8
19457	-978264000	4.9
19457	-975585600	6.2
19457	-973166400	9.3
19457	-970488000	14.9
19457	-967896000	18.8
19457	-965217600	22.6
19457	-962625600	27.8
19457	-959947200	27.2
19457	-957268800	23.5
19457	-954676800	18.5
19457	-951998400	13.3
19457	-949406400	7.5
19457	-946728000	5.3
19457	-944049600	5.5
19457	-941544000	8.4
19457	-938865600	13.7
19457	-936273600	18.4
19457	-933595200	22.3
19457	-931003200	28.1
19457	-928324800	26.4
19457	-925646400	23.5
19457	-923054400	18.4
19457	-920376000	13.7
19457	-917784000	9.1
19457	-915105600	6.6
19457	-912427200	6.5
19457	-910008000	10.6
19457	-907329600	14.8
19457	-904737600	19.7
19457	-902059200	22.9
19457	-899467200	24.9
19457	-896788800	26.6
19457	-894110400	22.2
19457	-891518400	17
19457	-888840000	14.1
19457	-886248000	9.1
19457	-883569600	4.8
19457	-880891200	5.7
19457	-878472000	11.5
19457	-875793600	14.6
19457	-873201600	17.9
19457	-870523200	22.4
19457	-867931200	28.8
19457	-865252800	28
19457	-862574400	24.2
19457	-859982400	17.4
19457	-857304000	12.2
19457	-854712000	7.2
19457	-852033600	3.8
19457	-849355200	5.8
19457	-846936000	9.2
19457	-844257600	13.3
19457	-841665600	18.8
19457	-838987200	22.4
19457	-836395200	25.9
19457	-833716800	27.7
19457	-831038400	24.1
19457	-828446400	18.3
19457	-825768000	12.6
19457	-823176000	8.5
19457	-820497600	5.6
19457	-817819200	5.8
19457	-815313600	8.3
19457	-812635200	13.6
19457	-810043200	19.2
19457	-807364800	23
19457	-804772800	27.8
19457	-802094400	28
19457	-799416000	24.1
19457	-796824000	18.1
19457	-794145600	14.4
19457	-791553600	6.2
19457	-788875200	3.6
19457	-786196800	4.1
19457	-783777600	9.4
19457	-781099200	15.4
19457	-778507200	17.5
19457	-775828800	22.8
19457	-773236800	26.1
19457	-770558400	28
19457	-767880000	24.4
19457	-765288000	18.2
19457	-762609600	13
19457	-760017600	8.1
19457	-757339200	6.2
19457	-754660800	6.9
19457	-752241600	8.9
19457	-749563200	15.6
19457	-746971200	18.5
19457	-744292800	23.9
19457	-741700800	27.5
19457	-739022400	27.6
19457	-736344000	24
19457	-733752000	18.1
19457	-731073600	14.5
19457	-728481600	7.5
19457	-725803200	6.8
19457	-723124800	4
19457	-720705600	8.6
19457	-718027200	14.1
19457	-715435200	17.3
19457	-712756800	20.6
19457	-710164800	27.2
19457	-707486400	28.1
19457	-704808000	24.2
19457	-702216000	16.8
19457	-699537600	11.5
19457	-696945600	6.8
19457	-694267200	5.8
19457	-691588800	7.4
19457	-689083200	9.4
19457	-686404800	15.7
19457	-683812800	18.6
19457	-681134400	22.7
19457	-678542400	26.7
19457	-675864000	27
19457	-673185600	24.1
19457	-670593600	19.5
19457	-667915200	13.3
19457	-665323200	11.4
19457	-662644800	6.4
19457	-659966400	8
19457	-657547200	8.7
19457	-654868800	13.5
19457	-652276800	19.5
19457	-649598400	20.7
19457	-647006400	25.3
19457	-644328000	27.2
19457	-641649600	24.2
19457	-639057600	17.1
19457	-636379200	13
19457	-633787200	8.6
19457	-631108800	8.1
19457	-628430400	7.4
19457	-626011200	9.4
19457	-623332800	14.5
19457	-620740800	18.8
19457	-618062400	21.6
19457	-615470400	27
19457	-612792000	26.9
19457	-610113600	23.8
19457	-607521600	18.2
19457	-604843200	13.6
19457	-602251200	7.2
19457	-599572800	5.3
19457	-596894400	7.7
19457	-594475200	8.6
19457	-591796800	13.6
19457	-589204800	18.6
19457	-586526400	21.3
19457	-583934400	24.9
19457	-581256000	28
19457	-578577600	21.7
19457	-575985600	18.3
19457	-573307200	13.1
19457	-570715200	9.4
19457	-568036800	6
19457	-565358400	5.9
19457	-562852800	8.9
19457	-560174400	14.8
19457	-557582400	18.3
19457	-554904000	21.8
19457	-552312000	26.1
19457	-549633600	27.7
19457	-546955200	23.6
19457	-544363200	17
19457	-541684800	15
19457	-539092800	7.9
19457	-536414400	5.7
19457	-533736000	7.2
19457	-531316800	10.1
19457	-528638400	13.8
19457	-526046400	19.1
19457	-523368000	22.1
19457	-520776000	27.6
19457	-518097600	28.5
19457	-515419200	24.4
19457	-512827200	19.4
19457	-510148800	13.4
19457	-507556800	10.4
19457	-504878400	8.4
19457	-502200000	8.3
19457	-499780800	9.5
19457	-497102400	15.6
19457	-494510400	19.7
19457	-491832000	21.3
19457	-489240000	25.5
19457	-486561600	28.4
19457	-483883200	24.5
19457	-481291200	17.8
19457	-478612800	14.5
19457	-476020800	8.8
19457	-473342400	5.3
19457	-470664000	8.2
19457	-468244800	11.4
19457	-465566400	15.9
19457	-462974400	19.2
19457	-460296000	24.1
19457	-457704000	28
19457	-455025600	27.4
19457	-452347200	24.6
19457	-449755200	17.8
19457	-447076800	12
19457	-444484800	9.1
19457	-441806400	6.2
19457	-439128000	5.6
19457	-436622400	10.1
19457	-433944000	14.9
19457	-431352000	18.1
19457	-428673600	23.2
19457	-426081600	27.9
19457	-423403200	26.8
19457	-420724800	24.5
19457	-418132800	19.2
19457	-415454400	12
19457	-412862400	6.6
19457	-410184000	7.6
19457	-407505600	5.7
19457	-405086400	8.7
19457	-402408000	15.5
19457	-399816000	19.1
19457	-397137600	22
19457	-394545600	27
19457	-391867200	27.6
19457	-389188800	21.7
19457	-386596800	17.9
19457	-383918400	13.8
19457	-381326400	9
19457	-378648000	6.1
19457	-375969600	8
19457	-373550400	10.3
19457	-370872000	16.2
19457	-368280000	19.2
19457	-365601600	23.2
19457	-363009600	28.5
19457	-360331200	27.3
19457	-357652800	24.9
19457	-355060800	18.6
19457	-352382400	13.6
19457	-349790400	10.4
19457	-347112000	5.7
19457	-344433600	10.2
19457	-342014400	11.4
19457	-339336000	15.5
19457	-336744000	19.6
19457	-334065600	22.7
19457	-331473600	27.7
19457	-328795200	28.6
19457	-326116800	25.1
19457	-323524800	19.5
19457	-320846400	14.7
19457	-318254400	9.6
19457	-315576000	6
19457	-312897600	8.6
19457	-310392000	11.4
19457	-307713600	14.4
19457	-305121600	19.5
19457	-302443200	23.2
19457	-299851200	28.5
19457	-297172800	28.7
19457	-294494400	24.6
19457	-291902400	18.8
19457	-289224000	14.4
19457	-286632000	7.6
19457	-283953600	4.4
19457	-281275200	5.4
19457	-278856000	10.2
19457	-276177600	14.4
19457	-273585600	19
19457	-270907200	22.8
19457	-268315200	28.3
19457	-265636800	28.1
19457	-262958400	25.4
19457	-260366400	19.7
19457	-257688000	13.8
19457	-255096000	8.2
19457	-252417600	4.7
19457	-249739200	6.7
19457	-247320000	9
19457	-244641600	13.2
19457	-242049600	18.1
19457	-239371200	21.2
19457	-236779200	26.7
19457	-234100800	27.1
19457	-231422400	23.7
19457	-228830400	17.4
19457	-226152000	12.2
19457	-223560000	8.4
19457	-220881600	2.6
19457	-218203200	3.5
19457	-215784000	8.7
19457	-213105600	14.3
19457	-210513600	19.1
19457	-207835200	22
19457	-205243200	27
19457	-202564800	27
19457	-199886400	22.6
19457	-197294400	16.6
19457	-194616000	12.7
19457	-192024000	8.9
19457	-189345600	7.5
19457	-186667200	5
19457	-184161600	9.5
19457	-181483200	17.4
19457	-178891200	19.1
19457	-176212800	21.8
19457	-173620800	28.5
19457	-170942400	28.3
19457	-168264000	24.5
19457	-165672000	18.3
19457	-162993600	12.1
19457	-160401600	7.9
19457	-157723200	5.2
19457	-155044800	6.3
19457	-152625600	7.7
19457	-149947200	12.5
19457	-147355200	18
19457	-144676800	21.2
19457	-142084800	27.1
19457	-139406400	27.2
19457	-136728000	21
19457	-134136000	16.8
19457	-131457600	14
19457	-128865600	7.5
19457	-126187200	5.5
19457	-123508800	8.1
19457	-121089600	10.8
19457	-118411200	14.1
19457	-115819200	18.3
19457	-113140800	21.9
19457	-110548800	26.5
19457	-107870400	29
19457	-105192000	23
19457	-102600000	17.9
19457	-99921600	12.2
19457	-97329600	6.9
19457	-94651200	5.2
19457	-91972800	6.1
19457	-89553600	10.2
19457	-86875200	14.8
19457	-84283200	19.6
19457	-81604800	23.2
19457	-79012800	27.1
19457	-76334400	28.8
19457	-73656000	24.1
19457	-71064000	17.7
19457	-68385600	13.1
19457	-65793600	5.5
19457	-63115200	5.9
19457	-60436800	3
19457	-57931200	9.4
19457	-55252800	14.2
19457	-52660800	17.6
19457	-49982400	21.4
19457	-47390400	25.2
19457	-44712000	26.8
19457	-42033600	23.4
19457	-39441600	17.1
19457	-36763200	13
19457	-34171200	10.6
19457	-31492800	6.8
19457	-28814400	6.7
19457	-26395200	8.4
19457	-23716800	14.7
19457	-21124800	18.8
19457	-18446400	21.6
19457	-15854400	26.2
19457	-13176000	28.2
19457	-10497600	25.2
19457	-7905600	17.4
19457	-5227200	12.4
19457	-2635200	7.1
19457	43200	4.4
19457	2721600	7.7
19457	5140800	7
19457	7819200	13.3
19457	10411200	18.7
19457	13089600	20.8
19457	15681600	26.2
19457	18360000	28.1
19457	21038400	25.3
19457	23630400	19.5
19457	26308800	12.9
19457	28900800	8.1
19457	31579200	5.5
19457	34257600	6.3
19457	36676800	8.9
19457	39355200	14.3
19457	41947200	18.5
19457	44625600	22.8
19457	47217600	28.2
19457	49896000	26.6
19457	52574400	23.2
19457	55166400	17.1
19457	57844800	13.2
19457	60436800	8.5
19457	63115200	7.9
19457	65793600	6.8
19457	68299200	9.4
19457	70977600	13.8
19457	73569600	17.9
19457	76248000	21.4
19457	78840000	26.1
19457	81518400	26.4
19457	84196800	22.2
19457	86788800	17.4
19457	89467200	12.7
19457	92059200	8.5
19457	94737600	7.7
19457	97416000	7.9
19457	99835200	10.1
19457	102513600	15.8
19457	105105600	19
19457	107784000	22
19457	110376000	27.9
19457	113054400	28.5
19457	115732800	22.7
19457	118324800	17.9
19457	121003200	12.1
19457	123595200	6.2
19457	126273600	5.6
19457	128952000	6
19457	131371200	9.1
19457	134049600	14.9
19457	136641600	19.3
19457	139320000	21.7
19457	141912000	25.1
19457	144590400	27
19457	147268800	22.8
19457	149860800	18.6
19457	152539200	12.4
19457	155131200	8.3
19457	157809600	6.1
19457	160488000	6
19457	162907200	9.6
19457	165585600	14.5
19457	168177600	18.4
19457	170856000	22.3
19457	173448000	28.3
19457	176126400	28.1
19457	178804800	25.6
19457	181396800	19.7
19457	184075200	13.3
19457	186667200	7.8
19457	189345600	5.1
19457	192024000	8.6
19457	194529600	9.3
19457	197208000	14.2
19457	199800000	18.5
19457	202478400	21.4
19457	205070400	24.7
19457	207748800	27.4
19457	210427200	21.3
19457	213019200	17.7
19457	215697600	11
19457	218289600	7.4
19457	220968000	3.7
19457	223646400	4.7
19457	226065600	10.3
19457	228744000	15.3
19457	231336000	18.5
19457	234014400	21.8
19457	236606400	27.5
19457	239284800	26
19457	241963200	24.1
19457	244555200	19.4
19457	247233600	14
19457	249825600	9.8
19457	252504000	7
19457	255182400	6
19457	257601600	9.4
19457	260280000	14.5
19457	262872000	19.3
19457	265550400	23.8
19457	268142400	28.7
19457	270820800	28.3
19457	273499200	24.5
19457	276091200	18
19457	278769600	13.2
19457	281361600	9.4
19457	284040000	7.7
19457	286718400	8
19457	289137600	9.9
19457	291816000	14
19457	294408000	18.1
19457	297086400	23.6
19457	299678400	26.3
19457	302356800	27.9
19457	305035200	24.6
19457	307627200	19
19457	310305600	12.5
19457	312897600	9.3
19457	315576000	6.2
19457	318254400	5.1
19457	320760000	9.6
19457	323438400	14
19457	326030400	18.7
19457	328708800	23.1
19457	331300800	24.9
19457	333979200	24.5
19457	336657600	22.4
19457	339249600	18.1
19457	341928000	13.5
19457	344520000	6.4
19457	347198400	4
19457	349876800	6.1
19457	352296000	10.2
19457	354974400	14.6
19457	357566400	18.6
19457	360244800	22.8
19457	362836800	28.5
19457	365515200	27.4
19457	368193600	23.1
19457	370785600	18.1
19457	373464000	11.7
19457	376056000	8.2
19457	378734400	5.9
19457	381412800	6.7
19457	383832000	10.7
19457	386510400	14.2
19457	389102400	20.3
19457	391780800	22.1
19457	394372800	24.8
19457	397051200	27.1
19457	399729600	22.4
19457	402321600	18.7
19457	4.05e+08	14.9
19457	407592000	8.6
19457	410270400	6.7
19457	412948800	6
19457	415368000	10.1
19457	418046400	16.3
19457	420638400	19.4
19457	423316800	22.1
19457	425908800	26.9
19457	428587200	28.1
19457	431265600	24.8
19457	433857600	19.1
19457	436536000	12.4
19457	439128000	7.4
19457	441806400	4.1
19457	444484800	4.4
19457	446990400	7.6
19457	449668800	14.5
19457	452260800	18
19457	454939200	23.8
19457	457531200	27.8
19457	460209600	28.6
19457	462888000	23.7
19457	465480000	18.1
19457	468158400	14.4
19457	470750400	8.3
19457	473428800	4.7
19457	476107200	7
19457	478526400	10
19457	481204800	14.5
19457	483796800	19.5
19457	486475200	22
19457	489067200	28
19457	491745600	29.3
19457	494424000	25.4
19457	497016000	19.3
19457	499694400	12.7
19457	502286400	6.7
19457	504964800	4.5
19457	507643200	4.7
19457	510062400	9.4
19457	512740800	15.2
19457	515332800	18.9
19457	518011200	22.9
19457	520603200	25.6
19457	523281600	27.8
19457	525960000	23.7
19457	528552000	17
19457	531230400	12.6
19457	533822400	9.6
19457	536500800	7.3
19457	539179200	7.9
19457	541598400	9.7
19457	544276800	14.4
19457	546868800	19
19457	549547200	22.5
19457	552139200	26.8
19457	554817600	27.2
19457	557496000	22.8
19457	560088000	19.9
19457	562766400	14.4
19457	565358400	9
19457	568036800	7.6
19457	570715200	6.4
19457	573220800	8.9
19457	575899200	14.4
19457	578491200	19.2
19457	581169600	22.5
19457	583761600	26.5
19457	586440000	26.8
19457	589118400	23.8
19457	591710400	18.5
19457	594388800	12.2
19457	596980800	8.5
19457	599659200	9.1
19457	602337600	8.7
19457	604756800	10.3
19457	607435200	16.2
19457	610027200	18.4
19457	612705600	21.8
19457	615297600	26.3
19457	617976000	27.3
19457	620654400	24.3
19457	623246400	18.3
19457	625924800	13.7
19457	628516800	9.6
19457	631195200	6
19457	633873600	10.2
19457	636292800	11.4
19457	638971200	14.8
19457	641563200	19.3
19457	644241600	24.2
19457	646833600	28.3
19457	649512000	29.6
19457	652190400	25.4
19457	654782400	18.7
19457	657460800	15.2
19457	660052800	8.7
19457	662731200	7
19457	665409600	6.1
19457	667828800	10.4
19457	670507200	14.6
19457	673099200	18.3
19457	675777600	23.5
19457	678369600	27.4
19457	681048000	26.2
19457	683726400	24.4
19457	686318400	18.3
19457	688996800	13.1
19457	691588800	10
19457	694267200	7.8
19457	696945600	7.6
19457	699451200	10.8
19457	702129600	15.4
19457	704721600	18.9
19457	707400000	21.4
19457	709992000	26.5
19457	712670400	26.7
19457	715348800	24.6
19457	717940800	18.5
19457	720619200	13.2
19457	723211200	10
19457	725889600	7.5
19457	728568000	8.3
19457	730987200	9.8
19457	733665600	14.6
19457	736257600	18.8
19457	738936000	22.9
19457	741528000	25.1
19457	744206400	25.2
19457	746884800	22.6
19457	749476800	17.7
19457	752155200	14.4
19457	754747200	8.9
19457	757425600	7.1
19457	760104000	7.2
19457	762523200	8.9
19457	765201600	15.8
19457	767793600	20.5
19457	770472000	22.3
19457	773064000	29.6
19457	775742400	29.8
19457	778420800	24.6
19457	781012800	19.7
19457	783691200	15.2
19457	786283200	10.1
19457	788961600	6.9
19457	791640000	7.1
19457	794059200	10.1
19457	796737600	14.4
19457	799329600	18.4
19457	802008000	21.7
19457	804600000	27.4
19457	807278400	29.3
19457	809956800	23.5
19457	812548800	19.2
19457	815227200	12.3
19457	817819200	7.4
19457	820497600	6.5
19457	823176000	6.1
19457	825681600	9.9
19457	828360000	12.5
19457	830952000	19.4
19457	833630400	23.9
19457	836222400	27.1
19457	838900800	28.2
19457	841579200	23.8
19457	844171200	19
19457	846849600	14.2
19457	849441600	8.6
19457	852120000	6.2
19457	854798400	7.7
19457	857217600	11.3
19457	859896000	15.3
19457	862488000	20.4
19457	865166400	23.6
19457	867758400	26.6
19457	870436800	28
19457	873115200	23.3
19457	875707200	18.6
19457	878385600	14.9
19457	880977600	9.5
19457	883656000	6.6
19457	886334400	9.4
19457	888753600	10.9
19457	891432000	17.6
19457	894024000	21.1
19457	896702400	22.9
19457	899294400	27.6
19457	901972800	29.2
19457	904651200	25.7
19457	907243200	20.8
19457	909921600	14.3
19457	912513600	10.6
19457	915192000	7.3
19457	917870400	7.2
19457	920289600	11.3
19457	922968000	14.8
19457	925560000	19.7
19457	928238400	23.2
19457	930830400	25.3
19457	933508800	27.6
19457	936187200	26.2
19457	938779200	19.9
19457	941457600	13.8
19457	944049600	8.6
19457	946728000	7.7
19457	949406400	6.1
19457	951912000	10.4
19457	954590400	15.1
19457	957182400	19.4
19457	959860800	23
19457	962452800	28.2
19457	965131200	28.6
19457	967809600	24.4
19457	970401600	19.7
19457	973080000	14.5
19457	975672000	9.6
19457	978350400	6.2
19457	981028800	7.7
19457	983448000	10.9
19457	986126400	15.3
19457	988718400	20.1
19457	991396800	23.6
19457	993988800	27.8
19457	996667200	28.5
19457	999345600	24
19457	1001937600	19.8
19457	1004616000	13.2
19457	1007208000	8.3
19457	1009886400	7.9
19457	1012564800	8.4
19457	1014984000	12.5
19457	1017662400	16.6
19457	1020254400	19.3
19457	1022932800	23.6
19457	1025524800	27.9
19457	1028203200	27.8
19457	1030881600	24.4
19457	1033473600	18.8
19457	1036152000	11.5
19457	1038744000	9.1
19457	1041422400	5.9
19457	1044100800	8.3
19457	1046520000	9.9
19457	1049198400	16.1
19457	1051790400	20
19457	1054468800	23.2
19457	1057060800	25.5
19457	1059739200	27.2
19457	1062417600	25.6
19457	1065009600	18.8
19457	1067688000	16.1
19457	1070280000	9.3
19457	1072958400	6.1
19457	1075636800	9
19457	1078142400	10.9
19457	1080820800	16.2
19457	1083412800	20.5
19457	1086091200	24
19457	1088683200	28.7
19457	1091361600	28.6
19457	1094040000	24.6
19457	1096632000	19
19457	1099310400	15.1
19457	1101902400	10.7
19457	1104580800	6.4
19457	1107259200	6.1
19457	1109678400	9.6
19457	1112356800	16.7
19457	1114948800	19.4
19457	1117627200	24.8
19457	1120219200	27.6
19457	1122897600	28.4
19457	1125576000	26
19457	1128168000	20.5
19457	1130846400	14.4
19457	1133438400	6
19457	1136116800	6.9
19457	1138795200	7.7
19457	1141214400	10.1
19457	1143892800	14.6
19457	1146484800	19.2
19457	1149163200	23.2
19457	1151755200	27.3
19457	1154433600	29
19457	1157112000	23.3
19457	1159704000	20.6
19457	1162382400	15
19457	1164974400	9.5
19457	1167652800	7.6
19457	1170331200	9.8
19457	1172750400	11.3
19457	1175428800	15.1
19457	1178020800	20.4
19457	1180699200	23.8
19457	1183291200	26.3
19457	1185969600	29.4
19457	1188648000	27
19457	1191240000	20.9
19457	1193918400	14.1
19457	1196510400	9.8
19457	1199188800	7.5
19457	1201867200	6.3
19457	1204372800	10.7
19457	1207051200	15
19457	1209643200	19.4
19457	1212321600	22.2
19457	1214913600	29
19457	1217592000	27.6
19457	1220270400	25
19457	1222862400	20.3
19457	1225540800	13.4
19457	1228132800	9.1
19457	1230811200	6.4
19457	1233489600	9.8
19457	1235908800	11.7
19457	1238587200	15.6
19457	1241179200	19.9
19457	1243857600	23.6
19457	1246449600	26.8
19457	1249128000	27.6
19457	1251806400	24.4
19457	1254398400	19.7
19457	1257076800	13.7
19457	1259668800	8.9
19457	1262347200	6.6
19457	1265025600	9.4
19457	1267444800	10.9
19457	1270123200	13.8
19457	1272715200	19.2
19457	1275393600	23.5
19457	1277985600	27.7
19457	1280664000	30.3
19457	1283342400	26.3
19457	1285934400	20
19457	1288612800	13.2
19457	1291204800	8.8
19457	1293883200	3.8
19457	1296561600	8.2
19457	1298980800	8.8
19457	1301659200	14.7
19457	1304251200	19.8
19457	1306929600	23.9
19457	1309521600	27.9
19457	1312200000	28.5
19457	1314878400	25.2
19457	1317470400	19.7
19457	1320148800	16.3
19457	1322740800	8.5
19457	1325419200	6.3
19457	1328097600	5.7
19457	1330603200	10.7
19457	1333281600	16.2
19457	1335873600	20.1
19457	1338552000	23.1
19457	1341144000	28
19457	1343822400	29.1
19457	1346500800	24.5
19457	1349092800	19.2
19457	1351771200	12.9
19457	1354363200	7.6
19457	1357041600	6.1
19457	1359720000	7.8
19457	1362139200	12.3
19457	1364817600	14.7
19457	1367409600	20.3
19457	1370088000	23.7
19457	1372680000	30
19457	1375358400	30
19457	1378036800	25.2
19457	1380628800	20.7
19457	1383307200	13.4
19457	1385899200	8.1
19457	1388577600	7.5
19457	1391256000	7.6
19457	1393675200	11.5
19457	1396353600	15.6
19457	1398945600	20.5
19457	1401624000	22.6
19457	1404216000	27.1
19457	1406894400	26.5
19457	1409572800	24.2
19457	1412164800	19.7
19457	1414843200	14.7
19457	1417435200	7.6
19457	1420113600	7.9
19457	1422792000	7.6
19457	1425211200	11.1
19457	1427889600	16.2
19457	1430481600	20.7
19458	-2619172800	7.2
19458	-2616494400	5.5
19458	-2614075200	7.4
19458	-2611396800	13.3
19458	-2608804800	15.9
19458	-2606126400	20
19458	-2603534400	24.7
19458	-2600856000	25.8
19458	-2598177600	22.6
19458	-2595585600	18.5
19458	-2592907200	11.9
19458	-2590315200	7.5
19458	-2587636800	6.4
19458	-2584958400	4.1
19458	-2582452800	9.7
19458	-2579774400	13.5
19458	-2577182400	17.1
19458	-2574504000	20.3
19458	-2571912000	25.1
19458	-2569233600	26.2
19458	-2566555200	22.2
19458	-2563963200	16.6
19458	-2561284800	13.5
19458	-2558692800	9
19458	-2556014400	4.8
19458	-2553336000	5.5
19458	-2550916800	8.5
19458	-2548238400	12.5
19458	-2545646400	15.9
19458	-2542968000	21.9
19458	-2540376000	24.8
19458	-2537697600	26.1
19458	-2535019200	21.2
19458	-2532427200	16.9
19458	-2529748800	11.5
19458	-2527156800	7.9
19458	-2524478400	6
19458	-2521800000	8.4
19458	-2519380800	9.4
19458	-2516702400	15
19458	-2514110400	17.3
19458	-2511432000	21.9
19458	-2508840000	24.9
19458	-2506161600	26.2
19458	-2503483200	23.3
19458	-2500891200	17.3
19458	-2498212800	13.2
19458	-2495620800	11
19458	-2492942400	4.4
19458	-2490264000	6
19458	-2487844800	8.9
19458	-2485166400	12.7
19458	-2482574400	17.3
19458	-2479896000	20.7
19458	-2477304000	24.8
19458	-2474625600	25.6
19458	-2471947200	24.3
19458	-2469355200	18.2
19458	-2466676800	13
19458	-2464084800	7.8
19458	-2461406400	5.6
19458	-2458728000	5.7
19458	-2456222400	6.6
19458	-2453544000	13.7
19458	-2450952000	16.6
19458	-2448273600	21.3
19458	-2445681600	26.3
19458	-2443003200	26.4
19458	-2440324800	23.2
19458	-2437732800	16.9
19458	-2435054400	12.2
19458	-2432462400	5.9
19458	-2429784000	5.1
19458	-2427105600	4
19458	-2424686400	7.8
19458	-2422008000	12.7
19458	-2419416000	16.4
19458	-2416737600	20.3
19458	-2414145600	26.5
19458	-2411467200	26.2
19458	-2408788800	24.2
19458	-2406196800	17.5
19458	-2403518400	10.8
19458	-2400926400	7
19458	-2398248000	5.9
19458	-2395569600	6.1
19458	-2393150400	9.3
19458	-2390472000	14.3
19458	-2387880000	17.3
19458	-2385201600	23.5
19458	-2382609600	27
19458	-2379931200	27.7
19458	-2377252800	23.1
19458	-2374660800	18
19458	-2371982400	13.7
19458	-2369390400	8.4
19458	-2366712000	4.3
19458	-2364033600	5.5
19458	-2361614400	8.7
19458	-2358936000	13.1
19458	-2356344000	17.7
19458	-2353665600	21.5
19458	-2351073600	24
19458	-2348395200	26.3
19458	-2345716800	22.6
19458	-2343124800	18
19458	-2340446400	12.6
19458	-2337854400	7.6
19458	-2335176000	5.6
19458	-2332497600	5.5
19458	-2329992000	6.6
19458	-2327313600	14.8
19458	-2324721600	16.5
19458	-2322043200	22.3
19458	-2319451200	24.7
19458	-2316772800	25.9
19458	-2314094400	22.2
19458	-2311502400	17.7
19458	-2308824000	12.6
19458	-2306232000	7.4
19458	-2303553600	6.8
19458	-2300875200	4.8
19458	-2298456000	8.8
19458	-2295777600	12.7
19458	-2293185600	17.6
19458	-2290507200	20.3
19458	-2287915200	25.4
19458	-2285236800	27
19458	-2282558400	23
19458	-2279966400	16.4
19458	-2277288000	14
19458	-2274696000	5.9
19458	-2272017600	7.1
19458	-2269339200	6.8
19458	-2266920000	8.3
19458	-2264241600	12.2
19458	-2261649600	17.6
19458	-2258971200	21.6
19458	-2256379200	26.4
19458	-2253700800	26.7
19458	-2251022400	23.4
19458	-2248430400	18.1
19458	-2245752000	13.9
19458	-2243160000	8.5
19458	-2240481600	5.1
19458	-2237803200	6.5
19458	-2235384000	9.5
19458	-2232705600	13.5
19458	-2230113600	18.1
19458	-2227435200	22.7
19458	-2224843200	25.4
19458	-2222164800	25.7
19458	-2219486400	21.2
19458	-2216894400	15
19458	-2214216000	11
19458	-2211624000	9.3
19458	-2208945600	4.8
19458	-2206267200	5.1
19458	-2203848000	8.1
19458	-2201169600	13.4
19458	-2198577600	17.6
19458	-2195899200	20.4
19458	-2193307200	24.2
19458	-2190628800	26.5
19458	-2187950400	23.5
19458	-2185358400	17.7
19458	-2182680000	12.7
19458	-2180088000	7.5
19458	-2177409600	7.4
19458	-2174731200	4.1
19458	-2172312000	7.5
19458	-2169633600	13.4
19458	-2167041600	16.5
19458	-2164363200	20.6
19458	-2161771200	23.1
19458	-2159092800	26
19458	-2156414400	21.9
19458	-2153822400	18.5
19458	-2151144000	11.7
19458	-2148552000	6.3
19458	-2145873600	5.5
19458	-2143195200	5.2
19458	-2140776000	10.1
19458	-2138097600	12.3
19458	-2135505600	17.3
19458	-2132827200	20.6
19458	-2130235200	24.2
19458	-2127556800	25
19458	-2124878400	21.9
19458	-2122286400	16.9
19458	-2119608000	13.9
19458	-2117016000	10.2
19458	-2114337600	6.6
19458	-2111659200	6.2
19458	-2109240000	9.8
19458	-2106561600	13.7
19458	-2103969600	16.7
19458	-2101291200	20.5
19458	-2098699200	23.6
19458	-2096020800	26.6
19458	-2093342400	23.6
19458	-2090750400	17.9
19458	-2088072000	11.5
19458	-2085480000	6.3
19458	-2082801600	4.8
19458	-2080123200	6.2
19458	-2077617600	8
19458	-2074939200	14
19458	-2072347200	16.9
19458	-2069668800	21.2
19458	-2067076800	25.7
19458	-2064398400	25.9
19458	-2061720000	22.2
19458	-2059128000	17.3
19458	-2056449600	10.9
19458	-2053857600	8.2
19458	-2051179200	7.7
19458	-2048500800	4.9
19458	-2046081600	8
19458	-2043403200	12.3
19458	-2040811200	17.6
19458	-2038132800	20.9
19458	-2035540800	25.4
19458	-2032862400	24.5
19458	-2030184000	22.8
19458	-2027592000	17.3
19458	-2024913600	12.8
19458	-2022321600	10.3
19458	-2019643200	5
19458	-2016964800	5.1
19458	-2014545600	7.8
19458	-2011867200	12.5
19458	-2009275200	17.1
19458	-2006596800	20.5
19458	-2004004800	24.6
19458	-2001326400	26
19458	-1998648000	22.3
19458	-1996056000	17.3
19458	-1993377600	11.8
19458	-1990785600	7.3
19458	-1988107200	6.7
19458	-1985428800	4
19458	-1983009600	8
19458	-1980331200	13
19458	-1977739200	18
19458	-1975060800	20.3
19458	-1972468800	24.1
19458	-1969790400	26.2
19458	-1967112000	22.3
19458	-1964520000	17.5
19458	-1961841600	13.2
19458	-1959249600	7
19458	-1956571200	6.1
19458	-1953892800	5
19458	-1951387200	8.1
19458	-1948708800	13.1
19458	-1946116800	16.7
19458	-1943438400	21.4
19458	-1940846400	24
19458	-1938168000	25.5
19458	-1935489600	21.3
19458	-1932897600	17.3
19458	-1930219200	10.7
19458	-1927627200	8.1
19458	-1924948800	5.7
19458	-1922270400	4.3
19458	-1919851200	6.9
19458	-1917172800	13.2
19458	-1914580800	16.3
19458	-1911902400	21
19458	-1909310400	24.6
19458	-1906632000	25.2
19458	-1903953600	23.4
19458	-1901361600	16.3
19458	-1898683200	11.9
19458	-1896091200	6.4
19458	-1893412800	6.6
19458	-1890734400	3.9
19458	-1888315200	7.8
19458	-1885636800	11.8
19458	-1883044800	16.6
19458	-1880366400	21.2
19458	-1877774400	24.9
19458	-1875096000	25.7
19458	-1872417600	22.5
19458	-1869825600	16.8
19458	-1867147200	11.2
19458	-1864555200	6
19458	-1861876800	4.9
19458	-1859198400	5.8
19458	-1856779200	9.1
19458	-1854100800	12.7
19458	-1851508800	16.4
19458	-1848830400	21.1
19458	-1846238400	25.1
19458	-1843560000	25.5
19458	-1840881600	24
19458	-1838289600	16.5
19458	-1835611200	12.7
19458	-1833019200	6.9
19458	-1830340800	4.7
19458	-1827662400	7.4
19458	-1825156800	8.9
19458	-1822478400	13.1
19458	-1819886400	17.3
19458	-1817208000	21
19458	-1814616000	24.9
19458	-1811937600	25.8
19458	-1809259200	21.3
19458	-1806667200	16.1
19458	-1803988800	10.7
19458	-1801396800	7.3
19458	-1798718400	4.5
19458	-1796040000	5.1
19458	-1793620800	7
19458	-1790942400	14.3
19458	-1788350400	16.4
19458	-1785672000	20.8
19458	-1783080000	24.2
19458	-1780401600	25
19458	-1777723200	20.7
19458	-1775131200	17
19458	-1772452800	11.8
19458	-1769860800	6.7
19458	-1767182400	5.3
19458	-1764504000	6.1
19458	-1762084800	10.3
19458	-1759406400	12.4
19458	-1756814400	17.4
19458	-1754136000	21.1
19458	-1751544000	27.4
19458	-1748865600	26.5
19458	-1746187200	23.1
19458	-1743595200	16.8
19458	-1740916800	12.5
19458	-1738324800	7.4
19458	-1735646400	5.2
19458	-1732968000	6
19458	-1730548800	6.9
19458	-1727870400	12.8
19458	-1725278400	16.4
19458	-1722600000	21.7
19458	-1720008000	25.8
19458	-1717329600	26.5
19458	-1714651200	23
19458	-1712059200	18.9
19458	-1709380800	13.5
19458	-1706788800	8.1
19458	-1704110400	7.2
19458	-1701432000	6
19458	-1698926400	6.6
19458	-1696248000	13.3
19458	-1693656000	17.6
19458	-1690977600	23.3
19458	-1688385600	25.2
19458	-1685707200	25.9
19458	-1683028800	24.3
19458	-1680436800	18.3
19458	-1677758400	13.8
19458	-1675166400	8
19458	-1672488000	2.9
19458	-1669809600	4.2
19458	-1667390400	7.1
19458	-1664712000	12
19458	-1662120000	15.7
19458	-1659441600	20.7
19458	-1656849600	26
19458	-1654171200	25.3
19458	-1651492800	23.9
19458	-1648900800	17.7
19458	-1646222400	9.5
19458	-1643630400	4.8
19458	-1640952000	2.9
19458	-1638273600	4.7
19458	-1635854400	7.9
19458	-1633176000	12.2
19458	-1630584000	16.3
19458	-1627905600	20.5
19458	-1625313600	25.1
19458	-1622635200	25.6
19458	-1619956800	21.6
19458	-1617364800	16.9
19458	-1614686400	11.5
19458	-1612094400	7.5
19458	-1609416000	5.1
19458	-1606737600	5.7
19458	-1604318400	9.2
19458	-1601640000	13.1
19458	-1599048000	17.3
19458	-1596369600	21.8
19458	-1593777600	24.8
19458	-1591099200	25.5
19458	-1588420800	22.1
19458	-1585828800	16.7
19458	-1583150400	12.1
19458	-1580558400	6.7
19458	-1577880000	4.5
19458	-1575201600	5.3
19458	-1572696000	8.1
19458	-1570017600	12.7
19458	-1567425600	16.4
19458	-1564747200	21.1
19458	-1562155200	26
19458	-1559476800	25.8
19458	-1556798400	23.4
19458	-1554206400	17.1
19458	-1551528000	14
19458	-1548936000	8
19458	-1546257600	6.1
19458	-1543579200	5.7
19458	-1541160000	7.4
19458	-1538481600	13.3
19458	-1535889600	17
19458	-1533211200	19.3
19458	-1530619200	24.8
19458	-1527940800	26.3
19458	-1525262400	22
19458	-1522670400	16.8
19458	-1519992000	10.2
19458	-1517400000	6.9
19458	-1514721600	3.4
19458	-1512043200	7.4
19458	-1509624000	7.4
19458	-1506945600	13.2
19458	-1504353600	17.9
19458	-1501675200	21.4
19458	-1499083200	25.3
19458	-1496404800	27.4
19458	-1493726400	23.9
19458	-1491134400	17.3
19458	-1488456000	11
19458	-1485864000	6.4
19458	-1483185600	4.3
19458	-1480507200	4.8
19458	-1478088000	9.5
19458	-1475409600	12.9
19458	-1472817600	18
19458	-1470139200	21
19458	-1467547200	24.9
19458	-1464868800	27.3
19458	-1462190400	23.1
19458	-1459598400	16.7
19458	-1456920000	11.9
19458	-1454328000	7.4
19458	-1451649600	5.2
19458	-1448971200	5.4
19458	-1446465600	5.9
19458	-1443787200	13.4
19458	-1441195200	16.9
19458	-1438516800	19.8
19458	-1435924800	26
19458	-1433246400	25.8
19458	-1430568000	22.1
19458	-1427976000	17.2
19458	-1425297600	10.2
19458	-1422705600	6.5
19458	-1420027200	5.1
19458	-1417348800	4.1
19458	-1414929600	7.7
19458	-1412251200	12.1
19458	-1409659200	16.7
19458	-1406980800	21.1
19458	-1404388800	24.6
19458	-1401710400	25.8
19458	-1399032000	23
19458	-1396440000	17.4
19458	-1393761600	13.3
19458	-1391169600	7.1
19458	-1388491200	4.7
19458	-1385812800	5.6
19458	-1383393600	7.8
19458	-1380715200	11.6
19458	-1378123200	17.3
19458	-1375444800	19.9
19458	-1372852800	25.4
19458	-1370174400	27.9
19458	-1367496000	24.5
19458	-1364904000	16.5
19458	-1362225600	11.2
19458	-1359633600	6.1
19458	-1356955200	4.6
19458	-1354276800	4.6
19458	-1351857600	7.7
19458	-1349179200	12.5
19458	-1346587200	16.5
19458	-1343908800	20.7
19458	-1341316800	26.3
19458	-1338638400	26.1
19458	-1335960000	21.6
19458	-1333368000	16.7
19458	-1330689600	12.7
19458	-1328097600	8
19458	-1325419200	5.6
19458	-1322740800	5.3
19458	-1320235200	8.3
19458	-1317556800	13.1
19458	-1314964800	17.9
19458	-1312286400	21.1
19458	-1309694400	25.4
19458	-1307016000	25.4
19458	-1304337600	24
19458	-1301745600	17.5
19458	-1299067200	12.3
19458	-1296475200	7.3
19458	-1293796800	5.1
19458	-1291118400	4.5
19458	-1288699200	8.4
19458	-1286020800	12.6
19458	-1283428800	17.1
19458	-1280750400	21.4
19458	-1278158400	25.8
19458	-1275480000	26.7
19458	-1272801600	22
19458	-1270209600	17.3
19458	-1267531200	11.3
19458	-1264939200	9.8
19458	-1262260800	4.9
19458	-1259582400	7.4
19458	-1257163200	9.8
19458	-1254484800	14.4
19458	-1251892800	17.9
19458	-1249214400	22.1
19458	-1246622400	27.4
19458	-1243944000	26.6
19458	-1241265600	21.8
19458	-1238673600	16.9
19458	-1235995200	10.6
19458	-1233403200	7.8
19458	-1230724800	5.9
19458	-1228046400	5.5
19458	-1225627200	8.5
19458	-1222948800	12.8
19458	-1220356800	16.8
19458	-1217678400	21.1
19458	-1215086400	23.9
19458	-1212408000	26.6
19458	-1209729600	22.9
19458	-1207137600	16.6
19458	-1204459200	13.2
19458	-1201867200	8.5
19458	-1199188800	6.3
19458	-1196510400	4.9
19458	-1194004800	7.5
19458	-1191326400	11.9
19458	-1188734400	17.4
19458	-1186056000	21.1
19458	-1183464000	26
19458	-1180785600	25.8
19458	-1178107200	22
19458	-1175515200	15.2
19458	-1172836800	11.8
19458	-1170244800	8
19458	-1167566400	4.5
19458	-1164888000	4.6
19458	-1162468800	7.2
19458	-1159790400	12.7
19458	-1157198400	18.2
19458	-1154520000	22.6
19458	-1151928000	26.6
19458	-1149249600	26.1
19458	-1146571200	22.8
19458	-1143979200	17
19458	-1141300800	12.5
19458	-1138708800	8.6
19458	-1136030400	3.2
19458	-1133352000	5.2
19458	-1130932800	5.4
19458	-1128254400	12.5
19458	-1125662400	17.8
19458	-1122984000	22.2
19458	-1120392000	27.1
19458	-1117713600	26.8
19458	-1115035200	22.3
19458	-1112443200	16
19458	-1109764800	10.9
19458	-1107172800	8.2
19458	-1104494400	5.4
19458	-1101816000	6.2
19458	-1099396800	9
19458	-1096718400	12.6
19458	-1094126400	17.2
19458	-1091448000	20.9
19458	-1088856000	25.4
19458	-1086177600	26.1
19458	-1083499200	21.8
19458	-1080907200	17.2
19458	-1078228800	13
19458	-1075636800	6.6
19458	-1072958400	2.6
19458	-1070280000	3.6
19458	-1067774400	5.6
19458	-1065096000	12
19458	-1062504000	16.4
19458	-1059825600	21.3
19458	-1057233600	24.8
19458	-1054555200	25.6
19458	-1051876800	23.1
19458	-1049284800	16.8
19458	-1046606400	11.6
19458	-1044014400	8.9
19458	-1041336000	6.1
19458	-1038657600	7.3
19458	-1036238400	8.6
19458	-1033560000	13.5
19458	-1030968000	17.5
19458	-1028289600	20.4
19458	-1025697600	25.6
19458	-1023019200	26.6
19458	-1020340800	22.7
19458	-1017748800	17.4
19458	-1015070400	13.1
19458	-1012478400	6.7
19458	-1009800000	3.9
19458	-1007121600	4.5
19458	-1004702400	9.4
19458	-1002024000	12.9
19458	-999432000	18.6
19458	-996753600	21.5
19458	-994161600	25.6
19458	-991483200	25.5
19458	-988804800	21.8
19458	-986212800	18.9
19458	-983534400	10.9
19458	-980942400	7.6
19458	-978264000	4.2
19458	-975585600	5
19458	-973166400	8.2
19458	-970488000	12.6
19458	-967896000	16.6
19458	-965217600	20.9
19458	-962625600	25.8
19458	-959947200	25.3
19458	-957268800	22.3
19458	-954676800	17.2
19458	-951998400	12.7
19458	-949406400	6.6
19458	-946728000	5
19458	-944049600	4.9
19458	-941544000	7.3
19458	-938865600	11.7
19458	-936273600	16.6
19458	-933595200	20.6
19458	-931003200	26.4
19458	-928324800	24.6
19458	-925646400	22.9
19458	-923054400	17.6
19458	-920376000	12.7
19458	-917784000	8.3
19458	-915105600	5.9
19458	-912427200	5.4
19458	-910008000	5.1
19458	-907329600	12.6
19458	-904737600	17.6
19458	-902059200	21.6
19458	-899467200	24.5
19458	-896788800	25.2
19458	-894110400	21.2
19458	-891518400	16
19458	-888840000	13.1
19458	-886248000	8.6
19458	-883569600	4.5
19458	-880891200	4.7
19458	-878472000	10.1
19458	-875793600	12.6
19458	-873201600	16.1
19458	-870523200	20.6
19458	-867931200	27.2
19458	-865252800	27
19458	-862574400	23.1
19458	-859982400	15.9
19458	-857304000	11.1
19458	-854712000	6.4
19458	-852033600	3.2
19458	-849355200	4.5
19458	-846936000	7.5
19458	-844257600	11.5
19458	-841665600	17.2
19458	-838987200	21.2
19458	-836395200	24.2
19458	-833716800	25.9
19458	-831038400	23
19458	-828446400	17.1
19458	-825768000	11.2
19458	-823176000	7.7
19458	-820497600	5.2
19458	-817819200	4.5
19458	-815313600	7.1
19458	-812635200	12
19458	-810043200	18
19458	-807364800	21.7
19458	-804772800	26.3
19458	-802094400	26
19458	-799416000	22.6
19458	-796824000	17.5
19458	-794145600	13
19458	-791553600	5.5
19458	-788875200	3
19458	-786196800	3.3
19458	-783777600	7.7
19458	-781099200	13
19458	-778507200	15.4
19458	-775828800	21.5
19458	-773236800	24.3
19458	-770558400	26.1
19458	-767880000	23
19458	-765288000	17.6
19458	-762609600	12.2
19458	-760017600	6.9
19458	-757339200	4.8
19458	-754660800	5.4
19458	-752241600	7.8
19458	-749563200	13.3
19458	-746971200	16.7
19458	-744292800	22.1
19458	-741700800	25.9
19458	-739022400	25.8
19458	-736344000	22.7
19458	-733752000	17.2
19458	-731073600	13.7
19458	-728481600	6.4
19458	-725803200	6.6
19458	-723124800	3.2
19458	-720705600	7.2
19458	-718027200	11.8
19458	-715435200	15.4
19458	-712756800	19.7
19458	-710164800	26
19458	-707486400	26.3
19458	-704808000	23.3
19458	-702216000	16.2
19458	-699537600	10.9
19458	-696945600	6.2
19458	-694267200	4.9
19458	-691588800	6.1
19458	-689083200	7.9
19458	-686404800	13.7
19458	-683812800	17
19458	-681134400	21.3
19458	-678542400	25.1
19458	-675864000	25.7
19458	-673185600	23.2
19458	-670593600	18.5
19458	-667915200	13.1
19458	-665323200	10.9
19458	-662644800	5.7
19458	-659966400	7.2
19458	-657547200	7.5
19458	-654868800	11.5
19458	-652276800	17.4
19458	-649598400	19.9
19458	-647006400	24.2
19458	-644328000	25.7
19458	-641649600	22.8
19458	-639057600	16
19458	-636379200	12.5
19458	-633787200	8.1
19458	-631108800	7.1
19458	-628430400	6.1
19458	-626011200	8
19458	-623332800	13.1
19458	-620740800	17.3
19458	-618062400	21
19458	-615470400	25
19458	-612792000	25.1
19458	-610113600	22.5
19458	-607521600	17.3
19458	-604843200	12.9
19458	-602251200	6.3
19458	-599572800	4.8
19458	-596894400	6.8
19458	-594475200	7.6
19458	-591796800	12.2
19458	-589204800	17.1
19458	-586526400	20.1
19458	-583934400	23.8
19458	-581256000	26.4
19458	-578577600	20.4
19458	-575985600	17.4
19458	-573307200	12
19458	-570715200	8.7
19458	-568036800	5.4
19458	-565358400	5.1
19458	-562852800	7.6
19458	-560174400	13.4
19458	-557582400	17.2
19458	-554904000	20.3
19458	-552312000	24.8
19458	-549633600	26.1
19458	-546955200	22.6
19458	-544363200	15.7
19458	-541684800	14.4
19458	-539092800	7.4
19458	-536414400	4.9
19458	-533736000	5.6
19458	-531316800	9.3
19458	-528638400	12.1
19458	-526046400	17.2
19458	-523368000	20.9
19458	-520776000	26.1
19458	-518097600	26.8
19458	-515419200	23
19458	-512827200	17.9
19458	-510148800	12.4
19458	-507556800	9.3
19458	-504878400	7.6
19458	-502200000	7.3
19458	-499780800	8.4
19458	-497102400	14.1
19458	-494510400	17.9
19458	-491832000	20.2
19458	-489240000	24
19458	-486561600	26.8
19458	-483883200	23.1
19458	-481291200	16.8
19458	-478612800	13.7
19458	-476020800	8.3
19458	-473342400	4.5
19458	-470664000	6.8
19458	-468244800	10
19458	-465566400	14
19458	-462974400	17.9
19458	-460296000	22.6
19458	-457704000	26.5
19458	-455025600	26.2
19458	-452347200	23.5
19458	-449755200	17.3
19458	-447076800	10.7
19458	-444484800	8.2
19458	-441806400	5.4
19458	-439128000	4.9
19458	-436622400	8.9
19458	-433944000	13.2
19458	-431352000	16.6
19458	-428673600	21.6
19458	-426081600	26.3
19458	-423403200	25.9
19458	-420724800	23
19458	-418132800	17.8
19458	-415454400	11
19458	-412862400	5.3
19458	-410184000	6.6
19458	-407505600	4.5
19458	-405086400	7.1
19458	-402408000	14
19458	-399816000	17.1
19458	-397137600	20.5
19458	-394545600	25.5
19458	-391867200	26
19458	-389188800	20.7
19458	-386596800	16.5
19458	-383918400	12.8
19458	-381326400	8.1
19458	-378648000	5.4
19458	-375969600	6.4
19458	-373550400	8.7
19458	-370872000	14
19458	-368280000	17.4
19458	-365601600	22
19458	-363009600	27.3
19458	-360331200	25.8
19458	-357652800	23.7
19458	-355060800	17.3
19458	-352382400	12.6
19458	-349790400	9.5
19458	-347112000	4.9
19458	-344433600	9
19458	-342014400	10
19458	-339336000	14
19458	-336744000	18
19458	-334065600	21.8
19458	-331473600	26.4
19458	-328795200	26.5
19458	-326116800	24.1
19458	-323524800	17.8
19458	-320846400	13.9
19458	-318254400	8.9
19458	-315576000	5.1
19458	-312897600	7.3
19458	-310392000	9.9
19458	-307713600	12.9
19458	-305121600	17.9
19458	-302443200	21.5
19458	-299851200	27.2
19458	-297172800	26.8
19458	-294494400	23.7
19458	-291902400	17.7
19458	-289224000	13.5
19458	-286632000	6.7
19458	-283953600	4.4
19458	-281275200	5.2
19458	-278856000	9.4
19458	-276177600	13.9
19458	-273585600	18.4
19458	-270907200	22
19458	-268315200	27.3
19458	-265636800	27.3
19458	-262958400	25.1
19458	-260366400	20.1
19458	-257688000	14
19458	-255096000	8.1
19458	-252417600	4.8
19458	-249739200	6.4
19458	-247320000	8.7
19458	-244641600	12.9
19458	-242049600	17.4
19458	-239371200	20.9
19458	-236779200	25.6
19458	-234100800	27
19458	-231422400	23.7
19458	-228830400	17.2
19458	-226152000	12.2
19458	-223560000	8.2
19458	-220881600	3.1
19458	-218203200	3.4
19458	-215784000	8
19458	-213105600	14.1
19458	-210513600	19.1
19458	-207835200	22.2
19458	-205243200	26.2
19458	-202564800	26.1
19458	-199886400	22.2
19458	-197294400	16.9
19458	-194616000	12.4
19458	-192024000	8.4
19458	-189345600	7.2
19458	-186667200	5.2
19458	-184161600	8.9
19458	-181483200	17.4
19458	-178891200	18.4
19458	-176212800	21
19458	-173620800	27.5
19458	-170942400	27.5
19458	-168264000	24.3
19458	-165672000	18.5
19458	-162993600	12.3
19458	-160401600	7.7
19458	-157723200	5
19458	-155044800	5.9
19458	-152625600	7.3
19458	-149947200	12.1
19458	-147355200	17.6
19458	-144676800	20.9
19458	-142084800	26.3
19458	-139406400	26.5
19458	-136728000	20.9
19458	-134136000	16.2
19458	-131457600	13.8
19458	-128865600	7.2
19458	-126187200	5.2
19458	-123508800	7.1
19458	-121089600	10.3
19458	-118411200	13.4
19458	-115819200	17.5
19458	-113140800	21.3
19458	-110548800	25.2
19458	-107870400	27.6
19458	-105192000	22.4
19458	-102600000	17.7
19458	-99921600	11.9
19458	-97329600	6.6
19458	-94651200	4.4
19458	-91972800	5.7
19458	-89553600	9.2
19458	-86875200	14.2
19458	-84283200	18.8
19458	-81604800	22.4
19458	-79012800	25.8
19458	-76334400	28.1
19458	-73656000	23.8
19458	-71064000	17.4
19458	-68385600	13
19458	-65793600	5.3
19458	-63115200	5.4
19458	-60436800	2.8
19458	-57931200	8.8
19458	-55252800	13.8
19458	-52660800	17.8
19458	-49982400	21.1
19458	-47390400	24.6
19458	-44712000	26.3
19458	-42033600	22.8
19458	-39441600	17.4
19458	-36763200	12.2
19458	-34171200	9.8
19458	-31492800	6.5
19458	-28814400	6.2
19458	-26395200	7.6
19458	-23716800	14
19458	-21124800	18.3
19458	-18446400	20.7
19458	-15854400	25.5
19458	-13176000	27.3
19458	-10497600	24.5
19458	-7905600	17
19458	-5227200	11.8
19458	-2635200	6.4
19458	43200	4
19458	2721600	6.8
19458	5140800	6.4
19458	7819200	12.8
19458	10411200	17.7
19458	13089600	19.9
19458	15681600	25.6
19458	18360000	26.8
19458	21038400	24.5
19458	23630400	18.7
19458	26308800	12.3
19458	28900800	7.5
19458	31579200	5
19458	34257600	6
19458	36676800	8.1
19458	39355200	13.9
19458	41947200	17.6
19458	44625600	21.8
19458	47217600	27.1
19458	49896000	25.7
19458	52574400	22.7
19458	55166400	16.6
19458	57844800	12.7
19458	60436800	7.7
19458	63115200	7.5
19458	65793600	6.8
19458	68299200	9.3
19458	70977600	13.1
19458	73569600	17.1
19458	76248000	21
19458	78840000	25.2
19458	81518400	25.8
19458	84196800	21.8
19458	86788800	17.1
19458	89467200	12.7
19458	92059200	7.7
19458	94737600	7.4
19458	97416000	7.6
19458	99835200	9.6
19458	102513600	16.1
19458	105105600	18.8
19458	107784000	22.3
19458	110376000	27.9
19458	113054400	27
19458	115732800	22.3
19458	118324800	17.4
19458	121003200	11.7
19458	123595200	5.8
19458	126273600	5.1
19458	128952000	5.7
19458	131371200	8.4
19458	134049600	14.4
19458	136641600	18.6
19458	139320000	21.5
19458	141912000	25
19458	144590400	26.7
19458	147268800	22
19458	149860800	18
19458	152539200	11.7
19458	155131200	8.4
19458	157809600	6
19458	160488000	5.6
19458	162907200	9.2
19458	165585600	14.2
19458	168177600	17.7
19458	170856000	21.9
19458	173448000	26.9
19458	176126400	26.5
19458	178804800	24.8
19458	181396800	19.3
19458	184075200	13.5
19458	186667200	8
19458	189345600	5
19458	192024000	7.9
19458	194529600	8.9
19458	197208000	13.7
19458	199800000	18.2
19458	202478400	21.3
19458	205070400	24.8
19458	207748800	26.6
19458	210427200	21.3
19458	213019200	17.5
19458	215697600	11.1
19458	218289600	7.1
19458	220968000	3.5
19458	223646400	4
19458	226065600	9.5
19458	228744000	15.2
19458	231336000	18
19458	234014400	21.6
19458	236606400	27
19458	239284800	26
19458	241963200	23.6
19458	244555200	18.8
19458	247233600	14.2
19458	249825600	9.5
19458	252504000	6.8
19458	255182400	5.8
19458	257601600	8.8
19458	260280000	13.5
19458	262872000	18.4
19458	265550400	22.9
19458	268142400	27.6
19458	270820800	27.3
19458	273499200	24.4
19458	276091200	18
19458	278769600	13.4
19458	281361600	9
19458	284040000	7.1
19458	286718400	8
19458	289137600	9.2
19458	291816000	13.8
19458	294408000	17.7
19458	297086400	22.7
19458	299678400	25.6
19458	302356800	27.2
19458	305035200	23.8
19458	307627200	18.4
19458	310305600	12.2
19458	312897600	8.6
19458	315576000	5.9
19458	318254400	4.8
19458	320760000	8.8
19458	323438400	13.4
19458	326030400	18.4
19458	328708800	22.7
19458	331300800	24.5
19458	333979200	24.7
19458	336657600	22.3
19458	339249600	17.9
19458	341928000	13
19458	344520000	6.1
19458	347198400	3.9
19458	349876800	5.3
19458	352296000	9.2
19458	354974400	13.7
19458	357566400	17.1
19458	360244800	22.2
19458	362836800	26.6
19458	365515200	26.4
19458	368193600	22.3
19458	370785600	17.2
19458	373464000	11.5
19458	376056000	7.4
19458	378734400	5.3
19458	381412800	6
19458	383832000	9.8
19458	386510400	13.4
19458	389102400	19.3
19458	391780800	21.7
19458	394372800	23.6
19458	397051200	25.9
19458	399729600	22
19458	402321600	17.8
19458	4.05e+08	14.4
19458	407592000	7.8
19458	410270400	6
19458	412948800	5.3
19458	415368000	9.1
19458	418046400	15.8
19458	420638400	18.5
19458	423316800	21.6
19458	425908800	25.9
19458	428587200	27.9
19458	431265600	23.9
19458	433857600	18.5
19458	436536000	12
19458	439128000	6.9
19458	441806400	3.7
19458	444484800	3.7
19458	446990400	6.8
19458	449668800	13.4
19458	452260800	17.6
19458	454939200	22.7
19458	457531200	26.7
19458	460209600	27.6
19458	462888000	23.2
19458	465480000	17.7
19458	468158400	14
19458	470750400	8.2
19458	473428800	4.6
19458	476107200	6.9
19458	478526400	9.8
19458	481204800	14.1
19458	483796800	19.1
19458	486475200	21
19458	489067200	27
19458	491745600	27.3
19458	494424000	24.9
19458	497016000	18.7
19458	499694400	12.6
19458	502286400	6.4
19458	504964800	4.3
19458	507643200	4.2
19458	510062400	8.5
19458	512740800	14.5
19458	515332800	18
19458	518011200	22.4
19458	520603200	25
19458	523281600	26.9
19458	525960000	22.8
19458	528552000	16.6
19458	531230400	12.3
19458	533822400	9.2
19458	536500800	7.1
19458	539179200	7
19458	541598400	9.1
19458	544276800	13.4
19458	546868800	18.4
19458	549547200	22.3
19458	552139200	26.2
19458	554817600	26.7
19458	557496000	22.1
19458	560088000	18.9
19458	562766400	13.9
19458	565358400	8.2
19458	568036800	7.1
19458	570715200	5.9
19458	573220800	8.2
19458	575899200	13.7
19458	578491200	18.3
19458	581169600	22.2
19458	583761600	25.8
19458	586440000	26
19458	589118400	23.3
19458	591710400	17.8
19458	594388800	11.5
19458	596980800	7.5
19458	599659200	8.2
19458	602337600	8
19458	604756800	9.6
19458	607435200	15
19458	610027200	17.6
19458	612705600	21.5
19458	615297600	25.5
19458	617976000	26.4
19458	620654400	23.8
19458	623246400	17.6
19458	625924800	13.3
19458	628516800	8.7
19458	631195200	5.7
19458	633873600	9.1
19458	636292800	10.7
19458	638971200	14.3
19458	641563200	18.6
19458	644241600	23.6
19458	646833600	27.7
19458	649512000	28
19458	652190400	24.8
19458	654782400	18.2
19458	657460800	14.5
19458	660052800	8.3
19458	662731200	6.6
19458	665409600	5.8
19458	667828800	9.9
19458	670507200	14.3
19458	673099200	17.8
19458	675777600	22.9
19458	678369600	26.8
19458	681048000	26.3
19458	683726400	24
19458	686318400	18.2
19458	688996800	12.6
19458	691588800	9.5
19458	694267200	7.3
19458	696945600	6.8
19458	699451200	10.1
19458	702129600	15
19458	704721600	18.2
19458	707400000	20.7
19458	709992000	25.7
19458	712670400	26.5
19458	715348800	23.8
19458	717940800	18
19458	720619200	12.7
19458	723211200	9.4
19458	725889600	7.3
19458	728568000	7.6
19458	730987200	8.6
19458	733665600	14
19458	736257600	17.6
19458	738936000	22
19458	741528000	24.4
19458	744206400	25
19458	746884800	21.8
19458	749476800	16.8
19458	752155200	13.7
19458	754747200	8.1
19458	757425600	6
19458	760104000	6.8
19458	762523200	8.1
19458	765201600	15.3
19458	767793600	19.6
19458	770472000	21.9
19458	773064000	28.7
19458	775742400	28.1
19458	778420800	24.2
19458	781012800	18.8
19458	783691200	14.5
19458	786283200	9.5
19458	788961600	6.4
19458	791640000	6.4
19458	794059200	9.7
19458	796737600	13.6
19458	799329600	17.9
19458	802008000	21.1
19458	804600000	26.6
19458	807278400	28.6
19458	809956800	23.1
19458	812548800	18.8
19458	815227200	11.8
19458	817819200	7
19458	820497600	5.9
19458	823176000	5.4
19458	825681600	9.1
19458	828360000	11.9
19458	830952000	18.6
19458	833630400	22.8
19458	836222400	26.2
19458	838900800	27.2
19458	841579200	23.3
19458	844171200	18.1
19458	846849600	13.9
19458	849441600	7.8
19458	852120000	5.9
19458	854798400	6.7
19458	857217600	10.6
19458	859896000	14.7
19458	862488000	19.4
19458	865166400	22.8
19458	867758400	26.1
19458	870436800	27
19458	873115200	23.1
19458	875707200	17.6
19458	878385600	14.2
19458	880977600	9.3
19458	883656000	6.2
19458	886334400	8.6
19458	888753600	10.2
19458	891432000	16.7
19458	894024000	20.2
19458	896702400	22.5
19458	899294400	27
19458	901972800	28.5
19458	904651200	24.4
19458	907243200	20.2
19458	909921600	13.8
19458	912513600	10
19458	915192000	6.6
19458	917870400	6.8
19458	920289600	10.6
19458	922968000	14.4
19458	925560000	19.3
19458	928238400	22.8
19458	930830400	25.3
19458	933508800	26.9
19458	936187200	25.5
19458	938779200	19.7
19458	941457600	13.7
19458	944049600	8.1
19458	946728000	7.4
19458	949406400	5.9
19458	951912000	10
19458	954590400	14.4
19458	957182400	18.8
19458	959860800	22.3
19458	962452800	27.4
19458	965131200	27.8
19458	967809600	24
19458	970401600	19.8
19458	973080000	14.7
19458	975672000	9.3
19458	978350400	6.2
19458	981028800	7.3
19458	983448000	10.5
19458	986126400	15
19458	988718400	19.6
19458	991396800	23.4
19458	993988800	27.4
19458	996667200	27.6
19458	999345600	23.7
19458	1001937600	19.4
19458	1004616000	12.7
19458	1007208000	8.5
19458	1009886400	7.6
19458	1012564800	7.9
19458	1014984000	12.2
19458	1017662400	15.7
19458	1020254400	19.3
19458	1022932800	23
19458	1025524800	27.2
19458	1028203200	27.8
19458	1030881600	24.6
19458	1033473600	18.4
19458	1036152000	11.1
19458	1038744000	9
19458	1041422400	5.7
19458	1044100800	7.7
19458	1046520000	9.4
19458	1049198400	15.7
19458	1051790400	19
19458	1054468800	22.2
19458	1057060800	25.4
19458	1059739200	26.9
19458	1062417600	25.3
19458	1065009600	17.7
19458	1067688000	15.7
19458	1070280000	9
19458	1072958400	5.8
19458	1075636800	8.6
19458	1078142400	10
19458	1080820800	15.8
19458	1083412800	20.3
19458	1086091200	23.4
19458	1088683200	28.5
19458	1091361600	27.6
19458	1094040000	24.4
19458	1096632000	18.9
19458	1099310400	14.6
19458	1101902400	10.5
19458	1104580800	6.1
19458	1107259200	6
19458	1109678400	9.4
19458	1112356800	15.7
19458	1114948800	19.6
19458	1117627200	24.4
19458	1120219200	27.1
19458	1122897600	27.6
19458	1125576000	25.5
19458	1128168000	20.1
19458	1130846400	13.8
19458	1133438400	5.8
19458	1136116800	6.4
19458	1138795200	7.4
19458	1141214400	9.3
19458	1143892800	14.2
19458	1146484800	19.2
19458	1149163200	22.9
19458	1151755200	26.9
19458	1154433600	28.3
19458	1157112000	23.3
19458	1159704000	20.3
19458	1162382400	14.6
19458	1164974400	9.4
19458	1167652800	7.2
19458	1170331200	9.2
19458	1172750400	10.6
19458	1175428800	14.4
19458	1178020800	19.9
19458	1180699200	23.1
19458	1183291200	26
19458	1185969600	28.5
19458	1188648000	26.5
19458	1191240000	20.4
19458	1193918400	13.8
19458	1196510400	9.5
19458	1199188800	7.2
19458	1201867200	6.1
19458	1204372800	10.4
19458	1207051200	14.8
19458	1209643200	19.2
19458	1212321600	21.8
19458	1214913600	28.3
19458	1217592000	27.5
19458	1220270400	24.6
19458	1222862400	19.5
19458	1225540800	13.2
19458	1228132800	8.6
19458	1230811200	6.6
19458	1233489600	9.2
19458	1235908800	10.9
19458	1238587200	15.1
19458	1241179200	19.8
19458	1243857600	23.4
19458	1246449600	26.1
19458	1249128000	27.3
19458	1251806400	24.2
19458	1254398400	19
19458	1257076800	13.7
19458	1259668800	8.6
19458	1262347200	6.7
19458	1265025600	9
19458	1267444800	10.6
19458	1270123200	13.4
19458	1272715200	18.6
19458	1275393600	22.4
19458	1277985600	26.8
19458	1280664000	29.3
19458	1283342400	26
19458	1285934400	19.7
19458	1288612800	13
19458	1291204800	8.7
19458	1293883200	3.9
19458	1296561600	7.4
19458	1298980800	8.5
19458	1301659200	14.3
19458	1304251200	19.5
19458	1306929600	22.9
19458	1309521600	27
19458	1312200000	27.7
19458	1314878400	24.6
19458	1317470400	19.4
19458	1320148800	15.6
19458	1322740800	8
19458	1325419200	5.8
19458	1328097600	5.4
19458	1330603200	10.1
19458	1333281600	15.2
19458	1335873600	19.2
19458	1338552000	21.9
19458	1341144000	26.8
19458	1343822400	27.7
19458	1346500800	24.3
19458	1349092800	18.9
19458	1351771200	12.6
19458	1354363200	7.2
19458	1357041600	5.3
19458	1359720000	7.1
19458	1362139200	11.4
19458	1364817600	13.9
19458	1367409600	19.5
19458	1370088000	22.6
19458	1372680000	28.3
19458	1375358400	29.3
19458	1378036800	24.2
19458	1380628800	19.9
19458	1383307200	13.2
19458	1385899200	7.7
19458	1388577600	6.7
19458	1391256000	6.5
19458	1393675200	10.6
19458	1396353600	14
19458	1398945600	19.5
19458	1401624000	22
19458	1404216000	26.5
19458	1406894400	26.4
19458	1409572800	23.2
19458	1412164800	19.1
19458	1414843200	14.1
19458	1417435200	7.3
19458	1420113600	7.2
19458	1422792000	7.1
19458	1425211200	10
19458	1427889600	15.6
19458	1430481600	20.1
19459	-2745403200	7.3
19459	-2742724800	9
19459	-2740305600	10
19459	-2737627200	16
19459	-2735035200	19
19459	-2732356800	23
19459	-2729764800	26.6
19459	-2727086400	27.4
19459	-2724408000	23.8
19459	-2721816000	20.6
19459	-2719137600	14
19459	-2716545600	7.8
19459	-2713867200	7.3
19459	-2711188800	6.2
19459	-2708683200	11.3
19459	-2706004800	15.1
19459	-2703412800	18.5
19459	-2700734400	21.9
19459	-2698142400	26.5
19459	-2695464000	26.2
19459	-2692785600	25.3
19459	-2690193600	19.1
19459	-2687515200	11.6
19459	-2684923200	6.5
19459	-2682244800	6.6
19459	-2679566400	5.7
19459	-2677147200	9.5
19459	-2674468800	17.1
19459	-2671876800	19
19459	-2669198400	23.4
19459	-2666606400	25.8
19459	-2663928000	27.2
19459	-2661249600	23.9
19459	-2658657600	18.8
19459	-2655979200	18.4
19459	-2653387200	9.8
19459	-2650708800	5.4
19459	-2648030400	4.5
19459	-2645611200	12.2
19459	-2642932800	16.5
19459	-2640340800	19.4
19459	-2637662400	22.5
19459	-2635070400	26.7
19459	-2632392000	27.3
19459	-2629713600	24.3
19459	-2627121600	20.8
19459	-2624443200	13.4
19459	-2621851200	7.7
19459	-2619172800	9.1
19459	-2616494400	7.7
19459	-2614075200	9.9
19459	-2611396800	15.1
19459	-2608804800	18.9
19459	-2606126400	21.5
19459	-2603534400	26.6
19459	-2600856000	27
19459	-2598177600	25.1
19459	-2595585600	20.8
19459	-2592907200	13.7
19459	-2590315200	8.8
19459	-2587636800	7.1
19459	-2584958400	6.9
19459	-2582452800	12.5
19459	-2579774400	16.8
19459	-2577182400	19.2
19459	-2574504000	21.7
19459	-2571912000	26.8
19459	-2569233600	27.5
19459	-2566555200	24.2
19459	-2563963200	18.7
19459	-2561284800	15.4
19459	-2558692800	11.3
19459	-2556014400	7
19459	-2553336000	7.6
19459	-2550916800	11.8
19459	-2548238400	16.7
19459	-2545646400	19.5
19459	-2542968000	24.5
19459	-2540376000	27.1
19459	-2537697600	27.6
19459	-2535019200	23.7
19459	-2532427200	19.2
19459	-2529748800	13.8
19459	-2527156800	10.4
19459	-2524478400	8.1
19459	-2521800000	10.9
19459	-2519380800	12.4
19459	-2516702400	18.6
19459	-2514110400	20.1
19459	-2511432000	23.2
19459	-2508840000	27.1
19459	-2506161600	27
19459	-2503483200	25.3
19459	-2500891200	19.2
19459	-2498212800	14.4
19459	-2495620800	12.6
19459	-2492942400	6.3
19459	-2490264000	9.2
19459	-2487844800	11.6
19459	-2485166400	16.3
19459	-2482574400	18.7
19459	-2479896000	22.3
19459	-2477304000	26.2
19459	-2474625600	27
19459	-2471947200	26.4
19459	-2469355200	20.6
19459	-2466676800	14.1
19459	-2464084800	10.1
19459	-2461406400	7.3
19459	-2458728000	8.5
19459	-2456222400	10.2
19459	-2453544000	16.8
19459	-2450952000	19.7
19459	-2448273600	22.7
19459	-2445681600	27.3
19459	-2443003200	27.7
19459	-2440324800	25.2
19459	-2437732800	19.5
19459	-2435054400	14.4
19459	-2432462400	7.1
19459	-2429784000	6.9
19459	-2427105600	6.1
19459	-2424686400	10.3
19459	-2422008000	15.1
19459	-2419416000	18.8
19459	-2416737600	22.2
19459	-2414145600	27.7
19459	-2411467200	27
19459	-2408788800	26.3
19459	-2406196800	19.1
19459	-2403518400	11.8
19459	-2400926400	8
19459	-2398248000	7.6
19459	-2395569600	8.2
19459	-2393150400	12
19459	-2390472000	16.7
19459	-2387880000	19.3
19459	-2385201600	24.7
19459	-2382609600	27.4
19459	-2379931200	28.6
19459	-2377252800	25.8
19459	-2374660800	19.9
19459	-2371982400	14.9
19459	-2369390400	10
19459	-2366712000	6.4
19459	-2364033600	8.7
19459	-2361614400	11.7
19459	-2358936000	15.8
19459	-2356344000	19.4
19459	-2353665600	23.5
19459	-2351073600	26.2
19459	-2348395200	27.8
19459	-2345716800	25.1
19459	-2343124800	19.8
19459	-2340446400	14.3
19459	-2337854400	9.2
19459	-2335176000	6.9
19459	-2332497600	7.8
19459	-2329992000	9.8
19459	-2327313600	18.4
19459	-2324721600	19.2
19459	-2322043200	24.1
19459	-2319451200	26.7
19459	-2316772800	27.1
19459	-2314094400	24.5
19459	-2311502400	20.3
19459	-2308824000	14.8
19459	-2306232000	9.8
19459	-2303553600	10.2
19459	-2300875200	7.4
19459	-2298456000	13.7
19459	-2295777600	15.4
19459	-2293185600	19.6
19459	-2290507200	22.3
19459	-2287915200	26.7
19459	-2285236800	28.1
19459	-2282558400	25
19459	-2279966400	17.9
19459	-2277288000	15.6
19459	-2274696000	7
19459	-2272017600	9.6
19459	-2269339200	8.9
19459	-2266920000	11.4
19459	-2264241600	15
19459	-2261649600	19.7
19459	-2258971200	22.4
19459	-2256379200	26.3
19459	-2253700800	27.1
19459	-2251022400	24.8
19459	-2248430400	20.5
19459	-2245752000	16.2
19459	-2243160000	9.9
19459	-2240481600	6.3
19459	-2237803200	8.1
19459	-2235384000	11.6
19459	-2232705600	15.3
19459	-2230113600	19.2
19459	-2227435200	22.9
19459	-2224843200	25.6
19459	-2222164800	25.9
19459	-2219486400	23.4
19459	-2216894400	16.4
19459	-2214216000	12.7
19459	-2211624000	11.8
19459	-2208945600	5.8
19459	-2206267200	7.3
19459	-2203848000	9.7
19459	-2201169600	16.1
19459	-2198577600	18.3
19459	-2195899200	21.3
19459	-2193307200	24.9
19459	-2190628800	27
19459	-2187950400	24.7
19459	-2185358400	19.4
19459	-2182680000	14.8
19459	-2180088000	9.4
19459	-2177409600	9.6
19459	-2174731200	4.1
19459	-2172312000	9.4
19459	-2169633600	15.7
19459	-2167041600	17.9
19459	-2164363200	21.1
19459	-2161771200	23.9
19459	-2159092800	26.6
19459	-2156414400	23
19459	-2153822400	19.8
19459	-2151144000	13
19459	-2148552000	8.4
19459	-2145873600	7.7
19459	-2143195200	6.7
19459	-2140776000	12.5
19459	-2138097600	14.4
19459	-2135505600	18.7
19459	-2132827200	21.5
19459	-2130235200	24.5
19459	-2127556800	26
19459	-2124878400	22.8
19459	-2122286400	18.6
19459	-2119608000	16
19459	-2117016000	11.6
19459	-2114337600	8
19459	-2111659200	7.9
19459	-2109240000	13.1
19459	-2106561600	15.8
19459	-2103969600	17.8
19459	-2101291200	20.5
19459	-2098699200	23.8
19459	-2096020800	27.1
19459	-2093342400	24.6
19459	-2090750400	19.1
19459	-2088072000	13
19459	-2085480000	7.6
19459	-2082801600	6.1
19459	-2080123200	8.8
19459	-2077617600	10.9
19459	-2074939200	16.6
19459	-2072347200	18.4
19459	-2069668800	22
19459	-2067076800	26.3
19459	-2064398400	26.4
19459	-2061720000	23.3
19459	-2059128000	18.8
19459	-2056449600	11.9
19459	-2053857600	9.1
19459	-2051179200	9.9
19459	-2048500800	6.3
19459	-2046081600	10.9
19459	-2043403200	14.8
19459	-2040811200	18.9
19459	-2038132800	22.3
19459	-2035540800	25.8
19459	-2032862400	25.2
19459	-2030184000	23.3
19459	-2027592000	19
19459	-2024913600	14.5
19459	-2022321600	11.9
19459	-2019643200	6.6
19459	-2016964800	7.2
19459	-2014545600	10.1
19459	-2011867200	15
19459	-2009275200	18.8
19459	-2006596800	22.4
19459	-2004004800	25.3
19459	-2001326400	26.7
19459	-1998648000	24.6
19459	-1996056000	19.3
19459	-1993377600	13.4
19459	-1990785600	8.9
19459	-1988107200	9
19459	-1985428800	5.5
19459	-1983009600	10.2
19459	-1980331200	15.3
19459	-1977739200	18.3
19459	-1975060800	21
19459	-1972468800	24.8
19459	-1969790400	26.4
19459	-1967112000	23.9
19459	-1964520000	19.5
19459	-1961841600	14.7
19459	-1959249600	8.1
19459	-1956571200	8.6
19459	-1953892800	7.1
19459	-1951387200	10.9
19459	-1948708800	16.2
19459	-1946116800	18
19459	-1943438400	21.5
19459	-1940846400	24.7
19459	-1938168000	25.9
19459	-1935489600	22.8
19459	-1932897600	19.4
19459	-1930219200	12.3
19459	-1927627200	10.5
19459	-1924948800	8
19459	-1922270400	6.3
19459	-1919851200	10.4
19459	-1917172800	15.5
19459	-1914580800	17.8
19459	-1911902400	22.1
19459	-1909310400	26
19459	-1906632000	26.1
19459	-1903953600	25
19459	-1901361600	18.6
19459	-1898683200	14.5
19459	-1896091200	8.5
19459	-1893412800	8.4
19459	-1890734400	5.8
19459	-1888315200	9.8
19459	-1885636800	14.7
19459	-1883044800	19.3
19459	-1880366400	22.6
19459	-1877774400	26.1
19459	-1875096000	25.8
19459	-1872417600	24
19459	-1869825600	19.2
19459	-1867147200	13.9
19459	-1864555200	7.2
19459	-1861876800	7.4
19459	-1859198400	8.5
19459	-1856779200	12.2
19459	-1854100800	15
19459	-1851508800	18.8
19459	-1848830400	21.8
19459	-1846238400	25.5
19459	-1843560000	26.1
19459	-1840881600	24.9
19459	-1838289600	17.5
19459	-1835611200	14.4
19459	-1833019200	8.5
19459	-1830340800	6.2
19459	-1827662400	9.8
19459	-1825156800	11.2
19459	-1822478400	15.2
19459	-1819886400	18.5
19459	-1817208000	21.8
19459	-1814616000	25.1
19459	-1811937600	26.5
19459	-1809259200	22.9
19459	-1806667200	18.7
19459	-1803988800	12.3
19459	-1801396800	9.7
19459	-1798718400	6.8
19459	-1796040000	7.2
19459	-1793620800	9.3
19459	-1790942400	17.1
19459	-1788350400	18.5
19459	-1785672000	21.4
19459	-1783080000	25.1
19459	-1780401600	26.6
19459	-1777723200	23.1
19459	-1775131200	19.1
19459	-1772452800	14.1
19459	-1769860800	8.5
19459	-1767182400	7.7
19459	-1764504000	8.9
19459	-1762084800	13
19459	-1759406400	14.7
19459	-1756814400	19.8
19459	-1754136000	22.7
19459	-1751544000	27.6
19459	-1748865600	27
19459	-1746187200	24.4
19459	-1743595200	19
19459	-1740916800	14.9
19459	-1738324800	9.7
19459	-1735646400	7.5
19459	-1732968000	8.3
19459	-1730548800	8.9
19459	-1727870400	14.7
19459	-1725278400	18.2
19459	-1722600000	22.5
19459	-1720008000	26.4
19459	-1717329600	27
19459	-1714651200	24.4
19459	-1712059200	20.8
19459	-1709380800	15.7
19459	-1706788800	9.4
19459	-1704110400	8.7
19459	-1701432000	8.3
19459	-1698926400	8.2
19459	-1696248000	15.9
19459	-1693656000	19.6
19459	-1690977600	24.7
19459	-1688385600	26.7
19459	-1685707200	26.6
19459	-1683028800	25.5
19459	-1680436800	19.9
19459	-1677758400	15.7
19459	-1675166400	9.1
19459	-1672488000	4.3
19459	-1669809600	5.8
19459	-1667390400	9.5
19459	-1664712000	14.1
19459	-1662120000	16.5
19459	-1659441600	22.7
19459	-1656849600	26.8
19459	-1654171200	26.6
19459	-1651492800	25.3
19459	-1648900800	19.5
19459	-1646222400	10
19459	-1643630400	5.1
19459	-1640952000	3.3
19459	-1638273600	6.8
19459	-1635854400	10.6
19459	-1633176000	14.9
19459	-1630584000	17.7
19459	-1627905600	22.1
19459	-1625313600	26.2
19459	-1622635200	26.1
19459	-1619956800	23.2
19459	-1617364800	19.1
19459	-1614686400	13.2
19459	-1612094400	9.7
19459	-1609416000	7.7
19459	-1606737600	8.5
19459	-1604318400	12.1
19459	-1601640000	14.9
19459	-1599048000	19.1
19459	-1596369600	22.7
19459	-1593777600	25.8
19459	-1591099200	26.4
19459	-1588420800	22.6
19459	-1585828800	17.5
19459	-1583150400	13.5
19459	-1580558400	7.5
19459	-1577880000	6.5
19459	-1575201600	7.9
19459	-1572696000	11.7
19459	-1570017600	15.3
19459	-1567425600	18.6
19459	-1564747200	22.3
19459	-1562155200	26.6
19459	-1559476800	26.3
19459	-1556798400	25.2
19459	-1554206400	19
19459	-1551528000	15.4
19459	-1548936000	9.8
19459	-1546257600	7.6
19459	-1543579200	7.4
19459	-1541160000	9.9
19459	-1538481600	16.6
19459	-1535889600	18.9
19459	-1533211200	21.8
19459	-1530619200	25.8
19459	-1527940800	27.1
19459	-1525262400	23.1
19459	-1522670400	17.6
19459	-1519992000	11.1
19459	-1517400000	8.2
19459	-1514721600	5.2
19459	-1512043200	10.2
19459	-1509624000	10.4
19459	-1506945600	15.5
19459	-1504353600	20.3
19459	-1501675200	22.5
19459	-1499083200	25.9
19459	-1496404800	28.2
19459	-1493726400	24.9
19459	-1491134400	19.2
19459	-1488456000	12.9
19459	-1485864000	6.9
19459	-1483185600	6
19459	-1480507200	6.9
19459	-1478088000	12.4
19459	-1475409600	15.3
19459	-1472817600	19.7
19459	-1470139200	23
19459	-1467547200	25.9
19459	-1464868800	27.8
19459	-1462190400	24.5
19459	-1459598400	18.4
19459	-1456920000	13.7
19459	-1454328000	8.5
19459	-1451649600	6.9
19459	-1448971200	7.4
19459	-1446465600	7.9
19459	-1443787200	16.3
19459	-1441195200	19.3
19459	-1438516800	21.1
19459	-1435924800	26.9
19459	-1433246400	26.5
19459	-1430568000	23.4
19459	-1427976000	19.3
19459	-1425297600	11.2
19459	-1422705600	7.4
19459	-1420027200	6.2
19459	-1417348800	5.9
19459	-1414929600	9.5
19459	-1412251200	13.9
19459	-1409659200	19.1
19459	-1406980800	22.6
19459	-1404388800	26.2
19459	-1401710400	26.9
19459	-1399032000	24.2
19459	-1396440000	17.9
19459	-1393761600	14.4
19459	-1391169600	7.6
19459	-1388491200	5.7
19459	-1385812800	7.6
19459	-1383393600	9.6
19459	-1380715200	13.3
19459	-1378123200	19.1
19459	-1375444800	21.2
19459	-1372852800	26.5
19459	-1370174400	27.9
19459	-1367496000	25.4
19459	-1364904000	18.1
19459	-1362225600	12.9
19459	-1359633600	7.4
19459	-1356955200	6.2
19459	-1354276800	6.7
19459	-1351857600	10.6
19459	-1349179200	15.2
19459	-1346587200	18.2
19459	-1343908800	21.6
19459	-1341316800	27.7
19459	-1338638400	27.2
19459	-1335960000	23
19459	-1333368000	18
19459	-1330689600	14.1
19459	-1328097600	9.4
19459	-1325419200	7.7
19459	-1322740800	6.9
19459	-1320235200	10.9
19459	-1317556800	15.8
19459	-1314964800	20.3
19459	-1312286400	22.7
19459	-1309694400	26.3
19459	-1307016000	26.6
19459	-1304337600	25.6
19459	-1301745600	19.1
19459	-1299067200	13.9
19459	-1296475200	8.7
19459	-1293796800	6.1
19459	-1291118400	6.3
19459	-1288699200	10.3
19459	-1286020800	14.6
19459	-1283428800	18.8
19459	-1280750400	22.8
19459	-1278158400	27
19459	-1275480000	27.6
19459	-1272801600	23.2
19459	-1270209600	18.7
19459	-1267531200	12
19459	-1264939200	11.5
19459	-1262260800	6.3
19459	-1259582400	9.4
19459	-1257163200	12.3
19459	-1254484800	17.5
19459	-1251892800	19.9
19459	-1249214400	23.8
19459	-1246622400	28.2
19459	-1243944000	27.4
19459	-1241265600	23.3
19459	-1238673600	18.9
19459	-1235995200	11.8
19459	-1233403200	8.8
19459	-1230724800	8.5
19459	-1228046400	8.7
19459	-1225627200	11.5
19459	-1222948800	14.9
19459	-1220356800	18.8
19459	-1217678400	21.8
19459	-1215086400	26
19459	-1212408000	28
19459	-1209729600	25.1
19459	-1207137600	18.3
19459	-1204459200	15.5
19459	-1201867200	9.5
19459	-1199188800	7.5
19459	-1196510400	7
19459	-1194004800	9
19459	-1191326400	14
19459	-1188734400	18.9
19459	-1186056000	22.4
19459	-1183464000	27.2
19459	-1180785600	27
19459	-1178107200	23.4
19459	-1175515200	16.3
19459	-1172836800	12.8
19459	-1170244800	9.8
19459	-1167566400	6
19459	-1164888000	7
19459	-1162468800	9.8
19459	-1159790400	15.5
19459	-1157198400	19.6
19459	-1154520000	23.4
19459	-1151928000	27.3
19459	-1149249600	26.7
19459	-1146571200	24.4
19459	-1143979200	18.7
19459	-1141300800	13.7
19459	-1138708800	9.7
19459	-1136030400	4.2
19459	-1133352000	6.5
19459	-1130932800	9.2
19459	-1128254400	14.7
19459	-1125662400	19.1
19459	-1122984000	22.7
19459	-1120392000	28.2
19459	-1117713600	27.7
19459	-1115035200	23.9
19459	-1112443200	18.2
19459	-1109764800	12.9
19459	-1107172800	10.6
19459	-1104494400	7.1
19459	-1101816000	8.4
19459	-1099396800	11.2
19459	-1096718400	15.5
19459	-1094126400	18.7
19459	-1091448000	22.5
19459	-1088856000	26.9
19459	-1086177600	27.5
19459	-1083499200	23.5
19459	-1080907200	18.5
19459	-1078228800	14.8
19459	-1075636800	8.5
19459	-1072958400	3.7
19459	-1070280000	6.3
19459	-1067774400	7.7
19459	-1065096000	15.1
19459	-1062504000	18.5
19459	-1059825600	23
19459	-1057233600	26
19459	-1054555200	27.6
19459	-1051876800	25.1
19459	-1049284800	18.9
19459	-1046606400	13.7
19459	-1044014400	10.2
19459	-1041336000	8.1
19459	-1038657600	9.8
19459	-1036238400	11.8
19459	-1033560000	15.9
19459	-1030968000	19.2
19459	-1028289600	22.8
19459	-1025697600	26.9
19459	-1023019200	27.8
19459	-1020340800	24
19459	-1017748800	19.5
19459	-1015070400	14.9
19459	-1012478400	7.9
19459	-1009800000	6.1
19459	-1007121600	6.1
19459	-1004702400	11.6
19459	-1002024000	14.8
19459	-999432000	20.4
19459	-996753600	23.9
19459	-994161600	26.8
19459	-991483200	26.5
19459	-988804800	23.6
19459	-986212800	20.6
19459	-983534400	11.4
19459	-980942400	8.7
19459	-978264000	5.8
19459	-975585600	7.3
19459	-973166400	10.8
19459	-970488000	14.2
19459	-967896000	18.1
19459	-965217600	21.8
19459	-962625600	26.8
19459	-959947200	26.6
19459	-957268800	23
19459	-954676800	18.8
19459	-951998400	15
19459	-949406400	7.5
19459	-946728000	5.4
19459	-944049600	6.8
19459	-941544000	9.5
19459	-938865600	13.4
19459	-936273600	17.9
19459	-933595200	22.4
19459	-931003200	27.5
19459	-928324800	26.2
19459	-925646400	24.2
19459	-923054400	20
19459	-920376000	15.1
19459	-917784000	8.8
19459	-915105600	7.3
19459	-912427200	8.4
19459	-910008000	11.5
19459	-907329600	14.8
19459	-904737600	20.1
19459	-902059200	23.8
19459	-899467200	26.4
19459	-896788800	26.9
19459	-894110400	23.8
19459	-891518400	17.9
19459	-888840000	14.7
19459	-886248000	10.8
19459	-883569600	5.5
19459	-880891200	7.4
19459	-878472000	14.2
19459	-875793600	15
19459	-873201600	18.8
19459	-870523200	22.8
19459	-867931200	28.8
19459	-865252800	28.4
19459	-862574400	25.1
19459	-859982400	18.6
19459	-857304000	11.8
19459	-854712000	7.7
19459	-852033600	4.4
19459	-849355200	6.3
19459	-846936000	11
19459	-844257600	14.5
19459	-841665600	20
19459	-838987200	23.1
19459	-836395200	25.6
19459	-833716800	26.7
19459	-831038400	24.3
19459	-828446400	19.2
19459	-825768000	13.3
19459	-823176000	9.2
19459	-820497600	6.9
19459	-817819200	6.7
19459	-815313600	8.9
19459	-812635200	14.1
19459	-810043200	19.3
19459	-807364800	23
19459	-804772800	27.2
19459	-802094400	27.4
19459	-799416000	24.4
19459	-796824000	19.5
19459	-794145600	14.4
19459	-791553600	6.1
19459	-788875200	4.1
19459	-786196800	5.8
19459	-783777600	11.2
19459	-781099200	16.1
19459	-778507200	17.9
19459	-775828800	22.8
19459	-773236800	26.6
19459	-770558400	27
19459	-767880000	25.5
19459	-765288000	19.7
19459	-762609600	13.5
19459	-760017600	8.1
19459	-757339200	6.9
19459	-754660800	7.8
19459	-752241600	11.6
19459	-749563200	16.3
19459	-746971200	19.9
19459	-744292800	23.9
19459	-741700800	26.9
19459	-739022400	26.8
19459	-736344000	24.7
19459	-733752000	18.7
19459	-731073600	15.3
19459	-728481600	7.7
19459	-725803200	8.2
19459	-723124800	4.7
19459	-720705600	9.3
19459	-718027200	13.7
19459	-715435200	18.2
19459	-712756800	21.2
19459	-710164800	27.1
19459	-707486400	27.4
19459	-704808000	24.9
19459	-702216000	17.7
19459	-699537600	13.1
19459	-696945600	7.4
19459	-694267200	6.7
19459	-691588800	8.5
19459	-689083200	11.6
19459	-686404800	16.5
19459	-683812800	19.1
19459	-681134400	22.6
19459	-678542400	26.4
19459	-675864000	27.1
19459	-673185600	25.7
19459	-670593600	21.1
19459	-667915200	14.3
19459	-665323200	12.8
19459	-662644800	6.7
19459	-659966400	9.5
19459	-657547200	10
19459	-654868800	13.7
19459	-652276800	18.9
19459	-649598400	21.4
19459	-647006400	25.5
19459	-644328000	26.8
19459	-641649600	24.8
19459	-639057600	18.4
19459	-636379200	14.7
19459	-633787200	10.4
19459	-631108800	9
19459	-628430400	8.6
19459	-626011200	10.7
19459	-623332800	16.4
19459	-620740800	19.9
19459	-618062400	22.3
19459	-615470400	26.3
19459	-612792000	26.6
19459	-610113600	24.3
19459	-607521600	19.2
19459	-604843200	15.1
19459	-602251200	7.2
19459	-599572800	7
19459	-596894400	9.2
19459	-594475200	9.8
19459	-591796800	15.1
19459	-589204800	18.4
19459	-586526400	21.4
19459	-583934400	25.4
19459	-581256000	27.2
19459	-578577600	22.4
19459	-575985600	20.1
19459	-573307200	13.2
19459	-570715200	10.1
19459	-568036800	7.2
19459	-565358400	7.5
19459	-562852800	10.7
19459	-560174400	15.8
19459	-557582400	20
19459	-554904000	22.4
19459	-552312000	26.6
19459	-549633600	27.3
19459	-546955200	23.9
19459	-544363200	17.8
19459	-541684800	17.3
19459	-539092800	8.4
19459	-536414400	6
19459	-533736000	8.3
19459	-531316800	11.3
19459	-528638400	14.1
19459	-526046400	19
19459	-523368000	23.2
19459	-520776000	27.3
19459	-518097600	28.1
19459	-515419200	25.1
19459	-512827200	19.9
19459	-510148800	13.7
19459	-507556800	10.9
19459	-504878400	9.5
19459	-502200000	9.3
19459	-499780800	10.9
19459	-497102400	16.6
19459	-494510400	20.4
19459	-491832000	21.9
19459	-489240000	26.3
19459	-486561600	28.2
19459	-483883200	24.9
19459	-481291200	18.6
19459	-478612800	15.3
19459	-476020800	9.4
19459	-473342400	5.7
19459	-470664000	8.8
19459	-468244800	13
19459	-465566400	16.9
19459	-462974400	19.6
19459	-460296000	23.4
19459	-457704000	27.2
19459	-455025600	27
19459	-452347200	25.4
19459	-449755200	18.7
19459	-447076800	12.2
19459	-444484800	9
19459	-441806400	7
19459	-439128000	6.3
19459	-436622400	11.9
19459	-433944000	15.5
19459	-431352000	18.8
19459	-428673600	24.1
19459	-426081600	27.9
19459	-423403200	27
19459	-420724800	25.4
19459	-418132800	20
19459	-415454400	12.6
19459	-412862400	6.5
19459	-410184000	8.6
19459	-407505600	7
19459	-405086400	9.4
19459	-402408000	16.2
19459	-399816000	19.5
19459	-397137600	22.1
19459	-394545600	27.1
19459	-391867200	27.1
19459	-389188800	23
19459	-386596800	17.3
19459	-383918400	14.4
19459	-381326400	9.5
19459	-378648000	7.2
19459	-375969600	8.6
19459	-373550400	11.4
19459	-370872000	16.4
19459	-368280000	19
19459	-365601600	23.3
19459	-363009600	27.7
19459	-360331200	26.9
19459	-357652800	25.6
19459	-355060800	19.1
19459	-352382400	14.2
19459	-349790400	10.9
19459	-347112000	6
19459	-344433600	12
19459	-342014400	12.4
19459	-339336000	15.5
19459	-336744000	19.3
19459	-334065600	22.4
19459	-331473600	27.3
19459	-328795200	27.5
19459	-326116800	25.8
19459	-323524800	19.5
19459	-320846400	15.2
19459	-318254400	10.9
19459	-315576000	6.7
19459	-312897600	8.8
19459	-310392000	13.9
19459	-307713600	15.3
19459	-305121600	19.6
19459	-302443200	23.4
19459	-299851200	27.9
19459	-297172800	28.4
19459	-294494400	25.3
19459	-291902400	19.7
19459	-289224000	14.8
19459	-286632000	7.7
19459	-283953600	5.6
19459	-281275200	6.9
19459	-278856000	12.1
19459	-276177600	16.1
19459	-273585600	19.8
19459	-270907200	23.9
19459	-268315200	28.4
19459	-265636800	28.2
19459	-262958400	26.6
19459	-260366400	22.2
19459	-257688000	15.6
19459	-255096000	8.7
19459	-252417600	5.2
19459	-249739200	7.8
19459	-247320000	10.1
19459	-244641600	14.4
19459	-242049600	18.8
19459	-239371200	22.6
19459	-236779200	27.1
19459	-234100800	27.1
19459	-231422400	24.9
19459	-228830400	19.4
19459	-226152000	14.4
19459	-223560000	9.5
19459	-220881600	3.8
19459	-218203200	4.9
19459	-215784000	10.4
19459	-213105600	16.4
19459	-210513600	22.3
19459	-207835200	24.8
19459	-205243200	27.2
19459	-202564800	27.3
19459	-199886400	24.4
19459	-197294400	17.9
19459	-194616000	13.7
19459	-192024000	9.6
19459	-189345600	9.1
19459	-186667200	7.8
19459	-184161600	11
19459	-181483200	20.3
19459	-178891200	20.2
19459	-176212800	22.1
19459	-173620800	27.9
19459	-170942400	27.7
19459	-168264000	25.8
19459	-165672000	20.9
19459	-162993600	13.3
19459	-160401600	9.3
19459	-157723200	6.6
19459	-155044800	8.2
19459	-152625600	9
19459	-149947200	14.8
19459	-147355200	19.5
19459	-144676800	22.3
19459	-142084800	27.5
19459	-139406400	27.5
19459	-136728000	22.5
19459	-134136000	17.8
19459	-131457600	15.5
19459	-128865600	8.7
19459	-126187200	6.8
19459	-123508800	9.7
19459	-121089600	13.4
19459	-118411200	16.1
19459	-115819200	19.7
19459	-113140800	22.7
19459	-110548800	26.8
19459	-107870400	28.5
19459	-105192000	24.6
19459	-102600000	18.7
19459	-99921600	13.8
19459	-97329600	8.3
19459	-94651200	6.1
19459	-91972800	7.2
19459	-89553600	11.4
19459	-86875200	16.8
19459	-84283200	21
19459	-81604800	24
19459	-79012800	27.7
19459	-76334400	28.3
19459	-73656000	25
19459	-71064000	19.1
19459	-68385600	15.6
19459	-65793600	6.4
19459	-63115200	6.5
19459	-60436800	4.8
19459	-57931200	11
19459	-55252800	16.1
19459	-52660800	19.6
19459	-49982400	21.7
19459	-47390400	25.8
19459	-44712000	27.4
19459	-42033600	24.8
19459	-39441600	19.5
19459	-36763200	14.2
19459	-34171200	11.6
19459	-31492800	9.3
19459	-28814400	9.5
19459	-26395200	10.2
19459	-23716800	16.5
19459	-21124800	20.1
19459	-18446400	22.1
19459	-15854400	26.7
19459	-13176000	27.9
19459	-10497600	26.6
19459	-7905600	19.2
19459	-5227200	13.2
19459	-2635200	7.6
19459	43200	5.8
19459	2721600	8.8
19459	5140800	8.9
19459	7819200	15.5
19459	10411200	19.7
19459	13089600	22.3
19459	15681600	26.8
19459	18360000	27.7
19459	21038400	26.1
19459	23630400	21.4
19459	26308800	13.7
19459	28900800	9
19459	31579200	6
19459	34257600	8.3
19459	36676800	10.6
19459	39355200	16.7
19459	41947200	19.3
19459	44625600	23.7
19459	47217600	28
19459	49896000	27.5
19459	52574400	24.8
19459	55166400	18.8
19459	57844800	14.3
19459	60436800	9.2
19459	63115200	10
19459	65793600	9.1
19459	68299200	11.5
19459	70977600	15.9
19459	73569600	19.7
19459	76248000	23.2
19459	78840000	27.1
19459	81518400	27.2
19459	84196800	23.5
19459	86788800	18.8
19459	89467200	14.3
19459	92059200	9.4
19459	94737600	9.5
19459	97416000	10.1
19459	99835200	11.1
19459	102513600	17.4
19459	105105600	19.7
19459	107784000	22.8
19459	110376000	27.5
19459	113054400	27.9
19459	115732800	23.6
19459	118324800	19.4
19459	121003200	12.6
19459	123595200	6.3
19459	126273600	6.3
19459	128952000	8
19459	131371200	10.9
19459	134049600	16.2
19459	136641600	20.9
19459	139320000	22
19459	141912000	27.1
19459	144590400	28.6
19459	147268800	24.3
19459	149860800	20.4
19459	152539200	14.3
19459	155131200	10.6
19459	157809600	7.4
19459	160488000	7.6
19459	162907200	11.3
19459	165585600	16.1
19459	168177600	19.5
19459	170856000	23.4
19459	173448000	27.4
19459	176126400	27.7
19459	178804800	25.9
19459	181396800	21.7
19459	184075200	15.2
19459	186667200	9
19459	189345600	6.4
19459	192024000	10.9
19459	194529600	11.6
19459	197208000	16.7
19459	199800000	19.5
19459	202478400	23.2
19459	205070400	25.7
19459	207748800	27.8
19459	210427200	23.4
19459	213019200	19.4
19459	215697600	13.1
19459	218289600	9.2
19459	220968000	5
19459	223646400	5.9
19459	226065600	12.7
19459	228744000	16.9
19459	231336000	19.9
19459	234014400	23.7
19459	236606400	28.4
19459	239284800	27.9
19459	241963200	25.8
19459	244555200	21.6
19459	247233600	15.9
19459	249825600	11.1
19459	252504000	7.9
19459	255182400	7.5
19459	257601600	11
19459	260280000	15.2
19459	262872000	20.5
19459	265550400	24.6
19459	268142400	28.2
19459	270820800	28.2
19459	273499200	26
19459	276091200	20.2
19459	278769600	15.1
19459	281361600	10.4
19459	284040000	8.6
19459	286718400	10
19459	289137600	11.7
19459	291816000	16.3
19459	294408000	18.8
19459	297086400	24.3
19459	299678400	26.4
19459	302356800	28.3
19459	305035200	25.9
19459	307627200	20.1
19459	310305600	14.2
19459	312897600	10.4
19459	315576000	8
19459	318254400	6.6
19459	320760000	12.1
19459	323438400	16
19459	326030400	20.3
19459	328708800	24.2
19459	331300800	26.9
19459	333979200	27.1
19459	336657600	24.4
19459	339249600	20.1
19459	341928000	15.4
19459	344520000	7.1
19459	347198400	5.3
19459	349876800	8.5
19459	352296000	12.1
19459	354974400	16.3
19459	357566400	18.9
19459	360244800	24.1
19459	362836800	28.6
19459	365515200	28.2
19459	368193600	24.7
19459	370785600	19.9
19459	373464000	13.3
19459	376056000	9
19459	378734400	6.9
19459	381412800	8.6
19459	383832000	13.4
19459	386510400	16.1
19459	389102400	20.9
19459	391780800	23.1
19459	394372800	26.4
19459	397051200	27.3
19459	399729600	24
19459	402321600	20.7
19459	4.05e+08	16.3
19459	407592000	9.3
19459	410270400	7.8
19459	412948800	8.2
19459	415368000	12.5
19459	418046400	17.6
19459	420638400	20.7
19459	423316800	23
19459	425908800	27.4
19459	428587200	28.5
19459	431265600	25.8
19459	433857600	20.7
19459	436536000	13.2
19459	439128000	8.3
19459	441806400	5.6
19459	444484800	6.6
19459	446990400	9.6
19459	449668800	16.9
19459	452260800	20
19459	454939200	24.9
19459	457531200	28
19459	460209600	28.4
19459	462888000	24.4
19459	465480000	19.3
19459	468158400	17
19459	470750400	10.3
19459	473428800	6.2
19459	476107200	9.4
19459	478526400	13.3
19459	481204800	16.9
19459	483796800	21.5
19459	486475200	24.1
19459	489067200	27.7
19459	491745600	28.4
19459	494424000	26.7
19459	497016000	21
19459	499694400	13.7
19459	502286400	8.5
19459	504964800	6
19459	507643200	6.7
19459	510062400	11.5
19459	512740800	17.1
19459	515332800	20.4
19459	518011200	23.9
19459	520603200	27.7
19459	523281600	28
19459	525960000	25.3
19459	528552000	18.2
19459	531230400	14.5
19459	533822400	10.9
19459	536500800	8.3
19459	539179200	9.3
19459	541598400	12.3
19459	544276800	16.4
19459	546868800	20.7
19459	549547200	23.9
19459	552139200	27.6
19459	554817600	28.3
19459	557496000	24.2
19459	560088000	21.7
19459	562766400	16.2
19459	565358400	9.8
19459	568036800	9.4
19459	570715200	8.6
19459	573220800	11.3
19459	575899200	15.7
19459	578491200	21
19459	581169600	23.8
19459	583761600	28.1
19459	586440000	27.4
19459	589118400	25.4
19459	591710400	20.5
19459	594388800	12.5
19459	596980800	9.3
19459	599659200	11.1
19459	602337600	11.1
19459	604756800	12
19459	607435200	17.3
19459	610027200	19.8
19459	612705600	23
19459	615297600	27.1
19459	617976000	27.8
19459	620654400	25.9
19459	623246400	19.8
19459	625924800	15
19459	628516800	10.4
19459	631195200	8.1
19459	633873600	12.6
19459	636292800	13.1
19459	638971200	15.7
19459	641563200	19.7
19459	644241600	24.5
19459	646833600	28.8
19459	649512000	29
19459	652190400	26.5
19459	654782400	20.7
19459	657460800	16.5
19459	660052800	9.8
19459	662731200	8.3
19459	665409600	8.1
19459	667828800	13.8
19459	670507200	17.4
19459	673099200	19.4
19459	675777600	24.7
19459	678369600	28.6
19459	681048000	27.8
19459	683726400	26.1
19459	686318400	19.9
19459	688996800	14.6
19459	691588800	11.6
19459	694267200	9.4
19459	696945600	8.3
19459	699451200	14
19459	702129600	16.9
19459	704721600	19.9
19459	707400000	21.9
19459	709992000	26.5
19459	712670400	27.6
19459	715348800	25.9
19459	717940800	19.9
19459	720619200	15.2
19459	723211200	11.2
19459	725889600	9
19459	728568000	9.5
19459	730987200	11.3
19459	733665600	15.5
19459	736257600	19.9
19459	738936000	23.8
19459	741528000	26.2
19459	744206400	27.1
19459	746884800	23.9
19459	749476800	19.1
19459	752155200	16.7
19459	754747200	10.2
19459	757425600	8.2
19459	760104000	9.4
19459	762523200	10.9
19459	765201600	17.6
19459	767793600	21
19459	770472000	23.8
19459	773064000	29.2
19459	775742400	28.8
19459	778420800	25.5
19459	781012800	21.4
19459	783691200	17.2
19459	786283200	11.9
19459	788961600	8.1
19459	791640000	9
19459	794059200	11.8
19459	796737600	15.8
19459	799329600	20
19459	802008000	22.5
19459	804600000	28
19459	807278400	29.1
19459	809956800	25.5
19459	812548800	21.7
19459	815227200	13.8
19459	817819200	8.7
19459	820497600	8.3
19459	823176000	7.8
19459	825681600	12.1
19459	828360000	14.1
19459	830952000	20.4
19459	833630400	25
19459	836222400	27.9
19459	838900800	28.5
19459	841579200	26.4
19459	844171200	21.3
19459	846849600	17
19459	849441600	10.5
19459	852120000	8.1
19459	854798400	9.4
19459	857217600	13.8
19459	859896000	17.3
19459	862488000	21.4
19459	865166400	23.8
19459	867758400	27.9
19459	870436800	28.5
19459	873115200	25.1
19459	875707200	19.6
19459	878385600	17
19459	880977600	12
19459	883656000	9.2
19459	886334400	12.3
19459	888753600	12.5
19459	891432000	19.7
19459	894024000	22.7
19459	896702400	24.4
19459	899294400	28.7
19459	901972800	29.6
19459	904651200	27.1
19459	907243200	23
19459	909921600	16.5
19459	912513600	12.1
19459	915192000	9.1
19459	917870400	9.1
19459	920289600	14.5
19459	922968000	17.4
19459	925560000	20.3
19459	928238400	24.4
19459	930830400	27
19459	933508800	27.9
19459	936187200	27.4
19459	938779200	22.3
19459	941457600	15.8
19459	944049600	9.9
19459	946728000	9.9
19459	949406400	7.8
19459	951912000	12.6
19459	954590400	16.1
19459	957182400	20.6
19459	959860800	24
19459	962452800	28.3
19459	965131200	28.4
19459	967809600	26.1
19459	970401600	22.5
19459	973080000	17.6
19459	975672000	11.6
19459	978350400	8.7
19459	981028800	10.8
19459	983448000	12.2
19459	986126400	17
19459	988718400	21.1
19459	991396800	24.9
19459	993988800	29
19459	996667200	29.1
19459	999345600	25.7
19459	1001937600	22.3
19459	1004616000	14.7
19459	1007208000	10.8
19459	1009886400	9.7
19459	1012564800	10.1
19459	1014984000	14
19459	1017662400	17.7
19459	1020254400	21.6
19459	1022932800	24.3
19459	1025524800	28
19459	1028203200	28.5
19459	1030881600	26.3
19459	1033473600	20.3
19459	1036152000	13.1
19459	1038744000	11.7
19459	1041422400	7.4
19459	1044100800	10.4
19459	1046520000	12.2
19459	1049198400	18.1
19459	1051790400	21.6
19459	1054468800	23.7
19459	1057060800	28.1
19459	1059739200	28.6
19459	1062417600	27
19459	1065009600	20.2
19459	1067688000	18.9
19459	1070280000	10.5
19459	1072958400	7.9
19459	1075636800	10.2
19459	1078142400	13.2
19459	1080820800	17.7
19459	1083412800	21.4
19459	1086091200	25
19459	1088683200	28.8
19459	1091361600	29.3
19459	1094040000	26.6
19459	1096632000	21.2
19459	1099310400	16.6
19459	1101902400	12.9
19459	1104580800	8
19459	1107259200	9.2
19459	1109678400	10.9
19459	1112356800	17.5
19459	1114948800	21
19459	1117627200	24.7
19459	1120219200	28.4
19459	1122897600	28.8
19459	1125576000	27.3
19459	1128168000	22.3
19459	1130846400	15.9
19459	1133438400	7.5
19459	1136116800	9.1
19459	1138795200	11.1
19459	1141214400	11.8
19459	1143892800	16.5
19459	1146484800	21.1
19459	1149163200	24.2
19459	1151755200	28.9
19459	1154433600	29.3
19459	1157112000	26.1
19459	1159704000	23.2
19459	1162382400	17
19459	1164974400	11.6
19459	1167652800	9.5
19459	1170331200	11.6
19459	1172750400	13.3
19459	1175428800	16.3
19459	1178020800	20.8
19459	1180699200	24.5
19459	1183291200	27.9
19459	1185969600	29.1
19459	1188648000	28
19459	1191240000	23.1
19459	1193918400	15.9
19459	1196510400	12
19459	1199188800	9.9
19459	1201867200	7.8
19459	1204372800	13.1
19459	1207051200	17
19459	1209643200	21.1
19459	1212321600	23.6
19459	1214913600	29.2
19459	1217592000	28.7
19459	1220270400	26.4
19459	1222862400	22.1
19459	1225540800	15.3
19459	1228132800	10.2
19459	1230811200	8.7
19459	1233489600	12.5
19459	1235908800	13.1
19459	1238587200	16.9
19459	1241179200	21.1
19459	1243857600	24.3
19459	1246449600	27.8
19459	1249128000	29.2
19459	1251806400	26.9
19459	1254398400	20.9
19459	1257076800	15.9
19459	1259668800	10.6
19459	1262347200	8.3
19459	1265025600	11.9
19459	1267444800	13.3
19459	1270123200	16.2
19459	1272715200	21.1
19459	1275393600	23.8
19459	1277985600	27.8
19459	1280664000	29.6
19459	1283342400	27.2
19459	1285934400	21.6
19459	1288612800	15.1
19459	1291204800	10.5
19459	1293883200	5.2
19459	1296561600	10.8
19459	1298980800	10.6
19459	1301659200	16
19459	1304251200	20.8
19459	1306929600	24.1
19459	1309521600	28.2
19459	1312200000	28.7
19459	1314878400	26.1
19459	1317470400	21.4
19459	1320148800	18.2
19459	1322740800	10.1
19459	1325419200	8
19459	1328097600	9.1
19459	1330603200	12.8
19459	1333281600	16.9
19459	1335873600	21.2
19459	1338552000	23.7
19459	1341144000	28
19459	1343822400	28.9
19459	1346500800	25.2
19459	1349092800	21.1
19459	1351771200	14.3
19459	1354363200	9.7
19459	1357041600	7.9
19459	1359720000	10.3
19459	1362139200	14.1
19459	1364817600	16.3
19459	1367409600	21.4
19459	1370088000	24.6
19459	1372680000	29.4
19459	1375358400	30
19459	1378036800	26.8
19459	1380628800	22.5
19459	1383307200	14.6
19459	1385899200	9.3
19459	1388577600	9.2
19459	1391256000	10.5
19459	1393675200	13.1
19459	1396353600	16.9
19459	1398945600	20.4
19459	1401624000	23.1
19459	1404216000	27.5
19459	1406894400	27.7
19459	1409572800	25.3
19459	1412164800	22
19459	1414843200	16.6
19459	1417435200	9.1
19459	1420113600	9.1
19459	1422792000	9.1
19459	1425211200	12.9
19459	1427889600	18.8
19459	1430481600	21.2
19460	-2650708800	5.3
19460	-2648030400	4.5
19460	-2645611200	11.4
19460	-2642932800	16.1
19460	-2640340800	19.4
19460	-2637662400	22.3
19460	-2635070400	26
19460	-2632392000	26.4
19460	-2629713600	23.6
19460	-2627121600	19.8
19460	-2624443200	13.3
19460	-2621851200	6.9
19460	-2619172800	8.3
19460	-2616494400	7.4
19460	-2614075200	9.9
19460	-2611396800	15.8
19460	-2608804800	18.4
19460	-2606126400	21.3
19460	-2603534400	25.6
19460	-2600856000	26.7
19460	-2598177600	23.9
19460	-2595585600	19.8
19460	-2592907200	13.5
19460	-2590315200	8.7
19460	-2587636800	7.9
19460	-2584958400	6
19460	-2582452800	12
19460	-2579774400	16.1
19460	-2577182400	19.2
19460	-2574504000	21.8
19460	-2571912000	26.6
19460	-2569233600	27
19460	-2566555200	23.9
19460	-2563963200	17.9
19460	-2561284800	15
19460	-2558692800	10
19460	-2556014400	6.3
19460	-2553336000	7.4
19460	-2550916800	11.5
19460	-2548238400	16.1
19460	-2545646400	19.1
19460	-2542968000	23.9
19460	-2540376000	26.5
19460	-2537697600	27
19460	-2535019200	23.2
19460	-2532427200	18.3
19460	-2529748800	13
19460	-2527156800	9.1
19460	-2524478400	7.5
19460	-2521800000	10.6
19460	-2519380800	11.9
19460	-2516702400	18.8
19460	-2514110400	19.9
19460	-2511432000	23.3
19460	-2508840000	26.3
19460	-2506161600	26.8
19460	-2503483200	24.5
19460	-2500891200	18.2
19460	-2498212800	13.8
19460	-2495620800	12
19460	-2492942400	5.8
19460	-2490264000	8.8
19460	-2487844800	11.5
19460	-2485166400	15.7
19460	-2482574400	19.6
19460	-2479896000	22
19460	-2477304000	26.4
19460	-2474625600	26.5
19460	-2471947200	25.1
19460	-2469355200	19.6
19460	-2466676800	13.5
19460	-2464084800	9.1
19460	-2461406400	6.9
19460	-2458728000	7.9
19460	-2456222400	9.5
19460	-2453544000	16.5
19460	-2450952000	19.4
19460	-2448273600	22.8
19460	-2445681600	26.7
19460	-2443003200	27.7
19460	-2440324800	24.2
19460	-2437732800	18.1
19460	-2435054400	13.3
19460	-2432462400	6.3
19460	-2429784000	6.5
19460	-2427105600	5.4
19460	-2424686400	10.3
19460	-2422008000	15.1
19460	-2419416000	18.1
19460	-2416737600	22.1
19460	-2414145600	27.6
19460	-2411467200	26.5
19460	-2408788800	25.2
19460	-2406196800	18.6
19460	-2403518400	11.2
19460	-2400926400	7.3
19460	-2398248000	6.9
19460	-2395569600	7.7
19460	-2393150400	11.6
19460	-2390472000	16.8
19460	-2387880000	18.9
19460	-2385201600	24.4
19460	-2382609600	27.3
19460	-2379931200	28.3
19460	-2377252800	24.4
19460	-2374660800	18.3
19460	-2371982400	14.3
19460	-2369390400	9
19460	-2366712000	5.4
19460	-2364033600	7.6
19460	-2361614400	11.4
19460	-2358936000	15.6
19460	-2356344000	18.9
19460	-2353665600	23
19460	-2351073600	25.6
19460	-2348395200	27.3
19460	-2345716800	23.6
19460	-2343124800	19.2
19460	-2340446400	13.4
19460	-2337854400	8.3
19460	-2335176000	6.6
19460	-2332497600	7.2
19460	-2329992000	9.6
19460	-2327313600	17.1
19460	-2324721600	18.6
19460	-2322043200	24
19460	-2319451200	26.4
19460	-2316772800	26.7
19460	-2314094400	23.9
19460	-2311502400	19.7
19460	-2308824000	14
19460	-2306232000	8.4
19460	-2303553600	9
19460	-2300875200	7
19460	-2298456000	12.2
19460	-2295777600	15.3
19460	-2293185600	19.7
19460	-2290507200	22
19460	-2287915200	26.3
19460	-2285236800	27.7
19460	-2282558400	24.2
19460	-2279966400	17.2
19460	-2277288000	14.8
19460	-2274696000	6.4
19460	-2272017600	9.1
19460	-2269339200	8.9
19460	-2266920000	11.5
19460	-2264241600	15
19460	-2261649600	19.7
19460	-2258971200	23.1
19460	-2256379200	27
19460	-2253700800	27.2
19460	-2251022400	24.2
19460	-2248430400	19.3
19460	-2245752000	15.1
19460	-2243160000	8.9
19460	-2240481600	5.9
19460	-2237803200	8.2
19460	-2235384000	12.1
19460	-2232705600	15.7
19460	-2230113600	19.6
19460	-2227435200	23.8
19460	-2224843200	25.9
19460	-2222164800	26
19460	-2219486400	23
19460	-2216894400	16
19460	-2214216000	11.9
19460	-2211624000	10.7
19460	-2208945600	5.8
19460	-2206267200	7.1
19460	-2203848000	10
19460	-2201169600	16.3
19460	-2198577600	19.3
19460	-2195899200	21.4
19460	-2193307200	25.8
19460	-2190628800	26.9
19460	-2187950400	24.7
19460	-2185358400	18.7
19460	-2182680000	14.2
19460	-2180088000	9
19460	-2177409600	9.1
19460	-2174731200	4.9
19460	-2172312000	9.9
19460	-2169633600	16.3
19460	-2167041600	18.4
19460	-2164363200	22
19460	-2161771200	24.8
19460	-2159092800	27.2
19460	-2156414400	23
19460	-2153822400	19.8
19460	-2151144000	12.4
19460	-2148552000	7.3
19460	-2145873600	7.1
19460	-2143195200	7.1
19460	-2140776000	12.6
19460	-2138097600	14.9
19460	-2135505600	19.1
19460	-2132827200	22
19460	-2130235200	25.6
19460	-2127556800	26.4
19460	-2124878400	23.2
19460	-2122286400	18
19460	-2119608000	15.8
19460	-2117016000	10.9
19460	-2114337600	7.9
19460	-2111659200	8.1
19460	-2109240000	13.3
19460	-2106561600	16.3
19460	-2103969600	18.7
19460	-2101291200	21.7
19460	-2098699200	24.6
19460	-2096020800	27.5
19460	-2093342400	24.8
19460	-2090750400	18.6
19460	-2088072000	12.2
19460	-2085480000	7.2
19460	-2082801600	6.2
19460	-2080123200	8.8
19460	-2077617600	11
19460	-2074939200	16.7
19460	-2072347200	18.9
19460	-2069668800	22.8
19460	-2067076800	26.7
19460	-2064398400	26.5
19460	-2061720000	23.2
19460	-2059128000	18.6
19460	-2056449600	11.3
19460	-2053857600	8.8
19460	-2051179200	9.1
19460	-2048500800	6.5
19460	-2046081600	11
19460	-2043403200	15.1
19460	-2040811200	19.7
19460	-2038132800	23.2
19460	-2035540800	26.6
19460	-2032862400	25.8
19460	-2030184000	23.9
19460	-2027592000	18.7
19460	-2024913600	13.8
19460	-2022321600	11.6
19460	-2019643200	5.7
19460	-2016964800	7.3
19460	-2014545600	10.4
19460	-2011867200	15.3
19460	-2009275200	19.8
19460	-2006596800	22.9
19460	-2004004800	26.3
19460	-2001326400	27.6
19460	-1998648000	24.8
19460	-1996056000	19
19460	-1993377600	12.9
19460	-1990785600	7.9
19460	-1988107200	7.6
19460	-1985428800	5.4
19460	-1983009600	10.6
19460	-1980331200	15.3
19460	-1977739200	18.8
19460	-1975060800	21
19460	-1972468800	24.7
19460	-1969790400	26
19460	-1967112000	23.2
19460	-1964520000	18.7
19460	-1961841600	14.2
19460	-1959249600	7.3
19460	-1956571200	8.1
19460	-1953892800	6.8
19460	-1951387200	10.8
19460	-1948708800	16
19460	-1946116800	18.1
19460	-1943438400	22.3
19460	-1940846400	24.7
19460	-1938168000	25.5
19460	-1935489600	22.1
19460	-1932897600	18.7
19460	-1930219200	11.8
19460	-1927627200	9.6
19460	-1924948800	7.2
19460	-1922270400	6.4
19460	-1919851200	9.8
19460	-1917172800	15.5
19460	-1914580800	18
19460	-1911902400	22.6
19460	-1909310400	25.5
19460	-1906632000	26.1
19460	-1903953600	24.8
19460	-1901361600	17.6
19460	-1898683200	13.5
19460	-1896091200	7.5
19460	-1893412800	7.9
19460	-1890734400	5.7
19460	-1888315200	9.5
19460	-1885636800	14.7
19460	-1883044800	19.1
19460	-1880366400	23
19460	-1877774400	26.1
19460	-1875096000	25.6
19460	-1872417600	23.8
19460	-1869825600	17.6
19460	-1867147200	12.3
19460	-1864555200	6.8
19460	-1861876800	6.6
19460	-1859198400	8.2
19460	-1856779200	12.1
19460	-1854100800	14.9
19460	-1851508800	18.1
19460	-1848830400	22.4
19460	-1846238400	25.7
19460	-1843560000	26
19460	-1840881600	24.6
19460	-1838289600	17.1
19460	-1835611200	13.3
19460	-1833019200	7.9
19460	-1830340800	5.8
19460	-1827662400	9.7
19460	-1825156800	11.6
19460	-1822478400	15.6
19460	-1819886400	19
19460	-1817208000	22.1
19460	-1814616000	25.8
19460	-1811937600	25.8
19460	-1809259200	22.6
19460	-1806667200	17.8
19460	-1803988800	11.9
19460	-1801396800	8.9
19460	-1798718400	6.4
19460	-1796040000	7.4
19460	-1793620800	9.2
19460	-1790942400	17
19460	-1788350400	18.8
19460	-1785672000	22
19460	-1783080000	25
19460	-1780401600	26.1
19460	-1777723200	22.1
19460	-1775131200	18.2
19460	-1772452800	13.2
19460	-1769860800	8
19460	-1767182400	7.3
19460	-1764504000	8.1
19460	-1762084800	13
19460	-1759406400	14.4
19460	-1756814400	19.8
19460	-1754136000	23.3
19460	-1751544000	28
19460	-1748865600	26.9
19460	-1746187200	24.1
19460	-1743595200	18
19460	-1740916800	13.8
19460	-1738324800	8.8
19460	-1735646400	6.8
19460	-1732968000	8.3
19460	-1730548800	9.5
19460	-1727870400	15.4
19460	-1725278400	18.2
19460	-1722600000	22.8
19460	-1720008000	26.2
19460	-1717329600	27.1
19460	-1714651200	24.3
19460	-1712059200	20.3
19460	-1709380800	15.3
19460	-1706788800	9.4
19460	-1704110400	8.8
19460	-1701432000	8
19460	-1698926400	8.8
19460	-1696248000	15.8
19460	-1693656000	19.6
19460	-1690977600	24.8
19460	-1688385600	26.5
19460	-1685707200	26.1
19460	-1683028800	24.9
19460	-1680436800	19.2
19460	-1677758400	15.2
19460	-1675166400	9.2
19460	-1672488000	4.6
19460	-1669809600	6.2
19460	-1667390400	10.1
19460	-1664712000	14.5
19460	-1662120000	17.2
19460	-1659441600	22.6
19460	-1656849600	26.3
19460	-1654171200	26.4
19460	-1651492800	24.8
19460	-1648900800	19.2
19460	-1646222400	10.3
19460	-1643630400	5.8
19460	-1640952000	4
19460	-1638273600	7
19460	-1635854400	10.3
19460	-1633176000	14.9
19460	-1630584000	18.1
19460	-1627905600	22.3
19460	-1625313600	25.7
19460	-1622635200	26.1
19460	-1619956800	22.7
19460	-1617364800	18.6
19460	-1614686400	13.1
19460	-1612094400	9.5
19460	-1609416000	7
19460	-1606737600	8.5
19460	-1604318400	12.3
19460	-1601640000	15.4
19460	-1599048000	18.9
19460	-1596369600	22.6
19460	-1593777600	25.2
19460	-1591099200	26.2
19460	-1588420800	22.7
19460	-1585828800	17.9
19460	-1583150400	13.7
19460	-1580558400	7.9
19460	-1577880000	6.4
19460	-1575201600	7.9
19460	-1572696000	11.7
19460	-1570017600	15.6
19460	-1567425600	18.8
19460	-1564747200	22.3
19460	-1562155200	26.3
19460	-1559476800	26.1
19460	-1556798400	24.6
19460	-1554206400	18.5
19460	-1551528000	15.4
19460	-1548936000	9.6
19460	-1546257600	7.9
19460	-1543579200	8.1
19460	-1541160000	10
19460	-1538481600	16.4
19460	-1535889600	19.1
19460	-1533211200	21
19460	-1530619200	25.7
19460	-1527940800	26.8
19460	-1525262400	23
19460	-1522670400	17.5
19460	-1519992000	11.5
19460	-1517400000	8.3
19460	-1514721600	5.3
19460	-1512043200	10
19460	-1509624000	10.6
19460	-1506945600	15.8
19460	-1504353600	20.1
19460	-1501675200	22.3
19460	-1499083200	25.9
19460	-1496404800	27.7
19460	-1493726400	24.4
19460	-1491134400	19
19460	-1488456000	12.7
19460	-1485864000	7.6
19460	-1483185600	6.2
19460	-1480507200	7.4
19460	-1478088000	12.5
19460	-1475409600	15.4
19460	-1472817600	19.7
19460	-1470139200	22.9
19460	-1467547200	25.9
19460	-1464868800	27.1
19460	-1462190400	23.8
19460	-1459598400	18.2
19460	-1456920000	13.6
19460	-1454328000	8.8
19460	-1451649600	7.1
19460	-1448971200	7.5
19460	-1446465600	8.2
19460	-1443787200	16
19460	-1441195200	19.1
19460	-1438516800	21.3
19460	-1435924800	26.3
19460	-1433246400	26.2
19460	-1430568000	23.2
19460	-1427976000	18.5
19460	-1425297600	11.5
19460	-1422705600	7.9
19460	-1420027200	6.3
19460	-1417348800	5.8
19460	-1414929600	10
19460	-1412251200	13.6
19460	-1409659200	18.8
19460	-1406980800	22.2
19460	-1404388800	25.1
19460	-1401710400	26.2
19460	-1399032000	23.8
19460	-1396440000	18.1
19460	-1393761600	14.5
19460	-1391169600	8.1
19460	-1388491200	6.1
19460	-1385812800	7.9
19460	-1383393600	10
19460	-1380715200	14
19460	-1378123200	19.2
19460	-1375444800	20.9
19460	-1372852800	26.3
19460	-1370174400	28.2
19460	-1367496000	25
19460	-1364904000	17.6
19460	-1362225600	12.5
19460	-1359633600	7.7
19460	-1356955200	6.6
19460	-1354276800	6.9
19460	-1351857600	10.3
19460	-1349179200	15
19460	-1346587200	18.3
19460	-1343908800	21.4
19460	-1341316800	27.6
19460	-1338638400	26.7
19460	-1335960000	22.5
19460	-1333368000	18
19460	-1330689600	14.2
19460	-1328097600	9.6
19460	-1325419200	7.5
19460	-1322740800	7.6
19460	-1320235200	11
19460	-1317556800	15.3
19460	-1314964800	19.8
19460	-1312286400	22.3
19460	-1309694400	25.8
19460	-1307016000	26.2
19460	-1304337600	24.6
19460	-1301745600	18.5
19460	-1299067200	13.9
19460	-1296475200	9
19460	-1293796800	6.6
19460	-1291118400	6.5
19460	-1288699200	11.1
19460	-1286020800	15
19460	-1283428800	18.8
19460	-1280750400	22.5
19460	-1278158400	26.5
19460	-1275480000	27.2
19460	-1272801600	22.7
19460	-1270209600	18.6
19460	-1267531200	12.4
19460	-1264939200	11.4
19460	-1262260800	6.5
19460	-1259582400	9.7
19460	-1257163200	12.1
19460	-1254484800	17.2
19460	-1251892800	19.6
19460	-1249214400	23.8
19460	-1246622400	28.2
19460	-1243944000	27.2
19460	-1241265600	22.7
19460	-1238673600	18.3
19460	-1235995200	12.1
19460	-1233403200	9.1
19460	-1230724800	8.8
19460	-1228046400	8.7
19460	-1225627200	11.8
19460	-1222948800	15.3
19460	-1220356800	18.5
19460	-1217678400	22.2
19460	-1215086400	26
19460	-1212408000	27.5
19460	-1209729600	25
19460	-1207137600	18.2
19460	-1204459200	15.3
19460	-1201867200	9.9
19460	-1199188800	8.4
19460	-1196510400	7
19460	-1194004800	10
19460	-1191326400	14.6
19460	-1188734400	19
19460	-1186056000	22.4
19460	-1183464000	27.4
19460	-1180785600	26.3
19460	-1178107200	23.5
19460	-1175515200	16.7
19460	-1172836800	13.3
19460	-1170244800	9.7
19460	-1167566400	6.2
19460	-1164888000	7.6
19460	-1162468800	10.3
19460	-1159790400	15.7
19460	-1157198400	20.3
19460	-1154520000	23.7
19460	-1151928000	27
19460	-1149249600	27.1
19460	-1146571200	24.1
19460	-1143979200	18.5
19460	-1141300800	13.8
19460	-1138708800	9.9
19460	-1136030400	4.4
19460	-1133352000	7.2
19460	-1130932800	9.6
19460	-1128254400	14.6
19460	-1125662400	19.4
19460	-1122984000	23.3
19460	-1120392000	28.4
19460	-1117713600	27.9
19460	-1115035200	23.8
19460	-1112443200	17.6
19460	-1109764800	12.8
19460	-1107172800	10.3
19460	-1104494400	7.2
19460	-1101816000	8.7
19460	-1099396800	11.8
19460	-1096718400	15.2
19460	-1094126400	19.3
19460	-1091448000	22.4
19460	-1088856000	26.3
19460	-1086177600	27.2
19460	-1083499200	23.1
19460	-1080907200	18.9
19460	-1078228800	14.3
19460	-1075636800	8.7
19460	-1072958400	4.4
19460	-1070280000	6.7
19460	-1067774400	8.2
19460	-1065096000	15.6
19460	-1062504000	18.3
19460	-1059825600	22.7
19460	-1057233600	25.7
19460	-1054555200	27.4
19460	-1051876800	24.6
19460	-1049284800	18.6
19460	-1046606400	13.3
19460	-1044014400	10.7
19460	-1041336000	8.2
19460	-1038657600	10.2
19460	-1036238400	12
19460	-1033560000	16.1
19460	-1030968000	19.7
19460	-1028289600	22.2
19460	-1025697600	27.2
19460	-1023019200	27.4
19460	-1020340800	23
19460	-1017748800	19.1
19460	-1015070400	15
19460	-1012478400	8.3
19460	-1009800000	6.3
19460	-1007121600	6.4
19460	-1004702400	12.4
19460	-1002024000	15.5
19460	-999432000	20.6
19460	-996753600	23.7
19460	-994161600	26.9
19460	-991483200	26.1
19460	-988804800	23.4
19460	-986212800	20.2
19460	-983534400	12.4
19460	-980942400	9
19460	-978264000	6.1
19460	-975585600	7.8
19460	-973166400	10.9
19460	-970488000	14.6
19460	-967896000	18.8
19460	-965217600	21.8
19460	-962625600	25.7
19460	-959947200	25.9
19460	-957268800	23.1
19460	-954676800	18.2
19460	-951998400	14.5
19460	-949406400	8
19460	-946728000	6.4
19460	-944049600	6.7
19460	-941544000	9.9
19460	-938865600	14
19460	-936273600	18.2
19460	-933595200	22
19460	-931003200	27.3
19460	-928324800	25.5
19460	-925646400	23.5
19460	-923054400	19.3
19460	-920376000	14.7
19460	-917784000	9.3
19460	-915105600	7.3
19460	-912427200	8.2
19460	-910008000	11.8
19460	-907329600	14.8
19460	-904737600	19.9
19460	-902059200	23.5
19460	-899467200	26
19460	-896788800	26.2
19460	-894110400	23.1
19460	-891518400	17.4
19460	-888840000	14.5
19460	-886248000	10.4
19460	-883569600	5.9
19460	-880891200	7.2
19460	-878472000	13.6
19460	-875793600	14.7
19460	-873201600	18
19460	-870523200	22.1
19460	-867931200	28.2
19460	-865252800	27.8
19460	-862574400	24.5
19460	-859982400	17.5
19460	-857304000	12.1
19460	-854712000	7.7
19460	-852033600	5
19460	-849355200	6.9
19460	-846936000	10.6
19460	-844257600	14
19460	-841665600	19.1
19460	-838987200	22.5
19460	-836395200	24.9
19460	-833716800	26
19460	-831038400	24
19460	-828446400	18.7
19460	-825768000	13
19460	-823176000	9.3
19460	-820497600	7.1
19460	-817819200	6.6
19460	-815313600	9.2
19460	-812635200	14.4
19460	-810043200	19.5
19460	-807364800	22.6
19460	-804772800	27
19460	-802094400	26.6
19460	-799416000	23.6
19460	-796824000	18.9
19460	-794145600	14
19460	-791553600	6.6
19460	-788875200	4.4
19460	-786196800	5.8
19460	-783777600	11.3
19460	-781099200	15.8
19460	-778507200	17.7
19460	-775828800	22.4
19460	-773236800	25.9
19460	-770558400	26.6
19460	-767880000	24.7
19460	-765288000	18.9
19460	-762609600	13.5
19460	-760017600	8.4
19460	-757339200	7.2
19460	-754660800	8.4
19460	-752241600	11.1
19460	-749563200	16.3
19460	-746971200	19.4
19460	-744292800	23.8
19460	-741700800	26.5
19460	-739022400	26.5
19460	-736344000	24.3
19460	-733752000	18.4
19460	-731073600	15.3
19460	-728481600	7.9
19460	-725803200	8.2
19460	-723124800	5.2
19460	-720705600	9.6
19460	-718027200	14
19460	-715435200	18.2
19460	-712756800	21.2
19460	-710164800	26.7
19460	-707486400	27.1
19460	-704808000	24.9
19460	-702216000	16.7
19460	-699537600	12.8
19460	-696945600	7.7
19460	-694267200	7.3
19460	-691588800	8.8
19460	-689083200	11.3
19460	-686404800	16.1
19460	-683812800	19.1
19460	-681134400	22.1
19460	-678542400	26.4
19460	-675864000	26.2
19460	-673185600	24.6
19460	-670593600	20
19460	-667915200	13.8
19460	-665323200	12.4
19460	-662644800	7.4
19460	-659966400	9.5
19460	-657547200	9.7
19460	-654868800	13.7
19460	-652276800	18.9
19460	-649598400	21.1
19460	-647006400	24.7
19460	-644328000	26.4
19460	-641649600	24.2
19460	-639057600	17.5
19460	-636379200	13.7
19460	-633787200	10.3
19460	-631108800	9
19460	-628430400	8.4
19460	-626011200	10.8
19460	-623332800	16.2
19460	-620740800	19.5
19460	-618062400	22.2
19460	-615470400	25.7
19460	-612792000	25.9
19460	-610113600	23.6
19460	-607521600	18.5
19460	-604843200	14.4
19460	-602251200	7.4
19460	-599572800	6.9
19460	-596894400	9.1
19460	-594475200	9.9
19460	-591796800	15.3
19460	-589204800	19.1
19460	-586526400	21.6
19460	-583934400	25.4
19460	-581256000	27.1
19460	-578577600	22
19460	-575985600	19.5
19460	-573307200	13.1
19460	-570715200	10.4
19460	-568036800	7.4
19460	-565358400	7.6
19460	-562852800	10.7
19460	-560174400	15.9
19460	-557582400	19.5
19460	-554904000	22.3
19460	-552312000	25.8
19460	-549633600	27
19460	-546955200	24.3
19460	-544363200	17.4
19460	-541684800	16.6
19460	-539092800	8.6
19460	-536414400	5.9
19460	-533736000	8.3
19460	-531316800	11.4
19460	-528638400	14.6
19460	-526046400	18.9
19460	-523368000	22.9
19460	-520776000	26.8
19460	-518097600	26.9
19460	-515419200	24.1
19460	-512827200	18.8
19460	-510148800	13.2
19460	-507556800	10.5
19460	-504878400	8.9
19460	-502200000	9
19460	-499780800	10.6
19460	-497102400	15.8
19460	-494510400	19.3
19460	-491832000	21.6
19460	-489240000	25.2
19460	-486561600	27
19460	-483883200	24.1
19460	-481291200	17.8
19460	-478612800	14.7
19460	-476020800	9.2
19460	-473342400	5.5
19460	-470664000	8.8
19460	-468244800	12.4
19460	-465566400	16.1
19460	-462974400	19.3
19460	-460296000	23.4
19460	-457704000	26.5
19460	-455025600	26.5
19460	-452347200	24.5
19460	-449755200	18.3
19460	-447076800	11.6
19460	-444484800	9.1
19460	-441806400	6.5
19460	-439128000	6.7
19460	-436622400	11.7
19460	-433944000	15.5
19460	-431352000	18.4
19460	-428673600	23.6
19460	-426081600	27.3
19460	-423403200	26.4
19460	-420724800	24.2
19460	-418132800	18.7
19460	-415454400	12.1
19460	-412862400	6.3
19460	-410184000	8.4
19460	-407505600	6.6
19460	-405086400	9.8
19460	-402408000	15.6
19460	-399816000	18.8
19460	-397137600	21.5
19460	-394545600	27.2
19460	-391867200	26.6
19460	-389188800	21.9
19460	-386596800	17.4
19460	-383918400	13.8
19460	-381326400	9.2
19460	-378648000	7
19460	-375969600	8.7
19460	-373550400	12
19460	-370872000	16.3
19460	-368280000	18.7
19460	-365601600	23
19460	-363009600	27.4
19460	-360331200	27.1
19460	-357652800	24.8
19460	-355060800	17.9
19460	-352382400	13.8
19460	-349790400	10
19460	-347112000	6.3
19460	-344433600	11.2
19460	-342014400	11.9
19460	-339336000	15.5
19460	-336744000	19.2
19460	-334065600	21.9
19460	-331473600	27.2
19460	-328795200	27
19460	-326116800	25
19460	-323524800	18.6
19460	-320846400	14.6
19460	-318254400	10.1
19460	-315576000	6.4
19460	-312897600	9.4
19460	-310392000	12.9
19460	-307713600	15.2
19460	-305121600	19.3
19460	-302443200	22.9
19460	-299851200	27.6
19460	-297172800	27.2
19460	-294494400	24.9
19460	-291902400	18.2
19460	-289224000	14.5
19460	-286632000	8
19460	-283953600	5.4
19460	-281275200	7
19460	-278856000	11.8
19460	-276177600	15.9
19460	-273585600	19.5
19460	-270907200	23.4
19460	-268315200	27.8
19460	-265636800	27.6
19460	-262958400	25.7
19460	-260366400	20.9
19460	-257688000	12.1
19460	-255096000	8.7
19460	-252417600	5.6
19460	-249739200	8.1
19460	-247320000	10.6
19460	-244641600	14.3
19460	-242049600	19.6
19460	-239371200	22.3
19460	-236779200	26.8
19460	-234100800	26.9
19460	-231422400	24
19460	-228830400	18.1
19460	-226152000	13.4
19460	-223560000	9.2
19460	-220881600	4
19460	-218203200	5.2
19460	-215784000	10.7
19460	-213105600	16
19460	-210513600	21.8
19460	-207835200	24.1
19460	-205243200	27.1
19460	-202564800	26.6
19460	-199886400	23.4
19460	-197294400	17.3
19460	-194616000	13.6
19460	-192024000	9.2
19460	-189345600	8.4
19460	-186667200	7.4
19460	-184161600	10.6
19460	-181483200	19.6
19460	-178891200	19.6
19460	-176212800	21.5
19460	-173620800	27.8
19460	-170942400	27.1
19460	-168264000	25.2
19460	-165672000	19.6
19460	-162993600	13.2
19460	-160401600	8.9
19460	-157723200	6.6
19460	-155044800	8
19460	-152625600	9.2
19460	-149947200	14.4
19460	-147355200	19.1
19460	-144676800	21.8
19460	-142084800	27.7
19460	-139406400	26.9
19460	-136728000	22
19460	-134136000	17
19460	-131457600	15.2
19460	-128865600	8.8
19460	-126187200	6.8
19460	-123508800	9.6
19460	-121089600	12.8
19460	-118411200	15.7
19460	-115819200	19.1
19460	-113140800	22.7
19460	-110548800	26.7
19460	-107870400	27.3
19460	-105192000	23.6
19460	-102600000	18.2
19460	-99921600	13.3
19460	-97329600	7.9
19460	-94651200	6.1
19460	-91972800	7.5
19460	-89553600	11.5
19460	-86875200	16
19460	-84283200	20.1
19460	-81604800	23
19460	-79012800	26.8
19460	-76334400	28.3
19460	-73656000	24.3
19460	-71064000	18.1
19460	-68385600	14.7
19460	-65793600	6.1
19460	-63115200	6.3
19460	-60436800	4.8
19460	-57931200	11.2
19460	-55252800	15.4
19460	-52660800	19.3
19460	-49982400	21.7
19460	-47390400	25.4
19460	-44712000	27.1
19460	-42033600	23.8
19460	-39441600	18.6
19460	-36763200	13.3
19460	-34171200	11.2
19460	-31492800	8.9
19460	-28814400	9.1
19460	-26395200	9.8
19460	-23716800	16.3
19460	-21124800	20
19460	-18446400	22
19460	-15854400	26.2
19460	-13176000	27.8
19460	-10497600	25.1
19460	-7905600	18.1
19460	-5227200	12.5
19460	-2635200	7.2
19460	43200	5.5
19460	2721600	9.1
19460	5140800	8.5
19460	7819200	15.3
19460	10411200	19.8
19460	13089600	21.7
19460	15681600	26.6
19460	18360000	27
19460	21038400	25.6
19460	23630400	19.9
19460	26308800	13.1
19460	28900800	8.7
19460	31579200	5.7
19460	34257600	7.8
19460	36676800	10.7
19460	39355200	16
19460	41947200	19.1
19460	44625600	23.3
19460	47217600	28.5
19460	49896000	27.4
19460	52574400	24.2
19460	55166400	18.2
19460	57844800	14.2
19460	60436800	9.3
19460	63115200	9.9
19460	65793600	9.3
19460	68299200	11.6
19460	70977600	15.3
19460	73569600	19.6
19460	76248000	22.6
19460	78840000	26.1
19460	81518400	26.7
19460	84196800	23
19460	86788800	18.4
19460	89467200	13.6
19460	92059200	8.8
19460	94737600	8.8
19460	97416000	9.7
19460	99835200	10.9
19460	102513600	17.2
19460	105105600	19
19460	107784000	22.2
19460	110376000	26.7
19460	113054400	26.8
19460	115732800	22.8
19460	118324800	18.3
19460	121003200	12.4
19460	123595200	6.2
19460	126273600	5.4
19460	128952000	7.4
19460	131371200	10.4
19460	134049600	16.1
19460	136641600	19.8
19460	139320000	22
19460	141912000	26.2
19460	144590400	26.8
19460	147268800	23
19460	149860800	19.2
19460	152539200	12.9
19460	155131200	9.4
19460	157809600	6.8
19460	160488000	7.3
19460	162907200	10.8
19460	165585600	15.9
19460	168177600	18.8
19460	170856000	22.8
19460	173448000	26.6
19460	176126400	26.2
19460	178804800	25.1
19460	181396800	20
19460	184075200	13.6
19460	186667200	8.4
19460	189345600	6.3
19460	192024000	10.2
19460	194529600	11.1
19460	197208000	15.8
19460	199800000	19.1
19460	202478400	22.5
19460	205070400	24.8
19460	207748800	27.4
19460	210427200	22.3
19460	213019200	18.2
19460	215697600	11.9
19460	218289600	8.4
19460	220968000	4.8
19460	223646400	6.1
19460	226065600	12.3
19460	228744000	16.3
19460	231336000	19.1
19460	234014400	22.7
19460	236606400	27.5
19460	239284800	27.1
19460	241963200	24.5
19460	244555200	19.7
19460	247233600	15.1
19460	249825600	10.1
19460	252504000	7.8
19460	255182400	7.5
19460	257601600	10.7
19460	260280000	15.2
19460	262872000	19.3
19460	265550400	23.7
19460	268142400	27.4
19460	270820800	27
19460	273499200	24.6
19460	276091200	18.5
19460	278769600	13.9
19460	281361600	9.8
19460	284040000	8.5
19460	286718400	9.7
19460	289137600	10.7
19460	291816000	15.7
19460	294408000	18.7
19460	297086400	23.5
19460	299678400	25.4
19460	302356800	27.3
19460	305035200	24.6
19460	307627200	19.4
19460	310305600	13.4
19460	312897600	9.7
19460	315576000	7.4
19460	318254400	6.2
19460	320760000	11.4
19460	323438400	15.2
19460	326030400	19.6
19460	328708800	23.8
19460	331300800	26.4
19460	333979200	26.4
19460	336657600	23.6
19460	339249600	19.1
19460	341928000	14.6
19460	344520000	6.9
19460	347198400	5.4
19460	349876800	8.3
19460	352296000	11.6
19460	354974400	16.5
19460	357566400	19
19460	360244800	23.8
19460	362836800	28.2
19460	365515200	27.4
19460	368193600	23.4
19460	370785600	18.7
19460	373464000	12.7
19460	376056000	8.5
19460	378734400	6.6
19460	381412800	7.9
19460	383832000	12.7
19460	386510400	15.2
19460	389102400	20.5
19460	391780800	22.6
19460	394372800	25.3
19460	397051200	27
19460	399729600	23.6
19460	402321600	19.4
19460	4.05e+08	16.1
19460	407592000	8.9
19460	410270400	7.4
19460	412948800	7.8
19460	415368000	11.8
19460	418046400	18
19460	420638400	20.1
19460	423316800	22.4
19460	425908800	27.6
19460	428587200	28.3
19460	431265600	25.3
19460	433857600	19.8
19460	436536000	12.5
19460	439128000	7.9
19460	441806400	4.8
19460	444484800	6
19460	446990400	8.7
19460	449668800	15.8
19460	452260800	19.1
19460	454939200	23.4
19460	457531200	27.7
19460	460209600	27.3
19460	462888000	23.5
19460	465480000	18
19460	468158400	15.7
19460	470750400	9.4
19460	473428800	5.8
19460	476107200	8.5
19460	478526400	12.5
19460	481204800	16.5
19460	483796800	20.4
19460	486475200	22.6
19460	489067200	27.3
19460	491745600	27
19460	494424000	26
19460	497016000	19.8
19460	499694400	13.2
19460	502286400	7.7
19460	504964800	5.6
19460	507643200	6.5
19460	510062400	11.1
19460	512740800	16.6
19460	515332800	20
19460	518011200	23.6
19460	520603200	26.8
19460	523281600	27
19460	525960000	24.1
19460	528552000	17.3
19460	531230400	13.6
19460	533822400	10.1
19460	536500800	8
19460	539179200	9.3
19460	541598400	11.9
19460	544276800	15.6
19460	546868800	20
19460	549547200	23.1
19460	552139200	27.2
19460	554817600	28
19460	557496000	22.8
19460	560088000	20.5
19460	562766400	15
19460	565358400	9.4
19460	568036800	9
19460	570715200	7.7
19460	573220800	10.6
19460	575899200	15.5
19460	578491200	20
19460	581169600	23.5
19460	583761600	27.6
19460	586440000	27
19460	589118400	24.2
19460	591710400	19.3
19460	594388800	12.6
19460	596980800	8.7
19460	599659200	10
19460	602337600	10
19460	604756800	11.5
19460	607435200	16.7
19460	610027200	19.5
19460	612705600	22.5
19460	615297600	25.9
19460	617976000	26.8
19460	620654400	24.7
19460	623246400	18.5
19460	625924800	13.9
19460	628516800	9.4
19460	631195200	7.1
19460	633873600	11.1
19460	636292800	12.5
19460	638971200	15.7
19460	641563200	19.5
19460	644241600	24.3
19460	646833600	28.4
19460	649512000	28.2
19460	652190400	25.4
19460	654782400	19.5
19460	657460800	15.5
19460	660052800	9
19460	662731200	7.5
19460	665409600	7.9
19460	667828800	13.5
19460	670507200	17.1
19460	673099200	19.4
19460	675777600	24.6
19460	678369600	28.8
19460	681048000	27.4
19460	683726400	25.1
19460	686318400	19
19460	688996800	13.6
19460	691588800	11.1
19460	694267200	8.8
19460	696945600	8.6
19460	699451200	13.1
19460	702129600	16.8
19460	704721600	20.1
19460	707400000	21.6
19460	709992000	26.8
19460	712670400	26.7
19460	715348800	24.5
19460	717940800	19.1
19460	720619200	14.2
19460	723211200	10.7
19460	725889600	8.8
19460	728568000	9.6
19460	730987200	10.4
19460	733665600	15.9
19460	736257600	19.7
19460	738936000	23.3
19460	741528000	25.3
19460	744206400	26.7
19460	746884800	23.4
19460	749476800	18.5
19460	752155200	15.8
19460	754747200	9.5
19460	757425600	7.7
19460	760104000	8.9
19460	762523200	10.5
19460	765201600	17.1
19460	767793600	21.2
19460	770472000	23.5
19460	773064000	28.9
19460	775742400	28.1
19460	778420800	25
19460	781012800	20.5
19460	783691200	15.6
19460	786283200	10.9
19460	788961600	7.8
19460	791640000	8.1
19460	794059200	11.6
19460	796737600	15.6
19460	799329600	20
19460	802008000	22
19460	804600000	28.2
19460	807278400	28.9
19460	809956800	24.7
19460	812548800	20.1
19460	815227200	12.8
19460	817819200	7.7
19460	820497600	7.6
19460	823176000	7.6
19460	825681600	11.4
19460	828360000	13.7
19460	830952000	20
19460	833630400	24.6
19460	836222400	27.2
19460	838900800	27.5
19460	841579200	24.7
19460	844171200	19.8
19460	846849600	15.7
19460	849441600	8.9
19460	852120000	7.2
19460	854798400	8.5
19460	857217600	13.3
19460	859896000	17
19460	862488000	21.5
19460	865166400	23.3
19460	867758400	27.3
19460	870436800	27.6
19460	873115200	24.2
19460	875707200	18.8
19460	878385600	15.5
19460	880977600	10.5
19460	883656000	8.1
19460	886334400	11.6
19460	888753600	12.1
19460	891432000	19.8
19460	894024000	22.1
19460	896702400	24
19460	899294400	28.6
19460	901972800	29.8
19460	904651200	25.9
19460	907243200	21.9
19460	909921600	15.2
19460	912513600	10.9
19460	915192000	8.2
19460	917870400	8.5
19460	920289600	13.7
19460	922968000	16.4
19460	925560000	20.3
19460	928238400	23.5
19460	930830400	26
19460	933508800	27.7
19460	936187200	26.3
19460	938779200	20.9
19460	941457600	14.3
19460	944049600	8.9
19460	946728000	9
19460	949406400	7.5
19460	951912000	11.9
19460	954590400	16.1
19460	957182400	20.5
19460	959860800	23.3
19460	962452800	27.4
19460	965131200	27.1
19460	967809600	24.4
19460	970401600	21.1
19460	973080000	16.1
19460	975672000	10.1
19460	978350400	7.6
19460	981028800	9.4
19460	983448000	12.1
19460	986126400	16.1
19460	988718400	20.6
19460	991396800	24.3
19460	993988800	27.7
19460	996667200	27.5
19460	999345600	24.3
19460	1001937600	20.4
19460	1004616000	13.2
19460	1007208000	9.2
19460	1009886400	9.1
19460	1012564800	9.6
19460	1014984000	13.8
19460	1017662400	17.6
19460	1020254400	20.6
19460	1022932800	23.4
19460	1025524800	27.4
19460	1028203200	27.8
19460	1030881600	24.7
19460	1033473600	19
19460	1036152000	12.1
19460	1038744000	10.3
19460	1041422400	6.9
19460	1044100800	9.6
19460	1046520000	11.4
19460	1049198400	17.8
19460	1051790400	20.4
19460	1054468800	23.1
19460	1057060800	27.3
19460	1059739200	27.6
19460	1062417600	25.3
19460	1065009600	18.9
19460	1067688000	17.6
19460	1070280000	9.8
19460	1072958400	6.9
19460	1075636800	9.7
19460	1078142400	12.2
19460	1080820800	17
19460	1083412800	20.7
19460	1086091200	24.1
19460	1088683200	28.9
19460	1091361600	27.7
19460	1094040000	25.4
19460	1096632000	19.9
19460	1099310400	15.2
19460	1101902400	11.1
19460	1104580800	6.9
19460	1107259200	8.1
19460	1109678400	10.7
19460	1112356800	17.1
19460	1114948800	20
19460	1117627200	24
19460	1120219200	27.6
19460	1122897600	27.5
19460	1125576000	25.6
19460	1128168000	20.6
19460	1130846400	14.4
19460	1133438400	6.8
19460	1136116800	7.7
19460	1138795200	10
19460	1141214400	10.8
19460	1143892800	15.6
19460	1146484800	20.7
19460	1149163200	23.3
19460	1151755200	27.6
19460	1154433600	27.8
19460	1157112000	24.3
19460	1159704000	20.8
19460	1162382400	15.6
19460	1164974400	10.4
19460	1167652800	8.4
19460	1170331200	10.6
19460	1172750400	12.1
19460	1175428800	15.5
19460	1178020800	20.5
19460	1180699200	23.4
19460	1183291200	26.9
19460	1185969600	27.8
19460	1188648000	26.4
19460	1191240000	21.1
19460	1193918400	14.1
19460	1196510400	10.8
19460	1199188800	8.5
19460	1201867200	6.6
19460	1204372800	12.1
19460	1207051200	15.9
19460	1209643200	19.9
19460	1212321600	22.4
19460	1214913600	27.9
19460	1217592000	27.3
19460	1220270400	24.8
19460	1222862400	20.2
19460	1225540800	13.9
19460	1228132800	9.2
19460	1230811200	7.9
19460	1233489600	11.1
19460	1235908800	12.2
19460	1238587200	16.1
19460	1241179200	20.1
19460	1243857600	23.5
19460	1246449600	27.1
19460	1249128000	27.5
19460	1251806400	24.5
19460	1254398400	19.1
19460	1257076800	14.4
19460	1259668800	9.5
19460	1262347200	7.7
19460	1265025600	11
19460	1267444800	12.4
19460	1270123200	15
19460	1272715200	19.6
19460	1275393600	22.4
19460	1277985600	27
19460	1280664000	28.2
19460	1283342400	25.9
19460	1285934400	20.1
19460	1288612800	13.8
19460	1291204800	9.6
19460	1293883200	4.9
19460	1296561600	9.3
19460	1298980800	10
19460	1301659200	15.5
19460	1304251200	20.3
19460	1306929600	23.7
19460	1309521600	27
19460	1312200000	27.4
19460	1314878400	24.8
19460	1317470400	19.9
19460	1320148800	16.3
19460	1322740800	8.5
19460	1325419200	6.7
19460	1328097600	7.7
19460	1330603200	11.9
19460	1333281600	16.2
19460	1335873600	20.4
19460	1338552000	22.8
19460	1341144000	27.3
19460	1343822400	27.8
19460	1346500800	24.5
19460	1349092800	19.5
19460	1351771200	13.2
19460	1354363200	8.3
19460	1357041600	6.8
19460	1359720000	9.4
19460	1362139200	13.8
19460	1364817600	15.6
19460	1367409600	20.3
19460	1370088000	23.2
19460	1372680000	29
19460	1375358400	29.3
19460	1378036800	24.9
19460	1380628800	20.6
19460	1383307200	13.5
19460	1385899200	8.1
19460	1388577600	7.9
19460	1391256000	8.7
19460	1393675200	12.3
19460	1396353600	16
19460	1398945600	20
19460	1401624000	22.2
19460	1404216000	27.2
19460	1406894400	27.3
19460	1409572800	23.7
19460	1412164800	20.4
19460	1414843200	14.9
19460	1417435200	8
19460	1420113600	8.3
19460	1422792000	8
19460	1425211200	12.1
19460	1427889600	17.9
19460	1430481600	20.6
19461	-599572800	11.3
19461	-596894400	12.6
19461	-594475200	12.8
19461	-591796800	17.2
19461	-589204800	20
19461	-586526400	22.2
19461	-583934400	25.9
19461	-581256000	26.8
19461	-578577600	24.2
19461	-575985600	22.1
19461	-573307200	17
19461	-570715200	14.4
19461	-568036800	11.4
19461	-565358400	11.5
19461	-562852800	13.7
19461	-560174400	17.9
19461	-557582400	20.9
19461	-554904000	23.9
19461	-552312000	26.4
19461	-549633600	27.1
19461	-546955200	25
19461	-544363200	20.4
19461	-541684800	20
19461	-539092800	13.1
19461	-536414400	10.4
19461	-533736000	11.8
19461	-531316800	14
19461	-528638400	16.3
19461	-526046400	20
19461	-523368000	24.6
19461	-520776000	27.4
19461	-518097600	27.5
19461	-515419200	25.6
19461	-512827200	21.7
19461	-510148800	17.3
19461	-507556800	15.2
19461	-504878400	13.9
19461	-502200000	12.4
19461	-499780800	14
19461	-497102400	18.3
19461	-494510400	21.8
19461	-491832000	23.3
19461	-489240000	26.9
19461	-486561600	27.3
19461	-483883200	25.2
19461	-481291200	21.1
19461	-478612800	18.5
19461	-476020800	13.3
19461	-473342400	10.2
19461	-470664000	12.5
19461	-468244800	15.8
19461	-465566400	18.5
19461	-462974400	20.4
19461	-460296000	24.2
19461	-457704000	26.9
19461	-455025600	26.7
19461	-452347200	25.8
19461	-449755200	21.2
19461	-447076800	16.9
19461	-444484800	14.1
19461	-441806400	11
19461	-439128000	10.6
19461	-436622400	14.5
19461	-433944000	17.5
19461	-431352000	20.3
19461	-428673600	25.3
19461	-426081600	28.5
19461	-423403200	27.1
19461	-420724800	25.8
19461	-418132800	22.1
19461	-415454400	16.8
19461	-412862400	11.7
19461	-410184000	12.6
19461	-407505600	10.7
19461	-405086400	12.1
19461	-402408000	18.4
19461	-399816000	20.9
19461	-397137600	23.1
19461	-394545600	28.3
19461	-391867200	26.9
19461	-389188800	24.1
19461	-386596800	20.4
19461	-383918400	18.1
19461	-381326400	14.1
19461	-378648000	11.5
19461	-375969600	12.2
19461	-373550400	14
19461	-370872000	18.7
19461	-368280000	20.7
19461	-365601600	24.1
19461	-363009600	27.4
19461	-360331200	28.1
19461	-357652800	26.4
19461	-355060800	21.4
19461	-352382400	17.8
19461	-349790400	15.1
19461	-347112000	10.8
19461	-344433600	14.8
19461	-342014400	15.2
19461	-339336000	17.7
19461	-336744000	20.7
19461	-334065600	23.2
19461	-331473600	27.9
19461	-328795200	27.3
19461	-326116800	26.4
19461	-323524800	21.8
19461	-320846400	18.7
19461	-318254400	14.6
19461	-315576000	11.3
19461	-312897600	12.8
19461	-310392000	16
19461	-307713600	17.3
19461	-305121600	20.8
19461	-302443200	23.6
19461	-299851200	27.9
19461	-297172800	27.5
19461	-294494400	25.8
19461	-291902400	21.9
19461	-289224000	18.2
19461	-286632000	12.5
19462	-599572800	4.2
19462	-596894400	5.3
19462	-594475200	7.3
19462	-591796800	12.3
19462	-589204800	17.1
19462	-586526400	20.7
19462	-583934400	24.8
19462	-581256000	27
19462	-578577600	20.2
19462	-575985600	17.1
19462	-573307200	11.3
19462	-570715200	8.1
19462	-568036800	5.1
19462	-565358400	4.4
19462	-562852800	7.3
19462	-560174400	12.6
19462	-557582400	16.9
19462	-554904000	21.1
19462	-552312000	25.2
19462	-549633600	26.5
19462	-546955200	22.6
19462	-544363200	15.7
19462	-541684800	13.1
19462	-539092800	7
19462	-536414400	4.6
19462	-533736000	4.5
19462	-531316800	8.4
19462	-528638400	11.3
19462	-526046400	16.9
19462	-523368000	21.8
19462	-520776000	25.9
19462	-518097600	26.9
19462	-515419200	23
19462	-512827200	17.1
19462	-510148800	11.5
19462	-507556800	8.4
19462	-504878400	6.3
19462	-502200000	5.8
19462	-499780800	7.4
19462	-497102400	13.4
19462	-494510400	17.5
19462	-491832000	20.3
19462	-489240000	24.1
19462	-486561600	27
19462	-483883200	22.9
19462	-481291200	15.8
19462	-478612800	12.6
19462	-476020800	8
19462	-473342400	4.3
19462	-470664000	6
19462	-468244800	8.7
19462	-465566400	13.1
19462	-462974400	17.6
19462	-460296000	23.3
19462	-457704000	26.6
19462	-455025600	26.7
19462	-452347200	22.9
19462	-449755200	17
19462	-447076800	10.4
19462	-444484800	7.8
19462	-441806400	4.7
19462	-439128000	4.2
19462	-436622400	8
19462	-433944000	12.2
19462	-431352000	16.3
19462	-428673600	22.1
19462	-426081600	26.2
19462	-423403200	25.7
19462	-420724800	22.9
19462	-418132800	17.1
19462	-415454400	10.8
19462	-412862400	5.4
19462	-410184000	5
19462	-407505600	4.1
19462	-405086400	6.2
19462	-402408000	13.7
19462	-399816000	17
19462	-397137600	21.1
19462	-394545600	25.4
19462	-391867200	26.5
19462	-389188800	20.6
19462	-386596800	15.9
19462	-383918400	12
19462	-381326400	7.6
19462	-378648000	4.9
19462	-375969600	5.6
19462	-373550400	7.8
19462	-370872000	13.2
19462	-368280000	17.3
19462	-365601600	22
19462	-363009600	26.8
19462	-360331200	26.1
19462	-357652800	23.2
19462	-355060800	16.1
19462	-352382400	11.7
19462	-349790400	8.4
19462	-347112000	4.3
19462	-344433600	7.3
19462	-342014400	8.9
19462	-339336000	13.8
19462	-336744000	17.9
19462	-334065600	22.3
19462	-331473600	26.7
19462	-328795200	26.6
19462	-326116800	23.8
19462	-323524800	17.7
19462	-320846400	13.2
19462	-318254400	8
19462	-315576000	4.7
19462	-312897600	6.8
19462	-310392000	9.1
19462	-307713600	12.4
19462	-305121600	17.6
19462	-302443200	21.6
19462	-299851200	27
19462	-297172800	26.7
19462	-294494400	23.2
19462	-291902400	16.9
19462	-289224000	13
19462	-286632000	6.7
19462	-283953600	3.9
19462	-281275200	4.2
19462	-278856000	8
19462	-276177600	13.5
19462	-273585600	17.9
19462	-270907200	22.2
19462	-268315200	27.3
19462	-265636800	27.6
19462	-262958400	24.8
19462	-260366400	19.4
19462	-257688000	13.3
19462	-255096000	7.6
19462	-252417600	4.3
19462	-249739200	5.6
19462	-247320000	7.9
19462	-244641600	12.6
19462	-242049600	17.6
19462	-239371200	20.9
19462	-236779200	26
19462	-234100800	27.3
19462	-231422400	23.5
19462	-228830400	16.6
19462	-226152000	11.6
19462	-223560000	7.4
19462	-220881600	2.7
19462	-218203200	3.3
19462	-215784000	7.1
19462	-213105600	13.1
19462	-210513600	18.3
19462	-207835200	22.4
19462	-205243200	26.7
19462	-202564800	26.4
19462	-199886400	21.6
19462	-197294400	16.3
19462	-194616000	11.7
19462	-192024000	7.7
19462	-189345600	5.9
19462	-186667200	3.8
19462	-184161600	7.3
19462	-181483200	16.5
19462	-178891200	18.5
19462	-176212800	21.7
19462	-173620800	27.7
19462	-170942400	28
19462	-168264000	23.8
19462	-165672000	17.2
19462	-162993600	11.7
19462	-160401600	7.4
19462	-157723200	4.4
19462	-155044800	5.1
19462	-152625600	6.5
19462	-149947200	11.5
19462	-147355200	17.4
19462	-144676800	21.7
19462	-142084800	26.2
19462	-139406400	26.7
19462	-136728000	21
19462	-134136000	16
19462	-131457600	12.4
19462	-128865600	6.7
19462	-126187200	4.5
19462	-123508800	6.2
19462	-121089600	9.2
19462	-118411200	12.8
19462	-115819200	16.8
19462	-113140800	21.1
19462	-110548800	25.7
19462	-107870400	27.4
19462	-105192000	22.7
19462	-102600000	17.3
19462	-99921600	11.4
19462	-97329600	5.7
19462	-94651200	4.5
19462	-91972800	4.7
19462	-89553600	8.2
19462	-86875200	13.6
19462	-84283200	18.8
19462	-81604800	22.9
19462	-79012800	26.4
19462	-76334400	28.1
19462	-73656000	23.4
19462	-71064000	16.8
19462	-68385600	11.9
19462	-65793600	5
19462	-63115200	4.4
19462	-60436800	2.6
19462	-57931200	8.3
19462	-55252800	13.6
19462	-52660800	17.6
19462	-49982400	22.1
19462	-47390400	25.1
19462	-44712000	26.5
19462	-42033600	22
19462	-39441600	16.1
19462	-36763200	11.6
19462	-34171200	9.4
19462	-31492800	5.3
19462	-28814400	5.2
19462	-26395200	7
19462	-23716800	13.2
19462	-21124800	18.4
19462	-18446400	21.1
19462	-15854400	25.9
19462	-13176000	27.5
19462	-10497600	24
19462	-7905600	16.7
19462	-5227200	11.1
19462	-2635200	6.1
19462	43200	4.1
19462	2721600	6
19462	5140800	5.8
19462	7819200	12.5
19462	10411200	18.4
19462	13089600	20.6
19462	15681600	26.3
19462	18360000	27.3
19462	21038400	24.7
19462	23630400	17.9
19462	26308800	11.8
19462	28900800	6.9
19462	31579200	4.7
19462	34257600	5.3
19462	36676800	7.5
19462	39355200	13.4
19462	41947200	17.8
19462	44625600	22.3
19462	47217600	27
19462	49896000	26.6
19462	52574400	22.8
19462	55166400	16.4
19462	57844800	12.3
19462	60436800	7.2
19462	63115200	6.8
19462	65793600	5.9
19462	68299200	8.6
19462	70977600	13.2
19462	73569600	17.6
19462	76248000	21.3
19462	78840000	25.4
19462	81518400	25.9
19462	84196800	21.6
19462	86788800	16.7
19462	89467200	11.4
19462	92059200	6.6
19462	94737600	6
19462	97416000	6.3
19462	99835200	7.6
19462	102513600	14.6
19462	105105600	17.7
19462	107784000	21.6
19462	110376000	27.3
19462	113054400	27.5
19462	115732800	21.7
19462	118324800	16.5
19462	121003200	10.7
19462	123595200	5.2
19462	126273600	4.1
19462	128952000	4.3
19462	131371200	7.1
19462	134049600	13.7
19462	136641600	18.4
19462	139320000	22
19462	141912000	25.1
19462	144590400	26.7
19462	147268800	21.8
19462	149860800	16.8
19462	152539200	10.7
19462	155131200	7.1
19462	157809600	4.8
19462	160488000	4.4
19462	162907200	7.6
19462	165585600	13.4
19462	168177600	17.8
19462	170856000	22.5
19462	173448000	26.9
19462	176126400	26.3
19462	178804800	24.1
19462	181396800	17.9
19462	184075200	12.4
19462	186667200	7.2
19462	189345600	4.3
19462	192024000	6.7
19462	194529600	7.9
19462	197208000	12.6
19462	199800000	17.7
19462	202478400	21.8
19462	205070400	25.1
19462	207748800	26.5
19462	210427200	20.8
19462	213019200	16.5
19462	215697600	10.3
19462	218289600	6.3
19462	220968000	2.9
19462	223646400	3.2
19462	226065600	8.5
19462	228744000	14.3
19462	231336000	18.1
19462	234014400	21.8
19462	236606400	27
19462	239284800	26.2
19462	241963200	23.5
19462	244555200	18
19462	247233600	13.5
19462	249825600	8.2
19462	252504000	5.8
19462	255182400	4.4
19462	257601600	7.9
19462	260280000	13.3
19462	262872000	18.4
19462	265550400	22.7
19462	268142400	27.9
19462	270820800	27.9
19462	273499200	24
19462	276091200	17.1
19462	278769600	12.2
19462	281361600	7.6
19462	284040000	6.2
19462	286718400	7.2
19462	289137600	8.1
19462	291816000	13.1
19462	294408000	18.2
19462	297086400	23.2
19462	299678400	25.7
19462	302356800	27.7
19462	305035200	23.6
19462	307627200	18.6
19462	310305600	12.2
19462	312897600	7.8
19462	315576000	4.6
19462	318254400	4.2
19462	320760000	7.7
19462	323438400	12.7
19462	326030400	17.9
19462	328708800	22.8
19462	331300800	24.8
19462	333979200	24.8
19462	336657600	22.1
19462	339249600	17.2
19462	341928000	11.8
19462	344520000	5.6
19462	347198400	3.1
19462	349876800	4.1
19462	352296000	8.2
19462	354974400	13.2
19462	357566400	17.2
19462	360244800	21.9
19462	362836800	27.1
19462	365515200	26
19462	368193600	21.8
19462	370785600	16.5
19462	373464000	10.4
19462	376056000	6.6
19462	378734400	4.6
19462	381412800	4.8
19462	383832000	9
19462	386510400	13.4
19462	389102400	19.4
19462	391780800	22.2
19462	394372800	24.5
19462	397051200	26.7
19462	399729600	22
19462	402321600	17.3
19462	4.05e+08	13.7
19462	407592000	7.8
19462	410270400	5.7
19462	412948800	4.9
19462	415368000	8.3
19462	418046400	15.8
19462	420638400	19.2
19462	423316800	22.5
19462	425908800	26.5
19462	428587200	28.7
19462	431265600	24.5
19462	433857600	17.5
19462	436536000	11.6
19462	439128000	6.7
19462	441806400	3.4
19462	444484800	2.7
19462	446990400	5.6
19462	449668800	12.5
19462	452260800	18.1
19462	454939200	23.1
19462	457531200	26.9
19462	460209600	28.4
19462	462888000	23.3
19462	465480000	17.1
19462	468158400	12.7
19462	470750400	7.3
19462	473428800	4
19462	476107200	5.8
19462	478526400	8.7
19462	481204800	14.1
19462	483796800	19
19462	486475200	21.5
19462	489067200	27
19462	491745600	27.8
19462	494424000	24.9
19462	497016000	18.2
19462	499694400	12.1
19462	502286400	5.7
19462	504964800	3.7
19462	507643200	3.6
19462	510062400	7.7
19462	512740800	13.9
19462	515332800	18
19462	518011200	22.9
19462	520603200	25.8
19462	523281600	27.5
19462	525960000	23.6
19462	528552000	16.1
19462	531230400	11.6
19462	533822400	8.3
19462	536500800	6.1
19462	539179200	6
19462	541598400	8.5
19462	544276800	13.4
19462	546868800	18.4
19462	549547200	22.8
19462	552139200	26.8
19462	554817600	27.4
19462	557496000	23
19462	560088000	18.6
19462	562766400	13
19462	565358400	7.8
19462	568036800	6.2
19462	570715200	4.8
19462	573220800	7.6
19462	575899200	13.5
19462	578491200	18
19462	581169600	22.6
19462	583761600	25.8
19462	586440000	26.7
19462	589118400	23.7
19462	591710400	17.2
19462	594388800	11.1
19462	596980800	6.5
19462	599659200	7
19462	602337600	6.6
19462	604756800	8.8
19462	607435200	14.7
19462	610027200	17.9
19462	612705600	22.1
19462	615297600	25.6
19462	617976000	26.6
19462	620654400	23.4
19462	623246400	16.6
19462	625924800	12.8
19462	628516800	7.9
19462	631195200	4.9
19462	633873600	8
19462	636292800	9.9
19462	638971200	14.2
19462	641563200	18.5
19462	644241600	24.1
19462	646833600	27.8
19462	649512000	28.4
19462	652190400	24.5
19462	654782400	18.4
19462	657460800	14.2
19462	660052800	8.5
19462	662731200	5.8
19462	665409600	5.3
19462	667828800	9.3
19462	670507200	14.6
19462	673099200	18.4
19462	675777600	23.5
19462	678369600	27.4
19462	681048000	27
19462	683726400	24.5
19462	686318400	18.1
19462	688996800	12.3
19462	691588800	8.8
19462	694267200	6.8
19462	696945600	6.1
19462	699451200	9.5
19462	702129600	14.6
19462	704721600	18.1
19462	707400000	21.7
19462	709992000	26.6
19462	712670400	27
19462	715348800	23.8
19462	717940800	18.2
19462	720619200	12.3
19462	723211200	8.8
19462	725889600	6.4
19462	728568000	7
19462	730987200	8
19462	733665600	14.1
19462	736257600	18.4
19462	738936000	22.7
19462	741528000	25
19462	744206400	25.7
19462	746884800	22.4
19462	749476800	16.9
19462	752155200	13.6
19462	754747200	8
19462	757425600	5.3
19462	760104000	5.9
19462	762523200	7.8
19462	765201600	15.7
19462	767793600	20.2
19462	770472000	23.4
19462	773064000	29.6
19462	775742400	29.6
19462	778420800	25.1
19462	781012800	19.3
19462	783691200	13.8
19462	786283200	8.9
19462	788961600	5.8
19462	791640000	5.9
19462	794059200	9.4
19462	796737600	13.5
19462	799329600	18.4
19462	802008000	21.7
19462	804600000	27.4
19462	807278400	29.8
19462	809956800	23.5
19462	812548800	18.6
19462	815227200	11.3
19462	817819200	6.6
19462	820497600	5.4
19462	823176000	4.7
19462	825681600	8.3
19462	828360000	12.2
19462	830952000	19.4
19462	833630400	23.3
19462	836222400	27.2
19462	838900800	28
19462	841579200	23.2
19462	844171200	17.6
19462	846849600	13.1
19462	849441600	7.5
19462	852120000	5.7
19462	854798400	5.5
19462	857217600	10
19462	859896000	14.8
19462	862488000	20
19462	865166400	23.3
19462	867758400	26.6
19462	870436800	28
19462	873115200	23.9
19462	875707200	17.6
19462	878385600	13.6
19462	880977600	8.6
19462	883656000	5.9
19462	886334400	7.2
19462	888753600	10.2
19462	891432000	16.9
19462	894024000	21
19462	896702400	23
19462	899294400	27.8
19462	901972800	29.2
19462	904651200	25.2
19462	907243200	20.6
19462	909921600	13.4
19462	912513600	9.6
19462	915192000	6.2
19462	917870400	5.9
19462	920289600	9.7
19462	922968000	14.1
19462	925560000	20.2
19462	928238400	23
19462	930830400	25.9
19462	933508800	27.9
19462	936187200	26.3
19462	938779200	19.5
19462	941457600	13.2
19462	944049600	7.7
19462	946728000	6.3
19462	949406400	5
19462	951912000	8.8
19462	954590400	14.3
19462	957182400	19.8
19462	959860800	22.7
19462	962452800	28.4
19462	965131200	29.2
19462	967809600	25.1
19462	970401600	19.5
19462	973080000	13.7
19462	975672000	8
19462	978350400	5.1
19462	981028800	6
19462	983448000	9.5
19462	986126400	14.7
19462	988718400	20
19462	991396800	23.9
19462	993988800	28.3
19462	996667200	28.4
19462	999345600	23.8
19462	1001937600	19
19462	1004616000	12.2
19462	1007208000	7.6
19462	1009886400	6.9
19462	1012564800	6.9
19462	1014984000	11.4
19462	1017662400	16
19462	1020254400	19.8
19462	1022932800	23.5
19462	1025524800	28.3
19462	1028203200	28.5
19462	1030881600	24.9
19462	1033473600	18.6
19462	1036152000	10.3
19462	1038744000	7.8
19462	1041422400	5
19462	1044100800	6.4
19462	1046520000	8.2
19462	1049198400	15.2
19462	1051790400	19.4
19462	1054468800	23.1
19462	1057060800	25.4
19462	1059739200	27.7
19462	1062417600	25.4
19462	1065009600	17.8
19462	1067688000	14.9
19462	1070280000	9
19462	1072958400	5.5
19462	1075636800	7.5
19462	1078142400	9.5
19462	1080820800	16
19462	1083412800	20.5
19462	1086091200	23.9
19462	1088683200	29.1
19462	1091361600	27.7
19462	1094040000	25.3
19462	1096632000	18.6
19462	1099310400	14.4
19462	1101902400	9.1
19462	1104580800	5.8
19462	1107259200	5.5
19462	1109678400	8.8
19462	1112356800	15.7
19462	1114948800	19.5
19462	1117627200	25.2
19462	1120219200	27.3
19462	1122897600	28.2
19462	1125576000	25.6
19462	1128168000	19.4
19462	1130846400	13.1
19462	1133438400	5.3
19462	1136116800	5.2
19462	1138795200	6.2
19462	1141214400	8.2
19462	1143892800	13.2
19462	1146484800	19.2
19462	1149163200	23.6
19462	1151755200	27
19462	1154433600	29.5
19462	1157112000	23.7
19462	1159704000	20
19462	1162382400	14.1
19462	1164974400	8.5
19462	1167652800	6.7
19462	1170331200	8.2
19462	1172750400	9.6
19462	1175428800	14.3
19462	1178020800	19.9
19462	1180699200	23.7
19462	1183291200	26.1
19462	1185969600	29.3
19462	1188648000	27
19462	1191240000	19.9
19462	1193918400	13.2
19462	1196510400	9.1
19462	1199188800	5.7
19462	1201867200	5
19462	1204372800	10.1
19462	1207051200	14.9
19462	1209643200	19.5
19462	1212321600	22.6
19462	1214913600	29.1
19462	1217592000	28.5
19462	1220270400	24.8
19462	1222862400	19.5
19462	1225540800	13
19462	1228132800	8.3
19462	1230811200	6.1
19462	1233489600	7.8
19462	1235908800	9.9
19462	1238587200	15.6
19462	1241179200	19.8
19462	1243857600	24
19462	1246449600	26.7
19462	1249128000	27.8
19462	1251806400	24.3
19462	1254398400	19.1
19462	1257076800	13.4
19462	1259668800	8.2
19462	1262347200	5.9
19462	1265025600	7.4
19462	1267444800	9.3
19462	1270123200	13.2
19462	1272715200	18.8
19462	1275393600	23.9
19462	1277985600	27.8
19462	1280664000	30.4
19462	1283342400	26.7
19462	1285934400	19.8
19462	1288612800	12.7
19462	1291204800	8.3
19462	1293883200	4.1
19462	1296561600	6.6
19462	1298980800	7.9
19462	1301659200	13.6
19462	1304251200	19.6
19462	1306929600	24
19462	1309521600	27.3
19462	1312200000	28.6
19462	1314878400	25.1
19462	1317470400	19.2
19462	1320148800	15
19462	1322740800	7.9
19462	1325419200	5.2
19462	1328097600	4.7
19462	1330603200	8.9
19462	1333281600	15
19462	1335873600	19.4
19462	1338552000	22.8
19462	1341144000	27.7
19462	1343822400	29.3
19462	1346500800	25.2
19462	1349092800	18.9
19462	1351771200	12.3
19462	1354363200	6.3
19462	1357041600	4.7
19462	1359720000	5.8
19462	1362139200	10.4
19462	1364817600	13.6
19462	1367409600	19.9
19462	1370088000	24.2
19462	1372680000	29
19462	1375358400	29.8
19462	1378036800	24.5
19462	1380628800	20.3
19462	1383307200	12.5
19462	1385899200	7.4
19462	1388577600	5.8
19462	1391256000	5.7
19462	1393675200	9.8
19462	1396353600	14.3
19462	1398945600	19.8
19462	1401624000	23.6
19462	1404216000	27.6
19462	1406894400	26.9
19462	1409572800	24
19462	1412164800	19.1
19462	1414843200	13.6
19462	1417435200	6.5
19462	1420113600	6.3
19462	1422792000	6.5
19462	1425211200	9.5
19462	1427889600	15.4
19462	1430481600	21
19463	-2619172800	7
19463	-2616494400	6.5
19463	-2614075200	8.8
19463	-2611396800	14.6
19463	-2608804800	17.5
19463	-2606126400	21.1
19463	-2603534400	25.1
19463	-2600856000	26
19463	-2598177600	23.5
19463	-2595585600	19.7
19463	-2592907200	13
19463	-2590315200	7
19463	-2587636800	5.6
19463	-2584958400	5.2
19463	-2582452800	10.9
19463	-2579774400	15.7
19463	-2577182400	18.3
19463	-2574504000	20.8
19463	-2571912000	25.3
19463	-2569233600	26.1
19463	-2566555200	22.8
19463	-2563963200	16.5
19463	-2561284800	14
19463	-2558692800	8.4
19463	-2556014400	4.6
19463	-2553336000	5.6
19463	-2550916800	9.8
19463	-2548238400	14.4
19463	-2545646400	17.5
19463	-2542968000	22.5
19463	-2540376000	24.9
19463	-2537697600	26.5
19463	-2535019200	21.9
19463	-2532427200	17.1
19463	-2529748800	12.3
19463	-2527156800	7.8
19463	-2524478400	6
19463	-2521800000	9.3
19463	-2519380800	10.9
19463	-2516702400	16.4
19463	-2514110400	19
19463	-2511432000	22.2
19463	-2508840000	24.9
19463	-2506161600	26.3
19463	-2503483200	23.8
19463	-2500891200	17.8
19463	-2498212800	12.9
19463	-2495620800	11.2
19463	-2492942400	4
19463	-2490264000	6.9
19463	-2487844800	10.4
19463	-2485166400	14.7
19463	-2482574400	18.5
19463	-2479896000	20.8
19463	-2477304000	24.8
19463	-2474625600	25.5
19463	-2471947200	24.5
19463	-2469355200	18.2
19463	-2466676800	12.4
19463	-2464084800	7.4
19463	-2461406400	5.5
19463	-2458728000	6.3
19463	-2456222400	7.8
19463	-2453544000	14.8
19463	-2450952000	18.4
19463	-2448273600	21.7
19463	-2445681600	26
19463	-2443003200	26.5
19463	-2440324800	23.8
19463	-2437732800	17.5
19463	-2435054400	11.9
19463	-2432462400	4.9
19463	-2429784000	4.8
19463	-2427105600	4.1
19463	-2424686400	9.1
19463	-2422008000	14.1
19463	-2419416000	17.6
19463	-2416737600	20.8
19463	-2414145600	26.6
19463	-2411467200	26.2
19463	-2408788800	24.3
19463	-2406196800	17.8
19463	-2403518400	10.1
19463	-2400926400	6.1
19463	-2398248000	5.2
19463	-2395569600	6.3
19463	-2393150400	10.7
19463	-2390472000	16.3
19463	-2387880000	17.9
19463	-2385201600	23.4
19463	-2382609600	26.8
19463	-2379931200	27.5
19463	-2377252800	23.6
19463	-2374660800	18
19463	-2371982400	13.7
19463	-2369390400	7.5
19463	-2366712000	4
19463	-2364033600	5.7
19463	-2361614400	10
19463	-2358936000	14.5
19463	-2356344000	18.1
19463	-2353665600	21.9
19463	-2351073600	24.2
19463	-2348395200	26.6
19463	-2345716800	23.4
19463	-2343124800	18.6
19463	-2340446400	12.5
19463	-2337854400	7
19463	-2335176000	5
19463	-2332497600	6.1
19463	-2329992000	8
19463	-2327313600	16
19463	-2324721600	17.8
19463	-2322043200	23
19463	-2319451200	25.1
19463	-2316772800	25.9
19463	-2314094400	22.8
19463	-2311502400	18.5
19463	-2308824000	12.6
19463	-2306232000	6.8
19463	-2303553600	7.5
19463	-2300875200	5.7
19463	-2298456000	10.7
19463	-2295777600	14.1
19463	-2293185600	18.6
19463	-2290507200	21.3
19463	-2287915200	25.3
19463	-2285236800	27
19463	-2282558400	23
19463	-2279966400	16.9
19463	-2277288000	14.1
19463	-2274696000	5.5
19463	-2272017600	7.9
19463	-2269339200	7.4
19463	-2266920000	9.9
19463	-2264241600	14
19463	-2261649600	18.5
19463	-2258971200	22
19463	-2256379200	25.5
19463	-2253700800	26.5
19463	-2251022400	23.8
19463	-2248430400	18.5
19463	-2245752000	14.2
19463	-2243160000	8.4
19463	-2240481600	5
19463	-2237803200	7.2
19463	-2235384000	10.7
19463	-2232705600	15.1
19463	-2230113600	18.8
19463	-2227435200	22.7
19463	-2224843200	25.2
19463	-2222164800	25.4
19463	-2219486400	21.9
19463	-2216894400	15.1
19463	-2214216000	10.7
19463	-2211624000	9.2
19463	-2208945600	4.6
19463	-2206267200	6.1
19463	-2203848000	8.6
19463	-2201169600	15.1
19463	-2198577600	18.4
19463	-2195899200	21
19463	-2193307200	24.4
19463	-2190628800	26.5
19463	-2187950400	24.2
19463	-2185358400	18.1
19463	-2182680000	13.4
19463	-2180088000	7.6
19463	-2177409600	7.8
19463	-2174731200	3.6
19463	-2172312000	8.4
19463	-2169633600	15.2
19463	-2167041600	17.7
19463	-2164363200	21.3
19463	-2161771200	23.5
19463	-2159092800	25.9
19463	-2156414400	22.5
19463	-2153822400	19
19463	-2151144000	11.6
19463	-2148552000	6
19463	-2145873600	4.9
19463	-2143195200	5.5
19463	-2140776000	11.6
19463	-2138097600	13.2
19463	-2135505600	18.2
19463	-2132827200	21.2
19463	-2130235200	23.9
19463	-2127556800	25
19463	-2124878400	22.6
19463	-2122286400	17.5
19463	-2119608000	14.4
19463	-2117016000	9.5
19463	-2114337600	6.6
19463	-2111659200	6.6
19463	-2109240000	11.8
19463	-2106561600	15.3
19463	-2103969600	17.3
19463	-2101291200	20.9
19463	-2098699200	23.6
19463	-2096020800	26.6
19463	-2093342400	23.8
19463	-2090750400	18
19463	-2088072000	11.3
19463	-2085480000	5.7
19463	-2082801600	4.4
19463	-2080123200	7.5
19463	-2077617600	9.7
19463	-2074939200	15.7
19463	-2072347200	18
19463	-2069668800	21.8
19463	-2067076800	26.2
19463	-2064398400	26
19463	-2061720000	22.5
19463	-2059128000	17.4
19463	-2056449600	10.3
19463	-2053857600	7.8
19463	-2051179200	7.5
19463	-2048500800	5
19463	-2046081600	9.7
19463	-2043403200	14.1
19463	-2040811200	18.2
19463	-2038132800	22.4
19463	-2035540800	25.9
19463	-2032862400	24.8
19463	-2030184000	23.1
19463	-2027592000	18
19463	-2024913600	12.9
19463	-2022321600	10.1
19463	-2019643200	4.7
19463	-2016964800	6.2
19463	-2014545600	9.4
19463	-2011867200	14.3
19463	-2009275200	18.1
19463	-2006596800	21.2
19463	-2004004800	25.4
19463	-2001326400	26.3
19463	-1998648000	23.1
19463	-1996056000	17.3
19463	-1993377600	11.8
19463	-1990785600	6.9
19463	-1988107200	7.1
19463	-1985428800	4.1
19463	-1983009600	9
19463	-1980331200	14.4
19463	-1977739200	17.9
19463	-1975060800	20.8
19463	-1972468800	24.4
19463	-1969790400	26.5
19463	-1967112000	23.1
19463	-1964520000	17.9
19463	-1961841600	13.3
19463	-1959249600	6.3
19463	-1956571200	6.7
19463	-1953892800	5.9
19463	-1951387200	9.3
19463	-1948708800	15.4
19463	-1946116800	18
19463	-1943438400	22
19463	-1940846400	24.1
19463	-1938168000	25.4
19463	-1935489600	21.7
19463	-1932897600	18
19463	-1930219200	10.6
19463	-1927627200	8.3
19463	-1924948800	5.9
19463	-1922270400	4.7
19463	-1919851200	8.9
19463	-1917172800	14.6
19463	-1914580800	17.8
19463	-1911902400	21.9
19463	-1909310400	25.3
19463	-1906632000	26
19463	-1903953600	24.2
19463	-1901361600	16.7
19463	-1898683200	11.9
19463	-1896091200	6.6
19463	-1893412800	7.4
19463	-1890734400	4.6
19463	-1888315200	8
19463	-1885636800	14.2
19463	-1883044800	18.7
19463	-1880366400	22
19463	-1877774400	25.3
19463	-1875096000	25.7
19463	-1872417600	23.1
19463	-1869825600	17.9
19463	-1867147200	11.8
19463	-1864555200	5.8
19463	-1861876800	5.8
19463	-1859198400	7.2
19463	-1856779200	10.9
19463	-1854100800	14.4
19463	-1851508800	17.6
19463	-1848830400	21.6
19463	-1846238400	25.1
19463	-1843560000	25.8
19463	-1840881600	24.1
19463	-1838289600	16.9
19463	-1835611200	13.1
19463	-1833019200	6.9
19463	-1830340800	4.6
19463	-1827662400	8.5
19463	-1825156800	10.7
19463	-1822478400	14.7
19463	-1819886400	18.1
19463	-1817208000	21.9
19463	-1814616000	25
19463	-1811937600	26.2
19463	-1809259200	22.4
19463	-1806667200	17.5
19463	-1803988800	11.2
19463	-1801396800	7.8
19463	-1798718400	4.7
19463	-1796040000	5.9
19463	-1793620800	8.3
19463	-1790942400	16.3
19463	-1788350400	18.2
19463	-1785672000	21.6
19463	-1783080000	24.4
19463	-1780401600	25.7
19463	-1777723200	21.7
19463	-1775131200	17.9
19463	-1772452800	12.3
19463	-1769860800	6.7
19463	-1767182400	4.9
19463	-1764504000	6.8
19463	-1762084800	11.5
19463	-1759406400	13.2
19463	-1756814400	18.8
19463	-1754136000	21.7
19463	-1751544000	27.1
19463	-1748865600	26.9
19463	-1746187200	23.8
19463	-1743595200	17.2
19463	-1740916800	13.5
19463	-1738324800	7.6
19463	-1735646400	5.8
19463	-1732968000	6.7
19463	-1730548800	7.8
19463	-1727870400	14.6
19463	-1725278400	17.8
19463	-1722600000	22.4
19463	-1720008000	25.6
19463	-1717329600	26.8
19463	-1714651200	24
19463	-1712059200	19.8
19463	-1709380800	14
19463	-1706788800	8.2
19463	-1704110400	7.3
19463	-1701432000	7.5
19463	-1698926400	7.3
19463	-1696248000	15
19463	-1693656000	19.1
19463	-1690977600	23.5
19463	-1688385600	25.3
19463	-1685707200	26
19463	-1683028800	24.2
19463	-1680436800	18.7
19463	-1677758400	14.4
19463	-1675166400	8.5
19463	-1672488000	3
19463	-1669809600	4.8
19463	-1667390400	8.4
19463	-1664712000	13.8
19463	-1662120000	16.4
19463	-1659441600	21.5
19463	-1656849600	25.7
19463	-1654171200	25.3
19463	-1651492800	24.3
19463	-1648900800	18.7
19463	-1646222400	9.7
19463	-1643630400	4.1
19463	-1640952000	2.6
19463	-1638273600	5.7
19463	-1635854400	9.3
19463	-1633176000	14.4
19463	-1630584000	17.1
19463	-1627905600	21.2
19463	-1625313600	25.2
19463	-1622635200	25.6
19463	-1619956800	22.2
19463	-1617364800	17.9
19463	-1614686400	11.7
19463	-1612094400	7.6
19463	-1609416000	5.5
19463	-1606737600	6.8
19463	-1604318400	10.5
19463	-1601640000	14.5
19463	-1599048000	18.2
19463	-1596369600	21.6
19463	-1593777600	24.5
19463	-1591099200	25.8
19463	-1588420800	22.5
19463	-1585828800	17.5
19463	-1583150400	12.9
19463	-1580558400	6.8
19463	-1577880000	4.6
19463	-1575201600	6.1
19463	-1572696000	10
19463	-1570017600	14.8
19463	-1567425600	18.2
19463	-1564747200	21.8
19463	-1562155200	25.7
19463	-1559476800	25.5
19463	-1556798400	23.5
19463	-1554206400	17.8
19463	-1551528000	14.2
19463	-1548936000	8
19463	-1546257600	6.4
19463	-1543579200	6.1
19463	-1541160000	8.3
19463	-1538481600	15.4
19463	-1535889600	18.6
19463	-1533211200	20.1
19463	-1530619200	24.7
19463	-1527940800	26.5
19463	-1525262400	22.7
19463	-1522670400	17.3
19463	-1519992000	10
19463	-1517400000	7.2
19463	-1514721600	3.4
19463	-1512043200	9.6
19463	-1509624000	8.5
19463	-1506945600	14.9
19463	-1504353600	18.9
19463	-1501675200	21.6
19463	-1499083200	25.1
19463	-1496404800	27.3
19463	-1493726400	24.1
19463	-1491134400	17.4
19463	-1488456000	12
19463	-1485864000	5.9
19463	-1483185600	4.3
19463	-1480507200	5.9
19463	-1478088000	11.2
19463	-1475409600	14.7
19463	-1472817600	18.9
19463	-1470139200	21.6
19463	-1467547200	24.9
19463	-1464868800	27.2
19463	-1462190400	23.5
19463	-1459598400	17.5
19463	-1456920000	12.3
19463	-1454328000	7.6
19463	-1451649600	5.4
19463	-1448971200	5.9
19463	-1446465600	6.6
19463	-1443787200	15.2
19463	-1441195200	18
19463	-1438516800	21.1
19463	-1435924800	25.7
19463	-1433246400	25.8
19463	-1430568000	22.4
19463	-1427976000	17.6
19463	-1425297600	10.2
19463	-1422705600	7.1
19463	-1420027200	5.4
19463	-1417348800	4.5
19463	-1414929600	8.4
19463	-1412251200	12.8
19463	-1409659200	18
19463	-1406980800	21.5
19463	-1404388800	24.5
19463	-1401710400	25.6
19463	-1399032000	23.4
19463	-1396440000	17.6
19463	-1393761600	13.1
19463	-1391169600	6.7
19463	-1388491200	4.6
19463	-1385812800	6.3
19463	-1383393600	8.2
19463	-1380715200	13
19463	-1378123200	18.2
19463	-1375444800	20.4
19463	-1372852800	24.8
19463	-1370174400	27.3
19463	-1367496000	24.7
19463	-1364904000	16.5
19463	-1362225600	11.1
19463	-1359633600	6.2
19463	-1356955200	5
19463	-1354276800	4.9
19463	-1351857600	9.4
19463	-1349179200	14.5
19463	-1346587200	17.6
19463	-1343908800	20.9
19463	-1341316800	26.4
19463	-1338638400	25.9
19463	-1335960000	21.8
19463	-1333368000	17.8
19463	-1330689600	13
19463	-1328097600	8.1
19463	-1325419200	5.8
19463	-1322740800	5.5
19463	-1320235200	9.7
19463	-1317556800	14.8
19463	-1314964800	19.3
19463	-1312286400	21.3
19463	-1309694400	25.2
19463	-1307016000	25.7
19463	-1304337600	24.2
19463	-1301745600	17.9
19463	-1299067200	13.1
19463	-1296475200	7.1
19463	-1293796800	4.8
19463	-1291118400	4.8
19463	-1288699200	9.2
19463	-1286020800	12.7
19463	-1283428800	18.4
19463	-1280750400	21.9
19463	-1278158400	25.7
19463	-1275480000	26.4
19463	-1272801600	22.3
19463	-1270209600	17.7
19463	-1267531200	12.2
19463	-1264939200	10.6
19463	-1262260800	5.2
19463	-1259582400	8
19463	-1257163200	11.1
19463	-1254484800	16.1
19463	-1251892800	18.8
19463	-1249214400	22.3
19463	-1246622400	27.4
19463	-1243944000	26.9
19463	-1241265600	22.7
19463	-1238673600	17.8
19463	-1235995200	10.7
19463	-1233403200	7.9
19463	-1230724800	6.1
19463	-1228046400	6.7
19463	-1225627200	9.9
19463	-1222948800	13.8
19463	-1220356800	17.8
19463	-1217678400	21.6
19463	-1215086400	24.2
19463	-1212408000	26.5
19463	-1209729600	23.9
19463	-1207137600	17.1
19463	-1204459200	14
19463	-1201867200	8.8
19463	-1199188800	7.4
19463	-1196510400	5.2
19463	-1194004800	8.2
19463	-1191326400	13
19463	-1188734400	18.1
19463	-1186056000	21.5
19463	-1183464000	26.2
19463	-1180785600	25.9
19463	-1178107200	22.5
19463	-1175515200	16
19463	-1172836800	12.2
19463	-1170244800	8
19463	-1167566400	4.5
19463	-1164888000	5.5
19463	-1162468800	8.5
19463	-1159790400	14.5
19463	-1157198400	19.1
19463	-1154520000	22.9
19463	-1151928000	26.4
19463	-1149249600	26.3
19463	-1146571200	23.5
19463	-1143979200	17.3
19463	-1141300800	12.8
19463	-1138708800	7.8
19463	-1136030400	2.8
19463	-1133352000	5.4
19463	-1130932800	8
19463	-1128254400	13.6
19463	-1125662400	18.4
19463	-1122984000	21.8
19463	-1120392000	26.8
19463	-1117713600	26.6
19463	-1115035200	23
19463	-1112443200	16.9
19463	-1109764800	11.3
19463	-1107172800	9.3
19463	-1104494400	5.8
19463	-1101816000	7
19463	-1099396800	9.7
19463	-1096718400	14.4
19463	-1094126400	18.2
19463	-1091448000	21.4
19463	-1088856000	25
19463	-1086177600	26.4
19463	-1083499200	22.8
19463	-1080907200	17.7
19463	-1078228800	13
19463	-1075636800	7.2
19463	-1072958400	2.8
19463	-1070280000	4.3
19463	-1067774400	6.8
19463	-1065096000	13.7
19463	-1062504000	17.4
19463	-1059825600	21.5
19463	-1057233600	24.7
19463	-1054555200	26
19463	-1051876800	24.2
19463	-1049284800	17.7
19463	-1046606400	12.1
19463	-1044014400	9
19463	-1041336000	6.7
19463	-1038657600	8.3
19463	-1036238400	10.9
19463	-1033560000	15.3
19463	-1030968000	18.2
19463	-1028289600	20.7
19463	-1025697600	25.7
19463	-1023019200	27
19463	-1020340800	23.3
19463	-1017748800	18.3
19463	-1015070400	13.8
19463	-1012478400	6.2
19463	-1009800000	4.7
19463	-1007121600	4.9
19463	-1004702400	11.3
19463	-1002024000	14.4
19463	-999432000	19.4
19463	-996753600	22.6
19463	-994161600	25.9
19463	-991483200	25.5
19463	-988804800	22.7
19463	-986212800	19.3
19463	-983534400	11.3
19463	-980942400	7.4
19463	-978264000	4.5
19463	-975585600	5.9
19463	-973166400	9.4
19463	-970488000	13.7
19463	-967896000	18.1
19463	-965217600	21.1
19463	-962625600	25.3
19463	-959947200	25.6
19463	-957268800	22.9
19463	-954676800	18
19463	-951998400	13.4
19463	-949406400	6.7
19463	-946728000	3.5
19463	-944049600	4.7
19463	-941544000	8.6
19463	-938865600	13
19463	-936273600	17.4
19463	-933595200	20.8
19463	-931003200	26.1
19463	-928324800	25
19463	-925646400	23.7
19463	-923054400	18.6
19463	-920376000	13.5
19463	-917784000	7.8
19463	-915105600	6
19463	-912427200	6.5
19463	-910008000	10
19463	-907329600	13.6
19463	-904737600	18.8
19463	-902059200	22.6
19463	-899467200	24.9
19463	-896788800	25.5
19463	-894110400	22.3
19463	-891518400	17.2
19463	-888840000	14.2
19463	-886248000	9.4
19463	-883569600	4.1
19463	-880891200	5.6
19463	-878472000	12.3
19463	-875793600	13.9
19463	-873201600	17.6
19463	-870523200	21.5
19463	-867931200	26.9
19463	-865252800	26.8
19463	-862574400	23.7
19463	-859982400	16.7
19463	-857304000	10.5
19463	-854712000	6.2
19463	-852033600	3.1
19463	-849355200	4.7
19463	-846936000	9.1
19463	-844257600	12.6
19463	-841665600	18.4
19463	-838987200	21.8
19463	-836395200	24.7
19463	-833716800	25.5
19463	-831038400	24
19463	-828446400	18.1
19463	-825768000	11.9
19463	-823176000	8.1
19463	-820497600	5.2
19463	-817819200	4.9
19463	-815313600	7.3
19463	-812635200	13
19463	-810043200	19.2
19463	-807364800	22
19463	-804772800	25.6
19463	-802094400	26.2
19463	-799416000	22.8
19463	-796824000	18
19463	-794145600	13
19463	-791553600	5.4
19463	-788875200	2.5
19463	-786196800	4.1
19463	-783777600	9.6
19463	-781099200	14.4
19463	-778507200	16.5
19463	-775828800	22.1
19463	-773236800	24.5
19463	-770558400	26.2
19463	-767880000	23.6
19463	-765288000	18.9
19463	-762609600	12.4
19463	-760017600	6.3
19463	-757339200	5.3
19463	-754660800	6.3
19463	-752241600	9.5
19463	-749563200	15
19463	-746971200	18.4
19463	-744292800	22.5
19463	-741700800	26.1
19463	-739022400	25.7
19463	-736344000	23.2
19463	-733752000	18.3
19463	-731073600	14.4
19463	-728481600	6.1
19463	-725803200	6.5
19463	-723124800	3.4
19463	-720705600	7.9
19463	-718027200	13.3
19463	-715435200	17.6
19463	-712756800	20.9
19463	-710164800	25.6
19463	-707486400	26.6
19463	-704808000	24.7
19463	-702216000	16.6
19463	-699537600	11.6
19463	-696945600	6.1
19463	-694267200	5.7
19463	-691588800	7.1
19463	-689083200	9.7
19463	-686404800	15.7
19463	-683812800	18.9
19463	-681134400	21.6
19463	-678542400	25.5
19463	-675864000	26.1
19463	-673185600	23.9
19463	-670593600	19.9
19463	-667915200	13.4
19463	-665323200	11.1
19463	-662644800	5.7
19463	-659966400	8.1
19463	-657547200	8.5
19463	-654868800	13.1
19463	-652276800	18.5
19463	-649598400	21
19463	-647006400	24.7
19463	-644328000	25.9
19463	-641649600	23.4
19463	-639057600	17.2
19463	-636379200	12.8
19463	-633787200	8.4
19463	-631108800	7.6
19463	-628430400	6.8
19463	-626011200	9.2
19463	-623332800	15.6
19463	-620740800	19.4
19463	-618062400	21.8
19463	-615470400	25.3
19463	-612792000	25.9
19463	-610113600	23.4
19463	-607521600	17.8
19463	-604843200	13
19463	-602251200	6.6
19463	-599572800	5.2
19463	-596894400	7.5
19463	-594475200	9.1
19463	-591796800	14.3
19463	-589204800	18.6
19463	-586526400	20.8
19463	-583934400	24.7
19463	-581256000	26.3
19463	-578577600	21.6
19463	-575985600	18.8
19463	-573307200	12.1
19463	-570715200	8.7
19463	-568036800	5.7
19463	-565358400	5.9
19463	-562852800	9.6
19463	-560174400	15
19463	-557582400	19
19463	-554904000	21.7
19463	-552312000	25.2
19463	-549633600	26.5
19463	-546955200	23.9
19463	-544363200	17.3
19463	-541684800	15.4
19463	-539092800	7.8
19463	-536414400	4.7
19463	-533736000	6.7
19463	-531316800	10.8
19463	-528638400	13.7
19463	-526046400	18.3
19463	-523368000	22.2
19463	-520776000	25.8
19463	-518097600	27.2
19463	-515419200	23.9
19463	-512827200	18.5
19463	-510148800	12.9
19463	-507556800	9.5
19463	-504878400	7.5
19463	-502200000	7.9
19463	-499780800	9.9
19463	-497102400	15.9
19463	-494510400	19.1
19463	-491832000	21.2
19463	-489240000	24.5
19463	-486561600	27.2
19463	-483883200	24.3
19463	-481291200	17.5
19463	-478612800	14
19463	-476020800	8.6
19463	-473342400	4.6
19463	-470664000	7.7
19463	-468244800	12
19463	-465566400	15.7
19463	-462974400	19.2
19463	-460296000	23.1
19463	-457704000	26.2
19463	-455025600	26.8
19463	-452347200	24.1
19463	-449755200	18.9
19463	-447076800	11.3
19463	-444484800	8.3
19463	-441806400	5.4
19463	-439128000	5.4
19463	-436622400	11.1
19463	-433944000	15.2
19463	-431352000	18.6
19463	-428673600	23
19463	-426081600	26.8
19463	-423403200	26.5
19463	-420724800	24.1
19463	-418132800	19
19463	-415454400	11.9
19463	-412862400	5
19463	-410184000	7.4
19463	-407505600	5.8
19463	-405086400	8.4
19463	-402408000	15.7
19463	-399816000	18.5
19463	-397137600	21.8
19463	-394545600	26.2
19463	-391867200	27
19463	-389188800	21.9
19463	-386596800	17.7
19463	-383918400	13.6
19463	-381326400	8.3
19463	-378648000	5.7
19463	-375969600	7.8
19463	-373550400	10
19463	-370872000	15.8
19463	-368280000	19
19463	-365601600	23
19463	-363009600	26.8
19463	-360331200	26.7
19463	-357652800	24.9
19463	-355060800	17.8
19463	-352382400	13.8
19463	-349790400	9.8
19463	-347112000	5
19463	-344433600	10.2
19463	-342014400	11.5
19463	-339336000	15.9
19463	-336744000	19.5
19463	-334065600	22.4
19463	-331473600	26.8
19463	-328795200	27.3
19463	-326116800	25.3
19463	-323524800	19
19463	-320846400	14.6
19463	-318254400	9.1
19463	-315576000	5.2
19463	-312897600	7.8
19463	-310392000	11.6
19463	-307713600	14.5
19463	-305121600	19.2
19463	-302443200	22.2
19463	-299851200	27
19463	-297172800	27.2
19463	-294494400	24.5
19463	-291902400	18.8
19463	-289224000	13.9
19463	-286632000	6.9
19463	-283953600	4.3
19463	-281275200	5.3
19463	-278856000	11.3
19463	-276177600	15.5
19463	-273585600	19.4
19463	-270907200	22.6
19463	-268315200	27.2
19463	-265636800	27.6
19463	-262958400	25.7
19463	-260366400	21.1
19463	-257688000	14.1
19463	-255096000	7.9
19463	-252417600	4.2
19463	-249739200	6.7
19463	-247320000	9.3
19463	-244641600	14.3
19463	-242049600	18.5
19463	-239371200	21.8
19463	-236779200	26.2
19463	-234100800	27.6
19463	-231422400	24.4
19463	-228830400	18.3
19463	-226152000	12.6
19463	-223560000	8.3
19463	-220881600	1.8
19463	-218203200	3.9
19463	-215784000	9.8
19463	-213105600	15.8
19463	-210513600	20.6
19463	-207835200	23.9
19463	-205243200	26.8
19463	-202564800	26.9
19463	-199886400	22.8
19463	-197294400	17.8
19463	-194616000	12.6
19463	-192024000	8.2
19463	-189345600	7.6
19463	-186667200	5.8
19463	-184161600	9.7
19463	-181483200	19.2
19463	-178891200	19.9
19463	-176212800	21.8
19463	-173620800	27.2
19463	-170942400	27.8
19463	-168264000	25.3
19463	-165672000	19
19463	-162993600	12.3
19463	-160401600	8.3
19463	-157723200	5.2
19463	-155044800	6.5
19463	-152625600	8.3
19463	-149947200	14
19463	-147355200	19.2
19463	-144676800	22.2
19463	-142084800	26.4
19463	-139406400	27.1
19463	-136728000	22.3
19463	-134136000	17.2
19463	-131457600	14.1
19463	-128865600	7.3
19463	-126187200	4.7
19463	-123508800	8.5
19463	-121089600	11.3
19463	-118411200	15.6
19463	-115819200	18.8
19463	-113140800	22.1
19463	-110548800	26.1
19463	-107870400	27.6
19463	-105192000	24.2
19463	-102600000	18
19463	-99921600	12.5
19463	-97329600	6.6
19463	-94651200	4.7
19463	-91972800	6.5
19463	-89553600	10.8
19463	-86875200	16
19463	-84283200	20.5
19463	-81604800	23.2
19463	-79012800	26.5
19463	-76334400	28.1
19463	-73656000	24.7
19463	-71064000	18
19463	-68385600	13.8
19463	-65793600	5.3
19463	-63115200	4.6
19463	-60436800	3.7
19463	-57931200	10.6
19463	-55252800	15.6
19463	-52660800	19.4
19463	-49982400	22.2
19463	-47390400	25.4
19463	-44712000	27.2
19463	-42033600	23.4
19463	-39441600	17.8
19463	-36763200	12.8
19463	-34171200	10.7
19463	-31492800	7.4
19463	-28814400	8
19463	-26395200	9.4
19463	-23716800	15.5
19463	-21124800	20
19463	-18446400	21.7
19463	-15854400	25.8
19463	-13176000	27.5
19463	-10497600	25
19463	-7905600	18
19463	-5227200	12
19463	-2635200	6.5
19463	43200	4.9
19463	2721600	7.6
19463	5140800	7.6
19463	7819200	15
19463	10411200	18.9
19463	13089600	21.1
19463	15681600	26.3
19463	18360000	27.2
19463	21038400	25.5
19463	23630400	18.9
19463	26308800	12.6
19463	28900800	7.6
19463	31579200	5.7
19463	34257600	6.9
19463	36676800	9.5
19463	39355200	15.9
19463	41947200	18.8
19463	44625600	22.9
19463	47217600	27.5
19463	49896000	27.3
19463	52574400	24.2
19463	55166400	17.5
19463	57844800	13
19463	60436800	8.2
19463	63115200	8.8
19463	65793600	8.1
19463	68299200	10.6
19463	70977600	15
19463	73569600	19.4
19463	76248000	22.2
19463	78840000	26.4
19463	81518400	27
19463	84196800	23.1
19463	86788800	18.2
19463	89467200	12.3
19463	92059200	8.2
19463	94737600	7.6
19463	97416000	8.5
19463	99835200	10
19463	102513600	16.8
19463	105105600	18.7
19463	107784000	21.8
19463	110376000	26.8
19463	113054400	27.2
19463	115732800	22.9
19463	118324800	17.9
19463	121003200	11.5
19463	123595200	5.3
19463	126273600	4.9
19463	128952000	6.3
19463	131371200	9.4
19463	134049600	15.9
19463	136641600	19.7
19463	139320000	22.2
19463	141912000	25.7
19463	144590400	27.2
19463	147268800	23.2
19463	149860800	18.5
19463	152539200	12
19463	155131200	8.7
19463	157809600	5.7
19463	160488000	5.9
19463	162907200	10
19463	165585600	15.7
19463	168177600	18.7
19463	170856000	23.1
19463	173448000	26.9
19463	176126400	26.9
19463	178804800	25.3
19463	181396800	19.5
19463	184075200	13.9
19463	186667200	7.8
19463	189345600	4.9
19463	192024000	9.1
19463	194529600	10.4
19463	197208000	15
19463	199800000	18.8
19463	202478400	22.3
19463	205070400	24.7
19463	207748800	26.7
19463	210427200	22.1
19463	213019200	17.8
19463	215697600	11.9
19463	218289600	6.9
19463	220968000	3.9
19463	223646400	4.8
19463	226065600	10.8
19463	228744000	16.1
19463	231336000	18.8
19463	234014400	22.6
19463	236606400	27.3
19463	239284800	27.2
19463	241963200	24.7
19463	244555200	19.5
19463	247233600	14.5
19463	249825600	9.3
19463	252504000	6.4
19463	255182400	5.4
19463	257601600	9.5
19463	260280000	14.6
19463	262872000	18.9
19463	265550400	22.9
19463	268142400	27.1
19463	270820800	27
19463	273499200	24.9
19463	276091200	18.5
19463	278769600	13.4
19463	281361600	9.2
19463	284040000	7.3
19463	286718400	8.8
19463	289137600	10.2
19463	291816000	15.1
19463	294408000	18.6
19463	297086400	23
19463	299678400	25.4
19463	302356800	27.4
19463	305035200	24.4
19463	307627200	19.5
19463	310305600	13.2
19463	312897600	8.9
19463	315576000	5.8
19463	318254400	5.3
19463	320760000	10.1
19463	323438400	14.8
19463	326030400	19.5
19463	328708800	23.4
19463	331300800	25.4
19463	333979200	25.5
19463	336657600	23.6
19463	339249600	18.4
19463	341928000	13.7
19463	344520000	5.7
19463	347198400	3.3
19463	349876800	6.9
19463	352296000	11.7
19463	354974400	15.9
19463	357566400	18.3
19463	360244800	22.8
19463	362836800	26.8
19463	365515200	26.7
19463	368193600	22.8
19463	370785600	17.8
19463	373464000	11.7
19463	376056000	7.9
19463	378734400	5.2
19463	381412800	6.8
19463	383832000	11.4
19463	386510400	14.3
19463	389102400	19.9
19463	391780800	22.1
19463	394372800	23.9
19463	397051200	26.3
19463	399729600	23
19463	402321600	18.5
19463	4.05e+08	14.9
19463	407592000	8
19463	410270400	6.2
19463	412948800	5.9
19463	415368000	9.9
19463	418046400	16.9
19463	420638400	19.6
19463	423316800	22
19463	425908800	26
19463	428587200	28.3
19463	431265600	24.9
19463	433857600	18.6
19463	436536000	11.7
19463	439128000	6.1
19463	441806400	3.5
19463	444484800	4.5
19463	446990400	7.6
19463	449668800	14.8
19463	452260800	19
19463	454939200	23
19463	457531200	26.7
19463	460209600	27.7
19463	462888000	23.2
19463	465480000	18
19463	468158400	14.3
19463	470750400	8.2
19463	473428800	4.7
19463	476107200	6.9
19463	478526400	11.4
19463	481204800	15.9
19463	483796800	19.9
19463	486475200	22.3
19463	489067200	26.8
19463	491745600	27
19463	494424000	25.4
19463	497016000	19.1
19463	499694400	12.4
19463	502286400	6.4
19463	504964800	3.7
19463	507643200	4.6
19463	510062400	9.8
19463	512740800	15.5
19463	515332800	18.9
19463	518011200	22.6
19463	520603200	26.2
19463	523281600	27
19463	525960000	23.9
19463	528552000	16.5
19463	531230400	12.7
19463	533822400	8.9
19463	536500800	6.1
19463	539179200	7.4
19463	541598400	9.9
19463	544276800	14.5
19463	546868800	19.2
19463	549547200	22.6
19463	552139200	26.1
19463	554817600	27.3
19463	557496000	23.2
19463	560088000	19.9
19463	562766400	14
19463	565358400	8.1
19463	568036800	7.4
19463	570715200	6.2
19463	573220800	9.6
19463	575899200	14.6
19463	578491200	19
19463	581169600	22.8
19463	583761600	26.4
19463	586440000	27
19463	589118400	24.6
19463	591710400	18.6
19463	594388800	11.3
19463	596980800	7.5
19463	599659200	9
19463	602337600	8.9
19463	604756800	10.6
19463	607435200	15.6
19463	610027200	18.7
19463	612705600	22
19463	615297600	25.8
19463	617976000	26.6
19463	620654400	24.3
19463	623246400	18.3
19463	625924800	13.8
19463	628516800	8.6
19463	631195200	6.1
19463	633873600	10.4
19463	636292800	11.5
19463	638971200	15
19463	641563200	19
19463	644241600	23.7
19463	646833600	27.4
19463	649512000	27.9
19463	652190400	25
19463	654782400	19.3
19463	657460800	15
19463	660052800	8.5
19463	662731200	6.4
19463	665409600	6.1
19463	667828800	12.5
19463	670507200	16.9
19463	673099200	18.6
19463	675777600	23.7
19463	678369600	27.3
19463	681048000	27.3
19463	683726400	25.1
19463	686318400	19.3
19463	688996800	13.4
19463	691588800	10.3
19463	694267200	7.3
19463	696945600	6.7
19463	699451200	11.9
19463	702129600	16
19463	704721600	19
19463	707400000	21.3
19463	709992000	25.7
19463	712670400	26.6
19463	715348800	23.9
19463	717940800	18.8
19463	720619200	13.6
19463	723211200	9.1
19463	725889600	7.8
19463	728568000	8
19463	730987200	9.4
19463	733665600	14.8
19463	736257600	18.5
19463	738936000	22.6
19463	741528000	24.9
19463	744206400	26.4
19463	746884800	23.4
19463	749476800	17.7
19463	752155200	14.6
19463	754747200	8.6
19463	757425600	6.3
19463	760104000	7.3
19463	762523200	9.4
19463	765201600	16.4
19463	767793600	20.3
19463	770472000	23.2
19463	773064000	28.7
19463	775742400	27.9
19463	778420800	25.2
19463	781012800	20.1
19463	783691200	15
19463	786283200	9.7
19463	788961600	6.2
19463	791640000	6.9
19463	794059200	10.7
19463	796737600	14.6
19463	799329600	19
19463	802008000	21.7
19463	804600000	27.1
19463	807278400	28.5
19463	809956800	24.2
19463	812548800	19.6
19463	815227200	11.7
19463	817819200	6.9
19463	820497600	6.3
19463	823176000	6
19463	825681600	9.9
19463	828360000	12.8
19463	830952000	19.3
19463	833630400	23
19463	836222400	26.8
19463	838900800	27.4
19463	841579200	23.7
19463	844171200	18.8
19463	846849600	14.2
19463	849441600	8
19463	852120000	5.6
19463	854798400	7.2
19463	857217600	11.9
19463	859896000	15.7
19463	862488000	19.9
19463	865166400	23.1
19463	867758400	26.2
19463	870436800	27.1
19463	873115200	23.9
19463	875707200	18.2
19463	878385600	14.8
19464	-1514721600	6.3
19464	-1512043200	11.9
19464	-1509624000	11.3
19464	-1506945600	17
19464	-1504353600	20.2
19464	-1501675200	22.6
19464	-1499083200	25.6
19464	-1496404800	27.8
19464	-1493726400	25.4
19464	-1491134400	20.3
19464	-1488456000	15.2
19464	-1485864000	9.2
19464	-1483185600	7.5
19464	-1480507200	7.7
19464	-1478088000	13.6
19464	-1475409600	16
19464	-1472817600	19.7
19464	-1470139200	22.2
19464	-1467547200	25.2
19464	-1464868800	27.4
19464	-1462190400	24.3
19464	-1459598400	19.7
19464	-1456920000	15.3
19464	-1454328000	10.5
19464	-1451649600	8.4
19464	-1448971200	8.1
19464	-1446465600	8.6
19464	-1443787200	16.3
19464	-1441195200	18.7
19464	-1438516800	21.4
19464	-1435924800	25.9
19464	-1433246400	26.3
19464	-1430568000	24.2
19464	-1427976000	19.9
19464	-1425297600	13.6
19464	-1422705600	10.3
19464	-1420027200	7.9
19464	-1417348800	7
19464	-1414929600	10.5
19464	-1412251200	14.3
19464	-1409659200	18.9
19464	-1406980800	21.8
19464	-1404388800	24.9
19464	-1401710400	26.2
19464	-1399032000	24.7
19464	-1396440000	19.9
19464	-1393761600	16.2
19464	-1391169600	10.1
19464	-1388491200	7.8
19464	-1385812800	8.6
19464	-1383393600	10.4
19464	-1380715200	14.4
19464	-1378123200	19.2
19464	-1375444800	21.2
19464	-1372852800	25.2
19464	-1370174400	27.7
19464	-1367496000	25.8
19464	-1364904000	18.8
19464	-1362225600	14.6
19464	-1359633600	8.8
19464	-1356955200	7.6
19464	-1354276800	7.3
19464	-1351857600	11.5
19464	-1349179200	15.7
19464	-1346587200	18.6
19464	-1343908800	21.4
19464	-1341316800	26.6
19464	-1338638400	26.5
19464	-1335960000	23.1
19464	-1333368000	19.6
19464	-1330689600	16
19464	-1328097600	11.3
19464	-1325419200	8.7
19464	-1322740800	7.8
19464	-1320235200	11.5
19464	-1317556800	16.3
19464	-1314964800	20
19464	-1312286400	21.7
19464	-1309694400	25.5
19464	-1307016000	26
19464	-1304337600	25.2
19464	-1301745600	19.9
19464	-1299067200	16.1
19464	-1296475200	10.3
19464	-1293796800	7.3
19464	-1291118400	6.5
19464	-1288699200	10.9
19464	-1286020800	15.1
19464	-1283428800	18.9
19464	-1280750400	22.2
19464	-1278158400	25.8
19464	-1275480000	26.6
19464	-1272801600	23.3
19464	-1270209600	19.5
19464	-1267531200	14.3
19464	-1264939200	12.9
19464	-1262260800	7.4
19464	-1259582400	10.1
19464	-1257163200	12.5
19464	-1254484800	17.2
19464	-1251892800	19.6
19464	-1249214400	22.7
19464	-1246622400	27
19465	336657600	21
19465	339249600	16.6
19465	341928000	12.3
19465	344520000	6.3
19465	347198400	3.4
19465	349876800	4.6
19465	352296000	8.8
19465	354974400	12.6
19465	357566400	16.6
19465	360244800	20.8
19465	362836800	26.5
19465	365515200	25.8
19465	368193600	21.1
19465	370785600	16.7
19465	373464000	11.3
19465	376056000	8.1
19465	378734400	5.3
19465	381412800	5.6
19465	383832000	9.1
19465	386510400	12.4
19465	389102400	18.3
19465	391780800	20.4
19465	394372800	23.1
19465	397051200	25.6
19465	399729600	20.8
19465	402321600	17
19465	4.05e+08	13.7
19465	407592000	8.9
19465	410270400	6.4
19465	412948800	4.9
19465	415368000	8.2
19465	418046400	14.9
19465	420638400	17.2
19465	423316800	20.2
19465	425908800	24.4
19465	428587200	26.5
19465	431265600	23
19465	433857600	16.8
19465	436536000	11.6
19465	439128000	7.2
19465	441806400	3.8
19465	444484800	3
19465	446990400	6.2
19465	449668800	12.1
19465	452260800	16
19465	454939200	22.2
19465	457531200	26.1
19465	460209600	27.3
19465	462888000	22.4
19465	465480000	17
19465	468158400	13
19465	470750400	7.6
19465	473428800	4.5
19465	476107200	6.1
19465	478526400	8.4
19465	481204800	12.7
19465	483796800	17.4
19465	486475200	20.1
19465	489067200	25.8
19465	491745600	27.9
19465	494424000	23.5
19465	497016000	17.8
19465	499694400	12.3
19465	502286400	6.4
19465	504964800	4
19465	507643200	3.8
19465	510062400	7.3
19465	512740800	13.1
19465	515332800	17
19465	518011200	20.5
19465	520603200	23.4
19465	523281600	26.5
19465	525960000	22
19465	528552000	15.6
19465	531230400	12.2
19465	533822400	9.5
19465	536500800	7
19465	539179200	7.1
19465	541598400	8.3
19465	544276800	12.3
19465	546868800	16.8
19465	549547200	20.8
19465	552139200	25.3
19465	554817600	25.9
19465	557496000	21.2
19465	560088000	17.8
19465	562766400	13
19465	565358400	9.3
19465	568036800	7.2
19465	570715200	5.2
19465	573220800	7.7
19465	575899200	12.8
19465	578491200	16.9
19465	581169600	20.9
19465	583761600	24.2
19465	586440000	25.6
19465	589118400	22.2
19465	591710400	16.7
19465	594388800	11.5
19465	596980800	8.6
19465	599659200	7.5
19465	602337600	7.1
19465	604756800	8.7
19465	607435200	14
19465	610027200	17
19465	612705600	20
19465	615297600	24.6
19465	617976000	25.4
19465	620654400	22.6
19465	623246400	16.7
19465	625924800	12.9
19465	628516800	9.2
19465	631195200	5.4
19465	633873600	8.1
19465	636292800	9.6
19465	638971200	13.4
19465	641563200	17.4
19465	644241600	22.1
19465	646833600	26.5
19465	649512000	27.6
19465	652190400	23.4
19465	654782400	17.1
19465	657460800	14.6
19465	660052800	9.4
19465	662731200	6
19465	665409600	5.5
19465	667828800	8.6
19465	670507200	13
19465	673099200	17.1
19465	675777600	22
19465	678369600	25.6
19465	681048000	24.9
19465	683726400	22.6
19465	686318400	17
19465	688996800	12.2
19465	691588800	9.5
19465	694267200	7.5
19465	696945600	5.5
19465	699451200	8.9
19465	702129600	13.9
19465	704721600	16.8
19465	707400000	19.9
19465	709992000	25
19465	712670400	25.8
19465	715348800	22.6
19465	717940800	17.1
19465	720619200	12.3
19465	723211200	9.4
19465	725889600	6.8
19465	728568000	7.6
19465	730987200	7.3
19465	733665600	12.7
19465	736257600	16.5
19465	738936000	20.8
19465	741528000	22.9
19465	744206400	23
19465	746884800	21
19465	749476800	16.2
19465	752155200	13.2
19465	754747200	8.4
19465	757425600	6.2
19465	760104000	5.6
19465	762523200	7.2
19465	765201600	14.3
19465	767793600	18.4
19465	770472000	20.2
19465	773064000	27.4
19465	775742400	28.2
19465	778420800	23
19465	781012800	17.9
19465	783691200	14.1
19465	786283200	9.6
19465	788961600	6.3
19465	791640000	5.8
19465	794059200	9.2
19465	796737600	13
19465	799329600	16.4
19465	802008000	19.5
19465	804600000	25.4
19465	807278400	27.7
19465	809956800	21.3
19465	812548800	17.3
19465	815227200	11.5
19465	817819200	7.1
19465	820497600	6.2
19465	823176000	5
19465	825681600	8
19465	828360000	10.7
19465	830952000	17
19465	833630400	21.8
19465	836222400	25
19465	838900800	26.2
19465	841579200	21.6
19465	844171200	16.9
19465	846849600	12.8
19465	849441600	8.6
19465	852120000	5.7
19465	854798400	5.7
19465	857217600	9.3
19465	859896000	13.1
19465	862488000	17.9
19465	865166400	21.5
19465	867758400	24.5
19465	870436800	26.4
19465	873115200	21.6
19465	875707200	17.1
19465	878385600	13.5
19465	880977600	8.8
19465	883656000	6
19465	886334400	7.8
19465	888753600	9.6
19465	891432000	15.5
19465	894024000	19.1
19465	896702400	21.1
19465	899294400	25.6
19465	901972800	27.2
19465	904651200	23.6
19465	907243200	19
19465	909921600	13.7
19465	912513600	10.1
19465	915192000	6.9
19465	917870400	6.5
19465	920289600	9.6
19465	922968000	13.3
19465	925560000	18
19465	928238400	21.3
19465	930830400	24.1
19465	933508800	26.6
19465	936187200	24.8
19465	938779200	18
19465	941457600	12.8
19465	944049600	8.7
19465	946728000	6.6
19465	949406400	5.2
19465	951912000	9
19465	954590400	13.2
19465	957182400	17.6
19465	959860800	21.1
19465	962452800	26.7
19465	965131200	27.2
19465	967809600	22.9
19465	970401600	17.5
19465	973080000	12.9
19465	975672000	9
19465	978350400	5.1
19465	981028800	6.4
19465	983448000	9.1
19465	986126400	13.9
19465	988718400	18.5
19465	991396800	21.7
19465	993988800	26.1
19465	996667200	26.7
19465	999345600	21.9
19465	1001937600	17.8
19465	1004616000	12.5
19465	1007208000	7.9
19465	1009886400	7.3
19465	1012564800	7.3
19465	1014984000	10.9
19465	1017662400	15.3
19465	1020254400	17.3
19465	1022932800	21.7
19465	1025524800	26.5
19465	1028203200	26.8
19465	1030881600	22.5
19465	1033473600	17.4
19465	1036152000	10.8
19465	1038744000	8.3
19465	1041422400	5.5
19465	1044100800	6.4
19465	1046520000	7.8
19465	1049198400	13.9
19465	1051790400	17.7
19465	1054468800	21.7
19465	1057060800	23.1
19465	1059739200	25.4
19465	1062417600	23.5
19465	1065009600	17.1
19465	1067688000	14.8
19465	1070280000	9.4
19465	1072958400	5.8
19465	1075636800	8.1
19465	1078142400	9
19465	1080820800	14.4
19465	1083412800	18.8
19465	1086091200	21.9
19465	1088683200	27.2
19465	1091361600	26.7
19465	1094040000	23.4
19465	1096632000	17.2
19465	1099310400	14.3
19465	1101902400	9.3
19465	1104580800	5.7
19465	1107259200	5.4
19465	1109678400	8.5
19465	1112356800	14.9
19465	1114948800	17
19465	1117627200	22.6
19465	1120219200	25.5
19465	1122897600	27
19465	1125576000	23.8
19465	1128168000	18.2
19465	1130846400	13.1
19465	1133438400	5.7
19465	1136116800	5.8
19465	1138795200	6.4
19465	1141214400	8.2
19465	1143892800	12.8
19465	1146484800	17.4
19465	1149163200	21.2
19465	1151755200	25
19465	1154433600	27.7
19465	1157112000	21.4
19465	1159704000	18.4
19465	1162382400	13.6
19465	1164974400	8.5
19465	1167652800	6.9
19465	1170331200	8.3
19465	1172750400	9.6
19465	1175428800	13.2
19465	1178020800	18.5
19465	1180699200	21.7
19465	1183291200	23.8
19465	1185969600	27.8
19465	1188648000	24.9
19465	1191240000	18.6
19466	2721600	6.5
19466	5140800	6
19466	7819200	12.9
19466	10411200	18.1
19466	13089600	20.4
19466	15681600	26
19466	18360000	27.5
19466	21038400	25.1
19466	23630400	18.3
19466	26308800	11.8
19466	28900800	7
19466	31579200	5
19466	34257600	5.3
19466	36676800	7.4
19466	39355200	13.7
19466	41947200	17.5
19466	44625600	21.8
19466	47217600	26.9
19466	49896000	26.9
19467	410270400	5.1
19467	412948800	4.5
19467	415368000	8.2
19467	418046400	15.2
19467	420638400	18.7
19467	423316800	21.7
19467	425908800	25
19467	428587200	28.1
19467	431265600	23.6
19467	433857600	16.9
19467	436536000	10.9
19467	439128000	5.8
19467	441806400	2.8
19467	444484800	2.4
19467	446990400	5.9
19467	449668800	13.1
19467	452260800	18
19467	454939200	22.5
19467	457531200	26.7
19467	460209600	28
19467	462888000	22.7
19467	465480000	16.8
19467	468158400	12.4
19467	470750400	6.8
19467	473428800	3.7
19467	476107200	5.6
19467	478526400	9
19467	481204800	13.8
19467	483796800	18.8
19467	486475200	21
19467	489067200	26.2
19467	491745600	28.1
19467	494424000	24.2
19467	497016000	17.9
19467	499694400	11.6
19467	502286400	5.2
19467	504964800	3
19467	507643200	3.1
19467	510062400	7.8
19467	512740800	13.7
19467	515332800	17.6
19467	518011200	22
19467	520603200	24.9
19467	523281600	27.1
19467	525960000	22.8
19467	528552000	15.7
19467	531230400	11.5
19467	533822400	7.9
19467	536500800	5.4
19467	539179200	6.1
19467	541598400	8.2
19467	544276800	13
19467	546868800	18.2
19467	549547200	22.4
19467	552139200	25.4
19467	554817600	26.5
19467	557496000	22.4
19467	560088000	18.7
19467	562766400	12.6
19467	565358400	7.5
19467	568036800	6
19467	570715200	5
19467	573220800	8.1
19467	575899200	13.6
19467	578491200	18.3
19467	581169600	22.8
19467	583761600	26.8
19467	586440000	27.4
19467	589118400	24.2
19467	591710400	17.5
19467	594388800	10.3
19467	596980800	6.5
19467	599659200	7.4
19467	602337600	7.1
19467	604756800	9
19467	607435200	15.3
19467	610027200	18.5
19467	612705600	22.1
19467	615297600	26.8
19467	617976000	27.4
19467	620654400	24.1
19467	623246400	17.2
19467	625924800	13
19467	628516800	8
19467	631195200	4.8
19467	633873600	8.6
19467	636292800	10.3
19467	638971200	14.4
19467	641563200	19.1
19467	644241600	24
19467	646833600	28.1
19467	649512000	29.2
19467	652190400	24.9
19467	654782400	18.2
19467	657460800	14.2
19467	660052800	7.9
19467	662731200	5.6
19467	665409600	5
19467	667828800	10.2
19467	670507200	15.2
19467	673099200	18.3
19467	675777600	23.6
19467	678369600	26.9
19467	681048000	27.7
19467	683726400	25.2
19467	686318400	18.4
19467	688996800	12.2
19467	691588800	8.9
19467	694267200	6.5
19467	696945600	6.2
19467	699451200	10.1
19467	702129600	15.3
19467	704721600	18.2
19467	707400000	22.2
19467	709992000	26.4
19467	712670400	27.7
19467	715348800	24.1
19467	717940800	18.2
19467	720619200	12.3
19467	723211200	8.2
19467	725889600	6.5
19467	728568000	6.8
19467	730987200	8.4
19467	733665600	14.2
19467	736257600	18.5
19467	738936000	22.4
19467	741528000	25.2
19467	744206400	25.7
19467	746884800	22.9
19467	749476800	16.9
19467	752155200	13.2
19467	754747200	7.8
19467	757425600	5.5
19467	760104000	6
19467	762523200	7.9
19467	765201600	15.9
19467	767793600	20
19467	770472000	23.2
19467	773064000	30.1
19467	775742400	29.8
19467	778420800	25.4
19467	781012800	19.4
19467	783691200	14
19467	786283200	8.7
19467	788961600	5.2
19467	791640000	6
19467	794059200	9.6
19467	796737600	13.9
19467	799329600	18.5
19467	802008000	21.7
19467	804600000	27.2
19467	807278400	29.7
19467	809956800	23.3
19467	812548800	18.7
19467	815227200	10.7
19467	817819200	6.4
19467	820497600	5.4
19467	823176000	4.5
19467	825681600	8.4
19467	828360000	11.8
19467	830952000	19.5
19467	833630400	23.2
19467	836222400	27.6
19467	838900800	28.2
19467	841579200	23.7
19467	844171200	18
19467	846849600	13.1
19467	849441600	7.1
19467	852120000	5.3
19467	854798400	5.7
19467	857217600	10.4
19467	859896000	14.8
19467	862488000	19.6
19467	865166400	23.7
19467	867758400	26.3
19467	870436800	28
19467	873115200	23.6
19467	875707200	17.6
19467	878385600	13.7
19468	1191240000	20.9
19468	1193918400	14.7
19468	1196510400	9.4
19468	1199188800	7.1
19468	1201867200	6.2
19468	1204372800	11.7
19468	1207051200	16.1
19468	1209643200	20
19468	1212321600	22.9
19468	1214913600	27.9
19468	1217592000	27.9
19468	1220270400	25.3
19468	1222862400	19.8
19468	1225540800	13.4
19468	1228132800	9.3
19468	1230811200	6.8
19468	1233489600	10.1
19468	1235908800	11.4
19468	1238587200	15.9
19468	1241179200	20.4
19468	1243857600	23.3
19468	1246449600	26.5
19468	1249128000	27.6
19468	1251806400	25
19468	1254398400	19.4
19468	1257076800	14.7
19468	1259668800	9.1
19468	1262347200	6.5
19468	1265025600	9.8
19468	1267444800	11.4
19468	1270123200	14.8
19468	1272715200	19.4
19468	1275393600	23.3
19468	1277985600	27
19468	1280664000	29.1
19468	1283342400	26.4
19468	1285934400	20.7
19468	1288612800	13.5
19468	1291204800	8.7
19468	1293883200	4.3
19468	1296561600	8.9
19468	1298980800	9.3
19468	1301659200	14.9
19468	1304251200	19.9
19468	1306929600	23.6
19468	1309521600	27
19468	1312200000	28.2
19468	1314878400	25.4
19468	1317470400	20.1
19468	1320148800	16
19468	1322740800	8.3
19468	1325419200	6.3
19468	1328097600	6.6
19468	1330603200	11.1
19468	1333281600	15.8
19468	1335873600	20.2
19468	1338552000	22.9
19468	1341144000	27.2
19468	1343822400	27.8
19468	1346500800	24.8
19468	1349092800	19.8
19468	1351771200	12.4
19468	1354363200	7.1
19468	1357041600	5.8
19468	1359720000	7.8
19468	1362139200	12.7
19469	-938865600	14.9
19469	-936273600	18.8
19469	-933595200	22.2
19469	-931003200	26.9
19469	-928324800	25.9
19469	-925646400	24.4
19469	-923054400	21
19469	-920376000	16.7
19469	-917784000	11.4
19469	-915105600	9.2
19469	-912427200	9.1
19469	-910008000	12.5
19469	-907329600	15.6
19469	-904737600	20
19469	-902059200	22.9
19469	-899467200	25
19469	-896788800	26.4
19469	-894110400	24
19469	-891518400	19.5
19469	-888840000	17
19469	-886248000	12.5
19469	-883569600	7
19469	-880891200	7.5
19469	-878472000	14.5
19469	-875793600	15.9
19469	-873201600	18.8
19469	-870523200	21.9
19469	-867931200	27.9
19469	-865252800	28.2
19469	-862574400	25.3
19469	-859982400	19.5
19469	-857304000	14.2
19469	-854712000	9.5
19469	-852033600	5.8
19469	-849355200	7.9
19469	-846936000	11.5
19469	-844257600	14.8
19469	-841665600	19.8
19469	-838987200	22.4
19469	-836395200	25.1
19469	-833716800	26.6
19469	-831038400	25.1
19469	-828446400	20.6
19469	-825768000	15.3
19469	-823176000	11.6
19469	-820497600	8.1
19469	-817819200	7.5
19469	-815313600	10
19469	-812635200	14.9
19469	-810043200	19.7
19469	-807364800	22.8
19469	-804772800	26.4
19469	-802094400	27
19469	-799416000	24.5
19469	-796824000	20.3
19469	-794145600	16.3
19469	-791553600	8
19469	-788875200	5.2
19469	-786196800	6.6
19469	-783777600	11.4
19469	-781099200	16.6
19469	-778507200	17.8
19469	-775828800	22.3
19469	-773236800	25.4
19469	-770558400	27.1
19469	-767880000	25.3
19469	-765288000	20.8
19469	-762609600	15.7
19469	-760017600	9.6
19469	-757339200	8.8
19469	-754660800	9.1
19469	-752241600	11.8
19469	-749563200	16.8
19469	-746971200	19.7
19469	-744292800	23.3
19469	-741700800	26.4
19469	-739022400	26.7
19469	-736344000	24.9
19469	-733752000	20.5
19469	-731073600	17.2
19469	-728481600	9.4
19469	-725803200	9
19469	-723124800	5.6
19469	-720705600	10.1
19469	-718027200	15.4
19469	-715435200	18.5
19469	-712756800	21.4
19469	-710164800	26.4
19469	-707486400	27.6
19469	-704808000	25.7
19469	-702216000	18.7
19469	-699537600	15
19469	-696945600	9.1
19469	-694267200	8.4
19469	-691588800	9.6
19469	-689083200	12
19469	-686404800	17
19469	-683812800	19.8
19469	-681134400	21.9
19469	-678542400	25.9
19469	-675864000	26.8
19469	-673185600	25.7
19469	-670593600	21.4
19469	-667915200	16
19469	-665323200	14.2
19469	-662644800	8.9
19469	-659966400	10.2
19469	-657547200	10.7
19469	-654868800	14.7
19469	-652276800	19.7
19469	-649598400	21.5
19469	-647006400	24.7
19469	-644328000	26.6
19469	-641649600	24.9
19469	-639057600	19.4
19469	-636379200	15.6
19469	-633787200	11.5
19469	-631108800	10.3
19469	-628430400	9.2
19469	-626011200	11.4
19469	-623332800	17.1
19469	-620740800	20.3
19469	-618062400	22.5
19469	-615470400	25.6
19469	-612792000	26.4
19469	-610113600	24.6
19469	-607521600	20
19469	-604843200	16.1
19469	-602251200	9.3
19469	-599572800	8.3
19469	-596894400	10.1
19469	-594475200	10.9
19469	-591796800	15.9
19469	-589204800	20.1
19469	-586526400	22
19469	-583934400	24.9
19469	-581256000	27.5
19469	-578577600	23.3
19469	-575985600	21.1
19469	-573307200	15.2
19469	-570715200	12.4
19469	-568036800	8.4
19469	-565358400	8
19469	-562852800	11.5
19469	-560174400	16.8
19469	-557582400	20.5
19469	-554904000	22.3
19469	-552312000	25.9
19469	-549633600	27.8
19469	-546955200	25.4
19469	-544363200	20
19469	-541684800	18.3
19469	-539092800	10.7
19469	-536414400	7.5
19469	-533736000	9
19469	-531316800	12.4
19469	-528638400	15.4
19469	-526046400	19.3
19469	-523368000	21.9
19469	-520776000	25.9
19469	-518097600	27.8
19469	-515419200	25.3
19469	-512827200	21.1
19469	-510148800	15.4
19469	-507556800	12.8
19469	-504878400	10.4
19469	-502200000	10.6
19469	-499780800	10.9
19469	-497102400	16.9
19469	-494510400	19.7
19469	-491832000	21.7
19469	-489240000	24.8
19469	-486561600	27.5
19469	-483883200	25.4
19469	-481291200	19.7
19469	-478612800	17.4
19469	-476020800	11.5
19469	-473342400	7.2
19469	-470664000	10.3
19469	-468244800	13.5
19469	-465566400	17.1
19469	-462974400	20.1
19469	-460296000	23.1
19469	-457704000	26.4
19469	-455025600	27.4
19469	-452347200	25.5
19469	-449755200	20
19469	-447076800	14.6
19469	-444484800	11.9
19469	-441806400	8.4
19469	-439128000	7.6
19469	-436622400	12.5
19469	-433944000	16.8
19469	-431352000	19.2
19469	-428673600	23.6
19469	-426081600	27.1
19469	-423403200	27.8
19469	-420724800	25
19469	-418132800	20.9
19469	-415454400	14.7
19469	-412862400	8.2
19469	-410184000	10.3
19469	-407505600	7.5
19469	-405086400	10.1
19469	-402408000	16.8
19469	-399816000	19.5
19469	-397137600	22.1
19469	-394545600	26.1
19469	-391867200	27.1
19469	-389188800	22.9
19469	-386596800	19.6
19469	-383918400	16.4
19469	-381326400	11.4
19469	-378648000	8.4
19469	-375969600	10.3
19469	-373550400	12.1
19469	-370872000	16.8
19469	-368280000	19.5
19469	-365601600	23.2
19469	-363009600	26.8
19469	-360331200	27.7
19469	-357652800	25.8
19469	-355060800	19.8
19469	-352382400	16.5
19469	-349790400	12.8
19469	-347112000	7.6
19469	-344433600	12.5
19469	-342014400	13.2
19469	-339336000	16.8
19469	-336744000	20.1
19469	-334065600	22.8
19469	-331473600	26.8
19469	-328795200	27.4
19469	-326116800	26.1
19469	-323524800	20.6
19469	-320846400	17.4
19469	-318254400	12.2
19469	-315576000	8.1
19469	-312897600	11
19469	-310392000	13.8
19469	-307713600	16
19469	-305121600	20
19469	-302443200	22.9
19469	-299851200	27.4
19469	-297172800	27.6
19469	-294494400	25.8
19469	-291902400	20.6
19469	-289224000	16.7
19469	-286632000	10
19469	-283953600	6.9
19469	-281275200	7.7
19469	-278856000	13.3
19469	-276177600	16.9
19469	-273585600	20.1
19469	-270907200	23
19469	-268315200	27.4
19469	-265636800	28
19469	-262958400	26.6
19469	-260366400	22.8
19469	-257688000	17.1
19469	-255096000	11.1
19469	-252417600	7
19469	-249739200	9.5
19469	-247320000	11.5
19469	-244641600	15.8
19469	-242049600	19.5
19469	-239371200	22.2
19469	-236779200	26.1
19469	-234100800	27.2
19469	-231422400	25.3
19469	-228830400	20.1
19469	-226152000	15.7
19469	-223560000	11.7
19469	-220881600	4.9
19469	-218203200	6
19469	-215784000	11.8
19469	-213105600	16.7
19469	-210513600	21
19469	-207835200	24
19469	-205243200	27
19469	-202564800	26.8
19469	-199886400	24.4
19469	-197294400	19.9
19469	-194616000	15.8
19469	-192024000	11.8
19469	-189345600	10.2
19469	-186667200	8.1
19469	-184161600	12
19469	-181483200	19.8
19469	-178891200	20.6
19469	-176212800	22.2
19469	-173620800	26.8
19469	-170942400	27.8
19469	-168264000	26.2
19469	-165672000	21.2
19469	-162993600	15.6
19469	-160401600	11.4
19469	-157723200	8.2
19469	-155044800	8.7
19469	-152625600	10.3
19469	-149947200	15.3
19469	-147355200	20.1
19469	-144676800	22.3
19469	-142084800	26.3
19469	-139406400	27.2
19469	-136728000	23.5
19469	-134136000	19.7
19469	-131457600	17.2
19469	-128865600	10.2
19469	-126187200	8
19469	-123508800	11.1
19469	-121089600	13.5
19469	-118411200	16.5
19469	-115819200	19.8
19469	-113140800	22.4
19469	-110548800	26
19469	-107870400	27.7
19469	-105192000	25.1
19469	-102600000	20.1
19469	-99921600	15.5
19469	-97329600	9.7
19469	-94651200	7.4
19469	-91972800	8.5
19469	-89553600	12.8
19469	-86875200	16.8
19469	-84283200	21.1
19469	-81604800	23.7
19469	-79012800	26.7
19469	-76334400	28.3
19469	-73656000	25.5
19469	-71064000	20
19469	-68385600	16.8
19469	-65793600	8
19469	-63115200	7.7
19469	-60436800	5.5
19469	-57931200	12.2
19469	-55252800	16.5
19469	-52660800	19.7
19469	-49982400	22.1
19469	-47390400	25
19469	-44712000	27.3
19469	-42033600	24.4
19469	-39441600	20
19469	-36763200	16.1
19469	-34171200	13.3
19469	-31492800	10
19469	-28814400	9.9
19469	-26395200	10.9
19469	-23716800	16.4
19469	-21124800	20.7
19469	-18446400	22.2
19469	-15854400	25.4
19469	-13176000	27.5
19469	-10497600	25.5
19469	-7905600	19.9
19469	-5227200	14.9
19469	-2635200	9.4
19469	43200	7.2
19469	2721600	10
19469	5140800	9
19469	7819200	15.8
19469	10411200	19.6
19469	13089600	21.5
19469	15681600	25.9
19469	18360000	27.2
19469	21038400	26.2
19469	23630400	21.1
19469	26308800	15.4
19469	28900800	10.8
19469	31579200	8
19469	34257600	9
19469	36676800	10.9
19469	39355200	16.9
19469	41947200	19.2
19469	44625600	22.1
19469	47217600	26.4
19469	49896000	26.4
19469	52574400	24.2
19469	55166400	18.9
19469	57844800	15.4
19469	60436800	11.1
19469	63115200	11.2
19469	65793600	9.4
19469	68299200	11.9
19469	70977600	15.5
19469	73569600	19.3
19469	76248000	21.9
19469	78840000	25.4
19469	81518400	26.3
19469	84196800	23.5
19469	86788800	19.3
19469	89467200	14.8
19469	92059200	10.3
19469	94737600	9.8
19469	97416000	10.3
19469	99835200	11.3
19469	102513600	17.5
19469	105105600	19.4
19469	107784000	21.7
19469	110376000	26.2
19469	113054400	27.1
19469	115732800	24.4
19469	118324800	20.4
19469	121003200	14.8
19469	123595200	8.5
19469	126273600	7.2
19469	128952000	8.8
19469	131371200	11.3
19469	134049600	17.3
19469	136641600	20.6
19469	139320000	22.7
19469	141912000	26.2
19469	144590400	27.5
19469	147268800	24.6
19469	149860800	21.1
19469	152539200	15.2
19469	155131200	11.6
19469	157809600	8.1
19469	160488000	7.8
19469	162907200	11.7
19469	165585600	16.4
19469	168177600	19.3
19469	170856000	22.8
19469	173448000	26.1
19469	176126400	26.4
19469	178804800	25.8
19469	181396800	21.3
19469	184075200	16.1
19469	186667200	10.2
19469	189345600	7.5
19469	192024000	11.2
19469	194529600	11.9
19469	197208000	16.2
19469	199800000	19.4
19469	202478400	22.1
19469	205070400	24.7
19469	207748800	26.8
19469	210427200	23.3
19469	213019200	19.5
19469	215697600	14.1
19469	218289600	10.1
19469	220968000	5.6
19469	223646400	6.7
19469	226065600	12.7
19469	228744000	16.9
19469	231336000	19.4
19469	234014400	22.7
19469	236606400	26.7
19469	239284800	26.9
19469	241963200	25.3
19469	244555200	22
19469	247233600	16.6
19469	249825600	12.3
19469	252504000	8.8
19469	255182400	7.8
19469	257601600	11.3
19469	260280000	15.2
19469	262872000	19.2
19469	265550400	22.9
19469	268142400	26.8
19469	270820800	27.2
19469	273499200	25.8
19469	276091200	20.2
19469	278769600	15.9
19469	281361600	12.3
19469	284040000	10.2
19469	286718400	10.5
19469	289137600	11.7
19469	291816000	15.8
19469	294408000	18.9
19469	297086400	22.7
19469	299678400	24.9
19469	302356800	27.4
19469	305035200	25.1
19469	307627200	21.1
19469	310305600	15.4
19469	312897600	12
19469	315576000	8.5
19469	318254400	7.1
19469	320760000	12.1
19469	323438400	15.9
19469	326030400	20.2
19469	328708800	23.4
19469	331300800	25.8
19469	333979200	26.4
19469	336657600	24.7
19469	339249600	20.4
19469	341928000	16.6
19469	344520000	8.3
19469	347198400	6.1
19469	349876800	8.8
19469	352296000	12.4
19469	354974400	16.4
19469	357566400	19
19469	360244800	23.1
19469	362836800	27.2
19469	365515200	27.3
19469	368193600	24.4
19469	370785600	20.2
19469	373464000	14.5
19469	376056000	10.7
19469	378734400	8.1
19469	381412800	8.7
19469	383832000	13.5
19469	386510400	15.8
19469	389102400	20.7
19469	391780800	22
19469	394372800	24.1
19469	397051200	26.2
19469	399729600	23.8
19469	402321600	20.4
19469	4.05e+08	17.1
19469	407592000	10.6
19469	410270400	8.7
19469	412948800	8.4
19469	415368000	11.8
19469	418046400	17.7
19469	420638400	19.9
19469	423316800	22.3
19469	425908800	25.8
19469	428587200	28
19469	431265600	25.8
19469	433857600	20.8
19469	436536000	14.6
19469	439128000	9.3
19469	441806400	5.7
19469	444484800	6.3
19469	446990400	9.5
19469	449668800	16.2
19469	452260800	19.2
19469	454939200	23
19469	457531200	26.8
19469	460209600	27.5
19469	462888000	23.7
19469	465480000	19.5
19469	468158400	17.2
19469	470750400	10.7
19469	473428800	6.9
19469	476107200	9.4
19469	478526400	13
19469	481204800	17
19469	483796800	20.4
19469	486475200	22.5
19469	489067200	26.4
19469	491745600	27
19469	494424000	26
19469	497016000	21
19469	499694400	14.9
19469	502286400	9.4
19469	504964800	6.4
19469	507643200	6.3
19469	510062400	11.6
19469	512740800	16.5
19469	515332800	19.7
19469	518011200	22.8
19469	520603200	26.1
19469	523281600	27.2
19469	525960000	25.1
19469	528552000	18.8
19469	531230400	15.4
19469	533822400	12.4
19469	536500800	9.2
19469	539179200	9.7
19469	541598400	11.9
19469	544276800	15.8
19469	546868800	19.7
19469	549547200	22.6
19469	552139200	25.9
19469	554817600	27.3
19469	557496000	24
19469	560088000	21.2
19469	562766400	16.9
19469	565358400	11.7
19469	568036800	10.1
19469	570715200	8.2
19469	573220800	11.3
19469	575899200	15.9
19469	578491200	19.6
19469	581169600	23.1
19469	583761600	26.3
19469	586440000	26.9
19469	589118400	25
19469	591710400	20.2
19469	594388800	14
19469	596980800	10.6
19469	599659200	11.6
19469	602337600	11.2
19469	604756800	12.2
19469	607435200	16.8
19469	610027200	19.3
19469	612705600	22.2
19469	615297600	25.6
19469	617976000	26.9
19469	620654400	25.4
19469	623246400	20.2
19469	625924800	16.1
19469	628516800	11.4
19469	631195200	8.4
19469	633873600	12.4
19469	636292800	13.4
19469	638971200	16.1
19469	641563200	19.3
19469	644241600	23.5
19469	646833600	27.1
19469	649512000	28
19469	652190400	25.6
19469	654782400	20.8
19469	657460800	17.3
19469	660052800	11
19469	662731200	8.5
19469	665409600	8.4
19469	667828800	14.1
19469	670507200	17.3
19469	673099200	19.3
19469	675777600	23.8
19469	678369600	27.1
19469	681048000	26.9
19469	683726400	25.6
19469	686318400	20.5
19469	688996800	15.9
19469	691588800	13.1
19469	694267200	10.2
19469	696945600	9
19469	699451200	13.6
19469	702129600	17.4
19469	704721600	19.8
19469	707400000	21.6
19469	709992000	25.8
19469	712670400	26.7
19469	715348800	25
19469	717940800	20.5
19469	720619200	16.1
19469	723211200	12.2
19469	725889600	10.1
19469	728568000	10.2
19469	730987200	10.8
19469	733665600	16.1
19469	736257600	19.3
19469	738936000	22.6
19469	741528000	24.5
19469	744206400	26.5
19469	746884800	24.3
19469	749476800	19.8
19469	752155200	17.3
19469	754747200	11.1
19469	757425600	9.1
19469	760104000	9.2
19469	762523200	10.9
19469	765201600	17.5
19469	767793600	21
19469	770472000	23.1
19469	773064000	27.8
19469	775742400	28.1
19469	778420800	25.8
19469	781012800	21.7
19469	783691200	17.6
19469	786283200	12.5
19469	788961600	8.4
19469	791640000	9.1
19469	794059200	12.1
19469	796737600	15.6
19469	799329600	20
19469	802008000	22
19469	804600000	26.5
19469	807278400	28.4
19469	809956800	25.1
19469	812548800	21.7
19469	815227200	14.5
19469	817819200	9.4
19469	820497600	8.9
19469	823176000	8.2
19469	825681600	11.8
19469	828360000	14.1
19469	830952000	20
19469	833630400	23.1
19469	836222400	26.3
19469	838900800	27.3
19469	841579200	25.1
19469	844171200	20.9
19469	846849600	16.9
19469	849441600	11.2
19469	852120000	8.3
19469	854798400	9.2
19469	857217600	13.7
19469	859896000	17
19469	862488000	20.8
19469	865166400	23.1
19469	867758400	26.2
19469	870436800	27.4
19469	873115200	24.9
19469	875707200	19.9
19469	878385600	17.3
19469	880977600	12.3
19469	883656000	9.1
19469	886334400	12.3
19469	888753600	13.1
19469	891432000	19.5
19469	894024000	22
19469	896702400	23.6
19469	899294400	27.1
19469	901972800	28.8
19469	904651200	25.9
19469	907243200	22.5
19469	909921600	16.9
19469	912513600	13
19469	915192000	9.4
19469	917870400	8.8
19469	920289600	14
19469	922968000	16.6
19469	925560000	20.5
19469	928238400	23.3
19469	930830400	25.8
19469	933508800	27.5
19469	936187200	26.8
19469	938779200	22
19469	941457600	16.1
19469	944049600	10.7
19469	946728000	10.1
19469	949406400	7.5
19469	951912000	12.1
19469	954590400	16.1
19469	957182400	20.2
19469	959860800	22.5
19469	962452800	26.9
19469	965131200	27.1
19469	967809600	25.1
19469	970401600	22.1
19469	973080000	17.8
19469	975672000	11.8
19469	978350400	8.2
19469	981028800	10.3
19469	983448000	12.5
19469	986126400	16.9
19469	988718400	20.9
19469	991396800	23.7
19469	993988800	27.5
19469	996667200	27.6
19469	999345600	25
19469	1001937600	21.8
19469	1004616000	15.4
19469	1007208000	10.7
19469	1009886400	9.9
19469	1012564800	10.3
19469	1014984000	14.3
19469	1017662400	17.8
19469	1020254400	21.1
19469	1022932800	23.5
19469	1025524800	26.9
19469	1028203200	27.5
19469	1030881600	25.5
19469	1033473600	20.3
19469	1036152000	13.5
19469	1038744000	11.7
19469	1041422400	8
19469	1044100800	10.4
19469	1046520000	11.8
19469	1049198400	17.5
19469	1051790400	20.4
19469	1054468800	22.8
19469	1057060800	25.7
19469	1059739200	27.4
19469	1062417600	26.1
19469	1065009600	20.4
19469	1067688000	18.8
19469	1070280000	11
19469	1072958400	8
19469	1075636800	10.9
19469	1078142400	12.8
19469	1080820800	17.7
19469	1083412800	20.7
19469	1086091200	23.6
19469	1088683200	27.8
19469	1091361600	27.3
19469	1094040000	26.1
19469	1096632000	21.1
19469	1099310400	17.2
19469	1101902400	13.2
19469	1104580800	8
19469	1107259200	8.7
19469	1109678400	11.2
19469	1112356800	17.5
19469	1114948800	20.4
19469	1117627200	23.7
19469	1120219200	26.6
19469	1122897600	27.8
19469	1125576000	26.1
19469	1128168000	21.7
19469	1130846400	16.3
19469	1133438400	7.6
19469	1136116800	9.1
19469	1138795200	11
19469	1141214400	11.8
19469	1143892800	16.1
19469	1146484800	20.7
19469	1149163200	23.3
19469	1151755200	27
19469	1154433600	28.3
19469	1157112000	25.5
19469	1159704000	22.5
19469	1162382400	17.6
19469	1164974400	12.3
19469	1167652800	10.2
19469	1170331200	12
19469	1172750400	13
19469	1175428800	16.4
19469	1178020800	20.5
19469	1180699200	23.4
19469	1183291200	26
19469	1185969600	28.2
19469	1188648000	27
19469	1191240000	22.2
19470	55166400	17
19470	57844800	13
19470	60436800	7.7
19470	63115200	7.6
19470	65793600	6.7
19470	68299200	8.7
19470	70977600	13.3
19470	73569600	17.5
19470	76248000	21.3
19470	78840000	25.9
19470	81518400	26.2
19470	84196800	22.6
19470	86788800	17.5
19470	89467200	12
19470	92059200	7.6
19470	94737600	6.7
19470	97416000	7.4
19470	99835200	9
19470	102513600	15.7
19470	105105600	17.8
19470	107784000	21.4
19470	110376000	27.8
19470	113054400	28.4
19470	115732800	22.7
19470	118324800	17.7
19470	121003200	11.7
19470	123595200	5.5
19470	126273600	4.9
19470	128952000	4.8
19470	131371200	7.7
19470	134049600	14.1
19470	136641600	18.5
19470	139320000	21
19470	141912000	25.6
19470	144590400	27.9
19470	147268800	23.2
19470	149860800	18.3
19470	152539200	11.8
19470	155131200	7.9
19470	157809600	4.9
19470	160488000	5.1
19470	162907200	8.1
19470	165585600	14.5
19470	168177600	17.9
19470	170856000	22.2
19470	173448000	26.9
19470	176126400	28
19470	178804800	26.8
19470	181396800	19.5
19470	184075200	14.3
19470	186667200	8.9
19470	189345600	5.3
19470	192024000	7.9
19470	194529600	9.1
19470	197208000	13.6
19470	199800000	18.7
19470	202478400	22.4
19470	205070400	25.8
19470	207748800	27.3
19470	210427200	21.1
19470	213019200	17.3
19470	215697600	10.4
19470	218289600	6.6
19470	220968000	3.6
19470	223646400	3.9
19470	226065600	8.9
19470	228744000	14.3
19470	231336000	17.7
19470	234014400	21.6
19470	236606400	26.9
19470	239284800	26.3
19470	241963200	24.1
19470	244555200	18.9
19470	247233600	13.7
19470	249825600	8.8
19470	252504000	5.8
19470	255182400	5
19470	257601600	8
19470	260280000	13.4
19470	262872000	18.3
19470	265550400	22.5
19470	268142400	27.9
19470	270820800	27.8
19470	273499200	24.2
19470	276091200	17.4
19470	278769600	12.7
19470	281361600	8.3
19470	284040000	6.8
19470	286718400	7.1
19470	289137600	8.6
19470	291816000	13
19470	294408000	17.3
19470	297086400	22.7
19470	299678400	25.3
19470	302356800	27.5
19470	305035200	24
19470	307627200	18.9
19470	310305600	12.1
19470	312897600	8.9
19470	315576000	5.5
19470	318254400	4.2
19470	320760000	8.2
19470	323438400	12.5
19470	326030400	18.1
19470	328708800	22.9
19470	331300800	24.6
19470	333979200	25.2
19470	336657600	22.5
19470	339249600	17.2
19470	341928000	12.8
19470	344520000	5.7
19470	347198400	3.1
19470	349876800	4.6
19470	352296000	8.8
19470	354974400	13.1
19470	357566400	17
19470	360244800	22.2
19470	362836800	27.1
19470	365515200	26.6
19470	368193600	22.3
19470	370785600	17
19470	373464000	11.2
19470	376056000	7.5
19470	378734400	5
19470	381412800	5.7
19470	383832000	9.5
19470	386510400	13.3
19470	389102400	18.9
19470	391780800	21
19470	394372800	23.8
19470	397051200	26.8
19470	399729600	22.1
19470	402321600	18
19470	4.05e+08	13.8
19470	407592000	8
19470	410270400	5.8
19470	412948800	4.8
19470	415368000	8.4
19470	418046400	15.9
19470	420638400	19.1
19470	423316800	22.2
19470	425908800	26.3
19470	428587200	29.2
19470	431265600	25.1
19470	433857600	18.5
19470	436536000	12.6
19470	439128000	7.3
19470	441806400	3.3
19470	444484800	2.6
19470	446990400	5.8
19470	449668800	12.3
19470	452260800	17.9
19470	454939200	23.2
19470	457531200	28
19470	460209600	28.5
19470	462888000	23.2
19470	465480000	18.6
19470	468158400	14.3
19470	470750400	8.6
19470	473428800	5.2
19470	476107200	6.9
19470	478526400	9.9
19470	481204800	14.5
19470	483796800	19.8
19470	486475200	21.9
19470	489067200	27.5
19470	491745600	28.9
19470	494424000	25.5
19470	497016000	19.7
19470	499694400	13.2
19470	502286400	6.9
19470	504964800	4.3
19470	507643200	4.5
19470	510062400	8.5
19470	512740800	13.7
19470	515332800	17.9
19470	518011200	22.6
19470	520603200	25.1
19470	523281600	27.2
19470	525960000	23
19470	528552000	16
19470	531230400	11.8
19470	533822400	8.2
19470	536500800	5.8
19470	539179200	6.8
19470	541598400	8.3
19470	544276800	12.8
19470	546868800	17.5
19471	1191240000	20
19471	1193918400	12.8
19471	1196510400	8.3
19471	1199188800	5.4
19471	1201867200	4.4
19471	1204372800	9.8
19471	1207051200	14.9
19471	1209643200	19.4
19471	1212321600	22.7
19471	1214913600	28.5
19471	1217592000	27.9
19471	1220270400	24.9
19471	1222862400	19.1
19471	1225540800	12
19471	1228132800	7.8
19471	1230811200	5.2
19471	1233489600	7.8
19471	1235908800	9.7
19471	1238587200	15.1
19471	1241179200	19.8
19471	1243857600	23.3
19471	1246449600	25.8
19471	1249128000	27.5
19471	1251806400	24.2
19471	1254398400	18.5
19471	1257076800	12.7
19471	1259668800	7.2
19471	1262347200	5.2
19471	1265025600	7.6
19471	1267444800	9.1
19471	1270123200	13
19471	1272715200	18.5
19471	1275393600	23.3
19471	1277985600	27.2
19471	1280664000	30.3
19471	1283342400	26.2
19471	1285934400	19.2
19471	1288612800	12
19471	1291204800	7.3
19471	1293883200	2.9
19471	1296561600	6.6
19471	1298980800	7.2
19471	1301659200	13.4
19471	1304251200	19.5
19471	1306929600	23.6
19471	1309521600	27.6
19471	1312200000	28.2
19471	1314878400	24.9
19471	1317470400	18.5
19471	1320148800	14.7
19471	1322740800	6.9
19471	1325419200	4.7
19471	1328097600	4.3
19471	1330603200	8.7
19471	1333281600	15
19471	1335873600	19.6
19471	1338552000	23.2
19471	1341144000	27.4
19471	1343822400	29.5
19471	1346500800	25.6
19471	1349092800	18.9
19471	1351771200	11.7
19471	1354363200	5.5
19471	1357041600	4.4
19471	1359720000	6
19471	1362139200	10.7
19471	1364817600	13.5
19471	1367409600	19.7
19471	1370088000	24
19471	1372680000	28.3
19471	1375358400	29.5
19471	1378036800	24.6
19471	1380628800	19.9
19471	1383307200	11.9
19471	1385899200	6.5
19471	1388577600	5.7
19471	1391256000	6.2
19471	1393675200	10
19471	1396353600	14.3
19471	1398945600	19.6
19471	1401624000	23.2
19471	1404216000	26.9
19471	1406894400	26.9
19471	1409572800	23.9
19471	1412164800	18.7
19471	1414843200	13.4
19471	1417435200	5.5
19471	1420113600	5.8
19471	1422792000	6.1
19471	1425211200	10
19471	1427889600	15.8
19471	1430481600	20.5
19472	1367409600	19.9
19472	1370088000	23.2
19472	1372680000	28.1
19472	1375358400	29
19472	1378036800	24.9
19472	1380628800	20.7
19472	1383307200	12.9
19472	1385899200	7.4
19472	1388577600	7
19472	1391256000	8.1
19472	1393675200	11.4
19472	1396353600	15.3
19472	1398945600	19.8
19472	1401624000	22.7
19472	1404216000	26.9
19472	1406894400	26.6
19472	1409572800	23.9
19472	1412164800	20.3
19472	1414843200	14.9
19472	1417435200	6.7
19472	1420113600	7.2
19472	1422792000	7.3
19472	1425211200	11.2
19472	1427889600	17.2
19472	1430481600	20.7
19473	552139200	25.7
19473	554817600	26.6
19474	565358400	8.3
19474	568036800	6.6
19475	575899200	13.1
19475	578491200	17.4
19476	602337600	6.7
19476	604756800	8.3
19476	607435200	14
19477	612705600	21
19477	615297600	25.2
19478	625924800	13
19478	628516800	8.4
19478	631195200	4.8
19478	633873600	7.6
19478	636292800	9.3
19478	638971200	13.3
19478	641563200	17.9
19478	644241600	22.7
19478	646833600	26.9
19478	649512000	27.8
19479	654782400	17.9
19479	657460800	14.4
19479	660052800	7.9
19479	662731200	5.4
19479	665409600	4.8
19479	667828800	9.1
19479	670507200	13.8
19479	673099200	17.2
19479	675777600	22.7
19479	678369600	26.2
19479	681048000	26.4
19479	683726400	24.3
19479	686318400	18.3
19479	688996800	12.2
19479	691588800	8.8
