group	x	y
48648	-102600000	20.1
48648	-99921600	22
48648	-97329600	24.5
48648	-94651200	23.9
48648	-91972800	25.1
48648	-89553600	24.1
48648	-86875200	22.5
48648	-84283200	20.7
48648	-81604800	19.1
48648	-79012800	18.6
48648	-76334400	20.8
48648	-73656000	20.1
48648	-71064000	23.2
48648	-68385600	22
48648	-65793600	21.2
48648	-63115200	24.4
48648	-60436800	23
48648	-57931200	23.8
48648	-55252800	20.5
48648	-52660800	18.3
48648	-49982400	17.2
48648	-47390400	17.1
48648	-44712000	17.4
48648	-42033600	19.4
48648	-39441600	20.2
48648	-36763200	23.8
48648	-34171200	23.7
48648	-31492800	25.4
48648	-28814400	26.3
48648	-26395200	22.7
48648	-23716800	20.4
48648	-21124800	19
48648	-18446400	17.9
48648	-15854400	17
48648	-13176000	18.4
48648	-10497600	20.1
48648	-7905600	19.4
48648	-5227200	22.2
48648	-2635200	21.1
48648	43200	23.1
48648	2721600	23.1
48648	5140800	23
48648	7819200	20.5
48648	10411200	19.9
48648	13089600	18.4
48648	15681600	17
48648	18360000	17.6
48648	21038400	18.8
48648	23630400	21.3
48648	26308800	22.3
48648	28900800	25.5
48648	31579200	25
48648	34257600	26
48648	36676800	25
48648	39355200	23
48648	41947200	20
48648	44625600	18.5
48648	47217600	17.5
48648	49896000	18.9
48648	52574400	20.3
48648	55166400	20.5
48648	57844800	21.6
48648	60436800	23.9
48648	63115200	25
48648	65793600	24.3
48648	68299200	24.9
48648	70977600	21.1
48648	73569600	19
48648	76248000	18.2
48648	78840000	17.6
48648	81518400	19.2
48648	84196800	20.1
48648	86788800	22.1
48648	89467200	23.3
48648	92059200	24.5
48648	94737600	25.8
48648	97416000	26.5
48648	99835200	24.6
48648	102513600	24.6
48648	105105600	19.8
48648	107784000	19.2
48648	110376000	18.8
48648	113054400	19.3
48648	115732800	20.1
48648	118324800	21.4
48648	121003200	22
48648	123595200	24.4
48648	126273600	25.5
48648	128952000	25.3
48648	131371200	24.5
48648	134049600	22
48648	136641600	20.1
48648	139320000	17.2
48648	141912000	17.1
48648	144590400	18.9
48648	147268800	22
48648	149860800	22.3
48648	152539200	23.2
48648	155131200	23.4
48648	157809600	24.1
48648	160488000	25.8
48648	162907200	24.6
48648	165585600	20.5
48648	168177600	19.3
48648	170856000	18.6
48648	173448000	16.8
48648	176126400	19.8
48648	178804800	20.4
48648	181396800	22.9
48648	184075200	23.1
48648	186667200	24.9
48648	189345600	25.6
48648	192024000	24.3
48648	194529600	24.3
48648	197208000	22.7
48648	199800000	20.3
48648	202478400	18.6
48648	205070400	17.7
48648	207748800	19.3
48648	210427200	20.2
48648	213019200	21.4
48648	215697600	23.8
48648	218289600	24.1
48648	220968000	24.9
48648	223646400	25.4
48648	226065600	25.3
48648	228744000	22.7
48648	231336000	19.2
48648	234014400	18.8
48648	236606400	18.6
48648	239284800	20.6
48648	241963200	20.7
48648	244555200	23.3
48648	247233600	23.4
48648	249825600	23.3
48648	252504000	25.6
48648	255182400	24.2
48648	257601600	24.2
48648	260280000	22
48648	262872000	19.2
48648	265550400	17.5
48648	268142400	18.5
48648	270820800	18.2
48648	273499200	19.9
48648	276091200	22.4
48648	278769600	23.3
48648	281361600	24.1
48648	284040000	22.8
48648	286718400	24.3
48648	289137600	23.6
48648	291816000	21.2
48648	294408000	20.7
48648	297086400	17.5
48648	299678400	17.1
48649	-283953600	23.9
48649	-281275200	24.4
48649	-278856000	24.1
48650	-283953600	22.1
48650	-281275200	23
48650	-278856000	22.7
48650	-276177600	21.2
48650	-273585600	18.6
48650	-270907200	17.4
48650	-268315200	16.7
48650	-265636800	18.3
48650	-262958400	22.5
48650	-260366400	22.6
48650	-257688000	23.7
48650	-255096000	22
48650	-252417600	23.2
48650	-249739200	23.1
48650	-247320000	22.6
48650	-244641600	20.8
48650	-242049600	17.8
48650	-239371200	15
48650	-236779200	15.8
48650	-234100800	18.4
48650	-231422400	20.6
48650	-228830400	21
48650	-226152000	21.6
48650	-223560000	22.1
48650	-220881600	23.4
48650	-218203200	22.8
48650	-215784000	23.2
48651	-242049600	17.8
48651	-239371200	15.6
48651	-236779200	16.4
48651	-234100800	18.6
48651	-231422400	20
48651	-228830400	19.5
48652	99835200	21.7
48652	102513600	21.7
48652	105105600	17.4
48652	107784000	17.8
48652	110376000	17.7
48652	113054400	18.9
48652	115732800	19.1
48652	118324800	18.4
48652	121003200	18.5
48652	123595200	20.4
48652	126273600	21
48652	128952000	22.9
48652	131371200	21.6
48652	134049600	20.6
48652	136641600	17.9
48652	139320000	15.9
48652	141912000	15.2
48652	144590400	17.5
48652	147268800	20.5
48652	149860800	20.2
48652	152539200	20.7
48652	155131200	20
48652	157809600	22.3
48652	160488000	22.8
48652	162907200	22.6
48652	165585600	19.5
48652	168177600	16.8
48652	170856000	16.3
48652	173448000	15.7
48652	176126400	16.8
48652	178804800	19.4
48652	181396800	20.1
48652	184075200	19.9
48652	186667200	21.2
48652	189345600	22.2
48652	192024000	21.6
48652	194529600	21.5
48652	197208000	20.1
48652	199800000	17.5
48652	202478400	16.3
48652	205070400	15.2
48652	207748800	16.9
48652	210427200	17.4
48652	213019200	18.1
48652	215697600	20
48652	218289600	20.5
48652	220968000	20.9
48652	223646400	21.2
48652	226065600	21.5
48652	228744000	19
48652	231336000	15.8
48652	234014400	16.6
48652	236606400	17.2
48652	239284800	18.7
48652	241963200	18.7
48652	244555200	20.4
48652	247233600	20.7
48652	249825600	20.5
48652	252504000	21.8
48652	255182400	21.1
48652	257601600	21.2
48652	260280000	19.1
48652	262872000	17
48652	265550400	15.1
48653	-283953600	22.4
48653	-281275200	23.1
48653	-278856000	22.7
48653	-276177600	20.8
48653	-273585600	18.2
48653	-270907200	16.9
48654	-283953600	26.4
48654	-281275200	27.6
48654	-278856000	27.4
48654	-276177600	26.7
48655	-283953600	23.1
48655	-281275200	22.9
48655	-278856000	22.9
48655	-276177600	21.4
48655	-273585600	19.1
48655	-270907200	18.1
48656	-912427200	24
48656	-910008000	22
48656	-907329600	21.3
48656	-904737600	18.4
48656	-902059200	15.5
48656	-899467200	15.4
48656	-896788800	18.2
48657	-283953600	26.4
48657	-281275200	27.2
48657	-278856000	26.7
48657	-276177600	25.7
48657	-273585600	23.3
48657	-270907200	22
48657	-268315200	21.3
48657	-265636800	22.9
48657	-262958400	26.2
48658	-283953600	22.8
48658	-281275200	23.3
48658	-278856000	22.8
48658	-276177600	21.7
48658	-273585600	19.3
48658	-270907200	18.2
48658	-268315200	17.4
48658	-265636800	19.1
48658	-262958400	22.3
48658	-260366400	22
48658	-257688000	22.2
48658	-255096000	22.6
48658	-252417600	23
48658	-249739200	23
48658	-247320000	23.1
48658	-244641600	20.9
48658	-242049600	18.4
48659	-283953600	26.6
48659	-281275200	27.1
48659	-278856000	27
48659	-276177600	25.8
48659	-273585600	23.8
48659	-270907200	22.3
48659	-268315200	21.5
48659	-265636800	23
48659	-262958400	25
48659	-260366400	25.1
48659	-257688000	25.7
48659	-255096000	25.9
48659	-252417600	27.2
48659	-249739200	26.9
48659	-247320000	26.9
48659	-244641600	25.1
48659	-242049600	22.7
48659	-239371200	20
48659	-236779200	20.9
48659	-234100800	22.4
48659	-231422400	22.8
48659	-228830400	22.9
48659	-226152000	24.9
48659	-223560000	25.6
48659	-220881600	27.9
48659	-218203200	27.1
48659	-215784000	28.5
48659	-213105600	25.6
48659	-210513600	23.3
48659	-207835200	21.8
48659	-205243200	21.8
48659	-202564800	22.3
48659	-199886400	24.2
48659	-197294400	25.3
48659	-194616000	26.4
48659	-192024000	25.8
48659	-189345600	25.8
48659	-186667200	27.2
48659	-184161600	26.1
48659	-181483200	25.3
48659	-178891200	22.6
48659	-176212800	21.6
48659	-173620800	19.5
48659	-170942400	21.8
48659	-168264000	22.6
48659	-165672000	23.2
48659	-162993600	23.6
48659	-160401600	25.1
48659	-157723200	25.8
48659	-155044800	27.2
48659	-152625600	26.2
48659	-149947200	25.2
48659	-147355200	23.5
48659	-144676800	22.9
48659	-142084800	21.6
48659	-139406400	22.9
48659	-136728000	23.9
48659	-134136000	23.8
48659	-131457600	25.3
48659	-128865600	27.7
48659	-126187200	26.9
48659	-123508800	27.8
48659	-121089600	27.3
48659	-118411200	24.6
48659	-115819200	23.3
48659	-113140800	22.2
48659	-110548800	21.6
48659	-107870400	21.5
48659	-105192000	22.2
48659	-102600000	24.6
48659	-99921600	24.5
48659	-97329600	27
48659	-94651200	27
48659	-91972800	27.9
48659	-89553600	26.9
48659	-86875200	25.3
48659	-84283200	23.4
48659	-81604800	22.8
48659	-79012800	21.3
48659	-76334400	22.8
48659	-73656000	22.9
48659	-71064000	25.1
48659	-68385600	25.1
48659	-65793600	24.3
48659	-63115200	26.7
48659	-60436800	25.5
48659	-57931200	26.3
48659	-55252800	23.2
48659	-52660800	21
48659	-49982400	20.4
48659	-47390400	20.3
48659	-44712000	20.1
48659	-42033600	21.3
48659	-39441600	22.1
48659	-36763200	25
48659	-34171200	25.9
48659	-31492800	27.6
48659	-28814400	27.9
48659	-26395200	27.1
48659	-23716800	25
48659	-21124800	24.1
48659	-18446400	22.3
48659	-15854400	21.3
48659	-13176000	22.1
48659	-10497600	23.2
48659	-7905600	22.8
48659	-5227200	25.5
48659	-2635200	24.4
48659	43200	26.4
48659	2721600	26.7
48659	5140800	27.6
48659	7819200	25.2
48659	10411200	24.5
48659	13089600	23.3
48659	15681600	20.7
48659	18360000	21.8
48659	21038400	22.2
48659	23630400	22.8
48659	26308800	23.5
48659	28900800	27.6
48659	31579200	27.9
48659	34257600	28.7
48659	36676800	28.1
48659	39355200	25.9
48659	41947200	24.2
48659	44625600	22
48659	47217600	21.8
48659	49896000	22.1
48659	52574400	22.5
48659	55166400	22.7
48659	57844800	23.3
48659	60436800	26.4
48659	63115200	28.1
48659	65793600	27.4
48659	68299200	27.8
48659	70977600	24.6
48659	73569600	23.5
48659	76248000	23.5
48659	78840000	21.8
48659	81518400	22.6
48659	84196800	22.8
48659	86788800	24.1
48659	89467200	25.8
48659	92059200	26.7
48659	94737600	29.1
48659	97416000	29
48659	99835200	27
48659	102513600	27.4
48659	105105600	23.8
48659	107784000	24.1
48659	110376000	23.1
48659	113054400	22.4
48659	115732800	22.7
48659	118324800	22.9
48659	121003200	23.1
48659	123595200	26.6
48659	126273600	27.6
48659	128952000	27.5
48659	131371200	27.2
48659	134049600	25.3
48659	136641600	24.1
48659	139320000	21.8
48659	141912000	22.1
48659	144590400	22.8
48659	147268800	23.7
48659	149860800	24.2
48659	152539200	25.1
48659	155131200	25.6
48659	157809600	26.3
48659	160488000	27.8
48659	162907200	27.3
48659	165585600	24.1
48659	168177600	22.5
48659	170856000	21.7
48659	173448000	20.3
48659	176126400	23.4
48659	178804800	22.9
48659	181396800	24
48659	184075200	25
48659	186667200	26.5
48659	189345600	27.6
48659	192024000	27.7
48659	194529600	27.3
48659	197208000	26.1
48659	199800000	23.7
48659	202478400	23.1
48659	205070400	21.3
48659	207748800	22.5
48659	210427200	21.9
48659	213019200	22.8
48659	215697600	25
48659	218289600	26.4
48659	220968000	27.2
48659	223646400	27.7
48659	226065600	28.7
48659	228744000	25.8
48659	231336000	23.6
48659	234014400	23.1
48659	236606400	23.8
48659	239284800	23.4
48659	241963200	23
48659	244555200	24.7
48659	247233600	25.3
48659	249825600	25.5
48659	252504000	27.2
48659	255182400	26.9
48659	257601600	27.7
48660	49896000	19.1
48660	52574400	20.1
48660	55166400	20.2
48660	57844800	21.4
48660	60436800	23.7
48660	63115200	25.3
48660	65793600	24.4
48660	68299200	24.9
48660	70977600	20.9
48660	73569600	19.5
48660	76248000	18.8
48660	78840000	18.1
48660	81518400	19.3
48660	84196800	20
48660	86788800	21.7
48660	89467200	23.4
48660	92059200	23.6
48660	94737600	25.7
48660	97416000	25.9
48660	99835200	23.8
48660	102513600	24
48660	105105600	19.5
48660	107784000	19.7
48660	110376000	18.9
48660	113054400	18.7
48660	115732800	19.6
48660	118324800	20.6
48660	121003200	21
48660	123595200	24.1
48660	126273600	24.7
48660	128952000	24.7
48660	131371200	24
48660	134049600	21.7
48660	136641600	20.2
48660	139320000	17.2
48660	141912000	17.6
48660	144590400	18.8
48660	147268800	21.4
48660	149860800	21.7
48660	152539200	22.6
48660	155131200	22.8
48660	157809600	23.4
48660	160488000	25.3
48660	162907200	23.9
48660	165585600	20
48660	168177600	19
48660	170856000	18.2
48660	173448000	16.5
48660	176126400	19.4
48660	178804800	19.7
48660	181396800	22.1
48660	184075200	22.4
48660	186667200	24
48660	189345600	24.9
48660	192024000	24.1
48660	194529600	23.8
48660	197208000	22.5
48660	199800000	20.1
48660	202478400	18.6
48660	205070400	17.5
48660	207748800	19.4
48660	210427200	19.6
48660	213019200	20.8
48660	215697600	22.9
48660	218289600	23.6
48660	220968000	24.3
48660	223646400	24.6
48660	226065600	25.1
48660	228744000	22.2
48660	231336000	19.3
48660	234014400	19
48660	236606400	19.5
48660	239284800	20.4
48660	241963200	20.3
48660	244555200	22.2
48660	247233600	22.9
48660	249825600	22.9
48661	-283953600	23
48661	-281275200	22.6
48661	-278856000	22.5
48661	-276177600	20.7
48661	-273585600	17.8
48661	-270907200	16.5
48661	-268315200	15.6
48661	-265636800	17.3
48661	-262958400	22.4
48661	-260366400	22.3
48661	-257688000	23.2
48661	-255096000	22
48661	-252417600	23.2
48661	-249739200	23.1
48661	-247320000	22.5
48661	-244641600	20.7
48661	-242049600	16.9
48661	-239371200	13.9
48661	-236779200	14.2
48661	-234100800	16.9
48661	-231422400	20
48661	-228830400	19.9
48661	-226152000	21.6
48661	-223560000	22.4
48661	-220881600	24.2
48661	-218203200	23.3
48661	-215784000	24
48661	-213105600	20.3
48661	-210513600	16.3
48661	-207835200	14.7
48661	-205243200	15.6
48661	-202564800	17.4
48661	-199886400	20.7
48661	-197294400	23.2
48661	-194616000	23.5
48661	-192024000	23.1
48661	-189345600	22.7
48661	-186667200	22.9
48661	-184161600	21.8
48661	-181483200	21.9
48661	-178891200	17.5
48661	-176212800	15.6
48661	-173620800	14.4
48661	-170942400	18
48661	-168264000	19.7
48661	-165672000	20.3
48661	-162993600	20.6
48661	-160401600	21.6
48661	-157723200	21.6
48661	-155044800	22.9
48661	-152625600	21.4
48661	-149947200	20.5
48661	-147355200	18.5
48661	-144676800	17.3
48661	-142084800	16.3
48661	-139406400	17.3
48661	-136728000	20.8
48661	-134136000	21
48661	-131457600	21.8
48661	-128865600	23.5
48661	-126187200	23.4
48661	-123508800	23.7
48661	-121089600	22.2
48661	-118411200	20.5
48661	-115819200	17.8
48661	-113140800	15.9
48661	-110548800	16.6
48661	-107870400	17.7
48661	-105192000	19.1
48661	-102600000	21.5
48661	-99921600	21.4
48661	-97329600	23.7
48661	-94651200	23.3
48661	-91972800	23.7
48661	-89553600	22.9
48661	-86875200	20.7
48661	-84283200	17.7
48661	-81604800	16.8
48661	-79012800	15.6
48661	-76334400	18.1
48661	-73656000	19.9
48661	-71064000	22.3
48661	-68385600	21.4
48661	-65793600	20.8
48661	-63115200	23.1
48661	-60436800	21.9
48661	-57931200	22.5
48661	-55252800	18.5
48661	-52660800	14.5
48661	-49982400	14.2
48661	-47390400	14.3
48661	-44712000	15.6
48661	-42033600	18.3
48661	-39441600	20.8
48661	-36763200	22.6
48661	-34171200	22.8
48661	-31492800	23.5
48661	-28814400	24.1
48661	-26395200	23
48661	-23716800	20
48661	-21124800	17.8
48661	-18446400	16.5
48661	-15854400	16.2
48661	-13176000	18
48661	-10497600	20.9
48661	-7905600	20.5
48661	-5227200	22
48661	-2635200	21.2
48661	43200	22.7
48661	2721600	22.6
48661	5140800	23
48661	7819200	20.3
48661	10411200	18.9
48661	13089600	17.3
48661	15681600	15.4
48661	18360000	16.2
48661	21038400	19.3
48661	23630400	20.6
48661	26308800	20.4
48661	28900800	23.8
48661	31579200	23.1
48661	34257600	23.9
48661	36676800	23.1
48661	39355200	20.5
48661	41947200	17.5
48661	44625600	15.7
48661	47217600	15.7
48661	49896000	16.9
48661	52574400	18.3
48661	55166400	19.5
48661	57844800	20.2
48661	60436800	22
48661	63115200	22.6
48661	65793600	22.4
48661	68299200	23
48661	70977600	18.7
48661	73569600	17.2
48661	76248000	16.1
48661	78840000	15.8
48661	81518400	17.6
48661	84196800	19.4
48661	86788800	21.2
48661	89467200	22.8
48661	92059200	22.8
48661	94737600	24.3
48661	97416000	24.4
48661	99835200	23.2
48661	102513600	23.2
48661	105105600	17.8
48661	107784000	17.3
48661	110376000	16.9
48661	113054400	18.5
48661	115732800	19.3
48661	118324800	20.3
48661	121003200	21.5
48661	123595200	23
48661	126273600	23.2
48661	128952000	24
48661	131371200	23.2
48661	134049600	20.6
48661	136641600	17.7
48661	139320000	15.3
48661	141912000	15.6
48661	144590400	17.3
48661	147268800	20.2
48661	149860800	20.7
48661	152539200	21.5
48661	155131200	21.7
48661	157809600	22
48661	160488000	23.7
48661	162907200	22.6
48661	165585600	18.9
48661	168177600	16.6
48661	170856000	16.3
48661	173448000	14.6
48661	176126400	18.8
48661	178804800	19.7
48661	181396800	21.1
48661	184075200	21.7
48661	186667200	22.8
48661	189345600	23.4
48661	192024000	21.9
48661	194529600	22.2
48661	197208000	20.4
48661	199800000	17.7
48661	202478400	16.1
48661	205070400	14.9
48661	207748800	16.9
48661	210427200	18.4
48661	213019200	20.2
48661	215697600	21.5
48661	218289600	22.4
48661	220968000	22.8
48661	223646400	23.8
48661	226065600	23.5
48661	228744000	20.9
48661	231336000	16.9
48661	234014400	16.9
48661	236606400	17
48661	239284800	18.8
48661	241963200	19.7
48661	244555200	21.9
48661	247233600	22.4
48661	249825600	21.5
48661	252504000	23.7
48661	255182400	23
48661	257601600	22.5
48661	260280000	19.7
48661	262872000	17.1
48661	265550400	15.6
48661	268142400	15.9
48661	270820800	16.6
48661	273499200	18.4
48661	276091200	21.5
48661	278769600	21.5
48661	281361600	22
48662	-283953600	22.2
48662	-281275200	21.9
48662	-278856000	21.3
48662	-276177600	19.9
48662	-273585600	17.2
48662	-270907200	16.1
48662	-268315200	15.4
48662	-265636800	16.7
48663	-283953600	25.2
48663	-281275200	25.1
48663	-278856000	24.5
48663	-276177600	23.6
48663	-273585600	21
48663	-270907200	20.1
48663	-268315200	19.2
48663	-265636800	21.1
48663	-262958400	25
48663	-260366400	24.8
48663	-257688000	24.3
48663	-255096000	23.7
48663	-252417600	24.2
48663	-249739200	24.7
48663	-247320000	24.9
48663	-244641600	22.7
48663	-242049600	20
48663	-239371200	17.1
48663	-236779200	17.8
48663	-234100800	20.5
48663	-231422400	21.7
48663	-228830400	20.8
48663	-226152000	23
48663	-223560000	23.9
48663	-220881600	26.5
48663	-218203200	24.8
48663	-215784000	26.4
48663	-213105600	23.5
48663	-210513600	19.8
48663	-207835200	18.7
48663	-205243200	19.5
48663	-202564800	20.5
48663	-199886400	24.2
48663	-197294400	24.9
48663	-194616000	26.2
48663	-192024000	24.6
48663	-189345600	24.4
48663	-186667200	25.4
48663	-184161600	24.8
48663	-181483200	24
48663	-178891200	20.4
48663	-176212800	18.7
48663	-173620800	16.9
48663	-170942400	20.3
48663	-168264000	21.9
48663	-165672000	21.6
48663	-162993600	22.2
48663	-160401600	23.6
48663	-157723200	23.6
48663	-155044800	25.3
48663	-152625600	24.1
48663	-149947200	23
48663	-147355200	21.1
48663	-144676800	20.6
48663	-142084800	18.8
48663	-139406400	20.9
48663	-136728000	23.5
48663	-134136000	23
48663	-131457600	24
48663	-128865600	25.9
48663	-126187200	25.8
48663	-123508800	27.1
48663	-121089600	24.7
48663	-118411200	23.5
48663	-115819200	20.5
48663	-113140800	19.9
48663	-110548800	19.8
48663	-107870400	20.1
48663	-105192000	21.3
48663	-102600000	22.9
48663	-99921600	22.8
48663	-97329600	25.5
48663	-94651200	25.1
48663	-91972800	26.1
48663	-89553600	25
48663	-86875200	23.9
48663	-84283200	21.3
48663	-81604800	20.1
48663	-79012800	18.4
48663	-76334400	20.7
48663	-73656000	21.5
48663	-71064000	23.3
48663	-68385600	23.1
48663	-65793600	21.9
48663	-63115200	24.4
48663	-60436800	23.4
48663	-57931200	23.9
48663	-55252800	20.6
48663	-52660800	17.3
48663	-49982400	17.5
48663	-47390400	17.4
48663	-44712000	18.3
48663	-42033600	19.7
48663	-39441600	21.4
48663	-36763200	23.3
48663	-34171200	24.5
48663	-31492800	25.1
48663	-28814400	25.6
48663	-26395200	23.9
48663	-23716800	21.5
48663	-21124800	20.1
48663	-18446400	18.7
48663	-15854400	18.2
48663	-13176000	18.7
48663	-10497600	21.4
48663	-7905600	19.7
48663	-5227200	22.8
48663	-2635200	21.7
48663	43200	23.8
48663	2721600	24.6
48663	5140800	25.3
48663	7819200	22.6
48663	10411200	21.9
48663	13089600	19.7
48663	15681600	17.9
48663	18360000	18.8
48663	21038400	20.3
48663	23630400	21.4
48663	26308800	21.9
48663	28900800	25.8
48663	31579200	25.7
48663	34257600	25.7
48663	36676800	25.1
48663	39355200	23
48663	41947200	20.4
48663	44625600	18.1
48663	47217600	18.7
48663	49896000	19.8
48663	52574400	20.7
48663	55166400	21.4
48663	57844800	22
48663	60436800	24.1
48663	63115200	24.9
48663	65793600	24.6
48663	68299200	25.4
48663	70977600	21.6
48663	73569600	20.7
48663	76248000	19.7
48663	78840000	18.9
48663	81518400	19.9
48663	84196800	21.2
48663	86788800	22.9
48663	89467200	23.9
48663	92059200	24.8
48663	94737600	26.6
48663	97416000	27.1
48663	99835200	24.7
48663	102513600	25.3
48663	105105600	20.2
48663	107784000	20.2
48663	110376000	20
48663	113054400	20.2
48663	115732800	20.8
48663	118324800	21.8
48663	121003200	22.4
48663	123595200	24.5
48663	126273600	25.8
48663	128952000	26.2
48663	131371200	25.3
48663	134049600	22.2
48663	136641600	20.8
48663	139320000	18
48663	141912000	18.9
48663	144590400	19.9
48663	147268800	22.7
48663	149860800	22.8
48663	152539200	23.6
48663	155131200	23.1
48663	157809600	24.3
48663	160488000	26.1
48663	162907200	25.1
48663	165585600	21.4
48663	168177600	19.6
48663	170856000	18.9
48663	173448000	17.5
48663	176126400	21.7
48663	178804800	21.9
48663	181396800	23
48663	184075200	23.2
48663	186667200	24.9
48663	189345600	26.2
48663	192024000	24.1
48663	194529600	24.3
48663	197208000	23.2
48663	199800000	20.1
48663	202478400	18.4
48663	205070400	17.6
48663	207748800	19.4
48663	210427200	19.7
48663	213019200	21.1
48663	215697600	23.7
48663	218289600	24.3
48663	220968000	25.4
48663	223646400	27.3
48663	226065600	25.5
48663	228744000	22.6
48663	231336000	20.3
48663	234014400	20.1
48663	236606400	20.5
48663	239284800	21.8
48663	241963200	22
48663	244555200	23.9
48663	247233600	23.3
48663	249825600	23.3
48663	252504000	25.7
48663	255182400	25
48663	257601600	25.1
48663	260280000	21.9
48663	262872000	19.8
48663	265550400	17.9
48663	268142400	19.5
48663	270820800	19.4
48663	273499200	21.4
48663	276091200	23.5
48663	278769600	23.3
48663	281361600	24.3
48663	284040000	22.7
48664	-4354862400	28.4
48664	-4352184000	29.6
48664	-4349678400	27.4
48664	-4.347e+09	24.6
48664	-4344408000	23.1
48664	-4341729600	22.9
48664	-4339137600	22.2
48664	-4336459200	23.1
48664	-4333780800	23.9
48664	-4331188800	24.2
48664	-4328510400	25.6
48664	-4325918400	26.7
48664	-4323240000	28.1
48664	-4320561600	30.6
48664	-4318142400	28.5
48664	-4315464000	27.1
48664	-4312872000	23.5
48664	-4310193600	22.9
48664	-4307601600	22.3
48664	-4304923200	24.4
48664	-4302244800	25.7
48664	-4299652800	26.1
48664	-4296974400	28.3
48664	-4294382400	28.9
48664	-4291704000	28.6
48664	-4289025600	28.9
48664	-4286606400	27.4
48664	-4283928000	25.7
48664	-4281336000	25.3
48664	-4278657600	21.1
48664	-4276065600	23.1
48664	-4273387200	22.6
48664	-4270708800	24.8
48664	-4268116800	24.1
48664	-4265438400	24.4
48664	-4262846400	27.1
48664	-4260168000	27.8
48664	-4257489600	29.3
48664	-4255070400	25.8
48664	-4252392000	24.6
48664	-4249800000	23.1
48664	-4247121600	21.8
48664	-4244529600	23.3
48664	-4241851200	23.9
48664	-4239172800	22.4
48664	-4236580800	24.4
48664	-4233902400	25.4
48664	-4231310400	26.1
48664	-4228632000	28.6
48664	-4225953600	29.6
48664	-4223448000	28.2
48664	-4220769600	24.2
48664	-4218177600	21.7
48664	-4215499200	21.6
48664	-4212907200	23.5
48664	-4210228800	24.3
48664	-4207550400	22.3
48664	-4204958400	23.9
48664	-4202280000	24.6
48664	-4199688000	26.6
48664	-4197009600	27.8
48664	-4194331200	26.6
48664	-4191912000	25.9
48664	-4189233600	24.2
48664	-4186641600	23.1
48664	-4183963200	20
48664	-4181371200	21.1
48664	-4178692800	22.5
48664	-4176014400	23.4
48664	-4173422400	25
48664	-4170744000	25
48664	-4168152000	25.6
48664	-4165473600	27.8
48664	-4162795200	28.4
48664	-4160376000	26.1
48664	-4157697600	25.1
48664	-4155105600	22.1
48664	-4152427200	22.4
48664	-4149835200	22.4
48664	-4147156800	21.6
48664	-4144478400	24.1
48664	-4141886400	25.3
48664	-4139208000	25.2
48664	-4136616000	27.9
48664	-4133937600	27.6
48664	-4131259200	27.8
48664	-4128840000	26.8
48664	-4126161600	25.2
48664	-4123569600	23.6
48664	-4120891200	21.9
48664	-4118299200	20.9
48664	-4115620800	22.3
48664	-4112942400	22.7
48664	-4110350400	23.3
48664	-4107672000	24.4
48664	-4105080000	27
48664	-4102401600	28.1
48664	-4099723200	29.3
48664	-4097217600	26
48664	-4094539200	25.5
48664	-4091947200	24.6
48664	-4089268800	22.4
48664	-4086676800	21.9
48664	-4083998400	21.9
48664	-4081320000	24.6
48664	-4078728000	26.6
48664	-4076049600	26
48664	-4073457600	28.2
48664	-4070779200	28.5
48664	-4068100800	27.4
48664	-4065681600	29.1
48664	-4063003200	26.9
48664	-4060411200	23.6
48664	-4057732800	21.8
48664	-4055140800	21.8
48664	-4052462400	22.7
48664	-4049784000	23.6
48664	-4047192000	24.3
48664	-4044513600	25.2
48664	-4041921600	25.1
48664	-4039243200	28.5
48664	-4036564800	28.7
48664	-4034145600	28.9
48664	-4031467200	26.7
48664	-4028875200	23.9
48664	-4026196800	24.1
48664	-4023604800	23.5
48664	-4020926400	22.9
48664	-4018248000	21.9
48664	-4015656000	24.4
48664	-4012977600	25.3
48664	-4010385600	26.8
48664	-4007707200	29.1
48664	-4005028800	30.4
48664	-4002609600	27.9
48664	-3999931200	25.3
48664	-3997339200	25.7
48664	-3994660800	21.7
48664	-3992068800	20.5
48664	-3989390400	23.6
48664	-3986712000	24.8
48664	-3984120000	25
48664	-3981441600	25.6
48664	-3978849600	27.8
48665	-197294400	23.7
48665	-194616000	25
48665	-192024000	25.4
48665	-189345600	25.8
48665	-186667200	26
48665	-184161600	25.9
48665	-181483200	24.8
48665	-178891200	21.6
48665	-176212800	20.6
48665	-173620800	18.8
48665	-170942400	21.9
48665	-168264000	22.9
48665	-165672000	21.7
48665	-162993600	22.7
48665	-160401600	24.4
48665	-157723200	25.2
48665	-155044800	26.6
48665	-152625600	25.1
48665	-149947200	24.6
48665	-147355200	22.7
48666	-276177600	25.7
48666	-273585600	23
48666	-270907200	21.9
48666	-268315200	20.9
48666	-265636800	22.4
48666	-262958400	25.9
48666	-260366400	26.5
48666	-257688000	27.2
48667	-283953600	25.4
48667	-281275200	26.2
48667	-278856000	25.7
48667	-276177600	24.4
48667	-273585600	21.8
48667	-270907200	20.9
48667	-268315200	20.3
48667	-265636800	21.7
48667	-262958400	24.8
48667	-260366400	25.1
48667	-257688000	25.8
48667	-255096000	25.4
48667	-252417600	26.2
48667	-249739200	25.7
48667	-247320000	26.2
48667	-244641600	23.7
48667	-242049600	20.8
48667	-239371200	17.7
48667	-236779200	19.2
48667	-234100800	20.9
48667	-231422400	22
48667	-228830400	21.5
48667	-226152000	24.2
48667	-223560000	24.4
48667	-220881600	27.1
48667	-218203200	26.3
48667	-215784000	27.6
48667	-213105600	24.8
48667	-210513600	21.1
48667	-207835200	20.1
48667	-205243200	20
48667	-202564800	20.9
48667	-199886400	23.8
48667	-197294400	25.4
48667	-194616000	26.1
48667	-192024000	25.4
48668	307627200	23.5
48668	310305600	23.8
48669	-273585600	20.5
48669	-270907200	19.3
48669	-268315200	18.6
48669	-265636800	20.3
48669	-262958400	24.7
48669	-260366400	23.8
48669	-257688000	24.8
48669	-255096000	22.6
48669	-252417600	24.2
48669	-249739200	24.2
48669	-247320000	23.8
48669	-244641600	22.9
48669	-242049600	19.7
48669	-239371200	16.9
48669	-236779200	17.4
48670	-210513600	17.1
48670	-207835200	16
48670	-205243200	15.9
48670	-202564800	18.6
48670	-199886400	21.5
48670	-197294400	24.3
48670	-194616000	24.4
48670	-192024000	23
48670	-189345600	22.1
48670	-186667200	23.4
48670	-184161600	21.8
48670	-181483200	21.2
48670	-178891200	18.1
48670	-176212800	16.7
48670	-173620800	16.1
48670	-170942400	18.6
48670	-168264000	20.9
48670	-165672000	21.4
48670	-162993600	20.9
48670	-160401600	21.8
48670	-157723200	21.9
48670	-155044800	22.6
48670	-152625600	21.5
48670	-149947200	20.6
48670	-147355200	19.4
48670	-144676800	17.6
48670	-142084800	17.2
48670	-139406400	19.2
48670	-136728000	21.6
48670	-134136000	21
48670	-131457600	21.9
48670	-128865600	23.2
48670	-126187200	22.6
48670	-123508800	23
48670	-121089600	22.2
48670	-118411200	20.3
48670	-115819200	19
48670	-113140800	16.7
48670	-110548800	17.4
48670	-107870400	19
48670	-105192000	20.4
48670	-102600000	22.6
48670	-99921600	21.6
48670	-97329600	22.9
48670	-94651200	23.1
48670	-91972800	23.6
48670	-89553600	22.9
48670	-86875200	20.8
48670	-84283200	18
48670	-81604800	18
48670	-79012800	16.6
48670	-76334400	19.2
48670	-73656000	21.6
48670	-71064000	23.3
48670	-68385600	22.1
48670	-65793600	21.5
48670	-63115200	23.2
48670	-60436800	21.7
48670	-57931200	21.9
48670	-55252800	19.4
48670	-52660800	15.9
48670	-49982400	14.8
48670	-47390400	15.7
48670	-44712000	16.8
48670	-42033600	19.5
48670	-39441600	21.2
48670	-36763200	23
48670	-34171200	22.6
48670	-31492800	23.4
48670	-28814400	24.2
48670	-26395200	23.1
48670	-23716800	20.9
48670	-21124800	18.9
48670	-18446400	17.4
48670	-15854400	17.5
48670	-13176000	19.7
48670	-10497600	21.9
48670	-7905600	22.2
48670	-5227200	22.5
48670	-2635200	21.5
48670	43200	23.3
48670	2721600	23.1
48670	5140800	22.6
48670	7819200	20.8
48670	10411200	19.2
48670	13089600	18.2
48670	15681600	17.2
48670	18360000	18.6
48670	21038400	21
48670	23630400	22.2
48670	26308800	21.7
48670	28900800	24.1
48670	31579200	23.7
48670	34257600	24.2
48670	36676800	23.7
48670	39355200	22.1
48670	41947200	19.3
48670	44625600	18.2
48670	47217600	17.8
48670	49896000	19
48670	52574400	20.5
48670	55166400	21
48670	57844800	21.3
48670	60436800	22.7
48671	-223560000	21.3
48671	-220881600	23.5
48671	-218203200	22.3
48671	-215784000	23.9
48671	-213105600	21.4
48671	-210513600	18.2
48671	-207835200	16.9
48672	273499200	17
48672	276091200	20.5
48672	278769600	21.4
48672	281361600	21.6
48672	284040000	19.9
48673	-265636800	17
48673	-262958400	21.4
48673	-260366400	20.9
48674	-270907200	22.9
48674	-268315200	22.2
48674	-265636800	23.5
48674	-262958400	25.4
48674	-260366400	25.2
48674	-257688000	25.7
48674	-255096000	25.9
48674	-252417600	26.7
48674	-249739200	27.2
48674	-247320000	27.2
48675	-265636800	19.5
48675	-262958400	23.7
48675	-260366400	22.6
48675	-257688000	23.8
48675	-255096000	21.7
48676	-89553600	26.5
48676	-86875200	24.4
48676	-84283200	22.3
48676	-81604800	21.7
48676	-79012800	20.1
48676	-76334400	22.3
48676	-73656000	22.7
48676	-71064000	25.4
48676	-68385600	24.6
48676	-65793600	23.6
48677	-236779200	16.8
48677	-234100800	18.4
48677	-231422400	19.1
48677	-228830400	19
48677	-226152000	21.3
48677	-223560000	21.7
48677	-220881600	24.6
48677	-218203200	22.9
48677	-215784000	24.3
48677	-213105600	21.5
48678	262872000	23.3
48678	265550400	21.8
48678	268142400	22.8
48678	270820800	22.7
48678	273499200	23.1
48678	276091200	24.7
48678	278769600	25.3
48678	281361600	26.4
48678	284040000	24.9
48679	-260366400	21.3
48679	-257688000	22
48679	-255096000	21
48679	-252417600	21.7
48679	-249739200	21.9
48679	-247320000	21.6
48679	-244641600	19.7
48679	-242049600	16.4
48679	-239371200	13.7
48680	307627200	23.2
48680	310305600	23.3
48681	-3755246400	28.1
48681	-3752568000	28.3
48681	-3750148800	27.1
48681	-3747470400	27.4
48681	-3744878400	23.7
48681	-3742200000	21.8
48681	-3739608000	22.6
48681	-3736929600	22.1
48681	-3734251200	22
48681	-3731659200	24
48681	-3728980800	24.7
48681	-3726388800	25.2
48681	-3723710400	27
48681	-3721032000	27.7
48681	-3718526400	28.5
48681	-3715848000	25.9
48681	-3713256000	24.1
48681	-3710577600	23
48681	-3707985600	22.5
48681	-3705307200	21.8
48681	-3702628800	22.8
48681	-3700036800	23.2
48681	-3697358400	26
48681	-3694766400	28.1
48681	-3692088000	27.8
48681	-3689409600	27.7
48681	-3686990400	26.3
48681	-3684312000	27.2
48681	-3681720000	23.4
48681	-3679041600	22.4
48681	-3676449600	22.8
48681	-3673771200	23.2
48681	-3671092800	24.2
48681	-3668500800	24.1
48681	-3665822400	26.4
48681	-3663230400	25.6
48681	-3660552000	26.4
48681	-3657873600	28.2
48681	-3655454400	26.6
48681	-3652776000	27
48681	-3650184000	23.9
48681	-3647505600	23
48681	-3644913600	22.8
48681	-3642235200	22.7
48681	-3639556800	24
48681	-3636964800	25.5
48681	-3634286400	25.2
48681	-3631694400	26.1
48681	-3629016000	28.1
48681	-3626337600	28.1
48681	-3623918400	28.5
48681	-3621240000	26.3
48681	-3618648000	23.7
48681	-3615969600	23.7
48681	-3613377600	22.5
48681	-3610699200	23.2
48681	-3608020800	22.9
48681	-3605428800	24.8
48681	-3602750400	25.4
48681	-3600158400	25.2
48681	-3597480000	25.8
48681	-3594801600	26.6
48681	-3592296000	26.5
48681	-3589617600	26.7
48681	-3587025600	23.7
48681	-3584347200	21.4
48681	-3581755200	20.6
48681	-3579076800	21.9
48681	-3576398400	22
48681	-3573806400	22.5
48681	-3571128000	24.3
48681	-3568536000	24.7
48681	-3565857600	26.6
48681	-3563179200	27.4
48681	-3560760000	27.1
48681	-3558081600	24.4
48681	-3555489600	23
48681	-3552811200	22.1
48681	-3550219200	23
48681	-3547540800	22
48681	-3544862400	22.8
48681	-3542270400	24.7
48681	-3539592000	26.4
48681	-3.537e+09	27
48681	-3534321600	26.6
48681	-3531643200	27.6
48681	-3529224000	27.2
48681	-3526545600	24.3
48681	-3523953600	24
48681	-3521275200	21
48681	-3518683200	20.9
48681	-3516004800	20.3
48681	-3513326400	19.3
48681	-3510734400	21.7
48681	-3508056000	23.1
48681	-3505464000	23.2
48681	-3502785600	25.2
48681	-3500107200	26.2
48681	-3497688000	28.1
48681	-3495009600	27.7
48681	-3492417600	23.6
48681	-3489739200	21.3
48681	-3487147200	20.1
48681	-3484468800	21
48681	-3481790400	22.6
48681	-3479198400	23.6
48681	-3476520000	24.6
48681	-3473928000	25.2
48681	-3471249600	27.5
48681	-3468571200	27.5
48681	-3466065600	27.5
48681	-3463387200	26.2
48681	-3460795200	23.5
48681	-3458116800	23.1
48681	-3455524800	22.6
48681	-3452846400	24.3
48681	-3450168000	25.1
48681	-3447576000	25.6
48681	-3444897600	24.7
48681	-3442305600	26.4
48681	-3439627200	28
48681	-3436948800	28.3
48681	-3434529600	26.7
48681	-3431851200	25.7
48681	-3429259200	23.8
48681	-3426580800	21.2
48681	-3423988800	19.9
48681	-3421310400	22.7
48681	-3418632000	23.1
48681	-3416040000	23.4
48681	-3413361600	23.6
48681	-3410769600	23.9
48681	-3408091200	25.9
48681	-3405412800	28.1
48681	-3402993600	27.4
48681	-3400315200	25.9
48681	-3397723200	24.4
48681	-3395044800	21.8
48681	-3392452800	20.6
48681	-3389774400	20.9
48681	-3387096000	21.4
48681	-3384504000	23.9
48681	-3381825600	25.4
48681	-3379233600	25.4
48681	-3376555200	28.3
48681	-3373876800	27.7
48681	-3371457600	26.6
48681	-3368779200	26.3
48681	-3366187200	22.5
48681	-3363508800	22.2
48681	-3360916800	21.1
48681	-3358238400	21
48681	-3355560000	20.3
48681	-3352968000	22.8
48681	-3350289600	23.7
48681	-3347697600	25.5
48681	-3345019200	26.9
48681	-3342340800	26.7
48681	-3339835200	26.8
48681	-3337156800	24.9
48681	-3334564800	23.7
48681	-3331886400	21.5
48681	-3329294400	21.1
48681	-3326616000	21.5
48681	-3323937600	23.1
48681	-3321345600	23.2
48681	-3318667200	24.3
48681	-3316075200	25.9
48681	-3313396800	27.6
48681	-3310718400	25.8
48681	-3308299200	26
48681	-3305620800	25.6
48681	-3303028800	23.5
48681	-3300350400	21.5
48681	-3297758400	21.4
48681	-3295080000	21.8
48681	-3292401600	21.5
48681	-3289809600	23.5
48681	-3287131200	24.2
48681	-3284539200	24.3
48681	-3281860800	27.1
48681	-3279182400	26.2
48681	-3276763200	25.2
48681	-3274084800	24.7
48681	-3271492800	23.5
48681	-3268814400	21.4
48681	-3266222400	21.7
48681	-3263544000	23.2
48681	-3260865600	23.4
48681	-3258273600	23.3
48681	-3255595200	25
48681	-3253003200	25.2
48681	-3250324800	25.3
48681	-3247646400	27
48681	-3245227200	26.2
48681	-3242548800	26.7
48681	-3239956800	23.6
48681	-3237278400	22.6
48681	-3234686400	21.6
48681	-3232008000	23.2
48681	-3229329600	23
48681	-3226737600	23.1
48681	-3224059200	23.5
48681	-3221467200	26.2
48681	-3218788800	28.3
48681	-3216110400	28.2
48681	-3213604800	27.9
48681	-3210926400	25.4
48681	-3208334400	24.4
48681	-3205656000	24.3
48681	-3203064000	24.3
48681	-3200385600	23.6
48681	-3197707200	24
48681	-3195115200	24.9
48681	-3192436800	26.1
48681	-3189844800	27.3
48681	-3187166400	28.3
48681	-3184488000	28.1
48681	-3182068800	27.7
48681	-3179390400	27.1
48681	-3176798400	25.5
48681	-3174120000	25.1
48681	-3171528000	23.2
48681	-3168849600	23
48681	-3166171200	23.4
48681	-3163579200	24.2
48681	-3160900800	25
48681	-3158308800	26
48681	-3155630400	28.1
48681	-3152952000	28.8
48681	-3150532800	27.7
48681	-3147854400	26.9
48681	-3145262400	24.3
48681	-3142584000	23.4
48681	-3139992000	22.3
48681	-3137313600	21.9
48681	-3134635200	21.3
48681	-3132043200	25.4
48681	-3129364800	24.6
48681	-3126772800	26.4
48681	-3124094400	27.8
48681	-3121416000	27.7
48681	-3118996800	27.6
48681	-3116318400	25.6
48681	-3113726400	23.1
48681	-3111048000	21.6
48681	-3108456000	20.8
48681	-3105777600	21.8
48681	-3103099200	22.7
48681	-3100507200	23.4
48681	-3097828800	24
48681	-3095236800	25.8
48681	-3092558400	28.4
48681	-3089880000	28.1
48681	-3087374400	27.4
48681	-3084696000	24.3
48681	-3082104000	22
48681	-3079425600	20.8
48681	-3076833600	20.4
48681	-3074155200	21.9
48681	-3071476800	23.4
48681	-3068884800	22.7
48681	-3066206400	24.6
48681	-3063614400	25.9
48681	-3060936000	28.3
48681	-3058257600	27
48681	-3055838400	25.8
48681	-3053160000	24.9
48681	-3050568000	24.5
48681	-3047889600	22.2
48681	-3045297600	21.8
48681	-3042619200	22.4
48681	-3039940800	22.9
48681	-3037348800	23.1
48681	-3034670400	23.8
48681	-3032078400	25.9
48681	-3029400000	27.8
48681	-3026721600	27
48681	-3024302400	27
48681	-3021624000	25.3
48681	-3019032000	22.2
48681	-3016353600	20.9
48681	-3013761600	19.8
48681	-3011083200	20.2
48681	-3008404800	22.5
48681	-3005812800	23.2
48681	-3003134400	22.4
48681	-3000542400	23.5
48681	-2997864000	26.4
48681	-2995185600	26.3
48681	-2992766400	24.8
48681	-2990088000	23.7
48681	-2987496000	22.2
48681	-2984817600	20.5
48681	-2982225600	19.3
48681	-2979547200	20
48681	-2976868800	21.2
48681	-2974276800	22.6
48681	-2971598400	23
48681	-2969006400	27.4
48681	-2966328000	27.2
48681	-2963649600	25.9
48681	-2961144000	26.9
48681	-2958465600	24
48681	-2955873600	22.7
48681	-2953195200	21.1
48681	-2950603200	20.2
48681	-2947924800	20.6
48681	-2945246400	21.6
48681	-2942654400	22.6
48681	-2939976000	22.8
48681	-2937384000	24.3
48681	-2934705600	25.2
48681	-2932027200	26.4
48681	-2929608000	26.1
48681	-2926929600	25.4
48681	-2924337600	22.7
48681	-2921659200	21.7
48681	-2919067200	23.1
48681	-2916388800	22
48681	-2913710400	22.7
48681	-2911118400	23.2
48681	-2908440000	24.8
48681	-2905848000	25.9
48681	-2903169600	27.5
48681	-2900491200	29.2
48681	-2898072000	28.6
48681	-2895393600	26.8
48681	-2892801600	22
48681	-2890123200	23
48681	-2887531200	22.6
48681	-2884852800	21.2
48681	-2882174400	22.8
48681	-2879582400	23.4
48681	-2876904000	24.7
48681	-2874312000	25.3
48681	-2871633600	27.6
48681	-2868955200	26.8
48681	-2866536000	25.5
48681	-2863857600	23.7
48681	-2861265600	21.2
48681	-2858587200	19.7
48681	-2855995200	21.1
48681	-2853316800	20.5
48681	-2850638400	20.8
48681	-2848046400	21.9
48681	-2845368000	23.3
48681	-2842776000	24.2
48681	-2840097600	26.7
48681	-2837419200	26.7
48681	-2834913600	26.9
48681	-2832235200	25.4
48681	-2829643200	23.8
48681	-2826964800	22.9
48681	-2824372800	22.5
48681	-2821694400	23.9
48681	-2819016000	22.7
48681	-2816424000	23.1
48681	-2813745600	24.8
48681	-2811153600	25.8
48681	-2808475200	26.9
48681	-2805796800	26.1
48681	-2803377600	26.5
48681	-2800699200	24.2
48681	-2798107200	22.8
48681	-2795428800	21.7
48681	-2792836800	20.9
48681	-2790158400	20.3
48681	-2787480000	22.2
48681	-2784888000	22.4
48681	-2782209600	23.6
48681	-2779617600	24.8
48681	-2776939200	25.6
48681	-2774260800	25.4
48681	-2771841600	25.7
48681	-2769163200	23.9
48681	-2766571200	21.9
48681	-2763892800	21
48681	-2761300800	19.8
48681	-2758622400	20.6
48681	-2755944000	20.9
48681	-2753352000	22.7
48681	-2750673600	23.1
48681	-2748081600	23.1
48681	-2745403200	25.1
48681	-2742724800	26.1
48681	-2740305600	26.1
48681	-2737627200	24.5
48681	-2735035200	22.3
48681	-2732356800	21.9
48681	-2729764800	21
48681	-2727086400	19.5
48681	-2724408000	21.6
48681	-2721816000	22.4
48681	-2719137600	23.9
48681	-2716545600	24.6
48681	-2713867200	24.6
48681	-2711188800	24.9
48681	-2708683200	25.1
48681	-2706004800	24.2
48681	-2703412800	22
48681	-2700734400	21.3
48681	-2698142400	21.2
48681	-2695464000	22.6
48681	-2692785600	20.8
48681	-2690193600	22.2
48681	-2687515200	23.8
48681	-2684923200	24.6
48681	-2682244800	25.9
48681	-2679566400	26.3
48681	-2677147200	24.7
48681	-2674468800	26.3
48681	-2671876800	24.1
48681	-2669198400	21.9
48681	-2666606400	22.1
48681	-2663928000	21.5
48681	-2661249600	22.3
48681	-2658657600	22.1
48681	-2655979200	24.2
48681	-2653387200	25.5
48681	-2650708800	26
48681	-2648030400	25.3
48681	-2645611200	26.2
48681	-2642932800	24.9
48681	-2640340800	21.5
48681	-2637662400	20.5
48681	-2635070400	19.5
48681	-2632392000	19.3
48681	-2629713600	21.1
48681	-2627121600	21.6
48681	-2624443200	23.6
48681	-2621851200	23.9
48681	-2619172800	26.3
48681	-2616494400	26.1
48681	-2614075200	25.2
48681	-2611396800	24.3
48681	-2608804800	21.6
48681	-2606126400	21.5
48681	-2603534400	20.3
48681	-2600856000	23.2
48681	-2598177600	21.6
48681	-2595585600	23.1
48681	-2592907200	22.5
48681	-2590315200	25.6
48681	-2587636800	23.5
48681	-2584958400	26.1
48681	-2582452800	25.5
48681	-2579774400	23.7
48681	-2577182400	22.7
48681	-2574504000	21.4
48681	-2571912000	20.4
48681	-2569233600	21.1
48681	-2566555200	22.6
48681	-2563963200	24.5
48681	-2561284800	24.8
48681	-2558692800	26.6
48681	-2556014400	27.7
48681	-2553336000	27.7
48681	-2550916800	27.1
48681	-2548238400	26
48681	-2545646400	23.8
48681	-2542968000	20.4
48681	-2540376000	22
48681	-2537697600	21.4
48681	-2535019200	20
48681	-2532427200	22.3
48681	-2529748800	24.2
48681	-2527156800	27.8
48681	-2524478400	26.8
48681	-2521800000	26.9
48681	-2519380800	26.6
48681	-2516702400	24
48681	-2514110400	22.6
48681	-2511432000	20.1
48681	-2508840000	20.5
48681	-2506161600	20.9
48681	-2503483200	22.3
48681	-2500891200	22.2
48681	-2498212800	23.7
48681	-2495620800	24.6
48681	-2492942400	26.1
48681	-2490264000	27.2
48681	-2487844800	26.1
48681	-2485166400	24.7
48681	-2482574400	22.4
48681	-2479896000	22.3
48681	-2477304000	20.7
48681	-2474625600	20.1
48681	-2471947200	21.6
48681	-2469355200	22.1
48681	-2466676800	23.9
48681	-2464084800	24.2
48681	-2461406400	26.9
48681	-2458728000	27.4
48681	-2456222400	28
48681	-2453544000	23.9
48681	-2450952000	21.3
48681	-2448273600	21.1
48681	-2445681600	19.8
48681	-2443003200	20.2
48681	-2440324800	21.2
48681	-2437732800	22
48681	-2435054400	23.7
48681	-2432462400	25.3
48681	-2429784000	26.4
48681	-2427105600	25
48681	-2424686400	25.5
48681	-2422008000	23.4
48681	-2419416000	21.9
48681	-2416737600	20.3
48681	-2414145600	20.1
48681	-2411467200	19.7
48681	-2408788800	20.3
48681	-2406196800	21.5
48681	-2403518400	22
48681	-2400926400	24.7
48681	-2398248000	27.7
48681	-2395569600	28.1
48681	-2393150400	25.9
48681	-2390472000	23.9
48681	-2387880000	22.7
48681	-2385201600	19.6
48681	-2382609600	19.4
48681	-2379931200	21.2
48681	-2377252800	21.9
48681	-2374660800	23.9
48681	-2371982400	23.9
48681	-2369390400	25.1
48681	-2366712000	25.8
48681	-2364033600	25.2
48681	-2361614400	24.7
48681	-2358936000	24.8
48681	-2356344000	22.6
48681	-2353665600	21.2
48681	-2351073600	20.8
48681	-2348395200	21.1
48681	-2345716800	20.6
48681	-2343124800	22.6
48681	-2340446400	23.3
48681	-2337854400	25.6
48681	-2335176000	25
48681	-2332497600	26.3
48681	-2329992000	26.1
48681	-2327313600	23.2
48681	-2324721600	21.4
48681	-2322043200	21.6
48681	-2319451200	20
48681	-2316772800	21.1
48681	-2314094400	21.1
48681	-2311502400	22.2
48681	-2308824000	23.9
48681	-2306232000	26.3
48681	-2303553600	25.9
48681	-2300875200	25.8
48681	-2298456000	25.1
48681	-2295777600	25
48681	-2293185600	23
48681	-2290507200	20.8
48681	-2287915200	19.4
48681	-2285236800	20.4
48681	-2282558400	20.5
48681	-2279966400	22.1
48681	-2277288000	23
48681	-2274696000	25.3
48681	-2272017600	26.4
48681	-2269339200	26.8
48681	-2266920000	25.7
48681	-2264241600	25.1
48681	-2261649600	21.9
48681	-2258971200	22.1
48681	-2256379200	21.2
48681	-2253700800	21.6
48681	-2251022400	20.3
48681	-2248430400	21.3
48681	-2245752000	23.1
48681	-2243160000	25.1
48681	-2240481600	25.9
48681	-2237803200	26.8
48681	-2235384000	27.5
48681	-2232705600	25.6
48681	-2230113600	23.3
48681	-2227435200	20.6
48681	-2224843200	21.3
48681	-2222164800	22.2
48681	-2219486400	21.6
48681	-2216894400	22.7
48681	-2214216000	24.2
48681	-2211624000	24.1
48681	-2208945600	25.5
48681	-2206267200	25.6
48681	-2203848000	25.5
48681	-2201169600	23.4
48681	-2198577600	21.9
48681	-2195899200	20.9
48681	-2193307200	21.5
48681	-2190628800	20.9
48681	-2187950400	21
48681	-2185358400	22.3
48681	-2182680000	23.6
48681	-2180088000	25.6
48681	-2177409600	25.5
48681	-2174731200	25.7
48681	-2172312000	25.1
48681	-2169633600	24
48681	-2167041600	22.2
48681	-2164363200	20.7
48681	-2161771200	21.6
48681	-2159092800	21.1
48681	-2156414400	21.1
48681	-2153822400	21.6
48681	-2151144000	22.2
48681	-2148552000	23.3
48681	-2145873600	25.4
48681	-2143195200	26.6
48681	-2140776000	25.4
48681	-2138097600	24.7
48681	-2135505600	23.3
48681	-2132827200	22.4
48681	-2130235200	22.7
48681	-2127556800	21.3
48681	-2124878400	21
48681	-2122286400	22.5
48681	-2119608000	26.5
48681	-2117016000	26.7
48681	-2114337600	25
48681	-2111659200	27.2
48681	-2109240000	26.8
48681	-2106561600	23.6
48681	-2103969600	21.5
48681	-2101291200	22.6
48681	-2098699200	20.8
48681	-2096020800	21.7
48681	-2093342400	22.2
48681	-2090750400	23.2
48681	-2088072000	24.8
48681	-2085480000	26.3
48681	-2082801600	26
48681	-2080123200	26.7
48681	-2077617600	25.5
48681	-2074939200	23.4
48681	-2072347200	21.2
48681	-2069668800	20.6
48681	-2067076800	20.6
48681	-2064398400	21.2
48681	-2061720000	22.2
48681	-2059128000	22.7
48681	-2056449600	23.5
48681	-2053857600	24.3
48681	-2051179200	25.5
48681	-2048500800	27.1
48681	-2046081600	24.4
48681	-2043403200	24.1
48681	-2040811200	23.7
48681	-2038132800	22.2
48681	-2035540800	21.5
48681	-2032862400	22
48681	-2030184000	22.1
48681	-2027592000	23.9
48681	-2024913600	24
48681	-2022321600	26.3
48681	-2019643200	24.4
48681	-2016964800	25.4
48681	-2014545600	25
48681	-2011867200	24.5
48681	-2009275200	24
48681	-2006596800	23.1
48681	-2004004800	22.8
48681	-2001326400	22.2
48681	-1998648000	22.1
48681	-1996056000	23.4
48681	-1993377600	24.1
48681	-1990785600	25
48681	-1988107200	24.8
48681	-1985428800	25.8
48681	-1983009600	25.6
48681	-1980331200	24.1
48681	-1977739200	21.4
48681	-1975060800	22.7
48681	-1972468800	20.8
48681	-1969790400	20.3
48681	-1967112000	23
48681	-1964520000	22.3
48681	-1961841600	23.7
48681	-1959249600	25.8
48681	-1956571200	26
48681	-1953892800	25.7
48681	-1951387200	24.8
48681	-1948708800	24.7
48681	-1946116800	23
48681	-1943438400	22.4
48681	-1940846400	21.8
48681	-1938168000	21.2
48681	-1935489600	21.8
48681	-1932897600	22.5
48681	-1930219200	24.6
48681	-1927627200	25.9
48681	-1924948800	26.5
48681	-1922270400	27.7
48681	-1919851200	26.2
48681	-1917172800	24.2
48681	-1914580800	21.8
48681	-1911902400	21.4
48681	-1909310400	21.7
48681	-1906632000	21.5
48681	-1903953600	21.6
48681	-1901361600	21.7
48681	-1898683200	23.2
48681	-1896091200	24.2
48681	-1893412800	26.7
48681	-1890734400	25.8
48681	-1888315200	26.1
48681	-1885636800	25.2
48681	-1883044800	21.6
48681	-1880366400	22.4
48681	-1877774400	20.5
48681	-1875096000	22
48681	-1872417600	21.8
48681	-1869825600	20.6
48681	-1867147200	22.8
48681	-1864555200	23.8
48681	-1861876800	26.8
48681	-1859198400	26.2
48681	-1856779200	24.7
48681	-1854100800	24.4
48681	-1851508800	22.6
48681	-1848830400	20
48681	-1846238400	19.9
48681	-1843560000	20.9
48681	-1840881600	21.4
48681	-1838289600	22.2
48681	-1835611200	25.9
48681	-1833019200	25.9
48681	-1830340800	25.6
48681	-1827662400	27.2
48681	-1825156800	25.6
48681	-1822478400	24.3
48681	-1819886400	23.8
48681	-1817208000	21.8
48681	-1814616000	20.1
48681	-1811937600	21.8
48681	-1809259200	19.9
48681	-1806667200	21.2
48681	-1803988800	25.2
48681	-1801396800	24.6
48681	-1798718400	25.3
48681	-1796040000	26.3
48681	-1793620800	26.2
48681	-1790942400	24.9
48681	-1788350400	22.8
48681	-1785672000	20.9
48681	-1783080000	22.4
48681	-1780401600	21.6
48681	-1777723200	22.5
48681	-1775131200	22.5
48681	-1772452800	23.7
48681	-1769860800	23.7
48681	-1767182400	26.4
48681	-1764504000	26.3
48681	-1762084800	26.5
48681	-1759406400	24.1
48681	-1756814400	21.6
48681	-1754136000	23.5
48681	-1751544000	23.1
48681	-1748865600	22.3
48681	-1746187200	23.6
48681	-1743595200	23.3
48681	-1740916800	25.5
48681	-1738324800	24.6
48681	-1735646400	26.9
48681	-1732968000	26.7
48681	-1730548800	25.7
48681	-1727870400	25.8
48681	-1725278400	25.5
48681	-1722600000	22.1
48681	-1720008000	21.5
48681	-1717329600	22.5
48681	-1714651200	22.6
48681	-1712059200	22.3
48681	-1709380800	23.1
48681	-1706788800	24
48681	-1704110400	25.2
48681	-1701432000	25.1
48681	-1698926400	24.8
48681	-1696248000	23.9
48681	-1693656000	23
48681	-1690977600	22.8
48681	-1688385600	21.5
48681	-1685707200	21.4
48681	-1683028800	23.2
48681	-1680436800	21.8
48681	-1677758400	23.9
48681	-1675166400	24.4
48681	-1672488000	26.1
48681	-1669809600	26.1
48681	-1667390400	24.9
48681	-1664712000	23.3
48681	-1662120000	20.9
48681	-1659441600	19.6
48681	-1656849600	19.8
48681	-1654171200	20
48681	-1651492800	21.1
48681	-1648900800	21.3
48681	-1646222400	22.1
48681	-1643630400	24.1
48681	-1640952000	25.8
48681	-1638273600	25.9
48681	-1635854400	25.6
48681	-1633176000	24.5
48681	-1630584000	23.4
48681	-1627905600	21.4
48681	-1625313600	19.9
48681	-1622635200	19.9
48681	-1619956800	21.1
48681	-1617364800	22.6
48681	-1614686400	23.2
48681	-1612094400	23.8
48681	-1609416000	24.7
48681	-1606737600	24.9
48681	-1604318400	24.4
48681	-1601640000	24.4
48681	-1599048000	23.2
48681	-1596369600	21.8
48681	-1593777600	21.5
48681	-1591099200	20.4
48681	-1588420800	22.9
48681	-1585828800	23.5
48681	-1583150400	25.5
48681	-1580558400	25
48681	-1577880000	26.2
48681	-1575201600	26.6
48681	-1572696000	25.5
48681	-1570017600	24.7
48681	-1567425600	22.3
48681	-1564747200	21.8
48681	-1562155200	22.5
48681	-1559476800	19.7
48681	-1556798400	21.1
48681	-1554206400	22.7
48681	-1551528000	24.3
48681	-1548936000	24.4
48681	-1546257600	25.8
48681	-1543579200	27
48681	-1541160000	25.9
48681	-1538481600	23.8
48681	-1535889600	22.5
48681	-1533211200	21.3
48681	-1530619200	19.8
48681	-1527940800	22.6
48681	-1525262400	21.4
48681	-1522670400	21.6
48681	-1519992000	22.3
48681	-1517400000	24.2
48681	-1514721600	26.6
48681	-1512043200	26.3
48681	-1509624000	26.3
48681	-1506945600	24.3
48681	-1504353600	23
48681	-1501675200	21.7
48681	-1499083200	20.9
48681	-1496404800	22.3
48681	-1493726400	22.3
48681	-1491134400	22.5
48681	-1488456000	24.1
48681	-1485864000	25.2
48681	-1483185600	26.4
48681	-1480507200	26.3
48681	-1478088000	26.5
48681	-1475409600	25.7
48681	-1472817600	23.3
48681	-1470139200	22
48681	-1467547200	19.6
48681	-1464868800	21.5
48681	-1462190400	22
48681	-1459598400	22.4
48681	-1456920000	24
48681	-1454328000	26.4
48681	-1451649600	25.2
48681	-1448971200	25.3
48681	-1446465600	26.1
48681	-1443787200	25.2
48681	-1441195200	23.2
48681	-1438516800	21.8
48681	-1435924800	20.8
48681	-1433246400	20.6
48681	-1430568000	21.3
48681	-1427976000	21
48681	-1425297600	23.1
48681	-1422705600	24.5
48681	-1420027200	25.6
48681	-1417348800	26.1
48681	-1414929600	24.8
48681	-1412251200	24.8
48681	-1409659200	23.2
48681	-1406980800	20
48681	-1404388800	19.1
48681	-1401710400	22.6
48681	-1399032000	22.1
48681	-1396440000	21
48681	-1393761600	23.7
48681	-1391169600	25.8
48681	-1388491200	25.8
48681	-1385812800	24.7
48681	-1383393600	25.6
48681	-1380715200	24.2
48681	-1378123200	22.3
48681	-1375444800	22.1
48681	-1372852800	21.3
48681	-1370174400	21.5
48681	-1367496000	23.2
48681	-1364904000	23.2
48681	-1362225600	24.5
48681	-1359633600	25.4
48681	-1356955200	25.7
48681	-1354276800	26.1
48681	-1351857600	25.9
48681	-1349179200	24.9
48681	-1346587200	22.5
48681	-1343908800	21.3
48681	-1341316800	20.2
48681	-1338638400	21.1
48681	-1335960000	21.8
48681	-1333368000	22.7
48681	-1330689600	24.2
48681	-1328097600	24.9
48681	-1325419200	25.3
48681	-1322740800	26.8
48681	-1320235200	26.5
48681	-1317556800	25.7
48681	-1314964800	23.3
48681	-1312286400	23.1
48681	-1309694400	21.3
48681	-1307016000	21.2
48681	-1304337600	22.4
48681	-1301745600	22.3
48681	-1299067200	23.7
48681	-1296475200	25.1
48681	-1293796800	26.1
48681	-1291118400	26.5
48681	-1288699200	25.6
48681	-1286020800	23
48681	-1283428800	21.5
48681	-1280750400	21.9
48681	-1278158400	20.4
48681	-1275480000	21.8
48681	-1272801600	22.6
48681	-1270209600	24
48681	-1267531200	22.6
48681	-1264939200	27
48681	-1262260800	27.2
48681	-1259582400	26.7
48681	-1257163200	26.4
48681	-1254484800	24.1
48681	-1251892800	22.8
48681	-1249214400	23.5
48681	-1246622400	21.8
48681	-1243944000	21.9
48681	-1241265600	21.5
48681	-1238673600	23.4
48681	-1235995200	23
48681	-1233403200	24.9
48681	-1230724800	26.2
48681	-1228046400	25.3
48681	-1225627200	26
48681	-1222948800	25.1
48681	-1220356800	22.8
48681	-1217678400	21.7
48681	-1215086400	21.7
48681	-1212408000	20.6
48681	-1209729600	21.2
48681	-1207137600	22.4
48681	-1204459200	23
48681	-1201867200	24.8
48681	-1199188800	25.3
48681	-1196510400	27
48681	-1194004800	26.4
48681	-1191326400	25.8
48681	-1188734400	22.7
48681	-1186056000	21.7
48681	-1183464000	22.6
48681	-1180785600	20.9
48681	-1178107200	23
48681	-1175515200	23.9
48681	-1172836800	24.1
48681	-1170244800	25.7
48681	-1167566400	25.5
48681	-1164888000	26.6
48681	-1162468800	25.4
48681	-1159790400	23.2
48681	-1157198400	22
48681	-1154520000	20.4
48681	-1151928000	20.3
48681	-1149249600	20.7
48681	-1146571200	21.4
48681	-1143979200	22.3
48681	-1141300800	22.4
48681	-1138708800	23.2
48681	-1136030400	26.3
48681	-1133352000	26.4
48681	-1130932800	26.1
48681	-1128254400	25
48681	-1125662400	23.1
48681	-1122984000	22.4
48681	-1120392000	20.4
48681	-1117713600	20.8
48681	-1115035200	22.1
48681	-1112443200	21.8
48681	-1109764800	23.7
48681	-1107172800	24.6
48681	-1104494400	25.3
48681	-1101816000	26.6
48681	-1099396800	26.8
48681	-1096718400	23.7
48681	-1094126400	21.5
48681	-1091448000	22.4
48681	-1088856000	22.8
48681	-1086177600	21.5
48681	-1083499200	22.2
48681	-1080907200	23.2
48681	-1078228800	23.8
48681	-1075636800	25.9
48681	-1072958400	26.9
48681	-1070280000	25.8
48681	-1067774400	25.7
48681	-1065096000	25.3
48681	-1062504000	25.2
48681	-1059825600	23.5
48681	-1057233600	21.9
48681	-1054555200	20.9
48681	-1051876800	21.3
48681	-1049284800	22.5
48681	-1046606400	23.9
48681	-1044014400	24.7
48681	-1041336000	24.7
48681	-1038657600	26.8
48681	-1036238400	26.4
48681	-1033560000	24.8
48681	-1030968000	22
48681	-1028289600	21.9
48681	-1025697600	22.3
48681	-1023019200	22.9
48681	-1020340800	21.3
48681	-1017748800	22.3
48681	-1015070400	22.8
48681	-1012478400	23.2
48681	-1009800000	27.6
48681	-1007121600	26.3
48681	-1004702400	26.8
48681	-1002024000	24.6
48681	-999432000	22.5
48681	-996753600	21.5
48681	-994161600	20.9
48681	-991483200	21
48681	-988804800	22.2
48681	-986212800	23
48681	-983534400	24.4
48681	-980942400	24.4
48681	-978264000	26.1
48681	-975585600	26.9
48681	-973166400	27
48681	-970488000	24.5
48681	-967896000	23.7
48681	-965217600	22.3
48681	-962625600	20.5
48681	-959947200	21.9
48681	-957268800	21.1
48681	-954676800	22.2
48681	-951998400	23.9
48681	-949406400	24.3
48681	-946728000	26.5
48681	-944049600	25.4
48681	-941544000	26
48681	-938865600	25.8
48681	-936273600	23.8
48681	-933595200	22.1
48681	-931003200	22
48681	-928324800	21.4
48681	-925646400	21.2
48681	-923054400	22.5
48681	-920376000	23.1
48681	-917784000	26.8
48681	-915105600	25.8
48681	-912427200	26.6
48681	-910008000	25
48681	-907329600	25.9
48681	-904737600	23.4
48681	-902059200	20.7
48681	-899467200	20.3
48681	-896788800	22.6
48681	-894110400	20
48681	-891518400	21.9
48681	-888840000	24.1
48681	-886248000	25.1
48681	-883569600	26.1
48681	-880891200	26.8
48681	-878472000	26.1
48681	-875793600	23.7
48681	-873201600	22.2
48681	-870523200	21.4
48681	-867931200	18.7
48681	-865252800	20.6
48681	-862574400	20.8
48681	-859982400	22.2
48681	-857304000	22.9
48681	-854712000	23.4
48681	-852033600	24.6
48681	-849355200	25.5
48681	-846936000	25.6
48681	-844257600	22.4
48681	-841665600	22.5
48681	-838987200	21.8
48681	-836395200	20.1
48681	-833716800	18.9
48681	-831038400	20.2
48681	-828446400	21.6
48681	-825768000	23.1
48681	-823176000	23.1
48681	-820497600	26
48681	-817819200	25.7
48681	-815313600	26
48681	-812635200	22.6
48681	-810043200	21.3
48681	-807364800	21.3
48681	-804772800	19.4
48681	-802094400	20.8
48681	-799416000	21.5
48681	-796824000	23.3
48681	-794145600	22.7
48681	-791553600	24
48681	-788875200	25.2
48681	-786196800	26.8
48681	-783777600	24.9
48681	-781099200	23.3
48681	-778507200	20.7
48681	-775828800	20.4
48681	-773236800	20.6
48681	-770558400	22
48681	-767880000	20.4
48681	-765288000	21.9
48681	-762609600	23.3
48681	-760017600	23.5
48681	-757339200	25.9
48681	-754660800	27.9
48681	-752241600	25.4
48681	-749563200	23.1
48681	-746971200	23.3
48681	-744292800	21.3
48681	-741700800	21.2
48681	-739022400	22.1
48681	-736344000	22.8
48681	-733752000	22.9
48681	-731073600	23.9
48681	-728481600	24.7
48681	-725803200	26.5
48681	-723124800	26.5
48681	-720705600	24.3
48681	-718027200	23.3
48681	-715435200	23.1
48681	-712756800	22
48681	-710164800	20
48681	-707486400	20.4
48681	-704808000	21.1
48681	-702216000	20.6
48681	-699537600	21.9
48681	-696945600	23.7
48681	-694267200	27.3
48681	-691588800	26.5
48681	-689083200	24.5
48681	-686404800	23.8
48681	-683812800	22.3
48681	-681134400	21.3
48681	-678542400	22.5
48681	-675864000	20.8
48681	-673185600	21.7
48681	-670593600	21.8
48681	-667915200	23.5
48681	-665323200	24.6
48681	-662644800	25.7
48681	-659966400	25.2
48681	-657547200	26.7
48681	-654868800	24.1
48681	-652276800	22.1
48681	-649598400	22.4
48681	-647006400	20.3
48681	-644328000	21.3
48681	-641649600	21.5
48681	-639057600	21.4
48681	-636379200	22.4
48681	-633787200	24.4
48681	-631108800	25.8
48681	-628430400	26.4
48681	-626011200	25.9
48681	-623332800	24.6
48681	-620740800	23.7
48681	-618062400	22
48681	-615470400	21.4
48681	-612792000	22.8
48681	-610113600	22.7
48681	-607521600	22.9
48681	-604843200	22.9
48681	-602251200	25
48681	-599572800	26
48681	-596894400	26
48681	-594475200	25.1
48681	-591796800	22.7
48681	-589204800	22.4
48681	-586526400	20.7
48681	-583934400	19.6
48681	-581256000	19.6
48681	-578577600	21.5
48681	-575985600	22.5
48681	-573307200	24
48681	-570715200	22.8
48681	-568036800	25.5
48681	-565358400	25.3
48681	-562852800	25.5
48681	-560174400	23.4
48681	-557582400	22.7
48681	-554904000	21.9
48681	-552312000	21.1
48681	-549633600	22.4
48681	-546955200	21.7
48681	-544363200	23.8
48681	-541684800	23.9
48681	-539092800	26
48681	-536414400	27.3
48681	-533736000	25.9
48681	-531316800	26.8
48681	-528638400	24.6
48681	-526046400	22.8
48681	-523368000	21.8
48681	-520776000	20.3
48681	-518097600	21.9
48681	-515419200	22.7
48681	-512827200	23.4
48681	-510148800	23.6
48681	-507556800	24.4
48681	-504878400	27.5
48681	-502200000	27.1
48681	-499780800	26.4
48681	-497102400	23.8
48681	-494510400	22.5
48681	-491832000	22.6
48681	-489240000	22.1
48681	-486561600	22.2
48681	-483883200	23
48681	-481291200	22.3
48681	-478612800	23.4
48681	-476020800	25.1
48681	-473342400	25.9
48681	-470664000	26.5
48681	-468244800	25.9
48681	-465566400	23.9
48681	-462974400	22.5
48681	-460296000	21.6
48681	-457704000	21.8
48681	-455025600	21.3
48681	-452347200	22.3
48681	-449755200	21.1
48681	-447076800	22.3
48681	-444484800	25.1
48681	-441806400	27.8
48681	-439128000	26.6
48681	-436622400	25.8
48681	-433944000	24.4
48681	-431352000	21.4
48681	-428673600	20.3
48681	-426081600	20.6
48681	-423403200	19.7
48681	-420724800	22.2
48681	-418132800	21.8
48681	-415454400	22.3
48681	-412862400	23.9
48681	-410184000	26.8
48681	-407505600	26.6
48681	-405086400	25.8
48681	-402408000	24.4
48681	-399816000	21.8
48681	-397137600	21.1
48681	-394545600	21
48681	-391867200	21.7
48681	-389188800	21.8
48681	-386596800	24.6
48681	-383918400	23.2
48681	-381326400	25.9
48681	-378648000	26.6
48681	-375969600	27.7
48681	-373550400	26.1
48681	-370872000	24.2
48681	-368280000	23
48681	-365601600	21.6
48681	-363009600	21.6
48681	-360331200	23.3
48681	-357652800	22.5
48681	-355060800	23.7
48681	-352382400	25.7
48681	-349790400	26.9
48681	-347112000	27.1
48681	-344433600	27.6
48681	-342014400	25.5
48681	-339336000	27.1
48681	-336744000	23.8
48681	-334065600	21.8
48681	-331473600	22.9
48681	-328795200	21.9
48681	-326116800	23.5
48681	-323524800	23.6
48681	-320846400	24.1
48681	-318254400	25.5
48681	-315576000	25.7
48681	-312897600	25.5
48681	-310392000	24.7
48681	-307713600	24.2
48681	-305121600	21.5
48681	-302443200	21.1
48681	-299851200	21.2
48681	-297172800	22.1
48681	-294494400	22.2
48681	-291902400	25.2
48681	-289224000	24.1
48681	-286632000	22.6
48681	-283953600	26.6
48681	-281275200	26.5
48681	-278856000	26.2
48681	-276177600	25.4
48681	-273585600	22.9
48681	-270907200	22.2
48681	-268315200	21.8
48681	-265636800	23.1
48681	-262958400	24.3
48681	-260366400	25.1
48681	-257688000	24.9
48681	-255096000	25.6
48681	-252417600	25.3
48681	-249739200	25.9
48681	-247320000	26.2
48681	-244641600	23.9
48681	-242049600	22.2
48681	-239371200	19.9
48681	-236779200	20.2
48681	-234100800	21.4
48681	-231422400	22.3
48681	-228830400	22.3
48681	-226152000	23.6
48681	-223560000	24.7
48681	-220881600	27.1
48681	-218203200	25.9
48681	-215784000	27
48681	-213105600	24.3
48681	-210513600	22.5
48681	-207835200	21.2
48681	-205243200	21.3
48681	-202564800	21.8
48681	-199886400	23.2
48681	-197294400	23.1
48681	-194616000	24.3
48681	-192024000	24.3
48681	-189345600	25
48681	-186667200	25.6
48681	-184161600	25.5
48681	-181483200	24.2
48681	-178891200	21.9
48681	-176212800	20.7
48681	-173620800	19.1
48681	-170942400	21.7
48681	-168264000	22.6
48681	-165672000	22
48681	-162993600	22.9
48681	-160401600	24.5
48681	-157723200	24.7
48681	-155044800	26.4
48681	-152625600	25.3
48681	-149947200	24.8
48681	-147355200	23
48681	-144676800	22.7
48681	-142084800	21.3
48681	-139406400	22.7
48681	-136728000	23.6
48681	-134136000	23.7
48681	-131457600	24.7
48681	-128865600	27.3
48681	-126187200	27.4
48681	-123508800	28.9
48681	-121089600	26.8
48681	-118411200	24.2
48681	-115819200	22.8
48681	-113140800	22.7
48681	-110548800	22.1
48681	-107870400	21.1
48681	-105192000	21.7
48681	-102600000	23.2
48681	-99921600	23.8
48681	-97329600	26
48681	-94651200	26
48681	-91972800	26.9
48681	-89553600	25.7
48681	-86875200	24.4
48681	-84283200	23.4
48681	-81604800	22.2
48681	-79012800	21.1
48681	-76334400	22.9
48681	-73656000	22.5
48681	-71064000	24.1
48681	-68385600	23.5
48681	-65793600	23.4
48681	-63115200	26
48681	-60436800	24.8
48681	-57931200	25.6
48681	-55252800	22.6
48681	-52660800	20.7
48681	-49982400	20.4
48681	-47390400	20.3
48681	-44712000	20.3
48681	-42033600	20.9
48681	-39441600	22.4
48681	-36763200	23.8
48681	-34171200	25.5
48681	-31492800	27.1
48681	-28814400	27.2
48681	-26395200	25.7
48681	-23716800	24.1
48681	-21124800	23.5
48681	-18446400	22.2
48681	-15854400	20.9
48681	-13176000	21.3
48681	-10497600	22.7
48681	-7905600	21.7
48681	-5227200	24.7
48681	-2635200	23.9
48681	43200	25.8
48681	2721600	27.1
48681	5140800	26
48681	7819200	24.2
48681	10411200	23.6
48681	13089600	23
48681	15681600	20.9
48681	18360000	20.9
48681	21038400	21.2
48681	23630400	21.9
48681	26308800	22.2
48681	28900800	26.7
48681	31579200	28.2
48681	34257600	27.3
48681	36676800	26.6
48681	39355200	24.4
48681	41947200	23.2
48681	44625600	21.3
48681	47217600	21.6
48681	49896000	21.6
48681	52574400	21.4
48681	55166400	22
48681	57844800	22.7
48681	60436800	25.2
48681	63115200	26.6
48681	65793600	26.2
48681	68299200	26.4
48681	70977600	23.9
48681	73569600	23.3
48681	76248000	23.6
48681	78840000	21.7
48681	81518400	22.4
48681	84196800	22.5
48681	86788800	23
48681	89467200	24.4
48681	92059200	25.7
48681	94737600	27.4
48681	97416000	27.9
48681	99835200	25.8
48681	102513600	26.4
48681	105105600	22.9
48681	107784000	23.3
48681	110376000	22.9
48681	113054400	21.8
48681	115732800	21.8
48681	118324800	22.4
48681	121003200	22.9
48681	123595200	25.9
48681	126273600	25.9
48681	128952000	25.9
48681	131371200	25.6
48681	134049600	24.1
48681	136641600	23.1
48681	139320000	21.1
48681	141912000	21.3
48681	144590400	21.8
48681	147268800	22.3
48681	149860800	22.5
48681	152539200	24.4
48681	155131200	24.4
48681	157809600	25.4
48681	160488000	26.5
48681	162907200	26.5
48681	165585600	22.9
48681	168177600	21.4
48681	170856000	20.8
48681	173448000	19.9
48681	176126400	22.7
48681	178804800	22
48681	181396800	22
48681	184075200	23.5
48681	186667200	25.5
48681	189345600	26.5
48681	192024000	25.9
48681	194529600	25.4
48681	197208000	25
48681	199800000	22.3
48681	202478400	21.5
48681	205070400	20.5
48681	207748800	22.4
48681	210427200	21.3
48681	213019200	22
48681	215697600	24
48681	218289600	25.2
48681	220968000	25.8
48681	223646400	26.7
48681	226065600	26.2
48681	228744000	24.7
48681	231336000	22.7
48681	234014400	22.4
48681	236606400	23.5
48681	239284800	22.6
48681	241963200	22.1
48681	244555200	23
48681	247233600	23.4
48681	249825600	24.2
48681	252504000	26.4
48681	255182400	26
48681	257601600	25.4
48681	260280000	23.7
48681	262872000	22.5
48681	265550400	20.8
48681	268142400	22.2
48681	270820800	21.5
48681	273499200	22.3
48681	276091200	22.8
48681	278769600	24.4
48681	281361600	25.1
48681	284040000	24
48681	286718400	25.5
48681	289137600	24.6
48681	291816000	23.5
48681	294408000	23.4
48681	297086400	20.8
48681	299678400	20.6
48681	302356800	22.7
48681	305035200	21.4
48681	307627200	23.6
48681	310305600	23.7
48681	312897600	25.7
48681	315576000	25.4
48681	318254400	27.1
48681	320760000	27.4
48681	323438400	24.6
48681	326030400	23.5
48681	328708800	21.9
48681	331300800	21.9
48681	333979200	22.2
48681	336657600	21.3
48681	339249600	22.8
48681	341928000	23.6
48681	344520000	26.1
48681	347198400	26.9
48681	349876800	26.7
48681	352296000	25.8
48681	354974400	23.9
48681	357566400	23
48681	360244800	21.2
48681	362836800	20.3
48681	365515200	21.8
48681	368193600	22.9
48681	370785600	22.4
48681	373464000	24.9
48681	376056000	25.6
48681	378734400	24.7
48681	381412800	26.1
48681	383832000	24.7
48681	386510400	22.9
48681	389102400	21.6
48681	391780800	22.6
48681	394372800	22
48681	397051200	22.4
48681	399729600	22
48681	402321600	23
48681	4.05e+08	25.6
48681	407592000	25.2
48681	410270400	26.6
48681	412948800	27
48681	415368000	26
48681	418046400	24.4
48681	420638400	24
48681	423316800	21.5
48681	425908800	21.6
48681	428587200	20.6
48681	431265600	20.6
48681	433857600	22.5
48681	436536000	24.4
48681	439128000	25.3
48681	441806400	27.1
48681	444484800	26.8
48681	446990400	25.7
48681	449668800	24
48681	452260800	24.7
48681	454939200	23.1
48681	457531200	22.4
48681	460209600	21.2
48681	462888000	21.7
48681	465480000	23.8
48681	468158400	23.8
48681	470750400	24.6
48681	473428800	25
48681	476107200	27.3
48681	478526400	26.7
48681	481204800	25.7
48681	483796800	22.5
48681	486475200	20.6
48681	489067200	20.9
48681	491745600	22.4
48681	494424000	21.3
48681	497016000	23
48681	499694400	23.5
48681	502286400	24.3
48681	504964800	26.7
48681	507643200	27.1
48681	510062400	26.5
48681	512740800	25.7
48681	515332800	24.5
48681	518011200	22.1
48681	520603200	20.5
48681	523281600	22.3
48681	525960000	21.8
48681	528552000	22.8
48681	531230400	24.8
48681	533822400	25.6
48681	536500800	27.1
48681	539179200	26.7
48681	541598400	25.6
48681	544276800	25.8
48681	546868800	23.1
48681	549547200	21.1
48681	552139200	22.9
48681	554817600	21.3
48681	557496000	21.2
48681	560088000	22.8
48681	562766400	24.4
48681	565358400	26.1
48681	568036800	28.5
48681	570715200	26.5
48681	573220800	26.1
48681	575899200	24.7
48681	578491200	23.1
48681	581169600	20.4
48681	583761600	19.6
48681	586440000	21.4
48681	589118400	22
48681	591710400	22.4
48681	594388800	23.3
48681	596980800	24.9
48681	599659200	26.2
48681	602337600	26.5
48681	604756800	26.7
48681	607435200	25.9
48681	610027200	22.6
48681	612705600	21.7
48681	615297600	20.3
48681	617976000	22
48681	620654400	22
48682	-142084800	20.5
48682	-139406400	23.2
48682	-136728000	24.1
48682	-134136000	23.9
48682	-131457600	24.9
48682	-128865600	27.6
48682	-126187200	27.6
48682	-123508800	29.4
48682	-121089600	26.7
48682	-118411200	24.4
48682	-115819200	22.6
48682	-113140800	22.6
48682	-110548800	22.6
48682	-107870400	21.6
48683	44625600	20.8
48683	47217600	21.4
48683	49896000	21.7
48683	52574400	22
48683	55166400	22.9
48683	57844800	23.5
48683	60436800	26.2
48683	63115200	28.1
48683	65793600	27.3
48683	68299200	27.5
48683	70977600	23.7
48683	73569600	23.2
48683	76248000	23.4
48683	78840000	21.5
48683	81518400	22.4
48683	84196800	23.2
48683	86788800	24.2
48683	89467200	25.4
48683	92059200	26.2
48683	94737600	29
48683	97416000	29.1
48683	99835200	26.2
48683	102513600	27.3
48683	105105600	22.7
48683	107784000	22.9
48683	110376000	22.2
48683	113054400	21
48683	115732800	22.3
48683	118324800	22.8
48683	121003200	23.1
48683	123595200	26.9
48684	-252417600	26.8
48684	-249739200	26.4
48684	-247320000	27.2
48684	-244641600	25.2
48684	-242049600	22.5
48684	-239371200	19.5
48685	-173620800	17.4
48685	-170942400	20.4
48685	-168264000	21.8
48685	-165672000	21.9
48685	-162993600	22.5
48685	-160401600	23.8
48685	-157723200	24.2
48685	-155044800	25
48685	-152625600	24.1
48685	-149947200	23
48685	-147355200	21.5
48685	-144676800	20.4
48685	-142084800	19.2
48685	-139406400	21.3
48685	-136728000	22.8
48685	-134136000	22.5
48685	-131457600	23.9
48685	-128865600	26.6
48685	-126187200	25.7
48685	-123508800	26.7
48685	-121089600	25.4
48685	-118411200	23.4
48685	-115819200	21
48685	-113140800	20.2
48685	-110548800	19.9
48685	-107870400	20.2
48685	-105192000	21.5
48685	-102600000	24
48685	-99921600	23.3
48685	-97329600	26.2
48685	-94651200	26.2
48685	-91972800	27.5
48685	-89553600	26.1
48685	-86875200	24.1
48685	-84283200	21.9
48685	-81604800	20.9
48685	-79012800	19.9
48685	-76334400	22.1
48685	-73656000	22.4
48685	-71064000	25.2
48685	-68385600	24.6
48685	-65793600	23.7
48685	-63115200	26.5
48685	-60436800	25
48685	-57931200	25.5
48685	-55252800	22.2
48685	-52660800	19.2
48685	-49982400	19.3
48685	-47390400	19.3
48685	-44712000	19.5
48685	-42033600	21.3
48685	-39441600	22.3
48685	-36763200	25.4
48685	-34171200	26.3
48685	-31492800	27.4
48686	315576000	24.1
48686	318254400	25.4
48686	320760000	25.1
48686	323438400	23
48686	326030400	21.2
48686	328708800	18.6
48686	331300800	19
48686	333979200	20.4
48686	336657600	20
48686	339249600	22.8
48686	341928000	23.6
48686	344520000	25.6
48686	347198400	25.2
48686	349876800	25.4
48686	352296000	24.9
48686	354974400	21.3
48686	357566400	20.1
48686	360244800	18.1
48686	362836800	16.8
48686	365515200	19.1
48686	368193600	21.1
48686	370785600	20.7
48686	373464000	24.2
48686	376056000	23.6
48686	378734400	23.6
48686	381412800	25
48686	383832000	24.1
48686	386510400	21.2
48686	389102400	19.5
48686	391780800	19.8
48686	394372800	18.6
48686	397051200	20.1
48686	399729600	20
48686	402321600	23.1
48686	4.05e+08	25.2
48686	407592000	23.2
48686	410270400	24.8
48686	412948800	25.6
48686	415368000	24.5
48686	418046400	23.1
48686	420638400	21.9
48686	423316800	19.9
48686	425908800	18.9
48686	428587200	18.7
48686	431265600	19.5
48686	433857600	22.3
48686	436536000	24.2
48686	439128000	24.2
48686	441806400	26.2
48686	444484800	26.9
48686	446990400	24.8
48686	449668800	22.3
48686	452260800	22.1
48686	454939200	20.1
48686	457531200	19.6
48686	460209600	19.1
48686	462888000	20.8
48686	465480000	24.2
48686	468158400	24.6
48686	470750400	24.3
48686	473428800	24.2
48686	476107200	25.6
48686	478526400	24.9
48686	481204800	23.2
48686	483796800	19.8
48686	486475200	17.5
48686	489067200	17.5
48686	491745600	19.7
48686	494424000	20.7
48686	497016000	23.1
48686	499694400	23.3
48686	502286400	23.7
48686	504964800	24.9
48686	507643200	25
48686	510062400	24.5
48686	512740800	23.4
48686	515332800	21.9
48686	518011200	18
48686	520603200	17.8
48686	523281600	21
48686	525960000	21.2
48686	528552000	23.3
48686	531230400	24.2
48686	533822400	23.8
48686	536500800	25.5
48686	539179200	25
48686	541598400	24.2
48686	544276800	23.5
48686	546868800	21.1
48686	549547200	18.8
48686	552139200	19.8
48686	554817600	19.6
48686	557496000	21
48686	560088000	23.5
48686	562766400	24.2
48686	565358400	24.4
48687	-231422400	22.3
48687	-228830400	22.2
48687	-226152000	23.8
48687	-223560000	23.2
48687	-220881600	25.1
48687	-218203200	23.9
48687	-215784000	25.7
48688	65793600	23.4
48688	68299200	23.4
48688	70977600	20
48688	73569600	18.3
48688	76248000	17.5
48688	78840000	17.9
48688	81518400	19.7
48688	84196800	20.6
48688	86788800	23.1
48688	89467200	23.3
48688	92059200	23.2
48688	94737600	24.7
48688	97416000	24.7
48688	99835200	24.1
48688	102513600	23
48688	105105600	19.1
48688	107784000	19.1
48688	110376000	18.4
48688	113054400	19.7
48688	115732800	21
48688	118324800	21.5
48688	121003200	22.1
48688	123595200	23.7
48688	126273600	23.8
48688	128952000	23.9
48688	131371200	23.7
48689	-202564800	19.5
48689	-199886400	22.2
48689	-197294400	23.5
48689	-194616000	23.7
48690	289137600	20.8
48690	291816000	19.2
48690	294408000	18.8
48691	-252417600	23.4
48691	-249739200	22.5
48691	-247320000	22.6
48691	-244641600	20.2
48691	-242049600	17.4
48691	-239371200	14.3
48691	-236779200	14.9
48691	-234100800	16.6
48691	-231422400	18.6
48691	-228830400	19.4
48691	-226152000	21.3
48692	-242049600	23.8
48692	-239371200	21.5
48692	-236779200	21.5
48692	-234100800	22.8
48692	-231422400	22.8
48692	-228830400	23.5
48692	-226152000	24.9
48692	-223560000	25.3
48692	-220881600	27.9
48692	-218203200	27.1
48693	-226152000	22.2
48693	-223560000	22.4
48693	-220881600	24.1
48693	-218203200	23.3
48693	-215784000	24.4
48693	-213105600	22
48693	-210513600	18.4
48693	-207835200	17
48693	-205243200	17.7
48694	-886248000	21.7
48694	-883569600	23.5
48694	-880891200	24.4
48694	-878472000	23
48695	-10497600	23.4
48695	-7905600	23
48695	-5227200	25.4
48695	-2635200	24
48695	43200	26
48695	2721600	26.7
48695	5140800	26.5
48695	7819200	24
48695	10411200	23.2
48695	13089600	22.1
48695	15681600	20.1
48695	18360000	21.3
48695	21038400	22.2
48695	23630400	22.9
48695	26308800	23.8
48695	28900800	27.6
48695	31579200	27.8
48695	34257600	28.7
48695	36676800	27.6
48695	39355200	25.6
48695	41947200	22.8
48695	44625600	21
48695	47217600	21
48695	49896000	21.9
48695	52574400	22.4
48695	55166400	22.3
48695	57844800	23.1
48695	60436800	25.9
48695	63115200	27.6
48695	65793600	27
48695	68299200	26.9
48695	70977600	23.4
48695	73569600	21.8
48695	76248000	21.6
48695	78840000	21
48695	81518400	21.9
48695	84196800	22.4
48695	86788800	24
48695	89467200	25.8
48695	92059200	25.7
48695	94737600	28.2
48695	97416000	28.2
48695	99835200	26
48695	102513600	26.8
48695	105105600	22.9
48695	107784000	23
48695	110376000	22.3
48695	113054400	22
48695	115732800	22.5
48695	118324800	23.1
48695	121003200	23.1
48695	123595200	26.1
48695	126273600	26.7
48695	128952000	27.2
48695	131371200	26.5
48695	134049600	24.2
48695	136641600	23.2
48695	139320000	20.4
48695	141912000	20.8
48695	144590400	22.3
48695	147268800	24.9
48695	149860800	24.4
48695	152539200	24.5
48695	155131200	24.4
48695	157809600	25.5
48695	160488000	27.6
48695	162907200	26.9
48695	165585600	23.2
48695	168177600	21.4
48695	170856000	21
48695	173448000	19.6
48695	176126400	22.7
48695	178804800	22.8
48695	181396800	24.2
48695	184075200	24.4
48695	186667200	26.3
48695	189345600	27.7
48695	192024000	26.8
48695	194529600	26.9
48695	197208000	25.2
48695	199800000	22.6
48695	202478400	21.5
48695	205070400	20.4
48695	207748800	21.7
48695	210427200	21.8
48695	213019200	22.7
48695	215697600	24.9
48695	218289600	25.7
48695	220968000	26.6
48695	223646400	27.5
48695	226065600	27.7
48695	228744000	24.9
48695	231336000	22.3
48695	234014400	21.9
48695	236606400	22.3
48695	239284800	22.8
48695	241963200	23
48695	244555200	24.9
48695	247233600	25.4
48695	249825600	25
48695	252504000	27
48695	255182400	26.3
48695	257601600	26.9
48695	260280000	24.3
48695	262872000	21.9
48695	265550400	20.7
48695	268142400	21.5
48695	270820800	21.3
48695	273499200	22.5
48695	276091200	24.7
48695	278769600	25.1
48695	281361600	26.1
48695	284040000	24.4
48696	-207835200	17.4
48696	-205243200	17.7
48696	-202564800	18.8
48696	-199886400	21.4
48696	-197294400	22.4
48696	-194616000	23.2
48697	289137600	26.1
48697	291816000	24.8
48697	294408000	25.3
48697	297086400	21.9
48697	299678400	21.4
48697	302356800	24
48697	305035200	22.6
48697	307627200	25.5
48697	310305600	25.3
48697	312897600	27.2
48697	315576000	26.4
48697	318254400	27.5
48697	320760000	28.3
48697	323438400	26
48697	326030400	24.8
48697	328708800	22.6
48698	289137600	22.8
48698	291816000	21
48698	294408000	21
48698	297086400	17.6
48699	-234100800	16.4
48699	-231422400	18.7
48700	315576000	24
48700	318254400	25.1
48700	320760000	25.6
48700	323438400	22.9
48701	625924800	24.6
48701	628516800	25
48701	631195200	27.8
48701	633873600	26.5
48701	636292800	26.7
48701	638971200	26.8
48701	641563200	23.1
48701	644241600	22.2
48701	646833600	21.3
48701	649512000	20.8
48701	652190400	21.6
48701	654782400	23.9
48701	657460800	25.7
48702	-102600000	23.5
48702	-99921600	23.9
48702	-97329600	26.5
48702	-94651200	26.5
48702	-91972800	27.5
48702	-89553600	26
48702	-86875200	24.7
48702	-84283200	23.9
48702	-81604800	22.8
48702	-79012800	21.5
48702	-76334400	23.9
48702	-73656000	22.8
48702	-71064000	25.3
48703	128952000	28.4
48703	131371200	27.8
48703	134049600	24.3
48703	136641600	23.3
48703	139320000	20.9
48703	141912000	21.6
48703	144590400	22.2
48703	147268800	23.3
48703	149860800	23.2
48703	152539200	24.8
48703	155131200	24.8
48703	157809600	26.9
48703	160488000	28.1
48703	162907200	27.5
48703	165585600	23.3
48703	168177600	21.8
48703	170856000	21
48703	173448000	19.8
48703	176126400	23.9
48703	178804800	23.3
48703	181396800	23.9
48703	184075200	25.5
48703	186667200	27.5
48703	189345600	29
48703	192024000	27
48703	194529600	26.6
48703	197208000	25.6
48703	199800000	22.2
48703	202478400	22.4
48704	-234100800	22.1
48704	-231422400	23.3
48704	-228830400	22.9
48704	-226152000	25.4
48704	-223560000	25.7
48704	-220881600	28.4
48705	-26395200	25.9
48705	-23716800	23.6
48705	-21124800	22.3
48705	-18446400	20.6
48705	-15854400	20.3
48705	-13176000	20.6
48705	-10497600	23.3
48705	-7905600	22.2
48705	-5227200	25.3
48705	-2635200	24.2
48706	636292800	25.8
48706	638971200	24.5
48706	641563200	19.9
48706	644241600	18.9
48706	646833600	19
48706	649512000	19.8
48706	652190400	20.9
48706	654782400	23.6
48706	657460800	25.7
48706	660052800	25
48706	662731200	24
48706	665409600	25.5
48706	667828800	24.8
48706	670507200	23.5
48706	673099200	21.5
48706	675777600	21.1
48706	678369600	19.8
48706	681048000	20.4
48706	683726400	20.8
48706	686318400	23.4
48706	688996800	24.1
48706	691588800	25.8
48706	694267200	24.3
48706	696945600	24.7
48706	699451200	25.1
48706	702129600	24.4
48706	704721600	22.7
48706	707400000	20.8
48706	709992000	19.7
48706	712670400	19.8
48706	715348800	20.8
48707	-210513600	19.5
48707	-207835200	18.2
48707	-205243200	18.5
48708	157809600	22.7
48708	160488000	24.5
48708	162907200	23.8
48708	165585600	20.5
48708	168177600	18.2
48708	170856000	17.2
48708	173448000	16.4
48708	176126400	19.3
48708	178804800	21.4
48708	181396800	22.8
48708	184075200	22.8
48708	186667200	23.4
48708	189345600	24.3
48708	192024000	23.5
48708	194529600	23.3
48708	197208000	21.7
48708	199800000	19.7
48708	202478400	18.6
48708	205070400	17.5
48708	207748800	19.7
48708	210427200	20.7
48708	213019200	21.8
48708	215697600	23
48708	218289600	22.6
48708	220968000	23.7
48708	223646400	24.1
48708	226065600	24.7
48708	228744000	22.3
48708	231336000	18.7
48708	234014400	18.6
48708	236606400	18
48708	239284800	20.7
48708	241963200	21.6
48708	244555200	23.9
48708	247233600	23.7
48708	249825600	23.9
48709	-189345600	21.5
48709	-186667200	22.5
48709	-184161600	21.8
48710	299678400	15.9
48710	302356800	17.4
48710	305035200	18.2
48710	307627200	20.4
48710	310305600	20.7
48710	312897600	21.9
48711	-220881600	24
48711	-218203200	23.3
48711	-215784000	23.6
48711	-213105600	20.8
48711	-210513600	16.4
48711	-207835200	15.6
48712	-213105600	25.9
48712	-210513600	23.6
48712	-207835200	22.3
48712	-205243200	22.1
48712	-202564800	22.2
48712	-199886400	24.1
48712	-197294400	25.2
48712	-194616000	26
48712	-192024000	25.1
48712	-189345600	25.6
48713	-199886400	22.6
48713	-197294400	23.8
48713	-194616000	24.4
48713	-192024000	23.1
48713	-189345600	22.5
48713	-186667200	22.9
48713	-184161600	22.2
48713	-181483200	22
48713	-178891200	18.2
48713	-176212800	17.1
48714	-867931200	15.1
48714	-865252800	17.2
48715	289137600	25.3
48715	291816000	23.8
48715	294408000	23.9
48715	297086400	20.5
48715	299678400	20.1
48715	302356800	23.1
48715	305035200	22.5
48716	-189345600	21.9
48716	-186667200	23.2
48716	-184161600	22
48716	-181483200	21.4
48716	-178891200	18.5
48716	-176212800	17.7
48716	-173620800	15.3
48716	-170942400	18
48716	-168264000	19.1
48716	-165672000	19.2
48716	-162993600	19.9
48716	-160401600	21.4
48716	-157723200	22.3
48716	-155044800	23.3
48716	-152625600	22.3
48716	-149947200	21.3
48716	-147355200	19.6
48716	-144676800	18.9
48716	-142084800	18
48716	-139406400	19.7
48716	-136728000	20.8
48717	333979200	23.5
48717	336657600	23
48717	339249600	24.3
48717	341928000	24.7
48717	344520000	27
48717	347198400	27.8
48717	349876800	27.5
48717	352296000	27.4
48717	354974400	24.8
48717	357566400	23.8
48717	360244800	22.3
48717	362836800	21.4
48717	365515200	22.6
48717	368193600	24.1
48717	370785600	22.9
48717	373464000	25.7
48717	376056000	25.9
48717	378734400	25.7
48717	381412800	27.7
48717	383832000	26.4
48717	386510400	24.1
48717	389102400	22.5
48717	391780800	23.9
48717	394372800	22.9
48717	397051200	23.3
48717	399729600	22.7
48717	402321600	24.5
48717	4.05e+08	27
48717	407592000	26
48717	410270400	27.2
48717	412948800	28.4
48717	415368000	27.6
48717	418046400	25.7
48717	420638400	25.2
48717	423316800	23.6
48717	425908800	23.5
48717	428587200	22.6
48717	431265600	22
48717	433857600	24.1
48717	436536000	26
48717	439128000	26.6
48717	441806400	28.7
48717	444484800	28.8
48717	446990400	27.8
48717	449668800	25.4
48717	452260800	26.4
48717	454939200	24.5
48717	457531200	23.5
48717	460209600	22.1
48717	462888000	22.9
48717	465480000	25.2
48717	468158400	25.4
48717	470750400	25.7
48717	473428800	26.3
48717	476107200	28.3
48717	478526400	27.7
48717	481204800	26.4
48717	483796800	23.5
48717	486475200	21.7
48717	489067200	21.7
48717	491745600	22.8
48717	494424000	22.4
48717	497016000	24.5
48717	499694400	25.1
48717	502286400	25.9
48718	302356800	19.9
48718	305035200	19.7
48719	-226152000	20.5
48719	-223560000	21.4
48719	-220881600	22.8
48719	-218203200	22.2
48719	-215784000	22.9
48719	-213105600	19.4
48719	-210513600	15.8
48719	-207835200	14.4
48719	-205243200	15.2
48719	-202564800	17
48720	662731200	25.6
48720	665409600	26.9
48720	667828800	26.5
48720	670507200	25.3
48721	-65793600	23.8
48721	-63115200	26.5
48721	-60436800	25.3
48721	-57931200	26.2
48721	-55252800	22.5
48721	-52660800	20.6
48721	-49982400	20.6
48721	-47390400	20.5
48721	-44712000	20.5
48721	-42033600	21.7
48721	-39441600	22.5
48721	-36763200	24.7
48721	-34171200	26.8
48721	-31492800	28.1
48721	-28814400	28.2
48721	-26395200	26.7
48721	-23716800	24.1
48721	-21124800	23.6
48721	-18446400	22.3
48721	-15854400	21.4
48721	-13176000	21.8
48721	-10497600	23.1
48721	-7905600	21.9
48722	915192000	28.9
48722	917870400	29.3
48722	920289600	28
48722	922968000	25.4
48722	925560000	22.7
48722	928238400	21.7
48722	930830400	22.9
48722	933508800	22.3
48722	936187200	23.8
48722	938779200	22.5
48722	941457600	24.3
48722	944049600	26.7
48722	946728000	28.1
48722	949406400	28
48722	951912000	26.9
48722	954590400	25.7
48722	957182400	23
48722	959860800	22.4
48722	962452800	20.4
48722	965131200	22.4
48722	967809600	22.7
48722	970401600	26.1
48722	973080000	26.1
48722	975672000	27.7
48722	978350400	29.4
48722	981028800	29.5
48722	983448000	28.8
48722	986126400	27.3
48722	988718400	23.4
48722	991396800	23.2
48723	-207835200	20.5
48723	-205243200	20.3
48723	-202564800	21.4
48724	2721600	26.9
48724	5140800	26.6
48724	7819200	23.8
48724	10411200	22.8
48724	13089600	21.3
48724	15681600	19.4
48724	18360000	19.9
48724	21038400	20.9
48724	23630400	22
48724	26308800	22.5
48724	28900800	27.8
48724	31579200	28.2
48724	34257600	28.7
48724	36676800	27.3
48725	720619200	23.9
48725	723211200	24.5
48725	725889600	25
48725	728568000	25.4
48725	730987200	25.2
48725	733665600	23.8
48726	55166400	21.9
48726	57844800	22
48726	60436800	23
48726	63115200	23.2
48726	65793600	23.9
48726	68299200	23.3
48726	70977600	19.8
48726	73569600	18.3
48726	76248000	16.9
48726	78840000	16.7
48726	81518400	19.1
48726	84196800	20.2
48726	86788800	23.2
48726	89467200	23.6
48726	92059200	23.7
48726	94737600	25
48727	-178891200	18
48727	-176212800	17.3
48727	-173620800	16.1
48727	-170942400	18.9
48727	-168264000	20.3
48727	-165672000	20.4
48727	-162993600	20.6
48727	-160401600	21.1
48727	-157723200	21.1
48727	-155044800	21.8
48727	-152625600	20.8
48727	-149947200	20.8
48728	318254400	21.4
48728	320760000	21.4
48728	323438400	20.1
48729	-202564800	16.8
48729	-199886400	19.6
48729	-197294400	22.6
48730	-176212800	22.4
48730	-173620800	20.6
48730	-170942400	22.2
48730	-168264000	22.8
48730	-165672000	23.6
48730	-162993600	23.8
48730	-160401600	25.4
48730	-157723200	26
48730	-155044800	27.5
48730	-152625600	26.8
48730	-149947200	25.8
48730	-147355200	24.5
48730	-144676800	23.4
48730	-142084800	22.8
48730	-139406400	24
48730	-136728000	24.6
48730	-134136000	24.1
48731	-170942400	19.3
48731	-168264000	20.6
48731	-165672000	20.9
48731	-162993600	20.8
48731	-160401600	21.7
48731	-157723200	21.5
48731	-155044800	22.5
48731	-152625600	21.3
48731	-149947200	21.1
48731	-147355200	19.2
48731	-144676800	18.3
48731	-142084800	17.2
48731	-139406400	18.6
48731	-136728000	21.4
48731	-134136000	21
48732	-131457600	21.6
48732	-128865600	24.6
48732	-126187200	23.9
48732	-123508800	24.6
48732	-121089600	23.7
48732	-118411200	21.2
48732	-115819200	19.3
48732	-113140800	18.8
48732	-110548800	18.1
48732	-107870400	18.3
48732	-105192000	19.2
48732	-102600000	21.4
48733	357566400	17.6
48733	360244800	15
48733	362836800	14.4
48733	365515200	16.9
48733	368193600	20.1
48733	370785600	20.3
48733	373464000	22.6
48733	376056000	22.1
48733	378734400	21.8
48733	381412800	23.5
48733	383832000	22.7
48733	386510400	19.5
48733	389102400	16.8
48733	391780800	17.6
48733	394372800	16.7
48733	397051200	18.7
48733	399729600	18.8
48733	402321600	21.6
48733	4.05e+08	23.9
48734	-197294400	22.3
48734	-194616000	22.3
48734	-192024000	21.7
48734	-189345600	21.5
48734	-186667200	21.9
48734	-184161600	20.4
48734	-181483200	20.8
48734	-178891200	16.5
48734	-176212800	14.7
48734	-173620800	13.6
48734	-170942400	16.8
48734	-168264000	18.2
48735	339249600	23.2
48735	341928000	23.2
48735	344520000	25.8
48735	347198400	25.4
48735	349876800	26.4
48735	352296000	24.7
48735	354974400	22.1
48735	357566400	21.2
48736	675777600	23.3
48736	678369600	21.5
48736	681048000	21.6
48737	-2635200	24.2
48737	43200	26.4
48737	2721600	28.1
48737	5140800	27.3
48737	7819200	24.6
48737	10411200	24.4
48737	13089600	23.2
48737	15681600	21.3
48737	18360000	21.6
48737	21038400	21.4
48737	23630400	22.3
48737	26308800	22.6
48737	28900800	27.8
48737	31579200	29
48737	34257600	29.3
48737	36676800	27.5
48737	39355200	24.6
48737	41947200	22.8
48737	44625600	21.1
48737	47217600	21.7
48737	49896000	22
48737	52574400	22
48737	55166400	22.5
48737	57844800	22.7
48737	60436800	25.6
48737	63115200	27.4
48737	65793600	27.2
48737	68299200	26.9
48737	70977600	23.9
48737	73569600	23.9
48737	76248000	24.3
48737	78840000	21.7
48737	81518400	22.6
48737	84196800	23.2
48737	86788800	23.7
48737	89467200	24.5
48738	1009886400	28
48738	1012564800	27.2
48738	1014984000	29.2
48738	1017662400	27.1
48738	1020254400	24.4
48738	1022932800	24
48738	1025524800	21.6
48738	1028203200	24.4
48738	1030881600	22.3
48738	1033473600	27.3
48738	1036152000	26.9
48738	1038744000	27.9
48738	1041422400	28.2
48738	1044100800	30.3
48738	1046520000	27.8
48738	1049198400	26.3
48738	1051790400	23.2
48738	1054468800	24
48738	1057060800	22.2
48738	1059739200	21.6
48738	1062417600	22.8
48738	1065009600	24
48738	1067688000	26.2
48738	1070280000	26.5
48739	-194616000	27.7
48739	-192024000	26.4
48739	-189345600	25.2
48739	-186667200	26.9
48739	-184161600	25.7
48739	-181483200	25.1
48739	-178891200	21.7
48739	-176212800	20.6
48739	-173620800	19.1
48739	-170942400	21.6
48739	-168264000	23.1
48739	-165672000	23.4
48740	41947200	22.4
48740	44625600	19.3
48741	99835200	25
48741	102513600	24.4
48741	105105600	19.6
48741	107784000	19
48741	110376000	17.7
48741	113054400	20.3
48741	115732800	21.6
48741	118324800	23
48741	121003200	23.6
48741	123595200	24.3
48741	126273600	24.5
48741	128952000	24.8
48741	131371200	24.1
48741	134049600	22.5
48741	136641600	19.8
48741	139320000	17.8
48741	141912000	16.4
48741	144590400	19.4
48741	147268800	21.8
48741	149860800	23.4
48741	152539200	23.5
48741	155131200	23
48741	157809600	24.3
48741	160488000	25.3
48741	162907200	24.4
48741	165585600	21.4
48741	168177600	18.5
48741	170856000	17.5
48741	173448000	15.9
48741	176126400	18.7
48742	294408000	20.3
48742	297086400	16.3
48743	-144676800	18.4
48743	-142084800	17.3
48743	-139406400	19
48743	-136728000	21.6
48743	-134136000	20.4
48743	-131457600	21.2
48743	-128865600	22.7
48743	-126187200	22.1
48743	-123508800	22.6
48743	-121089600	22
48744	328708800	15.9
48744	331300800	16
48744	333979200	16.9
48744	336657600	17.9
48744	339249600	20.2
48744	341928000	20.6
48744	344520000	22.5
48744	347198400	21.8
48745	-184161600	21
48745	-181483200	20.6
48745	-178891200	17.4
48745	-176212800	15.9
48745	-173620800	15.2
48746	-128865600	27.9
48746	-126187200	27.8
48746	-123508800	28.4
48746	-121089600	27.9
48746	-118411200	25.6
48746	-115819200	24.2
48747	-128865600	23.4
48747	-126187200	22.9
48748	-97329600	23.7
48748	-94651200	23.6
48748	-91972800	24.5
48748	-89553600	23.6
48748	-86875200	21.5
48748	-84283200	19.9
48748	-81604800	19.2
48748	-79012800	17.6
48748	-76334400	19.8
48748	-73656000	19.7
48748	-71064000	22.2
48748	-68385600	21.4
48749	410270400	22.8
48749	412948800	23.4
48750	-162993600	19
48750	-160401600	20.5
48750	-157723200	20.7
48750	-155044800	21.9
48750	-152625600	20.3
48750	-149947200	19.6
48750	-147355200	17.8
48750	-144676800	16.5
48750	-142084800	15.2
48750	-139406400	16.7
48751	365515200	19.8
48751	368193600	22.5
48751	370785600	21.3
48751	373464000	24.4
48751	376056000	24.2
48751	378734400	23.1
48752	94737600	28.5
48752	97416000	29.3
48752	99835200	26
48752	102513600	27.3
48752	105105600	22.9
48752	107784000	23.8
48752	110376000	23.1
48752	113054400	21.5
48752	115732800	22.8
48752	118324800	23.1
48752	121003200	23.4
48752	123595200	27
48752	126273600	28.1
48752	128952000	28.6
48752	131371200	27.9
48752	134049600	24.5
48752	136641600	23.8
48752	139320000	21.3
48752	141912000	22.9
48752	144590400	23.3
48753	1075636800	26.7
48753	1078142400	26.6
48753	1080820800	26
48753	1083412800	22.9
48753	1086091200	21.3
48753	1088683200	19.9
48753	1091361600	21.5
48753	1094040000	23.8
48753	1096632000	23.6
48753	1099310400	24.9
48753	1101902400	26.1
48753	1104580800	27.6
48753	1107259200	26.5
48753	1109678400	27.5
48753	1112356800	26.5
48753	1114948800	24
48753	1117627200	22.9
48753	1120219200	21.4
48753	1122897600	24.1
48753	1125576000	22.6
48753	1128168000	26
48753	1130846400	25.3
48753	1133438400	25.8
48753	1136116800	28.5
48753	1138795200	28.6
48753	1141214400	27.6
48753	1143892800	25.6
48753	1146484800	22.3
48753	1149163200	21.4
48753	1151755200	22.3
48753	1154433600	23.4
48753	1157112000	22.1
48753	1159704000	24.2
48753	1162382400	25.5
48753	1164974400	27
48753	1167652800	26.5
48753	1170331200	28.4
48753	1172750400	29
48753	1175428800	27
48753	1178020800	22.8
48753	1180699200	22.7
48753	1183291200	21.4
48753	1185969600	22.7
48753	1188648000	24.5
48753	1191240000	25.7
48753	1193918400	25.4
48753	1196510400	27.3
48753	1199188800	26.2
48753	1201867200	27.3
48753	1204372800	27.2
48753	1207051200	25.7
48753	1209643200	22.7
48753	1212321600	21.9
48753	1214913600	21.3
48753	1217592000	23
48753	1220270400	21.5
48753	1222862400	24.6
48753	1225540800	24.1
48753	1228132800	25
48753	1230811200	27
48753	1233489600	28.7
48753	1235908800	27.6
48753	1238587200	24.7
48753	1241179200	24
48753	1243857600	20.9
48753	1246449600	21.4
48753	1249128000	22.6
48753	1251806400	24.9
48753	1254398400	24.6
48753	1257076800	28.9
48753	1259668800	27.3
48753	1262347200	29.6
48753	1265025600	30.2
48753	1267444800	27.7
48753	1270123200	25.4
48753	1272715200	23.4
48753	1275393600	21
48753	1277985600	22.5
48753	1280664000	21.8
48753	1283342400	23.7
48753	1285934400	23.6
48753	1288612800	25.2
48753	1291204800	28.1
48753	1293883200	29.1
48753	1296561600	30.2
48753	1298980800	26.5
48753	1301659200	26.6
48753	1304251200	22.5
48753	1306929600	21
48753	1309521600	21.2
48753	1312200000	23.3
48753	1314878400	22.3
48753	1317470400	24.6
48753	1320148800	23.9
48753	1322740800	26.5
48753	1325419200	26.7
48753	1328097600	29.1
48753	1330603200	27.4
48754	-160401600	25.1
48754	-157723200	25.4
48754	-155044800	26.5
48754	-152625600	25.3
48754	-149947200	24.6
48754	-147355200	22.9
48754	-144676800	21.7
48754	-142084800	20.9
48754	-139406400	22.8
48754	-136728000	24.2
48754	-134136000	24.1
48754	-131457600	25.3
48755	49896000	21
48755	52574400	21.2
48755	55166400	21.6
48755	57844800	21.7
48755	60436800	25.1
48755	63115200	27.7
48755	65793600	26.7
48755	68299200	26.7
48755	70977600	22.9
48755	73569600	21.6
48756	770472000	19.6
48756	773064000	19.7
48756	775742400	20.2
48756	778420800	21.7
48756	781012800	23.6
48756	783691200	24.2
48756	786283200	25.5
48756	788961600	26.9
48756	791640000	25.6
48756	794059200	24.8
48756	796737600	23.3
48756	799329600	21.1
48756	802008000	18.3
48756	804600000	19.3
48756	807278400	21.1
48756	809956800	21.7
48756	812548800	22.4
48756	815227200	23.1
48756	817819200	24.8
48756	820497600	25.9
48756	823176000	26.4
48756	825681600	25.8
48756	828360000	23.2
48756	830952000	19.8
48756	833630400	18.9
48756	836222400	18.5
48756	838900800	18.9
48756	841579200	20.6
48756	844171200	23.2
48756	846849600	23.2
48756	849441600	25.2
48756	852120000	25.3
48756	854798400	26
48756	857217600	23.9
48756	859896000	22.6
48756	862488000	19.4
48756	865166400	18.7
48756	867758400	19
48756	870436800	19
48756	873115200	23
48756	875707200	23.7
48756	878385600	25.6
48756	880977600	25.9
48756	883656000	26.2
48756	886334400	26.5
48756	888753600	25.8
48756	891432000	23.8
48756	894024000	20.4
48756	896702400	17.2
48756	899294400	18.2
48757	199800000	19.4
48757	202478400	18
48757	205070400	17.2
48757	207748800	18.9
48757	210427200	19.9
48757	213019200	21.3
48757	215697600	22
48757	218289600	22.3
48757	220968000	23.1
48757	223646400	22.9
48757	226065600	24
48757	228744000	21.5
48757	231336000	18
48757	234014400	18.3
48757	236606400	18
48757	239284800	20.7
48757	241963200	21.1
48757	244555200	23.8
48757	247233600	23.8
48757	249825600	23.5
48757	252504000	24
48757	255182400	24
48757	257601600	23.3
48757	260280000	21.3
48757	262872000	19
48757	265550400	16.9
48757	268142400	17.7
48757	270820800	18
48757	273499200	19.9
48757	276091200	23.2
48757	278769600	23.1
48757	281361600	22.5
48757	284040000	22.9
48757	286718400	23.6
48757	289137600	22.8
48757	291816000	21.2
48757	294408000	19.8
48757	297086400	16.4
48758	302356800	19.2
48758	305035200	20.3
48758	307627200	23.1
48758	310305600	23.2
48758	312897600	24.1
48759	-115819200	18.6
48759	-113140800	17.6
48759	-110548800	18
48759	-107870400	19.1
48759	-105192000	20.4
48759	-102600000	21.9
48759	-99921600	20.7
48759	-97329600	22.6
48759	-94651200	22.2
48759	-91972800	23
48759	-89553600	22.4
48759	-86875200	21
48759	-84283200	19.2
48759	-81604800	18.5
48759	-79012800	17.6
48759	-76334400	20.1
48759	-73656000	21.2
48759	-71064000	22.1
48760	352296000	21.6
48760	354974400	18.5
48760	357566400	17.3
48760	360244800	15.9
48760	362836800	14.7
48760	365515200	16.1
48760	368193600	18
48760	370785600	17.9
48760	373464000	20.9
48760	376056000	20.6
48760	378734400	20.1
48760	381412800	21.6
48760	383832000	21.1
48760	386510400	17.7
48760	389102400	16
48760	391780800	16.6
48760	394372800	15.5
48760	397051200	17.4
48760	399729600	18.4
48760	402321600	21
48760	4.05e+08	24
48760	407592000	21.6
48761	-168264000	18.6
48761	-165672000	20
48761	-162993600	20
48761	-160401600	21.4
48761	-157723200	21.7
48761	-155044800	22.7
48761	-152625600	21.6
48761	-149947200	20.1
48761	-147355200	18.8
48762	-110548800	22.3
48762	-107870400	22.5
48762	-105192000	22.6
48762	-102600000	24.7
48762	-99921600	25
48762	-97329600	27.5
48762	-94651200	27.9
48762	-91972800	28
48762	-89553600	27.8
48763	-121089600	22.1
48763	-118411200	20.9
48763	-115819200	18.7
48763	-113140800	17.6
48763	-110548800	18.1
48763	-107870400	19.3
48763	-105192000	20.3
48763	-102600000	22.3
48763	-99921600	21.6
48763	-97329600	23.4
48763	-94651200	23.1
48763	-91972800	23.8
48763	-89553600	22.9
48763	-86875200	21
48763	-84283200	19.1
48763	-81604800	18.3
48764	326030400	23.5
48764	328708800	21.3
48764	331300800	21.4
48765	-63115200	23.4
48765	-60436800	22.1
48765	-57931200	22.7
48765	-55252800	19.6
48765	-52660800	17.3
48766	518011200	23
48766	520603200	21.6
48766	523281600	23.6
48766	525960000	22.7
48766	528552000	23.9
48766	531230400	26.2
48766	533822400	27.8
48766	536500800	28.4
48766	539179200	28.2
48766	541598400	27.1
48766	544276800	27.2
48766	546868800	24.6
48766	549547200	22.4
48766	552139200	23.8
48766	554817600	22.8
48766	557496000	23.1
48766	560088000	25.3
48766	562766400	26.1
48766	565358400	26.9
48766	568036800	28.8
48766	570715200	28.2
48766	573220800	27.4
48766	575899200	26.2
48766	578491200	24.7
48766	581169600	21.7
48766	583761600	20.4
48766	586440000	21.8
48766	589118400	23.2
48766	591710400	23.6
48766	594388800	24.5
48766	596980800	26.5
48766	599659200	28.1
48766	602337600	29.7
48766	604756800	28
48766	607435200	27.2
48766	610027200	23.4
48766	612705600	22
48766	615297600	21.4
48766	617976000	22.5
48766	620654400	23.5
48767	425908800	17.6
48767	428587200	17.5
48767	431265600	18.5
48767	433857600	20.8
48767	436536000	22.4
48767	439128000	22.5
48768	-134136000	19.6
48768	-131457600	20.8
48768	-128865600	22.3
48768	-126187200	22.2
48768	-123508800	23
48768	-121089600	21.1
48769	383832000	24
48769	386510400	21.6
48769	389102400	19.2
48770	149860800	23.6
48770	152539200	25.3
48770	155131200	25.4
48770	157809600	26.8
48770	160488000	27.9
48770	162907200	27.6
48770	165585600	24.1
48770	168177600	21.7
48770	170856000	21.5
48770	173448000	20.7
48770	176126400	24.3
48770	178804800	23.3
48770	181396800	23.2
48770	184075200	24.9
48770	186667200	27.7
48770	189345600	28.9
48770	192024000	26.8
48770	194529600	26.6
48770	197208000	25.3
48770	199800000	22.3
48770	202478400	21.7
48770	205070400	20.5
48770	207748800	21.7
48770	210427200	21.6
48770	213019200	22.8
48770	215697600	24.9
48770	218289600	26.5
48770	220968000	28.1
48770	223646400	30
48770	226065600	28.3
48770	228744000	24.6
48770	231336000	23.2
48771	-126187200	27.1
48771	-123508800	27.9
48771	-121089600	27.2
48771	-118411200	24.7
48771	-115819200	22.6
48771	-113140800	21.4
48771	-110548800	21.2
48771	-107870400	21.5
48771	-105192000	23
48771	-102600000	25.2
48772	92059200	26.1
48772	94737600	28.2
48772	97416000	28.3
48772	99835200	25.9
48773	909921600	22.5
48773	912513600	25.2
48773	915192000	26.1
48773	917870400	25.6
48773	920289600	24.9
48773	922968000	22.9
48773	925560000	19.3
48773	928238400	18.6
48773	930830400	18.8
48773	933508800	18.2
48773	936187200	20.7
48773	938779200	21.2
48773	941457600	22
48773	944049600	23.9
48773	946728000	24.8
48773	949406400	25
48773	951912000	24.1
48773	954590400	22.1
48773	957182400	19.6
48773	959860800	18.3
48773	962452800	17.6
48773	965131200	19.1
48773	967809600	20.6
48773	970401600	24.2
48773	973080000	23.2
48773	975672000	24.8
48773	978350400	25.4
48773	981028800	26.2
48773	983448000	24.9
48773	986126400	23.9
48773	988718400	20.6
48773	991396800	19.6
48773	993988800	18.5
48773	996667200	19.8
48773	999345600	20.7
48773	1001937600	21.9
48773	1004616000	24.2
48773	1007208000	24.1
48773	1009886400	24.9
48773	1012564800	24.5
48773	1014984000	25.1
48773	1017662400	23.9
48773	1020254400	21.2
48773	1022932800	19.9
48773	1025524800	19
48773	1028203200	20.9
48773	1030881600	20.4
48773	1033473600	23.9
48773	1036152000	24
48773	1038744000	25.3
48773	1041422400	25.3
48773	1044100800	25.7
48773	1046520000	24.8
48773	1049198400	22.9
48773	1051790400	19.4
48773	1054468800	19.4
48773	1057060800	18
48773	1059739200	17.6
48773	1062417600	20.5
48773	1065009600	21.9
48773	1067688000	23.3
48773	1070280000	24.7
48773	1072958400	24
48773	1075636800	24.1
48773	1078142400	23.7
48773	1080820800	23
48773	1083412800	20.2
48773	1086091200	18.3
48773	1088683200	17.8
48773	1091361600	18.8
48773	1094040000	21.8
48773	1096632000	22.2
48773	1099310400	23
48773	1101902400	23.9
48773	1104580800	24.7
48773	1107259200	24.5
48773	1109678400	24.8
48773	1112356800	24.1
48773	1114948800	21
48773	1117627200	19.2
48773	1120219200	18.2
48773	1122897600	19.8
48773	1125576000	21
48773	1128168000	23.9
48773	1130846400	22.8
48773	1133438400	23.2
48773	1136116800	25.3
48773	1138795200	25.7
48773	1141214400	25
48773	1143892800	22.8
48773	1146484800	19.3
48773	1149163200	18
48773	1151755200	17.8
48773	1154433600	19.6
48773	1157112000	20
48773	1159704000	22.8
48773	1162382400	23.5
48773	1164974400	24.7
48773	1167652800	24.7
48773	1170331200	25
48773	1172750400	25.3
48774	326030400	19.8
48774	328708800	17.1
48774	331300800	17.5
48774	333979200	19.5
48774	336657600	21.2
48774	339249600	22.2
48774	341928000	22.1
48775	-65793600	20.3
48775	-63115200	22.6
48775	-60436800	20.9
48775	-57931200	22
48776	636292800	23.4
48776	638971200	21.7
48777	-89553600	22.9
48777	-86875200	21.4
48777	-84283200	18.8
48777	-81604800	18.3
48777	-79012800	16.8
48777	-76334400	18.8
48777	-73656000	20.1
48777	-71064000	22.2
48777	-68385600	22
48777	-65793600	21.1
48777	-63115200	23.1
48777	-60436800	22.2
48777	-57931200	21.7
48777	-55252800	19.6
48777	-52660800	16
48777	-49982400	15.3
48777	-47390400	16.3
48777	-44712000	16.8
48777	-42033600	18.3
48777	-39441600	19.5
48777	-36763200	22.3
48777	-34171200	22.9
48777	-31492800	23.9
48777	-28814400	24.7
48777	-26395200	23.2
48777	-23716800	21
48777	-21124800	18.9
48777	-18446400	17.8
48777	-15854400	17.7
48777	-13176000	18.6
48777	-10497600	20.9
48777	-7905600	20.9
48777	-5227200	22.5
48777	-2635200	21.4
48777	43200	23.3
48777	2721600	23
48777	5140800	23.1
48777	7819200	20.9
48777	10411200	19.3
48777	13089600	17.8
48777	15681600	16.9
48777	18360000	18.1
48777	21038400	19.5
48777	23630400	20.9
48777	26308800	21.3
48777	28900800	24.3
48777	31579200	23.6
48777	34257600	24.5
48777	36676800	24
48777	39355200	22.3
48777	41947200	19.4
48777	44625600	18.4
48777	47217600	17.1
48777	49896000	18.9
48777	52574400	19.5
48777	55166400	19.8
48777	57844800	20.5
48777	60436800	22.4
48777	63115200	23.2
48777	65793600	22.8
48777	68299200	23.5
48777	70977600	19.4
48777	73569600	17.6
48777	76248000	16.5
48777	78840000	17.1
48777	81518400	18
48777	84196800	19.3
48777	86788800	21.1
48777	89467200	22.6
48777	92059200	22.9
48777	94737600	24.5
48777	97416000	24.8
48777	99835200	23.1
48777	102513600	23
48777	105105600	18.7
48777	107784000	18.3
48777	110376000	17.8
48777	113054400	18.5
48777	115732800	18.6
48777	118324800	20.1
48777	121003200	20.9
48777	123595200	23
48777	126273600	23.5
48777	128952000	23.7
48777	131371200	23.1
48777	134049600	21.1
48777	136641600	19.5
48777	139320000	16.5
48777	141912000	16
48777	144590400	17.6
48777	147268800	21.1
48777	149860800	21.4
48777	152539200	21.8
48777	155131200	21.6
48777	157809600	22.3
48778	-84283200	24.3
48778	-81604800	24.2
48778	-79012800	22.7
48778	-76334400	23.2
48778	-73656000	23.3
48778	-71064000	25.2
48778	-68385600	25.3
48778	-65793600	24.9
48778	-63115200	26.4
48779	-76334400	19.7
48779	-73656000	21.2
48779	-71064000	22.2
48779	-68385600	21.3
48779	-65793600	20.2
48779	-63115200	22.3
48779	-60436800	21
48779	-57931200	21.8
48779	-55252800	19.1
48779	-52660800	16
48779	-49982400	16
48779	-47390400	16.1
48779	-44712000	16.8
48779	-42033600	18.9
48779	-39441600	20.6
48779	-36763200	22.7
48779	-34171200	22
48779	-31492800	23.3
48779	-28814400	24.2
48779	-26395200	23
48779	-23716800	20.8
48779	-21124800	19
48779	-18446400	17.4
48779	-15854400	17.4
48779	-13176000	19.2
48779	-10497600	21.9
48779	-7905600	20.6
48779	-5227200	21.8
48779	-2635200	20.8
48779	43200	22.3
48779	2721600	22.2
48779	5140800	22.6
48779	7819200	20.5
48779	10411200	19.5
48779	13089600	18.3
48779	15681600	16.7
48779	18360000	17.6
48779	21038400	19.8
48779	23630400	21
48779	26308800	20.6
48779	28900800	23.6
48779	31579200	22.9
48779	34257600	23.8
48779	36676800	23.2
48779	39355200	21.4
48779	41947200	19
48779	44625600	17
48779	47217600	17.2
48779	49896000	18.6
48779	52574400	19.6
48779	55166400	19.8
48779	57844800	20.3
48779	60436800	21.9
48779	63115200	22.5
48779	65793600	22.2
48779	68299200	22.8
48779	70977600	19.1
48779	73569600	18.2
48779	76248000	17.7
48779	78840000	16.9
48779	81518400	18.7
48779	84196800	19.5
48779	86788800	21.6
48779	89467200	22.1
48779	92059200	22.7
48779	94737600	23.9
48779	97416000	24.2
48779	99835200	23.2
48779	102513600	22.8
48779	105105600	18.6
48779	107784000	18.6
48779	110376000	17.8
48779	113054400	19.7
48779	115732800	19.4
48779	118324800	20.8
48779	121003200	21.6
48779	123595200	22.6
48779	126273600	23
48779	128952000	23.7
48779	131371200	22.7
48779	134049600	20.8
48779	136641600	18.7
48779	139320000	16.5
48779	141912000	16.6
48779	144590400	18.7
48779	147268800	21.4
48779	149860800	21.7
48779	152539200	21.8
48779	155131200	21.3
48779	157809600	22.3
48779	160488000	23.5
48779	162907200	22.9
48779	165585600	19.8
48779	168177600	17.8
48779	170856000	17.5
48779	173448000	15.9
48779	176126400	19.7
48779	178804800	20.3
48779	181396800	21.7
48779	184075200	21.5
48779	186667200	22.6
48779	189345600	23.5
48779	192024000	21.9
48779	194529600	22.3
48779	197208000	21.1
48779	199800000	18.4
48779	202478400	17.6
48779	205070400	16.2
48779	207748800	18.5
48779	210427200	18.8
48779	213019200	20.2
48779	215697600	21.7
48780	336657600	22.1
48780	339249600	24.7
48780	341928000	24.7
48780	344520000	26.8
48780	347198400	27.1
48781	-47390400	16.7
48781	-44712000	16.7
48781	-42033600	18.1
48782	631195200	28.7
48782	633873600	29.5
48782	636292800	29.1
48782	638971200	28.3
48782	641563200	24.2
48782	644241600	23.4
48782	646833600	22.4
48782	649512000	21.5
48782	652190400	22.8
48782	654782400	25.1
48782	657460800	27.8
48782	660052800	27.5
48782	662731200	26.7
48782	665409600	28
48782	667828800	27.4
48782	670507200	26.4
48782	673099200	24.4
48782	675777600	24
48782	678369600	21.9
48782	681048000	22.3
48782	683726400	23
48782	686318400	24.1
48782	688996800	25.8
48782	691588800	28.9
48782	694267200	26.8
48783	504964800	23.7
48783	507643200	23.6
48783	510062400	23
48783	512740800	21.3
48783	515332800	19.1
48783	518011200	15.4
48784	-113140800	15.5
48784	-110548800	15.9
48784	-107870400	16.6
48784	-105192000	17.8
48785	397051200	20.6
48785	399729600	20.9
48785	402321600	23.1
48785	4.05e+08	25.2
48785	407592000	23.2
48785	410270400	25.1
48785	412948800	25.8
48785	415368000	24.4
48785	418046400	22.9
48785	420638400	21.9
48785	423316800	19.4
48785	425908800	19
48785	428587200	19
48785	431265600	18.9
48785	433857600	21.8
48785	436536000	23.9
48785	439128000	23.9
48785	441806400	26.3
48785	444484800	27.7
48785	446990400	25.4
48785	449668800	22.2
48785	452260800	22.2
48785	454939200	20.4
48785	457531200	20.1
48785	460209600	19.2
48785	462888000	21
48785	465480000	23.8
48785	468158400	23.9
48785	470750400	23.9
48785	473428800	23.9
48785	476107200	25.4
48785	478526400	25
48785	481204800	23.6
48785	483796800	20.1
48785	486475200	17.5
48785	489067200	17.9
48785	491745600	20.6
48785	494424000	20.8
48785	497016000	22.7
48785	499694400	24.1
48785	502286400	24.1
48785	504964800	25.4
48785	507643200	25.3
48786	725889600	28.9
48786	728568000	28.9
48786	730987200	28.1
48786	733665600	26.8
48786	736257600	23.8
48786	738936000	22.6
48787	-97329600	27.4
48787	-94651200	27.1
48787	-91972800	28
48787	-89553600	27
48787	-86875200	25
48787	-84283200	22.8
48787	-81604800	22.2
48787	-79012800	20.6
48787	-76334400	22.9
48787	-73656000	23.7
48787	-71064000	26.3
48787	-68385600	25.6
48788	105105600	21.9
48788	107784000	21.9
48788	110376000	21.1
48788	113054400	21
48788	115732800	22
48788	118324800	22.2
48788	121003200	23.2
48788	123595200	26.1
48788	126273600	27.1
48788	128952000	27.7
48788	131371200	26.6
48788	134049600	23.6
48788	136641600	22.5
48789	1180699200	18.6
48789	1183291200	18.5
48789	1185969600	19.6
48789	1188648000	21.6
48789	1191240000	24
48789	1193918400	23.6
48789	1196510400	25.1
48789	1199188800	24
48789	1201867200	24.9
48789	1204372800	24.4
48789	1207051200	23.7
48789	1209643200	20.2
48790	307627200	22.9
48790	310305600	22.7
48791	-52660800	16.6
48791	-49982400	16.3
48791	-47390400	16.2
48791	-44712000	17
48791	-42033600	19.3
48791	-39441600	20.6
48791	-36763200	22.6
48791	-34171200	22.1
48791	-31492800	23.1
48791	-28814400	24.1
48791	-26395200	22.8
48791	-23716800	20.8
48791	-21124800	19.2
48791	-18446400	17.7
48791	-15854400	17.8
48791	-13176000	19.9
48792	646833600	17.1
48792	649512000	16.6
48793	162907200	23
48793	165585600	19.6
48793	168177600	17.7
48793	170856000	17.2
48793	173448000	15.3
48793	176126400	17.6
48793	178804800	19
48793	181396800	22.2
48793	184075200	21.7
48793	186667200	22.8
48793	189345600	23.5
48793	192024000	22.8
48793	194529600	22.9
48793	197208000	21.3
48793	199800000	19.3
48793	202478400	17.6
48793	205070400	16.7
48793	207748800	18.3
48793	210427200	19.1
48794	-34171200	26.3
48794	-31492800	28.1
48794	-28814400	28.7
48794	-26395200	27.5
48795	220968000	22.6
48795	223646400	23.5
48795	226065600	23.2
48795	228744000	21
48795	231336000	18
48795	234014400	18.1
48795	236606400	18.5
48795	239284800	20.6
48795	241963200	20.1
48795	244555200	22
48795	247233600	22.1
48795	249825600	21.6
48795	252504000	23.6
48795	255182400	22.7
48795	257601600	22.6
48795	260280000	20.4
48795	262872000	18.2
48795	265550400	16.7
48795	268142400	17.5
48795	270820800	18.3
48795	273499200	19.5
48795	276091200	22.2
48795	278769600	21.6
48795	281361600	21.6
48795	284040000	21.1
48795	286718400	22.3
48796	-799416000	19.1
48796	-796824000	21.7
48796	-794145600	20.9
48796	-791553600	21.6
48796	-788875200	22
48796	-786196800	22.8
48796	-783777600	22
48796	-781099200	19.6
48796	-778507200	16.2
48796	-775828800	15.3
48796	-773236800	15.4
48796	-770558400	18.2
48796	-767880000	17.2
48796	-765288000	20
48796	-762609600	20.6
48796	-760017600	20.8
48796	-757339200	23.4
48796	-754660800	24.4
48796	-752241600	21.8
48796	-749563200	19.3
48796	-746971200	18.5
48796	-744292800	16.2
48796	-741700800	16.4
48796	-739022400	18.1
48796	-736344000	19.5
48796	-733752000	21.1
48796	-731073600	22
48796	-728481600	22.1
48797	365515200	21.7
48797	368193600	23.6
48798	-36763200	21.8
48798	-34171200	23
48798	-31492800	25
48798	-28814400	25
48798	-26395200	23.7
48798	-23716800	21.1
48798	-21124800	19.9
48798	-18446400	18.7
48798	-15854400	17.6
48798	-13176000	18.3
48799	702129600	26.8
48799	704721600	25.6
48799	707400000	24.3
48799	709992000	22.4
48799	712670400	22.2
48799	715348800	22.6
48800	344520000	25
48800	347198400	24.8
48800	349876800	24.2
48800	352296000	24
48800	354974400	20.8
48800	357566400	19.8
48800	360244800	17.7
48800	362836800	16.8
48801	523281600	18
48801	525960000	18.6
48801	528552000	21.3
48801	531230400	22.6
48801	533822400	22.9
48801	536500800	23.8
48801	539179200	23.8
48801	541598400	22.9
48801	544276800	22.1
48801	546868800	19.6
48801	549547200	16.3
48801	552139200	17
48801	554817600	17.3
48801	557496000	19.3
48801	560088000	22.4
48801	562766400	23.1
48801	565358400	23.7
48802	-99921600	20.3
48802	-97329600	22.2
48802	-94651200	22.2
48802	-91972800	22.4
48802	-89553600	21.7
48802	-86875200	19.9
48802	-84283200	17.4
48802	-81604800	16.2
48802	-79012800	15.2
48802	-76334400	17.2
48803	746884800	22.4
48803	749476800	25.6
48804	-63115200	27.5
48804	-60436800	26
48805	141912000	19.9
48805	144590400	20.9
48805	147268800	23.4
48805	149860800	23.6
48805	152539200	24.7
48805	155131200	24
48805	157809600	25.1
48805	160488000	26.9
48805	162907200	26
48806	1220270400	20
48806	1222862400	23.5
48807	315576000	23.4
48807	318254400	23.7
48808	354974400	20.4
48808	357566400	17.9
48808	360244800	16.2
48809	-7905600	20.8
48809	-5227200	21.6
48809	-2635200	20.8
48809	43200	22.4
48809	2721600	22.2
48809	5140800	22.7
48809	7819200	20.6
48809	10411200	19.5
48810	660052800	22.1
48810	662731200	21.6
48810	665409600	22.6
48811	218289600	22.4
48811	220968000	22.8
48811	223646400	23.4
48811	226065600	23.7
48811	228744000	21.2
48811	231336000	18.1
48811	234014400	18.1
48811	236606400	17.6
48811	239284800	19.6
48811	241963200	19.5
48811	244555200	21.9
48811	247233600	22.2
48811	249825600	22
48811	252504000	23.2
48811	255182400	22.7
48811	257601600	22.8
48811	260280000	20.6
48811	262872000	18.3
48811	265550400	16.6
48811	268142400	17.9
48811	270820800	17.8
48811	273499200	18.9
48811	276091200	21.4
48811	278769600	21.6
48811	281361600	22.3
48811	284040000	21.5
48812	-21124800	24.6
48812	-18446400	22.9
48812	-15854400	22.5
48812	-13176000	23.1
48812	-10497600	23.9
48812	-7905600	23.8
48813	302356800	19
48813	305035200	19.2
48813	307627200	22.1
48813	310305600	21.3
48813	312897600	22.9
48813	315576000	21.6
48813	318254400	22.7
48813	320760000	22.3
48813	323438400	20.8
48813	326030400	19.3
48813	328708800	17.3
48813	331300800	17.5
48813	333979200	18.5
48813	336657600	19
48813	339249600	21.7
48813	341928000	21.6
48813	344520000	22.7
48813	347198400	22.6
48813	349876800	23.2
48813	352296000	22.6
48813	354974400	20.1
48813	357566400	18.4
48813	360244800	16.3
48813	362836800	15.6
48813	365515200	18.4
48813	368193600	21
48813	370785600	19.9
48813	373464000	22.2
48813	376056000	21.6
48813	378734400	21.4
48813	381412800	22.9
48813	383832000	22
48813	386510400	19.7
48813	389102400	17.5
48813	391780800	18.4
48813	394372800	17.3
48813	397051200	19.3
48813	399729600	19.5
48813	402321600	21.2
48813	4.05e+08	23.6
48813	407592000	21.3
48813	410270400	22.2
48813	412948800	22.9
48813	415368000	22
48813	418046400	20.9
48813	420638400	19.7
48813	423316800	19
48813	425908800	17.9
48813	428587200	17.8
48813	431265600	18.7
48813	433857600	20.2
48813	436536000	22.2
48813	439128000	21.6
48813	441806400	23.7
48813	444484800	24.7
48813	446990400	23.3
48813	449668800	21.1
48813	452260800	20.8
48813	454939200	19
48813	457531200	18.5
48813	460209600	18.3
48813	462888000	19.1
48813	465480000	22.3
48813	468158400	22
48813	470750400	22.2
48814	-723124800	23.7
48814	-720705600	21.3
48814	-718027200	19.7
48814	-715435200	18.5
48815	376056000	25.4
48815	378734400	25
48815	381412800	27
48815	383832000	25.8
48816	-7905600	19.7
48816	-5227200	22.7
48816	-2635200	21.1
48816	43200	23.8
48816	2721600	24.1
48816	5140800	24.1
48816	7819200	21.4
48816	10411200	20.8
48816	13089600	19.5
48816	15681600	17.3
48816	18360000	18.1
48816	21038400	19
48816	23630400	19.6
48816	26308800	20.3
48816	28900800	24.8
48816	31579200	24.9
48816	34257600	25.2
48816	36676800	24.4
48816	39355200	21.8
48816	41947200	19.9
48816	44625600	18.3
48816	47217600	18.1
48816	49896000	18.6
48816	52574400	19.1
48817	720619200	25.4
48817	723211200	26
48817	725889600	28.2
48818	599659200	23.3
48818	602337600	23.8
48818	604756800	23.4
48818	607435200	21.9
48818	610027200	17.5
48818	612705600	16.2
48818	615297600	15.1
48818	617976000	17.7
48818	620654400	19.6
48818	623246400	20.7
48818	625924800	22
48818	628516800	22.6
48818	631195200	24.8
48818	633873600	24.1
48818	636292800	24
48818	638971200	22.7
48818	641563200	17.8
48818	644241600	16.2
48818	646833600	16.6
48818	649512000	17
48818	652190400	18.6
48818	654782400	21.6
48818	657460800	24.1
48818	660052800	23.4
48818	662731200	22.9
48818	665409600	24.1
48818	667828800	22.3
48819	-71064000	21.1
48819	-68385600	20
48819	-65793600	19.6
48819	-63115200	21.6
48819	-60436800	20.6
48819	-57931200	21.3
48819	-55252800	17.8
48820	518011200	18.8
48820	520603200	18
48820	523281600	20.3
48820	525960000	20.6
48820	528552000	22.3
48820	531230400	24.9
48820	533822400	24.6
48820	536500800	26.1
48820	539179200	25
48820	541598400	24.3
48820	544276800	24
48820	546868800	20.9
48820	549547200	18.4
48820	552139200	19.6
48820	554817600	19.2
48820	557496000	20.5
48820	560088000	23.4
48820	562766400	24.5
48820	565358400	25.4
48820	568036800	26.7
48820	570715200	25.1
48820	573220800	23.9
48820	575899200	22.7
48820	578491200	20.6
48820	581169600	16.7
48820	583761600	15.6
48820	586440000	18.5
48820	589118400	21
48820	591710400	21.2
48820	594388800	21.4
48820	596980800	24.4
48820	599659200	24.4
48820	602337600	24.8
48820	604756800	24.4
48820	607435200	23.4
48820	610027200	19.3
48820	612705600	17.8
48820	615297600	15.8
48820	617976000	18.5
48820	620654400	19.7
48820	623246400	20.5
48820	625924800	22.7
48820	628516800	23.7
48820	631195200	26.3
48820	633873600	25.8
48820	636292800	25
48821	762523200	26.8
48821	765201600	25.4
48821	767793600	25.3
48821	770472000	22.5
48821	773064000	23
48821	775742400	22.1
48821	778420800	24.2
48822	-52660800	20.3
48822	-49982400	19.4
48822	-47390400	20.1
48822	-44712000	20.6
48823	168177600	20.8
48823	170856000	19.9
48823	173448000	18.2
48823	176126400	21.7
48823	178804800	21.7
48823	181396800	23.7
48823	184075200	24
48823	186667200	26.3
48823	189345600	27.1
48823	192024000	25.7
48823	194529600	25.7
48823	197208000	24.6
48823	199800000	21.5
48824	1230811200	25.4
48824	1233489600	26.1
48824	1235908800	25.9
48824	1238587200	23.3
48825	326030400	19.7
48825	328708800	17.3
48826	370785600	20
48826	373464000	20.8
48826	376056000	21.4
48826	378734400	21
48826	381412800	21.8
48827	15681600	17.1
48827	18360000	18.1
48827	21038400	20
48827	23630400	21.2
48827	26308800	20.8
48827	28900800	23.9
48827	31579200	23.4
48827	34257600	23.8
48827	36676800	23.2
48828	673099200	17.9
48828	675777600	17.7
48829	289137600	21.7
48829	291816000	20.5
48830	-2635200	24.7
48830	43200	26.3
48830	2721600	27.4
48830	5140800	27.6
48830	7819200	25.6
48830	10411200	25.2
48830	13089600	24.2
48830	15681600	21.6
48830	18360000	22.2
48830	21038400	23.1
48830	23630400	23.6
48830	26308800	24.2
48830	28900800	27.4
48830	31579200	28.3
48830	34257600	29
48830	36676800	28.1
48830	39355200	26.5
48830	41947200	24.8
48830	44625600	23.2
48830	47217600	22.6
48830	49896000	23
48830	52574400	23.1
48830	55166400	22.9
48830	57844800	23.4
48830	60436800	26.5
48830	63115200	28.3
48830	65793600	27.6
48830	68299200	28.3
48830	70977600	25.1
48830	73569600	24
48830	76248000	24.5
48830	78840000	22.6
48830	81518400	23.5
48830	84196800	23.4
48830	86788800	24.6
48830	89467200	25.8
48830	92059200	26.4
48830	94737600	28.7
48830	97416000	28.8
48830	99835200	26.8
48830	102513600	27.4
48830	105105600	24.6
48830	107784000	25
48830	110376000	23.7
48830	113054400	23.3
48830	115732800	23
48830	118324800	23
48830	121003200	23.5
48830	123595200	26.6
48830	126273600	27.3
48830	128952000	27.3
48830	131371200	26.7
48830	134049600	25.7
48830	136641600	24.4
48830	139320000	22.8
48830	141912000	22.5
48830	144590400	23.4
48830	147268800	23.9
48830	149860800	24.3
48830	152539200	25.2
48830	155131200	25.8
48830	157809600	26.6
48830	160488000	28.4
48830	162907200	27.2
48830	165585600	25
48830	168177600	23.4
48830	170856000	22.4
48830	173448000	21.5
48830	176126400	23.7
48830	178804800	23.2
48830	181396800	24.7
48830	184075200	25.7
48830	186667200	26.7
48830	189345600	28.1
48830	192024000	27.7
48830	194529600	27.6
48830	197208000	26.5
48830	199800000	24.3
48830	202478400	24.1
48830	205070400	22.5
48830	207748800	23.5
48830	210427200	23.3
48830	213019200	23.6
48830	215697600	25.1
48830	218289600	26.2
48830	220968000	27.3
48830	223646400	27.7
48830	226065600	29
48830	228744000	26.4
48830	231336000	24.3
48830	234014400	24
48830	236606400	23.9
48830	239284800	23.4
48830	241963200	22.8
48830	244555200	24.3
48830	247233600	24.9
48830	249825600	25.2
48830	252504000	26.3
48830	255182400	26.2
48830	257601600	26.6
48830	260280000	24.8
48830	262872000	23.6
48830	265550400	21.9
48830	268142400	22.6
48830	270820800	22.6
48830	273499200	22.6
48830	276091200	23.9
48830	278769600	24.7
48830	281361600	25.4
48830	284040000	24.3
48831	568036800	24.5
48831	570715200	23.5
48831	573220800	23.1
48831	575899200	22.5
48831	578491200	20.5
48831	581169600	16.9
48831	583761600	16
48831	586440000	18.5
48831	589118400	21.9
48831	591710400	20.9
48831	594388800	20.8
48831	596980800	22.7
48831	599659200	23.1
48831	602337600	23.6
48831	604756800	23.2
48831	607435200	22.3
48831	610027200	18.6
48831	612705600	17.5
48831	615297600	16.4
48831	617976000	18.9
48831	620654400	20.5
48831	623246400	21.2
48831	625924800	21.9
48831	628516800	22.2
48832	-710164800	15.5
48832	-707486400	16.3
48832	-704808000	18.5
48832	-702216000	18.3
48832	-699537600	19.4
48832	-696945600	21.2
48833	631195200	28.6
48833	633873600	28.5
48833	636292800	28.6
48833	638971200	27.4
48833	641563200	22.8
48833	644241600	22.1
48833	646833600	21.7
48833	649512000	21.8
48833	652190400	22.8
48833	654782400	25.7
48833	657460800	27.7
48833	660052800	26.7
48833	662731200	26.1
48833	665409600	26.9
48833	667828800	26.3
48833	670507200	24.8
48833	673099200	22.6
48833	675777600	22.1
48834	730987200	28.6
48834	733665600	26.8
48834	736257600	24.1
48834	738936000	22.6
48834	741528000	23.8
48834	744206400	23.2
48834	746884800	24.3
48834	749476800	25.4
48835	373464000	23.7
48835	376056000	23.8
48835	378734400	23.1
48835	381412800	24.4
48835	383832000	23.7
48835	386510400	20.1
48835	389102400	18.7
48835	391780800	19.6
48835	394372800	18.5
48835	397051200	19.6
48835	399729600	19.6
48835	402321600	21.9
48835	4.05e+08	24.7
48835	407592000	22.9
48835	410270400	24.3
48835	412948800	25.1
48835	415368000	24.1
48835	418046400	22.4
48835	420638400	21
48835	423316800	19.7
48835	425908800	19
48835	428587200	18.6
48835	431265600	19.1
48835	433857600	21.7
48835	436536000	23.3
48835	439128000	24.1
48835	441806400	25.7
48835	444484800	25.9
48835	446990400	24.1
48835	449668800	21.8
48835	452260800	21.8
48835	454939200	19.9
48835	457531200	19
48835	460209600	18.9
48835	462888000	20.2
48835	465480000	22.3
48835	468158400	23
48835	470750400	23.3
48835	473428800	23.7
48835	476107200	25.3
48835	478526400	24.6
48835	481204800	22.8
48835	483796800	19.6
48835	486475200	16.8
48835	489067200	16.8
48835	491745600	19.2
48835	494424000	19.3
48835	497016000	21.9
48835	499694400	22.7
48835	502286400	22.5
48836	675777600	17.4
48836	678369600	15.7
48836	681048000	17.3
48837	-49982400	14
48837	-47390400	14
48837	-44712000	15
48837	-42033600	17.4
48837	-39441600	19.6
48837	-36763200	21.6
48837	-34171200	21.8
48837	-31492800	22.5
48837	-28814400	23.3
48837	-26395200	22.1
48838	891432000	27.1
48838	894024000	23.4
48838	896702400	21.2
48838	899294400	21.7
48838	901972800	24
48838	904651200	23.8
48839	-39441600	23.3
48839	-36763200	26.4
48839	-34171200	26.9
48839	-31492800	28.5
48839	-28814400	29.1
48839	-26395200	27.2
48839	-23716800	24.8
48839	-21124800	23.3
48840	205070400	19.2
48840	207748800	20.7
48840	210427200	20.7
48840	213019200	22.3
48840	215697600	24.9
48840	218289600	25
48840	220968000	26.2
48840	223646400	27.2
48840	226065600	27
48841	333979200	19.8
48841	336657600	20.7
48842	389102400	16.3
48842	391780800	16.1
48842	394372800	14.9
48842	397051200	17.4
48842	399729600	19.2
48842	402321600	20.7
48842	4.05e+08	22.8
48842	407592000	22.5
48843	41947200	19.3
48843	44625600	17.5
48843	47217600	17.8
48843	49896000	19.2
48843	52574400	19.7
48843	55166400	19.9
48843	57844800	20.3
48843	60436800	21.8
48843	63115200	22.8
48843	65793600	22.5
48843	68299200	22.8
48843	70977600	19.4
48843	73569600	18.6
48843	76248000	18.1
48844	746884800	20.2
48844	749476800	21
48844	752155200	22.3
48844	754747200	22.1
48845	299678400	16.4
48845	302356800	18.5
48846	289137600	25.2
48846	291816000	24.7
48847	662731200	22.6
48847	665409600	23.7
48847	667828800	22.6
48847	670507200	21.6
48847	673099200	19.3
48847	675777600	19.2
48847	678369600	17.7
48847	681048000	18.9
48847	683726400	20.4
48847	686318400	21.7
48847	688996800	23.1
48847	691588800	23.4
48848	-691588800	22.9
48848	-689083200	21.4
48848	-686404800	19.9
48848	-683812800	17.6
48849	76248000	19.6
48849	78840000	18.3
48849	81518400	19.2
48849	84196800	19.3
48849	86788800	20.5
48849	89467200	22
48849	92059200	23
48849	94737600	25.3
48849	97416000	25.1
48849	99835200	22.8
48849	102513600	23.4
48849	105105600	19.6
48849	107784000	19.7
48849	110376000	18.9
48849	113054400	18.6
48849	115732800	19
48849	118324800	19.7
48849	121003200	19.9
48849	123595200	22.9
48849	126273600	23.7
48849	128952000	23.7
48849	131371200	23.6
48849	134049600	21.1
48849	136641600	19.8
48849	139320000	17.4
48849	141912000	17.7
48849	144590400	19
48849	147268800	21
48849	149860800	20.6
48849	152539200	21.6
48849	155131200	21.5
48849	157809600	22.4
48849	160488000	24.1
48849	162907200	23
48849	165585600	19.8
48849	168177600	18.5
48849	170856000	17.6
48849	173448000	16.4
48849	176126400	19.6
48849	178804800	19.2
48849	181396800	20.6
48849	184075200	21.2
48849	186667200	23.5
48849	189345600	24.3
48849	192024000	23.5
48849	194529600	23.3
48849	197208000	22
48849	199800000	19.6
48849	202478400	18.6
48849	205070400	17.1
48849	207748800	18.5
48849	210427200	18.4
48849	213019200	19.2
48849	215697600	21.6
48849	218289600	22.5
48849	220968000	23.2
48849	223646400	23.7
48849	226065600	24.3
48849	228744000	21.4
48849	231336000	19.1
48849	234014400	19
48849	236606400	19.2
48849	239284800	20.1
48849	241963200	19.3
48849	244555200	21.1
48849	247233600	21.7
48849	249825600	21.9
48849	252504000	23.7
48849	255182400	23.1
48849	257601600	23
48850	765201600	25.2
48850	767793600	25.6
48850	770472000	23
48850	773064000	22.8
48850	775742400	22.7
48850	778420800	23.6
48850	781012800	25
48850	783691200	27.2
48850	786283200	27.9
48850	788961600	29.6
48850	791640000	29.2
48850	794059200	28.2
48851	686318400	21
48851	688996800	22.8
48851	691588800	23.8
48851	694267200	23.1
48851	696945600	22.4
48851	699451200	22.3
48851	702129600	21.2
48851	704721600	19.5
48851	707400000	16.9
48851	709992000	16.1
48851	712670400	17.2
48851	715348800	18.9
48851	717940800	21.5
48851	720619200	22.1
48851	723211200	22.6
48852	-21124800	17
48852	-18446400	15.9
48852	-15854400	15.6
48852	-13176000	16.7
48852	-10497600	20
48852	-7905600	19.3
48852	-5227200	21.1
48852	-2635200	20.3
48852	43200	21.9
48852	2721600	21.8
48852	5140800	22.1
48852	7819200	19.6
48852	10411200	18.4
48852	13089600	16.7
48852	15681600	14.9
48852	18360000	15.7
48853	657460800	25.5
48853	660052800	24.6
48853	662731200	24.3
48854	909921600	24.9
48854	912513600	27.7
48854	915192000	28.7
48854	917870400	29.5
48854	920289600	27.8
48854	922968000	25.5
48854	925560000	22.9
48854	928238400	21.7
48854	930830400	22.1
48854	933508800	22.2
48854	936187200	24.4
48854	938779200	22.2
48854	941457600	23.4
48854	944049600	25.8
48854	946728000	27.5
48854	949406400	27
48854	951912000	26.9
48854	954590400	25.1
48854	957182400	23.2
48854	959860800	23.4
48854	962452800	20.5
48854	965131200	22
48854	967809600	22.2
48854	970401600	25.3
48854	973080000	25.2
48854	975672000	26.7
48854	978350400	29
48854	981028800	29.3
48854	983448000	28.5
48854	986126400	27.2
48854	988718400	23.2
48854	991396800	23.3
48855	-15854400	21.3
48855	-13176000	22
48855	-10497600	23.8
48855	-7905600	23.7
48855	-5227200	26.6
48855	-2635200	25.1
48855	43200	27.4
48855	2721600	27.9
48855	5140800	27.5
48856	284040000	24.2
48856	286718400	25.2
48856	289137600	24.7
48857	341928000	22.6
48857	344520000	23.7
48858	418046400	21.9
48858	420638400	21
48858	423316800	20
48858	425908800	18.5
48858	428587200	18.4
48858	431265600	21.3
48858	433857600	21.4
48858	436536000	22.7
48858	439128000	22.6
48858	441806400	23.8
48858	444484800	24.8
48858	446990400	24
48858	449668800	21.6
48858	452260800	21.1
48858	454939200	19.7
48858	457531200	17.8
48858	460209600	19.5
48858	462888000	20.5
48858	465480000	22.9
48858	468158400	23.6
48858	470750400	23.6
48859	81518400	19.3
48859	84196800	19.8
48859	86788800	22
48859	89467200	22.2
48859	92059200	22.5
48859	94737600	23.9
48859	97416000	24.4
48859	99835200	23.2
48859	102513600	23
48860	760104000	22.1
48860	762523200	20.8
48861	307627200	22.3
48861	310305600	22.5
48861	312897600	23.4
48861	315576000	22.8
48861	318254400	23.4
48861	320760000	23.4
48861	323438400	21.9
48861	326030400	20.1
48861	328708800	17.9
48861	331300800	17.5
48861	333979200	19.5
48862	725889600	23.3
48862	728568000	22.6
48862	730987200	23.7
48862	733665600	22.4
48862	736257600	18.7
48862	738936000	17.4
48862	741528000	19
48862	744206400	18.7
48862	746884800	21.5
48862	749476800	22.4
48862	752155200	24.2
48862	754747200	22.9
48862	757425600	22.4
48862	760104000	25.3
48862	762523200	22.7
48862	765201600	21.7
48862	767793600	20.6
48862	770472000	17.4
48862	773064000	17.6
48862	775742400	18.9
48862	778420800	21.7
48862	781012800	23.1
48863	-678542400	16.8
48863	-675864000	17
48863	-673185600	18.4
48863	-670593600	19.8
48863	-667915200	21
48863	-665323200	21.2
48863	-662644800	22.2
48863	-659966400	21.9
48864	696945600	26.6
48864	699451200	26.7
48864	702129600	25.6
48864	704721600	24.4
48864	707400000	22.4
48864	709992000	21.1
48864	712670400	21.4
48864	715348800	22.3
48864	717940800	24.2
48864	720619200	25
48864	723211200	25.4
48864	725889600	27.3
48864	728568000	27.5
48864	730987200	27.2
48864	733665600	25.8
48864	736257600	22.4
48864	738936000	21
48864	741528000	22.5
48864	744206400	22.2
48864	746884800	24
48864	749476800	25.3
48864	752155200	26.8
48864	754747200	26.6
48864	757425600	26.7
48864	760104000	29.2
48864	762523200	25.9
48864	765201600	24.5
48864	767793600	24.3
48864	770472000	21.4
48864	773064000	21
48864	775742400	21.2
48864	778420800	23.2
48864	781012800	25.5
48864	783691200	26.5
48864	786283200	27.5
48864	788961600	29.3
48864	791640000	28
48864	794059200	26.9
48864	796737600	25
48864	799329600	23.7
48864	802008000	21.7
48864	804600000	23
48864	807278400	24.3
48864	809956800	24.1
48864	812548800	24.3
48864	815227200	25
48864	817819200	26.2
48864	820497600	28
48864	823176000	28.7
48864	825681600	28
48864	828360000	25.5
48864	830952000	22.3
48864	833630400	21.6
48864	836222400	21
48864	838900800	21
48864	841579200	22.4
48864	844171200	24.8
48864	846849600	24.4
48864	849441600	26.9
48864	852120000	27.1
48864	854798400	27.5
48864	857217600	25.5
48864	859896000	25
48864	862488000	22.2
48864	865166400	21.6
48864	867758400	22
48864	870436800	22.4
48864	873115200	24.9
48864	875707200	25.2
48864	878385600	27.4
48864	880977600	27.7
48864	883656000	28.3
48864	886334400	29.1
48864	888753600	28.4
48864	891432000	26.6
48864	894024000	23.3
48864	896702400	20.2
48864	899294400	21.5
48864	901972800	24
48864	904651200	24.7
48864	907243200	24
48864	909921600	24
48864	912513600	27.4
48864	915192000	28
48864	917870400	28.4
48864	920289600	27.2
48864	922968000	25.4
48864	925560000	22.7
48864	928238400	22.2
48864	930830400	22.1
48864	933508800	21.3
48864	936187200	24.1
48864	938779200	23.2
48864	941457600	23.5
48864	944049600	26.1
48864	946728000	26.9
48864	949406400	26.9
48864	951912000	26
48864	954590400	24.9
48864	957182400	22.9
48864	959860800	21.9
48864	962452800	20.9
48864	965131200	22.3
48864	967809600	23.3
48864	970401600	26.7
48864	973080000	25.2
48864	975672000	26.8
48864	978350400	27.4
48864	981028800	29
48864	983448000	27.8
48864	986126400	26.8
48864	988718400	23.8
48864	991396800	23.2
48865	278769600	21.5
48865	281361600	22.5
48865	284040000	20.6
48866	799329600	24.3
48866	802008000	23.4
48866	804600000	24.3
48866	807278400	25.1
48866	809956800	24.4
48866	812548800	24.7
48866	815227200	25.4
48866	817819200	26.7
48867	728568000	22.6
48867	730987200	23.1
48867	733665600	21.4
48867	736257600	17.4
48867	738936000	15.4
48867	741528000	16.7
48867	744206400	16.9
48867	746884800	20
48867	749476800	21.9
48867	752155200	23.7
48867	754747200	23.2
48868	23630400	19.7
48868	26308800	19.6
48868	28900800	22.6
48868	31579200	22.6
48868	34257600	23.4
48868	36676800	22.6
48869	683726400	20.7
48869	686318400	23
48869	688996800	24.3
48869	691588800	26.4
48870	1009886400	27.1
48870	1012564800	27
48870	1014984000	28.6
48870	1017662400	27
48870	1020254400	24.3
48870	1022932800	24.4
48870	1025524800	21.8
48870	1028203200	24.6
48870	1030881600	22.2
48870	1033473600	26.9
48870	1036152000	26.5
48870	1038744000	27.2
48870	1041422400	27.1
48870	1044100800	30.8
48871	10411200	23.7
48871	13089600	22.6
48871	15681600	20.6
48871	18360000	21.6
48871	21038400	22.7
48871	23630400	23.6
48871	26308800	24.5
48871	28900800	28.6
48871	31579200	29
48871	34257600	29.9
48871	36676800	28.3
48872	294408000	22.8
48872	297086400	19.2
48872	299678400	18.9
48872	302356800	21.5
48872	305035200	21
48872	307627200	24.6
48872	310305600	24.3
48872	312897600	25.7
48872	315576000	25.2
48872	318254400	26.6
48872	320760000	26.8
48872	323438400	24
48872	326030400	22.9
48873	354974400	21
48873	357566400	19.6
48874	504964800	23.3
48874	507643200	23.9
48874	510062400	23.8
48874	512740800	22.2
48874	515332800	20.6
48874	518011200	16.7
48874	520603200	16.6
48874	523281600	19.6
48874	525960000	20.1
48874	528552000	23.1
48874	531230400	23.1
48874	533822400	23
48874	536500800	24.1
48874	539179200	24.1
48874	541598400	23.1
48874	544276800	22.1
48874	546868800	20.7
48874	549547200	17.8
48874	552139200	18.1
48874	554817600	19.5
48874	557496000	21.5
48874	560088000	24
48874	562766400	23.5
48874	565358400	23.5
48875	107784000	19
48875	110376000	18.5
48875	113054400	20.1
48875	115732800	19.5
48875	118324800	20.9
48875	121003200	21.6
48875	123595200	22.6
48875	126273600	22.7
48875	128952000	23.8
48875	131371200	22.6
48875	134049600	21.1
48875	136641600	19.2
48875	139320000	17
48875	141912000	17.2
48876	339249600	21.9
48876	341928000	22
48876	344520000	24
48877	320760000	27.2
48877	323438400	25.5
48878	788961600	24.7
48878	791640000	23.6
48878	794059200	23.4
48878	796737600	21.8
48878	799329600	20
48878	802008000	17.8
48878	804600000	19
48878	807278400	21.2
48878	809956800	21.1
48878	812548800	21.8
48878	815227200	21.8
48878	817819200	23.4
48878	820497600	24.1
48878	823176000	24.3
48878	825681600	23.9
48878	828360000	21.8
48878	830952000	18.4
48878	833630400	17.2
48878	836222400	17.2
48878	838900800	18.6
48878	841579200	19.8
48878	844171200	22.3
48878	846849600	21.7
48878	849441600	23.3
48879	-654868800	19.6
48879	-652276800	16.5
48879	-649598400	16.9
48880	1001937600	24.4
48880	1004616000	26
48880	1007208000	26.8
48880	1009886400	27.7
48880	1012564800	26.8
48880	1014984000	27.9
48880	1017662400	26.8
48880	1020254400	24.9
48880	1022932800	23
48880	1025524800	22.2
48880	1028203200	24.2
48880	1030881600	23
48880	1033473600	26.8
48880	1036152000	26.6
48880	1038744000	27.2
48880	1041422400	27.5
48880	1044100800	28.6
48880	1046520000	27.6
48880	1049198400	25.4
48880	1051790400	22.9
48880	1054468800	23.1
48880	1057060800	21.6
48880	1059739200	21.9
48880	1062417600	22.9
48880	1065009600	24.4
48880	1067688000	25.9
48880	1070280000	26.8
48880	1072958400	26
48880	1075636800	26.4
48880	1078142400	26
48880	1080820800	25.6
48880	1083412800	23
48880	1086091200	21.2
48880	1088683200	20.3
48880	1091361600	22.1
48880	1094040000	25
48880	1096632000	24.8
48880	1099310400	25.9
48880	1101902400	26.2
48880	1104580800	27.5
48880	1107259200	26.6
48880	1109678400	27
48880	1112356800	26.5
48880	1114948800	23.6
48880	1117627200	22.1
48880	1120219200	20.9
48880	1122897600	23.4
48880	1125576000	23.6
48880	1128168000	26.5
48880	1130846400	24.5
48880	1133438400	25.3
48880	1136116800	28.1
48880	1138795200	28.7
48880	1141214400	27.6
48880	1143892800	25.3
48880	1146484800	22.4
48880	1149163200	21.5
48880	1151755200	21.5
48880	1154433600	23.4
48880	1157112000	23.2
48880	1159704000	24.9
48880	1162382400	25.5
48880	1164974400	26.6
48880	1167652800	26.8
48880	1170331200	27.2
48880	1172750400	28.3
48880	1175428800	26.4
48880	1178020800	22.6
48880	1180699200	22.3
48880	1183291200	22.6
48880	1185969600	23.1
48880	1188648000	24.3
48880	1191240000	26.4
48880	1193918400	26
48880	1196510400	27.4
48880	1199188800	26.1
48880	1201867200	27.1
48880	1204372800	27
48880	1207051200	26.1
48880	1209643200	22.8
48880	1212321600	22
48880	1214913600	21.1
48880	1217592000	23.8
48880	1220270400	23.6
48880	1222862400	25.5
48881	823176000	30.4
48881	825681600	29.2
48881	828360000	26.4
48881	830952000	23.9
48881	833630400	23
48881	836222400	21.7
48881	838900800	21.9
48881	841579200	22.7
48881	844171200	24.7
48882	518011200	18.5
48882	520603200	17.5
48882	523281600	20.1
48882	525960000	19.6
48882	528552000	21.7
48882	531230400	23.9
48882	533822400	24.3
48882	536500800	25.1
48882	539179200	24.6
48882	541598400	23.4
48882	544276800	23.2
48882	546868800	20.4
48882	549547200	18.2
48882	552139200	19.1
48882	554817600	18.9
48883	696945600	25
48883	699451200	24.4
48883	702129600	22.9
48883	704721600	21.5
48883	707400000	20.1
48883	709992000	18.4
48883	712670400	19.2
48883	715348800	20.3
48883	717940800	22.2
48883	720619200	22.9
48883	723211200	23.9
48884	1049198400	26.5
48884	1051790400	23.7
48884	1054468800	24.8
48884	1057060800	23.4
48884	1059739200	21.8
48884	1062417600	22.5
48884	1065009600	23.9
48884	1067688000	25.4
48884	1070280000	26.6
48884	1072958400	26
48884	1075636800	26.4
48884	1078142400	25.4
48884	1080820800	26.1
48884	1083412800	22.5
48884	1086091200	22.5
48884	1088683200	21
48884	1091361600	21.7
48884	1094040000	24.4
48884	1096632000	23.3
48884	1099310400	24.8
48884	1101902400	25.6
48884	1104580800	27.5
48884	1107259200	25.7
48884	1109678400	27.2
48884	1112356800	26.5
48884	1114948800	24.1
48884	1117627200	23.7
48884	1120219200	21.3
48884	1122897600	24.8
48884	1125576000	22.2
48884	1128168000	25.5
48884	1130846400	24.6
48884	1133438400	25.5
48884	1136116800	27.6
48884	1138795200	28
48884	1141214400	27.5
48884	1143892800	25.4
48884	1146484800	22.1
48884	1149163200	22.1
48884	1151755200	23
48884	1154433600	23.5
48884	1157112000	22.7
48884	1159704000	23.5
48884	1162382400	25
48884	1164974400	26.9
48884	1167652800	25.6
48884	1170331200	28.6
48884	1172750400	29.2
48884	1175428800	27.3
48884	1178020800	22.7
48884	1180699200	23.6
48884	1183291200	21.7
48884	1185969600	22.6
48884	1188648000	24.5
48884	1191240000	24.8
48884	1193918400	24.6
48884	1196510400	26.5
48884	1199188800	26.6
48884	1201867200	26.1
48884	1204372800	26.7
48884	1207051200	25.2
48884	1209643200	22.8
48884	1212321600	21.9
48884	1214913600	22.3
48884	1217592000	23.4
48884	1220270400	21.9
48884	1222862400	24.3
48884	1225540800	23.8
48884	1228132800	24.7
48884	1230811200	27.3
48884	1233489600	28.2
48884	1235908800	27.5
48884	1238587200	24.6
48884	1241179200	23.8
48884	1243857600	21.1
48884	1246449600	21.4
48884	1249128000	22.5
48884	1251806400	24.3
48884	1254398400	24
48884	1257076800	28.5
48884	1259668800	26.7
48884	1262347200	29.8
48884	1265025600	29.9
48884	1267444800	27.2
48884	1270123200	25
48884	1272715200	23.5
48884	1275393600	21.4
48884	1277985600	22.7
48884	1280664000	22
48884	1283342400	23.1
48884	1285934400	23
48884	1288612800	24.8
48884	1291204800	27.1
48884	1293883200	28.8
48884	1296561600	30.6
48885	41947200	23.3
48885	44625600	21.4
48885	47217600	20.9
48885	49896000	22.2
48885	52574400	23
48885	55166400	23.1
48885	57844800	23.8
48885	60436800	26.4
48885	63115200	28.4
48885	65793600	27.5
48885	68299200	27.2
48885	70977600	23.7
48885	73569600	22.1
48886	331300800	20.8
48886	333979200	21.8
48886	336657600	21.2
48886	339249600	24.3
48886	341928000	24.4
48886	344520000	26.7
48886	347198400	26.5
48886	349876800	26.7
48886	352296000	26.1
48887	504964800	24.3
48887	507643200	24.2
48887	510062400	23.9
48887	512740800	22.5
48887	515332800	20.4
48887	518011200	16.5
48887	520603200	16.8
48887	523281600	19.6
48887	525960000	20.4
48887	528552000	22.6
48887	531230400	23
48887	533822400	23.4
48888	662731200	22.5
48888	665409600	24.2
48888	667828800	23.4
48888	670507200	21.7
48888	673099200	18.9
48888	675777600	18.4
48888	678369600	17.6
48888	681048000	19.1
48889	147268800	21.9
48889	149860800	21.4
48889	152539200	21.8
48889	155131200	21.4
48889	157809600	22.4
48889	160488000	23.7
48889	162907200	23.1
48889	165585600	20.2
48890	349876800	23.2
48890	352296000	23.3
48890	354974400	20.1
48890	357566400	19
48890	360244800	17.1
48890	362836800	15.9
48890	365515200	17.9
48890	368193600	19.7
48891	857217600	22.1
48891	859896000	21
48891	862488000	18.7
48891	865166400	17.7
48891	867758400	18.7
48891	870436800	19.8
48891	873115200	23.1
48891	875707200	23
48891	878385600	24.4
48891	880977600	23.9
48891	883656000	24.3
48891	886334400	24.8
48891	888753600	24.3
48891	891432000	22.4
48891	894024000	19
48891	896702400	17.1
48891	899294400	18
48891	901972800	20.7
48891	904651200	22.2
48891	907243200	21.2
48891	909921600	21.9
48891	912513600	23.7
48891	915192000	24.2
48891	917870400	23.9
48891	920289600	23.2
48891	922968000	21.7
48891	925560000	18.2
48891	928238400	18.2
48891	930830400	18.9
48891	933508800	18.6
48891	936187200	21
48891	938779200	20.9
48891	941457600	21
48891	944049600	22.4
48891	946728000	23.4
48891	949406400	23.3
48891	951912000	22.8
48891	954590400	21.2
48891	957182400	18.6
48891	959860800	17.9
48891	962452800	17.3
48891	965131200	19.4
48891	967809600	20.1
48891	970401600	23.8
48891	973080000	22
48891	975672000	23.1
48891	978350400	23.9
48891	981028800	24.7
48891	983448000	23.5
48891	986126400	22.9
48891	988718400	19.3
48891	991396800	18.7
48891	993988800	18.9
48891	996667200	19.3
48891	999345600	19.9
48891	1001937600	21.5
48891	1004616000	23.2
48891	1007208000	22.3
48891	1009886400	23.9
48891	1012564800	22.7
48891	1014984000	23.9
48891	1017662400	23.1
48891	1020254400	20.5
48891	1022932800	19.6
48891	1025524800	18.6
48891	1028203200	21.2
48891	1030881600	20.5
48891	1033473600	24.5
48891	1036152000	23.2
48891	1038744000	24.3
48891	1041422400	23.3
48891	1044100800	24.6
48891	1046520000	22.9
48891	1049198400	22.1
48891	1051790400	18.4
48891	1054468800	19.4
48891	1057060800	17.8
48891	1059739200	19.2
48891	1062417600	21.6
48891	1065009600	22.3
48891	1067688000	22.7
48891	1070280000	23.7
48891	1072958400	23.2
48891	1075636800	22.7
48891	1078142400	22.3
48891	1080820800	22.1
48891	1083412800	19.3
48891	1086091200	17.7
48891	1088683200	16.9
48891	1091361600	19.2
48891	1094040000	22.5
48891	1096632000	21.5
48891	1099310400	22.6
48891	1101902400	22.8
48891	1104580800	23.7
48891	1107259200	23.1
48891	1109678400	23.6
48891	1112356800	23.2
48891	1114948800	19.8
48891	1117627200	18.6
48891	1120219200	17.9
48891	1122897600	20.1
48891	1125576000	21
48891	1128168000	23.9
48891	1130846400	21.8
48891	1133438400	22.2
48891	1136116800	23.9
48891	1138795200	24.5
48891	1141214400	23.6
48891	1143892800	21.8
48891	1146484800	18.7
48891	1149163200	17.9
48891	1151755200	18.4
48891	1154433600	20.6
48891	1157112000	20.5
48891	1159704000	22.1
48891	1162382400	22.7
48891	1164974400	23.6
48891	1167652800	23.1
48891	1170331200	23.6
48891	1172750400	24.5
48891	1175428800	23
48891	1178020800	19.3
48891	1180699200	18.6
48891	1183291200	18.3
48891	1185969600	19.6
48891	1188648000	22.1
48891	1191240000	23.6
48891	1193918400	22.5
48891	1196510400	23.7
48891	1199188800	22.7
48891	1201867200	23.3
48891	1204372800	23.1
48891	1207051200	22.2
48891	1209643200	19
48891	1212321600	18.9
48891	1214913600	17.7
48891	1217592000	20.6
48891	1220270400	20.6
48891	1222862400	23.1
48891	1225540800	22.5
48891	1228132800	22.6
48891	1230811200	23.5
48891	1233489600	24.5
48891	1235908800	24.1
48891	1238587200	21.7
48891	1241179200	20
48891	1243857600	17.6
48891	1246449600	19.8
48891	1249128000	19.5
48891	1251806400	22.6
48891	1254398400	23
48891	1257076800	24.9
48891	1259668800	23.4
48891	1262347200	24.9
48891	1265025600	25
48891	1267444800	24
48891	1270123200	22.1
48891	1272715200	19.7
48891	1275393600	17.2
48891	1277985600	18.6
48891	1280664000	18.7
48891	1283342400	20.7
48891	1285934400	21.9
48891	1288612800	22.4
48891	1291204800	24.5
48891	1293883200	23.9
48891	1296561600	25
48891	1298980800	23.1
48891	1301659200	22.5
48891	1304251200	19.4
48891	1306929600	17.5
48891	1309521600	18.3
48891	1312200000	20.7
48891	1314878400	21
48891	1317470400	21.6
48891	1320148800	21.3
48891	1322740800	22.8
48891	1325419200	22.6
48891	1328097600	23.8
48891	1330603200	23.3
48892	-644328000	16.4
48892	-641649600	17.8
48892	-639057600	19.1
48892	-636379200	20.8
48893	1228132800	25.3
48893	1230811200	26.9
48893	1233489600	27.8
48893	1235908800	27.7
48893	1238587200	24.8
48893	1241179200	23.3
48893	1243857600	21.2
48893	1246449600	22.4
48893	1249128000	22.6
48893	1251806400	25.5
48893	1254398400	25.6
48893	1257076800	28.3
48893	1259668800	27.3
48893	1262347200	29.2
48893	1265025600	29.9
48893	1267444800	27.9
48893	1270123200	25.4
48893	1272715200	23.5
48893	1275393600	20.7
48893	1277985600	22.4
48893	1280664000	21.8
48893	1283342400	24.4
48893	1285934400	24.8
48893	1288612800	25
48893	1291204800	27.7
48893	1293883200	28.2
48893	1296561600	29
48893	1298980800	26.2
48893	1301659200	25.7
48893	1304251200	22.1
48893	1306929600	21
48893	1309521600	21.1
48893	1312200000	23.4
48893	1314878400	22.8
48893	1317470400	24.8
48893	1320148800	23.9
48893	1322740800	26
48893	1325419200	26.5
48893	1328097600	27.7
48893	1330603200	27.2
48894	294408000	20.1
48894	297086400	17.1
48895	849441600	27.7
48895	852120000	27.4
48895	854798400	27.9
48895	857217600	26.1
48895	859896000	26.1
48896	560088000	22.9
48896	562766400	23.1
48896	565358400	23.8
48896	568036800	25.4
48896	570715200	24.2
48896	573220800	23.6
48896	575899200	22.9
48896	578491200	20.9
48896	581169600	17.3
48896	583761600	16.4
48896	586440000	18.2
48896	589118400	21.2
48896	591710400	21.3
48896	594388800	21.3
48896	596980800	23.3
48896	599659200	24.5
48896	602337600	24.9
48896	604756800	23.9
48896	607435200	22.8
48896	610027200	19.2
48896	612705600	18.4
48896	615297600	17.3
48896	617976000	18.7
48896	620654400	20.2
48896	623246400	20.1
48896	625924800	21.8
48896	628516800	22.4
48896	631195200	25.1
48896	633873600	25.1
48896	636292800	24.8
48896	638971200	23.8
48896	641563200	19.6
48896	644241600	18.8
48896	646833600	18.4
48896	649512000	18
48896	652190400	19.4
48896	654782400	22.2
48896	657460800	25
48896	660052800	23.8
48896	662731200	23.3
48897	765201600	21.2
48897	767793600	18.8
48897	770472000	16.1
48897	773064000	15.9
48897	775742400	17.5
48897	778420800	20.5
48897	781012800	23.3
48897	783691200	23.1
48897	786283200	24.4
48898	47217600	15.1
48898	49896000	16.7
48898	52574400	17.7
48898	55166400	18.8
48898	57844800	19.3
48898	60436800	21.5
48898	63115200	21.7
48898	65793600	21.7
48899	728568000	24.7
48899	730987200	24.7
48899	733665600	24.1
48899	736257600	20.3
48899	738936000	18.7
48899	741528000	19.7
48899	744206400	19.1
48899	746884800	20.6
48899	749476800	23
48899	752155200	25.1
48899	754747200	24.6
48900	1301659200	26.4
48900	1304251200	22.5
48900	1306929600	21.3
48900	1309521600	22
48900	1312200000	23.3
48900	1314878400	22.4
48900	1317470400	23.9
48900	1320148800	23.4
48900	1322740800	25.6
48900	1325419200	26.7
48900	1328097600	28.8
48901	210427200	22.3
48901	213019200	23.4
48901	215697600	25.8
48902	357566400	21.9
48902	360244800	19.1
48902	362836800	19.1
48902	365515200	21
48902	368193600	23
48902	370785600	21.3
48902	373464000	25.4
48902	376056000	25.4
48902	378734400	25.1
48902	381412800	26.6
48902	383832000	25.3
48902	386510400	22.3
48902	389102400	20.7
48903	568036800	25.2
48903	570715200	23.6
48903	573220800	23.8
48903	575899200	23.5
48903	578491200	21.2
48903	581169600	17.2
48903	583761600	15.9
48903	586440000	17.6
48903	589118400	22
48903	591710400	22
48903	594388800	22.4
48903	596980800	23.8
48903	599659200	23.5
48903	602337600	24.4
48903	604756800	23.9
48903	607435200	22.7
48903	610027200	18.7
48904	691588800	24
48904	694267200	23.1
48904	696945600	22.5
48904	699451200	23.5
48904	702129600	23.2
48904	704721600	21.3
48904	707400000	18.3
48904	709992000	17.9
48904	712670400	20
48904	715348800	20.6
48905	170856000	17.7
48905	173448000	16.1
48905	176126400	19.8
48905	178804800	20.6
48905	181396800	21.9
48905	184075200	21.5
48905	186667200	22.8
48905	189345600	23.7
48905	192024000	21.9
48905	194529600	22.5
48905	197208000	21.5
48905	199800000	18.9
48905	202478400	18.1
48906	373464000	22.6
48906	376056000	22.2
48906	378734400	22.2
48906	381412800	23.1
48906	383832000	22.7
48906	386510400	20
48906	389102400	17.9
48906	391780800	18.4
48906	394372800	17.6
48906	397051200	19
48906	399729600	19.3
48906	402321600	21.8
48906	4.05e+08	24.2
48906	407592000	22.1
48907	-631108800	23
48907	-628430400	22.9
48907	-626011200	22
48907	-623332800	20.3
48907	-620740800	18.3
48907	-618062400	16.4
48907	-615470400	15.7
48907	-612792000	18.2
48907	-610113600	19.2
48907	-607521600	20
48907	-604843200	20.2
48907	-602251200	21.8
48907	-599572800	22.4
48908	302356800	19.2
48908	305035200	18.6
48908	307627200	21.6
48908	310305600	21.4
48908	312897600	22.7
48909	865166400	23.3
48909	867758400	23.3
48909	870436800	23.6
48909	873115200	24.8
48909	875707200	25.1
48909	878385600	27.5
48910	667828800	23.6
48910	670507200	22
48910	673099200	19.8
48910	675777600	19.6
48910	678369600	17.9
48910	681048000	19.2
48910	683726400	19.6
48910	686318400	21.4
48910	688996800	22.9
48910	691588800	24.8
48910	694267200	23.4
48910	696945600	23.8
48911	791640000	23.5
48911	794059200	23.1
48911	796737600	21.2
48911	799329600	18.7
48911	802008000	16.4
48911	804600000	17.5
48911	807278400	19.5
48911	809956800	20.4
48911	812548800	20.9
48911	815227200	21.7
48911	817819200	23.5
48911	820497600	24.1
48911	823176000	24.5
48911	825681600	23.8
48911	828360000	21.4
48911	830952000	17.8
48911	833630400	16.3
48911	836222400	15.9
48911	838900800	17.6
48911	841579200	19.3
48911	844171200	22
48911	846849600	21.9
48911	849441600	23.6
48911	852120000	23.1
48911	854798400	23.8
48911	857217600	22.3
48911	859896000	20.5
48911	862488000	17.9
48911	865166400	16.2
48911	867758400	16.7
48911	870436800	17.5
48911	873115200	21.7
48911	875707200	22.5
48911	878385600	24.3
48911	880977600	24.1
48911	883656000	24.7
48911	886334400	24.8
48911	888753600	23.9
48911	891432000	21.5
48911	894024000	17.4
48911	896702400	15.6
48911	899294400	16.5
48911	901972800	19.9
48911	904651200	21.2
48911	907243200	21.1
48911	909921600	21.6
48911	912513600	22.7
48911	915192000	23.4
48911	917870400	23
48911	920289600	22.6
48911	922968000	20.2
48911	925560000	16
48911	928238400	16
48911	930830400	16.8
48911	933508800	16.1
48911	936187200	19.2
48911	938779200	20.2
48911	941457600	20.5
48911	944049600	21.9
48911	946728000	23
48911	949406400	22.6
48911	951912000	22
48911	954590400	19.7
48911	957182400	17
48911	959860800	15.8
48911	962452800	15
48911	965131200	17.2
48911	967809600	19.2
48911	970401600	22.5
48911	973080000	21.8
48911	975672000	22.6
48911	978350400	23.5
48911	981028800	23.5
48911	983448000	22.8
48911	986126400	21.4
48911	988718400	17.8
48911	991396800	16.7
48911	993988800	16.6
48911	996667200	17.3
48911	999345600	18.7
48911	1001937600	20.5
48911	1004616000	22.4
48911	1007208000	21.9
48911	1009886400	23.1
48911	1012564800	22.1
48911	1014984000	23.1
48911	1017662400	21.3
48911	1020254400	18.5
48911	1022932800	17.2
48911	1025524800	16.4
48911	1028203200	19
48911	1030881600	18.8
48911	1033473600	22.6
48911	1036152000	22.6
48911	1038744000	23.6
48911	1041422400	23
48911	1044100800	24
48911	1046520000	22.4
48911	1049198400	20.9
48911	1051790400	16.3
48911	1054468800	17.2
48911	1057060800	15.2
48911	1059739200	16.6
48911	1062417600	19.8
48911	1065009600	21
48911	1067688000	21.7
48911	1070280000	23
48911	1072958400	22.5
48911	1075636800	22.2
48911	1078142400	21.1
48911	1080820800	20.8
48911	1083412800	17
48911	1086091200	15.5
48911	1088683200	15.2
48911	1091361600	16.6
48911	1094040000	20.9
48911	1096632000	20.2
48911	1099310400	21.6
48911	1101902400	22.2
48912	70977600	18.4
48912	73569600	17
48912	76248000	16.1
48912	78840000	15.6
48912	81518400	17.1
48912	84196800	18.8
48912	86788800	20.6
48912	89467200	21.6
48912	92059200	22
48912	94737600	23.9
48912	97416000	23.8
48912	99835200	22.1
48912	102513600	22.4
48912	105105600	16.9
48912	107784000	16.7
48912	110376000	16.3
48912	113054400	17.5
48912	115732800	18.1
48913	760104000	27.2
48913	762523200	24.4
48913	765201600	22.8
48913	767793600	22.3
48913	770472000	18.8
48913	773064000	18.8
48914	220968000	27.5
48914	223646400	28.3
48914	226065600	28.8
48914	228744000	25.7
48914	231336000	22.7
48914	234014400	22.7
48915	394372800	20.7
48915	397051200	21.4
48915	399729600	22.1
48915	402321600	24.1
48915	4.05e+08	27.4
48915	407592000	24.7
48915	410270400	25.8
48915	412948800	27.2
48915	415368000	25.8
48916	615297600	16.3
48916	617976000	19
48916	620654400	21.7
48916	623246400	22.1
48916	625924800	23.4
48916	628516800	23.1
48916	631195200	25.1
48916	633873600	24.9
48916	636292800	24.7
48916	638971200	23.5
48916	641563200	19.8
48916	644241600	18.1
48917	720619200	22.6
48917	723211200	22.9
48917	725889600	23.5
48917	728568000	23.3
48917	730987200	23.8
48917	733665600	22.5
48917	736257600	18.7
48917	738936000	17.4
48917	741528000	19
48917	744206400	19.2
48917	746884800	22.3
48917	749476800	23.5
48917	752155200	24.5
48918	207748800	18.8
48918	210427200	19.3
48918	213019200	20.4
48918	215697600	21.8
48918	218289600	21.5
48918	220968000	22.7
48918	223646400	23.6
48918	226065600	23.5
48918	228744000	21.4
48919	-594475200	21.9
48919	-591796800	18.4
48919	-589204800	17.2
48919	-586526400	15.1
48920	410270400	23.1
48920	412948800	23.9
48920	415368000	23.2
48920	418046400	21.2
48920	420638400	21
48920	423316800	19.2
48920	425908800	18.8
48920	428587200	17.7
48920	431265600	18.1
48920	433857600	20.4
48920	436536000	22.3
48920	439128000	22.7
48920	441806400	24.6
48920	444484800	24.5
48920	446990400	22.7
48920	449668800	21
48920	452260800	21.3
48920	454939200	19.8
48920	457531200	19
48920	460209600	18.3
48920	462888000	19.2
48920	465480000	21
48920	468158400	21.7
48920	470750400	21.7
48920	473428800	22
48920	476107200	24.5
48921	883656000	28.8
48921	886334400	29.6
48921	888753600	28.7
48921	891432000	27.1
48921	894024000	24.4
48921	896702400	21.4
48922	702129600	23.2
48922	704721600	21.6
48922	707400000	19.7
48922	709992000	18.5
48922	712670400	18.7
48922	715348800	19.9
48922	717940800	21.6
48922	720619200	22.6
48922	723211200	22.7
48922	725889600	24.7
48923	1107259200	22.2
48923	1109678400	22.5
48923	1112356800	21.3
48923	1114948800	17.9
48923	1117627200	16.4
48923	1120219200	15.7
48923	1122897600	17.6
48923	1125576000	19.6
48923	1128168000	22.5
48923	1130846400	21.8
48923	1133438400	21.8
48923	1136116800	22.9
48923	1138795200	23.6
48923	1141214400	23
48923	1143892800	20.2
48923	1146484800	16.5
48923	1149163200	15.2
48923	1151755200	15.6
48923	1154433600	18.1
48923	1157112000	19.1
48923	1159704000	21.7
48923	1162382400	21.8
48923	1164974400	23.1
48923	1167652800	22.9
48923	1170331200	23.1
48923	1172750400	23.7
48923	1175428800	21.8
48923	1178020800	17.6
48923	1180699200	16.2
48923	1183291200	16
48923	1185969600	17.5
48923	1188648000	20.7
48923	1191240000	22.6
48923	1193918400	21.5
48923	1196510400	22.8
48924	121003200	20.1
48924	123595200	21.7
48924	126273600	22.6
48924	128952000	23.1
48924	131371200	22.2
48924	134049600	19.6
48924	136641600	17.3
48924	139320000	15.2
48924	141912000	15
48925	778420800	20.1
48925	781012800	23
48925	783691200	23
48925	786283200	24.3
48925	788961600	25.5
48926	504964800	28.4
48926	507643200	28.8
48927	420638400	23.4
48927	423316800	21.5
48927	425908800	20.8
48927	428587200	20.3
48927	431265600	20.5
48927	433857600	23.2
48927	436536000	25.5
48927	439128000	25.9
48927	441806400	27.5
48927	444484800	28.2
48927	446990400	26.5
48927	449668800	23.8
48927	452260800	23.7
48927	454939200	21.8
48927	457531200	20.8
48927	460209600	20.6
48927	462888000	21.9
48927	465480000	24.4
48927	468158400	25.4
48927	470750400	25.1
48927	473428800	25.5
48927	476107200	27
48927	478526400	26.4
48927	481204800	24.6
48927	483796800	21.5
48927	486475200	18.8
48927	489067200	19
48927	491745600	21.2
48927	494424000	21.4
48927	497016000	24.3
48927	499694400	24.7
48927	502286400	24.6
48927	504964800	26.6
48927	507643200	27.2
48927	510062400	26.5
48927	512740800	25.1
48927	515332800	23.5
48927	518011200	20.6
48927	520603200	19.5
48927	523281600	22.2
48927	525960000	21.9
48927	528552000	24.2
48928	649512000	19
48928	652190400	20.3
48928	654782400	23.6
48929	757425600	23.9
48929	760104000	25.5
48929	762523200	22.8
48929	765201600	22.3
48929	767793600	21.4
48929	770472000	18.5
48930	234014400	18.4
48930	236606400	18.8
48930	239284800	20.7
48930	241963200	20.2
48930	244555200	22.3
48930	247233600	22.6
48930	249825600	21.7
48931	481204800	21.8
48931	483796800	19.4
48931	486475200	17.2
48931	489067200	16.7
48931	491745600	18.6
48931	494424000	18.4
48931	497016000	20.8
48931	499694400	21.4
48931	502286400	21.4
48932	901972800	24.4
48932	904651200	24.5
48932	907243200	23.9
48932	909921600	24.2
48932	912513600	27.6
48932	915192000	28.8
48933	730987200	24.7
48933	733665600	23
48933	736257600	19.4
48933	738936000	18.4
48933	741528000	20.1
48933	744206400	19.6
48933	746884800	21.4
48933	749476800	22.7
48933	752155200	24
48933	754747200	24
48934	1201867200	22.6
48934	1204372800	21.6
48934	1207051200	20.8
48934	1209643200	17.2
48934	1212321600	16.4
48934	1214913600	15.1
48934	1217592000	18.3
48934	1220270400	18.4
48934	1222862400	21.7
48934	1225540800	21.2
48934	1228132800	21.8
48935	147268800	19.2
48935	149860800	20
48935	152539200	20.6
48935	155131200	20.8
48935	157809600	21.6
48935	160488000	23
48935	162907200	22.3
48936	794059200	23.9
48936	796737600	22.7
48936	799329600	20.8
48936	802008000	18.1
48936	804600000	19.6
48936	807278400	20.7
48936	809956800	20
48936	812548800	21.9
48936	815227200	23.2
48936	817819200	24.8
48936	820497600	26.9
48936	823176000	26
48936	825681600	25.7
48936	828360000	24
48936	830952000	20.6
48936	833630400	19.4
48937	533822400	26.4
48937	536500800	27.4
48937	539179200	26.9
48937	541598400	26
48937	544276800	25.5
48937	546868800	22.2
48937	549547200	20.2
48937	552139200	21.4
48937	554817600	21.3
48937	557496000	21.7
48937	560088000	25.4
48937	562766400	25.8
48937	565358400	26.2
48938	662731200	22.8
48938	665409600	23
48938	667828800	22
48938	670507200	21.3
48938	673099200	19.7
48938	675777600	18.5
48938	678369600	17.8
48938	681048000	19.2
48938	683726400	20.8
48938	686318400	22.8
48938	688996800	24.2
48938	691588800	24
48939	812548800	23.4
48939	815227200	22.8
48940	255182400	23
48940	257601600	23
48940	260280000	20.4
48940	262872000	18.1
48940	265550400	16.9
48940	268142400	17.9
48940	270820800	18.7
48940	273499200	19.4
48940	276091200	22.5
48940	278769600	21.5
48940	281361600	21.9
48940	284040000	21.1
48940	286718400	22.5
48940	289137600	22
48941	652190400	19.3
48941	654782400	21.8
48941	657460800	24.4
48941	660052800	23.2
48941	662731200	22.6
48941	665409600	23.6
48941	667828800	23
48941	670507200	21.3
48941	673099200	19.1
48941	675777600	18.8
48941	678369600	17.6
48941	681048000	18.5
48941	683726400	19.5
48941	686318400	21.2
48941	688996800	22.4
48941	691588800	23.9
48941	694267200	22.5
48941	696945600	22.2
48941	699451200	22
48941	702129600	22.5
48941	704721600	20.6
48941	707400000	17.9
48941	709992000	17.4
48941	712670400	18.3
48941	715348800	18.9
48941	717940800	20.9
48941	720619200	21.9
48941	723211200	22.2
48941	725889600	23.6
48941	728568000	23.7
48941	730987200	24
48941	733665600	22.8
48941	736257600	19
48941	738936000	17.1
48941	741528000	18.4
48941	744206400	18.5
48941	746884800	21.3
48941	749476800	21.8
48941	752155200	23.5
48941	754747200	22.9
48941	757425600	23.2
48941	760104000	24.9
48941	762523200	22.6
48941	765201600	21
48941	767793600	20.2
48941	770472000	17.2
48941	773064000	17
48941	775742400	17.3
48941	778420800	19.5
48941	781012800	22
48942	631195200	27.6
48942	633873600	28
48942	636292800	28.3
48942	638971200	27.7
48942	641563200	24.5
48942	644241600	23.8
48943	-575985600	20.8
48943	-573307200	21.6
48944	507643200	24.4
48944	510062400	23.4
48944	512740800	21.9
48944	515332800	20.8
48944	518011200	18
48944	520603200	17.8
48944	523281600	19.1
48944	525960000	18.1
48944	528552000	20.1
48944	531230400	22.5
48944	533822400	22.9
48945	920289600	28
48945	922968000	26
48945	925560000	23.4
48945	928238400	22.6
48945	930830400	22.5
48945	933508800	21.9
48945	936187200	23.7
48945	938779200	22.7
48945	941457600	23.4
48945	944049600	26.3
48945	946728000	27.2
48945	949406400	27.5
48945	951912000	27.2
48945	954590400	25.9
48945	957182400	23.7
48945	959860800	23.2
48945	962452800	21.9
48945	965131200	22.8
48945	967809600	22.8
48945	970401600	26.2
48945	973080000	25.6
48945	975672000	27.2
48945	978350400	28
48945	981028800	29.7
48945	983448000	28.9
48945	986126400	27.4
48945	988718400	24.5
48945	991396800	24
48946	760104000	26
48946	762523200	23.6
48946	765201600	22
48946	767793600	21.5
48946	770472000	18.3
48946	773064000	18.5
48946	775742400	18.6
48946	778420800	20.6
48946	781012800	23
48946	783691200	23.9
48946	786283200	24.6
48946	788961600	26.4
48946	791640000	25.3
48946	794059200	23.9
48946	796737600	22
48946	799329600	20.5
48946	802008000	18.6
48946	804600000	19.7
48946	807278400	21.4
48946	809956800	21.1
48946	812548800	21.3
48946	815227200	22
48946	817819200	23.3
48946	820497600	25.2
48946	823176000	25.7
48946	825681600	24.9
48946	828360000	22.3
48946	830952000	19.2
48946	833630400	18.6
48946	836222400	17.6
48946	838900800	18.1
48946	841579200	19.5
48946	844171200	21.8
48946	846849600	21.8
48946	849441600	24.2
48946	852120000	24.5
48946	854798400	24.5
48946	857217600	22.7
48946	859896000	21.9
48946	862488000	18.9
48946	865166400	18.6
48946	867758400	19.4
48946	870436800	19.7
48946	873115200	22.1
48946	875707200	22.6
48946	878385600	24.7
48946	880977600	25.1
48946	883656000	25.9
48946	886334400	26.2
48946	888753600	25.2
48946	891432000	23.3
48946	894024000	20.1
48946	896702400	17.3
48946	899294400	18.8
48946	901972800	21.2
48946	904651200	22.1
48946	907243200	21.4
48946	909921600	21.7
48946	912513600	24.4
48946	915192000	25.3
48946	917870400	25.3
48946	920289600	24.3
48946	922968000	21.9
48946	925560000	19.2
48946	928238400	19
48946	930830400	18.9
48946	933508800	18.6
48946	936187200	20.8
48946	938779200	20.7
48946	941457600	21.4
48946	944049600	23.5
48946	946728000	24.3
48946	949406400	24.3
48946	951912000	23.1
48946	954590400	21.8
48946	957182400	19.5
48946	959860800	18.9
48946	962452800	17.5
48946	965131200	19.3
48946	967809600	20.3
48946	970401600	23.9
48946	973080000	22.9
48946	975672000	24.1
48946	978350400	24.7
48946	981028800	25.8
48946	983448000	24.9
48946	986126400	23.7
48946	988718400	20.6
48946	991396800	20
48947	1233489600	23.1
48947	1235908800	23.1
48947	1238587200	20.1
48947	1241179200	17.8
48947	1243857600	14.8
48947	1246449600	17
48947	1249128000	17.3
48947	1251806400	20.6
48947	1254398400	21.8
48947	1257076800	23.9
48947	1259668800	22.8
48947	1262347200	23.8
48947	1265025600	23.7
48947	1267444800	22.6
48947	1270123200	20.4
48947	1272715200	17.7
48947	1275393600	14.9
48947	1277985600	16.6
48947	1280664000	16.8
48947	1283342400	19.8
48947	1285934400	20.8
48947	1288612800	21.8
48947	1291204800	24
48947	1293883200	23.5
48947	1296561600	23.8
48947	1298980800	22.4
48947	1301659200	21
48947	1304251200	17.4
48947	1306929600	14.9
48947	1309521600	16.3
48947	1312200000	18.6
48947	1314878400	19.3
48947	1317470400	21.2
48947	1320148800	20.8
48947	1322740800	22.3
48947	1325419200	22
48947	1328097600	23
48947	1330603200	22.3
48948	168177600	16.1
48948	170856000	16
48948	173448000	13.9
48948	176126400	18
48948	178804800	19.2
48949	838900800	19.5
48949	841579200	21.3
48949	844171200	23.4
48949	846849600	24.6
48949	849441600	26.4
48950	518011200	21.3
48950	520603200	20.4
48950	523281600	22.9
48950	525960000	23.1
48950	528552000	25
48950	531230400	27.5
48950	533822400	27.6
48950	536500800	28.5
48950	539179200	28.1
48950	541598400	26.9
48950	544276800	26.3
48950	546868800	23.5
48950	549547200	21
48950	552139200	22.1
48950	554817600	22.2
48950	557496000	23.1
48950	560088000	26.1
48950	562766400	26.3
48950	565358400	27.5
48950	568036800	29
48950	570715200	27.6
48950	573220800	26.9
48950	575899200	25.9
48950	578491200	23.7
48950	581169600	20.1
48950	583761600	19
48950	586440000	20.7
48950	589118400	24
48950	591710400	24.4
48950	594388800	24.2
48950	596980800	26.5
48950	599659200	28.1
48950	602337600	28.5
48950	604756800	27.3
48950	607435200	26.4
48950	610027200	22.3
48950	612705600	21.1
48951	570715200	26.7
48951	573220800	26.3
48951	575899200	25.4
48951	578491200	23
48951	581169600	19.2
48951	583761600	18.5
48951	586440000	20.7
48951	589118400	23.9
48951	591710400	23.9
48951	594388800	23.6
48951	596980800	25.9
48952	696945600	23.2
48952	699451200	22.9
48952	702129600	22.8
48952	704721600	20.8
48952	707400000	18.3
48952	709992000	18.1
48952	712670400	19.5
48952	715348800	20.7
48952	717940800	22.6
48952	720619200	22.9
48952	723211200	23.3
48952	725889600	23.8
48952	728568000	21.6
48952	730987200	24
48952	733665600	23.5
48952	736257600	18.5
48952	738936000	17.2
48952	741528000	18.9
48952	744206400	19.3
48952	746884800	22.3
48952	749476800	22.8
48952	752155200	24.9
48952	754747200	23.2
48952	757425600	23.6
48952	760104000	26.1
48952	762523200	23.7
48952	765201600	22.3
48952	767793600	20.7
48952	770472000	17.7
48952	773064000	16.9
48952	775742400	18.5
48952	778420800	21.5
48952	781012800	24.5
48953	983448000	24.1
48953	986126400	22.6
48953	988718400	20
48953	991396800	18.7
48953	993988800	18.5
48953	996667200	19.2
48953	999345600	21.5
48953	1001937600	22.1
48953	1004616000	23.9
48953	1007208000	23.5
48953	1009886400	24.5
48953	1012564800	23.6
48953	1014984000	24.3
48953	1017662400	22.8
48954	294408000	20.2
48954	297086400	17
48955	788961600	25
48955	791640000	23.8
48955	794059200	23
48955	796737600	21.5
48955	799329600	19.7
48955	802008000	17.1
48955	804600000	18.6
48955	807278400	20
48955	809956800	20.4
48955	812548800	21.9
48955	815227200	21.5
48955	817819200	22.7
48955	820497600	23.8
48955	823176000	24.7
48955	825681600	24.2
48955	828360000	21.1
48955	830952000	18.4
48955	833630400	17.3
48955	836222400	16.7
48955	838900800	17.5
48955	841579200	19.6
48955	844171200	21.8
48955	846849600	21.4
48955	849441600	23.6
48956	678369600	22.3
48956	681048000	22.4
48956	683726400	22.5
48956	686318400	24.1
48956	688996800	25.2
48956	691588800	27.3
48957	-568036800	22.9
48957	-565358400	22.8
48957	-562852800	22
48958	539179200	23.7
48958	541598400	22.4
48958	544276800	22.3
48958	546868800	19.5
48958	549547200	17.7
48958	552139200	18.9
48958	554817600	18.6
48958	557496000	19
48958	560088000	20.2
48959	1004616000	25.8
48959	1007208000	26.8
48959	1009886400	27.7
48960	1001937600	21.5
48960	1004616000	23.5
48960	1007208000	23.6
48960	1009886400	24.8
48960	1012564800	23.9
48960	1014984000	24.8
48960	1017662400	23.4
48960	1020254400	21.7
48960	1022932800	20.7
48960	1025524800	19
48960	1028203200	21.2
48960	1030881600	19.9
48960	1033473600	24
48960	1036152000	23.8
48960	1038744000	24.7
48960	1041422400	25
48960	1044100800	25.3
48960	1046520000	24.3
48960	1049198400	22.8
48960	1051790400	19.8
48960	1054468800	20.2
48960	1057060800	18.8
48960	1059739200	18.4
48960	1062417600	20.3
48960	1065009600	21.6
48960	1067688000	23.1
48960	1070280000	24.1
48960	1072958400	23.6
48960	1075636800	23.6
48960	1078142400	22.9
48960	1080820800	22.7
48960	1083412800	20
48960	1086091200	18.4
48960	1088683200	17.6
48960	1091361600	18.9
48960	1094040000	21.7
48960	1096632000	21.8
48960	1099310400	22.7
48960	1101902400	23.5
48960	1104580800	24.2
48960	1107259200	23.8
48960	1109678400	24.6
48960	1112356800	23.6
48960	1114948800	20.9
48960	1117627200	19.6
48960	1120219200	18.4
48960	1122897600	20.4
48960	1125576000	20.6
48960	1128168000	24.1
48960	1130846400	22.2
48960	1133438400	22.9
48960	1136116800	24.9
48960	1138795200	25.6
48960	1141214400	24.6
48960	1143892800	22.4
48960	1146484800	19.3
48960	1149163200	18.4
48960	1151755200	18.9
48960	1154433600	20.4
48960	1157112000	20.1
48960	1159704000	22
48960	1162382400	22.9
48960	1164974400	24.1
48960	1167652800	23.8
48960	1170331200	24.3
48960	1172750400	25.1
48960	1175428800	23.4
48960	1178020800	19.7
48960	1180699200	19.4
48960	1183291200	19.2
48960	1185969600	20
48960	1188648000	21.3
48960	1191240000	23.3
48960	1193918400	23.1
48960	1196510400	24.4
48960	1199188800	23.2
48960	1201867200	24.3
48960	1204372800	23.7
48960	1207051200	23.1
48960	1209643200	19.5
48960	1212321600	19.1
48960	1214913600	18
48960	1217592000	20.4
48960	1220270400	20.2
48960	1222862400	22.8
48960	1225540800	22.3
48960	1228132800	22.5
48960	1230811200	24.2
48960	1233489600	25.2
48960	1235908800	24.6
48960	1238587200	22.2
48960	1241179200	20.4
48960	1243857600	18.4
48960	1246449600	19.5
48960	1249128000	19.3
48960	1251806400	22.7
48960	1254398400	23.1
48960	1257076800	25.4
48960	1259668800	24.3
48960	1262347200	25.7
48960	1265025600	26.1
48960	1267444800	24.9
48960	1270123200	22.4
48960	1272715200	20.1
48960	1275393600	17.5
48960	1277985600	19.4
48960	1280664000	18.8
48960	1283342400	20.9
48960	1285934400	21.9
48960	1288612800	22.5
48960	1291204800	25.2
48960	1293883200	24.9
48960	1296561600	25.6
48960	1298980800	23.5
48960	1301659200	23
48960	1304251200	19
48960	1306929600	18
48960	1309521600	18.3
48960	1312200000	20.7
48960	1314878400	20
48960	1317470400	21.9
48960	1320148800	20.9
48960	1322740800	23
48960	1325419200	23.3
48960	1328097600	24.4
48960	1330603200	24.1
48961	184075200	20.7
48961	186667200	22.5
48961	189345600	23.4
48962	854798400	27.1
48962	857217600	25.1
48962	859896000	22.8
48962	862488000	21.1
48962	865166400	19
48962	867758400	20
48962	870436800	19.2
48962	873115200	21.9
48962	875707200	23.9
48962	878385600	25.9
48962	880977600	26.9
48962	883656000	27.8
48963	623246400	23.7
48963	625924800	25.8
48963	628516800	26.5
48963	631195200	29.3
48963	633873600	29.4
48963	636292800	29.1
48963	638971200	27.2
48963	641563200	22.8
48964	602337600	27.3
48964	604756800	26.7
48964	607435200	25.4
48964	610027200	21.6
48964	612705600	20.7
48964	615297600	18.9
48964	617976000	21.5
48964	620654400	22.9
48964	623246400	22.5
48964	625924800	24.8
48964	628516800	25.3
48965	1041422400	24.9
48965	1044100800	25
48965	1046520000	23.7
48965	1049198400	22.6
48965	1051790400	18.9
48965	1054468800	19.2
48965	1057060800	17.8
48965	1059739200	20.2
48965	1062417600	22.9
48965	1065009600	23.4
48965	1067688000	24
48965	1070280000	24.6
48965	1072958400	24
48965	1075636800	22.7
48965	1078142400	22.8
48965	1080820800	21.5
48965	1083412800	20.1
48966	536500800	23.5
48966	539179200	23.1
48966	541598400	22.9
48966	544276800	22
48966	546868800	20.3
48966	549547200	17.5
48967	867758400	17.4
48967	870436800	17.7
48967	873115200	21.5
48967	875707200	22.3
48967	878385600	24.1
48967	880977600	24.6
48967	883656000	25
48967	886334400	25.2
48967	888753600	24.6
48967	891432000	23.3
48967	894024000	19.4
48967	896702400	17.2
48967	899294400	17.7
48967	901972800	20.2
48967	904651200	21.5
48967	907243200	20.9
48967	909921600	21.3
48967	912513600	23.5
48967	915192000	24.6
48967	917870400	24.2
48967	920289600	23.2
48967	922968000	22.1
48967	925560000	18.5
48967	928238400	17.9
48967	930830400	18.4
48967	933508800	17.4
48967	936187200	19.9
48967	938779200	19.9
48967	941457600	20.8
48967	944049600	23.2
48967	946728000	23.6
48967	949406400	23.7
48967	951912000	22.8
48967	954590400	21.1
48967	957182400	19.2
48967	959860800	17.7
48967	962452800	16.9
48967	965131200	18.6
48968	-554904000	16.4
48968	-552312000	16
48968	-549633600	17.4
48968	-546955200	18.6
48969	617976000	18.3
48969	620654400	19.7
48969	623246400	18.9
48969	625924800	21.5
48969	628516800	22
48970	1014984000	28.8
48970	1017662400	27.4
48970	1020254400	25.9
48970	1022932800	24.6
48970	1025524800	22.7
48970	1028203200	24.7
48970	1030881600	22.6
48970	1033473600	26.2
48970	1036152000	26.8
48970	1038744000	27.6
48970	1041422400	28.2
48970	1044100800	29.4
48970	1046520000	28.8
48970	1049198400	26.9
48970	1051790400	23.9
48970	1054468800	24.3
48970	1057060800	22.6
48970	1059739200	22
48970	1062417600	23
48970	1065009600	24.5
48970	1067688000	26.1
48970	1070280000	27.2
48970	1072958400	26.4
48970	1075636800	26.9
48970	1078142400	26.8
48970	1080820800	26.4
48970	1083412800	23.9
48970	1086091200	22.6
48970	1088683200	21.3
48970	1091361600	22.8
48970	1094040000	24.4
48970	1096632000	24.8
48970	1099310400	25.7
48970	1101902400	26.7
48970	1104580800	27.6
48970	1107259200	27.6
48970	1109678400	27.8
48970	1112356800	27.3
48970	1114948800	24.9
48970	1117627200	23.7
48970	1120219200	22
48970	1122897600	24.3
48970	1125576000	23.5
48970	1128168000	26.6
48970	1130846400	24.9
48970	1133438400	25.9
48970	1136116800	28.3
48970	1138795200	29.3
48970	1141214400	28.3
48970	1143892800	26.3
48970	1146484800	23.2
48970	1149163200	22.1
48970	1151755200	22.7
48970	1154433600	23.6
48970	1157112000	23.2
48970	1159704000	24.7
48970	1162382400	25.6
48970	1164974400	27.1
48970	1167652800	26.8
48970	1170331200	27.7
48970	1172750400	28.9
48970	1175428800	26.7
48970	1178020800	23.5
48970	1180699200	23.6
48970	1183291200	23.2
48970	1185969600	23.8
48970	1188648000	24.8
48970	1191240000	25.6
48970	1193918400	25.8
48970	1196510400	27.8
48970	1199188800	26.2
48970	1201867200	27.5
48970	1204372800	27.9
48970	1207051200	26.6
48970	1209643200	24.5
48970	1212321600	22.8
48970	1214913600	22
48970	1217592000	23.9
48970	1220270400	23.1
48970	1222862400	25
48970	1225540800	24.8
48970	1228132800	25.6
48970	1230811200	27.3
48970	1233489600	28.8
48970	1235908800	28.4
48970	1238587200	25.9
48970	1241179200	24.4
48970	1243857600	22.1
48970	1246449600	22.8
48970	1249128000	23.1
48970	1251806400	25.1
48970	1254398400	25.3
48970	1257076800	28.2
48970	1259668800	27.8
48970	1262347200	29.4
48970	1265025600	29.7
48970	1267444800	28.6
48970	1270123200	26.2
48970	1272715200	24.3
48970	1275393600	21.7
48970	1277985600	22.9
48970	1280664000	22.5
48970	1283342400	24.1
48970	1285934400	24.7
48970	1288612800	25.4
48970	1291204800	28.3
48970	1293883200	28.3
48970	1296561600	29.2
48970	1298980800	26.9
48970	1301659200	26.7
48970	1304251200	23.3
48970	1306929600	22.2
48970	1309521600	22.2
48970	1312200000	23.8
48970	1314878400	22.9
48970	1317470400	24.5
48970	1320148800	23.9
48970	1322740800	26.1
48970	1325419200	26.5
48970	1328097600	27.8
48970	1330603200	27.6
48970	1333281600	25.9
48970	1335873600	22.3
48970	1338552000	23.2
48970	1341144000	22.1
48970	1343822400	22.1
48970	1346500800	22.8
48970	1349092800	25.2
48970	1351771200	24.5
48970	1354363200	28.1
48970	1357041600	26.6
48970	1359720000	27.4
48970	1362139200	26.5
48970	1364817600	24.6
48970	1367409600	23.1
48970	1370088000	23
48970	1372680000	21.6
48970	1375358400	22.1
48970	1378036800	23
48970	1380628800	23.6
48970	1383307200	24.9
48970	1385899200	25.9
48970	1388577600	27.4
48970	1391256000	27.9
48970	1393675200	26.8
48970	1396353600	25.2
48970	1398945600	23.7
48970	1401624000	22.8
48970	1404216000	21.7
48970	1406894400	21.5
48970	1409572800	23.6
48970	1412164800	23.9
48970	1414843200	25.4
48970	1417435200	27.1
48970	1420113600	30.4
48970	1422792000	28.1
48970	1425211200	27.4
48970	1427889600	25.5
48970	1430481600	22.8
48971	194529600	21.8
48971	197208000	20.4
48972	888753600	25.4
48972	891432000	25.5
48972	894024000	20.5
48972	896702400	17.9
48972	899294400	19.8
48972	901972800	22
48972	904651200	22.2
48972	907243200	21.7
48972	909921600	23.3
48972	912513600	26.4
48973	799329600	23.2
48973	802008000	21.2
48973	804600000	22.4
48973	807278400	24.1
48973	809956800	24.2
48973	812548800	24.8
48973	815227200	25.2
48973	817819200	26.4
48974	633873600	27.7
48974	636292800	27.7
48974	638971200	26.3
48974	641563200	21.9
48974	644241600	21.1
48974	646833600	20.3
48974	649512000	19.8
48974	652190400	21.7
48974	654782400	24.7
48974	657460800	27.8
48974	660052800	26.8
48975	796737600	22.5
48975	799329600	20.7
48975	802008000	18
48975	804600000	18.9
48976	1088683200	17.3
48976	1091361600	19.1
48976	1094040000	23.3
48976	1096632000	23.5
48976	1099310400	24.6
48976	1101902400	23.9
48976	1104580800	24.9
48976	1107259200	24.1
48976	1109678400	24.1
48976	1112356800	23
48976	1114948800	20
48976	1117627200	18.9
48976	1120219200	18.2
48976	1122897600	20.6
48976	1125576000	21.9
48976	1128168000	24.6
48976	1130846400	22.8
48976	1133438400	23.4
48977	554817600	19.2
48977	557496000	20.8
48977	560088000	23.4
48977	562766400	22.9
48977	565358400	22.7
48978	970401600	23.3
48978	973080000	22.4
48978	975672000	23.9
48978	978350400	24.1
48978	981028800	26
48978	983448000	24.3
48978	986126400	23.3
48978	988718400	20.5
48978	991396800	19.4
48978	993988800	18.2
48978	996667200	19.5
48978	999345600	20.1
48978	1001937600	21.5
48978	1004616000	23.2
48978	1007208000	22.9
48978	1009886400	23.8
48978	1012564800	23.8
48978	1014984000	24.1
48978	1017662400	24
48978	1020254400	20.8
48978	1022932800	19.2
48978	1025524800	18.8
48978	1028203200	20.2
48978	1030881600	20
48978	1033473600	23.1
48978	1036152000	23.1
48978	1038744000	24.2
48978	1041422400	24.2
48978	1044100800	25.1
48978	1046520000	24.2
48978	1049198400	22.4
48978	1051790400	19.3
48978	1054468800	19.1
48978	1057060800	17.7
48978	1059739200	18.2
48978	1062417600	20.4
48978	1065009600	21.9
48978	1067688000	22.8
48978	1070280000	24.3
48978	1072958400	23
48978	1075636800	23.2
48978	1078142400	22.7
48978	1080820800	21.9
48978	1083412800	19.2
48978	1086091200	17.3
48978	1088683200	17
48978	1091361600	18.2
48978	1094040000	21
48978	1096632000	21.8
48978	1099310400	22.4
48978	1101902400	23.2
48978	1104580800	23.8
48978	1107259200	23.6
48978	1109678400	23.7
48978	1112356800	22.7
48978	1114948800	20
48978	1117627200	18.5
48978	1120219200	17.3
48978	1122897600	19.4
48978	1125576000	20.7
48978	1128168000	22.8
48978	1130846400	21.6
48978	1133438400	22.1
48978	1136116800	24
48978	1138795200	24.8
48978	1141214400	24
48978	1143892800	21.8
48978	1146484800	18.7
48978	1149163200	17.5
48978	1151755200	17.2
48978	1154433600	19.3
48978	1157112000	19.6
48978	1159704000	21.6
48978	1162382400	22.2
48978	1164974400	23.5
48978	1167652800	23.5
48978	1170331200	23.7
48978	1172750400	24
48978	1175428800	22.5
48978	1178020800	19
48978	1180699200	18
48978	1183291200	18
48978	1185969600	19
48978	1188648000	20.7
48978	1191240000	23
48978	1193918400	23
48978	1196510400	24
48978	1199188800	22.6
48978	1201867200	23.9
48978	1204372800	23.3
48978	1207051200	22.8
48978	1209643200	19.2
48978	1212321600	18
48978	1214913600	17.2
48978	1217592000	19.7
48978	1220270400	19.6
48978	1222862400	22.4
48978	1225540800	22.1
48978	1228132800	22.3
48978	1230811200	23.8
48978	1233489600	24.4
48978	1235908800	24.1
48978	1238587200	21.9
48978	1241179200	19.7
48978	1243857600	17.9
48978	1246449600	19.1
48978	1249128000	18.8
48978	1251806400	22.5
48978	1254398400	22.9
48978	1257076800	24.4
48978	1259668800	23.5
48978	1262347200	25
48978	1265025600	25.2
48978	1267444800	24.1
48978	1270123200	21.7
48978	1272715200	19.5
48978	1275393600	16.7
48978	1277985600	18.7
48978	1280664000	18
48978	1283342400	20.2
48978	1285934400	21.6
48978	1288612800	22.3
48978	1291204800	24.4
48978	1293883200	24.5
48978	1296561600	24.9
48978	1298980800	23.2
48978	1301659200	22.2
48978	1304251200	19.1
48978	1306929600	17.2
48978	1309521600	17
48978	1312200000	19.9
48978	1314878400	19.8
48978	1317470400	21.3
48978	1320148800	20.6
48978	1322740800	22.8
48978	1325419200	22.8
48978	1328097600	23.9
48978	1330603200	23.2
48979	702129600	26.6
48979	704721600	25.9
48979	707400000	24
48979	709992000	22.5
48979	712670400	22.3
48979	715348800	22.8
48979	717940800	24.2
48979	720619200	24.6
48979	723211200	25.2
48979	725889600	27.3
48979	728568000	27.8
48979	730987200	28.5
48979	733665600	26.6
48979	736257600	24.3
48979	738936000	22.7
48979	741528000	23.5
48979	744206400	22.4
48979	746884800	24.1
48979	749476800	24.8
48979	752155200	26.1
48979	754747200	26.4
48979	757425600	27.2
48979	760104000	28.4
48979	762523200	26.9
48979	765201600	25.5
48979	767793600	25.5
48979	770472000	23.5
48979	773064000	23
48979	775742400	22.4
48979	778420800	23.1
48979	781012800	24.5
48979	783691200	25.7
48979	786283200	26.8
48979	788961600	28.5
48979	791640000	28.4
48979	794059200	27.6
48979	796737600	25.6
48979	799329600	24.7
48979	802008000	23.7
48979	804600000	23.6
48979	807278400	24.3
48979	809956800	24
48979	812548800	24.7
48979	815227200	24.7
48979	817819200	25.7
48979	820497600	28
48979	823176000	29
48979	825681600	28.4
48979	828360000	26
48979	830952000	23.4
48979	833630400	22.8
48979	836222400	22.2
48979	838900800	22
48979	841579200	22.9
48979	844171200	24.4
48979	846849600	24.2
48979	849441600	26.8
48979	852120000	27.3
48979	854798400	27.2
48979	857217600	25.7
48979	859896000	25.4
48979	862488000	23.8
48979	865166400	24
48979	867758400	23.2
48979	870436800	23.5
48979	873115200	24.6
48979	875707200	24.9
48979	878385600	26.9
48979	880977600	27.6
48979	883656000	28.5
48979	886334400	28.8
48979	888753600	28.3
48979	891432000	27.6
48979	894024000	25.5
48979	896702400	22.8
48979	899294400	23.3
48979	901972800	24.7
48979	904651200	24.9
48979	907243200	24.3
48979	909921600	23.8
48979	912513600	27.4
48979	915192000	28.2
48979	917870400	28.6
48979	920289600	27.6
48979	922968000	25.8
48979	925560000	24.1
48979	928238400	23.3
48979	930830400	22.8
48979	933508800	22.3
48979	936187200	23.6
48979	938779200	22.9
48979	941457600	23.2
48979	944049600	26.2
48979	946728000	26.9
48979	949406400	27.4
48979	951912000	26.9
48979	954590400	25.6
48979	957182400	23.8
48979	959860800	23.5
48979	962452800	22.1
48979	965131200	22.9
48979	967809600	22.9
48979	970401600	25.5
48979	973080000	24.8
48979	975672000	26.1
48979	978350400	27.3
48979	981028800	28.2
48979	983448000	27.7
48979	986126400	27
48979	988718400	24.4
48979	991396800	23.6
48980	-541684800	21.4
48980	-539092800	21.9
48981	633873600	24.2
48981	636292800	24.2
48981	638971200	23.1
48981	641563200	19.2
48981	644241600	19
48981	646833600	18.1
48981	649512000	17.4
48981	652190400	19.1
48981	654782400	21.4
48981	657460800	23.7
48981	660052800	23.2
48981	662731200	22.7
48981	665409600	23.7
48982	218289600	21.6
48982	220968000	22.8
48982	223646400	23.5
48982	226065600	23.1
48982	228744000	20.4
48982	231336000	16.3
48982	234014400	16.9
48982	236606400	16.8
48982	239284800	18.8
48982	241963200	19.2
48982	244555200	21.4
48982	247233600	21.6
48982	249825600	21.1
48982	252504000	23.3
48982	255182400	22.1
48982	257601600	22.1
48982	260280000	19
48982	262872000	16.7
48982	265550400	14.8
48982	268142400	15.8
48982	270820800	15.7
48982	273499200	18.5
48982	276091200	21
48982	278769600	20.5
48982	281361600	21.5
48982	284040000	20.4
48982	286718400	22.2
48982	289137600	21
48982	291816000	19.1
48982	294408000	18.4
48983	917870400	26.4
48983	920289600	25.7
48983	922968000	22.9
48983	925560000	19.6
48983	928238400	18.4
48983	930830400	18.5
48983	933508800	18.5
48983	936187200	21.1
48983	938779200	20.8
48983	941457600	21.9
48983	944049600	24.3
48983	946728000	24.8
48983	949406400	24.7
48983	951912000	23.5
48983	954590400	22.4
48983	957182400	19.6
48983	959860800	18.4
48983	962452800	16.8
48983	965131200	18.8
48983	967809600	20.8
48983	970401600	24.4
48983	973080000	23.8
48983	975672000	25.1
48983	978350400	25.4
48983	981028800	26
48983	983448000	25.1
48983	986126400	23.6
48983	988718400	20.9
48983	991396800	20
48984	823176000	28.9
48984	825681600	27.9
48985	665409600	26.9
48985	667828800	26.3
48985	670507200	24.5
48985	673099200	22.1
48985	675777600	21.9
48985	678369600	20.2
48985	681048000	21.3
48985	683726400	22.2
48985	686318400	24.1
48985	688996800	25.3
48985	691588800	27.3
48986	809956800	21.4
48986	812548800	22.8
48986	815227200	22.7
48986	817819200	24.3
48986	820497600	24.9
48986	823176000	25.6
48986	825681600	24.1
48986	828360000	22.4
48986	830952000	19.3
48986	833630400	17.7
48986	836222400	17.8
48986	838900800	18.8
48986	841579200	21.2
48986	844171200	24.5
48986	846849600	23.1
48986	849441600	24.4
48986	852120000	24.1
48986	854798400	24.3
48986	857217600	23
48986	859896000	22.2
48986	862488000	18.9
48986	865166400	18
48986	867758400	17.6
48986	870436800	18.2
48986	873115200	23.5
48986	875707200	24.3
48986	878385600	25.8
48986	880977600	24.9
48986	883656000	25.4
48986	886334400	25.8
48986	888753600	25.4
48986	891432000	24.4
48986	894024000	20.8
48986	896702400	17.8
48986	899294400	17.7
48987	1141214400	23.8
48987	1143892800	22.4
48987	1146484800	18.8
48988	1001937600	23.6
48988	1004616000	25.4
48988	1007208000	26.4
48988	1009886400	27.1
48988	1012564800	27
48988	1014984000	28.1
48988	1017662400	26.7
48988	1020254400	25.7
48988	1022932800	24.4
48988	1025524800	23.2
48988	1028203200	24.7
48988	1030881600	23.2
48988	1033473600	26.2
48988	1036152000	26.4
48988	1038744000	27.4
48988	1041422400	27.7
48988	1044100800	28.8
48988	1046520000	28.5
48988	1049198400	26.9
48988	1051790400	24.8
48988	1054468800	25.1
48988	1057060800	23.7
48988	1059739200	22.8
48988	1062417600	23.3
48988	1065009600	24.4
48988	1067688000	26.1
48988	1070280000	26.9
48988	1072958400	26.2
48988	1075636800	27
48988	1078142400	26.5
48988	1080820800	26
48988	1083412800	24.8
48988	1086091200	23.6
48988	1088683200	22.2
48988	1091361600	23
48988	1094040000	24.6
48988	1096632000	25
48988	1099310400	25.6
48988	1101902400	26.4
48988	1104580800	27.6
48988	1107259200	26.9
48988	1109678400	27.4
48988	1112356800	27.1
48988	1114948800	25
48988	1117627200	23.4
48988	1120219200	22.6
48988	1122897600	24.1
48988	1125576000	23.5
48988	1128168000	26.3
48988	1130846400	24.4
48988	1133438400	25.9
48988	1136116800	28
48988	1138795200	29.5
48988	1141214400	27.5
48988	1143892800	25.9
48988	1146484800	24.1
48988	1149163200	22.6
48988	1151755200	22.7
48988	1154433600	23.6
48988	1157112000	23
48988	1159704000	24.2
48988	1162382400	25
48988	1164974400	26.2
48988	1167652800	27.4
48988	1170331200	27
48988	1172750400	28.1
48988	1175428800	26.8
48988	1178020800	24.2
48988	1180699200	24
48988	1183291200	23.9
48988	1185969600	23.3
48988	1188648000	23.3
48988	1191240000	25.2
48988	1193918400	26
48988	1196510400	26.9
48988	1199188800	26.1
48988	1201867200	27.4
48988	1204372800	27.5
48988	1207051200	27.4
48988	1209643200	24
48988	1212321600	23.6
48988	1214913600	23
48988	1217592000	24.3
48988	1220270400	23.5
48988	1222862400	25.6
48988	1225540800	24.7
48988	1228132800	25.8
48988	1230811200	27.3
48988	1233489600	28.6
48988	1235908800	28.2
48988	1238587200	26
48988	1241179200	24.7
48988	1243857600	22.8
48988	1246449600	23.8
48988	1249128000	23.3
48988	1251806400	25.6
48988	1254398400	25.4
48988	1257076800	27.7
48989	670507200	21.9
48989	673099200	19.7
48989	675777600	19.4
48989	678369600	17.4
48989	681048000	18.4
48989	683726400	18.9
48989	686318400	20.2
48989	688996800	21.3
48989	691588800	24.2
48989	694267200	22.6
48989	696945600	23.2
48990	1001937600	22.9
48990	1004616000	23.9
48990	1007208000	25.2
48990	1009886400	24.5
48990	1012564800	24
48990	1014984000	25.1
48990	1017662400	24.3
48990	1020254400	21.3
48990	1022932800	20.1
48990	1025524800	18.5
48990	1028203200	20.8
48990	1030881600	19.7
48990	1033473600	24.4
48990	1036152000	23.7
48990	1038744000	24.9
48990	1041422400	24.5
48990	1044100800	26.3
48990	1046520000	24.3
48990	1049198400	22.7
48990	1051790400	19.1
48990	1054468800	20
48990	1057060800	18.2
48990	1059739200	18.6
48990	1062417600	20.2
48990	1065009600	22.2
48990	1067688000	22.9
48990	1070280000	24.5
48990	1072958400	23.7
48990	1075636800	23.5
48990	1078142400	23.5
48990	1080820800	22.4
48990	1083412800	19
48990	1086091200	16.8
48990	1088683200	16.4
48990	1091361600	18.3
48990	1094040000	22
48990	1096632000	21.1
48990	1099310400	22.8
48990	1101902400	24.5
48990	1104580800	25.1
48990	1107259200	24.8
48990	1109678400	25.2
48990	1112356800	24.2
48990	1114948800	21
48990	1117627200	19.9
48990	1120219200	18.4
48990	1122897600	21
48990	1125576000	20.6
48990	1128168000	24.3
48990	1130846400	23.2
48990	1133438400	23.7
48990	1136116800	25.8
48990	1138795200	25.7
48990	1141214400	25.1
48990	1143892800	23.3
48990	1146484800	19.9
48990	1149163200	19.1
48990	1151755200	19.1
48990	1154433600	20.9
48990	1157112000	20.7
48990	1159704000	22.9
48990	1162382400	23.6
48990	1164974400	25.1
48990	1167652800	24.7
48990	1170331200	25.8
48990	1172750400	26.2
48990	1175428800	24.5
48990	1178020800	20
48990	1180699200	19.4
48990	1183291200	18.6
48990	1185969600	20.4
48990	1188648000	22.7
48990	1191240000	24.4
48990	1193918400	23.3
48990	1196510400	25.3
48990	1199188800	23.9
48990	1201867200	24.5
48990	1204372800	24.4
48990	1207051200	22.9
48990	1209643200	19.9
48991	830952000	22
48991	833630400	21.2
48991	836222400	20.6
48991	838900800	20.7
48991	841579200	22.2
48991	844171200	24.7
48991	846849600	24.5
48991	849441600	26.9
48991	852120000	27.2
48991	854798400	27.2
48991	857217600	25.4
48991	859896000	24.6
48991	862488000	21.6
48991	865166400	20.5
48991	867758400	21.4
48991	870436800	21.9
48991	873115200	24.7
48991	875707200	25.2
48991	878385600	27.5
48991	880977600	28
48991	883656000	28.7
48991	886334400	29.1
48991	888753600	28.5
48991	891432000	26.5
48991	894024000	23.2
48991	896702400	20
48991	899294400	21.3
48991	901972800	23.8
48991	904651200	24.8
48991	907243200	24.1
48991	909921600	24.2
48991	912513600	27.6
48991	915192000	28.4
48991	917870400	28.1
48991	920289600	27.3
48991	922968000	25.2
48991	925560000	22.2
48991	928238400	22
48991	930830400	21.7
48991	933508800	21
48991	936187200	23.8
48991	938779200	23.5
48991	941457600	24.2
48991	944049600	26.4
48991	946728000	27.3
48991	949406400	27
48991	951912000	26.2
48991	954590400	24.9
48991	957182400	22.3
48991	959860800	21
48991	962452800	20.3
48991	965131200	21.6
48991	967809600	23
48991	970401600	26.5
48991	973080000	25.4
48991	975672000	27
48991	978350400	27.7
48991	981028800	28.7
48991	983448000	27.7
48991	986126400	26.6
48991	988718400	23.3
48991	991396800	22.5
48992	696945600	26.2
48992	699451200	26.6
48992	702129600	25.8
48992	704721600	24
48992	707400000	22.2
48992	709992000	20.7
48992	712670400	21.3
48992	715348800	22.2
48992	717940800	24.5
48992	720619200	25.1
48992	723211200	25.3
48993	904651200	23.2
48993	907243200	24.1
48993	909921600	24.5
48993	912513600	25.6
48993	915192000	25.7
48993	917870400	24.8
48993	920289600	24.1
48993	922968000	22.3
48993	925560000	18.3
48993	928238400	18.5
48993	930830400	19.1
48993	933508800	17.9
48993	936187200	20.9
48993	938779200	22.2
48993	941457600	23
48993	944049600	23.7
48993	946728000	24.8
48993	949406400	24.3
48993	951912000	23.5
48993	954590400	21.6
48993	957182400	19
48993	959860800	17
48993	962452800	17
48993	965131200	19.1
48993	967809600	21.3
48993	970401600	24.6
48993	973080000	23
48993	975672000	24.7
48993	978350400	24.3
48993	981028800	25.1
48993	983448000	23.9
48993	986126400	22.7
48993	988718400	19.3
48993	991396800	18.3
48993	993988800	17.8
48993	996667200	17.6
48993	999345600	20.2
48993	1001937600	21.9
48993	1004616000	24.1
48993	1007208000	23.3
48993	1009886400	24.7
48993	1012564800	23.8
48993	1014984000	24
48993	1017662400	22.7
48993	1020254400	20.4
48993	1022932800	18.3
48993	1025524800	18.2
48993	1028203200	20.1
48993	1030881600	21.5
48993	1033473600	24.2
48993	1036152000	23.8
48993	1038744000	25.2
48993	1041422400	24.6
48993	1044100800	24.6
48993	1046520000	23.6
48993	1049198400	22.5
48993	1051790400	18.5
48993	1054468800	18.5
48993	1057060800	17.3
48993	1059739200	19.2
48993	1062417600	21.6
48993	1065009600	22.7
48993	1067688000	23.7
48993	1070280000	24.7
48993	1072958400	24.1
48993	1075636800	23.2
48993	1078142400	23
48993	1080820800	22.4
48993	1083412800	20.3
48993	1086091200	17.7
48993	1088683200	16.6
48993	1091361600	18.4
48993	1094040000	21.9
48993	1096632000	23.4
48993	1099310400	24.2
48993	1101902400	24.2
48993	1104580800	25.1
48993	1107259200	24.4
48993	1109678400	24.3
48993	1112356800	23.2
48993	1114948800	19.6
48993	1117627200	18.2
48993	1120219200	17.8
48993	1122897600	19.2
48993	1125576000	22.3
48993	1128168000	24.7
48993	1130846400	23
48993	1133438400	23
48993	1136116800	24.1
48993	1138795200	24.6
48993	1141214400	24.4
48993	1143892800	22.9
48993	1146484800	19.2
48993	1149163200	17.3
48993	1151755200	17.6
48993	1154433600	19.8
48993	1157112000	21.1
48993	1159704000	22.8
48993	1162382400	23.3
48993	1164974400	24.2
48993	1167652800	24.3
48993	1170331200	24.1
48993	1172750400	24.1
48993	1175428800	23.1
48993	1178020800	19.3
48993	1180699200	17.6
48993	1183291200	17.8
48993	1185969600	18.1
48993	1188648000	21.4
48993	1191240000	24.2
48993	1193918400	24
48993	1196510400	24.2
48993	1199188800	23.5
48993	1201867200	24.3
48993	1204372800	23.7
48993	1207051200	23.1
48993	1209643200	19.6
48993	1212321600	19.1
48993	1214913600	16.7
48993	1217592000	19.8
48993	1220270400	21
48993	1222862400	23.8
48993	1225540800	24
48993	1228132800	23.8
48993	1230811200	24.3
48993	1233489600	24.8
48993	1235908800	24.8
48993	1238587200	22.2
48993	1241179200	20
48993	1243857600	17.8
48993	1246449600	19.2
48993	1249128000	19.6
48993	1251806400	23
48993	1254398400	23.9
48993	1257076800	25.3
48993	1259668800	23.7
48993	1262347200	24.6
48993	1265025600	25
48993	1267444800	24.1
48993	1270123200	21.6
48993	1272715200	19.5
48993	1275393600	16.9
48993	1277985600	19.1
48993	1280664000	19.5
48993	1283342400	22.4
48993	1285934400	23.8
48993	1288612800	24.5
48993	1291204800	25.3
48993	1293883200	24.5
48993	1296561600	25.1
48993	1298980800	23.5
48993	1301659200	22.5
48993	1304251200	19.6
48993	1306929600	17.4
48993	1309521600	17.9
48993	1312200000	20.2
48993	1314878400	21
48993	1317470400	22.4
48993	1320148800	22.7
48993	1322740800	23.7
48993	1325419200	23.3
48993	1328097600	24.1
48993	1330603200	23.4
48994	1151755200	17.6
48994	1154433600	20.3
48995	725889600	24
48995	728568000	22.7
48995	730987200	23.4
48996	1262347200	29.6
48996	1265025600	29.5
48996	1267444800	28
48996	1270123200	26.4
48996	1272715200	24.9
48996	1275393600	22.3
48996	1277985600	23.1
48996	1280664000	22.5
48996	1283342400	23.9
48996	1285934400	24.4
48996	1288612800	25.2
48997	702129600	22.4
48997	704721600	21.1
48997	707400000	19.2
48997	709992000	18.4
48997	712670400	17.9
48998	1217592000	20.7
48998	1220270400	20.3
48998	1222862400	22.9
48999	1020254400	24.4
48999	1022932800	22.9
48999	1025524800	21.8
48999	1028203200	23.8
48999	1030881600	22.6
48999	1033473600	26.4
48999	1036152000	26.4
48999	1038744000	27.4
48999	1041422400	27.8
48999	1044100800	28.5
48999	1046520000	27.4
48999	1049198400	25.4
48999	1051790400	22.4
48999	1054468800	22.4
48999	1057060800	21
48999	1059739200	21.4
48999	1062417600	22.5
48999	1065009600	24.2
48999	1067688000	26
48999	1070280000	27
48999	1072958400	26.2
48999	1075636800	26.6
48999	1078142400	26
48999	1080820800	25.4
48999	1083412800	22.6
48999	1086091200	20.8
49000	728568000	27.3
49000	730987200	27.4
49000	733665600	25.9
49000	736257600	22.1
49000	738936000	20.5
49000	741528000	22.4
49000	744206400	22
49000	746884800	23.8
49000	749476800	25.4
49000	752155200	26.6
49000	754747200	26.6
49000	757425600	26.3
49001	1162382400	23
49001	1164974400	24.4
49001	1167652800	24.3
49001	1170331200	24
49001	1172750400	25.1
49001	1175428800	23.3
49001	1178020800	19.9
49001	1180699200	18.6
49001	1183291200	18.7
49001	1185969600	20.1
49001	1188648000	22.3
49001	1191240000	24.3
49001	1193918400	23.9
49001	1196510400	24.5
49001	1199188800	23.4
49001	1201867200	24.3
49001	1204372800	23.6
49001	1207051200	23
49001	1209643200	19.8
49001	1212321600	19.1
49001	1214913600	17.7
49001	1217592000	20.9
49001	1220270400	21.2
49001	1222862400	24.1
49001	1225540800	23.4
49001	1228132800	23.5
49001	1230811200	24.6
49001	1233489600	24.7
49001	1235908800	24.4
49001	1238587200	22.2
49001	1241179200	20.1
49001	1243857600	18.8
49001	1246449600	19.8
49001	1249128000	20.7
49001	1251806400	23.7
49001	1254398400	23.7
49001	1257076800	25.1
49001	1259668800	23.7
49001	1262347200	25.4
49001	1265025600	25.3
49001	1267444800	24.6
49001	1270123200	21.9
49001	1272715200	19.8
49001	1275393600	17.4
49001	1277985600	18.8
49001	1280664000	19.3
49001	1283342400	22.1
49001	1285934400	22.9
49001	1288612800	23.7
49001	1291204800	25
49001	1293883200	24.4
49001	1296561600	25.8
49001	1298980800	23.5
49001	1301659200	23
49001	1304251200	19.8
49001	1306929600	18.7
49001	1309521600	18.5
49001	1312200000	21.1
49001	1314878400	22.3
49001	1317470400	22.2
49001	1320148800	21.3
49001	1322740800	22.4
49002	875707200	22.4
49002	878385600	24.3
49002	880977600	23.8
49002	883656000	24.7
49002	886334400	25.3
49002	888753600	24.5
49002	891432000	22.9
49002	894024000	19.7
49002	896702400	16.9
49002	899294400	17.4
49002	901972800	20.5
49002	904651200	21.2
49002	907243200	21.2
49002	909921600	21.6
49002	912513600	24.2
49002	915192000	24.5
49002	917870400	24.7
49002	920289600	23.8
49002	922968000	22
49002	925560000	18.6
49002	928238400	18.5
49002	930830400	18.8
49002	933508800	17.1
49002	936187200	20.6
49002	938779200	20
49002	941457600	20.8
49002	944049600	22.9
49002	946728000	23.6
49002	949406400	23.8
49002	951912000	22.8
49002	954590400	21.4
49002	957182400	19.2
49002	959860800	17.6
49002	962452800	17.1
49002	965131200	18.9
49002	967809600	20.1
49002	970401600	23.3
49002	973080000	22.3
49002	975672000	23.7
49002	978350400	23.9
49002	981028800	24.8
49002	983448000	24
49002	986126400	22.3
49002	988718400	20.1
49002	991396800	19.1
49002	993988800	18.1
49002	996667200	18.3
49002	999345600	20.3
49002	1001937600	21.2
49002	1004616000	23.5
49002	1007208000	23.1
49002	1009886400	24
49002	1012564800	23.5
49002	1014984000	23.8
49002	1017662400	22.2
49002	1020254400	20.5
49002	1022932800	18.6
49002	1025524800	18.3
49002	1028203200	19.5
49002	1030881600	19.9
49002	1033473600	22.8
49002	1036152000	22.6
49002	1038744000	23.6
49002	1041422400	24.2
49002	1044100800	24.6
49002	1046520000	23.9
49002	1049198400	21.9
49002	1051790400	18.8
49002	1054468800	17.8
49002	1057060800	16.3
49002	1059739200	17.9
49002	1062417600	19.7
49002	1065009600	21.1
49002	1067688000	22.4
49003	1293883200	28.2
49003	1296561600	28.6
49003	1298980800	26.7
49003	1301659200	26.4
49003	1304251200	24.2
49003	1306929600	23
49003	1309521600	23
49003	1312200000	24.1
49003	1314878400	23.2
49003	1317470400	24.2
49003	1320148800	23.8
49003	1322740800	25.9
49003	1325419200	26.7
49003	1328097600	27.6
49003	1330603200	27.7
49003	1333281600	26.3
49003	1335873600	23
49003	1338552000	23.8
49003	1341144000	23
49003	1343822400	22.4
49003	1346500800	23.2
49003	1349092800	24.8
49003	1351771200	24.6
49003	1354363200	27.8
49003	1357041600	26.9
49003	1359720000	27.6
49003	1362139200	26.8
49003	1364817600	25
49003	1367409600	24.2
49003	1370088000	23.9
49003	1372680000	22.7
49003	1375358400	23
49003	1378036800	23.6
49003	1380628800	23.9
49003	1383307200	24.9
49003	1385899200	25.8
49003	1388577600	27.2
49003	1391256000	27.9
49003	1393675200	27.2
49003	1396353600	26.1
49003	1398945600	24.4
49003	1401624000	23.7
49003	1404216000	22.2
49003	1406894400	22.5
49003	1409572800	23.9
49003	1412164800	23.9
49003	1414843200	25.3
49003	1417435200	26.8
49003	1420113600	28
49003	1422792000	28
49003	1425211200	27.7
49003	1427889600	26.2
49003	1430481600	23.7
49004	-520776000	14.9
49004	-518097600	16.7
49004	-515419200	19.7
49005	717940800	20.4
49005	720619200	21.2
49005	723211200	21.2
49005	725889600	24
49005	728568000	24.3
49005	730987200	24.1
49005	733665600	22.5
49005	736257600	19.6
49005	738936000	18.2
49005	741528000	19.3
49005	744206400	18.9
49006	328708800	15.5
49006	331300800	16.1
49006	333979200	17.6
49006	336657600	17.2
49006	339249600	20.5
49006	341928000	21.2
49006	344520000	22.7
49006	347198400	22.4
49007	1249128000	19.6
49007	1251806400	22.5
49007	1254398400	23.1
49007	1257076800	26.4
49007	1259668800	25
49007	1262347200	26.3
49007	1265025600	26.4
49007	1267444800	25.1
49007	1270123200	23.2
49007	1272715200	20.6
49007	1275393600	18.1
49007	1277985600	19.5
49007	1280664000	19.4
49007	1283342400	21.9
49007	1285934400	22.3
49007	1288612800	23.3
49007	1291204800	26
49007	1293883200	26.1
49007	1296561600	26.6
49007	1298980800	24.2
49007	1301659200	23.7
49007	1304251200	19.9
49007	1306929600	18
49008	1091361600	21.8
49008	1094040000	24.6
49008	1096632000	24.7
49008	1099310400	25.8
49008	1101902400	26.5
49008	1104580800	27.4
49008	1107259200	26.9
49008	1109678400	27.3
49008	1112356800	26.5
49008	1114948800	23.6
49008	1117627200	21.7
49008	1120219200	20.7
49008	1122897600	23
49008	1125576000	23.6
49008	1128168000	26.5
49008	1130846400	24.8
49008	1133438400	25.8
49008	1136116800	27.9
49008	1138795200	28.6
49008	1141214400	27.4
49008	1143892800	25.1
49008	1146484800	21.8
49008	1149163200	20.7
49008	1151755200	20.3
49008	1154433600	22.6
49008	1157112000	22.3
49008	1159704000	24.9
49008	1162382400	25.5
49008	1164974400	26.7
49008	1167652800	26.7
49008	1170331200	27.2
49008	1172750400	28
49008	1175428800	26.2
49008	1178020800	22.2
49008	1180699200	21.4
49008	1183291200	21.4
49008	1185969600	22.3
49008	1188648000	23.9
49008	1191240000	26
49008	1193918400	26.2
49008	1196510400	27.4
49008	1199188800	26.2
49008	1201867200	27.2
49008	1204372800	26.8
49008	1207051200	25.8
49008	1209643200	22.2
49008	1212321600	21.2
49008	1214913600	20.2
49008	1217592000	23.2
49008	1220270400	22.8
49008	1222862400	25.6
49008	1225540800	25
49008	1228132800	25.3
49008	1230811200	27
49008	1233489600	27.8
49008	1235908800	27.5
49008	1238587200	24.8
49008	1241179200	22.8
49008	1243857600	20.6
49008	1246449600	21.6
49008	1249128000	21.9
49008	1251806400	25.3
49008	1254398400	25.5
49008	1257076800	27.9
49008	1259668800	27
49008	1262347200	28.7
49008	1265025600	29.4
49008	1267444800	27.5
49008	1270123200	24.9
49008	1272715200	22.6
49008	1275393600	19.7
49008	1277985600	21.5
49008	1280664000	21
49008	1283342400	23.6
49008	1285934400	24.7
49008	1288612800	25.3
49008	1291204800	27.8
49008	1293883200	27.9
49008	1296561600	28.8
49008	1298980800	26.2
49008	1301659200	25.3
49008	1304251200	21.5
49008	1306929600	20.1
49008	1309521600	20.1
49008	1312200000	22.6
49008	1314878400	22.3
49008	1317470400	24.7
49008	1320148800	23.8
49008	1322740800	25.9
49008	1325419200	26.4
49008	1328097600	27.3
49008	1330603200	26.8
49009	762523200	25.8
49009	765201600	24.5
49009	767793600	23.7
49009	770472000	20.6
49009	773064000	20.6
49009	775742400	20.6
49009	778420800	23.3
49009	781012800	25.6
49009	783691200	25.8
49009	786283200	27.2
49010	1075636800	22.4
49010	1078142400	22.1
49010	1080820800	21.6
49010	1083412800	19.4
49010	1086091200	16.6
49010	1088683200	16.4
49010	1091361600	17.3
49010	1094040000	20.2
49010	1096632000	21.2
49010	1099310400	22.2
49010	1101902400	22.3
49010	1104580800	23.3
49010	1107259200	22.8
49010	1109678400	22.8
49010	1112356800	22.3
49010	1114948800	19.1
49010	1117627200	17.4
49010	1120219200	16.5
49010	1122897600	18.7
49010	1125576000	19.9
49010	1128168000	22.1
49010	1130846400	20.8
49010	1133438400	21.3
49010	1136116800	23.5
49010	1138795200	24.6
49010	1141214400	23.4
49010	1143892800	21.2
49010	1146484800	17.9
49010	1149163200	16.6
49010	1151755200	16.4
49010	1154433600	19.1
49010	1157112000	19.2
49010	1159704000	21
49010	1162382400	21.7
49010	1164974400	22.9
49010	1167652800	23.2
49010	1170331200	23
49010	1172750400	23.2
49010	1175428800	21.7
49010	1178020800	18.2
49010	1180699200	17.2
49010	1183291200	17.4
49010	1185969600	17.6
49010	1188648000	19.5
49010	1191240000	22.3
49010	1193918400	22.7
49010	1196510400	23.2
49010	1199188800	22
49010	1201867200	23.3
49010	1204372800	23.1
49010	1207051200	22.6
49010	1209643200	18.3
49010	1212321600	17.3
49010	1214913600	16
49010	1217592000	18.7
49010	1220270400	18.9
49010	1222862400	21.7
49010	1225540800	21.3
49010	1228132800	22.3
49010	1230811200	23.3
49010	1233489600	23.9
49010	1235908800	23.5
49010	1238587200	21.4
49010	1241179200	19.2
49010	1243857600	17.8
49010	1246449600	18.8
49010	1249128000	18.5
49010	1251806400	21.8
49010	1254398400	22.2
49010	1257076800	23.9
49010	1259668800	23.4
49010	1262347200	24.4
49010	1265025600	24.6
49010	1267444800	23.8
49010	1270123200	21.1
49010	1272715200	19
49010	1275393600	16.1
49010	1277985600	17.3
49010	1280664000	16.7
49010	1283342400	19.3
49010	1285934400	21
49010	1288612800	21.6
49010	1291204800	23.5
49010	1293883200	23.7
49010	1296561600	23.8
49010	1298980800	22.1
49010	1301659200	21.6
49010	1304251200	18
49010	1306929600	17.1
49010	1309521600	16.4
49010	1312200000	19.2
49010	1314878400	18.8
49010	1317470400	20.3
49010	1320148800	20
49010	1322740800	21.9
49010	1325419200	22.8
49010	1328097600	23
49010	1330603200	22.5
49011	-502200000	23.6
49011	-499780800	22.3
49011	-497102400	19.8
49011	-494510400	18.3
49011	-491832000	17.1
49011	-489240000	16.1
49011	-486561600	15.9
49011	-483883200	19.2
49012	749476800	21.6
49012	752155200	23
49012	754747200	23
49012	757425600	23.6
49012	760104000	25.5
49012	762523200	22.7
49013	352296000	22.2
49013	354974400	19.4
49013	357566400	17.6
49013	360244800	15
49013	362836800	14.3
49013	365515200	16.6
49014	1312200000	21.4
49014	1314878400	21.3
49014	1317470400	23.2
49014	1320148800	22.4
49014	1322740800	23.9
49014	1325419200	23.9
49014	1328097600	26.2
49014	1330603200	24.7
49014	1333281600	22.6
49014	1335873600	19.1
49014	1338552000	19.2
49014	1341144000	17.7
49014	1343822400	19.2
49014	1346500800	20.9
49014	1349092800	23.6
49014	1351771200	22.4
49014	1354363200	25.4
49014	1357041600	23
49014	1359720000	24.4
49014	1362139200	23.3
49014	1364817600	21.3
49014	1367409600	19.6
49014	1370088000	19.4
49014	1372680000	17.5
49014	1375358400	18.6
49014	1378036800	20.8
49014	1380628800	21.2
49014	1383307200	22.5
49014	1385899200	24.2
49014	1388577600	25.7
49014	1391256000	26.1
49014	1393675200	24.1
49014	1396353600	22
49014	1398945600	19.5
49014	1401624000	18.9
49014	1404216000	17.9
49014	1406894400	18.8
49014	1409572800	21.4
49014	1412164800	22.6
49014	1414843200	23.5
49014	1417435200	24.9
49014	1420113600	26.1
49014	1422792000	24.5
49014	1425211200	23.5
49014	1427889600	22.5
49014	1430481600	19.8
49015	791640000	27.4
49015	794059200	26.7
49015	796737600	24.7
49015	799329600	22.9
49015	802008000	21
49015	804600000	22
49015	807278400	24
49015	809956800	23.8
49015	812548800	24
49015	815227200	24.4
49015	817819200	25.8
49015	820497600	27.7
49015	823176000	28.8
49016	788961600	25.1
49016	791640000	23.9
49016	794059200	24.4
49016	796737600	22.8
49016	799329600	21.2
49017	-476020800	21.5
49017	-473342400	22.1
49017	-470664000	23.2
49017	-468244800	22.1
49017	-465566400	19.6
49017	-462974400	17.7
49017	-460296000	16
49017	-457704000	15.8
49017	-455025600	16.1
49017	-452347200	18.8
49017	-449755200	18.6
49018	767793600	20.9
49018	770472000	18.2
49018	773064000	18
49018	775742400	17.8
49018	778420800	19.5
49018	781012800	21.3
49018	783691200	22.8
49018	786283200	23.4
49018	788961600	25.7
49018	791640000	24.5
49019	370785600	19.2
49019	373464000	21.9
49019	376056000	21.2
49019	378734400	20.8
49020	828360000	25.3
49020	830952000	22
49020	833630400	21.2
49020	836222400	20.4
49020	838900800	20.9
49020	841579200	22
49020	844171200	24.8
49020	846849600	24.5
49020	849441600	26.9
49020	852120000	27.1
49021	804600000	18.8
49021	807278400	21.8
49021	809956800	21.2
49021	812548800	22.3
49021	815227200	21.6
49021	817819200	23.3
49022	-444484800	21.9
49022	-441806400	24.3
49022	-439128000	23
49022	-436622400	21.6
49023	796737600	21
49023	799329600	19.5
49023	802008000	18.1
49023	804600000	18.6
49023	807278400	20.6
49023	809956800	20.6
49023	812548800	19.9
49023	815227200	21.1
49023	817819200	22.2
49023	820497600	24.7
49023	823176000	24.9
49023	825681600	24.1
49023	828360000	22.1
49024	383832000	21.9
49024	386510400	18.9
49024	389102400	16.2
49024	391780800	17
49024	394372800	15.7
49024	397051200	17.9
49024	399729600	18.1
49024	402321600	20.6
49024	4.05e+08	23.1
49024	407592000	20.9
49024	410270400	22.1
49024	412948800	22.9
49024	415368000	21.4
49024	418046400	20.4
49024	420638400	19.1
49024	423316800	17.2
49024	425908800	16.5
49024	428587200	16.6
49024	431265600	17
49024	433857600	19.5
49024	436536000	21.1
49024	439128000	21.4
49025	857217600	25.7
49025	859896000	24.6
49025	862488000	21.7
49025	865166400	21.1
49025	867758400	21.9
49025	870436800	22.3
49025	873115200	24.8
49025	875707200	25.3
49025	878385600	27.6
49025	880977600	27.7
49025	883656000	28.5
49025	886334400	28.7
49026	823176000	25
49026	825681600	24.3
49026	828360000	22
49026	830952000	18.2
49027	-423403200	15.7
49027	-420724800	19.4
49027	-418132800	19.2
49027	-415454400	19.3
49027	-412862400	20.8
49028	833630400	18.3
49028	836222400	17
49028	838900800	17.2
49028	841579200	18.7
49028	844171200	20.6
49028	846849600	20.2
49028	849441600	22.1
49028	852120000	23.5
49028	854798400	24
49028	857217600	21.9
49029	631195200	24
49029	633873600	23.9
49029	636292800	24.2
49029	638971200	23
49029	641563200	18.1
49029	644241600	17
49030	891432000	26.2
49030	894024000	22.7
49030	896702400	19.8
49030	899294400	21.2
49030	901972800	23.8
49030	904651200	24.9
49030	907243200	24.1
49030	909921600	24.3
49030	912513600	27.3
49030	915192000	28.4
49030	917870400	28.1
49030	920289600	27.1
49030	922968000	25.2
49030	925560000	22.1
49030	928238400	21.8
49031	836222400	17.6
49031	838900800	18.9
49031	841579200	20.5
49031	844171200	23
49031	846849600	22.1
49031	849441600	23.5
49032	-407505600	22.4
49032	-405086400	22
49033	862488000	18.5
49033	865166400	18.1
49033	867758400	18.9
49033	870436800	18.4
49033	873115200	20.7
49033	875707200	21.2
49033	878385600	23.8
49033	880977600	24.3
49033	883656000	24.9
49033	886334400	25.3
49033	888753600	24.4
49033	891432000	22.5
49033	894024000	19.4
49033	896702400	16.4
49033	899294400	17.8
49033	901972800	20.1
49034	649512000	15.7
49034	652190400	17.3
49034	654782400	20.6
49034	657460800	22.9
49034	660052800	22.2
49035	933508800	21.6
49035	936187200	24.1
49035	938779200	23.5
49035	941457600	23.7
49035	944049600	26.1
49035	946728000	26.9
49035	949406400	27.1
49035	951912000	26.2
49035	954590400	24.8
49035	957182400	22.3
49035	959860800	21.5
49035	962452800	19.7
49035	965131200	21.5
49035	967809600	22.4
49036	867758400	18.4
49036	870436800	20.2
49036	873115200	23.9
49036	875707200	24.5
49036	878385600	25.9
49036	880977600	25.2
49036	883656000	25.6
49036	886334400	25.6
49036	888753600	25.1
49036	891432000	23.5
49036	894024000	19.7
49036	896702400	17.6
49036	899294400	18.4
49036	901972800	21.6
49036	904651200	22.9
49036	907243200	21.8
49036	909921600	21.9
49037	907243200	19.6
49037	909921600	19.5
49037	912513600	23.2
49037	915192000	23.4
49037	917870400	24.4
49037	920289600	23
49037	922968000	20
49037	925560000	18.8
49037	928238400	17.8
49037	930830400	18.2
49037	933508800	17.1
49037	936187200	19.9
49038	665409600	23
49038	667828800	21.4
49038	670507200	20.2
49038	673099200	17.3
49038	675777600	16.6
49038	678369600	15.6
49038	681048000	16.9
49038	683726400	18.1
49038	686318400	20.1
49038	688996800	21.6
49038	691588800	23.1
49038	694267200	22.4
49038	696945600	22
49038	699451200	21.8
49038	702129600	20.2
49038	704721600	18.8
49038	707400000	16.5
49038	709992000	15.4
49038	712670400	16.8
49038	715348800	18
49038	717940800	20.6
49038	720619200	20.9
49038	723211200	21.4
49038	725889600	22.2
49038	728568000	22.2
49038	730987200	22.4
49038	733665600	21.1
49038	736257600	17
49038	738936000	15.1
49038	741528000	16.6
49038	744206400	16.5
49038	746884800	19
49038	749476800	20.8
49038	752155200	22.7
49038	754747200	21.9
49038	757425600	22
49038	760104000	24.3
49038	762523200	22
49038	765201600	20.2
49038	767793600	18.7
49038	770472000	15.1
49038	773064000	15.3
49038	775742400	16.9
49038	778420800	19.2
49038	781012800	21.9
49038	783691200	21.7
49038	786283200	23.2
49038	788961600	24
49038	791640000	22.8
49038	794059200	22.3
49038	796737600	20.3
49038	799329600	17.8
49039	973080000	24.9
49039	975672000	26.7
49039	978350400	27.4
49039	981028800	28.4
49040	915192000	24.2
49040	917870400	23.9
49040	920289600	23.4
49040	922968000	22
49040	925560000	18.7
49040	928238400	18.9
49040	930830400	19.4
49040	933508800	19
49040	936187200	20.8
49040	938779200	21.3
49041	941457600	19.4
49041	944049600	22
49041	946728000	22.9
49041	949406400	22.9
49041	951912000	22.1
49041	954590400	20.8
49041	957182400	18.7
49041	959860800	17.9
49041	962452800	16.6
49041	965131200	18.2
49041	967809600	18.8
49041	970401600	22.4
49041	973080000	21.5
49042	804600000	16.8
49042	807278400	18.3
49042	809956800	19
49042	812548800	19.5
49042	815227200	20.5
49042	817819200	22.2
49042	820497600	23.1
49042	823176000	23.5
49042	825681600	22.8
49042	828360000	20.2
49042	830952000	16.9
49042	833630400	15.5
49042	836222400	14.8
49042	838900800	16.1
49042	841579200	18.3
49042	844171200	20.6
49042	846849600	20.7
49042	849441600	22.7
49042	852120000	22.4
49042	854798400	23.3
49042	857217600	21.2
49042	859896000	19.7
49042	862488000	17.4
49042	865166400	16
49042	867758400	15.8
49043	986126400	26.2
49043	988718400	22.9
49043	991396800	22.2
49044	981028800	25.4
49044	983448000	23.8
49044	986126400	23.4
49044	988718400	19.5
49044	991396800	18.9
49044	993988800	19.1
49044	996667200	19.2
49044	999345600	20.3
49044	1001937600	21.7
49044	1004616000	23.1
49044	1007208000	22.4
49044	1009886400	24
49045	-368280000	17.7
49045	-365601600	15.7
49045	-363009600	16.2
49045	-360331200	17.9
49045	-357652800	18.4
49045	-355060800	20.9
49045	-352382400	22.9
49045	-349790400	23.2
49045	-347112000	23.1
49045	-344433600	24.3
49045	-342014400	22.1
49045	-339336000	22.2
49046	978350400	23.4
49046	981028800	24.8
49046	983448000	23.9
49046	986126400	22.6
49046	988718400	19.7
49046	991396800	18.9
49047	873115200	20.6
49047	875707200	21.4
49047	878385600	23.2
49047	880977600	23.3
49047	883656000	23.8
49047	886334400	23.9
49047	888753600	23.5
49047	891432000	21
49047	894024000	17.1
49047	896702400	14.7
49047	899294400	15.7
49047	901972800	19.1
49047	904651200	20.1
49047	907243200	19.7
49047	909921600	20.5
49047	912513600	22.7
49047	915192000	23.5
49047	917870400	23.3
49047	920289600	22.6
49047	922968000	20.2
49047	925560000	16.1
49047	928238400	16.1
49047	930830400	16.4
49047	933508800	15.8
49047	936187200	19
49047	938779200	19.6
49047	941457600	19.8
49047	944049600	21.9
49047	946728000	22.8
49047	949406400	22.6
49047	951912000	22
49047	954590400	19.8
49047	957182400	17.3
49047	959860800	15.9
49047	962452800	15
49047	965131200	16.9
49047	967809600	18.8
49047	970401600	22.4
49047	973080000	21.7
49047	975672000	22.2
49047	978350400	23.3
49047	981028800	23.5
49047	983448000	22.8
49047	986126400	21.3
49047	988718400	17.8
49047	991396800	17.1
49047	993988800	16.5
49047	996667200	17.8
49048	1012564800	26.3
49048	1014984000	27.6
49048	1017662400	26.4
49048	1020254400	24.2
49048	1022932800	23.1
49048	1025524800	21.5
49048	1028203200	24
49048	1030881600	22.4
49049	1014984000	24
49049	1017662400	23.1
49050	-334065600	15.9
49050	-331473600	16.9
49050	-328795200	18
49050	-326116800	20.3
49050	-323524800	21.4
49050	-320846400	21.1
49051	1009886400	23.3
49051	1012564800	22.5
49051	1014984000	23.6
49051	1017662400	22.5
49051	1020254400	21
49051	1022932800	19.9
49051	1025524800	18.1
49051	1028203200	20
49051	1030881600	18.6
49051	1033473600	22.6
49052	1001937600	20.2
49052	1004616000	22.1
49052	1007208000	21.8
49052	1009886400	22.9
49052	1012564800	21.9
49052	1014984000	23.1
49052	1017662400	21.5
49053	1038744000	27.2
49053	1041422400	27.3
49053	1044100800	28.3
49053	1046520000	26.8
49053	1049198400	25
49053	1051790400	22
49053	1054468800	22.3
49054	1041422400	23.3
49054	1044100800	24.7
49055	-315576000	22.8
49055	-312897600	22.5
49055	-310392000	21.5
49055	-307713600	19.3
49055	-305121600	16.8
49056	1038744000	23.6
49056	1041422400	24.1
49056	1044100800	24.5
49056	1046520000	23.4
49056	1049198400	21.9
49056	1051790400	19.1
49057	1041422400	22.9
49057	1044100800	24.1
49057	1046520000	22.4
49057	1049198400	20.9
49057	1051790400	16.7
49057	1054468800	17.4
49057	1057060800	15.5
49057	1059739200	16.2
49057	1062417600	19.2
49057	1065009600	20.6
49057	1067688000	21.3
49057	1070280000	22.9
49057	1072958400	22.1
49057	1075636800	22.3
49057	1078142400	20.9
49057	1080820800	20.9
49057	1083412800	17.3
49057	1086091200	15.8
49057	1088683200	15.2
49057	1091361600	16.7
49057	1094040000	21.1
49057	1096632000	19.9
49057	1099310400	21.2
49057	1101902400	22
49057	1104580800	22.7
49057	1107259200	22
49057	1109678400	22.5
49058	1059739200	20.5
49058	1062417600	22.6
49058	1065009600	23.8
49058	1067688000	25.4
49058	1070280000	26.5
49058	1072958400	25.9
49058	1075636800	25.9
49058	1078142400	25.5
49058	1080820800	25
49058	1083412800	22
49058	1086091200	20.3
49058	1088683200	19.6
49058	1091361600	21.3
49058	1094040000	24.3
49058	1096632000	23.8
49058	1099310400	25.2
49059	1049198400	22.4
49059	1051790400	18.7
49059	1054468800	19.4
49059	1057060800	18.1
49059	1059739200	19.5
49059	1062417600	22.1
49059	1065009600	22.8
49059	1067688000	22.9
49059	1070280000	23.7
49059	1072958400	23.1
49060	-297172800	17.4
49060	-294494400	18.8
49060	-291902400	21.8
49060	-289224000	21.3
49060	-286632000	22.2
49060	-283953600	22.4
49060	-281275200	22.7
49061	1057060800	18.1
49061	1059739200	17.7
49061	1062417600	18.7
49061	1065009600	20.1
49061	1067688000	21.7
49061	1070280000	22.7
49062	1125576000	18.9
49062	1128168000	22.1
49062	1130846400	21
49062	1133438400	21.4
49062	1136116800	22.7
49062	1138795200	23.5
49062	1141214400	22.8
49062	1143892800	20.1
49062	1146484800	16.8
49062	1149163200	15.6
49062	1151755200	15.8
49062	1154433600	17.8
49062	1157112000	18.6
49062	1159704000	21.1
49062	1162382400	21.3
49062	1164974400	22.9
49062	1167652800	22.3
49062	1170331200	23.1
49062	1172750400	23.3
49062	1175428800	21.6
49062	1178020800	17.1
49062	1180699200	16.2
49062	1183291200	15.9
49062	1185969600	17.5
49062	1188648000	20.1
49063	1104580800	26.5
49063	1107259200	26.3
49063	1109678400	27
49063	1112356800	26.1
49063	1114948800	22.9
49063	1117627200	21.1
49063	1120219200	20.3
49063	1122897600	22.4
49064	1078142400	22.4
49064	1080820800	22
49064	1083412800	19.4
49064	1086091200	17.6
49064	1088683200	16.7
49064	1091361600	19.1
49064	1094040000	22.8
49064	1096632000	22.1
49064	1099310400	22.9
49064	1101902400	22.4
49064	1104580800	23.5
49065	-273585600	17.9
49065	-270907200	17.1
49065	-268315200	16.1
49065	-265636800	17.6
49065	-262958400	22
49065	-260366400	21.9
49065	-257688000	22.3
49065	-255096000	21.6
49065	-252417600	22.8
49066	1075636800	22.7
49066	1078142400	22
49066	1080820800	22
49066	1083412800	19
49066	1086091200	17.8
49066	1088683200	16.7
49066	1091361600	18.4
49066	1094040000	20.7
49066	1096632000	20.8
49066	1099310400	22.1
49066	1101902400	22.7
49066	1104580800	23.4
49066	1107259200	23.2
49066	1109678400	24
49067	1128168000	26.3
49067	1130846400	24.5
49067	1133438400	25.2
49067	1136116800	27.4
49068	1109678400	23.1
49068	1112356800	22.6
49068	1114948800	19.4
49068	1117627200	18.2
49068	1120219200	17.7
49068	1122897600	20
49068	1125576000	21.3
49068	1128168000	23.9
49068	1130846400	21.7
49068	1133438400	21.6
49068	1136116800	23.7
49069	1114948800	20.2
49069	1117627200	18.8
49069	1120219200	17.8
49069	1122897600	19.5
49069	1125576000	19.7
49069	1128168000	22.1
49069	1130846400	21
49069	1133438400	21.9
49069	1136116800	23.9
49069	1138795200	25
49069	1141214400	23.6
49069	1143892800	21.7
49069	1146484800	18.8
49069	1149163200	17.7
49069	1151755200	18.5
49070	1199188800	21.7
49070	1201867200	22.5
49070	1204372800	21.7
49070	1207051200	20.6
49070	1209643200	17
49070	1212321600	16.4
49070	1214913600	15.1
49071	1141214400	27
49071	1143892800	24.8
49071	1146484800	21.4
49071	1149163200	20.6
49071	1151755200	20.6
49071	1154433600	22.4
49071	1157112000	22.4
49071	1159704000	24.5
49071	1162382400	25.4
49071	1164974400	26.4
49071	1167652800	26.3
49071	1170331200	27.4
49071	1172750400	27.9
49072	1141214400	23
49072	1143892800	21.7
49072	1146484800	18.6
49072	1149163200	17.5
49072	1151755200	17.9
49072	1154433600	20
49072	1157112000	20.3
49072	1159704000	21.9
49072	1162382400	22.2
49072	1164974400	23.1
49072	1167652800	22.8
49073	-234100800	16.7
49073	-231422400	18.7
49073	-228830400	18.9
49073	-226152000	21.2
49074	1157112000	19.1
49074	1159704000	20.7
49074	1162382400	21.6
49074	1164974400	22.7
49074	1167652800	23
49074	1170331200	23.2
49074	1172750400	24.2
49074	1175428800	22.1
49074	1178020800	18.8
49074	1180699200	18.9
49075	1220270400	18
49075	1222862400	21.1
49075	1225540800	21.1
49075	1228132800	21.6
49075	1230811200	22.1
49075	1233489600	23.4
49075	1235908800	23.3
49075	1238587200	20.3
49075	1241179200	18
49075	1243857600	15
49075	1246449600	17.2
49075	1249128000	17.1
49075	1251806400	20.3
49075	1254398400	21.4
49075	1257076800	23.9
49075	1259668800	22.6
49075	1262347200	23.9
49075	1265025600	23.5
49075	1267444800	22.8
49075	1270123200	20.3
49075	1272715200	17.7
49075	1275393600	15
49075	1277985600	16.7
49075	1280664000	16.6
49075	1283342400	19.4
49075	1285934400	20.4
49075	1288612800	21.5
49075	1291204800	23.9
49075	1293883200	23.4
49075	1296561600	23.7
49075	1298980800	22.5
49075	1301659200	21.1
49075	1304251200	17.3
49075	1306929600	15.1
49075	1309521600	16.3
49075	1312200000	18.4
49075	1314878400	19.1
49075	1317470400	20.7
49075	1320148800	20.2
49075	1322740800	22.1
49075	1325419200	21.7
49075	1328097600	23.1
49075	1330603200	22.2
49076	1178020800	21.9
49076	1180699200	21.4
49076	1183291200	21.3
49076	1185969600	22.7
49076	1188648000	24.2
49076	1191240000	26
49076	1193918400	25.7
49076	1196510400	27.1
49076	1199188800	25.8
49076	1201867200	26.9
49076	1204372800	26.2
49076	1207051200	25.4
49077	1172750400	24.4
49077	1175428800	22.5
49077	1178020800	18.9
49077	1180699200	18
49077	1183291200	18.1
49077	1185969600	19.3
49077	1188648000	21.8
49077	1191240000	23.3
49077	1193918400	22.4
49077	1196510400	23.4
49077	1199188800	22.5
49078	-220881600	24
49078	-218203200	22.6
49078	-215784000	23.3
49078	-213105600	20.5
49078	-210513600	16.1
49078	-207835200	15.4
49078	-205243200	15.5
49078	-202564800	17.4
49078	-199886400	20.6
49078	-197294400	22.6
49079	1185969600	18.8
49079	1188648000	19.6
49079	1191240000	21.5
49079	1193918400	21.7
49079	1196510400	23.8
49079	1199188800	22.3
49079	1201867200	23.1
49079	1204372800	23
49079	1207051200	22.3
49079	1209643200	18.9
49079	1212321600	18.4
49079	1214913600	17.5
49079	1217592000	19.3
49079	1220270400	19.1
49079	1222862400	21.4
49080	1212321600	21
49080	1214913600	20.3
49080	1217592000	22.8
49080	1220270400	22
49080	1222862400	24.5
49080	1225540800	24.1
49080	1228132800	24.3
49080	1230811200	26
49080	1233489600	27
49080	1235908800	26.7
49080	1238587200	24
49080	1241179200	22.2
49080	1243857600	20.1
49080	1246449600	21.2
49081	1204372800	22.7
49081	1207051200	22
49081	1209643200	18.8
49081	1212321600	18.7
49081	1214913600	17.2
49081	1217592000	20.4
49081	1220270400	20.7
49081	1222862400	23.3
49081	1225540800	22
49082	-192024000	22.5
49082	-189345600	21.8
49082	-186667200	22.8
49083	1228132800	21.5
49083	1230811200	23.5
49083	1233489600	24.5
49083	1235908800	23.8
49083	1238587200	21.3
49083	1241179200	19.6
49083	1243857600	17.9
49083	1246449600	19
49083	1249128000	19
49083	1251806400	21.7
49083	1254398400	21.7
49083	1257076800	24
49084	1251806400	24.7
49084	1254398400	24.7
49084	1257076800	27.5
49084	1259668800	25.9
49085	-178891200	17.5
49085	-176212800	16.3
49085	-173620800	14.5
49085	-170942400	17.8
49085	-168264000	19.1
49085	-165672000	19.7
49085	-162993600	19.6
49085	-160401600	21.2
49085	-157723200	21.6
49085	-155044800	22.5
49085	-152625600	21.4
49085	-149947200	20.4
49085	-147355200	18.2
49086	1262347200	25.1
49086	1265025600	25.4
49086	1267444800	24
49086	1270123200	21.3
49086	1272715200	19.4
49086	1275393600	17
49086	1277985600	18.3
49086	1280664000	17.7
49086	1283342400	19.7
49087	1265025600	28.2
49087	1267444800	26.6
49087	1270123200	24.1
49087	1272715200	21.7
49087	1275393600	19.1
49087	1277985600	21.1
49087	1280664000	20.6
49087	1283342400	22.9
49087	1285934400	23.5
49087	1288612800	24.3
49087	1291204800	27
49087	1293883200	26.7
49087	1296561600	28
49088	1235908800	23.4
49088	1238587200	21
49088	1241179200	20.1
49088	1243857600	18
49088	1246449600	19.9
49088	1249128000	20
49088	1251806400	22.5
49088	1254398400	22.7
49088	1257076800	24.3
49089	-139406400	17.9
49089	-136728000	20
49089	-134136000	19.9
49089	-131457600	21.7
49089	-128865600	23.7
49089	-126187200	23.1
49089	-123508800	23.7
49090	1288612800	21.5
49090	1291204800	24
49090	1293883200	23.8
49090	1296561600	24.4
49090	1298980800	22.4
49090	1301659200	21.8
49090	1304251200	18.4
49090	1306929600	16.8
49090	1309521600	17.2
49090	1312200000	19.1
49091	1301659200	24.7
49091	1304251200	20.7
49091	1306929600	19.6
49091	1309521600	20
49091	1312200000	22.6
49091	1314878400	22.3
49091	1317470400	23.9
49091	1320148800	22.9
49091	1322740800	24.9
49091	1325419200	25.2
49091	1328097600	26.6
49091	1330603200	26.1
49092	1267444800	23.6
49092	1270123200	22
49092	1272715200	19.7
49092	1275393600	17.6
49092	1277985600	19.1
49092	1280664000	19.5
49093	-115819200	18.3
49093	-113140800	17.1
49093	-110548800	17
49093	-107870400	17.2
49093	-105192000	18.6
49093	-102600000	21.6
49093	-99921600	21.3
49093	-97329600	23.4
49093	-94651200	23.1
49093	-91972800	24.1
49093	-89553600	22.9
49094	1317470400	21.5
49094	1320148800	19.7
49094	1322740800	22
49094	1325419200	22.4
49094	1328097600	23.3
49094	1330603200	23
49095	1285934400	21.9
49095	1288612800	22.1
49095	1291204800	23.7
49095	1293883200	23.2
49095	1296561600	24.5
49096	-84283200	17.4
49096	-81604800	17.2
49096	-79012800	15.6
49096	-76334400	18.6
49096	-73656000	19.2
49096	-71064000	22.5
49096	-68385600	20.7
49096	-65793600	20.5
49096	-63115200	23.2
49096	-60436800	22.1
49096	-57931200	22
49096	-55252800	18.8
49096	-52660800	14.3
49097	1301659200	22.2
49097	1304251200	19.5
49097	1306929600	17.8
49097	1309521600	18.5
49098	-47390400	16.2
49098	-44712000	16.4
49098	-42033600	18.3
49098	-39441600	19.8
49098	-36763200	22.8
49098	-34171200	23.3
49098	-31492800	23.5
49098	-28814400	24.6
49098	-26395200	22.5
49098	-23716800	19.9
49098	-21124800	18.6
49099	1314878400	21.2
49099	1317470400	21.5
49099	1320148800	20.8
49099	1322740800	22
49099	1325419200	21.9
49100	-15854400	16.9
49100	-13176000	17.8
49101	-2635200	21.2
49101	43200	23.2
49101	2721600	23.2
49101	5140800	22.8
49101	7819200	20.1
49101	10411200	18.6
49101	13089600	17.6
49101	15681600	16.2
49102	155131200	19.3
49102	157809600	20.3
49102	160488000	22
49102	162907200	21.2
49102	165585600	20
49102	168177600	16.4
49102	170856000	16.4
49103	178804800	17.9
49103	181396800	19
49103	184075200	19.2
49103	186667200	20.6
49103	189345600	21.8
49103	192024000	22.2
49103	194529600	20.6
49103	197208000	18.9
49103	199800000	16.9
49103	202478400	16.6
49103	205070400	15
49103	207748800	16.5
49103	210427200	16.5
49103	213019200	17.2
49103	215697600	19.3
49103	218289600	19.8
49103	220968000	21
49103	223646400	22.6
49103	226065600	21.6
49103	228744000	18.4
49103	231336000	18.6
49103	234014400	17.1
49103	236606400	17.9
49103	239284800	18.4
49103	241963200	17.8
49103	244555200	19.4
49103	247233600	19.5
49103	249825600	19.7
49103	252504000	21.8
49103	255182400	20.7
49103	257601600	21.1
49103	260280000	18.3
49103	262872000	16.6
49103	265550400	15.2
49103	268142400	16.5
49103	270820800	16.2
49103	273499200	17
49103	276091200	20.1
49103	278769600	19
49103	281361600	20.5
49103	284040000	18.5
49103	286718400	20.4
49103	289137600	19.5
49103	291816000	17.8
49103	294408000	18
49103	297086400	15.5
49103	299678400	15.1
49103	302356800	17.6
49103	305035200	16.9
49103	307627200	19.7
49103	310305600	19.2
49103	312897600	20.8
49103	315576000	20.1
49103	318254400	21.5
49103	320760000	22.1
49103	323438400	19.4
49103	326030400	18.4
49103	328708800	13.8
49103	331300800	16.7
49103	333979200	17.4
49103	336657600	16.6
49103	339249600	19
49103	341928000	18.9
49103	344520000	21.4
49103	347198400	21.3
49103	349876800	21.5
49103	352296000	20.7
49103	354974400	18.2
49103	357566400	17.6
49103	360244800	15.6
49103	362836800	14.9
49103	365515200	16.8
49103	368193600	18.5
49103	370785600	16.6
49103	373464000	20
49103	376056000	20.1
49103	378734400	19.4
49103	381412800	21.5
49103	383832000	19.9
49103	386510400	17.2
49103	389102400	16.2
49103	391780800	17.5
49103	394372800	16.5
49103	397051200	17.2
49103	399729600	16.9
49103	402321600	18.8
49103	4.05e+08	21.5
49103	407592000	19.1
49103	410270400	20.6
49103	412948800	21.6
49103	415368000	20.2
49103	418046400	19.1
49103	420638400	18.7
49103	423316800	16.9
49103	425908800	16.7
49103	428587200	16.2
49103	431265600	15.5
49103	433857600	17
49104	446990400	20.8
49104	449668800	18.7
49104	452260800	19.6
49104	454939200	17.9
49104	457531200	17
49104	460209600	16.1
49104	462888000	16.9
49104	465480000	19.4
49104	468158400	19.7
49104	470750400	19.7
49104	473428800	19.8
49104	476107200	21.6
49104	478526400	21
49104	481204800	19.9
49104	483796800	17.3
49104	486475200	15.4
49104	489067200	15.1
49104	491745600	17.5
49104	494424000	16.7
49104	497016000	18.7
49104	499694400	19.4
49104	502286400	19.7
49104	504964800	21.5
49104	507643200	21.7
49104	510062400	21.1
49104	512740800	19.8
49104	515332800	19
49104	518011200	16.3
49104	520603200	15.2
49104	523281600	17.5
49104	525960000	17.1
49104	528552000	18.8
49104	531230400	20.5
49104	533822400	20.3
49104	536500800	22.2
49104	539179200	21.5
49104	541598400	20.5
49104	544276800	20.1
49104	546868800	17.3
49104	549547200	15.7
49104	552139200	17.2
49104	554817600	16.8
49104	557496000	16.4
49104	560088000	19.7
49104	562766400	20
49105	573220800	20.9
49105	575899200	19.6
49105	578491200	18.1
49105	581169600	15.6
49105	583761600	13.9
49105	586440000	16.8
49105	589118400	19.2
49105	591710400	18
49105	594388800	18.2
49105	596980800	20.7
49105	599659200	21.2
49105	602337600	21.7
49105	604756800	21
49105	607435200	20
49105	610027200	16.7
49105	612705600	16
49105	615297600	15.2
49105	617976000	16.2
49105	620654400	17.4
49105	623246400	17
49105	625924800	19.3
49105	628516800	19.9
49105	631195200	22.9
49105	633873600	22.1
49105	636292800	22.1
49105	638971200	21.1
49105	641563200	17
49105	644241600	16.5
49105	646833600	15.5
49106	652190400	16.6
49106	654782400	19.6
49106	657460800	21.7
49106	660052800	20.4
49106	662731200	20
49106	665409600	20.9
49107	673099200	18.3
49107	675777600	17.6
49107	678369600	15.9
49107	681048000	17
49107	683726400	17
49107	686318400	18.7
49107	688996800	19.9
49107	691588800	21.9
49107	694267200	20.4
49107	696945600	20.8
49108	712670400	16.1
49108	715348800	16.7
49108	717940800	18.4
49108	720619200	19.3
49108	723211200	19.9
49108	725889600	21.7
49108	728568000	21.2
49108	730987200	21.6
49108	733665600	20.1
49108	736257600	17.2
49108	738936000	16.1
49108	741528000	17.7
49108	744206400	16.7
49108	746884800	18.3
49108	749476800	19.8
49108	752155200	21.2
49108	754747200	20.6
49108	757425600	20.9
49108	760104000	23.5
49108	762523200	19.7
49108	765201600	19
49108	767793600	18.5
49108	770472000	16
49108	773064000	16.4
49108	775742400	15.8
49108	778420800	18.2
49108	781012800	19.8
49108	783691200	20.2
49108	786283200	21.4
49108	788961600	23.2
49108	791640000	22.2
49108	794059200	21.1
49108	796737600	19
49108	799329600	17.3
49108	802008000	16.6
49108	804600000	17.6
49108	807278400	19.6
49108	809956800	18.4
49108	812548800	18.3
49108	815227200	19.3
49108	817819200	19.9
49108	820497600	22.1
49108	823176000	21.9
49108	825681600	21.3
49108	828360000	19.3
49108	830952000	16.4
49108	833630400	16.1
49108	836222400	15
49108	838900800	15.5
49108	841579200	16.4
49108	844171200	18.4
49108	846849600	18.6
49109	852120000	21.1
49109	854798400	22.1
49109	857217600	19.8
49109	859896000	19.1
49109	862488000	16.3
49109	865166400	16.7
49109	867758400	17.2
49109	870436800	17.3
49109	873115200	19
49109	875707200	22
49109	878385600	21.3
49109	880977600	23.1
49110	888753600	22
49110	891432000	20.4
49110	894024000	17.6
49110	896702400	15.4
49110	899294400	16.3
49110	901972800	18.9
49110	904651200	18.7
49110	907243200	18.4
49110	909921600	18.6
49110	912513600	21.6
49110	915192000	22.2
49110	917870400	22.1
49110	920289600	20.9
49110	922968000	19
49110	925560000	16.6
49110	928238400	15.8
49110	930830400	16.1
49110	933508800	16.2
49110	936187200	18.3
49110	938779200	16.9
49110	941457600	18
49110	944049600	20.5
49110	946728000	21.3
49110	949406400	21.5
49111	954590400	19.1
49111	957182400	17.1
49111	959860800	17.1
49111	962452800	15.2
49111	965131200	16.9
49112	970401600	21.3
49112	973080000	19.7
49112	975672000	21.1
