group	x	y
43653	-399816000	13.9
43653	-397137600	15.4
43653	-394545600	10
43653	-391867200	12.3
43653	-389188800	14.2
43653	-386596800	17.9
43653	-383918400	20.2
43653	-381326400	23.7
43653	-378648000	23.5
43653	-375969600	24.1
43653	-373550400	21.1
43653	-370872000	18.3
43653	-368280000	16.6
43653	-365601600	10.3
43653	-363009600	10.8
43653	-360331200	12.5
43653	-357652800	13.4
43653	-355060800	17
43653	-352382400	21.4
43653	-349790400	20.8
43653	-347112000	26.5
43653	-344433600	24.1
43653	-342014400	22.8
43653	-339336000	18.6
43653	-336744000	13.6
43653	-334065600	11.8
43653	-331473600	10.8
43653	-328795200	14.6
43653	-326116800	15.2
43653	-323524800	17.4
43653	-320846400	22.8
43653	-318254400	20.8
43653	-315576000	27.7
43654	-2492942400	26.1
43654	-2490264000	25.1
43654	-2487844800	21.4
43654	-2485166400	17.7
43654	-2482574400	16.1
43654	-2479896000	10.1
43654	-2477304000	10.4
43654	-2474625600	11.8
43654	-2471947200	14.6
43654	-2469355200	18.9
43654	-2466676800	22.4
43655	-599572800	26.8
43655	-596894400	26
43655	-594475200	24.5
43655	-591796800	16.1
43655	-589204800	14.9
43655	-586526400	11.2
43655	-583934400	10.5
43655	-581256000	10.3
43655	-578577600	16.5
43655	-575985600	17.9
43655	-573307200	20.8
43655	-570715200	25.1
43655	-568036800	26.4
43655	-565358400	23.6
43655	-562852800	22.6
43655	-560174400	15.3
43655	-557582400	13.4
43655	-554904000	11.4
43655	-552312000	9.3
43655	-549633600	11.4
43655	-546955200	14.8
43655	-544363200	15.9
43655	-541684800	19.3
43655	-539092800	23.6
43655	-536414400	25
43655	-533736000	24.1
43655	-531316800	24.6
43655	-528638400	19.9
43655	-526046400	13.8
43655	-523368000	11.4
43655	-520776000	10.2
43655	-518097600	10.7
43655	-515419200	14.3
43655	-512827200	17.1
43655	-510148800	24.2
43655	-507556800	24.6
43655	-504878400	26.3
43655	-502200000	25.2
43655	-499780800	24
43655	-497102400	18.8
43655	-494510400	15.2
43655	-491832000	12.6
43655	-489240000	11.8
43655	-486561600	12.6
43655	-483883200	14.6
43655	-481291200	17.7
43655	-478612800	20.9
43655	-476020800	23.9
43655	-473342400	25.3
43655	-470664000	25.2
43655	-468244800	21.6
43655	-465566400	17.1
43655	-462974400	12.3
43655	-460296000	11.2
43655	-457704000	9.3
43655	-455025600	11.9
43655	-452347200	15.4
43655	-449755200	18
43655	-447076800	19.9
43655	-444484800	21.1
43655	-441806400	23.7
43655	-439128000	26.4
43655	-436622400	21.5
43655	-433944000	16.5
43655	-431352000	12.9
43655	-428673600	9.1
43655	-426081600	10.1
43655	-423403200	10.1
43655	-420724800	12.9
43655	-418132800	15.8
43655	-415454400	19.3
43655	-412862400	22.9
43655	-410184000	25.9
43655	-407505600	24.1
43655	-405086400	20.7
43655	-402408000	17.8
43655	-399816000	13.2
43655	-397137600	14.1
43655	-394545600	10.5
43655	-391867200	10.6
43655	-389188800	12.9
43655	-386596800	17.8
43655	-383918400	21.2
43655	-381326400	25.2
43655	-378648000	23.1
43655	-375969600	23.7
43655	-373550400	20.6
43655	-370872000	18
43655	-368280000	15.7
43655	-365601600	9.3
43655	-363009600	9.7
43655	-360331200	11.6
43655	-357652800	12.1
43655	-355060800	15.7
43655	-352382400	20.9
43655	-349790400	19.9
43655	-347112000	25.9
43655	-344433600	24.7
43655	-342014400	22.1
43655	-339336000	18.1
43655	-336744000	13.3
43655	-334065600	11.4
43655	-331473600	10.1
43655	-328795200	13.6
43655	-326116800	15.4
43655	-323524800	17.6
43655	-320846400	24.9
43655	-318254400	21.8
43655	-315576000	28.8
43655	-312897600	24.2
43655	-310392000	23.7
43655	-307713600	17.8
43655	-305121600	11.8
43655	-302443200	9.9
43655	-299851200	10.8
43655	-297172800	10.5
43655	-294494400	14.4
43655	-291902400	18.8
43655	-289224000	18.9
43655	-286632000	25.4
43655	-283953600	27.5
43655	-281275200	25.3
43655	-278856000	23.1
43655	-276177600	18.8
43655	-273585600	13.9
43655	-270907200	11.7
43655	-268315200	9.7
43655	-265636800	10.6
43655	-262958400	16.1
43655	-260366400	20.1
43656	-1893412800	24.8
43656	-1890734400	25.1
43656	-1888315200	20.3
43656	-1885636800	16.9
43656	-1883044800	13.7
43656	-1880366400	10.8
43656	-1877774400	10.2
43656	-1875096000	11.8
43656	-1872417600	13.2
43656	-1869825600	14.9
43656	-1867147200	20.3
43656	-1864555200	20.1
43657	-1988107200	24.8
43657	-1985428800	25.4
43657	-1983009600	20
43657	-1980331200	15.8
43657	-1977739200	13
43657	-1975060800	9.2
43657	-1972468800	8.7
43657	-1969790400	11.6
43657	-1967112000	15.3
43657	-1964520000	18.3
43657	-1961841600	22.3
43657	-1959249600	25
43657	-1956571200	28.7
43657	-1953892800	25.7
43657	-1951387200	21.1
43657	-1948708800	17.4
43657	-1946116800	11.8
43657	-1943438400	6.8
43657	-1940846400	7.5
43657	-1938168000	10
43657	-1935489600	12.5
43657	-1932897600	19
43657	-1930219200	24.7
43657	-1927627200	25.6
43657	-1924948800	25.3
43657	-1922270400	23.6
43657	-1919851200	22.2
43657	-1917172800	14.7
43657	-1914580800	11.9
43657	-1911902400	9.4
43657	-1909310400	7.8
43657	-1906632000	10.5
43657	-1903953600	12.6
43657	-1901361600	18.5
43657	-1898683200	21.5
43657	-1896091200	21.8
43657	-1893412800	25.3
43657	-1890734400	25.7
43657	-1888315200	21
43657	-1885636800	18.3
43657	-1883044800	14.1
43657	-1880366400	10.3
43657	-1877774400	9.8
43657	-1875096000	11.5
43657	-1872417600	14.8
43657	-1869825600	16.4
43657	-1867147200	20.7
43657	-1864555200	22.4
43657	-1861876800	24.3
43657	-1859198400	22.4
43657	-1856779200	20
43657	-1854100800	15.9
43657	-1851508800	13.1
43657	-1848830400	8.4
43657	-1846238400	8.9
43657	-1843560000	11.9
43657	-1840881600	14.5
43657	-1838289600	17.1
43657	-1835611200	23.2
43657	-1833019200	23.4
43657	-1830340800	25.1
43657	-1827662400	26.7
43657	-1825156800	23
43657	-1822478400	15.6
43657	-1819886400	11.7
43657	-1817208000	9.6
43657	-1814616000	7.7
43657	-1811937600	11.2
43657	-1809259200	14.1
43657	-1806667200	18.3
43657	-1803988800	19.8
43657	-1801396800	23.8
43657	-1798718400	22.9
43657	-1796040000	22.3
43657	-1793620800	20.8
43657	-1790942400	18.6
43657	-1788350400	11
43657	-1785672000	7.9
43657	-1783080000	9.8
43657	-1780401600	12.2
43657	-1777723200	15.2
43657	-1775131200	20
43657	-1772452800	21.9
43657	-1769860800	25.2
43657	-1767182400	26.7
43657	-1764504000	27
43657	-1762084800	22.9
43657	-1759406400	18
43657	-1756814400	12.3
43657	-1754136000	10
43657	-1751544000	8.6
43657	-1748865600	12.7
43657	-1746187200	14.1
43657	-1743595200	20.4
43657	-1740916800	24.8
43657	-1738324800	25.6
43657	-1735646400	24.9
43657	-1732968000	26.9
43657	-1730548800	21.1
43657	-1727870400	16.6
43657	-1725278400	11.7
43657	-1722600000	10.8
43657	-1720008000	10.4
43657	-1717329600	12.4
43657	-1714651200	15.7
43657	-1712059200	17.7
43657	-1709380800	20.3
43657	-1706788800	24.7
43657	-1704110400	26.2
43657	-1701432000	24.3
43657	-1698926400	21
43657	-1696248000	15.4
43657	-1693656000	13.6
43657	-1690977600	10
43657	-1688385600	9.4
43657	-1685707200	10.6
43657	-1683028800	15.4
43657	-1680436800	17.2
43657	-1677758400	18.2
43657	-1675166400	24
43657	-1672488000	25.5
43657	-1669809600	22.8
43657	-1667390400	20.9
43657	-1664712000	15.4
43657	-1662120000	12.6
43657	-1659441600	10.1
43657	-1656849600	10.6
43657	-1654171200	10.6
43657	-1651492800	13.3
43657	-1648900800	18.1
43657	-1646222400	20.4
43657	-1643630400	26.7
43657	-1640952000	27.4
43657	-1638273600	25.9
43657	-1635854400	22.7
43657	-1633176000	17.9
43657	-1630584000	14.9
43657	-1627905600	11.4
43657	-1625313600	11.4
43657	-1622635200	11.1
43657	-1619956800	15
43657	-1617364800	20
43658	-2808475200	25.5
43658	-2805796800	27.3
43658	-2803377600	22.7
43658	-2800699200	20.8
43658	-2798107200	14.3
43658	-2795428800	8.3
43658	-2792836800	8.4
43658	-2790158400	10.1
43658	-2787480000	14.6
43658	-2784888000	17.9
43658	-2782209600	21.4
43658	-2779617600	26.2
43659	-1988107200	24
43659	-1985428800	23.6
43659	-1983009600	19.6
43659	-1980331200	15.2
43659	-1977739200	13.4
43659	-1975060800	9.7
43659	-1972468800	8.8
43659	-1969790400	11.1
43659	-1967112000	14.7
43659	-1964520000	17.9
43659	-1961841600	22.4
43659	-1959249600	23.3
43659	-1956571200	28.6
43659	-1953892800	25.2
43659	-1951387200	20.4
43659	-1948708800	17.2
43659	-1946116800	12.4
43659	-1943438400	7.4
43659	-1940846400	7.9
43659	-1938168000	9.9
43659	-1935489600	12.1
43659	-1932897600	18.2
43659	-1930219200	21.2
43659	-1927627200	24.1
43659	-1924948800	22.6
43659	-1922270400	20.6
43659	-1919851200	19.1
43659	-1917172800	10.8
43659	-1914580800	12.5
43659	-1911902400	10.7
43659	-1909310400	10.1
43659	-1906632000	12.3
43659	-1903953600	14.4
43659	-1901361600	20.3
43659	-1898683200	20.9
43659	-1896091200	20.7
43659	-1893412800	24.9
43659	-1890734400	25.2
43659	-1888315200	20.7
43659	-1885636800	18
43659	-1883044800	13
43659	-1880366400	11.1
43659	-1877774400	9.9
43659	-1875096000	12
43659	-1872417600	13.4
43659	-1869825600	15.5
43659	-1867147200	20.9
43659	-1864555200	20.9
43659	-1861876800	23.5
43659	-1859198400	22.1
43659	-1856779200	20.2
43659	-1854100800	15
43659	-1851508800	13.7
43659	-1848830400	9.1
43659	-1846238400	9.1
43659	-1843560000	13
43659	-1840881600	14.1
43659	-1838289600	17
43659	-1835611200	22.5
43659	-1833019200	22.2
43659	-1830340800	24.2
43659	-1827662400	26.3
43659	-1825156800	22.6
43659	-1822478400	15.5
43659	-1819886400	12.2
43659	-1817208000	11.2
43659	-1814616000	9.4
43659	-1811937600	11.5
43659	-1809259200	14.3
43659	-1806667200	18
43659	-1803988800	20
43659	-1801396800	22.4
43659	-1798718400	23.8
43659	-1796040000	25.1
43659	-1793620800	21.7
43659	-1790942400	17.9
43659	-1788350400	11.8
43659	-1785672000	9.4
43659	-1783080000	10.4
43659	-1780401600	11.8
43659	-1777723200	13.6
43659	-1775131200	18.1
43659	-1772452800	19.8
43659	-1769860800	24.7
43659	-1767182400	25.1
43659	-1764504000	26.2
43659	-1762084800	23
43659	-1759406400	17.3
43659	-1756814400	13.4
43659	-1754136000	10.9
43659	-1751544000	9.4
43659	-1748865600	12.8
43659	-1746187200	14.6
43659	-1743595200	21.1
43659	-1740916800	24
43659	-1738324800	24.9
43659	-1735646400	24.6
43659	-1732968000	26.3
43659	-1730548800	21
43659	-1727870400	16.9
43659	-1725278400	12.7
43659	-1722600000	11.9
43659	-1720008000	11.2
43659	-1717329600	11.7
43659	-1714651200	14.6
43659	-1712059200	16
43659	-1709380800	19.6
43659	-1706788800	24.2
43659	-1704110400	25.7
43659	-1701432000	24.6
43659	-1698926400	21.2
43659	-1696248000	15.8
43659	-1693656000	13.3
43659	-1690977600	10.6
43659	-1688385600	10.2
43659	-1685707200	11
43659	-1683028800	15.4
43659	-1680436800	16.1
43659	-1677758400	17.4
43659	-1675166400	22.7
43659	-1672488000	24.6
43659	-1669809600	22.3
43659	-1667390400	20.7
43659	-1664712000	15
43659	-1662120000	12.5
43659	-1659441600	10.4
43659	-1656849600	10.4
43659	-1654171200	11.3
43659	-1651492800	13.5
43659	-1648900800	17.1
43659	-1646222400	19.1
43659	-1643630400	24.6
43659	-1640952000	24.9
43659	-1638273600	23.3
43659	-1635854400	20.7
43659	-1633176000	16.2
43659	-1630584000	14.1
43659	-1627905600	10.7
43659	-1625313600	8.9
43659	-1622635200	11.3
43659	-1619956800	14.2
43659	-1617364800	16.4
43659	-1614686400	20
43659	-1612094400	23.2
43659	-1609416000	24.5
43659	-1606737600	26.1
43659	-1604318400	19
43659	-1601640000	19.1
43659	-1599048000	13.8
43659	-1596369600	11.1
43659	-1593777600	8.9
43659	-1591099200	11.6
43659	-1588420800	15.3
43659	-1585828800	18.8
43659	-1583150400	23
43659	-1580558400	25
43659	-1577880000	23.8
43659	-1575201600	25.6
43659	-1572696000	20.5
43659	-1570017600	16.9
43659	-1567425600	11.7
43659	-1564747200	11.6
43659	-1562155200	9.9
43659	-1559476800	11
43659	-1556798400	13.5
43659	-1554206400	18
43659	-1551528000	20.5
43659	-1548936000	23.2
43659	-1546257600	25.7
43659	-1543579200	25.9
43659	-1541160000	21.4
43659	-1538481600	17.4
43659	-1535889600	16
43659	-1533211200	12.1
43660	-957268800	12.6
43660	-954676800	15.1
43660	-951998400	19.2
43660	-949406400	22.5
43660	-946728000	26.2
43660	-944049600	24.1
43660	-941544000	26.1
43660	-938865600	17.2
43660	-936273600	12
43660	-933595200	8.5
43660	-931003200	9.4
43660	-928324800	10.5
43660	-925646400	14.9
43660	-923054400	20.1
43660	-920376000	20.6
43660	-917784000	26.9
43660	-915105600	24.5
43660	-912427200	25.1
43660	-910008000	20.3
43660	-907329600	20.2
43660	-904737600	12.3
43660	-902059200	10.4
43660	-899467200	9.4
43660	-896788800	10.2
43660	-894110400	14.7
43660	-891518400	16.6
43660	-888840000	22.4
43660	-886248000	24.6
43660	-883569600	27
43660	-880891200	26
43660	-878472000	22.9
43660	-875793600	18.6
43660	-873201600	15
43660	-870523200	10.5
43660	-867931200	8.9
43660	-865252800	11.6
43660	-862574400	14.8
43660	-859982400	17.7
43660	-857304000	22.6
43660	-854712000	26.3
43660	-852033600	26.8
43660	-849355200	27
43660	-846936000	24.9
43660	-844257600	16.3
43660	-841665600	12
43660	-838987200	9.2
43660	-836395200	9.6
43660	-833716800	9.1
43660	-831038400	14
43660	-828446400	18.6
43660	-825768000	20.1
43660	-823176000	24.5
43660	-820497600	25.9
43660	-817819200	24
43660	-815313600	22.3
43660	-812635200	15.5
43660	-810043200	11.5
43660	-807364800	8.3
43660	-804772800	8.4
43660	-802094400	10.5
43660	-799416000	16.4
43660	-796824000	18.1
43660	-794145600	22.9
43660	-791553600	23.5
43660	-788875200	25.5
43660	-786196800	23.5
43660	-783777600	20.1
43660	-781099200	16.5
43660	-778507200	13
43660	-775828800	11.9
43660	-773236800	8.1
43660	-770558400	11.5
43660	-767880000	13.6
43660	-765288000	17.5
43660	-762609600	21.3
43660	-760017600	26.4
43660	-757339200	27
43660	-754660800	24.6
43660	-752241600	19.2
43660	-749563200	15
43660	-746971200	13.1
43660	-744292800	8.2
43660	-741700800	10.4
43660	-739022400	10.9
43660	-736344000	13.6
43660	-733752000	17.1
43660	-731073600	22.5
43660	-728481600	24.1
43660	-725803200	27
43660	-723124800	26.6
43660	-720705600	21.9
43660	-718027200	16.9
43660	-715435200	14.6
43660	-712756800	10.9
43660	-710164800	9.1
43660	-707486400	10.3
43660	-704808000	14.3
43660	-702216000	17.7
43660	-699537600	19.7
43660	-696945600	23.2
43660	-694267200	24.9
43660	-691588800	27.2
43660	-689083200	20.3
43660	-686404800	17.6
43660	-683812800	12.2
43660	-681134400	9.6
43660	-678542400	7.9
43660	-675864000	11.6
43660	-673185600	14.7
43660	-670593600	17.3
43660	-667915200	21.2
43660	-665323200	23.9
43660	-662644800	24.8
43660	-659966400	24.1
43660	-657547200	22.7
43660	-654868800	16.1
43660	-652276800	12.3
43660	-649598400	8.2
43660	-647006400	9.4
43660	-644328000	11.2
43660	-641649600	13.7
43660	-639057600	18
43660	-636379200	21.1
43660	-633787200	23.6
43660	-631108800	25.9
43660	-628430400	23.2
43660	-626011200	21.4
43660	-623332800	17.3
43660	-620740800	13.8
43660	-618062400	9.9
43660	-615470400	9.9
43660	-612792000	10.9
43660	-610113600	15.7
43660	-607521600	16.8
43660	-604843200	21.2
43660	-602251200	24.6
43660	-599572800	27
43660	-596894400	25.8
43660	-594475200	25
43660	-591796800	15.7
43660	-589204800	13.4
43660	-586526400	11.1
43660	-583934400	9.4
43660	-581256000	10
43660	-578577600	15.7
43660	-575985600	17.9
43660	-573307200	19.8
43660	-570715200	24.4
43660	-568036800	26.9
43660	-565358400	24.6
43660	-562852800	23
43660	-560174400	16.1
43660	-557582400	12.7
43660	-554904000	10.1
43660	-552312000	7.7
43660	-549633600	10.9
43660	-546955200	14.7
43660	-544363200	16.6
43660	-541684800	19.1
43660	-539092800	23.9
43660	-536414400	25.5
43660	-533736000	24.4
43660	-531316800	24.8
43660	-528638400	18.7
43660	-526046400	13.4
43660	-523368000	10.1
43660	-520776000	9.1
43660	-518097600	10.6
43660	-515419200	14.4
43660	-512827200	16.8
43660	-510148800	20.4
43660	-507556800	24.3
43660	-504878400	25.9
43660	-502200000	23.1
43660	-499780800	21.1
43660	-497102400	19
43660	-494510400	12.8
43660	-491832000	9.6
43660	-489240000	9.4
43660	-486561600	11.6
43660	-483883200	13.5
43660	-481291200	18
43660	-478612800	20.8
43660	-476020800	23.9
43660	-473342400	25.6
43660	-470664000	25.9
43660	-468244800	23.5
43660	-465566400	17.7
43660	-462974400	12
43660	-460296000	10.6
43660	-457704000	8.4
43660	-455025600	11.6
43660	-452347200	14.6
43660	-449755200	17.7
43660	-447076800	20
43660	-444484800	21.5
43660	-441806400	24.2
43660	-439128000	26.2
43660	-436622400	22.6
43660	-433944000	16.7
43660	-431352000	12
43661	-2808475200	22.9
43661	-2805796800	22.9
43661	-2803377600	20.1
43661	-2800699200	15.9
43661	-2798107200	12.9
43661	-2795428800	7.9
43661	-2792836800	9.5
43661	-2790158400	12.2
43661	-2787480000	14.3
43661	-2784888000	16.7
43661	-2782209600	21.5
43661	-2779617600	24.9
43661	-2776939200	26.7
43661	-2774260800	26.5
43661	-2771841600	25.4
43661	-2769163200	18.4
43661	-2766571200	16
43661	-2763892800	12.7
43661	-2761300800	11.2
43661	-2758622400	12.5
43662	-1988107200	25.9
43662	-1985428800	26.8
43662	-1983009600	21.6
43662	-1980331200	17.3
43662	-1977739200	14.6
43662	-1975060800	10.6
43662	-1972468800	9.9
43662	-1969790400	12.2
43662	-1967112000	16.1
43662	-1964520000	19.6
43662	-1961841600	23
43662	-1959249600	25.6
43662	-1956571200	29
43662	-1953892800	26.6
43662	-1951387200	21.4
43662	-1948708800	17.3
43662	-1946116800	12.5
43662	-1943438400	8.7
43662	-1940846400	9.9
43662	-1938168000	12.1
43662	-1935489600	14.6
43662	-1932897600	19.4
43662	-1930219200	26.6
43662	-1927627200	26.8
43662	-1924948800	26.3
43662	-1922270400	25
43662	-1919851200	23.6
43662	-1917172800	15.8
43662	-1914580800	12.6
43662	-1911902400	11.4
43662	-1909310400	9.6
43662	-1906632000	12.1
43662	-1903953600	14.8
43662	-1901361600	20.5
43662	-1898683200	23.5
43662	-1896091200	22.2
43662	-1893412800	25.9
43662	-1890734400	27.5
43662	-1888315200	23.3
43662	-1885636800	20.4
43662	-1883044800	14.9
43662	-1880366400	12.5
43662	-1877774400	10.7
43662	-1875096000	13.4
43662	-1872417600	17.3
43662	-1869825600	18.7
43662	-1867147200	23.4
43662	-1864555200	25.6
43662	-1861876800	26.9
43662	-1859198400	25.5
43662	-1856779200	23.3
43662	-1854100800	18.4
43662	-1851508800	15.9
43662	-1848830400	10.1
43662	-1846238400	10.9
43662	-1843560000	14
43662	-1840881600	17.5
43662	-1838289600	20.1
43662	-1835611200	25.7
43662	-1833019200	26
43662	-1830340800	28.5
43662	-1827662400	30.3
43662	-1825156800	25.6
43662	-1822478400	18.5
43662	-1819886400	14.5
43662	-1817208000	11.3
43662	-1814616000	10.8
43662	-1811937600	13.7
43662	-1809259200	16.7
43662	-1806667200	20.5
43662	-1803988800	23.2
43662	-1801396800	27.3
43662	-1798718400	28.2
43662	-1796040000	27.9
43662	-1793620800	23.5
43662	-1790942400	20.1
43662	-1788350400	12.4
43662	-1785672000	9.5
43662	-1783080000	10.4
43662	-1780401600	13.5
43662	-1777723200	15.6
43662	-1775131200	22.8
43662	-1772452800	24.1
43662	-1769860800	28
43662	-1767182400	29.7
43662	-1764504000	29.6
43662	-1762084800	25.1
43662	-1759406400	20.4
43662	-1756814400	15.3
43662	-1754136000	12.7
43662	-1751544000	10.7
43662	-1748865600	15.3
43662	-1746187200	16.9
43662	-1743595200	22.3
43662	-1740916800	29.1
43662	-1738324800	28.7
43662	-1735646400	27.9
43662	-1732968000	30
43662	-1730548800	24.2
43662	-1727870400	19.3
43662	-1725278400	14.2
43662	-1722600000	12.9
43662	-1720008000	11.4
43662	-1717329600	12.8
43662	-1714651200	17
43662	-1712059200	19.8
43662	-1709380800	24.3
43662	-1706788800	27.3
43662	-1704110400	29.7
43662	-1701432000	27.6
43662	-1698926400	24.4
43662	-1696248000	17.8
43662	-1693656000	15.9
43662	-1690977600	12.5
43662	-1688385600	10.6
43662	-1685707200	11.9
43662	-1683028800	16.8
43662	-1680436800	18.5
43662	-1677758400	20.1
43662	-1675166400	26.5
43662	-1672488000	28
43662	-1669809600	24.4
43662	-1667390400	24
43662	-1664712000	17.5
43662	-1662120000	13.8
43662	-1659441600	11.2
43662	-1656849600	11.2
43662	-1654171200	12.3
43662	-1651492800	16
43662	-1648900800	20.8
43662	-1646222400	21.5
43662	-1643630400	28.2
43662	-1640952000	27.8
43662	-1638273600	26.3
43662	-1635854400	23.3
43662	-1633176000	19.2
43662	-1630584000	16.1
43662	-1627905600	11.3
43662	-1625313600	9.8
43662	-1622635200	13.6
43662	-1619956800	16.2
43662	-1617364800	20.6
43662	-1614686400	25.3
43662	-1612094400	27.5
43662	-1609416000	28.6
43662	-1606737600	29.2
43662	-1604318400	22.9
43662	-1601640000	22.3
43662	-1599048000	15.4
43662	-1596369600	12.6
43662	-1593777600	10.1
43662	-1591099200	12.2
43662	-1588420800	16.7
43662	-1585828800	21
43662	-1583150400	26.5
43662	-1580558400	29.9
43662	-1577880000	26.6
43662	-1575201600	28.7
43662	-1572696000	23.2
43662	-1570017600	19.1
43662	-1567425600	13.4
43662	-1564747200	12.1
43662	-1562155200	10.7
43662	-1559476800	11.8
43662	-1556798400	15.8
43662	-1554206400	21.4
43662	-1551528000	24.1
43662	-1548936000	26.1
43663	-310392000	23.5
43663	-307713600	17.4
43663	-305121600	13
43663	-302443200	10.8
43663	-299851200	11
43663	-297172800	11.1
43663	-294494400	14.4
43663	-291902400	18.7
43663	-289224000	18.4
43663	-286632000	25.3
43663	-283953600	27.3
43663	-281275200	24.7
43663	-278856000	22.5
43663	-276177600	19.1
43663	-273585600	14.5
43663	-270907200	13.1
43663	-268315200	11.2
43663	-265636800	11.9
43663	-262958400	16.3
43663	-260366400	19.7
43663	-257688000	20.9
43663	-255096000	23.8
43663	-252417600	25.9
43663	-249739200	23.8
43663	-247320000	22.5
43663	-244641600	18.6
43663	-242049600	13.5
43663	-239371200	14.4
43663	-236779200	11.8
43663	-234100800	12.9
43663	-231422400	15
43663	-228830400	17.4
43663	-226152000	22.1
43663	-223560000	22.5
43663	-220881600	23.9
43663	-218203200	24.6
43663	-215784000	22.6
43663	-213105600	17.3
43663	-210513600	15.3
43663	-207835200	12.4
43663	-205243200	10.8
43663	-202564800	12.2
43663	-199886400	15.7
43663	-197294400	19.1
43663	-194616000	21.3
43663	-192024000	24
43663	-189345600	23.5
43663	-186667200	23
43663	-184161600	21.7
43663	-181483200	17.7
43663	-178891200	14.4
43663	-176212800	12
43663	-173620800	12.2
43663	-170942400	13.1
43663	-168264000	15.1
43663	-165672000	16.5
43663	-162993600	21.2
43663	-160401600	19.9
43663	-157723200	23.2
43663	-155044800	25.5
43663	-152625600	22
43663	-149947200	16.1
43663	-147355200	14.8
43663	-144676800	11.4
43663	-142084800	10.3
43663	-139406400	12.4
43663	-136728000	16.2
43663	-134136000	20.1
43663	-131457600	20.2
43663	-128865600	26
43663	-126187200	26
43663	-123508800	23.3
43663	-121089600	21.8
43663	-118411200	17.3
43663	-115819200	14.2
43663	-113140800	11.7
43663	-110548800	10.6
43663	-107870400	11.5
43663	-105192000	14.8
43663	-102600000	17.6
43663	-99921600	22.1
43663	-97329600	22.5
43663	-94651200	23.8
43663	-91972800	25.8
43663	-89553600	21.2
43663	-86875200	19.7
43663	-84283200	14.3
43663	-81604800	12.7
43663	-79012800	11.5
43663	-76334400	11.6
43663	-73656000	15.1
43663	-71064000	19.5
43663	-68385600	20.8
43664	-2461406400	25.7
43664	-2458728000	27.3
43664	-2456222400	25.7
43664	-2453544000	16.2
43664	-2450952000	13.6
43664	-2448273600	11.2
43664	-2445681600	10.6
43664	-2443003200	12.2
43664	-2440324800	14.6
43664	-2437732800	20.1
43664	-2435054400	24.4
43664	-2432462400	25
43664	-2429784000	26.1
43664	-2427105600	25.9
43664	-2424686400	24.7
43664	-2422008000	16.3
43664	-2419416000	14.1
43664	-2416737600	9.6
43664	-2414145600	9.5
43664	-2411467200	11.1
43664	-2408788800	14.9
43664	-2406196800	19.2
43664	-2403518400	21.5
43664	-2400926400	25.2
43664	-2398248000	26.3
43664	-2395569600	24.2
43664	-2393150400	24.5
43664	-2390472000	18.8
43664	-2387880000	12.9
43664	-2385201600	11.6
43664	-2382609600	9.4
43664	-2379931200	11.2
43664	-2377252800	13.2
43664	-2374660800	18.2
43664	-2371982400	23.6
43664	-2369390400	24.4
43664	-2366712000	23.8
43664	-2364033600	26.3
43664	-2361614400	23.9
43664	-2358936000	19.2
43664	-2356344000	13.6
43664	-2353665600	11.8
43664	-2351073600	9.5
43664	-2348395200	13.2
43664	-2345716800	15.1
43664	-2343124800	22.1
43664	-2340446400	22.1
43664	-2337854400	25.4
43664	-2335176000	29.6
43664	-2332497600	26.2
43664	-2329992000	24.6
43664	-2327313600	18.9
43664	-2324721600	14.1
43664	-2322043200	10.1
43664	-2319451200	8.9
43664	-2316772800	10.3
43664	-2314094400	14.4
43664	-2311502400	21.9
43664	-2308824000	23.2
43664	-2306232000	27
43664	-2303553600	25.4
43664	-2300875200	26.6
43664	-2298456000	21.6
43664	-2295777600	20.4
43664	-2293185600	13.2
43664	-2290507200	11.8
43664	-2287915200	9.9
43664	-2285236800	9.1
43664	-2282558400	13.4
43664	-2279966400	18.2
43664	-2277288000	25.3
43664	-2274696000	27.4
43664	-2272017600	28.9
43664	-2269339200	27.4
43664	-2266920000	24.1
43664	-2264241600	18.3
43664	-2261649600	12.6
43664	-2258971200	10.9
43664	-2256379200	10.8
43664	-2253700800	13
43664	-2251022400	16.9
43664	-2248430400	20.2
43664	-2245752000	22.5
43664	-2243160000	26.6
43664	-2240481600	24
43664	-2237803200	29.5
43664	-2235384000	24.8
43664	-2232705600	19.4
43664	-2230113600	13.9
43664	-2227435200	10.6
43664	-2224843200	8.5
43664	-2222164800	11.4
43664	-2219486400	17
43664	-2216894400	17.7
43664	-2214216000	22.8
43664	-2211624000	27.5
43664	-2208945600	26.9
43664	-2206267200	28.1
43664	-2203848000	21.9
43664	-2201169600	19
43664	-2198577600	12.1
43664	-2195899200	11.1
43664	-2193307200	8.8
43664	-2190628800	11.3
43664	-2187950400	12.9
43664	-2185358400	19
43664	-2182680000	24
43664	-2180088000	26
43664	-2177409600	24.8
43664	-2174731200	27.1
43664	-2172312000	22.5
43664	-2169633600	17.5
43664	-2167041600	15.1
43664	-2164363200	10.1
43664	-2161771200	8.6
43664	-2159092800	10.6
43664	-2156414400	15.9
43664	-2153822400	18.3
43664	-2151144000	25.3
43664	-2148552000	26.4
43664	-2145873600	25.3
43664	-2143195200	25.2
43664	-2140776000	21.5
43664	-2138097600	18.7
43664	-2135505600	15.1
43664	-2132827200	11.1
43664	-2130235200	10.5
43664	-2127556800	11
43664	-2124878400	16
43664	-2122286400	19.1
43664	-2119608000	24.3
43664	-2117016000	24.1
43664	-2114337600	25.3
43664	-2111659200	24.2
43664	-2109240000	24.1
43664	-2106561600	18.9
43664	-2103969600	13.4
43664	-2101291200	10.8
43664	-2098699200	9.6
43664	-2096020800	12
43664	-2093342400	14.2
43664	-2090750400	18.2
43664	-2088072000	22
43664	-2085480000	22.5
43664	-2082801600	23.8
43664	-2080123200	23.6
43664	-2077617600	21.5
43664	-2074939200	19.8
43664	-2072347200	14.9
43664	-2069668800	10.6
43664	-2067076800	9.2
43664	-2064398400	11.6
43664	-2061720000	13.6
43664	-2059128000	19.2
43664	-2056449600	21.7
43664	-2053857600	26
43664	-2051179200	27.1
43664	-2048500800	23.1
43664	-2046081600	22.5
43664	-2043403200	18.1
43664	-2040811200	14.8
43664	-2038132800	11.4
43664	-2035540800	9.6
43664	-2032862400	10.9
43664	-2030184000	12.2
43664	-2027592000	14.1
43664	-2024913600	22.2
43664	-2022321600	25.5
43664	-2019643200	29.3
43664	-2016964800	29.4
43664	-2014545600	20.5
43664	-2011867200	20.1
43664	-2009275200	16.1
43664	-2006596800	12.4
43664	-2004004800	11.1
43664	-2001326400	11.1
43664	-1998648000	14.4
43664	-1996056000	18.6
43664	-1993377600	19.6
43664	-1990785600	25
43664	-1988107200	24.4
43664	-1985428800	26.5
43664	-1983009600	20.9
43664	-1980331200	17.5
43664	-1977739200	14.9
43664	-1975060800	10.8
43664	-1972468800	10.4
43664	-1969790400	12.5
43664	-1967112000	16.9
43664	-1964520000	18.7
43664	-1961841600	22.1
43664	-1959249600	25
43664	-1956571200	28.8
43664	-1953892800	25.9
43664	-1951387200	21.7
43664	-1948708800	18.5
43664	-1946116800	13.9
43664	-1943438400	8.9
43664	-1940846400	9.3
43664	-1938168000	10.7
43664	-1935489600	12.6
43664	-1932897600	19
43664	-1930219200	23.8
43664	-1927627200	25.8
43664	-1924948800	25
43664	-1922270400	23.4
43664	-1919851200	22.4
43664	-1917172800	16
43664	-1914580800	13.4
43664	-1911902400	10.6
43664	-1909310400	8.7
43664	-1906632000	10.9
43664	-1903953600	13.1
43664	-1901361600	18.6
43664	-1898683200	21.4
43664	-1896091200	21.1
43664	-1893412800	25.3
43664	-1890734400	26.6
43664	-1888315200	21.8
43664	-1885636800	18.9
43664	-1883044800	15.2
43664	-1880366400	11.6
43664	-1877774400	10.2
43664	-1875096000	12.2
43664	-1872417600	14.6
43664	-1869825600	16.2
43664	-1867147200	21
43664	-1864555200	22.2
43664	-1861876800	24.5
43664	-1859198400	22.7
43664	-1856779200	21.2
43664	-1854100800	17.5
43664	-1851508800	14.4
43664	-1848830400	9.8
43664	-1846238400	10.3
43664	-1843560000	12.5
43664	-1840881600	15.2
43664	-1838289600	17.3
43664	-1835611200	23.8
43664	-1833019200	24
43664	-1830340800	25.5
43664	-1827662400	27.6
43664	-1825156800	24.1
43664	-1822478400	17
43664	-1819886400	14.1
43664	-1817208000	10.4
43664	-1814616000	9.1
43664	-1811937600	12
43664	-1809259200	14.9
43664	-1806667200	18.1
43664	-1803988800	19.2
43664	-1801396800	24
43664	-1798718400	24.9
43664	-1796040000	24.9
43664	-1793620800	20.8
43664	-1790942400	19.1
43664	-1788350400	11.2
43664	-1785672000	8.7
43664	-1783080000	10
43664	-1780401600	11.7
43664	-1777723200	13.1
43664	-1775131200	18.9
43664	-1772452800	20.8
43664	-1769860800	25.4
43664	-1767182400	26.2
43664	-1764504000	27.2
43664	-1762084800	23
43664	-1759406400	18.8
43664	-1756814400	14.3
43664	-1754136000	11.3
43664	-1751544000	9.2
43664	-1748865600	13.6
43664	-1746187200	14.2
43664	-1743595200	20.2
43664	-1740916800	24.9
43664	-1738324800	25.5
43664	-1735646400	24.8
43664	-1732968000	27.3
43664	-1730548800	21.5
43664	-1727870400	17.7
43664	-1725278400	12.6
43664	-1722600000	11.7
43664	-1720008000	10.6
43664	-1717329600	11.6
43664	-1714651200	14.6
43664	-1712059200	16.9
43664	-1709380800	20.8
43664	-1706788800	24.7
43664	-1704110400	26.6
43664	-1701432000	25.3
43664	-1698926400	22.1
43664	-1696248000	15.9
43664	-1693656000	14.2
43664	-1690977600	10.7
43664	-1688385600	9.2
43664	-1685707200	10.5
43664	-1683028800	14.4
43664	-1680436800	16.1
43664	-1677758400	17.4
43664	-1675166400	23.7
43664	-1672488000	24.7
43664	-1669809600	22.1
43664	-1667390400	21.9
43664	-1664712000	15.8
43664	-1662120000	12.4
43664	-1659441600	10.4
43664	-1656849600	10
43664	-1654171200	10.3
43664	-1651492800	14.4
43664	-1648900800	18
43664	-1646222400	18.8
43664	-1643630400	25.2
43664	-1640952000	25.3
43664	-1638273600	24.2
43664	-1635854400	21.6
43664	-1633176000	17.1
43664	-1630584000	14.2
43664	-1627905600	10.9
43664	-1625313600	8.7
43664	-1622635200	11.2
43664	-1619956800	14.6
43664	-1617364800	17.4
43664	-1614686400	21.6
43664	-1612094400	24.4
43664	-1609416000	25.4
43664	-1606737600	26.6
43664	-1604318400	20.5
43664	-1601640000	20
43664	-1599048000	13.3
43664	-1596369600	11.5
43664	-1593777600	9.8
43664	-1591099200	12
43664	-1588420800	15.6
43664	-1585828800	18.3
43664	-1583150400	22.9
43664	-1580558400	25.8
43664	-1577880000	24.5
43664	-1575201600	25.7
43664	-1572696000	20.8
43664	-1570017600	17.1
43664	-1567425600	12.7
43664	-1564747200	10.9
43664	-1562155200	9.4
43664	-1559476800	10.4
43664	-1556798400	13.4
43664	-1554206400	18.3
43664	-1551528000	21
43664	-1548936000	23.9
43664	-1546257600	26.1
43664	-1543579200	26
43664	-1541160000	21.4
43664	-1538481600	17.8
43664	-1535889600	15.6
43664	-1533211200	11.6
43664	-1530619200	11.8
43664	-1527940800	10.3
43664	-1525262400	15.4
43664	-1522670400	17.6
43664	-1519992000	22.8
43664	-1517400000	23.9
43664	-1514721600	23.4
43664	-1512043200	26.7
43664	-1509624000	22.1
43664	-1506945600	20.6
43664	-1504353600	14.2
43664	-1501675200	10.2
43664	-1499083200	8.9
43664	-1496404800	10.6
43664	-1493726400	14.1
43664	-1491134400	18.3
43664	-1488456000	22.1
43664	-1485864000	23.4
43664	-1483185600	24.9
43664	-1480507200	27
43664	-1478088000	23
43664	-1475409600	20.6
43664	-1472817600	16.2
43664	-1470139200	10.7
43664	-1467547200	9.6
43664	-1464868800	9.9
43664	-1462190400	13.6
43664	-1459598400	16.5
43664	-1456920000	19.1
43664	-1454328000	24.8
43664	-1451649600	22.6
43664	-1448971200	23.3
43664	-1446465600	22.3
43664	-1443787200	15.2
43664	-1441195200	13.4
43664	-1438516800	9.1
43664	-1435924800	10.3
43664	-1433246400	11.6
43664	-1430568000	14.4
43664	-1427976000	17.4
43664	-1425297600	20
43664	-1422705600	22.2
43664	-1420027200	23.4
43664	-1417348800	24.5
43664	-1414929600	22.3
43664	-1412251200	19.3
43664	-1409659200	13.2
43664	-1406980800	10.6
43664	-1404388800	9.2
43664	-1401710400	10
43664	-1399032000	12.4
43664	-1396440000	18.4
43664	-1393761600	22.1
43664	-1391169600	23.7
43664	-1388491200	23.8
43664	-1385812800	26.8
43664	-1383393600	22.8
43664	-1380715200	18.2
43664	-1378123200	11.8
43664	-1375444800	9.9
43664	-1372852800	11.2
43664	-1370174400	11.2
43664	-1367496000	14.6
43664	-1364904000	18.2
43664	-1362225600	21.2
43664	-1359633600	22.6
43664	-1356955200	25.5
43664	-1354276800	23.7
43664	-1351857600	22.1
43664	-1349179200	16.7
43664	-1346587200	12.9
43664	-1343908800	9.5
43664	-1341316800	9.6
43664	-1338638400	11.3
43664	-1335960000	14.1
43664	-1333368000	18.6
43664	-1330689600	23
43664	-1328097600	22.6
43664	-1325419200	23.6
43664	-1322740800	23.1
43664	-1320235200	23
43664	-1317556800	19
43664	-1314964800	13.2
43664	-1312286400	10.1
43664	-1309694400	9.7
43664	-1307016000	13.6
43664	-1304337600	16.5
43664	-1301745600	16.6
43664	-1299067200	21.7
43664	-1296475200	24.6
43664	-1293796800	24.7
43664	-1291118400	27.6
43664	-1288699200	20.9
43664	-1286020800	16.7
43664	-1283428800	13.6
43664	-1280750400	10.4
43664	-1278158400	8.1
43664	-1275480000	10.4
43664	-1272801600	13.6
43664	-1270209600	17.9
43664	-1267531200	19.5
43664	-1264939200	21.4
43664	-1262260800	24.5
43664	-1259582400	27.2
43664	-1257163200	23.5
43664	-1254484800	17.3
43664	-1251892800	13.8
43664	-1249214400	10.5
43664	-1246622400	11
43664	-1243944000	11.2
43664	-1241265600	14.1
43664	-1238673600	18.7
43664	-1235995200	21
43664	-1233403200	24
43664	-1230724800	23.3
43664	-1228046400	23.1
43664	-1225627200	20.8
43664	-1222948800	16
43664	-1220356800	13.3
43664	-1217678400	9.9
43664	-1215086400	9.1
43664	-1212408000	11.2
43664	-1209729600	14.6
43664	-1207137600	16.5
43664	-1204459200	20.5
43664	-1201867200	25.4
43664	-1199188800	28.7
43664	-1196510400	22.1
43664	-1194004800	21.9
43664	-1191326400	16.5
43664	-1188734400	14.2
43664	-1186056000	9.6
43664	-1183464000	9.4
43664	-1180785600	11.9
43664	-1178107200	14.1
43664	-1175515200	15.2
43664	-1172836800	20.7
43664	-1170244800	22.6
43664	-1167566400	23.7
43664	-1164888000	25.7
43664	-1162468800	22.2
43664	-1159790400	18
43664	-1157198400	13.7
43664	-1154520000	12
43664	-1151928000	9.9
43664	-1149249600	10.4
43664	-1146571200	13.6
43664	-1143979200	19.3
43664	-1141300800	20.9
43664	-1138708800	22.8
43664	-1136030400	26
43664	-1133352000	25.3
43664	-1130932800	25.2
43664	-1128254400	16.5
43664	-1125662400	14.8
43664	-1122984000	10.9
43664	-1120392000	10.2
43664	-1117713600	11.5
43664	-1115035200	15.1
43664	-1112443200	17.3
43664	-1109764800	20.5
43664	-1107172800	22.9
43664	-1104494400	24.2
43664	-1101816000	23.5
43664	-1099396800	22.7
43664	-1096718400	16.7
43664	-1094126400	12.4
43664	-1091448000	10.1
43664	-1088856000	10.3
43664	-1086177600	12.1
43664	-1083499200	14.1
43664	-1080907200	18.5
43664	-1078228800	21.1
43664	-1075636800	22.9
43664	-1072958400	25.2
43664	-1070280000	24.5
43664	-1067774400	22.7
43664	-1065096000	16.6
43664	-1062504000	13.8
43664	-1059825600	8.5
43664	-1057233600	9.9
43664	-1054555200	12.3
43664	-1051876800	13.3
43664	-1049284800	17
43664	-1046606400	20.7
43664	-1044014400	23.6
43664	-1041336000	22.1
43664	-1038657600	23.8
43664	-1036238400	22.8
43664	-1033560000	16.3
43664	-1030968000	14
43664	-1028289600	9.2
43664	-1025697600	9.4
43664	-1023019200	12.3
43664	-1020340800	14.9
43664	-1017748800	19.1
43664	-1015070400	22.6
43664	-1012478400	24.1
43664	-1009800000	23.7
43664	-1007121600	23
43664	-1004702400	22.9
43664	-1002024000	18
43664	-999432000	15
43664	-996753600	9.6
43664	-994161600	9.1
43664	-991483200	10.1
43664	-988804800	14.4
43664	-986212800	17.7
43664	-983534400	22.2
43664	-980942400	24.2
43664	-978264000	30.2
43664	-975585600	25.4
43664	-973166400	20.6
43664	-970488000	17.2
43664	-967896000	14.7
43664	-965217600	10.4
43664	-962625600	8.9
43664	-959947200	10.6
43664	-957268800	13.8
43664	-954676800	17.2
43664	-951998400	19.7
43664	-949406400	21.9
43664	-946728000	25.3
43664	-944049600	23.5
43664	-941544000	25.2
43664	-938865600	16.1
43664	-936273600	12.1
43664	-933595200	10.1
43664	-931003200	10.2
43664	-928324800	11.8
43664	-925646400	14.1
43664	-923054400	19.8
43664	-920376000	18.8
43664	-917784000	25.2
43664	-915105600	22.4
43664	-912427200	23.7
43664	-910008000	20
43664	-907329600	19.4
43664	-904737600	13.3
43664	-902059200	10.7
43664	-899467200	10.3
43664	-896788800	11.1
43664	-894110400	14.3
43664	-891518400	16.3
43664	-888840000	22.4
43664	-886248000	24.4
43664	-883569600	25.6
43664	-880891200	24.2
43664	-878472000	22.5
43664	-875793600	18.1
43664	-873201600	14.4
43664	-870523200	10.9
43664	-867931200	9.6
43664	-865252800	11.9
43664	-862574400	14.3
43664	-859982400	17.7
43664	-857304000	20.8
43664	-854712000	25.5
43664	-852033600	25.3
43664	-849355200	26.3
43664	-846936000	24.6
43664	-844257600	16.3
43664	-841665600	12.9
43664	-838987200	10.1
43664	-836395200	10.3
43664	-833716800	9.7
43664	-831038400	14.5
43664	-828446400	17.8
43664	-825768000	19.5
43664	-823176000	23.3
43664	-820497600	25.2
43664	-817819200	23.4
43664	-815313600	22.2
43664	-812635200	15.2
43664	-810043200	11.5
43664	-807364800	9.3
43664	-804772800	9.7
43664	-802094400	10.7
43664	-799416000	16
43664	-796824000	18.2
43664	-794145600	23.4
43664	-791553600	23.4
43664	-788875200	24.8
43664	-786196800	22.3
43664	-783777600	20.4
43664	-781099200	17.3
43664	-778507200	14.2
43664	-775828800	12.5
43664	-773236800	9.4
43664	-770558400	11.8
43664	-767880000	14
43664	-765288000	17.3
43664	-762609600	20.1
43664	-760017600	26.6
43664	-757339200	25.6
43664	-754660800	23
43664	-752241600	20
43664	-749563200	15.2
43664	-746971200	15.4
43664	-744292800	9.8
43664	-741700800	11.5
43664	-739022400	12.5
43664	-736344000	14.2
43664	-733752000	17.4
43664	-731073600	21.6
43664	-728481600	23
43664	-725803200	26.2
43664	-723124800	25.5
43664	-720705600	21.5
43664	-718027200	16.8
43664	-715435200	15.8
43664	-712756800	11.8
43664	-710164800	9.2
43664	-707486400	10.1
43664	-704808000	14.3
43664	-702216000	17
43664	-699537600	19.2
43664	-696945600	23.8
43664	-694267200	25
43664	-691588800	25.6
43664	-689083200	19.5
43664	-686404800	16.2
43664	-683812800	11.6
43664	-681134400	9.4
43664	-678542400	8.8
43664	-675864000	11.8
43664	-673185600	14.8
43664	-670593600	16.9
43664	-667915200	21.1
43664	-665323200	22.6
43664	-662644800	24.8
43664	-659966400	22.5
43664	-657547200	20.3
43664	-654868800	16.4
43664	-652276800	12.2
43664	-649598400	8.7
43664	-647006400	10
43664	-644328000	12.6
43664	-641649600	13.7
43664	-639057600	17.5
43664	-636379200	20.2
43664	-633787200	24.8
43664	-631108800	25.2
43664	-628430400	23
43664	-626011200	19.9
43664	-623332800	17.5
43664	-620740800	13.3
43664	-618062400	8.8
43664	-615470400	9.6
43664	-612792000	11.4
43664	-610113600	15.5
43664	-607521600	17.1
43664	-604843200	21.2
43664	-602251200	24.5
43664	-599572800	26.8
43664	-596894400	26
43664	-594475200	24.9
43664	-591796800	15.9
43664	-589204800	13.6
43664	-586526400	11.2
43664	-583934400	10.4
43664	-581256000	10.3
43664	-578577600	16.5
43664	-575985600	17.6
43664	-573307200	21
43664	-570715200	25.2
43664	-568036800	26.6
43664	-565358400	23.6
43664	-562852800	22.8
43664	-560174400	15.4
43664	-557582400	13.1
43664	-554904000	11.4
43664	-552312000	9.3
43664	-549633600	11.5
43664	-546955200	14.7
43664	-544363200	16.1
43664	-541684800	19.2
43664	-539092800	23.7
43664	-536414400	25.1
43664	-533736000	23.9
43664	-531316800	24.6
43664	-528638400	19.8
43664	-526046400	13.9
43664	-523368000	11.4
43664	-520776000	10.4
43664	-518097600	10.7
43664	-515419200	14.2
43664	-512827200	17.1
43664	-510148800	20.6
43664	-507556800	24.6
43664	-504878400	24.6
43664	-502200000	22
43664	-499780800	21.2
43664	-497102400	18.9
43664	-494510400	13.9
43664	-491832000	10.4
43664	-489240000	10.7
43664	-486561600	12.6
43664	-483883200	14.6
43664	-481291200	17.8
43664	-478612800	20.9
43664	-476020800	23.9
43664	-473342400	25.4
43664	-470664000	25.1
43664	-468244800	21.6
43664	-465566400	17.2
43664	-462974400	12.2
43664	-460296000	11.2
43664	-457704000	9.3
43664	-455025600	12
43664	-452347200	15.5
43664	-449755200	17.9
43664	-447076800	19.8
43664	-444484800	21.2
43664	-441806400	23.7
43664	-439128000	26.3
43664	-436622400	21.5
43664	-433944000	16.6
43664	-431352000	12.9
43664	-428673600	9.2
43664	-426081600	10.1
43664	-423403200	10.1
43664	-420724800	12.9
43664	-418132800	15.8
43664	-415454400	19.4
43664	-412862400	23
43665	-255096000	23.7
43665	-252417600	25.1
43665	-249739200	23.6
43665	-247320000	22.3
43665	-244641600	18.3
43665	-242049600	12.2
43665	-239371200	13.1
43665	-236779200	10.9
43665	-234100800	11.7
43665	-231422400	14.6
43665	-228830400	17.5
43665	-226152000	22.9
43665	-223560000	22.1
43665	-220881600	23.7
43665	-218203200	25.5
43665	-215784000	22.6
43665	-213105600	16.9
43665	-210513600	14.1
43665	-207835200	10.7
43665	-205243200	9.7
43665	-202564800	11.4
43665	-199886400	15.7
43665	-197294400	18.6
43665	-194616000	21.5
43666	-1859198400	22
43666	-1856779200	19.4
43666	-1854100800	14.6
43666	-1851508800	13.3
43666	-1848830400	8.6
43666	-1846238400	9.4
43666	-1843560000	12.2
43666	-1840881600	14.3
43666	-1838289600	15.7
43666	-1835611200	22.4
43666	-1833019200	21.7
43666	-1830340800	24.3
43666	-1827662400	26.2
43667	-1612094400	27.4
43667	-1609416000	26.5
43667	-1606737600	28
43667	-1604318400	18.7
43668	-2703412800	13.4
43668	-2700734400	13
43669	-1527940800	12.7
43669	-1525262400	15.1
43669	-1522670400	16.7
43669	-1519992000	21.9
43669	-1517400000	22.7
43669	-1514721600	21.6
43669	-1512043200	25.5
43669	-1509624000	20.8
43669	-1506945600	18.6
43669	-1504353600	13.8
43669	-1501675200	10.4
43669	-1499083200	10.1
43669	-1496404800	10.6
43669	-1493726400	13.6
43669	-1491134400	17.7
43669	-1488456000	21.5
43669	-1485864000	22.5
43669	-1483185600	23.3
43669	-1480507200	25.1
43669	-1478088000	21.8
43669	-1475409600	20
43669	-1472817600	14.7
43669	-1470139200	11.4
43669	-1467547200	10.6
43669	-1464868800	11
43669	-1462190400	13.3
43669	-1459598400	16.3
43669	-1456920000	18.1
43669	-1454328000	23.8
43669	-1451649600	21.7
43669	-1448971200	21.7
43669	-1446465600	20.2
43669	-1443787200	13.8
43669	-1441195200	12
43669	-1438516800	9.7
43669	-1435924800	8.4
43669	-1433246400	10.9
43669	-1430568000	13.5
43669	-1427976000	16.9
43669	-1425297600	18.6
43669	-1422705600	20.7
43669	-1420027200	23.4
43669	-1417348800	23.1
43669	-1414929600	21.5
43669	-1412251200	18.7
43669	-1409659200	14
43669	-1406980800	11.1
43669	-1404388800	9.1
43669	-1401710400	10.7
43669	-1399032000	12.2
43669	-1396440000	17.7
43669	-1393761600	21
43669	-1391169600	23.4
43669	-1388491200	22.7
43669	-1385812800	25.4
43669	-1383393600	23
43669	-1380715200	17.3
43669	-1378123200	12.8
43669	-1375444800	11.4
43669	-1372852800	10.9
43669	-1370174400	11.4
43669	-1367496000	15.6
43669	-1364904000	17.1
43669	-1362225600	20.8
43669	-1359633600	22.7
43669	-1356955200	24.9
43669	-1354276800	22.6
43669	-1351857600	20.8
43669	-1349179200	16.6
43669	-1346587200	12.8
43669	-1343908800	9.9
43669	-1341316800	9.8
43669	-1338638400	10.9
43669	-1335960000	13.7
43669	-1333368000	18.5
43669	-1330689600	23.6
43669	-1328097600	23.1
43669	-1325419200	23.2
43669	-1322740800	23.2
43669	-1320235200	22.1
43669	-1317556800	17.5
43669	-1314964800	11.7
43669	-1312286400	9
43669	-1309694400	9.1
43669	-1307016000	11.8
43669	-1304337600	16.8
43669	-1301745600	17.5
43669	-1299067200	23.5
43669	-1296475200	24.7
43669	-1293796800	27.2
43669	-1291118400	25.3
43669	-1288699200	21.1
43669	-1286020800	18.1
43669	-1283428800	15.7
43670	-2753352000	20.5
43670	-2750673600	22.1
43670	-2748081600	23.3
43670	-2745403200	25.6
43670	-2742724800	25.2
43670	-2740305600	23.9
43670	-2737627200	21.2
43670	-2735035200	15.4
43670	-2732356800	13.3
43670	-2729764800	10.9
43670	-2727086400	12.1
43670	-2724408000	14.4
43670	-2721816000	18.2
43670	-2719137600	20.4
43670	-2716545600	21.2
43670	-2713867200	20.8
43670	-2711188800	24.4
43670	-2708683200	21.5
43670	-2706004800	18.3
43670	-2703412800	16
43670	-2700734400	11.9
43670	-2698142400	10.4
43670	-2695464000	13
43670	-2692785600	15.4
43670	-2690193600	18.1
43670	-2687515200	22.3
43670	-2684923200	21.4
43670	-2682244800	25.9
43670	-2679566400	24.4
43670	-2677147200	22.1
43670	-2674468800	18.7
43670	-2671876800	14.9
43670	-2669198400	10.8
43670	-2666606400	10.8
43670	-2663928000	12.8
43670	-2661249600	15.1
43670	-2658657600	20.3
43670	-2655979200	21.3
43670	-2653387200	27.8
43670	-2650708800	28.3
43670	-2648030400	23.8
43670	-2645611200	22.5
43670	-2642932800	19.5
43670	-2640340800	13.9
43670	-2637662400	12.2
43670	-2635070400	11.8
43670	-2632392000	12.5
43670	-2629713600	15.2
43670	-2627121600	17
43670	-2624443200	22.6
43670	-2621851200	24.6
43670	-2619172800	27.7
43670	-2616494400	25.3
43670	-2614075200	23.2
43670	-2611396800	19
43670	-2608804800	13.6
43670	-2606126400	10.2
43670	-2603534400	11.2
43670	-2600856000	12.1
43670	-2598177600	13.8
43670	-2595585600	19.5
43670	-2592907200	21.7
43670	-2590315200	25.3
43670	-2587636800	26.6
43670	-2584958400	25.3
43670	-2582452800	22
43670	-2579774400	19.3
43670	-2577182400	14.4
43670	-2574504000	13
43670	-2571912000	10.5
43670	-2569233600	11.7
43670	-2566555200	16.8
43670	-2563963200	19.2
43670	-2561284800	24.7
43670	-2558692800	26
43670	-2556014400	25.6
43670	-2553336000	24.2
43670	-2550916800	22.9
43670	-2548238400	18.9
43670	-2545646400	15.8
43670	-2542968000	13.1
43670	-2540376000	10.7
43670	-2537697600	12.2
43670	-2535019200	14.1
43670	-2532427200	18.3
43670	-2529748800	21.1
43670	-2527156800	24
43670	-2524478400	29.2
43670	-2521800000	27.2
43670	-2519380800	23.8
43670	-2516702400	20.5
43670	-2514110400	16.5
43670	-2511432000	13.6
43670	-2508840000	10.4
43670	-2506161600	11.5
43670	-2503483200	14.6
43670	-2500891200	17.2
43670	-2498212800	20.2
43670	-2495620800	23.6
43670	-2492942400	22.8
43670	-2490264000	23.1
43670	-2487844800	24.1
43670	-2485166400	17.9
43670	-2482574400	15.1
43670	-2479896000	12.2
43670	-2477304000	10.5
43670	-2474625600	11.9
43670	-2471947200	14.5
43670	-2469355200	17.8
43670	-2466676800	20.8
43670	-2464084800	23.1
43670	-2461406400	24
43670	-2458728000	26
43670	-2456222400	24.9
43670	-2453544000	16.5
43670	-2450952000	13.7
43670	-2448273600	11.3
43670	-2445681600	9.6
43670	-2443003200	12.3
43670	-2440324800	14.2
43670	-2437732800	17
43670	-2435054400	21.8
43670	-2432462400	22.2
43670	-2429784000	24.8
43670	-2427105600	25.3
43670	-2424686400	24.7
43670	-2422008000	17.1
43670	-2419416000	15.2
43670	-2416737600	11.5
43670	-2414145600	10.5
43670	-2411467200	11.7
43670	-2408788800	14.2
43670	-2406196800	19.4
43670	-2403518400	20.8
43670	-2400926400	24.5
43670	-2398248000	25.5
43670	-2395569600	24.2
43670	-2393150400	23
43670	-2390472000	18
43670	-2387880000	12.8
43670	-2385201600	11.7
43670	-2382609600	9
43670	-2379931200	11.2
43670	-2377252800	13.1
43670	-2374660800	18
43670	-2371982400	22.5
43670	-2369390400	23.5
43670	-2366712000	24.4
43670	-2364033600	24.7
43670	-2361614400	21.6
43670	-2358936000	19.2
43670	-2356344000	13.7
43670	-2353665600	11.3
43670	-2351073600	9.1
43670	-2348395200	12.7
43670	-2345716800	14.7
43670	-2343124800	20
43670	-2340446400	21.6
43670	-2337854400	24.3
43670	-2335176000	26.9
43670	-2332497600	25.3
43670	-2329992000	22.7
43670	-2327313600	17.5
43670	-2324721600	13.6
43670	-2322043200	10.5
43670	-2319451200	8.6
43670	-2316772800	10.6
43670	-2314094400	13.4
43670	-2311502400	19.4
43670	-2308824000	21.8
43670	-2306232000	24.7
43670	-2303553600	22.7
43670	-2300875200	24.5
43670	-2298456000	19.5
43670	-2295777600	19.2
43670	-2293185600	13.2
43670	-2290507200	12.5
43670	-2287915200	11.4
43670	-2285236800	10.9
43670	-2282558400	14
43670	-2279966400	16.5
43670	-2277288000	22.8
43670	-2274696000	26.2
43670	-2272017600	26.9
43670	-2269339200	26.9
43670	-2266920000	23
43670	-2264241600	17.3
43670	-2261649600	13.3
43670	-2258971200	12.5
43670	-2256379200	10.2
43670	-2253700800	13.2
43670	-2251022400	14.6
43670	-2248430400	19.2
43670	-2245752000	20.9
43670	-2243160000	24.3
43670	-2240481600	21.9
43670	-2237803200	26.5
43670	-2235384000	22.9
43670	-2232705600	19.9
43670	-2230113600	13.3
43670	-2227435200	11.2
43670	-2224843200	9.3
43670	-2222164800	11.8
43670	-2219486400	16.6
43670	-2216894400	16.7
43670	-2214216000	21.4
43670	-2211624000	25.8
43670	-2208945600	26.3
43670	-2206267200	26.6
43670	-2203848000	21.7
43670	-2201169600	16.3
43670	-2198577600	13.5
43670	-2195899200	11.8
43670	-2193307200	9.4
43670	-2190628800	10.5
43670	-2187950400	12.8
43670	-2185358400	17.3
43670	-2182680000	22.2
43670	-2180088000	25.2
43670	-2177409600	23.5
43670	-2174731200	26.5
43670	-2172312000	22.6
43670	-2169633600	17.1
43670	-2167041600	14.8
43670	-2164363200	10
43670	-2161771200	9.2
43670	-2159092800	11.3
43670	-2156414400	16.5
43670	-2153822400	17.9
43670	-2151144000	25.2
43670	-2148552000	25.5
43670	-2145873600	25.1
43670	-2143195200	24.3
43670	-2140776000	21.5
43671	-1543579200	28.5
43671	-1541160000	23.3
43671	-1538481600	19.9
43671	-1535889600	16.8
43671	-1533211200	12.6
43671	-1530619200	12.1
43671	-1527940800	11.1
43671	-1525262400	17.3
43671	-1522670400	20.2
43671	-1519992000	26.4
43671	-1517400000	26.7
43671	-1514721600	26.8
43671	-1512043200	29.2
43671	-1509624000	24.6
43671	-1506945600	22.8
43671	-1504353600	15.6
43671	-1501675200	11.4
43671	-1499083200	10.7
43671	-1496404800	12.3
43671	-1493726400	16.2
43671	-1491134400	21.5
43671	-1488456000	24.9
43671	-1485864000	27
43671	-1483185600	28.6
43671	-1480507200	29.9
43671	-1478088000	25.9
43671	-1475409600	22
43671	-1472817600	17.4
43672	-63115200	27.1
43672	-60436800	26.6
43672	-57931200	23.4
43672	-55252800	20.2
43672	-52660800	13.8
43672	-49982400	12.1
43672	-47390400	10.2
43672	-44712000	11.5
43672	-42033600	14.4
43672	-39441600	18.5
43672	-36763200	19.7
43672	-34171200	22.2
43672	-31492800	26.9
43672	-28814400	24.5
43672	-26395200	21.3
43672	-23716800	18.6
43672	-21124800	13.3
43672	-18446400	11.4
43672	-15854400	12.2
43672	-13176000	13.1
43672	-10497600	12.6
43672	-7905600	19.1
43672	-5227200	20.2
43672	-2635200	21.3
43672	43200	23.6
43672	2721600	25.8
43672	5140800	21
43672	7819200	19
43672	10411200	13.6
43672	13089600	12.9
43672	15681600	12.1
43672	18360000	11.6
43672	21038400	13.5
43672	23630400	17.7
43672	26308800	20
43672	28900800	22.6
43672	31579200	24.7
43672	34257600	26.1
43672	36676800	24.5
43672	39355200	20.5
43672	41947200	14.3
43672	44625600	12
43672	47217600	10.7
43672	49896000	11.8
43672	52574400	14.7
43672	55166400	17.3
43672	57844800	19.7
43672	60436800	23
43672	63115200	24
43672	65793600	24.8
43672	68299200	21.2
43672	70977600	18.9
43672	73569600	14.6
43672	76248000	11.1
43672	78840000	11.2
43672	81518400	13.4
43672	84196800	16.2
43672	86788800	18.4
43672	89467200	21
43672	92059200	24.7
43672	94737600	26.7
43672	97416000	24.8
43672	99835200	21.3
43672	102513600	19.2
43672	105105600	15.4
43672	107784000	11
43672	110376000	12.1
43672	113054400	13.1
43672	115732800	16.1
43672	118324800	18.6
43672	121003200	20.5
43672	123595200	24.7
43672	126273600	25.5
43672	128952000	24
43672	131371200	24.5
43672	134049600	17.9
43672	136641600	14.8
43672	139320000	11.4
43672	141912000	11.8
43672	144590400	13.2
43672	147268800	13.5
43672	149860800	17.3
43672	152539200	19.6
43672	155131200	22.5
43672	157809600	23
43672	160488000	25.6
43672	162907200	21.1
43672	165585600	17.7
43672	168177600	16.2
43672	170856000	11.4
43672	173448000	13.4
43672	176126400	12
43672	178804800	16.3
43672	181396800	16.8
43672	184075200	22
43672	186667200	24.6
43672	189345600	23.7
43672	192024000	26.2
43672	194529600	21.9
43672	197208000	17.4
43672	199800000	13
43672	202478400	11.6
43672	205070400	10.5
43672	207748800	12.6
43672	210427200	14.4
43672	213019200	15.4
43672	215697600	19.7
43672	218289600	23.2
43672	220968000	25.1
43672	223646400	25.6
43672	226065600	21.4
43672	228744000	16.1
43672	231336000	13.7
43672	234014400	11.7
43672	236606400	10.1
43672	239284800	15
43672	241963200	13.9
43672	244555200	19
43672	247233600	20.6
43672	249825600	23.6
43672	252504000	23.8
43672	255182400	24
43672	257601600	21.9
43672	260280000	17.7
43672	262872000	15.4
43672	265550400	11.3
43672	268142400	11.3
43672	270820800	11.3
43672	273499200	14.5
43672	276091200	18.2
43672	278769600	20.5
43672	281361600	22.2
43672	284040000	27.8
43672	286718400	24.9
43672	289137600	21.7
43672	291816000	16.9
43672	294408000	13.4
43672	297086400	13
43672	299678400	11.6
43672	302356800	12.2
43672	305035200	15.6
43672	307627200	17.2
43672	310305600	21.8
43672	312897600	23.7
43672	315576000	22.9
43672	318254400	24.3
43672	320760000	21.2
43672	323438400	20.1
43672	326030400	15.8
43672	328708800	12.1
43672	331300800	11.5
43672	333979200	13.3
43672	336657600	16.6
43672	339249600	18
43672	341928000	22.5
43672	344520000	24.6
43672	347198400	28
43672	349876800	25.9
43672	352296000	19.2
43672	354974400	18.6
43672	357566400	13.9
43672	360244800	11.7
43672	362836800	11
43672	365515200	11.5
43672	368193600	16.5
43672	370785600	18.3
43672	373464000	20.7
43672	376056000	22.9
43672	378734400	26.6
43672	381412800	24.7
43672	383832000	22
43672	386510400	17.3
43672	389102400	14.2
43672	391780800	9.2
43672	394372800	9.3
43672	397051200	13.9
43672	399729600	14.3
43672	402321600	16.8
43672	4.05e+08	22.9
43672	407592000	23.8
43672	410270400	23.3
43672	412948800	26.8
43672	415368000	23.2
43672	418046400	16.1
43672	420638400	14
43672	423316800	11.1
43672	425908800	9.9
43672	428587200	13
43672	431265600	14.7
43672	433857600	17.1
43672	436536000	20.6
43672	439128000	23.4
43672	441806400	22.6
43672	444484800	24
43672	446990400	20
43672	449668800	16.7
43672	452260800	14.4
43672	454939200	10.9
43672	457531200	9.7
43672	460209600	12.2
43672	462888000	12.8
43672	465480000	17.5
43673	-405086400	20.2
43673	-402408000	16.6
43673	-399816000	13.5
43673	-397137600	13.9
43673	-394545600	7.6
43673	-391867200	10.6
43673	-389188800	13.3
43673	-386596800	17.9
43673	-383918400	21.6
43673	-381326400	25.1
43673	-378648000	23.1
43673	-375969600	23.5
43673	-373550400	20.5
43673	-370872000	18
43673	-368280000	15.7
43673	-365601600	9.3
43673	-363009600	9.8
43673	-360331200	11.4
43673	-357652800	12
43673	-355060800	15.7
43673	-352382400	20.8
43673	-349790400	19.9
43673	-347112000	26.1
43673	-344433600	24.8
43673	-342014400	22.4
43673	-339336000	17.9
43673	-336744000	12.9
43673	-334065600	11
43673	-331473600	9.5
43673	-328795200	13.2
43673	-326116800	15.1
43673	-323524800	17.3
43673	-320846400	24.6
43673	-318254400	21.2
43673	-315576000	28.9
43673	-312897600	24.1
43673	-310392000	23.8
43673	-307713600	17.8
43673	-305121600	11.7
43673	-302443200	9.9
43673	-299851200	10.8
43673	-297172800	10.4
43673	-294494400	14.4
43673	-291902400	18.8
43673	-289224000	18.9
43673	-286632000	25.5
43673	-283953600	27.3
43673	-281275200	25.4
43673	-278856000	22.8
43673	-276177600	18.9
43673	-273585600	14.1
43673	-270907200	11.8
43673	-268315200	9.8
43673	-265636800	10.7
43673	-262958400	16.1
43673	-260366400	20
43673	-257688000	20.9
43673	-255096000	24
43673	-252417600	25.3
43673	-249739200	23.7
43673	-247320000	22.1
43673	-244641600	18.3
43673	-242049600	12.3
43673	-239371200	13.1
43673	-236779200	11
43673	-234100800	11.6
43673	-231422400	14.6
43673	-228830400	17.5
43673	-226152000	23
43673	-223560000	22.1
43673	-220881600	23.8
43673	-218203200	25.4
43673	-215784000	22.5
43673	-213105600	16.9
43673	-210513600	14.1
43673	-207835200	10.7
43673	-205243200	9.8
43673	-202564800	11.6
43673	-199886400	15.6
43673	-197294400	19
43673	-194616000	21.7
43673	-192024000	24.7
43673	-189345600	24.6
43673	-186667200	22.9
43673	-184161600	22.3
43673	-181483200	18.3
43673	-178891200	13.4
43673	-176212800	11
43673	-173620800	10.9
43673	-170942400	12.4
43673	-168264000	14.3
43673	-165672000	16.2
43673	-162993600	21.9
43673	-160401600	20.8
43673	-157723200	24.1
43673	-155044800	27.2
43673	-152625600	22.8
43673	-149947200	16.1
43673	-147355200	14.4
43673	-144676800	10.9
43673	-142084800	9.9
43673	-139406400	11.9
43673	-136728000	16.2
43673	-134136000	20.3
43673	-131457600	21.7
43673	-128865600	26.7
43673	-126187200	26.3
43673	-123508800	23.5
43673	-121089600	21.9
43673	-118411200	17.6
43673	-115819200	13.1
43673	-113140800	11.8
43673	-110548800	9.4
43673	-107870400	10.7
43673	-105192000	14.1
43673	-102600000	17.5
43673	-99921600	22
43673	-97329600	22.6
43673	-94651200	24.9
43673	-91972800	25.5
43673	-89553600	20.8
43673	-86875200	19.7
43673	-84283200	14.3
43673	-81604800	12
43673	-79012800	10.4
43673	-76334400	10.9
43673	-73656000	15.1
43673	-71064000	19.9
43673	-68385600	21
43673	-65793600	22.6
43673	-63115200	25.7
43673	-60436800	27.2
43673	-57931200	24.2
43673	-55252800	20.6
43673	-52660800	12.1
43673	-49982400	10.8
43673	-47390400	9.1
43673	-44712000	10.9
43673	-42033600	14.6
43673	-39441600	19.4
43673	-36763200	20.7
43673	-34171200	22.9
43673	-31492800	27.2
43673	-28814400	25.4
43673	-26395200	20.9
43673	-23716800	18.3
43673	-21124800	12.3
43673	-18446400	10.4
43673	-15854400	11.9
43673	-13176000	12.9
43673	-10497600	12.3
43673	-7905600	19.3
43673	-5227200	20.3
43673	-2635200	22.9
43673	43200	24
43673	2721600	26.9
43673	5140800	21.1
43673	7819200	18.9
43673	10411200	12.7
43673	13089600	11.9
43673	15681600	10.6
43673	18360000	11
43673	21038400	12.8
43673	23630400	18.8
43673	26308800	20.6
43673	28900800	23.1
43673	31579200	24.8
43673	34257600	24.8
43673	36676800	23.3
43673	39355200	19.2
43673	41947200	13.5
43673	44625600	10
43673	47217600	9.7
43673	49896000	11
43673	52574400	14.5
43673	55166400	17.8
43673	57844800	19.2
43673	60436800	23.1
43673	63115200	23.5
43673	65793600	24.2
43673	68299200	21.7
43673	70977600	18.2
43673	73569600	14.5
43673	76248000	11.6
43673	78840000	10.8
43673	81518400	12.7
43673	84196800	16.4
43673	86788800	18.2
43673	89467200	21.7
43673	92059200	25.6
43673	94737600	28
43673	97416000	24.7
43673	99835200	21.7
43673	102513600	18.9
43673	105105600	15.3
43673	107784000	10.8
43673	110376000	11.8
43673	113054400	12.1
43673	115732800	15.9
43673	118324800	17.6
43673	121003200	20.6
43673	123595200	24.3
43673	126273600	23.6
43673	128952000	23.1
43673	131371200	24.1
43673	134049600	17
43673	136641600	13.7
43673	139320000	10.6
43673	141912000	11.2
43673	144590400	11.8
43673	147268800	12.7
43673	149860800	16.7
43673	152539200	19.4
43673	155131200	22.8
43673	157809600	23.7
43673	160488000	25.2
43674	-189345600	24.5
43674	-186667200	22.9
43674	-184161600	22.4
43674	-181483200	18.3
43674	-178891200	13.3
43675	-1822478400	14.6
43675	-1819886400	12.7
43675	-1817208000	9.6
43675	-1814616000	8.5
43675	-1811937600	11
43676	-1596369600	11.3
43676	-1593777600	9.2
43676	-1591099200	14.1
43677	-2692785600	15.6
43677	-2690193600	21.2
43677	-2687515200	24.8
43677	-2684923200	25.3
43677	-2682244800	25.6
43677	-2679566400	25.6
43677	-2677147200	23.2
43677	-2674468800	19
43677	-2671876800	14.3
43677	-2669198400	11.8
43677	-2666606400	10.6
43678	-420724800	12.7
43678	-418132800	15.2
43678	-415454400	18.6
43679	-2135505600	14.6
43679	-2132827200	11.7
43679	-2130235200	11.1
43679	-2127556800	11.2
43679	-2124878400	15.1
43679	-2122286400	19.9
43679	-2119608000	24.6
43679	-2117016000	23
43679	-2114337600	24.2
43679	-2111659200	23.6
43679	-2109240000	23
43679	-2106561600	17.8
43679	-2103969600	13.4
43679	-2101291200	9.9
43679	-2098699200	10.3
43679	-2096020800	11
43679	-2093342400	13.9
43679	-2090750400	18.5
43679	-2088072000	22.2
43679	-2085480000	22
43679	-2082801600	23.2
43679	-2080123200	23.2
43679	-2077617600	20.7
43679	-2074939200	19.8
43679	-2072347200	14.4
43679	-2069668800	10.1
43679	-2067076800	9.4
43679	-2064398400	10.3
43679	-2061720000	12.1
43679	-2059128000	18.5
43679	-2056449600	21.3
43679	-2053857600	24.7
43679	-2051179200	27
43679	-2048500800	22.8
43679	-2046081600	21.6
43679	-2043403200	18.6
43679	-2040811200	14.1
43679	-2038132800	10.6
43679	-2035540800	9.3
43679	-2032862400	10.6
43679	-2030184000	11.2
43679	-2027592000	14.2
43679	-2024913600	20.5
43679	-2022321600	23.8
43679	-2019643200	27.1
43679	-2016964800	27.6
43679	-2014545600	20.4
43679	-2011867200	18.3
43679	-2009275200	14.4
43679	-2006596800	11.9
43679	-2004004800	10.2
43679	-2001326400	10.6
43679	-1998648000	12.4
43679	-1996056000	17.1
43679	-1993377600	18.2
43679	-1990785600	23.1
43679	-1988107200	24.8
43679	-1985428800	23.3
43679	-1983009600	19.8
43679	-1980331200	16.3
43679	-1977739200	14
43679	-1975060800	10.4
43679	-1972468800	9.6
43679	-1969790400	11.2
43679	-1967112000	14.6
43679	-1964520000	17.2
43679	-1961841600	22.7
43679	-1959249600	23.7
43679	-1956571200	28.8
43679	-1953892800	23
43679	-1951387200	18.9
43679	-1948708800	17.9
43679	-1946116800	13.6
43679	-1943438400	9.1
43679	-1940846400	9.2
43679	-1938168000	10.7
43679	-1935489600	12.4
43679	-1932897600	18
43679	-1930219200	24
43679	-1927627200	25
43679	-1924948800	24.2
43679	-1922270400	22.5
43679	-1919851200	21
43679	-1917172800	15
43679	-1914580800	12.5
43679	-1911902400	11.2
43679	-1909310400	9.1
43679	-1906632000	11.2
43679	-1903953600	12.8
43679	-1901361600	17.5
43679	-1898683200	21.4
43679	-1896091200	21.4
43679	-1893412800	25.4
43679	-1890734400	25
43679	-1888315200	21.7
43679	-1885636800	18.8
43679	-1883044800	13.9
43679	-1880366400	11.9
43679	-1877774400	10.2
43679	-1875096000	12.2
43679	-1872417600	13.9
43679	-1869825600	15.8
43679	-1867147200	21.5
43679	-1864555200	21.4
43679	-1861876800	24.2
43679	-1859198400	23.2
43679	-1856779200	20.3
43679	-1854100800	15.7
43679	-1851508800	14.6
43679	-1848830400	9.2
43679	-1846238400	9.9
43679	-1843560000	13.1
43679	-1840881600	15.1
43679	-1838289600	17.1
43679	-1835611200	22.7
43679	-1833019200	22.6
43679	-1830340800	24
43679	-1827662400	26.9
43679	-1825156800	22.9
43679	-1822478400	16.3
43679	-1819886400	12.9
43679	-1817208000	11.2
43679	-1814616000	9.7
43679	-1811937600	12.1
43679	-1809259200	13.6
43679	-1806667200	17.7
43679	-1803988800	19.6
43679	-1801396800	22.4
43679	-1798718400	23.9
43679	-1796040000	25.3
43679	-1793620800	21.1
43679	-1790942400	19.4
43679	-1788350400	12.6
43679	-1785672000	9.7
43679	-1783080000	10.2
43679	-1780401600	11.1
43679	-1777723200	12.6
43679	-1775131200	18.2
43679	-1772452800	19.8
43679	-1769860800	25.2
43679	-1767182400	26
43679	-1764504000	27.1
43679	-1762084800	23.5
43679	-1759406400	17.9
43679	-1756814400	14.1
43679	-1754136000	11.5
43679	-1751544000	9.7
43679	-1748865600	12.6
43679	-1746187200	14.6
43679	-1743595200	21.2
43679	-1740916800	24.8
43679	-1738324800	25.2
43679	-1735646400	23.9
43679	-1732968000	26.4
43679	-1730548800	21.2
43679	-1727870400	17.2
43679	-1725278400	12.8
43679	-1722600000	11.2
43679	-1720008000	10.9
43679	-1717329600	11.8
43679	-1714651200	14.2
43679	-1712059200	15.9
43679	-1709380800	19.4
43679	-1706788800	24.3
43679	-1704110400	25.7
43679	-1701432000	24.6
43679	-1698926400	21.6
43679	-1696248000	15.9
43679	-1693656000	13.6
43679	-1690977600	10.5
43679	-1688385600	10
43679	-1685707200	10.6
43679	-1683028800	15.2
43679	-1680436800	15.6
43679	-1677758400	16.7
43679	-1675166400	22.4
43679	-1672488000	24.6
43679	-1669809600	22.6
43679	-1667390400	21.3
43679	-1664712000	15.7
43679	-1662120000	13.4
43679	-1659441600	10.8
43679	-1656849600	10.2
43679	-1654171200	11.4
43679	-1651492800	13.6
43679	-1648900800	16.1
43679	-1646222400	18.9
43679	-1643630400	24.7
43679	-1640952000	24.5
43679	-1638273600	23.2
43679	-1635854400	20.7
43679	-1633176000	16.6
43679	-1630584000	14.8
43679	-1627905600	11.4
43679	-1625313600	8.7
43679	-1622635200	11.9
43679	-1619956800	14.2
43679	-1617364800	15.7
43679	-1614686400	20.4
43679	-1612094400	23.2
43679	-1609416000	24.6
43679	-1606737600	26.5
43679	-1604318400	19.5
43679	-1601640000	19.4
43679	-1599048000	14.6
43679	-1596369600	11.1
43679	-1593777600	10
43679	-1591099200	11.4
43679	-1588420800	14.9
43679	-1585828800	18.5
43679	-1583150400	22.5
43679	-1580558400	24.8
43679	-1577880000	23.6
43679	-1575201600	25.4
43679	-1572696000	20.7
43679	-1570017600	17.1
43679	-1567425600	11.9
43679	-1564747200	11.2
43679	-1562155200	10.2
43679	-1559476800	10.4
43679	-1556798400	13.5
43679	-1554206400	17.5
43679	-1551528000	20.8
43679	-1548936000	23.4
43679	-1546257600	25.9
43679	-1543579200	25
43679	-1541160000	18.8
43679	-1538481600	18
43679	-1535889600	17
43679	-1533211200	11
43679	-1530619200	10.6
43679	-1527940800	10.6
43679	-1525262400	14.4
43679	-1522670400	15.9
43679	-1519992000	22.4
43679	-1517400000	23
43679	-1514721600	23
43679	-1512043200	26.3
43679	-1509624000	20.9
43679	-1506945600	19.3
43679	-1504353600	14.6
43679	-1501675200	11
43679	-1499083200	10.3
43679	-1496404800	11.2
43679	-1493726400	14.2
43679	-1491134400	18.7
43679	-1488456000	21.9
43679	-1485864000	23.8
43679	-1483185600	24
43679	-1480507200	25.5
43679	-1478088000	22.6
43679	-1475409600	20.2
43679	-1472817600	14.9
43679	-1470139200	10.9
43679	-1467547200	9.7
43679	-1464868800	10.2
43679	-1462190400	12.6
43679	-1459598400	16.5
43679	-1456920000	18.2
43679	-1454328000	23.7
43679	-1451649600	21.3
43679	-1448971200	22
43679	-1446465600	21.6
43679	-1443787200	14.5
43679	-1441195200	13.1
43679	-1438516800	10.2
43679	-1435924800	10.4
43679	-1433246400	11.9
43679	-1430568000	14.2
43679	-1427976000	16.9
43679	-1425297600	19.6
43679	-1422705600	21.4
43679	-1420027200	23.1
43679	-1417348800	22.9
43679	-1414929600	21.5
43679	-1412251200	18.7
43679	-1409659200	14.4
43679	-1406980800	11.5
43679	-1404388800	9
43679	-1401710400	10.2
43679	-1399032000	12
43679	-1396440000	17.4
43679	-1393761600	21.1
43679	-1391169600	22.8
43679	-1388491200	22.5
43679	-1385812800	25
43679	-1383393600	22.4
43679	-1380715200	17.4
43679	-1378123200	11.9
43679	-1375444800	10.5
43679	-1372852800	10.7
43679	-1370174400	11.2
43679	-1367496000	15.2
43679	-1364904000	17.5
43679	-1362225600	20.8
43679	-1359633600	23
43679	-1356955200	25
43679	-1354276800	23.2
43679	-1351857600	20.3
43679	-1349179200	17.5
43679	-1346587200	12.1
43679	-1343908800	9.5
43679	-1341316800	8.7
43679	-1338638400	10.2
43679	-1335960000	13.6
43679	-1333368000	18
43679	-1330689600	21.7
43679	-1328097600	22.6
43679	-1325419200	22.6
43679	-1322740800	23.8
43679	-1320235200	22.7
43679	-1317556800	18.3
43679	-1314964800	12.9
43679	-1312286400	10.1
43679	-1309694400	10.1
43679	-1307016000	12.4
43679	-1304337600	16.1
43679	-1301745600	15.5
43679	-1299067200	21.2
43679	-1296475200	24.2
43679	-1293796800	24.9
43679	-1291118400	27.1
43679	-1288699200	21.1
43679	-1286020800	16.6
43679	-1283428800	13.7
43679	-1280750400	10.9
43679	-1278158400	8.4
43679	-1275480000	10.1
43679	-1272801600	13.1
43679	-1270209600	16.8
43679	-1267531200	19.2
43679	-1264939200	20.5
43679	-1262260800	24.1
43679	-1259582400	27.5
43679	-1257163200	23
43679	-1254484800	17.4
43679	-1251892800	13.9
43679	-1249214400	11
43679	-1246622400	10.7
43679	-1243944000	10.8
43679	-1241265600	13.5
43679	-1238673600	18.1
43679	-1235995200	20.4
43679	-1233403200	23
43679	-1230724800	22.2
43679	-1228046400	24
43679	-1225627200	21
43679	-1222948800	16.2
43679	-1220356800	13.4
43679	-1217678400	10.4
43679	-1215086400	9.6
43679	-1212408000	10.5
43679	-1209729600	13.1
43679	-1207137600	15.4
43679	-1204459200	19.7
43679	-1201867200	24.4
43679	-1199188800	27.5
43679	-1196510400	21.6
43679	-1194004800	21
43679	-1191326400	16.5
43679	-1188734400	14.6
43679	-1186056000	9.5
43679	-1183464000	9.4
43679	-1180785600	11.4
43679	-1178107200	14.1
43679	-1175515200	15.1
43679	-1172836800	20.7
43679	-1170244800	21.9
43679	-1167566400	22.8
43679	-1164888000	23.2
43679	-1162468800	22
43679	-1159790400	17.4
43679	-1157198400	13.7
43679	-1154520000	11.8
43679	-1151928000	10.7
43679	-1149249600	10.2
43679	-1146571200	13.4
43679	-1143979200	18.8
43679	-1141300800	21.4
43679	-1138708800	21.8
43679	-1136030400	24.2
43679	-1133352000	23.8
43679	-1130932800	24.1
43679	-1128254400	17.1
43679	-1125662400	14.6
43679	-1122984000	10.6
43679	-1120392000	10.8
43679	-1117713600	11.3
43679	-1115035200	13.8
43679	-1112443200	16.1
43679	-1109764800	20.1
43679	-1107172800	22.7
43679	-1104494400	24
43679	-1101816000	23.7
43679	-1099396800	22.5
43679	-1096718400	17.4
43679	-1094126400	13.1
43679	-1091448000	11
43679	-1088856000	10.4
43679	-1086177600	12.9
43679	-1083499200	14
43679	-1080907200	17.4
43679	-1078228800	20.8
43679	-1075636800	23.3
43679	-1072958400	24.3
43679	-1070280000	24.5
43679	-1067774400	22.9
43679	-1065096000	16.5
43679	-1062504000	14.5
43679	-1059825600	10
43679	-1057233600	10.3
43679	-1054555200	12.1
43679	-1051876800	12.5
43679	-1049284800	17
43679	-1046606400	20.1
43679	-1044014400	23.2
43679	-1041336000	22.2
43679	-1038657600	25.1
43679	-1036238400	23
43679	-1033560000	17.2
43679	-1030968000	14.3
43679	-1028289600	10.5
43679	-1025697600	9.9
43679	-1023019200	13.1
43679	-1020340800	14.8
43679	-1017748800	18.8
43679	-1015070400	22.5
43679	-1012478400	23.5
43679	-1009800000	24
43679	-1007121600	23.5
43679	-1004702400	23.5
43679	-1002024000	19
43679	-999432000	16.3
43679	-996753600	11.1
43679	-994161600	9.8
43679	-991483200	10.8
43679	-988804800	14.2
43679	-986212800	18.5
43679	-983534400	22.6
43679	-980942400	24
43679	-978264000	30
43679	-975585600	26.6
43679	-973166400	21.6
43679	-970488000	18.2
43679	-967896000	15
43679	-965217600	10.8
43679	-962625600	8.9
43679	-959947200	10.6
43679	-957268800	13.1
43679	-954676800	16.1
43679	-951998400	19.4
43679	-949406400	22
43679	-946728000	25.2
43679	-944049600	22.8
43679	-941544000	25.2
43679	-938865600	15.3
43679	-936273600	9.8
43679	-933595200	9.2
43679	-931003200	10.9
43679	-928324800	11.9
43679	-925646400	14.4
43679	-923054400	17.4
43679	-920376000	19.7
43679	-917784000	25.4
43679	-915105600	23.7
43679	-912427200	23.8
43679	-910008000	19.9
43679	-907329600	20.2
43679	-904737600	13.4
43679	-902059200	11.3
43679	-899467200	10.5
43679	-896788800	11.4
43679	-894110400	13.8
43679	-891518400	14.8
43679	-888840000	19.8
43679	-886248000	23.9
43679	-883569600	25.2
43679	-880891200	23.6
43679	-878472000	21.6
43679	-875793600	17.7
43679	-873201600	14.1
43679	-870523200	10.9
43679	-867931200	9.6
43679	-865252800	10.9
43679	-862574400	13.9
43679	-859982400	17.5
43679	-857304000	20.6
43679	-854712000	24.7
43679	-852033600	25
43679	-849355200	24.8
43679	-846936000	22.9
43679	-844257600	15
43679	-841665600	12.4
43679	-838987200	9.7
43679	-836395200	9.3
43679	-833716800	9.4
43679	-831038400	13.2
43679	-828446400	17.2
43679	-825768000	19.5
43679	-823176000	23.3
43679	-820497600	25.1
43679	-817819200	23
43679	-815313600	21.6
43679	-812635200	14.7
43679	-810043200	12.2
43679	-807364800	9.2
43679	-804772800	9.7
43679	-802094400	10.8
43679	-799416000	14.8
43679	-796824000	17.1
43679	-794145600	22.1
43679	-791553600	22
43679	-788875200	24.1
43679	-786196800	22.1
43679	-783777600	18.6
43679	-781099200	16.1
43679	-778507200	12.9
43679	-775828800	12.2
43679	-773236800	8.6
43679	-770558400	11.3
43679	-767880000	12.8
43679	-765288000	16.1
43679	-762609600	20
43679	-760017600	23.4
43679	-757339200	26.5
43679	-754660800	23.4
43679	-752241600	19.1
43679	-749563200	15.3
43679	-746971200	13.1
43679	-744292800	9.5
43679	-741700800	10.9
43679	-739022400	10.6
43679	-736344000	13.6
43679	-733752000	15.2
43679	-731073600	20.5
43679	-728481600	23
43679	-725803200	25.7
43679	-723124800	26.2
43679	-720705600	21.9
43679	-718027200	17.2
43679	-715435200	14.8
43679	-712756800	11.7
43679	-710164800	9.7
43679	-707486400	9.4
43679	-704808000	13
43679	-702216000	16.5
43679	-699537600	19.4
43679	-696945600	23
43679	-694267200	24.5
43679	-691588800	26
43679	-689083200	19.5
43679	-686404800	17
43679	-683812800	12.3
43679	-681134400	10.4
43679	-678542400	8.5
43679	-675864000	11.6
43679	-673185600	13.2
43679	-670593600	15.7
43679	-667915200	19.8
43679	-665323200	23.3
43679	-662644800	24.5
43679	-659966400	22.7
43679	-657547200	21.9
43679	-654868800	15
43679	-652276800	12.3
43679	-649598400	8.6
43679	-647006400	9.8
43679	-644328000	10.5
43679	-641649600	13.6
43679	-639057600	16.5
43679	-636379200	19.6
43679	-633787200	22.6
43679	-631108800	25.1
43679	-628430400	23.1
43679	-626011200	21.1
43679	-623332800	17.2
43679	-620740800	14
43679	-618062400	10.1
43679	-615470400	10.7
43679	-612792000	11.2
43679	-610113600	14.7
43679	-607521600	16.3
43679	-604843200	20.4
43679	-602251200	24.7
43679	-599572800	27
43679	-596894400	25.7
43679	-594475200	23.4
43679	-591796800	14.9
43679	-589204800	13.7
43679	-586526400	11.9
43679	-583934400	9.5
43679	-581256000	9.7
43679	-578577600	14.1
43679	-575985600	15.8
43679	-573307200	18.9
43679	-570715200	24
43679	-568036800	25.6
43679	-565358400	23.7
43679	-562852800	22.8
43679	-560174400	15.8
43679	-557582400	13
43679	-554904000	10.4
43679	-552312000	8.9
43679	-549633600	11
43679	-546955200	13.3
43679	-544363200	15.8
43679	-541684800	18
43679	-539092800	22.4
43679	-536414400	24.9
43679	-533736000	24
43679	-531316800	22.8
43679	-528638400	17.6
43679	-526046400	13.9
43679	-523368000	10.2
43679	-520776000	9.8
43679	-518097600	10.1
43679	-515419200	12.8
43679	-512827200	15.9
43679	-510148800	19.2
43679	-507556800	23.1
43679	-504878400	25.7
43679	-502200000	21.7
43679	-499780800	19.9
43679	-497102400	18.7
43679	-494510400	13.5
43679	-491832000	10.6
43679	-489240000	10.2
43679	-486561600	11.4
43679	-483883200	14.2
43679	-481291200	17.6
43679	-478612800	20.1
43679	-476020800	23.5
43679	-473342400	25.5
43679	-470664000	25.7
43679	-468244800	23.1
43679	-465566400	18.2
43679	-462974400	12.8
43679	-460296000	11.2
43679	-457704000	9.8
43679	-455025600	10.9
43679	-452347200	13.9
43679	-449755200	16.6
43679	-447076800	18.7
43679	-444484800	21
43679	-441806400	24.3
43679	-439128000	26.9
43679	-436622400	23
43679	-433944000	16.5
43679	-431352000	12.5
43679	-428673600	9.4
43679	-426081600	10
43679	-423403200	9.9
43679	-420724800	11.9
43679	-418132800	14.2
43679	-415454400	16.8
43679	-412862400	21.2
43679	-410184000	24.3
43679	-407505600	24.1
43679	-405086400	20.9
43679	-402408000	16.5
43679	-399816000	12.9
43679	-397137600	13.8
43679	-394545600	8.6
43679	-391867200	10.9
43679	-389188800	12.6
43679	-386596800	16.4
43679	-383918400	20.3
43679	-381326400	24.3
43679	-378648000	24.1
43679	-375969600	24.3
43679	-373550400	21
43679	-370872000	18.8
43679	-368280000	15.8
43679	-365601600	10.4
43679	-363009600	9.2
43679	-360331200	10.9
43679	-357652800	11.8
43679	-355060800	15.7
43679	-352382400	22.2
43679	-349790400	21.7
43679	-347112000	27.7
43679	-344433600	25.4
43679	-342014400	22.6
43679	-339336000	18.3
43679	-336744000	13.2
43679	-334065600	11.6
43679	-331473600	9.8
43679	-328795200	12.7
43679	-326116800	14.1
43679	-323524800	16.6
43679	-320846400	24.1
43679	-318254400	21.5
43679	-315576000	28
43679	-312897600	23.5
43679	-310392000	23.3
43679	-307713600	17.1
43679	-305121600	11.7
43679	-302443200	9.8
43679	-299851200	10.4
43679	-297172800	9.4
43679	-294494400	13
43679	-291902400	17
43679	-289224000	18.2
43679	-286632000	25.2
43679	-283953600	27.5
43679	-281275200	25.7
43679	-278856000	22.5
43679	-276177600	18.3
43679	-273585600	13.4
43679	-270907200	11.8
43679	-268315200	10.1
43679	-265636800	11
43679	-262958400	14.5
43679	-260366400	19.6
43679	-257688000	21
43679	-255096000	23.9
43679	-252417600	25.3
43679	-249739200	23.8
43679	-247320000	22.9
43679	-244641600	17.9
43679	-242049600	12
43679	-239371200	12.2
43679	-236779200	10.3
43679	-234100800	10.8
43679	-231422400	13.6
43679	-228830400	15.9
43679	-226152000	21.2
43679	-223560000	23.5
43679	-220881600	25.2
43679	-218203200	24.7
43679	-215784000	23
43679	-213105600	17
43679	-210513600	14.7
43679	-207835200	10.6
43679	-205243200	8.6
43679	-202564800	10.4
43679	-199886400	13.1
43679	-197294400	18.6
43679	-194616000	20.4
43679	-192024000	24.5
43679	-189345600	23.5
43679	-186667200	23.7
43679	-184161600	22.1
43679	-181483200	18.5
43679	-178891200	12.7
43679	-176212800	10.6
43679	-173620800	10
43679	-170942400	11
43679	-168264000	13.6
43679	-165672000	14.9
43679	-162993600	20.9
43679	-160401600	20.2
43679	-157723200	23.8
43679	-155044800	25.2
43679	-152625600	21
43679	-149947200	15.7
43679	-147355200	14.2
43679	-144676800	9.9
43679	-142084800	8.8
43679	-139406400	11.4
43679	-136728000	14.4
43679	-134136000	19
43679	-131457600	19.5
43679	-128865600	25.4
43679	-126187200	25.9
43679	-123508800	23.7
43679	-121089600	21.6
43679	-118411200	16.6
43679	-115819200	13
43679	-113140800	8.9
43679	-110548800	9.1
43679	-107870400	10.4
43679	-105192000	13.5
43679	-102600000	16.7
43679	-99921600	20.7
43679	-97329600	23.1
43679	-94651200	24.7
43679	-91972800	26
43679	-89553600	21.4
43679	-86875200	19
43679	-84283200	14.5
43679	-81604800	12.8
43679	-79012800	9.8
43679	-76334400	10.5
43679	-73656000	13.8
43679	-71064000	18.3
43679	-68385600	20.2
43679	-65793600	21.8
43679	-63115200	26.5
43679	-60436800	27.3
43679	-57931200	24.2
43679	-55252800	19.1
43679	-52660800	12.3
43679	-49982400	9.6
43679	-47390400	8.1
43679	-44712000	9.7
43679	-42033600	12.5
43679	-39441600	16.8
43679	-36763200	19.5
43679	-34171200	22.9
43679	-31492800	27.3
43679	-28814400	25.4
43679	-26395200	20.8
43679	-23716800	16.8
43679	-21124800	12.3
43679	-18446400	10.4
43679	-15854400	10.3
43679	-13176000	11.1
43679	-10497600	10.9
43679	-7905600	17.5
43679	-5227200	19.3
43679	-2635200	21.9
43679	43200	23.5
43679	2721600	27.1
43679	5140800	20.5
43679	7819200	19.1
43679	10411200	11.9
43679	13089600	10.6
43679	15681600	9.7
43679	18360000	10
43679	21038400	11.2
43679	23630400	16.3
43679	26308800	19.9
43679	28900800	23.4
43679	31579200	25.5
43679	34257600	24.4
43679	36676800	24.4
43679	39355200	19.6
43679	41947200	13.6
43679	44625600	10.1
43679	47217600	9.5
43679	49896000	10.4
43679	52574400	13.4
43679	55166400	16.3
43679	57844800	19.1
43679	60436800	23
43679	63115200	24.3
43679	65793600	24.5
43679	68299200	21.4
43679	70977600	17
43679	73569600	14.2
43679	76248000	11.1
43679	78840000	9.9
43679	81518400	12.1
43679	84196800	15
43679	86788800	17.6
43679	89467200	20.9
43679	92059200	25.1
43679	94737600	27.5
43679	97416000	25.2
43679	99835200	20.8
43679	102513600	17.9
43679	105105600	13.3
43679	107784000	10.2
43679	110376000	10.3
43679	113054400	10.9
43679	115732800	13.8
43679	118324800	17
43679	121003200	19.9
43679	123595200	23.8
43679	126273600	25
43679	128952000	23.9
43679	131371200	23.9
43679	134049600	17.2
43679	136641600	14.6
43679	139320000	10.2
43679	141912000	9.5
43679	144590400	11.1
43679	147268800	12
43679	149860800	15.9
43679	152539200	18.4
43679	155131200	22.1
43679	157809600	22.9
43679	160488000	25.2
43679	162907200	21.2
43679	165585600	17.3
43679	168177600	14.3
43679	170856000	10.5
43679	173448000	11.5
43679	176126400	10.8
43679	178804800	14.8
43679	181396800	15.6
43679	184075200	21.1
43679	186667200	24.4
43679	189345600	23.5
43679	192024000	25.8
43679	194529600	22.4
43679	197208000	17.3
43679	199800000	12.3
43679	202478400	10.1
43679	205070400	9.1
43679	207748800	10.8
43679	210427200	13.3
43679	213019200	15.4
43679	215697600	19.4
43679	218289600	22.6
43679	220968000	24.6
43679	223646400	26.2
43679	226065600	21
43679	228744000	15
43679	231336000	13
43679	234014400	9.5
43679	236606400	8.3
43679	239284800	13
43679	241963200	13.1
43679	244555200	19
43679	247233600	21.1
43679	249825600	24
43679	252504000	24.3
43679	255182400	25
43679	257601600	22.4
43679	260280000	16.7
43679	262872000	14.2
43679	265550400	9.7
43679	268142400	8.9
43679	270820800	9.7
43679	273499200	12.8
43679	276091200	16.4
43679	278769600	20.1
43679	281361600	21.9
43679	284040000	28.6
43679	286718400	26.1
43679	289137600	22.8
43679	291816000	16.1
43679	294408000	12.3
43679	297086400	11.3
43679	299678400	9
43679	302356800	11
43679	305035200	13.7
43679	307627200	17
43679	310305600	22
43679	312897600	24.3
43679	315576000	23.7
43679	318254400	24.7
43679	320760000	21.6
43679	323438400	18.1
43679	326030400	14.1
43679	328708800	10.1
43679	331300800	9.3
43679	333979200	11.5
43679	336657600	15.1
43679	339249600	18.6
43679	341928000	22.3
43679	344520000	25
43679	347198400	29.5
43679	349876800	27.7
43679	352296000	20.6
43679	354974400	18.2
43679	357566400	13.7
43679	360244800	9.9
43679	362836800	9
43679	365515200	10
43679	368193600	15
43679	370785600	17.4
43679	373464000	19.9
43679	376056000	23.3
43679	378734400	26.9
43679	381412800	26
43679	383832000	22.1
43679	386510400	16.7
43679	389102400	13.3
43679	391780800	8.1
43679	394372800	7.9
43679	397051200	13.9
43679	399729600	13.3
43679	402321600	17
43679	4.05e+08	23.6
43679	407592000	24.2
43679	410270400	23.9
43679	412948800	27
43679	415368000	23.6
43679	418046400	14.9
43679	420638400	13.5
43679	423316800	9
43679	425908800	8.4
43679	428587200	10.9
43679	431265600	13.4
43679	433857600	17.1
43679	436536000	20
43679	439128000	24
43679	441806400	22.4
43679	444484800	23.8
43679	446990400	19.4
43680	-1459598400	19.8
43680	-1456920000	21.9
43680	-1454328000	29
43680	-1451649600	26.2
43680	-1448971200	26.4
43680	-1446465600	24.8
43680	-1443787200	16.3
43680	-1441195200	14.6
43680	-1438516800	11
43680	-1435924800	11.5
43680	-1433246400	14.3
43680	-1430568000	17.6
43680	-1427976000	20.1
43680	-1425297600	23.3
43680	-1422705600	25.5
43680	-1420027200	26.1
43680	-1417348800	27.3
43680	-1414929600	24.3
43681	470750400	22.8
43681	473428800	23.8
43681	476107200	24.3
43681	478526400	23.4
43681	481204800	17.8
43681	483796800	13.6
43681	486475200	11.3
43681	489067200	10.8
43681	491745600	12.1
43681	494424000	13.2
43681	497016000	18
43681	499694400	20.4
43681	502286400	21.3
43681	504964800	22.7
43681	507643200	23.1
43681	510062400	23.3
43681	512740800	17.3
43681	515332800	14.4
43681	518011200	10.9
43681	520603200	10.3
43681	523281600	11.5
43681	525960000	14.3
43681	528552000	15.9
43681	531230400	20
43681	533822400	21.3
43681	536500800	22.5
43681	539179200	24.1
43681	541598400	19.6
43681	544276800	18.4
43681	546868800	14.3
43681	549547200	11.9
43681	552139200	10.7
43681	554817600	11.9
43681	557496000	15
43681	560088000	16.8
43681	562766400	21.3
43681	565358400	22.9
43681	568036800	25.5
43681	570715200	22.8
43681	573220800	22.6
43681	575899200	18.3
43681	578491200	15.7
43681	581169600	12.3
43681	583761600	11.7
43681	586440000	12.7
43681	589118400	16
43681	591710400	18.9
43681	594388800	19.4
43681	596980800	23.9
43681	599659200	23.9
43681	602337600	24.4
43681	604756800	22.5
43681	607435200	18.1
43681	610027200	14.5
43681	612705600	9.7
43681	615297600	9.9
43681	617976000	10.5
43681	620654400	14.9
43681	623246400	17
43681	625924800	22
43681	628516800	23.9
43681	631195200	25
43681	633873600	23.1
43681	636292800	23.3
43681	638971200	17.8
43681	641563200	14.7
43681	644241600	11.3
43681	646833600	11.7
43681	649512000	11.3
43681	652190400	15.6
43681	654782400	19
43681	657460800	22.6
43681	660052800	23.8
43681	662731200	25.2
43681	665409600	24.6
43681	667828800	21
43681	670507200	17.5
43681	673099200	13.4
43681	675777600	13.7
43681	678369600	10.9
43681	681048000	11.7
43681	683726400	15
43681	686318400	19.5
43681	688996800	20.5
43681	691588800	22.2
43681	694267200	21.9
43681	696945600	24.6
43681	699451200	22.8
43681	702129600	18.4
43681	704721600	13.3
43681	707400000	11.4
43681	709992000	11.5
43682	168177600	16.4
43682	170856000	11.3
43682	173448000	12.9
43682	176126400	11.2
43682	178804800	15.7
43682	181396800	16.2
43682	184075200	22.5
43682	186667200	24.5
43682	189345600	22.6
43682	192024000	24.7
43682	194529600	22.7
43682	197208000	17.6
43682	199800000	13.4
43682	202478400	11.4
43682	205070400	10.5
43682	207748800	12.1
43682	210427200	14.3
43682	213019200	15.8
43682	215697600	20.4
43682	218289600	24.6
43682	220968000	26.3
43682	223646400	26.5
43682	226065600	22
43682	228744000	17.1
43682	231336000	14.1
43682	234014400	11
43682	236606400	10.5
43682	239284800	15.2
43682	241963200	14.3
43682	244555200	20.7
43682	247233600	21.7
43682	249825600	25.4
43682	252504000	25.3
43682	255182400	26.1
43682	257601600	22.1
43682	260280000	18.4
43682	262872000	15.1
43682	265550400	10.4
43682	268142400	10.1
43682	270820800	10.6
43682	273499200	13.4
43682	276091200	17.7
43683	-1801396800	22.8
43683	-1798718400	22.9
43684	-1585828800	20.2
43684	-1583150400	24.9
43684	-1580558400	26.6
43684	-1577880000	26.1
43684	-1575201600	27
43684	-1572696000	23.3
43684	-1570017600	18.3
43684	-1567425600	12.2
43684	-1564747200	11.4
43684	-1562155200	9.9
43684	-1559476800	11
43684	-1556798400	14.3
43684	-1554206400	19.2
43684	-1551528000	21
43684	-1548936000	23.3
43684	-1546257600	27
43684	-1543579200	26.8
43684	-1541160000	21.7
43684	-1538481600	17.7
43684	-1535889600	15.8
43684	-1533211200	11.2
43684	-1530619200	10.1
43684	-1527940800	10.8
43684	-1525262400	15.4
43684	-1522670400	18.7
43684	-1519992000	24.1
43684	-1517400000	23.9
43684	-1514721600	23.8
43684	-1512043200	25.7
43684	-1509624000	21.4
43684	-1506945600	19.8
43684	-1504353600	14.4
43684	-1501675200	9.7
43684	-1499083200	9.9
43684	-1496404800	11.7
43684	-1493726400	14.5
43685	-2661249600	16.8
43685	-2658657600	23
43685	-2655979200	24.5
43685	-2653387200	28
43685	-2650708800	29.4
43685	-2648030400	26.9
43685	-2645611200	25.6
43685	-2642932800	21.2
43685	-2640340800	15.7
43686	-1267531200	19.9
43686	-1264939200	20.1
43686	-1262260800	24.2
43686	-1259582400	27
43686	-1257163200	21.8
43686	-1254484800	16.2
43686	-1251892800	11.7
43686	-1249214400	8.3
43686	-1246622400	10.4
43686	-1243944000	9.8
43687	-347112000	27.8
43687	-344433600	26.1
43688	454939200	10.6
43688	457531200	8.9
43688	460209600	11.2
43688	462888000	11.9
43688	465480000	16.6
43688	468158400	21
43688	470750400	22.4
43688	473428800	24.4
43688	476107200	24.9
43688	478526400	23.8
43688	481204800	17.7
43688	483796800	14
43688	486475200	9.7
43688	489067200	9.4
43688	491745600	10.8
43688	494424000	12.5
43688	497016000	17.4
43688	499694400	20.9
43688	502286400	21.3
43688	504964800	22.7
43688	507643200	23.8
43688	510062400	24.5
43688	512740800	18
43688	515332800	13.9
43688	518011200	9.9
43688	520603200	9.3
43688	523281600	11.3
43688	525960000	13.1
43688	528552000	14.9
43688	531230400	19.5
43688	533822400	20.6
43688	536500800	23.1
43688	539179200	24.5
43688	541598400	19.5
43688	544276800	18.8
43688	546868800	13.5
43688	549547200	11.3
43688	552139200	9.8
43688	554817600	11.3
43688	557496000	14
43688	560088000	16.7
43688	562766400	21.2
43688	565358400	23.5
43688	568036800	26.7
43688	570715200	23.8
43688	573220800	22.7
43688	575899200	19.4
43688	578491200	14.9
43688	581169600	11
43688	583761600	10.1
43688	586440000	11.1
43688	589118400	14.7
43688	591710400	17.9
43688	594388800	19.2
43688	596980800	23.7
43688	599659200	22.8
43688	602337600	24.4
43688	604756800	22.6
43688	607435200	17.8
43688	610027200	14.3
43688	612705600	9.2
43688	615297600	8.9
43688	617976000	9.3
43688	620654400	13.6
43688	623246400	16.2
43688	625924800	21.8
43688	628516800	23
43688	631195200	24.8
43688	633873600	23.7
43688	636292800	23.3
43688	638971200	18.3
43688	641563200	13.3
43688	644241600	9.6
43688	646833600	10
43688	649512000	10.2
43688	652190400	13.5
43688	654782400	17.3
43688	657460800	21.7
43688	660052800	24.5
43688	662731200	25.9
43688	665409600	25.4
43688	667828800	21.5
43688	670507200	16.3
43688	673099200	13.4
43688	675777600	13
43688	678369600	9.6
43688	681048000	10.2
43688	683726400	13.7
43688	686318400	19.1
43688	688996800	19.7
43688	691588800	21.9
43688	694267200	22.3
43688	696945600	23.6
43688	699451200	23.6
43688	702129600	18
43688	704721600	13.2
43688	707400000	10.3
43688	709992000	9.9
43688	712670400	10
43688	715348800	11.9
43688	717940800	16.8
43688	720619200	17.6
43688	723211200	22.2
43688	725889600	24.3
43688	728568000	23.9
43688	730987200	21.1
43688	733665600	18.8
43688	736257600	13.6
43688	738936000	9.9
43688	741528000	10.6
43688	744206400	11.9
43688	746884800	13.8
43688	749476800	15.3
43688	752155200	19.6
43688	754747200	21.4
43688	757425600	23.8
43688	760104000	25.2
43688	762523200	19.4
43688	765201600	17.2
43688	767793600	13.8
43688	770472000	11.8
43688	773064000	10.2
43688	775742400	10
43688	778420800	12.8
43688	781012800	17.1
43688	783691200	20.9
43688	786283200	25.4
43688	788961600	25.2
43688	791640000	24
43688	794059200	19.9
43688	796737600	14.5
43688	799329600	13.3
43688	802008000	10.8
43688	804600000	8.8
43688	807278400	11.8
43688	809956800	13.3
43689	-1399032000	14.5
43689	-1396440000	22
43689	-1393761600	22.8
43690	715348800	12.4
43690	717940800	17.7
43690	720619200	18
43690	723211200	22.2
43690	725889600	24.6
43690	728568000	24.2
43690	730987200	21.9
43690	733665600	18.8
43690	736257600	14.6
43690	738936000	11.3
43690	741528000	11.6
43690	744206400	13.4
43690	746884800	14.6
43690	749476800	17.1
43690	752155200	20.8
43690	754747200	21.7
43690	757425600	23
43690	760104000	23.5
43690	762523200	21
43690	765201600	17.8
43690	767793600	14.2
43690	770472000	11.9
43690	773064000	10.9
43690	775742400	11.2
43690	778420800	14.1
43690	781012800	18.3
43690	783691200	20
43690	786283200	25
43690	788961600	25.5
43690	791640000	24.7
43690	794059200	20.1
43690	796737600	15.7
43690	799329600	13.5
43690	802008000	11.5
43690	804600000	10.3
43690	807278400	13.2
43690	809956800	14.6
43690	812548800	17.1
43690	815227200	20.9
43690	817819200	21.6
43690	820497600	23.1
43690	823176000	23.2
43690	825681600	21.7
43690	828360000	16
43690	830952000	13.8
43690	833630400	12.4
43690	836222400	11.1
43690	838900800	12
43690	841579200	14.4
43690	844171200	17.9
43690	846849600	19.3
43690	849441600	22.1
43690	852120000	25.4
43690	854798400	27.7
43690	857217600	19.4
43690	859896000	17.8
43690	862488000	14
43690	865166400	11.3
43690	867758400	9.6
43690	870436800	11.1
43690	873115200	14.5
43690	875707200	18.2
43690	878385600	22
43690	880977600	23.4
43690	883656000	24.5
43690	886334400	23.6
43690	888753600	21.6
43690	891432000	15.9
43690	894024000	14.3
43690	896702400	11.2
43690	899294400	9.7
43690	901972800	12.9
43690	904651200	16.2
43690	907243200	17.3
43690	909921600	20
43690	912513600	23.5
43690	915192000	27.2
43690	917870400	25.2
43690	920289600	21.4
43690	922968000	16
43690	925560000	15
43690	928238400	11
43690	930830400	12
43690	933508800	12.4
43690	936187200	16.6
43690	938779200	19.3
43690	941457600	18.8
43690	944049600	22.1
43690	946728000	24.3
43690	949406400	27.1
43690	951912000	22
43690	954590400	18.4
43690	957182400	13.3
43690	959860800	11.2
43690	962452800	11.4
43690	965131200	11.9
43690	967809600	16.2
43690	970401600	17
43690	973080000	23.5
43690	975672000	24.2
43690	978350400	28.7
43690	981028800	26.5
43690	983448000	20.6
43690	986126400	16.9
43690	988718400	14.1
43690	991396800	12.1
43690	993988800	10.8
43690	996667200	13
43690	999345600	16.5
43690	1001937600	15.5
43690	1004616000	19.1
43690	1007208000	20.7
43690	1009886400	23.7
43690	1012564800	22.5
43690	1014984000	21.3
43690	1017662400	19.4
43690	1020254400	15.3
43690	1022932800	11.9
43691	281361600	22.9
43691	284040000	29.9
43691	286718400	26.2
43692	-1485864000	24.9
43692	-1483185600	25.9
43692	-1480507200	27.4
43692	-1478088000	24.4
43692	-1475409600	21.9
43692	-1472817600	15.8
43692	-1470139200	11.5
43692	-1467547200	9.9
43692	-1464868800	9.7
43692	-1462190400	13.3
43692	-1459598400	16.5
43693	-2621851200	28.1
43693	-2619172800	30.3
43694	-1230724800	22.9
43694	-1228046400	24.5
43694	-1225627200	21.1
43694	-1222948800	15
43694	-1220356800	12.3
43694	-1217678400	9.5
43694	-1215086400	8.9
43694	-1212408000	10.5
43694	-1209729600	13.5
43694	-1207137600	15.9
43694	-1204459200	19.6
43694	-1201867200	24.3
43694	-1199188800	27.5
43694	-1196510400	21.5
43694	-1194004800	20.9
43694	-1191326400	15.9
43694	-1188734400	13.6
43694	-1186056000	9.2
43694	-1183464000	8.9
43694	-1180785600	11.3
43694	-1178107200	14.6
43694	-1175515200	15.1
43694	-1172836800	21.2
43694	-1170244800	21.9
43694	-1167566400	23.1
43694	-1164888000	23.5
43694	-1162468800	21.2
43694	-1159790400	17.2
43694	-1157198400	12.6
43694	-1154520000	11.1
43694	-1151928000	9.9
43694	-1149249600	9.8
43694	-1146571200	13.4
43694	-1143979200	18
43694	-1141300800	21.4
43694	-1138708800	22.4
43694	-1136030400	25.3
43694	-1133352000	24.1
43694	-1130932800	24.6
43694	-1128254400	17.1
43694	-1125662400	13.6
43694	-1122984000	9.5
43694	-1120392000	9.6
43694	-1117713600	11.2
43694	-1115035200	14.9
43694	-1112443200	16
43694	-1109764800	20.1
43694	-1107172800	22.5
43694	-1104494400	23.3
43694	-1101816000	22.7
43694	-1099396800	20.8
43694	-1096718400	16
43694	-1094126400	11.5
43694	-1091448000	9.1
43694	-1088856000	9.2
43694	-1086177600	12.4
43694	-1083499200	14.2
43694	-1080907200	17.2
43694	-1078228800	19.9
43694	-1075636800	22.6
43694	-1072958400	24.5
43694	-1070280000	24.4
43694	-1067774400	22.8
43694	-1065096000	15.9
43694	-1062504000	13.3
43694	-1059825600	9.5
43694	-1057233600	9.2
43694	-1054555200	11.4
43694	-1051876800	12.1
43694	-1049284800	16.5
43694	-1046606400	19.7
43694	-1044014400	23.2
43694	-1041336000	22.8
43694	-1038657600	24.4
43694	-1036238400	22.4
43694	-1033560000	15.3
43694	-1030968000	12.5
43694	-1028289600	9.1
43694	-1025697600	8.4
43694	-1023019200	12.7
43694	-1020340800	14.8
43694	-1017748800	19
43694	-1015070400	23.2
43694	-1012478400	23.6
43694	-1009800000	24.8
43694	-1007121600	23.5
43694	-1004702400	23.5
43694	-1002024000	18.9
43694	-999432000	15.7
43694	-996753600	10.2
43694	-994161600	9.5
43694	-991483200	10.8
43694	-988804800	14.6
43694	-986212800	18.9
43694	-983534400	22.3
43694	-980942400	23.2
43694	-978264000	26.3
43694	-975585600	26.5
43694	-973166400	21.3
43694	-970488000	17.5
43694	-967896000	14.3
43694	-965217600	10.2
43694	-962625600	8.2
43694	-959947200	10.5
43694	-957268800	13.4
43694	-954676800	16.6
43694	-951998400	18.9
43694	-949406400	21.9
43694	-946728000	25.1
43694	-944049600	22.5
43694	-941544000	24.4
43694	-938865600	16.3
43694	-936273600	12.9
43694	-933595200	9
43694	-931003200	10.2
43694	-928324800	11.1
43694	-925646400	14.6
43694	-923054400	19.8
43694	-920376000	19.5
43694	-917784000	25.6
43694	-915105600	24.2
43694	-912427200	23.5
43694	-910008000	20.4
43694	-907329600	19.6
43694	-904737600	12.6
43694	-902059200	10.5
43694	-899467200	10
43694	-896788800	10.6
43694	-894110400	13.6
43694	-891518400	15.6
43694	-888840000	21.9
43694	-886248000	24.3
43694	-883569600	25
43694	-880891200	24.5
43694	-878472000	21.3
43694	-875793600	16.9
43694	-873201600	13.5
43694	-870523200	10.6
43694	-867931200	9.5
43694	-865252800	11.3
43694	-862574400	14.3
43694	-859982400	17.8
43694	-857304000	21
43694	-854712000	25.8
43694	-852033600	25.6
43694	-849355200	24.7
43694	-846936000	23.2
43694	-844257600	15.1
43694	-841665600	11.8
43694	-838987200	9
43694	-836395200	8.8
43694	-833716800	9.4
43694	-831038400	13.3
43694	-828446400	17.2
43694	-825768000	19.6
43694	-823176000	23.3
43694	-820497600	25.5
43694	-817819200	22.5
43694	-815313600	21.5
43694	-812635200	14.2
43694	-810043200	11.3
43694	-807364800	8.8
43694	-804772800	8.7
43694	-802094400	10.7
43694	-799416000	16
43694	-796824000	17.2
43694	-794145600	22
43694	-791553600	22.2
43694	-788875200	24.6
43694	-786196800	21.8
43694	-783777600	19.5
43694	-781099200	16.2
43694	-778507200	12.6
43694	-775828800	11.9
43694	-773236800	8.6
43694	-770558400	11.7
43694	-767880000	13.8
43694	-765288000	16.8
43694	-762609600	20.5
43694	-760017600	25.3
43694	-757339200	25
43694	-754660800	22.2
43694	-752241600	18.9
43694	-749563200	14.8
43694	-746971200	14.3
43694	-744292800	9.1
43694	-741700800	10.5
43694	-739022400	10.2
43694	-736344000	13.8
43694	-733752000	15.6
43694	-731073600	20.7
43694	-728481600	23.2
43694	-725803200	25.2
43694	-723124800	25.8
43694	-720705600	22.1
43694	-718027200	17.6
43694	-715435200	14.7
43694	-712756800	10.6
43694	-710164800	9.2
43694	-707486400	10.3
43694	-704808000	13.8
43694	-702216000	16.3
43694	-699537600	19.2
43694	-696945600	22.5
43694	-694267200	24
43694	-691588800	25.5
43694	-689083200	20
43694	-686404800	17.5
43694	-683812800	12.3
43694	-681134400	9.8
43694	-678542400	9
43694	-675864000	11.6
43695	-339336000	18.5
43695	-336744000	12.1
43695	-334065600	10.6
43695	-331473600	9.1
43695	-328795200	13.5
43695	-326116800	14.9
43695	-323524800	17.7
43695	-320846400	25.4
43695	-318254400	22.4
43695	-315576000	27.6
43695	-312897600	24
43695	-310392000	24
43695	-307713600	18.3
43695	-305121600	11.4
43695	-302443200	8.9
43695	-299851200	10.4
43695	-297172800	10.5
43695	-294494400	14.5
43695	-291902400	18.9
43695	-289224000	19.4
43695	-286632000	25.2
43695	-283953600	25
43695	-281275200	26.1
43695	-278856000	23.2
43695	-276177600	19.3
43695	-273585600	11.6
43695	-270907200	10
43695	-268315200	8.8
43695	-265636800	10.8
43695	-262958400	16.5
43695	-260366400	23.4
43696	815227200	20.3
43696	817819200	20.8
43696	820497600	24.5
43696	823176000	22.4
43696	825681600	21.4
43696	828360000	15.3
43696	830952000	13.2
43696	833630400	11.3
43697	-1380715200	21.9
43697	-1378123200	12.8
43697	-1375444800	10.5
43697	-1372852800	12
43697	-1370174400	13
43697	-1367496000	17.7
43697	-1364904000	20.9
43697	-1362225600	24.8
43697	-1359633600	26
43697	-1356955200	29.7
43697	-1354276800	27.6
43697	-1351857600	24.6
43697	-1349179200	18.1
43697	-1346587200	13.3
43697	-1343908800	10.5
43697	-1341316800	9.7
43697	-1338638400	12.2
43697	-1335960000	16.8
43697	-1333368000	21.3
43697	-1330689600	25.7
43697	-1328097600	25.2
43697	-1325419200	27.8
43697	-1322740800	26.6
43697	-1320235200	25.3
43697	-1317556800	20.8
43697	-1314964800	14.5
43697	-1312286400	10.8
43697	-1309694400	10.7
43697	-1307016000	15.6
43697	-1304337600	18.7
43697	-1301745600	20
43697	-1299067200	25.3
43697	-1296475200	28.8
43697	-1293796800	30.2
43697	-1291118400	29.8
43697	-1288699200	24
43697	-1286020800	18.1
43697	-1283428800	14.4
43697	-1280750400	11.1
43697	-1278158400	8.8
43697	-1275480000	12.3
43697	-1272801600	16.1
43697	-1270209600	19.9
43697	-1267531200	23.1
43697	-1264939200	25.5
43697	-1262260800	27.5
43697	-1259582400	29.4
43697	-1257163200	25.7
43697	-1254484800	19.2
43697	-1251892800	15.3
43697	-1249214400	11.3
43697	-1246622400	11.8
43697	-1243944000	13.1
43697	-1241265600	16
43697	-1238673600	21.3
43697	-1235995200	24
43697	-1233403200	26.7
43697	-1230724800	27.7
43697	-1228046400	27.7
43697	-1225627200	23.8
43697	-1222948800	17.8
43697	-1220356800	14.6
43697	-1217678400	11.1
43697	-1215086400	9.5
43697	-1212408000	12.3
43697	-1209729600	16.1
43697	-1207137600	19.4
43697	-1204459200	23.7
43697	-1201867200	27
43697	-1199188800	32.8
43697	-1196510400	25.8
43697	-1194004800	23.8
43697	-1191326400	18.6
43697	-1188734400	16.1
43697	-1186056000	10.7
43697	-1183464000	10.1
43697	-1180785600	13.7
43697	-1178107200	16.3
43697	-1175515200	18.1
43697	-1172836800	24.1
43697	-1170244800	27.2
43697	-1167566400	27.3
43697	-1164888000	27.4
43697	-1162468800	25.8
43697	-1159790400	20.1
43697	-1157198400	15.3
43697	-1154520000	13.7
43697	-1151928000	11.8
43697	-1149249600	11.5
43697	-1146571200	16.2
43697	-1143979200	21.6
43697	-1141300800	24.1
43697	-1138708800	25.2
43697	-1136030400	28.7
43697	-1133352000	27.8
43697	-1130932800	28.1
43697	-1128254400	19.4
43697	-1125662400	15.4
43697	-1122984000	11.8
43697	-1120392000	10.9
43697	-1117713600	12.8
43697	-1115035200	18.1
43697	-1112443200	19.3
43697	-1109764800	24
43697	-1107172800	26.4
43697	-1104494400	28.6
43697	-1101816000	27.4
43697	-1099396800	25.2
43697	-1096718400	18.7
43697	-1094126400	13.4
43697	-1091448000	10.5
43697	-1088856000	10.9
43697	-1086177600	13.6
43697	-1083499200	16
43697	-1080907200	21
43697	-1078228800	24.4
43697	-1075636800	27.2
43697	-1072958400	29.1
43697	-1070280000	28.2
43697	-1067774400	23.9
43697	-1065096000	18.6
43697	-1062504000	15
43697	-1059825600	9.3
43697	-1057233600	11.1
43697	-1054555200	13.8
43697	-1051876800	14.8
43697	-1049284800	20.4
43697	-1046606400	24.2
43697	-1044014400	26.1
43697	-1041336000	26.3
43697	-1038657600	26.9
43697	-1036238400	24.3
43697	-1033560000	17.9
43697	-1030968000	14.8
43697	-1028289600	10.7
43697	-1025697600	10.3
43697	-1023019200	14.3
43697	-1020340800	17.9
43697	-1017748800	22.2
43697	-1015070400	25.6
43697	-1012478400	27.7
43697	-1009800000	28.2
43697	-1007121600	27.6
43697	-1004702400	26.4
43697	-1002024000	20.7
43697	-999432000	16.9
43697	-996753600	11.5
43697	-994161600	10.4
43697	-991483200	11.2
43697	-988804800	16.1
43698	502286400	22.6
43698	504964800	24.3
43698	507643200	24.8
43698	510062400	25.1
43698	512740800	18.4
43698	515332800	14.5
43698	518011200	10.6
43698	520603200	9.8
43698	523281600	11.6
43698	525960000	15
43698	528552000	16
43698	531230400	21.1
43698	533822400	22.6
43698	536500800	24.1
43698	539179200	24.3
43698	541598400	19.6
43698	544276800	18.9
43698	546868800	14
43698	549547200	11.4
43698	552139200	10.3
43698	554817600	11.2
43698	557496000	15.3
43698	560088000	17.4
43698	562766400	22
43698	565358400	24.1
43698	568036800	27.2
43698	570715200	23.9
43698	573220800	22.6
43698	575899200	18.2
43698	578491200	15
43698	581169600	11.7
43698	583761600	10.8
43698	586440000	12.4
43698	589118400	16.6
43698	591710400	21.1
43698	594388800	20.5
43698	596980800	25
43698	599659200	24.2
43698	602337600	25.4
43698	604756800	21.6
43698	607435200	17.5
43698	610027200	13.9
43698	612705600	9.2
43698	615297600	9.6
43698	617976000	10
43698	620654400	15.1
43698	623246400	17.9
43698	625924800	21.9
43698	628516800	25.2
43698	631195200	26.3
43698	633873600	23.3
43698	636292800	23.6
43698	638971200	17.6
43698	641563200	14.4
43698	644241600	10.6
43698	646833600	11.1
43698	649512000	11.1
43698	652190400	15.4
43698	654782400	19.1
43698	657460800	23.5
43698	660052800	26.3
43698	662731200	27.3
43698	665409600	26.9
43698	667828800	22.4
43698	670507200	18.1
43698	673099200	13.1
43698	675777600	13.8
43698	678369600	10.9
43698	681048000	12.1
43698	683726400	16.1
43698	686318400	20
43698	688996800	21.1
43698	691588800	23.2
43698	694267200	22.9
43698	696945600	24.7
43698	699451200	23.7
43698	702129600	18.7
43698	704721600	13.7
43698	707400000	11
43698	709992000	11.6
43698	712670400	11.1
43698	715348800	13
43698	717940800	18.3
43698	720619200	18.4
43698	723211200	22.5
43698	725889600	24.8
43698	728568000	24.6
43698	730987200	22.2
43698	733665600	20.3
43698	736257600	15
43698	738936000	10.3
43698	741528000	11.4
43698	744206400	13.7
43698	746884800	14.5
43698	749476800	16.9
43698	752155200	22.5
43698	754747200	22
43698	757425600	24.7
43698	760104000	24.8
43698	762523200	20.8
43698	765201600	18.4
43698	767793600	15
43698	770472000	12.5
43698	773064000	11.7
43698	775742400	11.4
43698	778420800	14.5
43698	781012800	18.9
43698	783691200	21.7
43698	786283200	26.7
43698	788961600	26
43698	791640000	25.3
43698	794059200	20.6
43698	796737600	16.2
43698	799329600	13.4
43698	802008000	11.9
43698	804600000	9.9
43698	807278400	14.6
43698	809956800	15.4
43698	812548800	17.6
43698	815227200	21.9
43698	817819200	23.1
43698	820497600	25.1
43698	823176000	23.4
43698	825681600	22.8
43698	828360000	16.2
43698	830952000	14
43698	833630400	12.6
43698	836222400	10.6
43698	838900800	12.2
43698	841579200	15.6
43698	844171200	18.4
43698	846849600	20
43698	849441600	24.1
43698	852120000	25.5
43698	854798400	28.7
43698	857217600	19.8
43698	859896000	18.2
43698	862488000	13.8
43698	865166400	11.2
43698	867758400	9.5
43698	870436800	11.7
43698	873115200	15
43698	875707200	19.5
43698	878385600	24.3
43698	880977600	26
43698	883656000	25.2
43698	886334400	25.3
43698	888753600	23
43698	891432000	17.3
43698	894024000	14.6
43698	896702400	11.6
43698	899294400	9.5
43698	901972800	13.4
43698	904651200	16.4
43698	907243200	18.7
43698	909921600	21.6
43698	912513600	25.1
43698	915192000	29.2
43698	917870400	25.3
43698	920289600	23
43698	922968000	16.7
43698	925560000	16.1
43698	928238400	11.7
43698	930830400	11.8
43698	933508800	13.3
43698	936187200	17.8
43698	938779200	19.3
43698	941457600	19.4
43698	944049600	22.4
43698	946728000	24.8
43698	949406400	28
43698	951912000	23.5
43698	954590400	18.5
43698	957182400	12.8
43698	959860800	10.8
43698	962452800	11.4
43698	965131200	12
43698	967809600	17.9
43698	970401600	18.2
43698	973080000	23.6
43698	975672000	26
43698	978350400	30.8
43698	981028800	28.1
43698	983448000	21.7
43698	986126400	18.4
43698	988718400	14.3
43698	991396800	12.3
43698	993988800	11
43698	996667200	12.7
43698	999345600	17.2
43698	1001937600	16.5
43698	1004616000	20.7
43698	1007208000	23
43698	1009886400	25.5
43698	1012564800	23.8
43698	1014984000	22.4
43698	1017662400	21.3
43698	1020254400	15.8
43698	1022932800	12.5
43698	1025524800	12.9
43698	1028203200	12.7
43698	1030881600	16.6
43698	1033473600	19.1
43698	1036152000	24.3
43698	1038744000	25.5
43698	1041422400	27.7
43698	1044100800	26.5
43698	1046520000	20.5
43698	1049198400	19.4
43698	1051790400	14.7
43698	1054468800	12
43698	1057060800	11.1
43698	1059739200	11.4
43698	1062417600	16.2
43698	1065009600	16.4
43698	1067688000	23.7
43698	1070280000	26.5
43698	1072958400	25.2
43698	1075636800	28.5
43698	1078142400	23
43698	1080820800	19.6
43698	1083412800	13.6
43698	1086091200	12
43698	1088683200	11
43698	1091361600	13.2
43698	1094040000	15.3
43698	1096632000	20.6
43698	1099310400	22.2
43698	1101902400	23.8
43698	1104580800	26.2
43698	1107259200	23.8
43698	1109678400	22.3
43698	1112356800	22.2
43698	1114948800	16
43698	1117627200	12.5
43698	1120219200	11.6
43698	1122897600	13.1
43698	1125576000	14.9
43698	1128168000	19.7
43698	1130846400	22.4
43698	1133438400	26.1
43698	1136116800	29.9
43698	1138795200	25.2
43698	1141214400	23.5
43698	1143892800	16.6
43698	1146484800	12.4
43698	1149163200	9.4
43698	1151755200	10.1
43698	1154433600	13.6
43698	1157112000	17.1
43698	1159704000	19.7
43698	1162382400	23.7
43698	1164974400	24.6
43698	1167652800	25.7
43698	1170331200	27.2
43698	1172750400	23.3
43698	1175428800	19.5
43698	1178020800	16.1
43698	1180699200	8.6
43698	1183291200	11.1
43698	1185969600	14
43698	1188648000	16.7
43698	1191240000	19.7
43698	1193918400	23.6
43698	1196510400	25.5
43698	1199188800	27.5
43698	1201867200	23.5
43698	1204372800	24.9
43698	1207051200	17.5
43698	1209643200	14.9
43698	1212321600	12
43698	1214913600	10.4
43698	1217592000	10.6
43698	1220270400	16
43698	1222862400	20.1
43698	1225540800	21.1
43698	1228132800	23.4
43698	1230811200	27.8
43698	1233489600	26.3
43698	1235908800	22.8
43698	1238587200	18.2
43698	1241179200	13.5
43698	1243857600	12.2
43698	1246449600	11.4
43698	1249128000	14.5
43698	1251806400	16.6
43698	1254398400	18.6
43698	1257076800	26
43698	1259668800	25
43698	1262347200	27.6
43698	1265025600	25.4
43698	1267444800	22.1
43698	1270123200	19.7
43698	1272715200	14.6
43698	1275393600	11.2
43698	1277985600	10.1
43698	1280664000	10.8
43698	1283342400	13.9
43698	1285934400	17.4
43698	1288612800	20.2
43698	1291204800	23.2
43698	1293883200	27.1
43698	1296561600	25.2
43699	-1454328000	25.3
43699	-1451649600	24.8
43699	-1448971200	22.3
43699	-1446465600	22.8
43699	-1443787200	15.4
43699	-1441195200	12.6
43699	-1438516800	9.2
43699	-1435924800	10.2
43699	-1433246400	12
43699	-1430568000	14.3
43699	-1427976000	18.6
43699	-1425297600	21.2
43699	-1422705600	22.8
43699	-1420027200	22.8
43699	-1417348800	23.2
43699	-1414929600	22.1
43699	-1412251200	18
43699	-1409659200	13.5
43699	-1406980800	9.9
43699	-1404388800	8.4
43699	-1401710400	10.3
43699	-1399032000	13.9
43699	-1396440000	19.2
43699	-1393761600	20.8
43699	-1391169600	23.8
43699	-1388491200	22.1
43699	-1385812800	24.6
43699	-1383393600	21.4
43699	-1380715200	16.6
43699	-1378123200	10.7
43699	-1375444800	9.8
43699	-1372852800	10.4
43699	-1370174400	11.9
43699	-1367496000	16.2
43699	-1364904000	18.4
43699	-1362225600	20.8
43699	-1359633600	21.5
43699	-1356955200	24.7
43699	-1354276800	23.3
43699	-1351857600	20.6
43699	-1349179200	16.7
43699	-1346587200	12
43699	-1343908800	8.4
43699	-1341316800	9.4
43699	-1338638400	11.3
43699	-1335960000	14.2
43699	-1333368000	18.3
43699	-1330689600	22.5
43699	-1328097600	22.1
43699	-1325419200	22.9
43699	-1322740800	22.9
43699	-1320235200	22.2
43699	-1317556800	17.5
43699	-1314964800	12.7
43699	-1312286400	9.6
43699	-1309694400	9.6
43699	-1307016000	13.3
43699	-1304337600	16.9
43699	-1301745600	17.7
43699	-1299067200	22.5
43699	-1296475200	25.1
43699	-1293796800	25.3
43699	-1291118400	27.9
43699	-1288699200	21.2
43699	-1286020800	16.4
43699	-1283428800	12.9
43699	-1280750400	10.2
43699	-1278158400	8.2
43699	-1275480000	10.4
43699	-1272801600	13.7
43699	-1270209600	18.4
43699	-1267531200	20.1
43699	-1264939200	22
43699	-1262260800	24.8
43699	-1259582400	27.7
43699	-1257163200	22.9
43699	-1254484800	17.2
43699	-1251892800	13.3
43699	-1249214400	9.6
43699	-1246622400	10.5
43699	-1243944000	11.7
43699	-1241265600	14.4
43699	-1238673600	19.4
43699	-1235995200	21.7
43699	-1233403200	24.4
43699	-1230724800	24
43699	-1228046400	23.5
43699	-1225627200	20.7
43699	-1222948800	15.5
43699	-1220356800	12.9
43699	-1217678400	9.8
43699	-1215086400	9.5
43699	-1212408000	11.3
43699	-1209729600	15.1
43699	-1207137600	17
43699	-1204459200	21.4
43699	-1201867200	26
43699	-1199188800	28.9
43699	-1196510400	22.7
43699	-1194004800	21.9
43699	-1191326400	16.4
43699	-1188734400	13.7
43699	-1186056000	9.3
43699	-1183464000	9.1
43699	-1180785600	12.7
43699	-1178107200	14.4
43699	-1175515200	15.7
43699	-1172836800	21.8
43699	-1170244800	23.8
43699	-1167566400	24.5
43699	-1164888000	24.9
43699	-1162468800	22.1
43699	-1159790400	17.2
43699	-1157198400	13.2
43699	-1154520000	11.3
43699	-1151928000	10.2
43699	-1149249600	10
43699	-1146571200	14
43699	-1143979200	19.4
43699	-1141300800	21.6
43699	-1138708800	22.9
43699	-1136030400	25.9
43699	-1133352000	25.3
43699	-1130932800	25.2
43699	-1128254400	16.9
43699	-1125662400	13.9
43699	-1122984000	10.2
43699	-1120392000	10.4
43699	-1117713600	11.9
43699	-1115035200	15.2
43699	-1112443200	17.8
43699	-1109764800	21.6
43699	-1107172800	23.5
43699	-1104494400	24.8
43699	-1101816000	24
43699	-1099396800	22.4
43699	-1096718400	16.9
43699	-1094126400	12.1
43699	-1091448000	9.8
43699	-1088856000	9.8
43699	-1086177600	12.5
43699	-1083499200	14.4
43699	-1080907200	18.5
43699	-1078228800	21.2
43699	-1075636800	23.6
43699	-1072958400	25.1
43699	-1070280000	24.7
43699	-1067774400	22.2
43699	-1065096000	16.2
43699	-1062504000	13.6
43699	-1059825600	8.5
43699	-1057233600	10.4
43699	-1054555200	13.1
43699	-1051876800	14.1
43699	-1049284800	18.2
43699	-1046606400	21.6
43699	-1044014400	24.1
43699	-1041336000	22.9
43699	-1038657600	24.9
43699	-1036238400	23.3
43699	-1033560000	16.1
43699	-1030968000	13.8
43699	-1028289600	9.7
43699	-1025697600	9.3
43699	-1023019200	13
43699	-1020340800	15.4
43699	-1017748800	19.9
43699	-1015070400	23.6
43699	-1012478400	24.5
43699	-1009800000	25.1
43699	-1007121600	24.6
43699	-1004702400	24.1
43699	-1002024000	19.5
43699	-999432000	15.3
43699	-996753600	9.7
43699	-994161600	9.7
43699	-991483200	11.1
43699	-988804800	15.2
43699	-986212800	19.4
43699	-983534400	24
43699	-980942400	25.8
43699	-978264000	31.8
43699	-975585600	26.4
43699	-973166400	20.8
43699	-970488000	18.4
43699	-967896000	14.6
43699	-965217600	10.6
43699	-962625600	9.1
43699	-959947200	10.9
43699	-957268800	13.9
43699	-954676800	17.7
43699	-951998400	20.3
43699	-949406400	22.6
43699	-946728000	26.1
43699	-944049600	23.9
43699	-941544000	25.2
43699	-938865600	16.4
43699	-936273600	12.3
43699	-933595200	9.4
43699	-931003200	10.1
43699	-928324800	11.4
43699	-925646400	14.8
43699	-923054400	20.1
43699	-920376000	20.2
43699	-917784000	25.9
43699	-915105600	23.6
43699	-912427200	24.2
43699	-910008000	20.3
43699	-907329600	19.5
43699	-904737600	12.8
43699	-902059200	11.3
43699	-899467200	11.1
43699	-896788800	11.3
43699	-894110400	15.4
43699	-891518400	16.7
43699	-888840000	22.8
43699	-886248000	24.7
43699	-883569600	25.8
43699	-880891200	24.6
43699	-878472000	22.5
43699	-875793600	18.5
43699	-873201600	15.2
43699	-870523200	11.2
43699	-867931200	10.1
43699	-865252800	12.4
43699	-862574400	15.2
43699	-859982400	18.7
43699	-857304000	21.8
43699	-854712000	26
43699	-852033600	25.6
43699	-849355200	25.7
43699	-846936000	24.2
43699	-844257600	15.9
43699	-841665600	12.4
43699	-838987200	9.7
43699	-836395200	9.9
43699	-833716800	9.9
43699	-831038400	14.8
43699	-828446400	18.5
43699	-825768000	20
43699	-823176000	23.8
43699	-820497600	24.9
43699	-817819200	24.4
43699	-815313600	22.5
43699	-812635200	15.3
43699	-810043200	12
43699	-807364800	9.2
43699	-804772800	9.2
43699	-802094400	11.6
43699	-799416000	17.1
43699	-796824000	19
43699	-794145600	24.1
43699	-791553600	23.8
43699	-788875200	26.2
43699	-786196800	23.5
43699	-783777600	20.7
43699	-781099200	16.8
43699	-778507200	14.1
43699	-775828800	12.9
43699	-773236800	9.5
43699	-770558400	12.2
43699	-767880000	14.8
43699	-765288000	18.1
43699	-762609600	21.7
43699	-760017600	27
43699	-757339200	26.8
43699	-754660800	24.3
43699	-752241600	19.6
43699	-749563200	15.2
43699	-746971200	14
43699	-744292800	9.1
43699	-741700800	11.9
43699	-739022400	11.9
43699	-736344000	14.7
43699	-733752000	17.4
43699	-731073600	23.1
43699	-728481600	24.3
43699	-725803200	26.6
43699	-723124800	26.8
43699	-720705600	21.9
43699	-718027200	16.8
43699	-715435200	15.4
43699	-712756800	11.5
43699	-710164800	9.7
43699	-707486400	10.8
43699	-704808000	14.8
43699	-702216000	17.5
43699	-699537600	20.1
43699	-696945600	24.5
43699	-694267200	25.2
43699	-691588800	27.1
43700	-2595585600	20.7
43700	-2592907200	22.8
43700	-2590315200	25.3
43700	-2587636800	24.7
43700	-2584958400	24.9
43700	-2582452800	22.2
43700	-2579774400	17.5
43700	-2577182400	13
43700	-2574504000	11.1
43700	-2571912000	8.7
43700	-2569233600	10.5
43700	-2566555200	15.5
43700	-2563963200	18.6
43700	-2561284800	24.5
43700	-2558692800	27.8
43700	-2556014400	27.3
43700	-2553336000	28.3
43700	-2550916800	26.2
43700	-2548238400	19.2
43700	-2545646400	14.4
43700	-2542968000	10.8
43700	-2540376000	8.7
43700	-2537697600	11.3
43700	-2535019200	13.6
43700	-2532427200	19.1
43700	-2529748800	22.2
43700	-2527156800	26.3
43700	-2524478400	28.2
43700	-2521800000	28.3
43700	-2519380800	25.2
43700	-2516702400	19.3
43700	-2514110400	14.7
43700	-2511432000	11.9
43700	-2508840000	8.6
43700	-2506161600	10.2
43700	-2503483200	14.9
43700	-2500891200	18.6
43700	-2498212800	20.2
43700	-2495620800	24
43700	-2492942400	25
43700	-2490264000	26.9
43700	-2487844800	26.2
43700	-2485166400	18
43700	-2482574400	13.7
43700	-2479896000	10.2
43700	-2477304000	8.7
43700	-2474625600	10.5
43700	-2471947200	13.4
43700	-2469355200	17.7
43700	-2466676800	21.2
43700	-2464084800	24.3
43700	-2461406400	24.8
43700	-2458728000	27.8
43700	-2456222400	26.2
43700	-2453544000	15.6
43700	-2450952000	10.8
43700	-2448273600	8.5
43700	-2445681600	7.2
43700	-2443003200	9.8
43700	-2440324800	13.4
43700	-2437732800	18.4
43700	-2435054400	20.7
43700	-2432462400	22.5
43700	-2429784000	24.3
43700	-2427105600	25.7
43700	-2424686400	24.3
43701	-670593600	16.4
43701	-667915200	19.6
43701	-665323200	21.7
43701	-662644800	23.6
43701	-659966400	21.1
43701	-657547200	21.1
43701	-654868800	15.5
43701	-652276800	12.3
43701	-649598400	8.3
43701	-647006400	9.3
43701	-644328000	11.3
43701	-641649600	13.8
43701	-639057600	16.7
43701	-636379200	20.1
43701	-633787200	22
43701	-631108800	23.6
43701	-628430400	22.6
43701	-626011200	20.8
43701	-623332800	17.1
43701	-620740800	14.2
43701	-618062400	10.2
43701	-615470400	10.8
43701	-612792000	11.6
43701	-610113600	15.8
43701	-607521600	17.4
43701	-604843200	21.7
43701	-602251200	24.9
43701	-599572800	27.3
43701	-596894400	25.8
43701	-594475200	23.2
43701	-591796800	14.8
43701	-589204800	12.8
43701	-586526400	11.2
43701	-583934400	8.8
43701	-581256000	9.6
43701	-578577600	15.7
43701	-575985600	16
43701	-573307200	18.3
43701	-570715200	24.2
43701	-568036800	25.6
43701	-565358400	22.9
43701	-562852800	22.3
43701	-560174400	15.5
43701	-557582400	12
43701	-554904000	10.2
43701	-552312000	8.6
43701	-549633600	10.7
43701	-546955200	15
43701	-544363200	16.1
43701	-541684800	18.8
43701	-539092800	23.1
43701	-536414400	25
43701	-533736000	24.1
43701	-531316800	21.7
43701	-528638400	17.7
43701	-526046400	13.3
43701	-523368000	10.2
43701	-520776000	9.4
43701	-518097600	10.4
43701	-515419200	13.5
43701	-512827200	16.8
43701	-510148800	20
43701	-507556800	23.4
43701	-504878400	25.6
43701	-502200000	22.3
43701	-499780800	20.3
43701	-497102400	18.8
43701	-494510400	13.2
43701	-491832000	10
43701	-489240000	9.9
43701	-486561600	11.6
43701	-483883200	14.5
43701	-481291200	17.8
43701	-478612800	20.2
43701	-476020800	23.3
43701	-473342400	25.3
43701	-470664000	25.6
43701	-468244800	22.6
43701	-465566400	17.8
43701	-462974400	11.8
43701	-460296000	10.1
43701	-457704000	9.5
43701	-455025600	11.6
43701	-452347200	14.9
43701	-449755200	18
43701	-447076800	19.2
43701	-444484800	21.3
43701	-441806400	24.2
43701	-439128000	27
43701	-436622400	22.7
43701	-433944000	16.6
43701	-431352000	12.3
43701	-428673600	9
43701	-426081600	9.2
43701	-423403200	9.8
43701	-420724800	12.7
43701	-418132800	14.8
43701	-415454400	18.5
43701	-412862400	21.8
43702	-255096000	25.2
43702	-252417600	25.9
43702	-249739200	24.3
43702	-247320000	22.7
43702	-244641600	17.9
43702	-242049600	12
43702	-239371200	12.2
43702	-236779200	10
43702	-234100800	11.5
43702	-231422400	14.8
43702	-228830400	17.7
43702	-226152000	22.4
43702	-223560000	23.5
43702	-220881600	24.1
43702	-218203200	24.9
43702	-215784000	23.3
43702	-213105600	16.3
43702	-210513600	14.6
43702	-207835200	10.3
43702	-205243200	9.4
43702	-202564800	11.4
43702	-199886400	15.4
43702	-197294400	20
43702	-194616000	21.9
43702	-192024000	26
43702	-189345600	25.1
43702	-186667200	24.8
43702	-184161600	22.8
43702	-181483200	18.6
43702	-178891200	12.6
43702	-176212800	11
43702	-173620800	10.8
43702	-170942400	12.4
43702	-168264000	15
43702	-165672000	16.7
43702	-162993600	22.5
43702	-160401600	21.5
43702	-157723200	24.6
43702	-155044800	27.9
43702	-152625600	23.1
43702	-149947200	15.8
43702	-147355200	14.2
43702	-144676800	10
43702	-142084800	9.6
43702	-139406400	12
43702	-136728000	16.6
43702	-134136000	20.6
43702	-131457600	21.5
43702	-128865600	27.3
43702	-126187200	27.2
43702	-123508800	24.4
43702	-121089600	22.4
43702	-118411200	17.8
43702	-115819200	13.1
43702	-113140800	9.9
43702	-110548800	9
43702	-107870400	10.4
43702	-105192000	14.8
43702	-102600000	18.4
43702	-99921600	22.9
43702	-97329600	24.4
43702	-94651200	26.7
43702	-91972800	27.3
43702	-89553600	21.7
43702	-86875200	19.4
43702	-84283200	14.1
43702	-81604800	12.3
43702	-79012800	10.6
43703	854798400	28.8
43703	857217600	19.8
43703	859896000	17
43704	-983534400	29
43704	-980942400	30.9
43704	-978264000	34.7
43704	-975585600	29.7
43704	-973166400	24
43704	-970488000	19.6
43704	-967896000	16.4
43704	-965217600	11.1
43704	-962625600	9.9
43704	-959947200	11.6
43704	-957268800	16.3
43704	-954676800	20.7
43704	-951998400	22
43704	-949406400	26.1
43704	-946728000	29.9
43704	-944049600	27.5
43704	-941544000	27.3
43704	-938865600	18.6
43704	-936273600	12.9
43704	-933595200	10.6
43704	-931003200	10.7
43704	-928324800	12.6
43704	-925646400	17.2
43704	-923054400	22.2
43704	-920376000	22.9
43704	-917784000	29
43704	-915105600	24.9
43704	-912427200	26.2
43704	-910008000	22.2
43704	-907329600	20.4
43704	-904737600	13.4
43704	-902059200	10.2
43704	-899467200	8.9
43704	-896788800	10.4
43704	-894110400	14.7
43704	-891518400	17.7
43704	-888840000	23.5
43704	-886248000	25.5
43704	-883569600	27
43704	-880891200	23.9
43704	-878472000	22.2
43704	-875793600	18.1
43704	-873201600	12.9
43704	-870523200	9.8
43704	-867931200	9.1
43704	-865252800	12.5
43704	-862574400	14.5
43704	-859982400	17
43704	-857304000	21.9
43704	-854712000	24.6
43704	-852033600	25.3
43704	-849355200	25.2
43704	-846936000	22.9
43704	-844257600	17.9
43704	-841665600	13.7
43704	-838987200	9.5
43704	-836395200	10.4
43704	-833716800	10.6
43704	-831038400	15.9
43704	-828446400	20.7
43704	-825768000	22.1
43704	-823176000	26.3
43704	-820497600	27.9
43704	-817819200	26.5
43704	-815313600	24.4
43704	-812635200	15.9
43704	-810043200	12.6
43704	-807364800	10.3
43704	-804772800	9.9
43704	-802094400	11.7
43704	-799416000	18.3
43704	-796824000	20
43704	-794145600	25.3
43704	-791553600	25.3
43704	-788875200	26.8
43704	-786196800	24
43704	-783777600	20.8
43704	-781099200	17
43704	-778507200	12.9
43704	-775828800	11.6
43705	1301659200	17.5
43705	1304251200	12.6
43705	1306929600	11.3
43705	1309521600	10.7
43705	1312200000	14.4
43705	1314878400	17.1
43705	1317470400	19
43705	1320148800	22.8
43705	1322740800	23.7
43706	-1783080000	9.8
43706	-1780401600	11.9
43706	-1777723200	12.9
43706	-1775131200	17.6
43706	-1772452800	19.3
43706	-1769860800	24.5
43707	-683812800	11.7
43707	-681134400	9.7
43707	-678542400	9.3
43707	-675864000	12.8
43707	-673185600	15.8
43707	-670593600	17.8
43707	-667915200	21.7
43707	-665323200	24
43707	-662644800	25.3
43707	-659966400	23.6
43707	-657547200	22.1
43707	-654868800	16.2
43707	-652276800	12.8
43707	-649598400	9
43707	-647006400	9.9
43707	-644328000	12.4
43707	-641649600	14.4
43707	-639057600	18.1
43707	-636379200	21.3
43707	-633787200	24.6
43707	-631108800	25.7
43707	-628430400	23.7
43707	-626011200	21.2
43707	-623332800	17.6
43707	-620740800	14
43707	-618062400	11
43707	-615470400	10.9
43707	-612792000	12.3
43707	-610113600	16.4
43707	-607521600	18.5
43707	-604843200	22.4
43707	-602251200	25.4
43707	-599572800	27.8
43707	-596894400	26.5
43707	-594475200	24.8
43708	-2419416000	11.9
43708	-2416737600	8.3
43708	-2414145600	7.6
43708	-2411467200	10.1
43708	-2408788800	13.4
43708	-2406196800	20.6
43708	-2403518400	21.4
43708	-2400926400	24.6
43708	-2398248000	26.9
43708	-2395569600	26.2
43708	-2393150400	25.2
43708	-2390472000	18.4
43708	-2387880000	12.3
43708	-2385201600	11.4
43708	-2382609600	8
43708	-2379931200	10.1
43708	-2377252800	12.1
43708	-2374660800	17.2
43708	-2371982400	19.8
43708	-2369390400	24.5
43708	-2366712000	25.1
43708	-2364033600	26.6
43708	-2361614400	25.1
43708	-2358936000	19.4
43708	-2356344000	12.1
43708	-2353665600	10.4
43708	-2351073600	7.9
43708	-2348395200	11.5
43708	-2345716800	14.6
43708	-2343124800	20.7
43708	-2340446400	21.6
43708	-2337854400	24.9
43708	-2335176000	31
43708	-2332497600	27.2
43708	-2329992000	25.6
43708	-2327313600	18.5
43708	-2324721600	12.9
43708	-2322043200	8.6
43708	-2319451200	6.8
43708	-2316772800	8.9
43708	-2314094400	12.8
43708	-2311502400	21
43708	-2308824000	21.7
43708	-2306232000	25.8
43708	-2303553600	24.2
43708	-2300875200	25.6
43708	-2298456000	20.7
43708	-2295777600	19
43708	-2293185600	10.8
43708	-2290507200	9.2
43708	-2287915200	9.1
43708	-2285236800	9.1
43708	-2282558400	13.3
43708	-2279966400	17.2
43708	-2277288000	23.2
43708	-2274696000	25.9
43708	-2272017600	25.9
43708	-2269339200	26.7
43708	-2266920000	22.7
43708	-2264241600	15.8
43708	-2261649600	9.8
43708	-2258971200	9.2
43708	-2256379200	7.2
43708	-2253700800	10.3
43708	-2251022400	14.7
43708	-2248430400	19.4
43708	-2245752000	20.1
43708	-2243160000	24
43708	-2240481600	23.1
43708	-2237803200	28
43708	-2235384000	24.5
43708	-2232705600	19.9
43708	-2230113600	12.2
43708	-2227435200	9.6
43708	-2224843200	7.2
43708	-2222164800	11.3
43708	-2219486400	16.1
43708	-2216894400	17
43708	-2214216000	21.6
43708	-2211624000	26.8
43708	-2208945600	25.5
43708	-2206267200	27.7
43708	-2203848000	22.7
43708	-2201169600	16.7
43708	-2198577600	11.4
43708	-2195899200	10.2
43708	-2193307200	6.6
43709	-157723200	22.4
43709	-155044800	24.4
43709	-152625600	21.6
43709	-149947200	14.7
43709	-147355200	12.8
43709	-144676800	9.2
43709	-142084800	8.4
43709	-139406400	10.8
43710	-68385600	21.9
43710	-65793600	23.5
43710	-63115200	27.5
43710	-60436800	28.1
43710	-57931200	24.6
43710	-55252800	20.3
43710	-52660800	13.2
43710	-49982400	10.2
43710	-47390400	8.2
43710	-44712000	11.4
43710	-42033600	13.6
43710	-39441600	18.4
43710	-36763200	21.1
43711	865166400	10.4
43711	867758400	8.2
43711	870436800	10.7
43711	873115200	13.6
43711	875707200	17.7
43711	878385600	22.4
43711	880977600	24.7
43711	883656000	25.2
43711	886334400	24.3
43711	888753600	22.2
43711	891432000	16.4
43711	894024000	13.4
43711	896702400	10.2
43711	899294400	8.4
43711	901972800	11.6
43711	904651200	14.7
43711	907243200	16.3
43711	909921600	19.7
43712	-770558400	10.7
43712	-767880000	13.9
43712	-765288000	17.2
43712	-762609600	21.3
43712	-760017600	26.6
43712	-757339200	26.7
43713	1328097600	24.7
43713	1330603200	20.4
43713	1333281600	19
43713	1335873600	12.9
43713	1338552000	10.6
43713	1341144000	10.3
43713	1343822400	12.6
43713	1346500800	16.3
43713	1349092800	19.7
43713	1351771200	24.5
43713	1354363200	25.5
43713	1357041600	27.8
43713	1359720000	26.8
43713	1362139200	23.3
43713	1364817600	19.8
43713	1367409600	16.1
43713	1370088000	11.7
43713	1372680000	12.1
43713	1375358400	14.2
43713	1378036800	20.1
43713	1380628800	19.6
43713	1383307200	21.7
43713	1385899200	24.9
43713	1388577600	28.6
43713	1391256000	26.7
43713	1393675200	23.8
43713	1396353600	18.9
43713	1398945600	16.4
43713	1401624000	11.4
43713	1404216000	11.1
43713	1406894400	11.3
43713	1409572800	15.6
43713	1412164800	21.7
43714	-1762084800	21.6
43714	-1759406400	17.1
43714	-1756814400	13
43714	-1754136000	10.4
43714	-1751544000	9.3
43714	-1748865600	12.6
43715	-589204800	13.4
43715	-586526400	12.2
43715	-583934400	10.6
43715	-581256000	11.2
43715	-578577600	16.5
43715	-575985600	18
43715	-573307200	21.2
43715	-570715200	25.1
43715	-568036800	27.2
43715	-565358400	24.1
43715	-562852800	23.4
43715	-560174400	16.1
43715	-557582400	13.8
43715	-554904000	11.9
43715	-552312000	9.5
43715	-549633600	12
43715	-546955200	15
43715	-544363200	18
43715	-541684800	20.2
43715	-539092800	24.7
43715	-536414400	25.6
43715	-533736000	25.1
43715	-531316800	24.8
43715	-528638400	20
43715	-526046400	14.3
43715	-523368000	12
43715	-520776000	10.6
43715	-518097600	11.5
43715	-515419200	15.1
43715	-512827200	18.1
43715	-510148800	21.9
43715	-507556800	24.8
43715	-504878400	25.7
43715	-502200000	23.2
43716	-2187950400	12.6
43716	-2185358400	17.9
43716	-2182680000	22.6
43716	-2180088000	24.9
43716	-2177409600	24
43716	-2174731200	27.8
43716	-2172312000	22.8
43716	-2169633600	17.1
43716	-2167041600	13
43716	-2164363200	8
43716	-2161771200	6.9
43716	-2159092800	9.4
43716	-2156414400	15
43716	-2153822400	17
43716	-2151144000	23.6
43716	-2148552000	25.1
43716	-2145873600	25.5
43716	-2143195200	25.3
43716	-2140776000	23
43716	-2138097600	17.6
43716	-2135505600	12
43716	-2132827200	9.1
43716	-2130235200	7.6
43716	-2127556800	8.6
43716	-2124878400	13.8
43716	-2122286400	17.8
43716	-2119608000	22.1
43716	-2117016000	22.6
43716	-2114337600	24.6
43716	-2111659200	24.4
43716	-2109240000	25
43716	-2106561600	18.1
43716	-2103969600	11.3
43716	-2101291200	8.4
43716	-2098699200	7.5
43716	-2096020800	9.5
43716	-2093342400	13.2
43716	-2090750400	18.3
43716	-2088072000	20.4
43716	-2085480000	21.1
43716	-2082801600	23.5
43716	-2080123200	24
43716	-2077617600	21.8
43716	-2074939200	18.2
43716	-2072347200	13.5
43716	-2069668800	8.8
43716	-2067076800	7.4
43716	-2064398400	9.3
43716	-2061720000	11.9
43716	-2059128000	18
43716	-2056449600	20.5
43716	-2053857600	24.1
43716	-2051179200	26.5
43716	-2048500800	23.1
43716	-2046081600	22.4
43716	-2043403200	17.6
43716	-2040811200	12.1
43716	-2038132800	8.4
43716	-2035540800	7.1
43716	-2032862400	8.5
43716	-2030184000	10.4
43716	-2027592000	12.8
43716	-2024913600	19.2
43716	-2022321600	23.3
43716	-2019643200	27.6
43716	-2016964800	28.2
43717	-134136000	19.6
43717	-131457600	18.2
43717	-128865600	24.2
43717	-126187200	26.2
43717	-123508800	23.3
43717	-121089600	20.4
43717	-118411200	16.3
43717	-115819200	12.5
43717	-113140800	8.2
43717	-110548800	8.3
43717	-107870400	10
43717	-105192000	14
43717	-102600000	16.5
43717	-99921600	20.5
43718	-31492800	28.3
43718	-28814400	27
43718	-26395200	22.1
43718	-23716800	17.6
43718	-21124800	12.5
43718	-18446400	9.8
43718	-15854400	10.8
43718	-13176000	12.1
43718	-10497600	11.9
43718	-7905600	19.5
43718	-5227200	21
43718	-2635200	23.3
43718	43200	24.8
43718	2721600	28.9
43718	5140800	20.9
43718	7819200	19.1
43718	10411200	12.1
43718	13089600	10.9
43718	15681600	10.1
43718	18360000	11.3
43718	21038400	13
43718	23630400	18.7
43718	26308800	21.6
43718	28900800	24.8
43718	31579200	27.7
43718	34257600	24.9
43718	36676800	24.9
43718	39355200	19.8
43718	41947200	14.2
43718	44625600	9.8
43718	47217600	9.3
43718	49896000	11
43718	52574400	14.9
43718	55166400	18.2
43718	57844800	20.3
43718	60436800	24.5
43718	63115200	24.3
43718	65793600	24.5
43718	68299200	22.4
43718	70977600	17.7
43718	73569600	14.2
43718	76248000	10.5
43718	78840000	10.6
43718	81518400	13.5
43718	84196800	16.2
43718	86788800	19.2
43718	89467200	22.1
43718	92059200	26.8
43719	928238400	10.2
43719	930830400	10.6
43719	933508800	11.2
43719	936187200	15.9
43719	938779200	17.8
43719	941457600	18
43719	944049600	21.6
43719	946728000	22.9
43719	949406400	26.7
43719	951912000	22.6
43719	954590400	17.7
43719	957182400	11.9
43719	959860800	9.9
43719	962452800	10.2
43719	965131200	10.2
43719	967809600	14.8
43719	970401600	16.5
43719	973080000	22.8
43719	975672000	24.4
43719	978350400	28.4
43719	981028800	26.8
43719	983448000	20.8
43719	986126400	17.1
43719	988718400	13.1
43719	991396800	11
43719	993988800	9.9
43719	996667200	12
43719	999345600	16.3
43719	1001937600	16.2
43719	1004616000	19.5
43719	1007208000	21.3
43719	1009886400	24
43719	1012564800	23
43719	1014984000	22
43719	1017662400	19.4
43719	1020254400	13.7
43719	1022932800	11.2
43719	1025524800	10.9
43719	1028203200	11.4
43719	1030881600	15.1
43719	1033473600	17.7
43719	1036152000	22.5
43719	1038744000	24.6
43719	1041422400	26.2
43719	1044100800	25.8
43719	1046520000	20.8
43719	1049198400	18.1
43719	1051790400	13.5
43719	1054468800	11
43719	1057060800	9.9
43719	1059739200	10.1
43719	1062417600	13.2
43719	1065009600	14.6
43719	1067688000	21.3
43719	1070280000	25.1
43719	1072958400	23.8
43719	1075636800	26.7
43719	1078142400	21.4
43719	1080820800	18.1
43719	1083412800	12.2
43719	1086091200	10.9
43719	1088683200	9.4
43719	1091361600	12
43719	1094040000	14.1
43719	1096632000	18.8
43719	1099310400	20.8
43719	1101902400	22.8
43719	1104580800	25.3
43719	1107259200	22.1
43719	1109678400	21.1
43719	1112356800	20.5
43719	1114948800	14.3
43719	1117627200	12.2
43719	1120219200	10.7
43719	1122897600	11.2
43719	1125576000	13.3
43719	1128168000	17
43719	1130846400	21
43719	1133438400	24
43719	1136116800	28.6
43719	1138795200	25
43719	1141214400	23.3
43719	1143892800	15.1
43719	1146484800	11.4
43719	1149163200	9.2
43719	1151755200	10
43719	1154433600	11.5
43719	1157112000	15.3
43719	1159704000	18.1
43719	1162382400	21.5
43719	1164974400	22.9
43719	1167652800	26.2
43719	1170331200	26.9
43719	1172750400	22.9
43719	1175428800	18.7
43719	1178020800	15.5
43719	1180699200	8.5
43719	1183291200	9
43719	1185969600	12.9
43719	1188648000	14.6
43719	1191240000	18.7
43719	1193918400	23
43719	1196510400	24
43719	1199188800	26.8
43719	1201867200	23
43719	1204372800	23.7
43719	1207051200	16.5
43719	1209643200	12.9
43719	1212321600	12
43719	1214913600	10
43719	1217592000	10.1
43719	1220270400	15
43719	1222862400	19
43719	1225540800	20.3
43719	1228132800	21.7
43719	1230811200	26.9
43719	1233489600	26.1
43719	1235908800	21.8
43719	1238587200	17.2
43719	1241179200	13.5
43719	1243857600	11.1
43719	1246449600	10.4
43719	1249128000	13.1
43719	1251806400	14.9
43719	1254398400	17.9
43719	1257076800	25.2
43719	1259668800	24.3
43719	1262347200	26.3
43719	1265025600	26
43719	1267444800	21.7
43719	1270123200	18.1
43719	1272715200	13.7
43719	1275393600	10.3
43719	1277985600	8.6
43719	1280664000	9.7
43719	1283342400	11.9
43719	1285934400	16.3
43719	1288612800	20.1
43719	1291204800	21.9
43719	1293883200	25.8
43719	1296561600	23.9
43719	1298980800	20
43719	1301659200	15.9
43719	1304251200	11.6
43719	1306929600	10.7
43719	1309521600	10.2
43719	1312200000	12.8
43719	1314878400	14.9
43719	1317470400	17.8
43719	1320148800	22.5
43719	1322740800	22.8
43720	-752241600	18.6
43720	-749563200	16.7
43720	-746971200	15.7
43720	-744292800	9.4
43720	-741700800	11.5
43720	-739022400	12.8
43720	-736344000	15.4
43720	-733752000	19.1
43720	-731073600	24.7
43720	-728481600	25.9
43720	-725803200	29
43720	-723124800	26.6
43720	-720705600	22.7
43720	-718027200	17.4
43720	-715435200	15.5
43720	-712756800	10.7
43720	-710164800	9.1
43720	-707486400	10
43720	-704808000	13.2
43720	-702216000	18.6
43720	-699537600	20.6
43720	-696945600	25.2
43720	-694267200	26.1
43720	-691588800	28.2
43720	-689083200	22.5
43720	-686404800	19.4
43720	-683812800	13.9
43720	-681134400	10.6
43720	-678542400	9.3
43720	-675864000	12.7
43720	-673185600	16.5
43720	-670593600	19.7
43720	-667915200	23.7
43720	-665323200	25.7
43720	-662644800	26.7
43720	-659966400	25.6
43720	-657547200	22.7
43720	-654868800	17.5
43720	-652276800	13.3
43720	-649598400	8.5
43720	-647006400	10.2
43720	-644328000	12.5
43720	-641649600	14.9
43720	-639057600	19.7
43720	-636379200	22.6
43720	-633787200	27.1
43720	-631108800	28.1
43720	-628430400	25.6
43720	-626011200	22.3
43720	-623332800	19
43720	-620740800	16
43720	-618062400	10.9
43720	-615470400	11
43720	-612792000	12.4
43720	-610113600	17.4
43720	-607521600	19.2
43720	-604843200	22.2
43720	-602251200	26.5
43720	-599572800	28
43720	-596894400	27
43720	-594475200	26.6
43720	-591796800	15.7
43720	-589204800	13.1
43720	-586526400	12
43720	-583934400	8.8
43720	-581256000	9.8
43720	-578577600	17.9
43720	-575985600	20.4
43720	-573307200	23
43720	-570715200	26.8
43720	-568036800	29
43720	-565358400	26.5
43720	-562852800	24.5
43720	-560174400	17.2
43720	-557582400	13.8
43720	-554904000	11.4
43720	-552312000	9.1
43720	-549633600	11.9
43720	-546955200	15.8
43720	-544363200	19.4
43720	-541684800	21
43720	-539092800	26.6
43720	-536414400	26.4
43720	-533736000	26.1
43720	-531316800	26.4
43720	-528638400	20.8
43720	-526046400	14.1
43720	-523368000	12.5
43720	-520776000	10.6
43720	-518097600	11.4
43720	-515419200	16.8
43720	-512827200	19.4
43720	-510148800	22.7
43720	-507556800	27.9
43720	-504878400	26.3
43720	-502200000	24.4
43720	-499780800	22.8
43720	-497102400	20.3
43720	-494510400	14.2
43720	-491832000	11.7
43720	-489240000	11.3
43720	-486561600	13.1
43720	-483883200	15.5
43720	-481291200	19.1
43720	-478612800	22.3
43720	-476020800	25.8
43720	-473342400	26.2
43720	-470664000	27.3
43720	-468244800	26.1
43720	-465566400	19.2
43720	-462974400	13.4
43720	-460296000	11.5
43720	-457704000	9.2
43720	-455025600	13
43720	-452347200	17
43720	-449755200	20.8
43720	-447076800	22.8
43720	-444484800	24.5
43720	-441806400	26.6
43720	-439128000	27.5
43720	-436622400	23.8
43720	-433944000	17.8
43720	-431352000	13.6
43720	-428673600	10
43720	-426081600	10.6
43720	-423403200	10.6
43720	-420724800	13.7
43720	-418132800	18.1
43720	-415454400	21.8
43720	-412862400	26.1
43721	1417435200	25.8
43721	1420113600	25.5
43721	1422792000	27.5
43721	1425211200	21.7
43722	-497102400	20.2
43722	-494510400	14.3
43722	-491832000	11.1
43722	-489240000	10.9
43722	-486561600	12.9
43722	-483883200	15.1
43722	-481291200	18.3
43722	-478612800	21.2
43722	-476020800	24.3
43722	-473342400	25.8
43722	-470664000	26.4
43722	-468244800	23.9
43722	-465566400	17.9
43722	-462974400	13.1
43722	-460296000	12
43722	-457704000	10.4
43722	-455025600	12.8
43722	-452347200	16.5
43722	-449755200	19.3
43722	-447076800	21
43722	-444484800	22.7
43722	-441806400	24.4
43722	-439128000	27.6
43722	-436622400	23.2
43722	-433944000	17.6
43722	-431352000	14
43722	-428673600	10.4
43722	-426081600	11.2
43722	-423403200	11.8
43722	-420724800	14.8
43722	-418132800	16.9
43722	-415454400	20.5
43722	-412862400	23.7
43723	-2011867200	18.6
43723	-2009275200	13.7
43723	-2006596800	10.7
43723	-2004004800	8.7
43723	-2001326400	9.9
43723	-1998648000	12.4
43723	-1996056000	16.4
43723	-1993377600	17.2
43723	-1990785600	23.6
43723	-1988107200	23.5
43723	-1985428800	25.1
43723	-1983009600	21
43723	-1980331200	16.3
43723	-1977739200	12.4
43723	-1975060800	9.1
43723	-1972468800	7.5
43723	-1969790400	10.1
43723	-1967112000	13.9
43723	-1964520000	17.6
43723	-1961841600	20.2
43723	-1959249600	23.8
43723	-1956571200	27
43723	-1953892800	25.7
43723	-1951387200	21.8
43723	-1948708800	17.3
43723	-1946116800	11.8
43723	-1943438400	7
43723	-1940846400	7
43723	-1938168000	8.9
43723	-1935489600	10.9
43723	-1932897600	17
43723	-1930219200	22.2
43723	-1927627200	23.9
43723	-1924948800	24.2
43723	-1922270400	23.6
43723	-1919851200	23.4
43723	-1917172800	15.7
43723	-1914580800	11.9
43723	-1911902400	9.6
43723	-1909310400	6.8
43723	-1906632000	9.7
43723	-1903953600	12.2
43723	-1901361600	17.5
43723	-1898683200	19.7
43723	-1896091200	20.3
43723	-1893412800	24.9
43723	-1890734400	26.2
43723	-1888315200	22.9
43723	-1885636800	18.6
43723	-1883044800	13.5
43723	-1880366400	10.1
43723	-1877774400	8.3
43723	-1875096000	10.5
43723	-1872417600	13.9
43723	-1869825600	15.3
43723	-1867147200	18.8
43723	-1864555200	21.8
43723	-1861876800	23.4
43723	-1859198400	23.3
43723	-1856779200	22
43723	-1854100800	16.6
43723	-1851508800	12.8
43723	-1848830400	7.6
43723	-1846238400	8.9
43723	-1843560000	12.4
43723	-1840881600	15.1
43723	-1838289600	17
43723	-1835611200	21.1
43723	-1833019200	22.3
43723	-1830340800	24.8
43723	-1827662400	27.9
43723	-1825156800	24.7
43723	-1822478400	16.5
43723	-1819886400	11.5
43723	-1817208000	9.5
43723	-1814616000	7.6
43723	-1811937600	10.5
43723	-1809259200	13.6
43723	-1806667200	17.4
43723	-1803988800	18.8
43723	-1801396800	23
43723	-1798718400	25.6
43723	-1796040000	26
43723	-1793620800	22.5
43723	-1790942400	19.4
43723	-1788350400	10.6
43723	-1785672000	8
43723	-1783080000	8.6
43723	-1780401600	10.2
43723	-1777723200	13.1
43723	-1775131200	18.1
43723	-1772452800	19
43723	-1769860800	24.4
43723	-1767182400	26.2
43723	-1764504000	27.8
43723	-1762084800	24.1
43723	-1759406400	19
43723	-1756814400	13
43723	-1754136000	10.3
43723	-1751544000	8
43723	-1748865600	12.3
43723	-1746187200	13.6
43723	-1743595200	19.5
43723	-1740916800	23.9
43723	-1738324800	24.8
43723	-1735646400	24.5
43723	-1732968000	26.9
43723	-1730548800	22.9
43723	-1727870400	17.2
43723	-1725278400	11.8
43723	-1722600000	11
43723	-1720008000	9.3
43723	-1717329600	10.7
43723	-1714651200	14.1
43723	-1712059200	16.7
43723	-1709380800	19.7
43723	-1706788800	23.6
43723	-1704110400	26.1
43723	-1701432000	25.5
43723	-1698926400	23.1
43723	-1696248000	15.6
43723	-1693656000	12.8
43723	-1690977600	10.4
43723	-1688385600	8.5
43723	-1685707200	9.7
43723	-1683028800	13.8
43723	-1680436800	15.3
43723	-1677758400	16
43723	-1675166400	22.5
43723	-1672488000	24.6
43723	-1669809600	22.7
43723	-1667390400	22.6
43723	-1664712000	16
43723	-1662120000	11.8
43723	-1659441600	9.5
43723	-1656849600	8.8
43723	-1654171200	9.5
43723	-1651492800	13.6
43723	-1648900800	17.2
43723	-1646222400	17.3
43723	-1643630400	24
43723	-1640952000	24.3
43723	-1638273600	24.9
43723	-1635854400	22.4
43723	-1633176000	17.5
43723	-1630584000	13.5
43723	-1627905600	9.4
43723	-1625313600	7.3
43723	-1622635200	10.8
43723	-1619956800	13.1
43723	-1617364800	16.7
43723	-1614686400	20.1
43723	-1612094400	22.8
43723	-1609416000	24.9
43723	-1606737600	27.6
43723	-1604318400	21.7
43723	-1601640000	20.4
43723	-1599048000	13.1
43723	-1596369600	11
43723	-1593777600	7.8
43723	-1591099200	10.1
43723	-1588420800	14.1
43723	-1585828800	17.6
43723	-1583150400	21.9
43723	-1580558400	25.4
43723	-1577880000	24.2
43723	-1575201600	26.6
43723	-1572696000	22.2
43723	-1570017600	17.1
43723	-1567425600	10
43723	-1564747200	9.8
43723	-1562155200	8.3
43723	-1559476800	9.4
43723	-1556798400	12.9
43723	-1554206400	17.5
43723	-1551528000	20.6
43723	-1548936000	22.5
43723	-1546257600	25.7
43723	-1543579200	26.3
43723	-1541160000	21.4
43723	-1538481600	17.9
43723	-1535889600	15
43723	-1533211200	11
43723	-1530619200	10.4
43723	-1527940800	9.5
43723	-1525262400	15.2
43723	-1522670400	17.3
43723	-1519992000	22.3
43723	-1517400000	23.2
43723	-1514721600	22.9
43723	-1512043200	26.7
43723	-1509624000	22.6
43723	-1506945600	19.8
43723	-1504353600	12.6
43723	-1501675200	8.7
43723	-1499083200	8.4
43723	-1496404800	9.7
43723	-1493726400	13.4
43723	-1491134400	17.6
43723	-1488456000	20.7
43723	-1485864000	22.9
43723	-1483185600	24.4
43723	-1480507200	27
43723	-1478088000	24.1
43723	-1475409600	19.6
43723	-1472817600	14.1
43723	-1470139200	10.1
43723	-1467547200	8.5
43723	-1464868800	9.1
43723	-1462190400	12.6
43723	-1459598400	15.6
43723	-1456920000	16.7
43723	-1454328000	24.1
43723	-1451649600	22.7
43723	-1448971200	23.3
43723	-1446465600	22.9
43723	-1443787200	14.6
43723	-1441195200	11.8
43723	-1438516800	8
43723	-1435924800	8.3
43723	-1433246400	10.4
43723	-1430568000	14.1
43723	-1427976000	16.7
43723	-1425297600	19.2
43723	-1422705600	21.1
43723	-1420027200	22.3
43723	-1417348800	24.3
43723	-1414929600	22.3
43723	-1412251200	18.3
43723	-1409659200	12
43723	-1406980800	9.5
43723	-1404388800	7.3
43723	-1401710400	9.1
43723	-1399032000	11
43723	-1396440000	16.8
43723	-1393761600	20.1
43723	-1391169600	23.1
43723	-1388491200	23.3
43723	-1385812800	27.2
43723	-1383393600	23.6
43723	-1380715200	17.4
43723	-1378123200	10.8
43723	-1375444800	8.8
43723	-1372852800	9.9
43723	-1370174400	10.5
43723	-1367496000	14
43723	-1364904000	17.6
43723	-1362225600	19.5
43723	-1359633600	21.3
43723	-1356955200	25.3
43723	-1354276800	24.1
43723	-1351857600	22.2
43723	-1349179200	16.2
43723	-1346587200	11.2
43723	-1343908800	8.2
43723	-1341316800	7.7
43723	-1338638400	9.7
43723	-1335960000	13.1
43723	-1333368000	17.9
43723	-1330689600	21
43723	-1328097600	21.6
43723	-1325419200	24.1
43723	-1322740800	24.4
43723	-1320235200	23.3
43723	-1317556800	17.9
43723	-1314964800	11.1
43723	-1312286400	9.4
43723	-1309694400	8.5
43723	-1307016000	12.6
43723	-1304337600	16.1
43723	-1301745600	16.6
43723	-1299067200	21.1
43723	-1296475200	24.2
43723	-1293796800	26
43723	-1291118400	27.7
43723	-1288699200	22.3
43723	-1286020800	16
43723	-1283428800	12
43723	-1280750400	9.6
43723	-1278158400	6.7
43723	-1275480000	9.6
43723	-1272801600	12.9
43723	-1270209600	17.1
43723	-1267531200	19
43723	-1264939200	21.8
43723	-1262260800	24.1
43723	-1259582400	26.9
43723	-1257163200	23.8
43723	-1254484800	16.9
43723	-1251892800	12.3
43723	-1249214400	8.7
43723	-1246622400	9.9
43723	-1243944000	10.4
43723	-1241265600	13.4
43723	-1238673600	18.2
43723	-1235995200	19.9
43723	-1233403200	23.2
43723	-1230724800	23.7
43723	-1228046400	24.3
43723	-1225627200	22.4
43723	-1222948800	15.9
43723	-1220356800	12.1
43723	-1217678400	9.4
43723	-1215086400	8.1
43723	-1212408000	10.1
43723	-1209729600	13.7
43723	-1207137600	15.8
43723	-1204459200	19.8
43723	-1201867200	24.4
43723	-1199188800	29.1
43723	-1196510400	23.1
43723	-1194004800	22.3
43723	-1191326400	16.2
43723	-1188734400	12.9
43723	-1186056000	8.5
43723	-1183464000	8.6
43723	-1180785600	11.1
43723	-1178107200	13.5
43723	-1175515200	15
43723	-1172836800	20.2
43723	-1170244800	22.6
43723	-1167566400	23.9
43723	-1164888000	25.6
43723	-1162468800	23.8
43723	-1159790400	17.6
43723	-1157198400	12
43723	-1154520000	10.2
43723	-1151928000	9
43723	-1149249600	9.4
43723	-1146571200	13.2
43723	-1143979200	18.6
43723	-1141300800	19.8
43723	-1138708800	21.8
43723	-1136030400	25
43723	-1133352000	25.2
43723	-1130932800	25.6
43723	-1128254400	16.5
43723	-1125662400	12.8
43723	-1122984000	9
43723	-1120392000	8.8
43723	-1117713600	10.6
43723	-1115035200	14.3
43723	-1112443200	16.2
43723	-1109764800	20
43723	-1107172800	22.5
43723	-1104494400	24.6
43723	-1101816000	24.8
43723	-1099396800	23.5
43723	-1096718400	16.8
43723	-1094126400	11.4
43723	-1091448000	9.3
43723	-1088856000	9.5
43723	-1086177600	11.6
43723	-1083499200	13.6
43723	-1080907200	18.3
43723	-1078228800	20.1
43723	-1075636800	23.1
43723	-1072958400	24.9
43723	-1070280000	25.4
43723	-1067774400	22.8
43723	-1065096000	16.1
43723	-1062504000	12.8
43723	-1059825600	8.1
43723	-1057233600	9.4
43723	-1054555200	12
43723	-1051876800	12.9
43723	-1049284800	17.2
43723	-1046606400	20.2
43723	-1044014400	22.6
43723	-1041336000	22.4
43723	-1038657600	24.8
43723	-1036238400	23.1
43723	-1033560000	15.9
43723	-1030968000	12.9
43723	-1028289600	9
43723	-1025697600	8.6
43723	-1023019200	12.2
43723	-1020340800	14.6
43723	-1017748800	18.9
43723	-1015070400	21.8
43723	-1012478400	24.1
43723	-1009800000	25.3
43723	-1007121600	24.9
43723	-1004702400	24.7
43723	-1002024000	18.3
43723	-999432000	14.6
43723	-996753600	9.6
43723	-994161600	8.5
43723	-991483200	10.1
43723	-988804800	14.6
43723	-986212800	18.9
43723	-983534400	22.6
43723	-980942400	25.1
43723	-978264000	31.3
43723	-975585600	26.6
43723	-973166400	23
43723	-970488000	18.1
43723	-967896000	13.6
43723	-965217600	9.8
43723	-962625600	8
43723	-959947200	10.4
43723	-957268800	13.2
43723	-954676800	16.9
43723	-951998400	19.2
43723	-949406400	22.3
43724	-94651200	24.4
43724	-91972800	25.7
43724	-89553600	21.9
43724	-86875200	19.2
43724	-84283200	14.2
43724	-81604800	11.6
43724	-79012800	9.4
43724	-76334400	10.2
43724	-73656000	13.2
43724	-71064000	18
43724	-68385600	19.7
43724	-65793600	19.9
43724	-63115200	26.1
43724	-60436800	25.7
43724	-57931200	23.1
43724	-55252800	17.4
43724	-52660800	12.4
43724	-49982400	9.7
43724	-47390400	8.3
43724	-44712000	9.8
43724	-42033600	12.7
43724	-39441600	15.5
43724	-36763200	17.9
43725	97416000	25.9
43725	99835200	22.7
43725	102513600	19.9
43725	105105600	14.8
43725	107784000	10.8
43725	110376000	11.1
43725	113054400	11.8
43725	115732800	14.9
43725	118324800	18.7
43725	121003200	21.5
43725	123595200	25.1
43725	126273600	25.6
43725	128952000	23.9
43725	131371200	23.8
43726	-252417600	26.9
43726	-249739200	26.5
43726	-247320000	24.1
43726	-244641600	19.1
43726	-242049600	13
43726	-239371200	13.3
43726	-236779200	10.6
43726	-234100800	12.2
43726	-231422400	16.1
43726	-228830400	19.1
43726	-226152000	25.1
43726	-223560000	24.5
43726	-220881600	25.6
43726	-218203200	27.4
43726	-215784000	25.6
43726	-213105600	18.6
43726	-210513600	16
43726	-207835200	11.5
43726	-205243200	10.3
43726	-202564800	12.5
43726	-199886400	16.4
43726	-197294400	21.3
43726	-194616000	23.7
43726	-192024000	27.3
43726	-189345600	27.6
43727	-1730548800	20.3
43727	-1727870400	16.3
43727	-1725278400	12
43727	-1722600000	10.9
43728	-157723200	25.2
43728	-155044800	27.8
43728	-152625600	25
43728	-149947200	16.7
43728	-147355200	15.1
43728	-144676800	11.3
43728	-142084800	10.8
43728	-139406400	12.5
43728	-136728000	16.2
43728	-134136000	22.2
43728	-131457600	20.9
43728	-128865600	27.1
43728	-126187200	28.5
43728	-123508800	25.1
43728	-121089600	19.7
43728	-118411200	18.2
43728	-115819200	13.3
43728	-113140800	11.1
43728	-110548800	10
43728	-107870400	11
43728	-105192000	15.4
43728	-102600000	18.9
43728	-99921600	22.7
43728	-97329600	22.9
43728	-94651200	25.8
43728	-91972800	26.9
43728	-89553600	22.6
43728	-86875200	20.3
43728	-84283200	15.4
43728	-81604800	12.9
43728	-79012800	10.9
43728	-76334400	12
43728	-73656000	15.6
43728	-71064000	21.4
43728	-68385600	22.6
43728	-65793600	23.2
43728	-63115200	27.4
43728	-60436800	28.1
43728	-57931200	25.2
43728	-55252800	19.4
43728	-52660800	13.7
43729	-410184000	27.5
43729	-407505600	26
43729	-405086400	22.6
43729	-402408000	18.7
43729	-399816000	13.6
43729	-397137600	14
43729	-394545600	8.1
43729	-391867200	11.5
43729	-389188800	14.7
43729	-386596800	19.8
43729	-383918400	23.6
43729	-381326400	26.8
43729	-378648000	25.8
43729	-375969600	25.8
43729	-373550400	23.1
43729	-370872000	21.5
43729	-368280000	17.3
43729	-365601600	10.9
43729	-363009600	11
43729	-360331200	12.9
43729	-357652800	13.4
43729	-355060800	18.5
43729	-352382400	24
43729	-349790400	24.1
43729	-347112000	28.7
43729	-344433600	27.4
43729	-342014400	24.4
43729	-339336000	20
43729	-336744000	14.3
43729	-334065600	12
43729	-331473600	10.4
43729	-328795200	14.1
43729	-326116800	16
43729	-323524800	18.6
43729	-320846400	26.6
43729	-318254400	24.1
43729	-315576000	29.6
43729	-312897600	26.2
43729	-310392000	24.3
43729	-307713600	18.8
43729	-305121600	12.7
43729	-302443200	9.8
43729	-299851200	11
43729	-297172800	10.6
43730	-31492800	26.5
43730	-28814400	24.4
43731	136641600	14.1
43731	139320000	10.6
43731	141912000	10.7
43731	144590400	11.4
43731	147268800	12
43731	149860800	16.8
43732	-1717329600	11.8
43732	-1714651200	14.1
43732	-1712059200	16.1
43732	-1709380800	19.3
43732	-1706788800	23.5
43732	-1704110400	24.8
43733	-36763200	21.5
43733	-34171200	23.8
43733	-31492800	28.4
43733	-28814400	27.3
43733	-26395200	23.1
43733	-23716800	18.6
43733	-21124800	12.7
43733	-18446400	10.4
43733	-15854400	12.1
43733	-13176000	12.7
43733	-10497600	12.9
43733	-7905600	20.1
43734	-291902400	19.4
43734	-289224000	20.9
43734	-286632000	26.2
43734	-283953600	28
43734	-281275200	26.6
43734	-278856000	23.7
43734	-276177600	20.3
43734	-273585600	13.8
43734	-270907200	12.1
43734	-268315200	10.1
43734	-265636800	11.6
43734	-262958400	16.5
43734	-260366400	21.2
43734	-257688000	23.2
43734	-255096000	25.5
43734	-252417600	26.6
43734	-249739200	25.9
43734	-247320000	24
43734	-244641600	19
43734	-242049600	13.1
43734	-239371200	13
43734	-236779200	10.8
43734	-234100800	12
43734	-231422400	15.3
43734	-228830400	18.4
43734	-226152000	24.2
43734	-223560000	24.2
43735	-23716800	16.2
43735	-21124800	11
43735	-18446400	9.1
43735	-15854400	10
43735	-13176000	11.2
43735	-10497600	10.7
43735	-7905600	17.7
43735	-5227200	18.7
43735	-2635200	21
43736	178804800	15.4
43736	181396800	16.2
43736	184075200	21.7
43736	186667200	25.9
43736	189345600	23.4
43736	192024000	25.6
43736	194529600	22.6
43736	197208000	17.3
43736	199800000	12.4
43736	202478400	10.4
43736	205070400	9.4
43736	207748800	11.2
43736	210427200	13.8
43736	213019200	16.1
43736	215697600	20.2
43736	218289600	24
43736	220968000	25.7
43736	223646400	27.1
43736	226065600	22.2
43736	228744000	16
43736	231336000	14.3
43736	234014400	10.3
43736	236606400	9.3
43736	239284800	14.2
43736	241963200	14.1
43736	244555200	20.3
43736	247233600	21.8
43737	-157723200	27.5
43737	-155044800	29.7
43737	-152625600	25.1
43737	-149947200	18.1
43737	-147355200	15.5
43737	-144676800	11.2
43737	-142084800	10.3
43737	-139406400	13.6
43737	-136728000	18.8
43737	-134136000	22.5
43737	-131457600	23.9
43737	-128865600	29.4
43737	-126187200	27.6
43737	-123508800	26.9
43737	-121089600	24.5
43737	-118411200	19.9
43737	-115819200	13.5
43737	-113140800	11.7
43737	-110548800	9.7
43737	-107870400	11.5
43737	-105192000	16.1
43737	-102600000	19.9
43737	-99921600	23.7
43737	-97329600	26.5
43737	-94651200	28.8
43737	-91972800	28.6
43737	-89553600	22.8
43737	-86875200	20.7
43737	-84283200	15.4
43737	-81604800	12.9
43737	-79012800	10.9
43737	-76334400	11.9
43737	-73656000	16.6
43737	-71064000	23.2
43737	-68385600	23.4
43737	-65793600	25.1
43737	-63115200	28.2
43737	-60436800	29.2
43737	-57931200	25.9
43737	-55252800	21.6
43737	-52660800	13.3
43737	-49982400	11.6
43737	-47390400	9.4
43737	-44712000	11.9
43737	-42033600	15.8
43737	-39441600	20.9
43737	-36763200	23
43737	-34171200	24.9
43737	-31492800	30
43737	-28814400	29.2
43737	-26395200	23.7
43737	-23716800	19.4
43737	-21124800	13.3
43737	-18446400	10.8
43737	-15854400	12.2
43737	-13176000	13.4
43737	-10497600	13.3
43737	-7905600	21.7
43737	-5227200	22.8
43738	-1685707200	10.1
43738	-1683028800	15.1
43738	-1680436800	15.1
43738	-1677758400	17.3
43739	-2635200	24
43739	43200	25.4
43740	-218203200	26
43740	-215784000	24.6
43740	-213105600	17.8
43740	-210513600	15.4
43740	-207835200	10.9
43741	21038400	11.5
43741	23630400	16.1
43742	252504000	25.9
43742	255182400	26.8
43742	257601600	22.4
43742	260280000	17.6
43742	262872000	15.4
43743	2721600	29.3
43743	5140800	22.8
43743	7819200	19.8
43743	10411200	13.5
43743	13089600	11.7
43743	15681600	10.1
43743	18360000	11.8
43743	21038400	14.3
43743	23630400	21.1
43743	26308800	23
43743	28900800	26.7
43743	31579200	28.7
43743	34257600	27.1
43743	36676800	24.9
43743	39355200	20
43743	41947200	14.6
43743	44625600	10.8
43743	47217600	9.6
43743	49896000	11.6
43743	52574400	16
43743	55166400	20.4
43743	57844800	22.3
43743	60436800	26.3
43743	63115200	25.8
43743	65793600	26.4
43743	68299200	25.2
43743	70977600	19.6
43744	21038400	13.3
43744	23630400	18.7
43744	26308800	21.5
43744	28900800	24
43744	31579200	26.8
43744	34257600	26
43744	36676800	25.3
43745	-202564800	11.6
43745	-199886400	15.5
43745	-197294400	20.1
43745	-194616000	23
43745	-192024000	26.5
43746	28900800	22.2
43746	31579200	24.2
43746	34257600	23.3
43746	36676800	22.9
43746	39355200	18.8
43746	41947200	12.7
43746	44625600	9.6
43746	47217600	9
43746	49896000	10.2
43746	52574400	13.4
43746	55166400	15.7
43746	57844800	18.9
43746	60436800	22.2
43746	63115200	23.1
43746	65793600	23.5
43746	68299200	20.2
43746	70977600	16.7
43746	73569600	13.7
43746	76248000	10.2
43746	78840000	10
43746	81518400	12.4
43746	84196800	14.1
43746	86788800	17.4
43746	89467200	19.8
43746	92059200	23.7
43746	94737600	26.2
43746	97416000	23.8
43746	99835200	19.3
43746	102513600	18.1
43746	105105600	13.2
43746	107784000	9.6
43746	110376000	10.2
43746	113054400	11.2
43746	115732800	14.1
43746	118324800	17
43746	121003200	19.4
43746	123595200	23
43746	126273600	24.9
43746	128952000	23.3
43746	131371200	23.6
43746	134049600	17.5
43746	136641600	15.1
43746	139320000	11
43746	141912000	10.5
43746	144590400	11.7
43746	147268800	12.4
43746	149860800	16.4
43746	152539200	19.3
43746	155131200	21.4
43746	157809600	22.9
43746	160488000	25.2
43746	162907200	20.5
43746	165585600	16.6
43747	268142400	9.8
43747	270820800	10.1
43747	273499200	13.6
43748	76248000	12.5
43748	78840000	11
43748	81518400	14.2
43748	84196800	18
43748	86788800	21.2
43748	89467200	24.9
43748	92059200	29.1
43748	94737600	30.9
43748	97416000	26.5
43748	99835200	24.9
43748	102513600	21.1
43748	105105600	16.6
43748	107784000	12.1
43748	110376000	13
43748	113054400	12.9
43748	115732800	17.7
43748	118324800	20.7
43748	121003200	22.5
43748	123595200	26.1
43748	126273600	25.2
43748	128952000	25.3
43748	131371200	25
43748	134049600	19.6
43748	136641600	14.9
43748	139320000	11.1
43748	141912000	11.2
43748	144590400	11.9
43748	147268800	13.7
43748	149860800	18.5
43748	152539200	21.3
43748	155131200	25.6
43748	157809600	26.7
43748	160488000	27.1
43748	162907200	23.6
43748	165585600	19.2
43748	168177600	16.1
43748	170856000	11.6
43748	173448000	13
43748	176126400	12.8
43748	178804800	17.3
43749	41947200	14.7
43749	44625600	10.9
43749	47217600	10.1
43749	49896000	11.6
43749	52574400	15.3
43750	-186667200	24.9
43750	-184161600	23.7
43750	-181483200	19.4
43750	-178891200	13.1
43750	-176212800	10.7
43750	-173620800	10.9
43750	-170942400	12.2
43750	-168264000	15.5
43750	-165672000	17.5
43750	-162993600	24
43750	-160401600	22.6
43750	-157723200	25.7
43750	-155044800	28.3
43750	-152625600	24.1
43750	-149947200	17.2
43750	-147355200	14.6
43750	-144676800	10.6
43750	-142084800	9.9
43751	170856000	10.1
43751	173448000	12.2
43751	176126400	10.8
43751	178804800	15.5
43751	181396800	15.8
43751	184075200	21.3
43752	289137600	23.6
43752	291816000	16.9
43752	294408000	13.4
43752	297086400	12
43752	299678400	10.2
43752	302356800	11.8
43752	305035200	14.9
43752	307627200	17.8
43752	310305600	22.8
43752	312897600	25.9
43752	315576000	24.7
43752	318254400	25.9
43752	320760000	23.1
43752	323438400	19.2
43753	205070400	10.3
43753	207748800	11.8
43753	210427200	14.9
43754	57844800	20.3
43754	60436800	24
43754	63115200	24.6
43754	65793600	24.9
43754	68299200	22.5
43754	70977600	18.2
43754	73569600	14.3
43754	76248000	11.3
43754	78840000	11.1
43754	81518400	13.3
43754	84196800	16.2
43754	86788800	19
43754	89467200	22.5
43754	92059200	26.3
43754	94737600	28.6
43754	97416000	25.3
43754	99835200	21.3
43754	102513600	19.8
43754	105105600	15.7
43754	107784000	11.4
43754	110376000	11.9
43754	113054400	12.7
43754	115732800	16.2
43754	118324800	18.6
43754	121003200	20.9
43754	123595200	24.7
43754	126273600	25.4
43754	128952000	24.5
43754	131371200	25.1
43754	134049600	18.5
43754	136641600	14.8
43754	139320000	11.4
43754	141912000	11.7
43754	144590400	12
43754	147268800	13.1
43754	149860800	17.8
43754	152539200	19.3
43755	-136728000	17.5
43755	-134136000	21.3
43755	-131457600	22.5
43755	-128865600	28.1
43755	-126187200	27.5
43755	-123508800	25.8
43755	-121089600	23.6
43755	-118411200	18.9
43755	-115819200	13.3
43755	-113140800	11.5
43755	-110548800	9.9
43755	-107870400	11.5
43755	-105192000	15.2
43755	-102600000	18.5
43756	189345600	22.4
43756	192024000	24.5
43756	194529600	21.5
43756	197208000	16.7
43756	199800000	12
43756	202478400	11.1
43756	205070400	9.7
43756	207748800	10.5
43756	210427200	13.2
43756	213019200	15
43756	215697600	18.8
43756	218289600	22.6
43756	220968000	25.2
43756	223646400	26.9
43756	226065600	20.7
43756	228744000	15
43756	231336000	12.4
43756	234014400	9.6
43756	236606400	8.8
43756	239284800	13.1
43756	241963200	12.8
43756	244555200	19
43756	247233600	19.9
43757	352296000	20.8
43757	354974400	18.7
43757	357566400	14.1
43757	360244800	10.8
43757	362836800	9.8
43757	365515200	10.4
43757	368193600	15.2
43757	370785600	19.3
43757	373464000	20.8
43757	376056000	24.4
43757	378734400	27.7
43757	381412800	27.8
43757	383832000	22.9
43757	386510400	16.9
43757	389102400	14.1
43757	391780800	8.5
43757	394372800	8.2
43757	397051200	14.6
43757	399729600	14.4
43757	402321600	18.1
43757	4.05e+08	24.6
43757	407592000	25.4
43757	410270400	25.4
43757	412948800	29.4
43757	415368000	25.6
43758	215697600	22.5
43758	218289600	26.2
43758	220968000	28.3
43758	223646400	28.9
43758	226065600	24.2
43758	228744000	18.8
43758	231336000	15
43758	234014400	10.9
43759	157809600	24.8
43759	160488000	26.1
43759	162907200	22.5
43759	165585600	18.1
43759	168177600	16.5
43759	170856000	11.9
43759	173448000	13
43759	176126400	12.1
43759	178804800	16.3
43759	181396800	17.6
43759	184075200	22.5
43760	-84283200	14.7
43760	-81604800	12.7
43760	-79012800	10.7
43760	-76334400	11.2
43760	-73656000	15.7
43760	-71064000	21.5
43760	-68385600	22.4
43760	-65793600	23.7
43761	252504000	24.1
43761	255182400	24.2
43761	257601600	22.1
43762	420638400	14.3
43762	423316800	10
43762	425908800	8.4
43762	428587200	11.9
43763	239284800	14.6
43763	241963200	15.8
43763	244555200	22.6
43763	247233600	24.5
43763	249825600	27.8
43763	252504000	28
43763	255182400	29.2
43763	257601600	24.4
43763	260280000	18.9
43763	262872000	15.9
43763	265550400	11
43763	268142400	9.7
43763	270820800	10.8
43763	273499200	14.3
43763	276091200	19
43763	278769600	22.7
43763	281361600	25.4
43763	284040000	31.9
43763	286718400	28.5
43763	289137600	26
43763	291816000	19.1
43763	294408000	14.1
43763	297086400	12.8
43763	299678400	10.6
43763	302356800	12.6
43763	305035200	16.3
43763	307627200	19.9
43763	310305600	26.3
43763	312897600	28.4
43763	315576000	27.6
43763	318254400	28.3
43763	320760000	26
43763	323438400	21
43763	326030400	15.2
43763	328708800	11.4
43763	331300800	11.1
43763	333979200	13.2
43763	336657600	17.9
43763	339249600	22.3
43763	341928000	25.7
43764	189345600	23.3
43764	192024000	25.5
43764	194529600	23.6
43764	197208000	17.9
43764	199800000	13.6
43764	202478400	11.7
43764	205070400	10.1
43764	207748800	12.4
43764	210427200	14.6
43764	213019200	16.1
43764	215697600	20.2
43765	-60436800	28.2
43765	-57931200	25
43765	-55252800	21
43765	-52660800	13.4
43765	-49982400	11
43765	-47390400	9
43766	262872000	13.5
43766	265550400	9.9
43766	268142400	9.4
43766	270820800	9.4
43766	273499200	13
43766	276091200	16.8
43766	278769600	19.9
43767	433857600	18.2
43767	436536000	20.3
43767	439128000	24.3
43767	441806400	22.9
43767	444484800	24
43767	446990400	19.4
43768	349876800	30.3
43768	352296000	22.6
43768	354974400	20.7
43768	357566400	15.1
43768	360244800	10.8
43768	362836800	10.3
43768	365515200	10.9
43768	368193600	17.3
43768	370785600	20.6
43768	373464000	23.2
43768	376056000	26.8
43768	378734400	29.7
43768	381412800	29.3
43768	383832000	24.3
43768	386510400	19.5
43768	389102400	15.3
43768	391780800	9.8
43769	220968000	26.6
43769	223646400	27.2
43769	226065600	22.8
43769	228744000	17.6
43769	231336000	15
43769	234014400	11.5
43769	236606400	10.7
43769	239284800	14.5
43769	241963200	15.2
43769	244555200	21.3
43769	247233600	22.4
43770	-42033600	14.7
43770	-39441600	20.1
43771	284040000	27.7
43771	286718400	25.2
43771	289137600	22.2
43771	291816000	15.7
43772	454939200	10.5
43772	457531200	9.3
43772	460209600	12.3
43772	462888000	12.4
43772	465480000	17.3
43772	468158400	22.2
43772	470750400	23.5
43772	473428800	25.4
43772	476107200	25.9
43772	478526400	24.6
43772	481204800	17.7
43772	483796800	14.3
43772	486475200	10.2
43772	489067200	9.9
43772	491745600	12.1
43772	494424000	13
43772	497016000	18.2
43772	499694400	20.8
43773	397051200	16
43773	399729600	16.1
43773	402321600	19.9
43773	4.05e+08	26.7
43773	407592000	28.3
43773	410270400	28
43773	412948800	31.1
43773	415368000	27
43773	418046400	17.6
43773	420638400	15.4
43773	423316800	11
43774	252504000	25.6
43774	255182400	26.2
43774	257601600	23.3
43774	260280000	17.7
43774	262872000	14.9
43774	265550400	11.1
43774	268142400	10.8
43774	270820800	10.9
43774	273499200	13.9
43774	276091200	18.3
43774	278769600	20.4
43775	-34171200	24.2
43775	-31492800	28.3
43775	-28814400	27.8
43775	-26395200	23.1
43775	-23716800	18.7
43775	-21124800	12.7
43775	-18446400	10.1
43775	-15854400	11.5
43775	-13176000	12.4
43775	-10497600	12.3
43775	-7905600	20.4
43775	-5227200	22
43775	-2635200	24.5
43775	43200	25.7
43775	2721600	28.1
43775	5140800	21.8
43775	7819200	19.4
43775	10411200	12.6
43775	13089600	11.7
43775	15681600	10.1
43775	18360000	11.4
43775	21038400	13.1
43775	23630400	19.8
43775	26308800	22
43775	28900800	25.4
43775	31579200	27.2
43775	34257600	26.3
43775	36676800	25
43775	39355200	20
43775	41947200	13.9
43775	44625600	10.6
43775	47217600	9
43775	49896000	11.1
43775	52574400	14.7
43775	55166400	19.1
43775	57844800	20.8
43775	60436800	25.2
43775	63115200	24.6
43775	65793600	24.8
43775	68299200	22.9
43775	70977600	18.1
43775	73569600	14.2
43775	76248000	11.2
43775	78840000	10.2
43775	81518400	12.6
43775	84196800	15.4
43775	86788800	19.9
43775	89467200	23.7
43775	92059200	27.6
43775	94737600	30.1
43775	97416000	26.5
43775	99835200	23.8
43775	102513600	20.4
43775	105105600	16
43775	107784000	11.4
43775	110376000	12.2
43775	113054400	12.4
43775	115732800	16.6
43775	118324800	19.8
43775	121003200	22.4
43775	123595200	25.8
43775	126273600	25.2
43775	128952000	25.4
43775	131371200	25.5
43775	134049600	19
43775	136641600	14.9
43775	139320000	10.8
43775	141912000	11.2
43775	144590400	11.7
43775	147268800	12.9
43775	149860800	17.8
43775	152539200	20.4
43775	155131200	24.5
43775	157809600	24.9
43775	160488000	26.3
43775	162907200	22.8
43775	165585600	18.6
43775	168177600	15.8
43775	170856000	11.2
43775	173448000	12.6
43775	176126400	11.5
43775	178804800	16
43775	181396800	17.6
43775	184075200	23.9
43775	186667200	26.9
43776	297086400	11.6
43776	299678400	9.5
43776	302356800	10.6
43776	305035200	13.7
43776	307627200	16.6
43776	310305600	20.9
43776	312897600	23.7
43776	315576000	23.3
43776	318254400	25.3
43776	320760000	21.6
43776	323438400	18.5
43776	326030400	14.5
43776	328708800	9.9
43777	504964800	24.9
43777	507643200	24.9
43777	510062400	24.9
43777	512740800	18.6
43777	515332800	14.5
43777	518011200	10.2
43777	520603200	10
43777	523281600	11.5
43777	525960000	14.7
43777	528552000	16.1
43777	531230400	21.3
43777	533822400	23.2
43777	536500800	24.5
43777	539179200	26.8
43777	541598400	20.2
43777	544276800	19.1
43777	546868800	13.7
43777	549547200	11.6
43777	552139200	9.9
43777	554817600	12
43777	557496000	14.6
43777	560088000	17.5
43777	562766400	22.3
43777	565358400	25.6
43777	568036800	28.9
43777	570715200	25
43777	573220800	23.1
43777	575899200	18.4
43777	578491200	14.8
43777	581169600	10.7
43777	583761600	10.8
43777	586440000	11.4
43777	589118400	15
43777	591710400	19.4
43777	594388800	21
43777	596980800	25.6
43777	599659200	24.1
43777	602337600	25.8
43777	604756800	22.9
43777	607435200	17.8
43777	610027200	14.7
43777	612705600	9.7
43777	615297600	9.5
43777	617976000	9.5
43777	620654400	14.2
43777	623246400	17.7
43777	625924800	22.4
43777	628516800	24.7
43777	631195200	27.1
43777	633873600	24.3
43777	636292800	24.2
43778	428587200	13.1
43778	431265600	18.3
43778	433857600	20.7
43778	436536000	23
43778	439128000	28.1
43778	441806400	25.4
43778	444484800	26.7
43778	446990400	22.5
43778	449668800	19.1
43778	452260800	15.1
43778	454939200	12
43778	457531200	9.9
43778	460209600	13.1
43778	462888000	13.6
43778	465480000	19.5
43778	468158400	24.4
43778	470750400	26.9
43778	473428800	28.3
43778	476107200	27.9
43778	478526400	26.3
43778	481204800	19.4
43778	483796800	15.7
43778	486475200	10.6
43778	489067200	11.2
43778	491745600	13.2
43778	494424000	14.6
43778	497016000	20.1
43778	499694400	23.3
43778	502286400	25.7
43778	504964800	27.7
43778	507643200	28.1
43778	510062400	28.1
43778	512740800	20.3
43778	515332800	15.6
43778	518011200	11.3
43778	520603200	10.5
43778	523281600	12.5
43778	525960000	16.5
43778	528552000	18.1
43778	531230400	23.8
43778	533822400	25.3
43778	536500800	28
43778	539179200	27.8
43778	541598400	21.6
43778	544276800	20.9
43778	546868800	15.1
43778	549547200	12.5
43778	552139200	10.4
43778	554817600	12.1
43778	557496000	16.2
43778	560088000	19.8
43778	562766400	24.1
43778	565358400	27.4
43778	568036800	30.1
43778	570715200	26.9
43778	573220800	24.8
43778	575899200	20
43778	578491200	16.2
43778	581169600	12.5
43778	583761600	11.8
43778	586440000	13.2
43778	589118400	17.5
43778	591710400	22.7
43778	594388800	23.6
43778	596980800	28
43778	599659200	26.9
43778	602337600	28.2
43778	604756800	24.6
43778	607435200	20.4
43778	610027200	15.7
43778	612705600	10.7
43778	615297600	10.6
43778	617976000	10.5
43778	620654400	16.5
43778	623246400	20.3
43778	625924800	24.4
43778	628516800	27.8
43778	631195200	30.2
43778	633873600	26.3
43778	636292800	26
43778	638971200	19.9
43778	641563200	15.4
43778	644241600	10.7
43778	646833600	11.3
43778	649512000	12.2
43778	652190400	17.3
43778	654782400	20.9
43778	657460800	26
43778	660052800	29.9
43778	662731200	30.4
43778	665409600	30
43778	667828800	25
43778	670507200	19.9
43778	673099200	15
43778	675777600	14.8
43778	678369600	11.4
43778	681048000	12.8
43778	683726400	17.3
43778	686318400	22.3
43778	688996800	24.5
43778	691588800	25.9
43778	694267200	27.4
43778	696945600	27.3
43778	699451200	26.9
43778	702129600	21.1
43778	704721600	15
43778	707400000	11.9
43778	709992000	11.9
43778	712670400	12.6
43778	715348800	15.4
43778	717940800	20.5
43778	720619200	21.9
43778	723211200	25.5
43778	725889600	28.3
43778	728568000	28.1
43778	730987200	25.3
43778	733665600	22.5
43779	-1625313600	8.9
43779	-1622635200	10.6
43779	-1619956800	14.2
43779	-1617364800	16.6
43779	-1614686400	21.9
43779	-1612094400	25
43779	-1609416000	24.6
43780	284040000	30
43780	286718400	27.2
43780	289137600	23.6
43780	291816000	17.5
43780	294408000	13.9
43780	297086400	13.4
43780	299678400	11.1
43780	302356800	11.7
43780	305035200	15.5
43780	307627200	18.7
43780	310305600	23
43780	312897600	25.7
43780	315576000	25.4
43780	318254400	26.5
43780	320760000	24.2
43780	323438400	20.4
43780	326030400	15.2
43780	328708800	11.4
43780	331300800	11.1
43780	333979200	12.9
43780	336657600	16.9
43780	339249600	19.6
43780	341928000	24.3
43781	194529600	23.6
43781	197208000	18.9
43782	333979200	11.6
43782	336657600	16
43782	339249600	17.3
43783	644241600	9.8
43783	646833600	10.5
43783	649512000	10.9
43783	652190400	14.2
43783	654782400	18.2
43783	657460800	22.8
43783	660052800	26.7
43783	662731200	27.2
43783	665409600	27.5
43783	667828800	22.6
43783	670507200	16.8
43783	673099200	13
43783	675777600	13.3
43783	678369600	10
43783	681048000	11.2
43783	683726400	14.6
43783	686318400	19.9
43784	738936000	11.2
43784	741528000	12
43784	744206400	14.2
43784	746884800	16.7
43784	749476800	19
43784	752155200	25.4
43784	754747200	25.9
43784	757425600	29.3
43784	760104000	28.6
43784	762523200	23.4
43784	765201600	20.2
43784	767793600	15.5
43784	770472000	13.2
43784	773064000	11.7
43784	775742400	12.3
43784	778420800	16.4
43784	781012800	21.2
43784	783691200	24.2
43784	786283200	29.5
43784	788961600	28.5
43784	791640000	27.3
43784	794059200	24.3
43784	796737600	18
43784	799329600	15.6
43784	802008000	13
43784	804600000	11
43784	807278400	16
43784	809956800	17.6
43784	812548800	20.6
43784	815227200	25.1
43784	817819200	26.2
43784	820497600	28.8
43784	823176000	26.5
43784	825681600	25.5
43784	828360000	18.5
43784	830952000	15.6
43784	833630400	14.2
43784	836222400	11.7
43784	838900800	13.3
43784	841579200	17.4
43784	844171200	21.6
43784	846849600	23.2
43784	849441600	28.3
43784	852120000	28.4
43784	854798400	30.6
43784	857217600	24.1
43784	859896000	20.4
43784	862488000	16.1
43784	865166400	12.5
43784	867758400	10.1
43784	870436800	12.4
43784	873115200	17.1
43784	875707200	21.7
43784	878385600	26.9
43784	880977600	29.9
43784	883656000	29.6
43784	886334400	28.7
43784	888753600	26.9
43784	891432000	19.6
43784	894024000	15.7
43784	896702400	12.1
43784	899294400	10.6
43784	901972800	14.4
43784	904651200	17.7
43784	907243200	20.5
43784	909921600	23.4
43784	912513600	28.2
43784	915192000	32
43784	917870400	27.6
43784	920289600	26
43784	922968000	18.8
43784	925560000	17.1
43784	928238400	12.6
43784	930830400	12.6
43784	933508800	14.1
43784	936187200	19.7
43784	938779200	21.8
43784	941457600	21.4
43784	944049600	24.8
43784	946728000	26.9
43784	949406400	29
43784	951912000	25.2
43784	954590400	21.3
43784	957182400	13.9
43784	959860800	11.8
43784	962452800	11.8
43784	965131200	13.7
43784	967809600	20.3
43784	970401600	20.4
43784	973080000	25.8
43784	975672000	29.1
43784	978350400	32.5
43784	981028800	31.3
43784	983448000	24.5
43784	986126400	20.9
43784	988718400	15.4
43784	991396800	13.2
43784	993988800	11.4
43784	996667200	13.2
43784	999345600	19.2
43784	1001937600	18.8
43784	1004616000	23.7
43784	1007208000	26.7
43784	1009886400	28.3
43784	1012564800	25.9
43784	1014984000	25.7
43784	1017662400	22.9
43784	1020254400	16.4
43784	1022932800	12.8
43784	1025524800	12.7
43784	1028203200	14.3
43784	1030881600	18.3
43784	1033473600	21.4
43784	1036152000	27.4
43784	1038744000	28
43784	1041422400	31.1
43784	1044100800	29.3
43784	1046520000	23.9
43784	1049198400	20.6
43784	1051790400	15.6
43784	1054468800	12.8
43784	1057060800	11.9
43784	1059739200	12.6
43784	1062417600	17.4
43784	1065009600	19.2
43784	1067688000	25.1
43784	1070280000	29.1
43784	1072958400	29.5
43784	1075636800	30.9
43784	1078142400	25.7
43784	1080820800	21.6
43784	1083412800	14
43784	1086091200	12.3
43784	1088683200	11
43784	1091361600	14
43784	1094040000	16.9
43784	1096632000	22.3
43784	1099310400	24.2
43784	1101902400	27.2
43784	1104580800	29.7
43784	1107259200	26.9
43784	1109678400	24.8
43784	1112356800	24.3
43784	1114948800	17
43784	1117627200	13.7
43784	1120219200	12
43784	1122897600	13.3
43784	1125576000	16.6
43784	1128168000	21.9
43784	1130846400	25.6
43784	1133438400	28.8
43784	1136116800	32.9
43784	1138795200	30
43784	1141214400	26.7
43784	1143892800	18.5
43784	1146484800	13.8
43784	1149163200	10.7
43784	1151755200	11.1
43784	1154433600	13.9
43784	1157112000	18.7
43784	1159704000	22.7
43784	1162382400	25.9
43784	1164974400	27.4
43784	1167652800	28.7
43784	1170331200	30.1
43784	1172750400	26.5
43784	1175428800	20.9
43784	1178020800	16.6
43784	1180699200	9.6
43784	1183291200	11.1
43784	1185969600	14.3
43784	1188648000	17.4
43784	1191240000	21.4
43784	1193918400	24.7
43784	1196510400	27.5
43784	1199188800	29.7
43784	1201867200	25.1
43784	1204372800	25.1
43784	1207051200	18.4
43784	1209643200	15.7
43784	1212321600	13
43784	1214913600	10.7
43784	1217592000	10.6
43784	1220270400	17.7
43784	1222862400	23
43784	1225540800	23.4
43784	1228132800	26.3
43784	1230811200	30.2
43784	1233489600	28.3
43784	1235908800	25.2
43784	1238587200	20.2
43784	1241179200	15.4
43784	1243857600	12.9
43784	1246449600	11.8
43784	1249128000	15
43784	1251806400	17.7
43784	1254398400	20.2
43784	1257076800	28.3
43784	1259668800	27
43785	347198400	29.8
43785	349876800	27.3
43785	352296000	20.8
43785	354974400	20
43785	357566400	14.2
43785	360244800	11.4
43785	362836800	10.6
43785	365515200	12.2
43785	368193600	17.3
43785	370785600	20
43785	373464000	21.1
43785	376056000	25.1
43785	378734400	27.7
43785	381412800	27.2
43785	383832000	22.8
43785	386510400	18.4
43785	389102400	15.3
43785	391780800	9.7
43785	394372800	9
43785	397051200	14.7
43785	399729600	15.3
43785	402321600	18.8
43785	4.05e+08	23.9
43785	407592000	25.6
43785	410270400	24.8
43785	412948800	28.4
43785	415368000	24.8
43785	418046400	16.5
43785	420638400	14.7
43785	423316800	11.3
43785	425908800	10.3
43785	428587200	13.1
43785	431265600	17.3
43785	433857600	18.2
43785	436536000	20.8
43785	439128000	25.3
43785	441806400	24.3
43785	444484800	25.1
43785	446990400	20.8
43786	202478400	11.4
43786	205070400	10.3
43786	207748800	10.8
43786	210427200	14.4
43786	213019200	16.4
43786	215697600	21.7
43786	218289600	25.2
43786	220968000	27
43787	347198400	28.3
43787	349876800	25.8
43787	352296000	19.5
43787	354974400	18.5
43787	357566400	13.2
43787	360244800	10.2
43787	362836800	9.7
43787	365515200	10.7
43787	368193600	15.2
43787	370785600	18.1
43787	373464000	19.3
43788	694267200	24.3
43788	696945600	24.9
43788	699451200	24.7
43788	702129600	18.8
43788	704721600	14
43788	707400000	11
43788	709992000	10.8
43788	712670400	10.6
43788	715348800	13.3
43788	717940800	18.3
43788	720619200	18.6
43788	723211200	23.4
43788	725889600	26
43789	1265025600	26.6
43789	1267444800	23.7
43789	1270123200	20.9
43789	1272715200	14.8
43789	1275393600	12.3
43789	1277985600	10.8
43789	1280664000	11.1
43789	1283342400	15.2
43789	1285934400	18.9
43789	1288612800	21.2
43789	1291204800	24.2
43789	1293883200	29.4
43789	1296561600	27.1
43789	1298980800	23
43789	1301659200	18.4
43789	1304251200	13.2
43789	1306929600	11.6
43789	1309521600	10.6
43789	1312200000	15
43789	1314878400	17
43789	1317470400	20.8
43789	1320148800	24.1
43790	-1599048000	12.8
43790	-1596369600	10.4
43790	-1593777600	8.6
43790	-1591099200	11.4
43791	452260800	14.3
43791	454939200	11.6
43791	457531200	10.4
43791	460209600	11.7
43791	462888000	12.2
43791	465480000	17.2
43791	468158400	22.4
43791	470750400	22.4
43791	473428800	25.2
43791	476107200	25.1
43792	378734400	26.3
43792	381412800	24.9
43792	383832000	21.1
43792	386510400	17.3
43792	389102400	14
43792	391780800	8.1
43792	394372800	8.1
43792	397051200	13.2
43792	399729600	13.7
43792	402321600	17.1
43792	4.05e+08	22.3
43793	733665600	20
43793	736257600	14.4
43793	738936000	10.5
43793	741528000	10.9
43793	744206400	12.4
43793	746884800	14.7
43793	749476800	16.7
43793	752155200	21.9
43793	754747200	23.1
43793	757425600	25.4
43793	760104000	26.2
43793	762523200	20.7
43793	765201600	17.5
43793	767793600	14.1
43793	770472000	12.3
43793	773064000	10.1
43793	775742400	10.4
43793	778420800	14
43793	781012800	18.5
43793	783691200	22.2
43793	786283200	26.8
43793	788961600	26.2
43793	791640000	25.3
43793	794059200	21.1
43793	796737600	15.6
43793	799329600	14.2
43793	802008000	11.4
43793	804600000	9.7
43793	807278400	13.7
43793	809956800	14.9
43793	812548800	17.7
43793	815227200	22.3
43793	817819200	23.1
43793	820497600	26
43793	823176000	23.5
43793	825681600	23.1
43793	828360000	15.9
43793	830952000	13.8
43793	833630400	12.3
43793	836222400	10.3
43793	838900800	12.1
43793	841579200	15.5
43793	844171200	18.8
43793	846849600	20.2
43793	849441600	24.6
43793	852120000	26.8
43793	854798400	30.2
43793	857217600	21.5
43793	859896000	17.9
43793	862488000	14.7
43793	865166400	11.1
43793	867758400	8.7
43793	870436800	11.2
43793	873115200	14.4
43793	875707200	19.2
43793	878385600	24.7
43793	880977600	26.6
43793	883656000	26.3
43793	886334400	25.5
43793	888753600	23.6
43793	891432000	17.2
43793	894024000	14.1
43793	896702400	10.5
43793	899294400	9.1
43793	901972800	12.6
43793	904651200	16
43793	907243200	17
43793	909921600	21.1
43793	912513600	25.9
43793	915192000	30.1
43793	917870400	26.2
43793	920289600	23.6
43793	922968000	16.4
43793	925560000	14.8
43793	928238400	11.4
43793	930830400	11.6
43793	933508800	12.2
43793	936187200	17.7
43793	938779200	19.7
43793	941457600	20.1
43793	944049600	22.8
43793	946728000	24.6
43793	949406400	27.8
43793	951912000	22.7
43793	954590400	18.4
43793	957182400	12.5
43793	959860800	10.3
43793	962452800	10.5
43793	965131200	10.9
43793	967809600	16.6
43793	970401600	18.2
43793	973080000	23.3
43793	975672000	26.3
43793	978350400	30.7
43793	981028800	28.7
43793	983448000	21.9
43793	986126400	18.2
43793	988718400	14
43793	991396800	11.5
43793	993988800	9.9
43793	996667200	12.1
43793	999345600	17
43793	1001937600	17
43793	1004616000	21.3
43793	1007208000	23.7
43793	1009886400	25.7
43793	1012564800	24.6
43793	1014984000	23.6
43793	1017662400	21.1
43793	1020254400	14.3
43793	1022932800	11.6
43793	1025524800	11.6
43793	1028203200	12.5
43793	1030881600	16.9
43793	1033473600	19.3
43793	1036152000	24.7
43793	1038744000	26.3
43793	1041422400	28.5
43793	1044100800	28.1
43793	1046520000	22.6
43793	1049198400	19.5
43793	1051790400	14.7
43793	1054468800	12.4
43793	1057060800	10.8
43793	1059739200	11
43793	1062417600	15.5
43793	1065009600	16.1
43793	1067688000	23.6
43793	1070280000	27.9
43793	1072958400	27.4
43793	1075636800	29.6
43793	1078142400	22.8
43793	1080820800	19.6
43793	1083412800	12.9
43793	1086091200	11.7
43793	1088683200	9.8
43793	1091361600	13.1
43793	1094040000	15.8
43793	1096632000	20.6
43793	1099310400	22.6
43793	1101902400	25.4
43793	1104580800	28.4
43793	1107259200	24.5
43793	1109678400	22.4
43793	1112356800	22.6
43793	1114948800	15.2
43793	1117627200	12.7
43793	1120219200	11.5
43793	1122897600	12.1
43793	1125576000	14.4
43793	1128168000	19.3
43793	1130846400	23.7
43793	1133438400	26
43793	1136116800	31.2
43793	1138795200	27.4
43793	1141214400	24.8
43793	1143892800	16.7
43793	1146484800	12.4
43793	1149163200	9.4
43793	1151755200	10.3
43793	1154433600	11.7
43793	1157112000	16.3
43793	1159704000	20
43793	1162382400	23.8
43793	1164974400	26.1
43793	1167652800	27.8
43793	1170331200	28.5
43793	1172750400	24.9
43793	1175428800	19.6
43793	1178020800	16.2
43793	1180699200	8.6
43793	1183291200	10.4
43793	1185969600	14.2
43793	1188648000	15.9
43793	1191240000	20.5
43793	1193918400	24.3
43793	1196510400	26.1
43793	1199188800	28.6
43793	1201867200	24.6
43793	1204372800	24.5
43793	1207051200	17.3
43793	1209643200	14
43793	1212321600	12.4
43793	1214913600	10.6
43793	1217592000	11.2
43793	1220270400	16.2
43793	1222862400	20.8
43793	1225540800	22
43793	1228132800	24.4
43793	1230811200	29.4
43793	1233489600	27.4
43793	1235908800	23
43793	1238587200	18.3
43793	1241179200	13.8
43793	1243857600	12
43793	1246449600	11.1
43793	1249128000	14.1
43793	1251806400	16.2
43793	1254398400	19.4
43793	1257076800	27.1
43793	1259668800	26.1
43793	1262347200	28.4
43793	1265025600	26.9
43793	1267444800	22.2
43793	1270123200	19.1
43793	1272715200	14
43793	1275393600	11.1
43793	1277985600	9.3
43793	1280664000	10.2
43793	1283342400	13.6
43793	1285934400	17.8
43793	1288612800	20.9
43793	1291204800	23.3
43793	1293883200	26.8
43793	1296561600	26.2
43793	1298980800	21.8
43793	1301659200	16.7
43793	1304251200	11.8
43793	1306929600	10.6
43793	1309521600	10.3
43793	1312200000	13.4
43793	1314878400	16.2
43793	1317470400	19.2
43793	1320148800	23.6
43793	1322740800	24.5
43794	481204800	18.4
43794	483796800	14.5
43794	486475200	11.4
43794	489067200	10.4
43794	491745600	13.1
43794	494424000	14.5
43794	497016000	19.7
43794	499694400	21.6
43795	239284800	14.9
43795	241963200	15.2
43795	244555200	21.4
43796	410270400	22.3
43796	412948800	27.4
43796	415368000	22.8
43796	418046400	15.1
43796	420638400	13.1
43796	423316800	10.1
43796	425908800	9.2
43796	428587200	11.2
43796	431265600	14.3
43796	433857600	17.3
43796	436536000	19.6
43796	439128000	23.5
43796	441806400	23
43796	444484800	23.2
43796	446990400	19.2
43796	449668800	17.2
43796	452260800	13.3
43796	454939200	10.5
43796	457531200	9
43796	460209600	11.2
43796	462888000	11.8
43796	465480000	16.7
43796	468158400	20.2
43796	470750400	21.3
43796	473428800	23.8
43796	476107200	24.7
43797	504964800	25
43797	507643200	24.9
43797	510062400	25.6
43797	512740800	19.7
43797	515332800	14.9
43797	518011200	11.1
43797	520603200	11
43797	523281600	12.6
43798	252504000	27.3
43798	255182400	27.8
43798	257601600	23.8
43799	481204800	17.4
43799	483796800	13.3
43799	486475200	9.6
43800	-1572696000	20
43800	-1570017600	14.7
43800	-1567425600	11.8
43800	-1564747200	10.1
43800	-1562155200	9.3
43800	-1559476800	9.5
43800	-1556798400	13.5
43800	-1554206400	18.1
43800	-1551528000	22.5
43800	-1548936000	23.8
43800	-1546257600	26.5
43801	654782400	20.1
43801	657460800	24.5
43801	660052800	27.3
43801	662731200	28.1
43801	665409600	27.8
43801	667828800	23.4
43801	670507200	18.1
43801	673099200	13.8
43801	675777600	14.6
43801	678369600	10.9
43801	681048000	13.1
43801	683726400	15.9
43801	686318400	20.2
43801	688996800	21.6
43801	691588800	24
43801	694267200	24.5
43801	696945600	26.4
43801	699451200	25.1
43801	702129600	19.2
43801	704721600	13.9
43801	707400000	11.6
43801	709992000	10.9
43801	712670400	11.5
43801	715348800	13.5
43801	717940800	18.9
43801	720619200	19
43802	270820800	10.4
43802	273499200	13.8
43802	276091200	18.4
43802	278769600	21.8
43802	281361600	23.9
43802	284040000	30.6
43803	491745600	11.3
43803	494424000	12.5
43803	497016000	18.5
43803	499694400	20.1
43804	725889600	26
43804	728568000	25.4
43804	730987200	22.8
43804	733665600	20
43804	736257600	14.6
43804	738936000	10.8
43804	741528000	11.8
43804	744206400	13.6
43804	746884800	15.2
43804	749476800	17.3
43804	752155200	22.7
43804	754747200	23.8
43804	757425600	25.9
43804	760104000	25.7
43804	762523200	21.5
43804	765201600	18.3
43804	767793600	14.3
43804	770472000	12.4
43804	773064000	10.4
43804	775742400	11.2
43804	778420800	14.8
43804	781012800	19.1
43804	783691200	22.6
43804	786283200	27.6
43804	788961600	26.8
43804	791640000	25.6
43804	794059200	21.8
43804	796737600	16.5
43804	799329600	14.6
43804	802008000	12.6
43804	804600000	10.5
43804	807278400	14.2
43804	809956800	16.4
43804	812548800	18.6
43804	815227200	22.6
43804	817819200	23.2
43804	820497600	26.5
43804	823176000	24.5
43804	825681600	23
43804	828360000	16.2
43804	830952000	14
43804	833630400	13.1
43804	836222400	11.4
43804	838900800	12.7
43804	841579200	16
43804	844171200	19.2
43804	846849600	20.6
43804	849441600	24.6
43804	852120000	26.7
43804	854798400	29.9
43804	857217600	21.7
43804	859896000	18.2
43804	862488000	15
43804	865166400	11.6
43804	867758400	9.4
43804	870436800	11.6
43804	873115200	15.7
43804	875707200	19.7
43804	878385600	24.5
43804	880977600	26.8
43804	883656000	26.6
43804	886334400	25.9
43804	888753600	23.8
43804	891432000	17.6
43804	894024000	14.9
43804	896702400	11.2
43804	899294400	10.2
43804	901972800	13.9
43804	904651200	17
43804	907243200	19.1
43804	909921600	22.3
43804	912513600	25.4
43804	915192000	30.2
43804	917870400	26.2
43804	920289600	23.4
43804	922968000	17
43804	925560000	15.4
43804	928238400	11.9
43804	930830400	12
43804	933508800	13.2
43804	936187200	18.2
43804	938779200	20.2
43804	941457600	19.8
43804	944049600	23.5
43804	946728000	25.3
43804	949406400	28.3
43804	951912000	23.6
43804	954590400	19.7
43804	957182400	13.6
43804	959860800	11.2
43804	962452800	11.2
43804	965131200	12.5
43804	967809600	17.5
43804	970401600	19
43804	973080000	24.3
43804	975672000	26.8
43804	978350400	30.9
43804	981028800	29.1
43804	983448000	22.6
43804	986126400	18.6
43804	988718400	14.9
43804	991396800	12.2
43804	993988800	10.8
43804	996667200	13.3
43804	999345600	17.4
43804	1001937600	17.6
43804	1004616000	21.5
43804	1007208000	23.6
43804	1009886400	25.8
43804	1012564800	24.9
43804	1014984000	23.6
43804	1017662400	21.3
43804	1020254400	15.2
43804	1022932800	12.3
43804	1025524800	12.2
43804	1028203200	12.9
43804	1030881600	16.5
43804	1033473600	19.3
43804	1036152000	24.8
43804	1038744000	26.1
43804	1041422400	29
43804	1044100800	28.4
43804	1046520000	22.7
43804	1049198400	19.6
43804	1051790400	14.8
43804	1054468800	11.9
43804	1057060800	10.9
43804	1059739200	11.5
43804	1062417600	16.4
43804	1065009600	17.3
43804	1067688000	24.1
43804	1070280000	27.3
43804	1072958400	26.1
43804	1075636800	29.2
43804	1078142400	23.2
43804	1080820800	20.8
43804	1083412800	13.1
43804	1086091200	11.7
43804	1088683200	10.9
43804	1091361600	13.2
43804	1094040000	15.8
43804	1096632000	21.2
43804	1099310400	22.5
43804	1101902400	24.9
43804	1104580800	28.3
43804	1107259200	24.8
43804	1109678400	23.1
43804	1112356800	22.4
43804	1114948800	16
43804	1117627200	12.8
43804	1120219200	11.5
43804	1122897600	13
43804	1125576000	15.6
43804	1128168000	19.8
43804	1130846400	23.5
43804	1133438400	26.5
43804	1136116800	31.3
43804	1138795200	27.6
43804	1141214400	24.3
43805	504964800	23.2
43805	507643200	22.4
43805	510062400	23.5
43805	512740800	17.4
43805	515332800	13.6
43805	518011200	10.1
43805	520603200	9.6
43805	523281600	11.1
43805	525960000	13.3
43805	528552000	14.6
43805	531230400	19.5
43805	533822400	20.6
43805	536500800	21.7
43805	539179200	23.6
43805	541598400	19.6
43805	544276800	17.2
43805	546868800	13.2
43805	549547200	10.9
43805	552139200	9.4
43805	554817600	11
43805	557496000	13.9
43805	560088000	15.6
43806	-1535889600	15.2
43806	-1533211200	9.9
43806	-1530619200	9.7
43806	-1527940800	10.2
43806	-1525262400	14.7
43807	305035200	15.1
43807	307627200	18.5
43807	310305600	24.9
43807	312897600	26.6
43807	315576000	25.9
43807	318254400	26.5
43807	320760000	24.4
43807	323438400	20.1
43807	326030400	15.8
43807	328708800	11.9
43807	331300800	11
43807	333979200	13.3
43808	565358400	22.4
43808	568036800	26.6
43808	570715200	23
43808	573220800	22.5
43808	575899200	18.3
43808	578491200	14.8
43808	581169600	10.7
43808	583761600	10.6
43808	586440000	11.4
43808	589118400	14.7
43809	1151755200	10.2
43809	1154433600	12.9
43809	1157112000	17.3
43809	1159704000	20.4
43809	1162382400	24.5
43809	1164974400	26.4
43809	1167652800	26.9
43810	339249600	21.1
43810	341928000	24.2
43810	344520000	27.2
43810	347198400	31
43810	349876800	29.7
43810	352296000	21.7
43810	354974400	20.7
43810	357566400	15.2
43810	360244800	11.7
43810	362836800	10.7
43810	365515200	11.8
43810	368193600	16.7
43810	370785600	19.8
43810	373464000	22.1
43810	376056000	25.6
43810	378734400	28.4
43810	381412800	27.6
43810	383832000	23.6
43810	386510400	19
43810	389102400	13.6
43810	391780800	9.3
43810	394372800	9
43810	397051200	14.9
43810	399729600	14.9
43810	402321600	18.6
43810	4.05e+08	25.2
43810	407592000	26.9
43810	410270400	26.8
43810	412948800	30.1
43810	415368000	26.3
43810	418046400	17.2
43810	420638400	15.1
43810	423316800	10.9
43810	425908800	9.4
43810	428587200	13.1
43810	431265600	17.4
43810	433857600	19.2
43810	436536000	21.4
43810	439128000	26.3
43810	441806400	24
43810	444484800	25.3
43811	594388800	18.7
43811	596980800	23.3
43811	599659200	22.2
43811	602337600	24.2
43811	604756800	22.5
43811	607435200	17.8
43811	610027200	13.9
43811	612705600	9.4
43811	615297600	8.9
43811	617976000	9.5
43811	620654400	13.3
43811	623246400	17.1
43811	625924800	21.1
43811	628516800	21.6
43811	631195200	24.9
43811	633873600	23.8
43811	636292800	22.5
43811	638971200	17.9
43811	641563200	12.8
43811	644241600	9.5
43811	646833600	10.4
43811	649512000	10.6
43811	652190400	14.1
43811	654782400	17.5
43811	657460800	22.3
43811	660052800	23.6
43811	662731200	25.4
43811	665409600	24.8
43811	667828800	20.4
43811	670507200	15.7
43811	673099200	13.1
43811	675777600	12.6
43811	678369600	9.4
43811	681048000	11
43811	683726400	13.1
43811	686318400	18.4
43811	688996800	19.1
43812	452260800	13.8
43812	454939200	11.2
43812	457531200	9.3
43812	460209600	12.3
43812	462888000	12.8
43812	465480000	18.5
43812	468158400	22.7
43812	470750400	25
43812	473428800	26.3
43813	694267200	21.9
43813	696945600	22.7
43813	699451200	22.7
43813	702129600	16.9
43814	1183291200	10.8
43814	1185969600	13.7
43815	478526400	24.8
43815	481204800	17.8
43815	483796800	15
43815	486475200	10.3
43815	489067200	10.3
43815	491745600	12
43815	494424000	13.4
43815	497016000	18.7
43815	499694400	22.4
43815	502286400	24.4
43815	504964800	26.2
43815	507643200	26.5
43815	510062400	26.3
43815	512740800	19.6
43815	515332800	14.5
43815	518011200	10.2
43815	520603200	10.2
43815	523281600	11.6
43816	-1504353600	13.9
43816	-1501675200	9.7
43816	-1499083200	9.9
43816	-1496404800	10.5
43816	-1493726400	13
43816	-1491134400	16.7
43816	-1488456000	21
43816	-1485864000	22.5
43816	-1483185600	23
43817	1191240000	20.4
43817	1193918400	24.4
43818	528552000	17.4
43818	531230400	22.6
43819	712670400	9.7
43819	715348800	12.1
43819	717940800	16.9
43819	720619200	17.1
43819	723211200	22.5
43820	-1478088000	21.1
43820	-1475409600	19.4
43821	1199188800	28.4
43821	1201867200	24.4
43821	1204372800	25.7
43821	1207051200	17.6
43822	539179200	27
43822	541598400	20.6
43823	728568000	24.7
43823	730987200	20.5
43824	1214913600	10.3
43824	1217592000	10.7
43824	1220270400	16.5
43824	1222862400	21.1
43824	1225540800	22.1
43824	1228132800	24.6
43824	1230811200	29.1
43825	546868800	14.2
43825	549547200	11.6
43825	552139200	9.8
43826	741528000	10.4
43826	744206400	12.4
43826	746884800	14
43826	749476800	15.6
43826	752155200	19
43826	754747200	20.8
43826	757425600	22.4
43826	760104000	23.7
43826	762523200	19.5
43826	765201600	16.4
43826	767793600	12.7
43826	770472000	11.1
43826	773064000	9.5
43826	775742400	9.8
43826	778420800	12.5
43826	781012800	16.9
43826	783691200	19.7
43826	786283200	24.2
43826	788961600	24.7
43826	791640000	23.6
43826	794059200	19.5
43826	796737600	14.3
43826	799329600	13.2
43826	802008000	10.7
43826	804600000	8.8
43826	807278400	11.6
43826	809956800	13.1
43826	812548800	16.1
43826	815227200	19.7
43826	817819200	20.5
43826	820497600	23.5
43826	823176000	21.6
43826	825681600	20.8
43826	828360000	15
43826	830952000	13.2
43826	833630400	11.2
43826	836222400	9.6
43826	838900800	11
43826	841579200	13.3
43826	844171200	16.9
43826	846849600	17.6
43826	849441600	20.9
43826	852120000	24.3
43826	854798400	27.8
43826	857217600	18.9
43826	859896000	16.2
43826	862488000	13.6
43826	865166400	10.3
43826	867758400	8.3
43826	870436800	10.2
43826	873115200	13.3
43826	875707200	17.4
43826	878385600	21.7
43826	880977600	23.5
43826	883656000	24
43826	886334400	23
43826	888753600	21.8
43826	891432000	15.8
43826	894024000	13.3
43826	896702400	10
43826	899294400	8.3
43826	901972800	11.8
43826	904651200	15.1
43826	907243200	16.5
43826	909921600	19.3
43826	912513600	23.5
43826	915192000	27.6
43827	1235908800	23.4
43827	1238587200	18.4
43827	1241179200	14.1
43827	1243857600	12.3
43827	1246449600	11.3
43827	1249128000	14
43827	1251806400	16.6
43827	1254398400	18.9
43827	1257076800	26.8
43827	1259668800	26.4
43827	1262347200	28.4
43827	1265025600	26.8
43827	1267444800	23.1
43827	1270123200	19.7
43827	1272715200	14.4
43827	1275393600	12.2
43827	1277985600	10.3
43827	1280664000	11.5
43827	1283342400	15.1
43827	1285934400	18.6
43827	1288612800	21
43827	1291204800	23.9
43827	1293883200	27.8
43827	1296561600	26.1
43827	1298980800	21.7
43827	1301659200	18.2
43827	1304251200	12.9
43827	1306929600	11.5
43827	1309521600	10.5
43827	1312200000	14.7
43827	1314878400	17.1
43827	1317470400	19.5
43827	1320148800	23.5
43827	1322740800	24.7
43828	557496000	14.7
43828	560088000	18.8
43828	562766400	23.2
43828	565358400	26.2
43828	568036800	29
43828	570715200	25.6
43828	573220800	23.8
43828	575899200	19.6
43828	578491200	15.1
43828	581169600	12
43828	583761600	11.1
43828	586440000	12.3
43829	928238400	11.4
43829	930830400	11
43829	933508800	11.2
43829	936187200	15.9
43829	938779200	17.7
43829	941457600	17.9
43829	944049600	21.2
43829	946728000	24.1
43829	949406400	26.1
43829	951912000	22.3
43829	954590400	17.5
43829	957182400	11.7
43829	959860800	9.6
43829	962452800	9.6
43829	965131200	10.2
43829	967809600	14.7
43829	970401600	16.6
43829	973080000	22.8
43829	975672000	23.9
43829	978350400	28.4
43829	981028800	27.2
43829	983448000	20.6
43829	986126400	16.6
43829	988718400	12.9
43829	991396800	11
43829	993988800	9.8
43829	996667200	11.4
43829	999345600	16.4
43829	1001937600	15.6
43829	1004616000	19.2
43829	1007208000	20.3
43829	1009886400	23.6
43829	1012564800	22.8
43829	1014984000	22.7
43829	1017662400	18.9
43829	1020254400	13.3
43829	1022932800	11.3
43829	1025524800	10.6
43829	1028203200	11.4
43829	1030881600	14.8
43829	1033473600	17.2
43829	1036152000	22.4
43829	1038744000	23.2
43829	1041422400	25.5
43829	1044100800	25.5
43829	1046520000	20.1
43829	1049198400	18.3
43829	1051790400	13.5
43829	1054468800	11.3
43829	1057060800	10.1
43829	1059739200	10.4
43829	1062417600	13.1
43829	1065009600	14.3
43829	1067688000	20.2
43829	1070280000	25.1
43829	1072958400	23.6
43829	1075636800	26.5
43829	1078142400	21.1
43829	1080820800	17.6
43829	1083412800	11.8
43829	1086091200	10.4
43829	1088683200	9.4
43829	1091361600	11
43829	1094040000	13
43829	1096632000	18.4
43829	1099310400	19.3
43829	1101902400	22.1
43829	1104580800	24.6
43829	1107259200	22.2
43829	1109678400	21.2
43829	1112356800	20.4
43829	1114948800	13.9
43829	1117627200	10.6
43829	1120219200	10
43829	1122897600	11.5
43829	1125576000	13.3
43829	1128168000	16.9
43829	1130846400	20.7
43829	1133438400	23.2
43829	1136116800	27.7
43829	1138795200	24.1
43829	1141214400	22.7
43829	1143892800	14.6
43829	1146484800	11.5
43829	1149163200	9.1
43829	1151755200	9.9
43829	1154433600	11.3
43829	1157112000	14.5
43829	1159704000	17.4
43829	1162382400	20.8
43829	1164974400	22.7
43829	1167652800	25.1
43829	1170331200	26.2
43829	1172750400	21.9
43829	1175428800	18.4
43829	1178020800	15.1
43829	1180699200	8.5
43829	1183291200	9.4
43829	1185969600	12.5
43829	1188648000	14.4
43829	1191240000	17.9
43829	1193918400	23.1
43829	1196510400	23.7
43829	1199188800	26
43829	1201867200	22.6
43829	1204372800	23.5
43829	1207051200	16.3
43829	1209643200	12.9
43829	1212321600	12
43829	1214913600	9.8
43829	1217592000	9.8
43829	1220270400	14.5
43829	1222862400	18.4
43829	1225540800	19.8
43829	1228132800	21.2
43829	1230811200	26.1
43829	1233489600	25.6
43829	1235908800	21.2
43829	1238587200	16.6
43829	1241179200	13.7
43829	1243857600	10.8
43829	1246449600	10.3
43829	1249128000	12.6
43829	1251806400	14.4
43829	1254398400	17.6
43829	1257076800	24.8
43829	1259668800	23.6
43829	1262347200	26.4
43829	1265025600	25.7
43829	1267444800	21.6
43829	1270123200	18.1
43829	1272715200	13.3
43829	1275393600	10.8
43829	1277985600	9.1
43829	1280664000	10
43829	1283342400	12.2
43829	1285934400	16.4
43829	1288612800	19.8
43829	1291204800	21.7
43829	1293883200	25.1
43829	1296561600	24
43829	1298980800	20.2
43829	1301659200	16.5
43829	1304251200	12
43829	1306929600	10.6
43829	1309521600	9.9
43829	1312200000	12.8
43829	1314878400	14.4
43829	1317470400	17.8
43829	1320148800	21.6
43830	-1459598400	15.6
43830	-1456920000	18.3
43831	591710400	21.4
43831	594388800	22.1
43831	596980800	26.5
43832	612705600	10
43832	615297600	9.6
43833	623246400	19.3
43833	625924800	23.4
43834	-1438516800	8.8
43834	-1435924800	9.5
43834	-1433246400	11
43834	-1430568000	13.3
43835	631195200	28.7
43835	633873600	25
43836	638971200	18.7
43836	641563200	15
43836	644241600	10.9
43836	646833600	10.9
43836	649512000	11.7
43837	-1414929600	21.1
43837	-1412251200	17.8
43837	-1409659200	13.3
43837	-1406980800	10.8
43837	-1404388800	9.8
43837	-1401710400	9.7
43837	-1399032000	12.4
43837	-1396440000	16.7
43837	-1393761600	20.9
43837	-1391169600	22.8
43837	-1388491200	22.2
43838	-1383393600	22.1
43838	-1380715200	17.4
43838	-1378123200	12.3
43838	-1375444800	9.7
43838	-1372852800	10.8
43838	-1370174400	11.1
43838	-1367496000	15.2
43838	-1364904000	17.6
43839	675777600	14.5
43839	678369600	10.8
43839	681048000	12.5
43840	688996800	22.4
43840	691588800	23.2
43840	694267200	24.9
43841	-1346587200	12.5
43841	-1343908800	8.9
43841	-1341316800	10.2
43841	-1338638400	10.5
43841	-1335960000	13.7
43842	-1322740800	22.9
43842	-1320235200	22.1
43843	704721600	13.8
43843	707400000	10.9
43843	709992000	11
43843	712670400	11.7
43843	715348800	14.2
43843	717940800	19.3
43843	720619200	19.9
43843	723211200	24
43843	725889600	27.1
43844	-1314964800	12.6
43844	-1312286400	9.5
43844	-1309694400	9.9
43844	-1307016000	12.3
43844	-1304337600	15.8
43844	-1301745600	15.7
43844	-1299067200	20.7
43845	730987200	23.5
43845	733665600	21
43845	736257600	14.6
43845	738936000	10.4
43845	741528000	11.3
43845	744206400	13.4
43845	746884800	15.2
43845	749476800	18
43845	752155200	23.6
43845	754747200	24.4
43845	757425600	27.2
43845	760104000	27
43845	762523200	21.8
43845	765201600	18.7
43845	767793600	14.3
43845	770472000	12.6
43845	773064000	10.4
43845	775742400	10.6
43845	778420800	14.9
43845	781012800	19.5
43845	783691200	23.2
43845	786283200	27.8
43845	788961600	27.3
43845	791640000	26.1
43845	794059200	22.1
43845	796737600	16.1
43845	799329600	14.7
43845	802008000	12.2
43845	804600000	10.2
43845	807278400	14.5
43845	809956800	16
43845	812548800	19.1
43845	815227200	23.6
43845	817819200	24.4
43845	820497600	27
43845	823176000	24.8
43845	825681600	24.2
43845	828360000	16.9
43845	830952000	14.3
43845	833630400	13.3
43845	836222400	11.1
43845	838900800	12.5
43845	841579200	16.3
43845	844171200	19.9
43845	846849600	21.4
43845	849441600	26.3
43845	852120000	27.1
43845	854798400	29.8
43846	859896000	18.3
43846	862488000	15.3
43846	865166400	11.3
43846	867758400	8.6
43846	870436800	11.3
43846	873115200	15.7
43846	875707200	20.2
43846	878385600	25
43846	880977600	27.5
43846	883656000	27.9
43846	886334400	26.6
43846	888753600	25
43846	891432000	18.1
43846	894024000	14.5
43846	896702400	11.1
43846	899294400	9.7
43846	901972800	13.2
43846	904651200	16.7
43846	907243200	19.2
43846	909921600	22.4
43846	912513600	26.3
43846	915192000	30.9
43846	917870400	26.5
43846	920289600	24.6
43846	922968000	17.4
43846	925560000	15.8
43846	928238400	11.7
43846	930830400	11.8
43846	933508800	13
43846	936187200	18.2
43846	938779200	20.5
43846	941457600	20.5
43846	944049600	23
43846	946728000	24.9
43846	949406400	27.8
43846	951912000	23.8
43846	954590400	19.1
43846	957182400	13.3
43846	959860800	10.8
43846	962452800	10.9
43846	965131200	12.4
43846	967809600	17.8
43846	970401600	19.3
43846	973080000	24.6
43846	975672000	27.6
43846	978350400	31.6
43846	981028800	30.2
43846	983448000	23.1
43846	986126400	19.4
43846	988718400	14.1
43846	991396800	12.1
43846	993988800	10.3
43846	996667200	12.3
43846	999345600	18.4
43846	1001937600	17.5
43846	1004616000	22.3
43846	1007208000	25
43846	1009886400	26.8
43846	1012564800	25
43846	1014984000	24
43846	1017662400	21.5
43846	1020254400	14.8
43846	1022932800	11.9
43846	1025524800	11.4
43846	1028203200	12.9
43846	1030881600	17.2
43846	1033473600	19.8
43846	1036152000	25.8
43846	1038744000	26.5
43846	1041422400	29.7
43846	1044100800	28.6
43846	1046520000	22.6
43846	1049198400	19.7
43846	1051790400	15.2
43846	1054468800	12.1
43846	1057060800	10.8
43846	1059739200	11.1
43846	1062417600	16.2
43846	1065009600	17.7
43846	1067688000	23.5
43846	1070280000	28
43846	1072958400	28.3
43846	1075636800	30.1
43846	1078142400	23.9
43846	1080820800	20
43846	1083412800	12.6
43846	1086091200	11.7
43846	1088683200	10
43846	1091361600	13
43846	1094040000	15.7
43846	1096632000	21
43846	1099310400	23
43846	1101902400	25.6
43846	1104580800	28.6
43846	1107259200	25.6
43846	1109678400	22.9
43846	1112356800	22.9
43846	1114948800	15.4
43846	1117627200	13.1
43846	1120219200	11.3
43846	1122897600	12.5
43846	1125576000	14.8
43846	1128168000	20.7
43846	1130846400	24.3
43846	1133438400	27.4
43846	1136116800	31.8
43846	1138795200	28.8
43846	1141214400	25.2
43846	1143892800	17.3
43846	1146484800	12.5
43846	1149163200	9.8
43846	1151755200	10.7
43846	1154433600	12.6
43846	1157112000	16.9
43846	1159704000	21.5
43846	1162382400	25.3
43846	1164974400	26.2
43846	1167652800	27.7
43846	1170331200	29.2
43846	1172750400	25.7
43846	1175428800	20.2
43846	1178020800	16.3
43846	1180699200	9.3
43846	1183291200	10.7
43846	1185969600	14.1
43847	-1286020800	16.1
43847	-1283428800	12.5
43848	1191240000	20.7
43848	1193918400	24.3
43848	1196510400	26.9
43848	1199188800	29.1
43848	1201867200	25.1
43848	1204372800	24.6
43848	1207051200	17.8
43848	1209643200	15
43848	1212321600	12.8
43848	1214913600	10.4
43848	1217592000	10.8
43848	1220270400	16.9
43848	1222862400	21.8
43848	1225540800	23
43848	1228132800	25.4
43848	1230811200	29.5
43848	1233489600	27.7
43848	1235908800	24.3
43848	1238587200	19.3
43848	1241179200	14.2
43849	-1278158400	7.8
43849	-1275480000	10.2
43849	-1272801600	13
43849	-1270209600	16
43849	-1267531200	18
43849	-1264939200	20
43849	-1262260800	23.3
43850	1246449600	11.7
43850	1249128000	14.5
43850	1251806400	17.1
43850	1254398400	19.4
43850	1257076800	27.5
43850	1259668800	26.1
43850	1262347200	28.8
43850	1265025600	26.6
43850	1267444800	23
43850	1270123200	20.2
43850	1272715200	14.4
43850	1275393600	12
43850	1277985600	10.3
43850	1280664000	11
43850	1283342400	14.9
43850	1285934400	18.6
43850	1288612800	20.9
43850	1291204800	24.3
43850	1293883200	28.4
43850	1296561600	26.7
43850	1298980800	22.9
43850	1301659200	18.1
43850	1304251200	12.8
43850	1306929600	11.4
43850	1309521600	10.5
43850	1312200000	14.4
43850	1314878400	16.6
43850	1317470400	20
43850	1320148800	23.7
43850	1322740800	25.1
43850	1325419200	27.5
43850	1328097600	25.7
43850	1330603200	21.6
43850	1333281600	18.9
43850	1335873600	13.6
43850	1338552000	10.5
43850	1341144000	10.3
43850	1343822400	12.2
43850	1346500800	15.9
43850	1349092800	19.9
43850	1351771200	25.3
43850	1354363200	27.6
43850	1357041600	30.1
43850	1359720000	27.9
43850	1362139200	24
43850	1364817600	19.3
43850	1367409600	15.4
43850	1370088000	12
43850	1372680000	12.4
43850	1375358400	14.1
43850	1378036800	19.8
43850	1380628800	20.4
43850	1383307200	22.4
43850	1385899200	26.6
43851	-1251892800	13
43851	-1249214400	9.5
43851	-1246622400	11.8
43851	-1243944000	10.9
43851	-1241265600	13.7
43851	-1238673600	18.3
43851	-1235995200	20.3
43851	-1233403200	23.5
43851	-1230724800	21.9
43852	-1225627200	19.7
43852	-1222948800	15.4
43852	-1220356800	13
43852	-1217678400	9.7
43852	-1215086400	9.8
43852	-1212408000	11.2
43852	-1209729600	14.1
43852	-1207137600	16.2
43852	-1204459200	19.8
43852	-1201867200	24.1
43852	-1199188800	26.5
43852	-1196510400	20.9
43852	-1194004800	20.1
43852	-1191326400	16
43852	-1188734400	13.6
43852	-1186056000	9.5
43852	-1183464000	9.2
43852	-1180785600	11
43852	-1178107200	14.4
43852	-1175515200	14.5
43852	-1172836800	20.5
43852	-1170244800	21.4
43852	-1167566400	22.1
43852	-1164888000	23.9
43852	-1162468800	20.7
43852	-1159790400	16.5
43852	-1157198400	13.3
43852	-1154520000	11.3
43852	-1151928000	9.8
43852	-1149249600	9.7
43852	-1146571200	13.3
43852	-1143979200	18
43852	-1141300800	20.5
43852	-1138708800	21.8
43852	-1136030400	24.7
43852	-1133352000	23.8
43852	-1130932800	24.3
43852	-1128254400	15.8
43852	-1125662400	14.1
43852	-1122984000	9.9
43852	-1120392000	10
43852	-1117713600	11.3
43852	-1115035200	14.9
43852	-1112443200	15.8
43852	-1109764800	19.8
43852	-1107172800	22.3
43852	-1104494400	22.9
43852	-1101816000	22.8
43852	-1099396800	20.3
43852	-1096718400	15.6
43852	-1094126400	11.8
43852	-1091448000	9.3
43852	-1088856000	10.4
43852	-1086177600	12.6
43852	-1083499200	14.2
43852	-1080907200	17.5
43852	-1078228800	20.2
43852	-1075636800	22.7
43852	-1072958400	23.6
43852	-1070280000	23.4
43852	-1067774400	21.8
43852	-1065096000	15.5
43852	-1062504000	13.7
43852	-1059825600	8.9
43852	-1057233600	10.1
43852	-1054555200	11.9
43852	-1051876800	12.1
43852	-1049284800	16.5
43852	-1046606400	20.2
43852	-1044014400	23.2
43852	-1041336000	20.9
43852	-1038657600	24.2
43852	-1036238400	22.1
43852	-1033560000	15.4
43852	-1030968000	13.7
43852	-1028289600	8.6
43852	-1025697600	9.5
43852	-1023019200	12.2
43852	-1020340800	14.6
43852	-1017748800	17.7
43852	-1015070400	21.8
43852	-1012478400	22.2
43852	-1009800000	22.9
43852	-1007121600	23.1
43852	-1004702400	21.9
43852	-1002024000	17.9
43852	-999432000	15.3
43852	-996753600	9.9
43852	-994161600	10.1
43852	-991483200	10.3
43853	-980942400	22.7
43853	-978264000	28.9
43853	-975585600	25.9
43853	-973166400	20.5
43853	-970488000	17.5
43853	-967896000	14.5
43853	-965217600	10.1
43853	-962625600	8.9
43853	-959947200	10.6
43853	-957268800	13.5
43853	-954676800	16.4
43853	-951998400	18.5
43853	-949406400	21
43853	-946728000	23.5
43853	-944049600	22.1
43853	-941544000	24.4
43853	-938865600	15.5
43853	-936273600	12
43853	-933595200	9.6
43853	-931003200	10.8
43853	-928324800	11.7
43853	-925646400	13.4
43853	-923054400	19.1
43853	-920376000	18.2
43853	-917784000	23.9
43853	-915105600	22.4
43853	-912427200	22.9
43853	-910008000	19.6
43853	-907329600	19
43853	-904737600	12.5
43853	-902059200	10.6
43853	-899467200	10.5
43853	-896788800	10.4
43853	-894110400	14
43853	-891518400	14.7
43853	-888840000	21
43853	-886248000	23.5
43853	-883569600	24.8
43853	-880891200	24.5
43853	-878472000	21.8
43853	-875793600	17.4
43853	-873201600	14.6
43853	-870523200	11.1
43853	-867931200	10.2
43853	-865252800	11.6
43853	-862574400	14.3
43853	-859982400	17.1
43853	-857304000	20.7
43853	-854712000	24.9
43853	-852033600	24.4
43853	-849355200	23.7
43853	-846936000	22.1
43853	-844257600	14.6
43853	-841665600	11.9
43853	-838987200	9.7
43853	-836395200	10.1
43853	-833716800	8.9
43853	-831038400	13.4
43853	-828446400	15.3
43853	-825768000	18.2
43853	-823176000	21.5
43853	-820497600	24
43853	-817819200	22.5
43853	-815313600	21.3
43853	-812635200	14.3
43853	-810043200	12.5
43853	-807364800	8.8
43853	-804772800	10
43853	-802094400	10.1
43853	-799416000	15.9
43853	-796824000	17.6
43853	-794145600	22.8
43853	-791553600	22.3
43853	-788875200	23.8
43853	-786196800	21.9
43853	-783777600	18.9
43853	-781099200	16
43853	-778507200	13.3
43853	-775828800	11.8
43853	-773236800	8.9
43853	-770558400	11.7
43853	-767880000	13.8
43853	-765288000	16.5
43853	-762609600	20.4
43853	-760017600	25.2
43853	-757339200	24.9
43854	-728481600	23.3
43854	-725803200	25
43854	-723124800	25.5
43854	-720705600	20.8
43854	-718027200	16.4
43854	-715435200	14.6
43855	-710164800	9.6
43855	-707486400	10.7
43855	-704808000	14.5
43855	-702216000	16.3
43855	-699537600	18.7
43855	-696945600	22.5
43855	-694267200	23.5
43855	-691588800	24.6
43855	-689083200	18.6
43855	-686404800	16.5
43855	-683812800	11.9
43855	-681134400	10.3
43855	-678542400	9.6
43855	-675864000	12
43855	-673185600	15.2
43855	-670593600	15.8
43855	-667915200	19.5
43855	-665323200	22.2
43855	-662644800	23.8
43855	-659966400	20.8
43855	-657547200	20.5
43855	-654868800	15.1
43855	-652276800	11.8
43855	-649598400	8.5
43855	-647006400	9.8
43855	-644328000	11.6
43855	-641649600	13.2
43855	-639057600	17
43855	-636379200	19.2
43855	-633787200	22
43855	-631108800	23.2
43855	-628430400	22.8
43855	-626011200	20
43855	-623332800	16.4
43855	-620740800	13.7
43855	-618062400	9.5
43855	-615470400	10.5
43855	-612792000	11.5
43855	-610113600	14.9
43855	-607521600	16.9
43855	-604843200	20.7
43855	-602251200	25.3
43855	-599572800	26.9
43855	-596894400	24.5
43855	-594475200	23
43855	-591796800	15
43855	-589204800	13.2
43855	-586526400	11.1
43855	-583934400	9.7
43855	-581256000	10
43855	-578577600	14.7
43855	-575985600	16.8
43855	-573307200	19.6
43855	-570715200	23.8
43855	-568036800	25
43855	-565358400	22.2
43855	-562852800	21.9
43855	-560174400	14.9
43855	-557582400	12.4
43855	-554904000	10.8
43855	-552312000	8.8
43855	-549633600	11.1
43855	-546955200	14.9
43855	-544363200	16
43855	-541684800	18.7
43855	-539092800	22.4
43855	-536414400	24.6
43855	-533736000	23.6
43855	-531316800	23.1
43855	-528638400	18.1
43855	-526046400	13.2
43855	-523368000	11
43855	-520776000	10.2
43855	-518097600	10.8
43855	-515419200	13.2
43855	-512827200	16.2
43855	-510148800	19.3
43855	-507556800	23
43855	-504878400	24.9
43855	-502200000	21.6
43855	-499780800	19.7
43855	-497102400	17.9
43855	-494510400	13.1
43855	-491832000	10.3
43855	-489240000	10.1
43855	-486561600	11.5
43855	-483883200	14
43855	-481291200	17.7
43855	-478612800	20.3
43855	-476020800	23.6
43855	-473342400	25.1
43855	-470664000	25.4
43855	-468244800	22.3
43855	-465566400	16.7
43855	-462974400	12.1
43855	-460296000	10.5
43855	-457704000	9.8
43855	-455025600	11.9
43855	-452347200	15
43855	-449755200	17.4
43855	-447076800	18.3
43855	-444484800	21
43855	-441806400	23.3
43855	-439128000	26.6
43855	-436622400	22.1
43855	-433944000	16.6
43855	-431352000	12.5
43855	-428673600	9.3
43855	-426081600	9.7
43855	-423403200	9.9
43855	-420724800	12.5
43855	-418132800	14.8
43855	-415454400	17.8
43855	-412862400	20.8
43855	-410184000	23.9
43855	-407505600	23.4
43855	-405086400	19.8
43855	-402408000	16
43855	-399816000	12.5
43855	-397137600	14.2
43855	-394545600	8.6
43855	-391867200	11.1
43855	-389188800	13.7
43855	-386596800	17.6
43855	-383918400	20.1
43855	-381326400	24
43855	-378648000	23.1
43855	-375969600	23.5
43855	-373550400	20.5
43855	-370872000	17.7
43855	-368280000	15.3
43855	-365601600	9
43855	-363009600	9.5
43855	-360331200	11.5
43855	-357652800	11.9
43855	-355060800	15.8
43855	-352382400	21
43855	-349790400	20.2
43855	-347112000	26.6
43855	-344433600	24
43855	-342014400	21.7
43855	-339336000	17.3
43855	-336744000	12.2
43855	-334065600	10.7
43855	-331473600	9.3
43855	-328795200	13.4
43855	-326116800	14.4
43855	-323524800	16.8
43855	-320846400	23.3
43855	-318254400	20.6
43855	-315576000	27.2
43855	-312897600	22.2
43855	-310392000	22.3
43855	-307713600	16.4
43855	-305121600	11.3
43855	-302443200	9.2
43855	-299851200	9.8
43855	-297172800	9.5
43855	-294494400	13.4
43855	-291902400	17.3
43855	-289224000	17.4
43855	-286632000	25.5
43855	-283953600	26.7
43855	-281275200	24.4
43855	-278856000	21.6
43855	-276177600	18.1
43855	-273585600	13
43855	-270907200	11.8
43855	-268315200	10.1
43855	-265636800	11.1
43855	-262958400	15.3
43855	-260366400	19.1
43855	-257688000	20.4
43855	-255096000	23.4
43855	-252417600	25.2
43855	-249739200	22.9
43855	-247320000	21.6
43855	-244641600	17.1
43855	-242049600	11.6
43855	-239371200	12.4
43855	-236779200	10.6
43855	-234100800	11.6
43855	-231422400	13.7
43855	-228830400	16.5
43855	-226152000	21.3
43855	-223560000	22.5
43855	-220881600	23.4
43855	-218203200	24.1
43855	-215784000	21.5
43855	-213105600	15.8
43855	-210513600	13.8
43855	-207835200	10.4
43855	-205243200	9.2
43855	-202564800	10.9
43855	-199886400	14.5
43855	-197294400	18.9
43855	-194616000	20.2
43855	-192024000	24.1
43855	-189345600	23.4
43855	-186667200	22.6
43855	-184161600	21
43855	-181483200	16.7
43855	-178891200	12.6
43855	-176212800	10.2
43855	-173620800	10.4
43855	-170942400	11.9
43855	-168264000	14
43855	-165672000	15.5
43855	-162993600	21
43855	-160401600	19.4
43855	-157723200	22.9
43855	-155044800	25.3
43855	-152625600	21
43855	-149947200	14.3
43855	-147355200	13.2
43855	-144676800	9.9
43855	-142084800	8.6
43855	-139406400	11.3
43855	-136728000	14.9
43855	-134136000	19.4
43855	-131457600	19.6
43855	-128865600	25.5
43855	-126187200	25.6
43855	-123508800	22.7
43855	-121089600	20.6
43855	-118411200	15.7
43855	-115819200	11.8
43855	-113140800	9.1
43855	-110548800	8.6
43855	-107870400	10
43855	-105192000	13.9
43855	-102600000	16.8
43855	-99921600	21.1
43855	-97329600	22.2
43855	-94651200	23.8
43855	-91972800	25.2
43855	-89553600	19.9
43855	-86875200	18.2
43855	-84283200	13.1
43855	-81604800	11.5
43855	-79012800	10.1
43855	-76334400	10.2
43855	-73656000	14.3
43855	-71064000	18.4
43855	-68385600	20
43855	-65793600	21.5
43855	-63115200	26.4
43855	-60436800	26.5
43855	-57931200	22.7
43855	-55252800	18.8
43855	-52660800	11.9
43855	-49982400	10
43855	-47390400	8.4
43855	-44712000	10.4
43855	-42033600	13.2
43855	-39441600	17.3
43855	-36763200	19
43855	-34171200	21.8
43855	-31492800	26.2
43855	-28814400	24.2
43855	-26395200	20
43855	-23716800	16.8
43855	-21124800	11.6
43855	-18446400	9.7
43855	-15854400	10.8
43855	-13176000	11.5
43855	-10497600	11.3
43855	-7905600	17.8
43855	-5227200	19.4
43855	-2635200	21
43855	43200	23
43855	2721600	25.4
43855	5140800	19.8
43855	7819200	17.8
43855	10411200	11.8
43855	13089600	10.7
43855	15681600	10.1
43855	18360000	10.3
43855	21038400	12.1
43855	23630400	16.6
43855	26308800	19.5
43855	28900800	22.3
43855	31579200	23.7
43855	34257600	24.1
43855	36676800	22.8
43855	39355200	19.1
43855	41947200	12.9
43855	44625600	10.1
43855	47217600	9.2
43855	49896000	10.6
43855	52574400	13.8
43855	55166400	16.4
43855	57844800	18.9
43855	60436800	22.3
43855	63115200	23.4
43855	65793600	24
43855	68299200	20.3
43855	70977600	17.1
43855	73569600	13.4
43855	76248000	9.9
43855	78840000	10.1
43855	81518400	12.4
43855	84196800	15.1
43855	86788800	17.5
43855	89467200	19.9
43855	92059200	24.1
43855	94737600	26.2
43855	97416000	24.1
43855	99835200	19.8
43855	102513600	17.6
43855	105105600	13.7
43855	107784000	9.1
43855	110376000	10.8
43855	113054400	11.3
43855	115732800	14.7
43855	118324800	16.8
43855	121003200	18.9
43855	123595200	23.2
43855	126273600	24.7
43855	128952000	23.2
43855	131371200	23.6
43855	134049600	16.5
43855	136641600	13.4
43855	139320000	9.5
43855	141912000	10.2
43855	144590400	11.2
43855	147268800	11.8
43855	149860800	15.7
43855	152539200	18.4
43855	155131200	21.4
43855	157809600	21.9
43855	160488000	24.5
43855	162907200	19.8
43855	165585600	16.2
43855	168177600	14.8
43855	170856000	9.9
43855	173448000	12.2
43855	176126400	10.7
43855	178804800	15.4
43855	181396800	15.5
43855	184075200	20.8
43855	186667200	23.8
43855	189345600	22.7
43855	192024000	25.2
43855	194529600	21.1
43855	197208000	16
43855	199800000	11.1
43855	202478400	9.9
43855	205070400	8.9
43855	207748800	10.9
43855	210427200	13.2
43855	213019200	14.8
43855	215697600	18.7
43855	218289600	22.5
43855	220968000	24.4
43855	223646400	24.8
43855	226065600	20.2
43855	228744000	14.6
43855	231336000	12.6
43855	234014400	10
43855	236606400	9
43855	239284800	13.5
43855	241963200	12.9
43855	244555200	18.5
43855	247233600	20.1
43855	249825600	23.3
43855	252504000	23.1
43855	255182400	23.6
43855	257601600	21.4
43855	260280000	16.8
43855	262872000	14.3
43855	265550400	10.1
43855	268142400	9.6
43855	270820800	10.2
43855	273499200	13
43855	276091200	16.7
43855	278769600	19.3
43855	281361600	21.5
43855	284040000	27.7
43855	286718400	24.5
43855	289137600	21.4
43855	291816000	15.6
43855	294408000	12
43855	297086400	11.4
43855	299678400	10
43855	302356800	10.8
43855	305035200	14.7
43855	307627200	16.5
43855	310305600	21
43855	312897600	23.3
43855	315576000	22.3
43855	318254400	23.8
43855	320760000	20.7
43855	323438400	18.6
43855	326030400	13.9
43855	328708800	10
43855	331300800	9.8
43855	333979200	11.4
43855	336657600	14.9
43855	339249600	17.4
43855	341928000	21.8
43855	344520000	24.1
43855	347198400	27.3
43855	349876800	25.1
43855	352296000	18.7
43855	354974400	18.1
43855	357566400	13.5
43855	360244800	10.3
43855	362836800	9.8
43855	365515200	10.7
43855	368193600	15.4
43855	370785600	17.2
43855	373464000	19.7
43855	376056000	22.8
43855	378734400	25.7
43855	381412800	24.3
43855	383832000	21.8
43855	386510400	17
43855	389102400	13.4
43855	391780800	8.1
43855	394372800	8.4
43855	397051200	13.6
43855	399729600	14
43855	402321600	16.5
43855	4.05e+08	22.7
43855	407592000	23.8
43855	410270400	23
43855	412948800	26.8
43855	415368000	22.8
43855	418046400	15.3
43855	420638400	13.7
43855	423316800	10.3
43855	425908800	9.2
43855	428587200	12.3
43855	431265600	14.3
43855	433857600	16.7
43855	436536000	19.9
43855	439128000	23.4
43855	441806400	22.2
43855	444484800	23.6
43855	446990400	19.1
43855	449668800	16.1
43855	452260800	13.2
43855	454939200	10
43855	457531200	9.3
43855	460209600	11.7
43855	462888000	11.9
43855	465480000	16.7
43855	468158400	20.3
43855	470750400	22.2
43855	473428800	23.6
43855	476107200	23.9
43855	478526400	22.9
43855	481204800	17.4
43855	483796800	13.2
43855	486475200	10.6
43855	489067200	9.9
43855	491745600	11.5
43855	494424000	12.8
43855	497016000	17.7
43855	499694400	20
43855	502286400	21.3
43855	504964800	22.4
43855	507643200	23.1
43855	510062400	23
43855	512740800	16.9
43855	515332800	13.3
43855	518011200	10.1
43855	520603200	9.6
43855	523281600	10.7
43855	525960000	13.5
43855	528552000	14.9
43855	531230400	19.5
43855	533822400	20.7
43855	536500800	22
43855	539179200	23.8
43855	541598400	18.7
43855	544276800	17.8
43855	546868800	13.5
43855	549547200	11.1
43855	552139200	9.8
43855	554817600	11.6
43855	557496000	14.6
43855	560088000	16.2
43855	562766400	21.1
43855	565358400	23
43855	568036800	25.4
43855	570715200	22.9
43855	573220800	21.9
43855	575899200	18
43855	578491200	14.9
43855	581169600	11.4
43855	583761600	10.8
43855	586440000	11.6
43855	589118400	15.1
43855	591710400	18.3
43855	594388800	18.9
43855	596980800	24
43855	599659200	23.6
43855	602337600	24.1
43855	604756800	22
43855	607435200	16.9
43855	610027200	13.3
43855	612705600	8.9
43855	615297600	9.1
43855	617976000	9.5
43855	620654400	13.9
43855	623246400	16.3
43855	625924800	21.6
43855	628516800	23.1
43855	631195200	24.9
43855	633873600	22.9
43855	636292800	22.6
43855	638971200	17.6
43855	641563200	13.2
43855	644241600	10.4
43855	646833600	10.8
43855	649512000	10.4
43855	652190400	14.1
43855	654782400	17.7
43855	657460800	22
43855	660052800	23.9
43855	662731200	24.8
43855	665409600	24.4
43855	667828800	20.7
43855	670507200	16.6
43855	673099200	12.8
43855	675777600	13.1
43855	678369600	10
43855	681048000	10.9
43855	683726400	13.9
43855	686318400	18.8
43855	688996800	19.6
43855	691588800	21.9
43855	694267200	21.9
43855	696945600	24
43855	699451200	22.7
43855	702129600	17.4
43855	704721600	12.5
43855	707400000	10.6
43855	709992000	10.4
43855	712670400	10.2
43855	715348800	11.6
43855	717940800	17.2
43855	720619200	17.1
43855	723211200	21.9
43855	725889600	23.6
43855	728568000	23.2
43855	730987200	21
43855	733665600	18.1
43855	736257600	13.5
43855	738936000	10.4
43855	741528000	10.6
43855	744206400	12.7
43855	746884800	13.9
43855	749476800	15.9
43855	752155200	19.7
43855	754747200	21
43855	757425600	22.8
43855	760104000	23.8
43855	762523200	19.9
43855	765201600	16.7
43855	767793600	13.4
43855	770472000	11.4
43855	773064000	9.9
43855	775742400	10
43855	778420800	13
43855	781012800	17.5
43855	783691200	19.9
43855	786283200	24.9
43855	788961600	25.3
43855	791640000	23.9
43855	794059200	19.5
43855	796737600	14.6
43855	799329600	13
43855	802008000	10.9
43855	804600000	9
43855	807278400	12.4
43855	809956800	13.7
43855	812548800	16.2
43855	815227200	20.5
43855	817819200	21.2
43855	820497600	23.6
43855	823176000	22.5
43855	825681600	21.3
43855	828360000	15.1
43855	830952000	13.2
43855	833630400	11.9
43855	836222400	10.2
43855	838900800	11.3
43855	841579200	13.5
43855	844171200	17.2
43855	846849600	18.3
43855	849441600	21.6
43855	852120000	24.8
43855	854798400	27.7
43855	857217600	18.9
43855	859896000	16.4
43855	862488000	13.2
43855	865166400	10.3
43855	867758400	8.5
43855	870436800	10.2
43855	873115200	13.3
43855	875707200	17.4
43855	878385600	21.8
43855	880977600	23.3
43855	883656000	24.3
43855	886334400	23.5
43855	888753600	21.3
43855	891432000	15.3
43855	894024000	13.4
43855	896702400	9.9
43855	899294400	9.1
43855	901972800	12.4
43855	904651200	15.3
43855	907243200	16.6
43855	909921600	19.8
43855	912513600	23.4
43855	915192000	27.4
43855	917870400	24.4
43855	920289600	20.7
43855	922968000	15
43855	925560000	14
43855	928238400	10.5
43855	930830400	10.6
43855	933508800	11.2
43855	936187200	15.5
43855	938779200	18.2
43855	941457600	18
43855	944049600	21.5
43855	946728000	23.5
43855	949406400	26.7
43855	951912000	22
43855	954590400	17.2
43855	957182400	12
43855	959860800	10.2
43855	962452800	10.2
43855	965131200	10.8
43855	967809600	14.9
43855	970401600	16
43855	973080000	22.5
43855	975672000	23.8
43855	978350400	28.7
43855	981028800	26.7
43855	983448000	20
43855	986126400	16.6
43855	988718400	13.5
43855	991396800	11.5
43855	993988800	9.7
43855	996667200	11.8
43855	999345600	16
43855	1001937600	15
43855	1004616000	18.9
43855	1007208000	20.3
43855	1009886400	23.4
43855	1012564800	22.3
43855	1014984000	21
43855	1017662400	18.6
43855	1020254400	14.1
43855	1022932800	11.3
43855	1025524800	10.8
43855	1028203200	11
43855	1030881600	14.7
43855	1033473600	16.9
43855	1036152000	21.6
43855	1038744000	23.7
43855	1041422400	25.5
43855	1044100800	24.7
43855	1046520000	19.7
43855	1049198400	17.7
43855	1051790400	13.8
43855	1054468800	11.4
43855	1057060800	10.1
43855	1059739200	10.4
43855	1062417600	13.7
43855	1065009600	14.9
43855	1067688000	21.5
43855	1070280000	24.7
43855	1072958400	22.4
43855	1075636800	25.9
43855	1078142400	20.7
43855	1080820800	17.7
43855	1083412800	12
43855	1086091200	11
43855	1088683200	9.8
43855	1091361600	12
43855	1094040000	14
43855	1096632000	18.7
43855	1099310400	20.2
43855	1101902400	22.8
43855	1104580800	24.5
43855	1107259200	22.3
43855	1109678400	20.4
43855	1112356800	19.5
43855	1114948800	14.1
43855	1117627200	11.8
43855	1120219200	10.6
43855	1122897600	12
43855	1125576000	13.6
43855	1128168000	17.3
43855	1130846400	20.8
43855	1133438400	23.6
43855	1136116800	28.4
43855	1138795200	24
43855	1141214400	22.6
43855	1143892800	14.7
43855	1146484800	11.6
43855	1149163200	8.9
43855	1151755200	9.9
43855	1154433600	11.8
43855	1157112000	15.4
43855	1159704000	17.7
43855	1162382400	21.4
43855	1164974400	22.9
43855	1167652800	25.3
43855	1170331200	26.4
43855	1172750400	21.9
43855	1175428800	18.6
43855	1178020800	15.5
43855	1180699200	8.6
43855	1183291200	9.6
43855	1185969600	12.7
43855	1188648000	15
43855	1191240000	17.9
43855	1193918400	22.8
43855	1196510400	23.9
43855	1199188800	26
43855	1201867200	22.6
43855	1204372800	23.3
43855	1207051200	16.1
43855	1209643200	13.2
43855	1212321600	11.7
43855	1214913600	9.8
43855	1217592000	10
43855	1220270400	14.6
43855	1222862400	18.5
43855	1225540800	20
43855	1228132800	21.6
43855	1230811200	26.2
43855	1233489600	25.4
43855	1235908800	21.2
43855	1238587200	16.6
43855	1241179200	13.4
43855	1243857600	11.4
43855	1246449600	10.7
43855	1249128000	13
43855	1251806400	15
43855	1254398400	17.3
43855	1257076800	24.9
43855	1259668800	23.6
43855	1262347200	25.8
43855	1265025600	26.3
43855	1267444800	21.9
43855	1270123200	18.3
43855	1272715200	13.5
43855	1275393600	10.7
43855	1277985600	9.4
43855	1280664000	10.5
43855	1283342400	12.6
43855	1285934400	16.9
43855	1288612800	19.8
43855	1291204800	21.4
43855	1293883200	24.8
43855	1296561600	23.8
43855	1298980800	20
43855	1301659200	16.4
43855	1304251200	12.1
43855	1306929600	10.9
43855	1309521600	10.1
43855	1312200000	13
43855	1314878400	14.5
43855	1317470400	18
43855	1320148800	21.9
43855	1322740800	22.8
43855	1325419200	25.3
43855	1328097600	23.8
43855	1330603200	19.9
43855	1333281600	17
43855	1335873600	12.7
43855	1338552000	9.9
43855	1341144000	10.2
43855	1343822400	11.5
43855	1346500800	15.2
43855	1349092800	17.4
43855	1351771200	22.4
43855	1354363200	24
43855	1357041600	25.8
43855	1359720000	26.1
43855	1362139200	22.7
43855	1364817600	17.9
43855	1367409600	14.1
43855	1370088000	11.2
43855	1372680000	11
43855	1375358400	12.9
43855	1378036800	17.8
43855	1380628800	17.7
43855	1383307200	19.3
43855	1385899200	23.8
43855	1388577600	27
43855	1391256000	25.4
43855	1393675200	22.2
43855	1396353600	17.6
43855	1398945600	15.4
43855	1401624000	11.5
43855	1404216000	10.3
43855	1406894400	10.8
43855	1409572800	14.8
43855	1412164800	19.7
43855	1414843200	22.1
43855	1417435200	23.6
43855	1420113600	24.6
43855	1422792000	26.8
43855	1425211200	20.2
43855	1427889600	15.9
43855	1430481600	13.7
