group	x	y
19491	-504878400	2.2
19491	-502200000	2.4
19491	-499780800	5.7
19491	-497102400	12.1
19491	-494510400	17.6
19491	-491832000	21.2
19491	-489240000	23.7
19491	-486561600	27.1
19491	-483883200	22.3
19491	-481291200	15.7
19491	-478612800	12.1
19491	-476020800	1.4
19491	-473342400	-2.1
19491	-470664000	3.7
19491	-468244800	5.5
19491	-465566400	13.3
19491	-462974400	18.8
19491	-460296000	23.4
19491	-457704000	25.6
19491	-455025600	26.5
19491	-452347200	23.6
19491	-449755200	14.8
19491	-447076800	7.9
19491	-444484800	5.7
19491	-441806400	0
19491	-439128000	1
19491	-436622400	4.2
19491	-433944000	12.9
19491	-431352000	16.9
19491	-428673600	22.5
19491	-426081600	27.8
19491	-423403200	26.3
19491	-420724800	22.5
19491	-418132800	15.8
19491	-415454400	7.9
19491	-412862400	2
19491	-410184000	0.7
19491	-407505600	-0.2
19491	-405086400	4.8
19491	-402408000	11.2
19491	-399816000	18
19491	-397137600	21.5
19491	-394545600	26.3
19491	-391867200	25.8
19491	-389188800	21.1
19491	-386596800	16.1
19491	-383918400	11.8
19491	-381326400	4.6
19491	-378648000	0.1
19491	-375969600	3.3
19491	-373550400	7
19491	-370872000	13
19491	-368280000	17.6
19491	-365601600	23
19491	-363009600	28.2
19491	-360331200	25.9
19491	-357652800	22.3
19491	-355060800	15.1
19491	-352382400	9.5
19491	-349790400	6.1
19491	-347112000	0
19491	-344433600	3.4
19491	-342014400	8.4
19491	-339336000	13.4
19491	-336744000	19
19491	-334065600	23.5
19491	-331473600	28.1
19491	-328795200	28.8
19491	-326116800	22.7
19491	-323524800	17.4
19491	-320846400	10.1
19491	-318254400	5.3
19491	-315576000	2.2
19491	-312897600	5.2
19491	-310392000	9.1
19491	-307713600	13.3
19491	-305121600	18.5
19491	-302443200	23.6
19491	-299851200	27.8
19491	-297172800	26.5
19491	-294494400	23.2
19491	-291902400	16.2
19491	-289224000	10.2
19491	-286632000	1.8
19491	-283953600	1.1
19491	-281275200	4.1
19491	-278856000	7.8
19491	-276177600	14.1
19491	-273585600	18.4
19491	-270907200	24
19491	-268315200	28.6
19491	-265636800	28.6
19491	-262958400	22.5
19491	-260366400	17.3
19491	-257688000	11.9
19491	-255096000	3.8
19491	-252417600	-0.1
19491	-249739200	3.8
19491	-247320000	6.9
19491	-244641600	11.4
19491	-242049600	18.7
19491	-239371200	23
19491	-236779200	27.5
19491	-234100800	26.6
19491	-231422400	22.3
19491	-228830400	16.3
19491	-226152000	9.8
19491	-223560000	5
19491	-220881600	-1.5
19491	-218203200	1.3
19491	-215784000	7.6
19491	-213105600	12.4
19491	-210513600	16.9
19491	-207835200	22.4
19491	-205243200	26.7
19491	-202564800	26.7
19491	-199886400	22.5
19491	-197294400	15.1
19491	-194616000	10.7
19491	-192024000	4
19491	-189345600	3.1
19491	-186667200	-1
19491	-184161600	7
19491	-181483200	14
19491	-178891200	17.8
19491	-176212800	22.4
19491	-173620800	29.6
19491	-170942400	27
19491	-168264000	23.3
19491	-165672000	16.9
19491	-162993600	9.8
19491	-160401600	3.7
19491	-157723200	1.7
19491	-155044800	3.3
19491	-152625600	6.3
19491	-149947200	11.5
19491	-147355200	18.7
19491	-144676800	22.9
19491	-142084800	26.4
19491	-139406400	25.9
19491	-136728000	21.5
19491	-134136000	17.4
19491	-131457600	10.8
19491	-128865600	2.5
19491	-126187200	1.8
19491	-123508800	4.5
19491	-121089600	8
19491	-118411200	12.7
19491	-115819200	18.2
19491	-113140800	23.5
19491	-110548800	27.6
19491	-107870400	28.6
19491	-105192000	20.8
19491	-102600000	16.4
19491	-99921600	10
19491	-97329600	2.8
19491	-94651200	0
19491	-91972800	1.9
19491	-89553600	7.1
19491	-86875200	13.1
19491	-84283200	19.3
19491	-81604800	24.5
19491	-79012800	27.3
19491	-76334400	29.7
19491	-73656000	22.4
19491	-71064000	16.5
19491	-68385600	10
19491	-65793600	-1.1
19491	-63115200	0.3
19491	-60436800	-0.3
19491	-57931200	7.7
19491	-55252800	13.6
19491	-52660800	18.4
19491	-49982400	23.6
19491	-47390400	25.6
19491	-44712000	26.1
19491	-42033600	21.8
19491	-39441600	15
19491	-36763200	10.9
19491	-34171200	6.8
19491	-31492800	0.2
19491	-28814400	-0.3
19491	-26395200	4.8
19491	-23716800	12.5
19491	-21124800	18.7
19491	-18446400	22.2
19491	-15854400	25.3
19491	-13176000	27.5
19491	-10497600	23.1
19491	-7905600	16.3
19491	-5227200	7.5
19491	-2635200	1.9
19491	43200	-0.5
19491	2721600	3.5
19491	5140800	4.7
19491	7819200	12.4
19491	10411200	18.4
19491	13089600	21.9
19491	15681600	25.6
19491	18360000	26.9
19491	21038400	22
19491	23630400	16.8
19491	26308800	9.3
19491	28900800	3.6
19491	31579200	0.4
19491	34257600	1.4
19491	36676800	6.1
19491	39355200	12.5
19491	41947200	19.4
19491	44625600	22.9
19491	47217600	29.2
19491	49896000	27.2
19491	52574400	22.2
19491	55166400	15.4
19491	57844800	10.3
19491	60436800	2.9
19491	63115200	1.8
19491	65793600	0.6
19491	68299200	5.9
19491	70977600	12.9
19491	73569600	17.1
19491	76248000	22.5
19491	78840000	25.3
19491	81518400	25.6
19491	84196800	20.8
19491	86788800	16.1
19491	89467200	9.5
19491	92059200	4.2
19491	94737600	2.2
19491	97416000	3.9
19491	99835200	7.6
19491	102513600	14.2
19491	105105600	18.3
19491	107784000	22.9
19491	110376000	27.3
19491	113054400	27.5
19491	115732800	21.2
19491	118324800	15.7
19491	121003200	8.9
19491	123595200	1.8
19491	126273600	1.2
19491	128952000	1.6
19491	131371200	6.1
19491	134049600	14.2
19491	136641600	18.9
19491	139320000	22.4
19491	141912000	26
19491	144590400	26.3
19491	147268800	22
19491	149860800	16
19491	152539200	10.5
19491	155131200	3.1
19491	157809600	2.2
19491	160488000	3.3
19491	162907200	7.3
19491	165585600	12.9
19491	168177600	18.1
19491	170856000	23.3
19491	173448000	26.3
19491	176126400	27.5
19491	178804800	24.5
19491	181396800	17.6
19491	184075200	10.4
19491	186667200	2.5
19491	189345600	1.1
19491	192024000	4.1
19491	194529600	6.7
19491	197208000	11.7
19491	199800000	18
19491	202478400	22.3
19491	205070400	24.7
19491	207748800	27.1
19491	210427200	21.2
19491	213019200	16.4
19491	215697600	6.9
19491	218289600	3.4
19491	220968000	-0.9
19491	223646400	2.4
19491	226065600	8.3
19491	228744000	14.2
19491	231336000	16.6
19491	234014400	23
19491	236606400	28
19491	239284800	25.8
19491	241963200	22.2
19491	244555200	17.9
19491	247233600	9.6
19491	249825600	6.4
19491	252504000	1.5
19491	255182400	2.5
19491	257601600	6.1
19491	260280000	14.6
19491	262872000	19.7
19491	265550400	25.1
19491	268142400	28.4
19491	270820800	28.3
19491	273499200	22.7
19491	276091200	16.4
19491	278769600	9.8
19491	281361600	4.5
19491	284040000	2.5
19491	286718400	4.6
19491	289137600	7.4
19491	291816000	12.7
19491	294408000	17.8
19491	297086400	24.3
19491	299678400	25.9
19491	302356800	27
19491	305035200	20.8
19491	307627200	16.8
19491	310305600	8.8
19491	312897600	4.6
19491	315576000	1.5
19491	318254400	1.1
19491	320760000	5.6
19491	323438400	12
19491	326030400	18.1
19491	328708800	23.5
19491	331300800	25
19491	333979200	24.1
19491	336657600	20.8
19491	339249600	15.6
19491	341928000	11.4
19491	344520000	2.2
19491	347198400	-0.1
19491	349876800	2.5
19491	352296000	8.7
19491	354974400	13.5
19491	357566400	19.3
19491	360244800	22.9
19491	362836800	27.8
19491	365515200	26.5
19491	368193600	21.2
19491	370785600	14.5
19491	373464000	7.9
19491	376056000	2.9
19491	378734400	1.2
19491	381412800	2.9
19491	383832000	7.1
19491	386510400	12.4
19491	389102400	20.8
19491	391780800	22.9
19491	394372800	25.2
19491	397051200	26.2
19491	399729600	21.1
19491	402321600	17.7
19491	4.05e+08	10.8
19491	407592000	3.3
19491	410270400	1.9
19491	412948800	2.3
19491	415368000	6.8
19491	418046400	14.1
19491	420638400	19.1
19491	423316800	22.3
19491	425908800	26.3
19491	428587200	26.8
19491	431265600	23.7
19491	433857600	17.1
19491	436536000	9.4
19491	439128000	2.8
19491	441806400	-0.5
19491	444484800	0.9
19491	446990400	6.7
19491	449668800	12.3
19491	452260800	18.3
19491	454939200	22.7
19491	457531200	26.3
19491	460209600	27
19491	462888000	21.4
19491	465480000	16.4
19491	468158400	11.7
19491	470750400	2.5
19491	473428800	0.6
19491	476107200	2.4
19491	478526400	5.3
19491	481204800	13.2
19491	483796800	18.9
19491	486475200	22.5
19491	489067200	26.8
19491	491745600	27.4
19491	494424000	22.9
19491	497016000	17.1
19491	499694400	8.8
19491	502286400	2.1
19491	504964800	1.1
19491	507643200	1.7
19491	510062400	7
19491	512740800	12.9
19491	515332800	19.1
19491	518011200	23.4
19491	520603200	25.1
19491	523281600	25.9
19491	525960000	21.8
19491	528552000	15
19491	531230400	9.3
19491	533822400	3.8
19491	536500800	2.6
19491	539179200	3.8
19491	541598400	5.6
19491	544276800	12
19491	546868800	18.2
19491	549547200	22.1
19491	552139200	26
19491	554817600	26.5
19491	557496000	21.5
19491	560088000	17.9
19491	562766400	10.6
19491	565358400	3.4
19491	568036800	2.2
19491	570715200	2
19491	573220800	5.5
19491	575899200	13.6
19491	578491200	18.7
19491	581169600	22.8
19491	583761600	28.4
19491	586440000	25.4
19491	589118400	21.7
19491	591710400	16.6
19491	594388800	9.4
19491	596980800	3.8
19491	599659200	2.8
19491	602337600	3.1
19491	604756800	7.8
19491	607435200	13.6
19491	610027200	18.1
19491	612705600	22.5
19491	615297600	25.6
19491	617976000	25.8
19491	620654400	22
19491	623246400	16.8
19491	625924800	9.2
19491	628516800	4.9
19491	631195200	1.2
19491	633873600	3.3
19491	636292800	8.7
19491	638971200	12.3
19491	641563200	19.1
19491	644241600	24.1
19491	646833600	27.7
19491	649512000	27.8
19491	652190400	22.5
19491	654782400	16.9
19491	657460800	12.1
19491	660052800	4.1
19491	662731200	2.3
19491	665409600	3.5
19491	667828800	6.4
19491	670507200	12.5
19491	673099200	17.8
19491	675777600	23
19491	678369600	26.8
19491	681048000	25.6
19491	683726400	22.1
19491	686318400	16.3
19491	688996800	10.1
19491	691588800	4.5
19491	694267200	1.7
19491	696945600	4.4
19491	699451200	6.5
19491	702129600	14
19491	704721600	19.1
19491	707400000	22.2
19491	709992000	27.4
19491	712670400	25.8
19491	715348800	22.1
19491	717940800	15.1
19491	720619200	9.2
19491	723211200	4.7
19491	725889600	1.2
19491	728568000	4.5
19491	730987200	7.3
19491	733665600	13.3
19491	736257600	18.4
19491	738936000	23.3
19491	741528000	25.5
19491	744206400	24.5
19491	746884800	22.8
19491	749476800	16.5
19491	752155200	10.6
19491	754747200	3.2
19491	757425600	2.5
19491	760104000	3.3
19491	762523200	7
19491	765201600	14.3
19491	767793600	20.2
19491	770472000	24
19491	773064000	29.8
19491	775742400	28.1
19491	778420800	22.5
19491	781012800	16.5
19491	783691200	12.6
19491	786283200	5.9
19491	788961600	2.3
19491	791640000	3.3
19491	794059200	8.2
19491	796737600	12.4
19491	799329600	18.9
19491	802008000	22.9
19491	804600000	26.9
19491	807278400	27.8
19491	809956800	22.3
19491	812548800	17
19491	815227200	8.9
19491	817819200	3.1
19491	820497600	1.9
19491	823176000	2.2
19491	825681600	6.6
19491	828360000	12.5
19491	830952000	18.6
19491	833630400	24.1
19491	836222400	26.4
19491	838900800	26.7
19491	841579200	22.7
19491	844171200	17.3
19491	846849600	9.7
19491	849441600	4.1
19491	852120000	1.1
19491	854798400	3.6
19491	857217600	8.3
19491	859896000	13.5
19491	862488000	20.5
19491	865166400	24.5
19491	867758400	27
19491	870436800	27.4
19491	873115200	21.3
19491	875707200	17.9
19491	878385600	11
19491	880977600	4.8
19491	883656000	1.6
19491	886334400	5.4
19491	888753600	8.3
19491	891432000	15.2
19491	894024000	18.5
19491	896702400	21.9
19491	899294400	28
19491	901972800	27.5
19491	904651200	23.6
19491	907243200	18.6
19491	909921600	12.9
19491	912513600	6
19491	915192000	3.7
19491	917870400	5.3
19491	920289600	7.8
19491	922968000	13.9
19491	925560000	19.6
19491	928238400	22.8
19491	930830400	25.3
19491	933508800	25.6
19491	936187200	24.2
19491	938779200	16.9
19491	941457600	10.5
19491	944049600	4.8
19491	946728000	2
19491	949406400	2.3
19491	951912000	9
19491	954590400	15.2
19491	957182400	20.3
19491	959860800	23.6
19491	962452800	27.7
19491	965131200	27.4
19491	967809600	23.5
19491	970401600	17.8
19491	973080000	10
19491	975672000	6.2
19491	978350400	2.7
19491	981028800	4.1
19491	983448000	8.4
19491	986126400	13.5
19491	988718400	21
19491	991396800	23.8
19491	993988800	28.5
19491	996667200	26.6
19491	999345600	23.2
19491	1001937600	17.7
19491	1004616000	10.5
19491	1007208000	4.1
19491	1009886400	4.2
19491	1012564800	6
19491	1014984000	10.9
19491	1017662400	15.2
19491	1020254400	18.2
19491	1022932800	25
19491	1025524800	27.3
19491	1028203200	26.3
19491	1030881600	23.2
19491	1033473600	16.9
19491	1036152000	9.4
19491	1038744000	4.8
19491	1041422400	1.2
19491	1044100800	4.3
19491	1046520000	7.9
19491	1049198400	14
19491	1051790400	18.2
19491	1054468800	23.5
19491	1057060800	25.4
19491	1059739200	26.7
19491	1062417600	23.7
19491	1065009600	16.9
19491	1067688000	11.1
19491	1070280000	4
19491	1072958400	1.7
19491	1075636800	6.6
19491	1078142400	8.6
19491	1080820800	14.7
19491	1083412800	19.1
19491	1086091200	24.1
19491	1088683200	28.4
19491	1091361600	27.3
19491	1094040000	23
19491	1096632000	17.1
19491	1099310400	12.1
19491	1101902400	6.4
19491	1104580800	1.2
19491	1107259200	1.9
19491	1109678400	7.5
19491	1112356800	16.2
19491	1114948800	19.6
19491	1117627200	26.3
19491	1120219200	27.6
19491	1122897600	26.4
19491	1125576000	23.4
19491	1128168000	17
19491	1130846400	12.1
19491	1133438400	2.4
19491	1136116800	3.2
19491	1138795200	2.9
19491	1141214400	9.1
19491	1143892800	14.4
19491	1146484800	19.1
19491	1149163200	24.9
19491	1151755200	27.8
19491	1154433600	28.3
19491	1157112000	21.9
19491	1159704000	19.9
19491	1162382400	12.5
19491	1164974400	4.6
19491	1167652800	3
19491	1170331200	7.1
19491	1172750400	9.5
19491	1175428800	14.7
19491	1178020800	21.4
19491	1180699200	23.6
19491	1183291200	26.4
19491	1185969600	28.2
19491	1188648000	23.3
19491	1191240000	17.8
19491	1193918400	10.9
19491	1196510400	6
19491	1199188800	1.6
19491	1201867200	2.6
19491	1204372800	9.4
19491	1207051200	14.2
19491	1209643200	20
19491	1212321600	22.2
19491	1214913600	28.3
19491	1217592000	26.4
19491	1220270400	23.7
19491	1222862400	18.5
19491	1225540800	10.7
19491	1228132800	4.5
19491	1230811200	1.8
19491	1233489600	6.2
19491	1235908800	8.4
19491	1238587200	14.7
19491	1241179200	20.2
19491	1243857600	25.4
19491	1246449600	26.4
19491	1249128000	26.3
19491	1251806400	23
19491	1254398400	19.1
19491	1257076800	8.8
19491	1259668800	3.3
19491	1262347200	1.8
19491	1265025600	4.6
19491	1267444800	6.9
19491	1270123200	10.7
19491	1272715200	19.6
19491	1275393600	23.1
19491	1277985600	28
19491	1280664000	28.7
19491	1283342400	24
19491	1285934400	16.7
19491	1288612800	11.1
19491	1291204800	4.7
19491	1293883200	-0.9
19491	1296561600	3.5
19491	1298980800	7.6
19491	1301659200	14.2
19491	1304251200	19.8
19491	1306929600	23.7
19491	1309521600	26.7
19491	1312200000	26.6
19491	1314878400	22.3
19491	1317470400	17
19491	1320148800	13.7
19491	1322740800	3.7
19491	1325419200	2
19491	1328097600	2.2
19491	1330603200	7.1
19491	1333281600	15.7
19491	1335873600	21
19491	1338552000	23.9
19491	1341144000	28.1
19491	1343822400	27.7
19491	1346500800	21.9
19491	1349092800	17.7
19491	1351771200	9.2
19491	1354363200	2.8
19492	-536414400	1.5
19492	-533736000	3.9
19492	-531316800	7.9
19492	-528638400	13.8
19492	-526046400	21.1
19492	-523368000	25.1
19492	-520776000	29.4
19492	-518097600	29.3
19492	-515419200	22.8
19492	-512827200	19.2
19492	-510148800	11.2
19492	-507556800	5.8
19492	-504878400	3.5
19492	-502200000	3.9
19492	-499780800	6.8
19492	-497102400	13.2
19492	-494510400	18.8
19492	-491832000	21.9
19492	-489240000	24.6
19492	-486561600	28.2
19492	-483883200	23.6
19492	-481291200	16.9
19492	-478612800	12.3
19492	-476020800	2.1
19492	-473342400	-1
19492	-470664000	4.8
19492	-468244800	6.2
19492	-465566400	13.8
19492	-462974400	19.1
19492	-460296000	24.3
19492	-457704000	26.9
19492	-455025600	26.7
19492	-452347200	23.9
19492	-449755200	15.2
19492	-447076800	8.6
19492	-444484800	6.5
19492	-441806400	1.8
19492	-439128000	2.8
19492	-436622400	6
19492	-433944000	13.7
19492	-431352000	17
19492	-428673600	23.8
19492	-426081600	28.5
19492	-423403200	26.6
19492	-420724800	22.3
19492	-418132800	16
19492	-415454400	8.5
19492	-412862400	3.1
19492	-410184000	2.3
19492	-407505600	0.9
19492	-405086400	5.6
19492	-402408000	12.7
19492	-399816000	18.2
19492	-397137600	22.8
19492	-394545600	27.5
19492	-391867200	26.4
19492	-389188800	20.8
19492	-386596800	16.1
19492	-383918400	12.3
19492	-381326400	5.2
19492	-378648000	0.9
19492	-375969600	4.4
19492	-373550400	8.3
19492	-370872000	14.1
19492	-368280000	18.1
19492	-365601600	24.2
19492	-363009600	29.2
19492	-360331200	26
19492	-357652800	22.6
19492	-355060800	15.3
19492	-352382400	10
19492	-349790400	6.5
19492	-347112000	0.8
19492	-344433600	4.4
19492	-342014400	9.7
19492	-339336000	13.9
19492	-336744000	19.2
19492	-334065600	24.2
19492	-331473600	28.6
19492	-328795200	28.9
19492	-326116800	22.8
19492	-323524800	17.5
19492	-320846400	10.5
19492	-318254400	5.5
19492	-315576000	3.1
19492	-312897600	5.9
19492	-310392000	9.8
19492	-307713600	13.6
19492	-305121600	18.8
19492	-302443200	23.8
19492	-299851200	28.7
19492	-297172800	26.7
19492	-294494400	23.9
19492	-291902400	16.5
19492	-289224000	11
19492	-286632000	2.9
19492	-283953600	2
19492	-281275200	5.2
19492	-278856000	8.5
19492	-276177600	15
19492	-273585600	19.4
19492	-270907200	24.7
19492	-268315200	29
19492	-265636800	28.9
19492	-262958400	23.2
19492	-260366400	17.8
19492	-257688000	12.6
19492	-255096000	4.8
19492	-252417600	1
19492	-249739200	5.3
19492	-247320000	7.7
19492	-244641600	12.2
19492	-242049600	19.2
19492	-239371200	23.7
19492	-236779200	28
19492	-234100800	27.2
19492	-231422400	23.1
19492	-228830400	16.9
19492	-226152000	10.6
19492	-223560000	5.9
19492	-220881600	0
19492	-218203200	2.6
19492	-215784000	8.8
19492	-213105600	13.5
19492	-210513600	18.2
19492	-207835200	23
19492	-205243200	27.7
19492	-202564800	27.6
19492	-199886400	23.1
19492	-197294400	15.8
19492	-194616000	11.4
19492	-192024000	5.2
19492	-189345600	3.9
19492	-186667200	0.2
19492	-184161600	7.9
19492	-181483200	16.1
19492	-178891200	18.6
19492	-176212800	23.4
19492	-173620800	30.2
19492	-170942400	28.2
19492	-168264000	24.5
19492	-165672000	17.3
19492	-162993600	10.6
19492	-160401600	5.1
19492	-157723200	3
19492	-155044800	4.6
19492	-152625600	7.2
19492	-149947200	11.9
19492	-147355200	19.4
19492	-144676800	23.3
19492	-142084800	27.6
19492	-139406400	26.4
19492	-136728000	22.1
19492	-134136000	17.5
19492	-131457600	11.7
19492	-128865600	3.4
19492	-126187200	2.8
19492	-123508800	5.7
19492	-121089600	8.8
19492	-118411200	13.3
19492	-115819200	18.6
19492	-113140800	24.1
19492	-110548800	28
19492	-107870400	28.8
19492	-105192000	21.6
19492	-102600000	17.1
19492	-99921600	10.8
19492	-97329600	3.6
19492	-94651200	1.3
19492	-91972800	3.4
19492	-89553600	8
19492	-86875200	13.4
19492	-84283200	19.4
19492	-81604800	25.1
19492	-79012800	27.7
19492	-76334400	30
19492	-73656000	23.2
19492	-71064000	16.9
19492	-68385600	9.8
19492	-65793600	-0.2
19492	-63115200	1
19492	-60436800	0.7
19492	-57931200	8.5
19492	-55252800	14.3
19492	-52660800	19.2
19492	-49982400	24.1
19492	-47390400	26.3
19492	-44712000	26.9
19492	-42033600	22.2
19492	-39441600	15.5
19492	-36763200	12.1
19492	-34171200	7.3
19492	-31492800	1.3
19492	-28814400	0.7
19492	-26395200	5.7
19492	-23716800	13.6
19492	-21124800	19.6
19492	-18446400	23
19492	-15854400	25.8
19492	-13176000	27.8
19492	-10497600	24.1
19492	-7905600	16.8
19492	-5227200	8.6
19492	-2635200	3.5
19492	43200	0.7
19492	2721600	4.9
19492	5140800	5.3
19492	7819200	13.1
19492	10411200	18.8
19492	13089600	22.5
19492	15681600	26.5
19492	18360000	27.5
19492	21038400	22.9
19492	23630400	17.3
19492	26308800	10.2
19492	28900800	4.7
19492	31579200	1.6
19492	34257600	2.6
19492	36676800	7.1
19492	39355200	13.4
19492	41947200	19.8
19492	44625600	23.9
19492	47217600	29.6
19492	49896000	27.7
19492	52574400	22.3
19492	55166400	15.5
19492	57844800	10.6
19492	60436800	4
19492	63115200	2.9
19492	65793600	0.8
19492	68299200	7
19492	70977600	13.3
19492	73569600	18
19492	76248000	23.2
19492	78840000	26.4
19492	81518400	26.4
19492	84196800	21.5
19492	86788800	16.5
19492	89467200	10.4
19492	92059200	5.2
19492	94737600	3.1
19492	97416000	4.7
19492	99835200	8.8
19492	102513600	15.3
19492	105105600	18.7
19492	107784000	23.3
19492	110376000	27.9
19492	113054400	28.2
19492	115732800	21.3
19492	118324800	16.4
19492	121003200	9.8
19492	123595200	3.1
19492	126273600	2.1
19492	128952000	2.4
19492	131371200	6.8
19492	134049600	15
19492	136641600	20
19492	139320000	22.6
19492	141912000	26.2
19492	144590400	26.9
19492	147268800	22.5
19492	149860800	16.5
19492	152539200	11.2
19492	155131200	4.1
19492	157809600	3
19492	160488000	4.2
19492	162907200	7.9
19492	165585600	13.5
19492	168177600	18.6
19492	170856000	23.6
19492	173448000	27.2
19492	176126400	28
19492	178804800	24.7
19492	181396800	17.7
19492	184075200	11.1
19492	186667200	3.4
19492	189345600	2.1
19492	192024000	5.1
19492	194529600	7.1
19492	197208000	12.7
19492	199800000	19
19492	202478400	23.3
19492	205070400	25.5
19492	207748800	28
19492	210427200	21.6
19492	213019200	17
19492	215697600	7.6
19492	218289600	4.6
19492	220968000	-0.3
19492	223646400	3
19492	226065600	9.2
19492	228744000	15
19492	231336000	17.6
19492	234014400	23.3
19492	236606400	28
19492	239284800	26
19492	241963200	22.9
19492	244555200	18.5
19492	247233600	10.5
19492	249825600	7.1
19492	252504000	2.4
19492	255182400	3.6
19492	257601600	7
19492	260280000	15
19492	262872000	20.3
19492	265550400	25.7
19492	268142400	29.4
19492	270820800	28.9
19492	273499200	23.4
19492	276091200	17.3
19492	278769600	10.8
19492	281361600	5.2
19492	284040000	3.9
19492	286718400	5.6
19492	289137600	8.3
19492	291816000	13.6
19492	294408000	18.5
19492	297086400	25
19492	299678400	26.3
19492	302356800	27.3
19492	305035200	21.7
19492	307627200	18
19492	310305600	10
19492	312897600	6.1
19492	315576000	2.5
19492	318254400	2.4
19492	320760000	6.4
19492	323438400	12.7
19492	326030400	19.2
19492	328708800	24.3
19492	331300800	26
19492	333979200	24.8
19492	336657600	21.5
19492	339249600	16.3
19492	341928000	12.5
19492	344520000	3.4
19492	347198400	0.4
19492	349876800	3.3
19492	352296000	9.3
19492	354974400	13.5
19492	357566400	19.8
19492	360244800	23.7
19492	362836800	28.2
19492	365515200	26.9
19492	368193600	21.3
19492	370785600	14.9
19492	373464000	8.7
19492	376056000	4
19492	378734400	2.4
19492	381412800	3.4
19492	383832000	7.9
19492	386510400	12.8
19492	389102400	21.6
19492	391780800	23.7
19492	394372800	25.8
19492	397051200	26.6
19492	399729600	21.5
19492	402321600	18.1
19492	4.05e+08	11.3
19492	407592000	3.9
19492	410270400	2.4
19492	412948800	3
19492	415368000	7.6
19492	418046400	14.5
19492	420638400	20.1
19492	423316800	22.6
19492	425908800	26.8
19492	428587200	26.8
19492	431265600	23.8
19492	433857600	17.1
19492	436536000	10.2
19492	439128000	3.9
19492	441806400	0.1
19492	444484800	1.5
19492	446990400	7.4
19492	449668800	12.7
19492	452260800	18.3
19492	454939200	23.3
19492	457531200	27.2
19492	460209600	27
19492	462888000	21.8
19492	465480000	17
19492	468158400	12.5
19492	470750400	3.3
19492	473428800	1.7
19492	476107200	3.6
19492	478526400	5.7
19492	481204800	13.8
19492	483796800	19.3
19492	486475200	22.7
19492	489067200	27.4
19492	491745600	27.4
19492	494424000	23.7
19492	497016000	17.4
19492	499694400	9.9
19492	502286400	3
19492	504964800	2.1
19492	507643200	2.5
19492	510062400	7.9
19492	512740800	13.2
19492	515332800	19.7
19492	518011200	24.1
19492	520603200	26
19492	523281600	26.5
19492	525960000	22
19492	528552000	15.6
19492	531230400	9.9
19492	533822400	4.8
19492	536500800	3.5
19492	539179200	4.9
19492	541598400	6.3
19492	544276800	12.7
19492	546868800	18.8
19492	549547200	22.6
19492	552139200	26.1
19492	554817600	27.1
19492	557496000	21.9
19492	560088000	18.4
19492	562766400	11.4
19492	565358400	4.5
19492	568036800	3
19492	570715200	2.3
19492	573220800	6.1
19492	575899200	14.2
19492	578491200	19.1
19492	581169600	23.3
19492	583761600	28.9
19492	586440000	25.9
19492	589118400	21.7
19492	591710400	17
19492	594388800	10.4
19492	596980800	4.9
19492	599659200	3.4
19492	602337600	3.6
19492	604756800	8.5
19492	607435200	13.8
19492	610027200	18.8
19492	612705600	23.2
19492	615297600	25.8
19492	617976000	25.8
19492	620654400	22.6
19492	623246400	17.2
19492	625924800	10.1
19492	628516800	5.8
19492	631195200	2.2
19492	633873600	4.1
19492	636292800	9.8
19492	638971200	13.2
19492	641563200	20
19492	644241600	25
19492	646833600	28.7
19492	649512000	28.1
19492	652190400	22.9
19492	654782400	17.3
19492	657460800	12.6
19492	660052800	5
19492	662731200	2.9
19492	665409600	4.3
19492	667828800	6.9
19492	670507200	12.9
19492	673099200	18.6
19492	675777600	23.5
19492	678369600	27.3
19492	681048000	25.7
19492	683726400	22.2
19492	686318400	16.7
19492	688996800	10.8
19492	691588800	5.1
19492	694267200	2.4
19492	696945600	5.3
19492	699451200	6.8
19492	702129600	14.3
19492	704721600	20.1
19492	707400000	22.9
19492	709992000	27.9
19492	712670400	25.9
19492	715348800	22.4
19492	717940800	15.8
19492	720619200	10
19492	723211200	5.9
19492	725889600	1.6
19492	728568000	5.3
19492	730987200	7.7
19492	733665600	13.5
19492	736257600	18.7
19492	738936000	24.3
19492	741528000	25.9
19492	744206400	25.2
19492	746884800	23
19492	749476800	17.1
19492	752155200	11.4
19492	754747200	4.1
19492	757425600	3.3
19492	760104000	3.9
19492	762523200	7.9
19492	765201600	15.1
19492	767793600	21.7
19492	770472000	24.5
19492	773064000	30.3
19492	775742400	28.5
19492	778420800	23.4
19492	781012800	17.4
19492	783691200	13.7
19492	786283200	6.8
19492	788961600	3.1
19492	791640000	4.1
19492	794059200	9.5
19492	796737600	13.2
19492	799329600	19.5
19492	802008000	23.4
19492	804600000	27.7
19492	807278400	28.3
19492	809956800	23
19492	812548800	17.6
19492	815227200	10.1
19492	817819200	4
19492	820497600	2.8
19492	823176000	3
19492	825681600	7.2
19492	828360000	13.2
19492	830952000	18.9
19492	833630400	24.7
19492	836222400	26.7
19492	838900800	27.4
19492	841579200	23.4
19492	844171200	18
19492	846849600	10.6
19492	849441600	5.4
19492	852120000	1.8
19492	854798400	4.7
19492	857217600	9.1
19492	859896000	14.4
19492	862488000	21.5
19492	865166400	25
19492	867758400	27.4
19492	870436800	27.5
19492	873115200	21.9
19492	875707200	18.8
19492	878385600	11.6
19492	880977600	5.6
19492	883656000	2.4
19492	886334400	6.2
19492	888753600	8.8
19492	891432000	16.7
19492	894024000	19.7
19492	896702400	23
19492	899294400	28.7
19492	901972800	28.5
19492	904651200	23.6
19492	907243200	18.9
19492	909921600	13.7
19492	912513600	6.9
19492	915192000	4.7
19492	917870400	6.2
19492	920289600	8.6
19492	922968000	14.7
19492	925560000	20.6
19492	928238400	23.1
19492	930830400	25.8
19492	933508800	26
19492	936187200	25
19492	938779200	17.6
19492	941457600	11.1
19492	944049600	5.6
19492	946728000	2.6
19492	949406400	3.1
19492	951912000	9.9
19492	954590400	16
19492	957182400	21.1
19492	959860800	24.5
19492	962452800	28.3
19492	965131200	28
19492	967809600	23.6
19492	970401600	18.3
19492	973080000	10.5
19492	975672000	6.8
19492	978350400	3.7
19492	981028800	5
19492	983448000	9.6
19492	986126400	14.5
19492	988718400	21.7
19492	991396800	24.1
19492	993988800	29.1
19492	996667200	26.4
19492	999345600	23.1
19492	1001937600	18.2
19492	1004616000	11.1
19492	1007208000	4.5
19492	1009886400	5
19492	1012564800	6.8
19492	1014984000	11.3
19492	1017662400	15.8
19492	1020254400	18.8
19492	1022932800	25.6
19492	1025524800	27.9
19492	1028203200	26.3
19492	1030881600	23.6
19492	1033473600	17.7
19492	1036152000	10.4
19492	1038744000	5.2
19492	1041422400	2
19492	1044100800	5.3
19492	1046520000	8.7
19492	1049198400	14.2
19492	1051790400	18.8
19492	1054468800	24
19492	1057060800	26.6
19492	1059739200	27
19492	1062417600	24.4
19492	1065009600	17.5
19492	1067688000	11.6
19492	1070280000	4.6
19492	1072958400	2.7
19492	1075636800	7.5
19492	1078142400	8.9
19492	1080820800	15.5
19492	1083412800	20
19492	1086091200	24.4
19492	1088683200	29
19492	1091361600	27.8
19492	1094040000	23
19492	1096632000	17.3
19492	1099310400	13
19492	1101902400	6.7
19492	1104580800	1.2
19492	1107259200	2.2
19492	1109678400	7.6
19492	1112356800	16.3
19492	1114948800	20
19492	1117627200	26.7
19492	1120219200	28
19492	1122897600	26.6
19492	1125576000	24.1
19492	1128168000	17.1
19492	1130846400	13
19492	1133438400	3
19492	1136116800	3.7
19492	1138795200	3.5
19492	1141214400	9.7
19492	1143892800	14.9
19492	1146484800	19.7
19492	1149163200	25.8
19492	1151755200	28.1
19492	1154433600	28.9
19492	1157112000	21.8
19492	1159704000	20.1
19492	1162382400	13.1
19492	1164974400	5.2
19492	1167652800	3.3
19492	1170331200	7.8
19492	1172750400	10.1
19492	1175428800	14.6
19492	1178020800	21.8
19492	1180699200	24.3
19492	1183291200	27.5
19492	1185969600	28.6
19492	1188648000	23.5
19492	1191240000	18
19492	1193918400	11
19492	1196510400	6
19492	1199188800	1.6
19492	1201867200	2.6
19492	1204372800	10
19492	1207051200	14.7
19492	1209643200	20.8
19492	1212321600	23
19492	1214913600	29
19492	1217592000	26.8
19492	1220270400	24
19492	1222862400	19.1
19492	1225540800	11.1
19492	1228132800	5.1
19492	1230811200	2.3
19492	1233489600	7
19492	1235908800	8.9
19492	1238587200	15.3
19492	1241179200	20.8
19492	1243857600	26.1
19492	1246449600	27.3
19492	1249128000	26.5
19492	1251806400	23.4
19492	1254398400	19.8
19492	1257076800	9.5
19492	1259668800	3.9
19492	1262347200	2.8
19492	1265025600	5.4
19492	1267444800	7.7
19492	1270123200	11.5
19492	1272715200	19.9
19492	1275393600	24.3
19492	1277985600	28.6
19492	1280664000	29.3
19492	1283342400	24.7
19492	1285934400	16.9
19492	1288612800	11.8
19492	1291204800	5.7
19492	1293883200	-0.6
19492	1296561600	4.4
19492	1298980800	8.2
19492	1301659200	14.7
19492	1304251200	20.6
19492	1306929600	24.2
19492	1309521600	27.5
19492	1312200000	26.8
19492	1314878400	22.6
19492	1317470400	17.2
19492	1320148800	14.4
19492	1322740800	4.1
19492	1325419200	2.4
19492	1328097600	2.6
19492	1330603200	7.9
19492	1333281600	16.4
19492	1335873600	21.2
19492	1338552000	24.7
19492	1341144000	28.5
19492	1343822400	28.3
19492	1346500800	22
19492	1349092800	17.9
19492	1351771200	9.6
19492	1354363200	3.2
19493	-410184000	3.4
19493	-407505600	1.5
19493	-405086400	5.8
19493	-402408000	12.1
19493	-399816000	17.2
19493	-397137600	21.6
19493	-394545600	27.7
19493	-391867200	25.7
19493	-389188800	20.7
19493	-386596800	16.4
19493	-383918400	13.3
19493	-381326400	6.6
19493	-378648000	1.6
19493	-375969600	3.8
19493	-373550400	7.8
19493	-370872000	13.7
19493	-368280000	17
19493	-365601600	23
19493	-363009600	28
19493	-360331200	26.1
19493	-357652800	22.9
19493	-355060800	15.9
19493	-352382400	10.6
19493	-349790400	7.5
19493	-347112000	1.5
19493	-344433600	5.2
19493	-342014400	9.5
19493	-339336000	13.1
19493	-336744000	17.9
19493	-334065600	22.7
19493	-331473600	28
19493	-328795200	28.2
19493	-326116800	22.9
19493	-323524800	18.1
19493	-320846400	12
19493	-318254400	6.8
19493	-315576000	4.3
19493	-312897600	6.4
19493	-310392000	10
19493	-307713600	13.1
19493	-305121600	18
19493	-302443200	22.8
19493	-299851200	28.7
19493	-297172800	26.2
19493	-294494400	24
19493	-291902400	17.9
19493	-289224000	12.5
19493	-286632000	4
19493	-283953600	2.7
19493	-281275200	4.8
19493	-278856000	8.9
19493	-276177600	13.6
19493	-273585600	17.9
19493	-270907200	22.8
19493	-268315200	28.5
19493	-265636800	28
19493	-262958400	23.8
19493	-260366400	19.1
19493	-257688000	13.4
19493	-255096000	6.3
19493	-252417600	1.5
19493	-249739200	5
19493	-247320000	7.5
19493	-244641600	11.3
19493	-242049600	17.4
19493	-239371200	22.7
19493	-236779200	27.3
19493	-234100800	26.8
19493	-231422400	23.4
19493	-228830400	17.6
19493	-226152000	11.7
19493	-223560000	6.4
19493	-220881600	0
19493	-218203200	2.2
19493	-215784000	8.6
19493	-213105600	13
19493	-210513600	17.9
19493	-207835200	21.4
19493	-205243200	27.7
19493	-202564800	27.4
19493	-199886400	23.3
19493	-197294400	16.3
19493	-194616000	12.7
19493	-192024000	6.4
19493	-189345600	5.2
19493	-186667200	1.6
19493	-184161600	8.1
19493	-181483200	15.6
19493	-178891200	17.7
19493	-176212800	22
19493	-173620800	29.4
19493	-170942400	27.4
19493	-168264000	25.1
19493	-165672000	18.6
19493	-162993600	11.6
19493	-160401600	5.5
19493	-157723200	3.9
19493	-155044800	4.9
19493	-152625600	6.9
19493	-149947200	11.4
19493	-147355200	18.2
19493	-144676800	21.4
19493	-142084800	27.4
19493	-139406400	26.2
19493	-136728000	21.7
19493	-134136000	17.2
19493	-131457600	13.3
19493	-128865600	4.1
19493	-126187200	3.6
19493	-123508800	5.8
19493	-121089600	8.9
19493	-118411200	12.6
19493	-115819200	17.7
19493	-113140800	22.9
19493	-110548800	26.6
19493	-107870400	28.1
19493	-105192000	22.2
19493	-102600000	17.1
19493	-99921600	11.9
19493	-97329600	5.4
19493	-94651200	1.6
19493	-91972800	3.4
19493	-89553600	7.7
19493	-86875200	12.4
19493	-84283200	18.1
19493	-81604800	23.8
19493	-79012800	27
19493	-76334400	28.6
19493	-73656000	23.2
19493	-71064000	18.1
19493	-68385600	11.9
19493	-65793600	0.6
19493	-63115200	1.9
19493	-60436800	0.9
19493	-57931200	7.9
19493	-55252800	12.6
19493	-52660800	17.6
19493	-49982400	22.3
19493	-47390400	26
19493	-44712000	26.9
19493	-42033600	22.9
19493	-39441600	16.8
19493	-36763200	12.8
19493	-34171200	8.7
19493	-31492800	2.6
19493	-28814400	2.3
19493	-26395200	5.8
19493	-23716800	13
19493	-21124800	18.5
19493	-18446400	21.9
19493	-15854400	25.7
19493	-13176000	27.9
19493	-10497600	24.4
19493	-7905600	17.6
19493	-5227200	10.1
19493	-2635200	4.2
19493	43200	1.5
19493	2721600	5.6
19493	5140800	5.4
19493	7819200	12
19493	10411200	17.6
19493	13089600	21.3
19493	15681600	26.2
19493	18360000	27.5
19493	21038400	24
19493	23630400	18.2
19493	26308800	11.5
19493	28900800	6.2
19493	31579200	2.3
19493	34257600	3.2
19493	36676800	6.8
19493	39355200	12.8
19493	41947200	19.4
19493	44625600	24.1
19493	47217600	29.4
19493	49896000	27.4
19493	52574400	22.9
19493	55166400	16.4
19493	57844800	11.9
19493	60436800	5.2
19493	63115200	4.4
19493	65793600	1.9
19493	68299200	7
19493	70977600	12.7
19493	73569600	17.3
19493	76248000	21.9
19493	78840000	25.9
19493	81518400	26.4
19493	84196800	21.6
19493	86788800	16.8
19493	89467200	11.4
19493	92059200	6
19493	94737600	4.1
19493	97416000	5.7
19493	99835200	9
19493	102513600	15
19493	105105600	18.2
19493	107784000	22.7
19493	110376000	27.6
19493	113054400	27.7
19493	115732800	21.6
19493	118324800	17.7
19493	121003200	10.9
19493	123595200	3.6
19493	126273600	3
19493	128952000	3.1
19493	131371200	6.5
19493	134049600	14.2
19493	136641600	19.1
19493	139320000	21.6
19493	141912000	25.3
19493	144590400	26.4
19493	147268800	22.1
19493	149860800	17.7
19493	152539200	12.1
19493	155131200	6.1
19493	157809600	4.1
19493	160488000	4.5
19493	162907200	7.8
19493	165585600	12.6
19493	168177600	17.3
19493	170856000	22.6
19493	173448000	27
19493	176126400	27.3
19493	178804800	25.7
19493	181396800	19.2
19493	184075200	12.5
19493	186667200	4.2
19493	189345600	2.4
19493	192024000	5.9
19493	194529600	7
19493	197208000	12.6
19493	199800000	17.8
19493	202478400	22.2
19493	205070400	24.6
19493	207748800	27.6
19493	210427200	21.6
19493	213019200	17.9
19493	215697600	8.8
19493	218289600	5.4
19493	220968000	0.7
19493	223646400	2.7
19493	226065600	8.7
19493	228744000	14.3
19493	231336000	16.7
19493	234014400	22.1
19493	236606400	27.6
19493	239284800	25.4
19493	241963200	23.4
19493	244555200	19.1
19493	247233600	11.6
19493	249825600	8.2
19493	252504000	3
19493	255182400	3.5
19493	257601600	6.8
19493	260280000	13.9
19493	262872000	18.9
19493	265550400	24.1
19493	268142400	29
19493	270820800	27.8
19493	273499200	23.2
19493	276091200	18.1
19493	278769600	12.4
19493	281361600	6.4
19493	284040000	4.4
19493	286718400	5.5
19493	289137600	7.7
19493	291816000	12.7
19493	294408000	17.3
19493	297086400	23.8
19493	299678400	25.9
19493	302356800	26.5
19493	305035200	22.4
19493	307627200	17.3
19493	310305600	10.4
19493	312897600	7
19493	315576000	3.6
19493	318254400	2.5
19493	320760000	6.6
19493	323438400	12.3
19493	326030400	17.4
19493	328708800	23.5
19493	331300800	25.8
19493	333979200	24
19493	336657600	21.6
19493	339249600	16.7
19493	341928000	13
19493	344520000	3.9
19493	347198400	1.5
19493	349876800	4
19493	352296000	9
19493	354974400	13
19493	357566400	18.7
19493	360244800	22.6
19493	362836800	27.9
19493	365515200	26.7
19493	368193600	22
19493	370785600	15.9
19493	373464000	10.3
19493	376056000	4.9
19493	378734400	3.1
19493	381412800	4.2
19493	383832000	7.9
19493	386510400	12.3
19493	389102400	20.6
19493	391780800	22.2
19493	394372800	25.3
19493	397051200	26.5
19493	399729600	21.9
19493	402321600	18.4
19493	4.05e+08	12.7
19493	407592000	4.9
19493	410270400	3.5
19493	412948800	3.9
19493	415368000	7.5
19493	418046400	14.1
19493	420638400	18.9
19493	423316800	21.2
19493	425908800	26.7
19493	428587200	26.8
19493	431265600	23.8
19493	433857600	18
19493	436536000	11
19493	439128000	4.6
19493	441806400	1.9
19493	444484800	2.3
19493	446990400	7.3
19493	449668800	12.2
19493	452260800	17.5
19493	454939200	22.8
19493	457531200	27.1
19493	460209600	26.7
19493	462888000	22
19493	465480000	18
19493	468158400	13.4
19493	470750400	5
19493	473428800	2.9
19493	476107200	4.5
19493	478526400	6.2
19493	481204800	13.3
19493	483796800	18.5
19493	486475200	21.8
19493	489067200	27
19493	491745600	26.6
19493	494424000	24.3
19493	497016000	18.2
19493	499694400	11.1
19493	502286400	4.1
19493	504964800	2.4
19493	507643200	2.9
19493	510062400	7.6
19493	512740800	12.2
19493	515332800	18
19493	518011200	22.9
19493	520603200	25.7
19493	523281600	26.5
19493	525960000	21.9
19493	528552000	16.3
19493	531230400	11.8
19493	533822400	6.1
19493	536500800	4.3
19493	539179200	5.5
19493	541598400	6.6
19493	544276800	12.1
19493	546868800	17.4
19493	549547200	21.6
19493	552139200	25.9
19493	554817600	27.4
19493	557496000	21.6
19493	560088000	18.7
19493	562766400	12.9
19493	565358400	5.2
19493	568036800	4.5
19493	570715200	3.4
19493	573220800	6.4
19493	575899200	13.5
19493	578491200	18.2
19493	581169600	22.6
19493	583761600	28.7
19493	586440000	25.5
19493	589118400	22.4
19493	591710400	18.4
19493	594388800	10.7
19493	596980800	5.8
19493	599659200	4.7
19493	602337600	4.7
19493	604756800	8.5
19493	607435200	13
19493	610027200	17.7
19493	612705600	22.5
19493	615297600	25.6
19493	617976000	25.9
19493	620654400	23.1
19493	623246400	18
19493	625924800	11.7
19493	628516800	6.7
19493	631195200	4.3
19493	633873600	5.3
19493	636292800	9.9
19493	638971200	13.2
19493	641563200	19.1
19493	644241600	24.4
19493	646833600	28.6
19493	649512000	28
19493	652190400	23.5
19493	654782400	17.8
19493	657460800	14
19493	660052800	6.4
19493	662731200	4.1
19493	665409600	4.9
19493	667828800	7.7
19493	670507200	12.6
19493	673099200	18.1
19493	675777600	23.1
19493	678369600	26.8
19493	681048000	25.7
19493	683726400	23.2
19493	686318400	17.5
19493	688996800	11.8
19493	691588800	6.6
19493	694267200	3.7
19493	696945600	6
19493	699451200	7.4
19493	702129600	13.6
19493	704721600	18.8
19493	707400000	21.5
19493	709992000	27.5
19493	712670400	26.2
19493	715348800	23.5
19493	717940800	16.5
19493	720619200	10.7
19493	723211200	7.3
19493	725889600	2.9
19493	728568000	5.6
19493	730987200	7.7
19493	733665600	13.2
19493	736257600	17.5
19493	738936000	23.8
19493	741528000	25.6
19493	744206400	25.5
19493	746884800	22.8
19493	749476800	17.6
19493	752155200	13
19493	754747200	5.3
19493	757425600	4.1
19493	760104000	4.6
19493	762523200	7.7
19493	765201600	14.4
19493	767793600	20.7
19493	770472000	23.5
19493	773064000	29.6
19493	775742400	28.3
19493	778420800	23.2
19493	781012800	18.3
19493	783691200	14.8
19493	786283200	8.6
19493	788961600	4
19493	791640000	4.8
19493	794059200	9.2
19493	796737600	12.7
19493	799329600	18.3
19493	802008000	22.5
19493	804600000	27.3
19493	807278400	28.6
19493	809956800	24.1
19493	812548800	18.3
19493	815227200	10.9
19493	817819200	5.1
19493	820497600	3.9
19493	823176000	3.8
19493	825681600	7.2
19493	828360000	12.3
19493	830952000	17.9
19493	833630400	23.8
19493	836222400	26.4
19493	838900800	26.9
19493	841579200	24.2
19493	844171200	18.8
19493	846849600	12.3
19493	849441600	6.1
19493	852120000	2.9
19493	854798400	5.3
19493	857217600	9.5
19493	859896000	13.6
19493	862488000	20.9
19493	865166400	23.8
19493	867758400	26.8
19493	870436800	27
19493	873115200	22.4
19493	875707200	18.3
19493	878385600	12.9
19493	880977600	7
19493	883656000	3.9
19493	886334400	6.9
19493	888753600	8.8
19493	891432000	16.2
19493	894024000	18.9
19493	896702400	22.5
19493	899294400	28.5
19493	901972800	28.5
19493	904651200	23.6
19493	907243200	19.5
19493	909921600	14.8
19493	912513600	8.1
19493	915192000	5.1
19493	917870400	6.3
19493	920289600	9.3
19493	922968000	13.8
19493	925560000	19.4
19493	928238400	21.6
19493	930830400	24.7
19493	933508800	26
19493	936187200	25.3
19493	938779200	18.8
19493	941457600	12.2
19493	944049600	6.4
19493	946728000	4.4
19493	949406400	3.4
19493	951912000	9.4
19493	954590400	14.6
19493	957182400	19.7
19493	959860800	23.6
19493	962452800	27.9
19493	965131200	27.2
19493	967809600	23.7
19493	970401600	19.3
19493	973080000	12.4
19493	975672000	8.1
19493	978350400	4.8
19493	981028800	5.7
19493	983448000	9.7
19493	986126400	13.8
19493	988718400	19.8
19493	991396800	23.1
19493	993988800	28.4
19493	996667200	26.3
19493	999345600	24.4
19493	1001937600	19.2
19493	1004616000	12.3
19493	1007208000	6.3
19493	1009886400	5.7
19493	1012564800	7.1
19493	1014984000	11.7
19493	1017662400	15.7
19493	1020254400	18.2
19493	1022932800	24.6
19493	1025524800	26.5
19493	1028203200	26.5
19493	1030881600	23.8
19493	1033473600	18.8
19493	1036152000	11.5
19493	1038744000	6.8
19493	1041422400	3.1
19493	1044100800	5.5
19493	1046520000	8.8
19493	1049198400	14
19493	1051790400	18
19493	1054468800	23.2
19493	1057060800	27.2
19493	1059739200	27.9
19493	1062417600	25.1
19493	1065009600	18.1
19493	1067688000	13.3
19493	1070280000	5.7
19493	1072958400	3.2
19493	1075636800	7.2
19493	1078142400	8.8
19493	1080820800	14.5
19493	1083412800	19.7
19493	1086091200	23.3
19493	1088683200	28.9
19493	1091361600	28.1
19493	1094040000	23.9
19493	1096632000	18.4
19493	1099310400	14
19493	1101902400	8.3
19493	1104580800	2.6
19493	1107259200	3.5
19493	1109678400	7.8
19493	1112356800	16.1
19493	1114948800	19.5
19493	1117627200	25.9
19493	1120219200	28.3
19493	1122897600	27.3
19493	1125576000	25.6
19493	1128168000	18.3
19493	1130846400	14.6
19493	1133438400	3.9
19493	1136116800	4.7
19493	1138795200	4.6
19493	1141214400	9.7
19493	1143892800	14.8
19493	1146484800	19.5
19493	1149163200	24.6
19493	1151755200	27.8
19493	1154433600	28.9
19493	1157112000	22.8
19493	1159704000	20.8
19493	1162382400	14.6
19493	1164974400	7
19493	1167652800	4.6
19493	1170331200	8.1
19493	1172750400	10.4
19493	1175428800	14.2
19493	1178020800	21.3
19493	1180699200	23.7
19493	1183291200	27.7
19493	1185969600	28.5
19493	1188648000	24.4
19493	1191240000	19.2
19493	1193918400	12.9
19493	1196510400	7.7
19493	1199188800	3.3
19493	1201867200	3.2
19493	1204372800	9.6
19493	1207051200	14.1
19493	1209643200	19.8
19493	1212321600	22.5
19493	1214913600	29.2
19493	1217592000	27
19493	1220270400	24.9
19493	1222862400	19.8
19493	1225540800	12.2
19493	1228132800	6.7
19493	1230811200	3
19493	1233489600	7.7
19493	1235908800	9.2
19493	1238587200	14.8
19493	1241179200	20.2
19493	1243857600	25.5
19493	1246449600	27.6
19493	1249128000	27
19493	1251806400	24.2
19493	1254398400	20.6
19493	1257076800	11.8
19493	1259668800	5.6
19493	1262347200	4
19493	1265025600	6.4
19493	1267444800	8.3
19493	1270123200	11.3
19493	1272715200	19.7
19493	1275393600	22.8
19493	1277985600	28.1
19493	1280664000	29.8
19493	1283342400	25.5
19493	1285934400	18.4
19493	1288612800	13.1
19493	1291204800	7.2
19493	1293883200	0.6
19493	1296561600	4.9
19493	1298980800	8
19493	1301659200	14.3
19493	1304251200	20.3
19493	1306929600	23.5
19493	1309521600	28.7
19493	1312200000	26.7
19493	1314878400	23.5
19493	1317470400	18.4
19493	1320148800	15.9
19493	1322740800	5.5
19493	1325419200	3.8
19493	1328097600	3.6
19493	1330603200	8.2
19493	1333281600	16.1
19493	1335873600	20
19493	1338552000	23.3
19493	1341144000	28.4
19493	1343822400	28.4
19493	1346500800	23
19493	1349092800	19
19493	1351771200	11.3
19493	1354363200	5.3
19494	-347112000	2.2
19494	-344433600	5.7
19494	-342014400	10.3
19494	-339336000	14
19494	-336744000	18.6
19494	-334065600	23.5
19494	-331473600	28.8
19494	-328795200	28.8
19494	-326116800	23.6
19494	-323524800	18.6
19494	-320846400	12.6
19494	-318254400	7.2
19494	-315576000	4.4
19494	-312897600	6.7
19494	-310392000	10.8
19494	-307713600	13.9
19494	-305121600	18.6
19494	-302443200	23.7
19494	-299851200	29.5
19494	-297172800	26.9
19494	-294494400	24.5
19494	-291902400	17.8
19494	-289224000	12.5
19494	-286632000	4.5
19494	-283953600	3.2
19494	-281275200	4.9
19494	-278856000	9.3
19494	-276177600	14.3
19494	-273585600	18.8
19494	-270907200	24
19494	-268315200	29.4
19494	-265636800	29.3
19494	-262958400	24.9
19494	-260366400	19.5
19494	-257688000	14
19494	-255096000	7.1
19494	-252417600	2.3
19494	-249739200	5.8
19494	-247320000	8.3
19494	-244641600	12.3
19494	-242049600	18.3
19494	-239371200	23.6
19494	-236779200	28.7
19494	-234100800	27.8
19494	-231422400	24.4
19494	-228830400	18.3
19494	-226152000	12.2
19494	-223560000	7.1
19494	-220881600	0.9
19494	-218203200	3.4
19494	-215784000	9.4
19494	-213105600	14.3
19494	-210513600	19.1
19494	-207835200	21.8
19494	-205243200	28
19494	-202564800	27.9
19494	-199886400	24.1
19494	-197294400	16.9
19494	-194616000	13
19494	-192024000	6.9
19494	-189345600	5.5
19494	-186667200	2.1
19494	-184161600	8.6
19494	-181483200	16.5
19494	-178891200	18.5
19494	-176212800	22.8
19494	-173620800	29.8
19494	-170942400	27.9
19494	-168264000	25.7
19494	-165672000	18.9
19494	-162993600	12
19494	-160401600	6.3
19494	-157723200	5.1
19494	-155044800	5.7
19494	-152625600	7.7
19494	-149947200	11.9
19494	-147355200	19.6
19494	-144676800	22.3
19494	-142084800	28.6
19494	-139406400	27
19494	-136728000	23.2
19494	-134136000	18.1
19494	-131457600	14.2
19494	-128865600	5.1
19494	-126187200	4.4
19494	-123508800	6.7
19494	-121089600	10
19494	-118411200	13.7
19494	-115819200	19.1
19494	-113140800	23.6
19494	-110548800	27.6
19494	-107870400	28.7
19494	-105192000	23
19494	-102600000	18
19494	-99921600	12.7
19494	-97329600	6.1
19494	-94651200	2.3
19494	-91972800	4.2
19494	-89553600	8.7
19494	-86875200	13.4
19494	-84283200	19.2
19494	-81604800	24.4
19494	-79012800	28.4
19494	-76334400	29.7
19494	-73656000	24.2
19494	-71064000	18.7
19494	-68385600	12.6
19494	-65793600	1.5
19494	-63115200	2.9
19494	-60436800	1.9
19494	-57931200	8.8
19494	-55252800	13.8
19494	-52660800	18.7
19494	-49982400	22.9
19494	-47390400	27.2
19494	-44712000	28.1
19494	-42033600	24.3
19494	-39441600	17.5
19494	-36763200	13.6
19494	-34171200	9.6
19494	-31492800	3.6
19494	-28814400	2.8
19494	-26395200	6.6
19494	-23716800	14.4
19494	-21124800	19.7
19494	-18446400	22.5
19494	-15854400	27.1
19494	-13176000	28.6
19494	-10497600	25.3
19494	-7905600	18.1
19494	-5227200	10.5
19494	-2635200	4.9
19494	43200	1.9
19494	2721600	6.1
19494	5140800	5.6
19494	7819200	13
19494	10411200	18.9
19494	13089600	22.3
19494	15681600	27.3
19494	18360000	28.5
19494	21038400	25
19494	23630400	18.7
19494	26308800	12.3
19494	28900800	7
19494	31579200	3
19494	34257600	4.1
19494	36676800	7.7
19494	39355200	13.7
19494	41947200	19.8
19494	44625600	25.2
19494	47217600	30.5
19494	49896000	28.7
19494	52574400	23.7
19494	55166400	17
19494	57844800	12.6
19494	60436800	6.2
19494	63115200	5.3
19494	65793600	2.6
19494	68299200	7.9
19494	70977600	13.6
19494	73569600	18.5
19494	76248000	23.3
19494	78840000	26.9
19494	81518400	27.4
19494	84196800	22.6
19494	86788800	17.5
19494	89467200	11.8
19494	92059200	6.7
19494	94737600	4.4
19494	97416000	6.3
19494	99835200	9.4
19494	102513600	15.8
19494	105105600	18.6
19494	107784000	22.8
19494	110376000	27.7
19494	113054400	28.3
19494	115732800	21.8
19494	118324800	17.7
19494	121003200	11.4
19494	123595200	4.3
19494	126273600	3.5
19494	128952000	3.3
19494	131371200	7.2
19494	134049600	14.7
19494	136641600	19.6
19494	139320000	21.8
19494	141912000	26.1
19494	144590400	27.2
19494	147268800	22.9
19494	149860800	18.2
19494	152539200	12.8
19494	155131200	6.5
19494	157809600	4.6
19494	160488000	5.2
19494	162907200	8.5
19494	165585600	13.4
19494	168177600	18.1
19494	170856000	23.2
19494	173448000	27.8
19494	176126400	28.3
19494	178804800	26.7
19494	181396800	19.9
19494	184075200	12.7
19494	186667200	4.6
19494	189345600	3.2
19494	192024000	6.4
19494	194529600	7.5
19494	197208000	13.6
19494	199800000	19
19494	202478400	23.2
19494	205070400	25.5
19494	207748800	28.9
19494	210427200	22.7
19494	213019200	18.5
19494	215697600	9.2
19494	218289600	6.1
19494	220968000	1.3
19494	223646400	3.2
19494	226065600	9.6
19494	228744000	15.1
19494	231336000	17.9
19494	234014400	23.3
19494	236606400	28.5
19494	239284800	26.5
19494	241963200	24.3
19494	244555200	19.9
19494	247233600	12.4
19494	249825600	8.9
19494	252504000	3.7
19494	255182400	4.1
19494	257601600	7.5
19494	260280000	14.5
19494	262872000	19.8
19494	265550400	24.8
19494	268142400	29.7
19494	270820800	28.8
19494	273499200	24.3
19494	276091200	18.8
19494	278769600	13
19494	281361600	7.2
19494	284040000	5.3
19494	286718400	6.2
19494	289137600	8.6
19494	291816000	14
19494	294408000	18.2
19494	297086400	24.5
19494	299678400	27.5
19494	302356800	27.6
19494	305035200	23.6
19494	307627200	18.4
19494	310305600	11.3
19494	312897600	8.5
19494	315576000	4.2
19494	318254400	3.4
19494	320760000	7.3
19494	323438400	13.5
19494	326030400	19.1
19494	328708800	24.6
19494	331300800	27
19494	333979200	24.8
19494	336657600	22.2
19494	339249600	17.8
19494	341928000	13.9
19494	344520000	5
19494	347198400	2.3
19494	349876800	4.7
19494	352296000	9.8
19494	354974400	14.5
19494	357566400	19.8
19494	360244800	23.7
19494	362836800	28.3
19494	365515200	27.7
19494	368193600	22.4
19494	370785600	16.4
19494	373464000	10.6
19494	376056000	5.5
19494	378734400	4
19494	381412800	4.7
19494	383832000	8.7
19494	386510400	13.1
19494	389102400	21.1
19494	391780800	22.8
19494	394372800	26.2
19494	397051200	27
19494	399729600	22.9
19494	402321600	19.4
19494	4.05e+08	13.5
19494	407592000	5.7
19494	410270400	4
19494	412948800	4.4
19494	415368000	8.4
19494	418046400	15
19494	420638400	20
19494	423316800	22
19494	425908800	27.7
19494	428587200	27.6
19494	431265600	24.2
19494	433857600	18.3
19494	436536000	11.4
19494	439128000	5.3
19494	441806400	2.3
19494	444484800	2.6
19494	446990400	7.8
19494	449668800	13.1
19494	452260800	18.5
19494	454939200	23.7
19494	457531200	28.5
19494	460209600	27.7
19494	462888000	22.9
19494	465480000	18.8
19494	468158400	14.2
19494	470750400	5.4
19494	473428800	3.5
19494	476107200	4.9
19494	478526400	6.5
19494	481204800	14.6
19494	483796800	19.7
19494	486475200	22.8
19494	489067200	28.2
19494	491745600	27.7
19494	494424000	25.2
19494	497016000	19.1
19494	499694400	11.7
19494	502286400	4.6
19494	504964800	3.1
19494	507643200	3.7
19494	510062400	8.3
19494	512740800	13.3
19494	515332800	19.7
19494	518011200	23.9
19494	520603200	27.3
19494	523281600	27.5
19494	525960000	22.7
19494	528552000	17.1
19494	531230400	12.3
19494	533822400	6.9
19494	536500800	5.1
19494	539179200	6.4
19494	541598400	7.6
19494	544276800	13.2
19494	546868800	18.4
19494	549547200	22.6
19494	552139200	27
19494	554817600	28.4
19494	557496000	22.8
19494	560088000	19.6
19494	562766400	13.4
19494	565358400	6
19494	568036800	5.2
19494	570715200	4.2
19494	573220800	7
19494	575899200	14.5
19494	578491200	19.2
19494	581169600	23.8
19494	583761600	29.2
19494	586440000	26.6
19494	589118400	23.1
19494	591710400	19
19494	594388800	11.5
19494	596980800	6.9
19494	599659200	5.2
19494	602337600	5.3
19494	604756800	9.2
19494	607435200	13.9
19494	610027200	18.7
19494	612705600	23.6
19494	615297600	26.1
19494	617976000	26.8
19494	620654400	23.7
19494	623246400	18.8
19494	625924800	12.3
19494	628516800	7.3
19494	631195200	5
19494	633873600	5.6
19494	636292800	11.1
19494	638971200	14.5
19494	641563200	20.2
19494	644241600	25.3
19494	646833600	29.7
19494	649512000	28.5
19494	652190400	23.9
19494	654782400	18.4
19494	657460800	14.7
19494	660052800	6.8
19494	662731200	4.7
19494	665409600	5.8
19494	667828800	8.3
19494	670507200	13.3
19494	673099200	19.2
19494	675777600	24.2
19494	678369600	28.2
19494	681048000	26.8
19494	683726400	24.2
19494	686318400	18.5
19494	688996800	12.6
19494	691588800	7.3
19494	694267200	4.3
19494	696945600	6.7
19494	699451200	8
19494	702129600	14.7
19494	704721600	20.1
19494	707400000	22.4
19494	709992000	28.1
19494	712670400	27.1
19494	715348800	24.1
19494	717940800	17.5
19494	720619200	11.6
19494	723211200	7.9
19494	725889600	3.4
19494	728568000	6.9
19494	730987200	8.7
19494	733665600	14.5
19494	736257600	18.7
19494	738936000	24.7
19494	741528000	26.8
19494	744206400	26.3
19494	746884800	23.8
19494	749476800	18.4
19494	752155200	13.3
19494	754747200	6.1
19494	757425600	4.9
19494	760104000	5.4
19494	762523200	8.8
19494	765201600	15.4
19494	767793600	22.2
19494	770472000	24.5
19494	773064000	30.2
19494	775742400	28.9
19494	778420800	24.1
19494	781012800	19
19494	783691200	15.7
19494	786283200	9.2
19494	788961600	4.9
19494	791640000	5.8
19494	794059200	10.1
19494	796737600	13.9
19494	799329600	19.5
19494	802008000	23.2
19494	804600000	28.6
19494	807278400	29.3
19494	809956800	25.4
19494	812548800	19.3
19494	815227200	12
19494	817819200	6.1
19494	820497600	4.4
19494	823176000	4.6
19494	825681600	7.9
19494	828360000	13.5
19494	830952000	19.9
19494	833630400	24.7
19494	836222400	27.5
19494	838900800	28.2
19494	841579200	25.5
19494	844171200	19.6
19494	846849600	13.4
19494	849441600	7.2
19494	852120000	3.8
19494	854798400	6.4
19494	857217600	10.6
19494	859896000	15.4
19494	862488000	22.6
19494	865166400	25
19494	867758400	27.9
19494	870436800	27.8
19494	873115200	23.5
19494	875707200	19.7
19494	878385600	13.6
19494	880977600	7.8
19494	883656000	4.7
19494	886334400	7.7
19494	888753600	9.5
19494	891432000	17.6
19494	894024000	20.4
19494	896702400	23.9
19494	899294400	29.8
19494	901972800	29.9
19494	904651200	24.4
19494	907243200	20.6
19494	909921600	16.2
19494	912513600	9.4
19494	915192000	6.3
19494	917870400	7.6
19494	920289600	10
19494	922968000	14.9
19494	925560000	20.7
19494	928238400	22.1
19494	930830400	25.6
19494	933508800	27.2
19494	936187200	26
19494	938779200	20
19494	941457600	13.1
19494	944049600	7.4
19494	946728000	4.9
19494	949406400	4.1
19494	951912000	10.6
19494	954590400	16.2
19494	957182400	21.6
19494	959860800	24.9
19494	962452800	29.2
19494	965131200	28.4
19494	967809600	24.4
19494	970401600	19.9
19494	973080000	13.1
19494	975672000	9.1
19494	978350400	5.9
19494	981028800	6.9
19494	983448000	11.2
19494	986126400	15.3
19494	988718400	20.8
19494	991396800	24.2
19494	993988800	29.7
19494	996667200	26.9
19494	999345600	24.8
19494	1001937600	20
19494	1004616000	13.6
19494	1007208000	7.1
19494	1009886400	7.3
19494	1012564800	8.8
19494	1014984000	13.2
19494	1017662400	17.1
19494	1020254400	19.6
19494	1022932800	25.5
19494	1025524800	27.8
19494	1028203200	27.6
19494	1030881600	25.1
19494	1033473600	20.1
19494	1036152000	13.1
19494	1038744000	7.7
19494	1041422400	4
19494	1044100800	7
19494	1046520000	10.3
19494	1049198400	15.7
19494	1051790400	20.3
19494	1054468800	24.8
19494	1057060800	30
19494	1059739200	29.8
19494	1062417600	26.3
19494	1065009600	18.8
19494	1067688000	14.2
19494	1070280000	6.6
19494	1072958400	4.3
19494	1075636800	9.1
19494	1078142400	10.2
19494	1080820800	16.4
19494	1083412800	21.3
19494	1086091200	24.7
19494	1088683200	30.1
19494	1091361600	29.2
19494	1094040000	24.4
19494	1096632000	19.2
19494	1099310400	14.9
19494	1101902400	9.3
19494	1104580800	3.5
19494	1107259200	4.4
19494	1109678400	9.5
19494	1112356800	18.1
19494	1114948800	21.1
19494	1117627200	26.8
19494	1120219200	29.7
19494	1122897600	28.6
19494	1125576000	26.7
19494	1128168000	19.1
19494	1130846400	15.5
19494	1133438400	5.1
19494	1136116800	6
19494	1138795200	5.9
19494	1141214400	11.4
19494	1143892800	16.8
19494	1146484800	21
19494	1149163200	26
19494	1151755200	29.7
19494	1154433600	30.4
19494	1157112000	23.9
19494	1159704000	22.2
19494	1162382400	15.7
19494	1164974400	8.3
19494	1167652800	5.7
19494	1170331200	9.9
19494	1172750400	12.2
19494	1175428800	16
19494	1178020800	23.2
19494	1180699200	25.1
19494	1183291200	30
19494	1185969600	29.8
19494	1188648000	25.3
19494	1191240000	20.5
19494	1193918400	13.8
19494	1196510400	9.3
19494	1199188800	4.4
19494	1201867200	4.1
19494	1204372800	11.6
19494	1207051200	16.2
19494	1209643200	22
19494	1212321600	24.3
19494	1214913600	30.6
19494	1217592000	28.7
19494	1220270400	26
19494	1222862400	20.7
19494	1225540800	13.2
19494	1228132800	7.8
19494	1230811200	4.1
19494	1233489600	9
19494	1235908800	10.7
19494	1238587200	16.4
19494	1241179200	22
19494	1243857600	26.7
19494	1246449600	29.1
19494	1249128000	28.2
19494	1251806400	25.2
19494	1254398400	21.3
19494	1257076800	12.6
19494	1259668800	6.6
19494	1262347200	5.7
19494	1265025600	7.7
19494	1267444800	9.7
19494	1270123200	13.1
19494	1272715200	21.1
19494	1275393600	24.3
19494	1277985600	29.3
19494	1280664000	31.1
19494	1283342400	26.7
19494	1285934400	19.2
19494	1288612800	14
19494	1291204800	8.3
19494	1293883200	1.6
19494	1296561600	6.4
19494	1298980800	9.3
19494	1301659200	16.4
19494	1304251200	22
19494	1306929600	24.6
19494	1309521600	30.4
19494	1312200000	28.3
19494	1314878400	24.6
19494	1317470400	19.1
19494	1320148800	16.8
19494	1322740800	6.6
19494	1325419200	4.8
19494	1328097600	4.5
19494	1330603200	9.7
19494	1333281600	18
19494	1335873600	21.5
19494	1338552000	24.8
19494	1341144000	30.1
19494	1343822400	29.5
19494	1346500800	24.1
19494	1349092800	19.8
19494	1351771200	12.1
19494	1354363200	6.2
19494	1357041600	4.6
19494	1359720000	6.8
19494	1362139200	11
19494	1364817600	15.3
19494	1367409600	21.3
19494	1370088000	24.1
19494	1372680000	32
19494	1375358400	31
19495	-3881476800	3.9
19495	-3878798400	3
19495	-3876379200	10.6
19495	-3873700800	15
19495	-3871108800	17.8
19495	-3868430400	21.9
19495	-3865838400	27.5
19495	-3863160000	26.9
19495	-3860481600	24.4
19495	-3857889600	18
19495	-3855211200	15
19495	-3852619200	8
19495	-3849940800	3.3
19495	-3847262400	3.3
19495	-3844756800	8.6
19495	-3842078400	12.2
19495	-3839486400	19.4
19495	-3836808000	21.9
19495	-3834216000	26.1
19495	-3831537600	25.8
19495	-3828859200	23.3
19495	-3826267200	17.5
19495	-3823588800	10
19495	-3820996800	7.8
19495	-3818318400	4.2
19495	-3815640000	7.2
19495	-3813220800	8.9
19495	-3810542400	12.8
19495	-3807950400	18.3
19495	-3805272000	21.4
19495	-3802680000	25.8
19495	-3800001600	27.8
19495	-3797323200	23.9
19495	-3794731200	18
19495	-3792052800	11.3
19495	-3789460800	7.5
19495	-3786782400	3.9
19495	-3784104000	3.9
19495	-3781684800	9.2
19495	-3779006400	12.8
19495	-3776414400	19.7
19495	-3773736000	23.3
19495	-3771144000	26.9
19495	-3768465600	28.6
19495	-3765787200	23.5
19495	-3763195200	19.4
19495	-3760516800	13
19495	-3757924800	8.3
19495	-3755246400	5.6
19495	-3752568000	5.3
19495	-3750148800	8
19495	-3747470400	11.9
19495	-3744878400	17.5
19495	-3742200000	22.2
19495	-3739608000	27.5
19495	-3736929600	27.8
19495	-3734251200	22.5
19495	-3731659200	15.8
19495	-3728980800	13.9
19495	-3726388800	7.2
19495	-3723710400	3.9
19495	-3721032000	3.3
19495	-3718526400	6.9
19495	-3715848000	12.8
19495	-3713256000	19.2
19495	-3710577600	25
19495	-3707985600	29.4
19495	-3705307200	27.8
19495	-3702628800	22.5
19495	-3700036800	18.9
19495	-3697358400	13.3
19495	-3694766400	6.1
19495	-3692088000	3
19495	-3689409600	3.3
19495	-3686990400	9.4
19495	-3684312000	13.6
19495	-3681720000	18.6
19495	-3679041600	23.9
19495	-3676449600	29.4
19495	-3673771200	26.3
19495	-3671092800	24.4
19495	-3668500800	19.1
19495	-3665822400	14.4
19495	-3663230400	7.8
19495	-3660552000	6.7
19495	-3657873600	3.3
19495	-3655454400	8
19495	-3652776000	13.6
19495	-3650184000	19.4
19495	-3647505600	23.3
19495	-3644913600	28.3
19495	-3642235200	28.9
19495	-3639556800	23.6
19495	-3636964800	19.4
19495	-3634286400	13
19495	-3631694400	8.3
19495	-3629016000	1.4
19495	-3626337600	4.7
19495	-3623918400	8.9
19495	-3621240000	13.9
19495	-3618648000	20.2
19495	-3615969600	23.6
19495	-3613377600	28.6
19495	-3610699200	28
19495	-3608020800	24.1
19495	-3605428800	18.6
19495	-3602750400	13
19495	-3600158400	8.9
19495	-3597480000	0.8
19495	-3594801600	3
19495	-3592296000	8.3
19495	-3589617600	14.4
19495	-3587025600	19.4
19495	-3584347200	22.8
19495	-3581755200	28.6
19495	-3579076800	29.1
19495	-3576398400	25
19495	-3573806400	18
19495	-3571128000	13.6
19495	-3568536000	7.8
19495	-3565857600	4.1
19495	-3563179200	6.1
19495	-3560760000	9.1
19495	-3558081600	15.6
19495	-3555489600	18.3
19495	-3552811200	24.4
19495	-3550219200	28.6
19495	-3547540800	28
19495	-3544862400	23
19495	-3542270400	18.9
19495	-3539592000	12.2
19495	-3.537e+09	8.6
19495	-3534321600	4.7
19495	-3531643200	5.2
19495	-3529224000	8.3
19495	-3526545600	14.4
19495	-3523953600	18
19495	-3521275200	23.3
19495	-3518683200	27.5
19495	-3516004800	25.8
19495	-3513326400	23.9
19495	-3510734400	17.5
19495	-3508056000	11.9
19495	-3505464000	7.5
19495	-3502785600	3.9
19495	-3500107200	4.1
19495	-3497688000	7.8
19495	-3495009600	16.3
19495	-3492417600	19.4
19495	-3489739200	24.4
19495	-3487147200	26.8
19495	-3484468800	28.3
19495	-3481790400	23.6
19495	-3479198400	18
19495	-3476520000	11.4
19495	-3473928000	5
19495	-3471249600	3.3
19495	-3468571200	5.6
19495	-3466065600	6.4
19495	-3463387200	14.1
19495	-3460795200	17.2
19495	-3458116800	23
19495	-3455524800	26.7
19495	-3452846400	27.8
19495	-3450168000	23.3
19495	-3447576000	16.7
19495	-3444897600	10.3
19495	-3442305600	7.8
19495	-3439627200	2.2
19495	-3436948800	2.8
19495	-3434529600	7.8
19495	-3431851200	14.7
19495	-3429259200	18.9
19495	-3426580800	23
19495	-3423988800	29.1
19495	-3421310400	29.1
19495	-3418632000	22.2
19495	-3416040000	17.8
19495	-3413361600	12.2
19495	-3410769600	6.7
19495	-3408091200	0.3
19495	-3405412800	1.1
19495	-3402993600	6.1
19495	-3400315200	13.3
19495	-3397723200	19.1
19495	-3395044800	23.6
19495	-3392452800	28
19495	-3389774400	26.1
19495	-3387096000	23.6
19495	-3384504000	17.2
19495	-3381825600	10
19495	-3379233600	5
19495	-3376555200	4.4
19495	-3373876800	6.4
19495	-3371457600	8.3
19495	-3368779200	11.1
19495	-3366187200	16.9
19495	-3363508800	23
19495	-3360916800	30
19495	-3358238400	27.2
19495	-3355560000	22.8
19495	-3352968000	16.1
19495	-3350289600	9.1
19495	-3347697600	6.2
19495	-3345019200	1.1
19495	-3342340800	2.3
19495	-3339835200	4.7
19495	-3337156800	13.3
19495	-3334564800	17.5
19495	-3331886400	22.5
19495	-3329294400	28
19495	-3326616000	27.2
19495	-3323937600	23
19495	-3321345600	19.4
19495	-3318667200	12.5
19495	-3316075200	6.1
19496	-1988107200	5.6
19496	-1985428800	2.6
19496	-1983009600	8.1
19496	-1980331200	14.9
19496	-1977739200	20.9
19496	-1975060800	23.4
19496	-1972468800	25.8
19496	-1969790400	28.1
19496	-1967112000	22.5
19496	-1964520000	18.8
19496	-1961841600	11.8
19496	-1959249600	6.8
19496	-1956571200	5.1
19496	-1953892800	4.5
19496	-1951387200	8.4
19496	-1948708800	13.3
19496	-1946116800	20.5
19496	-1943438400	24.7
19496	-1940846400	28.5
19496	-1938168000	27.6
19496	-1935489600	23.4
19496	-1932897600	18.3
19496	-1930219200	11
19496	-1927627200	7.7
19496	-1924948800	3.7
19496	-1922270400	5.5
19496	-1919851200	7.9
19496	-1917172800	16
19496	-1914580800	20.6
19496	-1911902400	23.2
19496	-1909310400	29.3
19496	-1906632000	28.1
19496	-1903953600	25.2
19496	-1901361600	18.6
19496	-1898683200	11.9
19496	-1896091200	5.7
19496	-1893412800	4.4
19496	-1890734400	3.6
19496	-1888315200	9.3
19496	-1885636800	13.6
19496	-1883044800	19.1
19496	-1880366400	25.3
19496	-1877774400	28.9
19496	-1875096000	27.9
19496	-1872417600	23.2
19496	-1869825600	17.5
19496	-1867147200	12.5
19496	-1864555200	4.3
19496	-1861876800	4.2
19496	-1859198400	5.7
19496	-1856779200	9.7
19496	-1854100800	16
19496	-1851508800	19.1
19496	-1848830400	23.4
19496	-1846238400	27.1
19496	-1843560000	27.3
19496	-1840881600	24.8
19496	-1838289600	17.1
19496	-1835611200	11.7
19496	-1833019200	5.8
19496	-1830340800	3.4
19496	-1827662400	8.2
19496	-1825156800	8.8
19496	-1822478400	16.7
19496	-1819886400	21.1
19496	-1817208000	25.8
19496	-1814616000	28.8
19496	-1811937600	27
19496	-1809259200	21.8
19496	-1806667200	17.3
19496	-1803988800	10
19496	-1801396800	5.2
19496	-1798718400	4.2
19496	-1796040000	5.1
19496	-1793620800	8.5
19496	-1790942400	14.4
19496	-1788350400	19.8
19496	-1785672000	24.7
19496	-1783080000	27.1
19496	-1780401600	28.6
19496	-1777723200	22
19496	-1775131200	17.9
19496	-1772452800	12
19496	-1769860800	5.2
19496	-1767182400	6.6
19496	-1764504000	7.7
19496	-1762084800	11.1
19496	-1759406400	15.6
19496	-1756814400	19.6
19496	-1754136000	25.4
19496	-1751544000	30.6
19496	-1748865600	28.6
19496	-1746187200	23.3
19496	-1743595200	18.8
19496	-1740916800	12.9
19496	-1738324800	6.5
19496	-1735646400	4.7
19496	-1732968000	6.3
19496	-1730548800	10
19496	-1727870400	14.4
19496	-1725278400	21.3
19496	-1722600000	25.1
19496	-1720008000	28.6
19496	-1717329600	27.8
19496	-1714651200	23
19496	-1712059200	19.7
19496	-1709380800	13
19496	-1706788800	7.7
19496	-1704110400	5.6
19496	-1701432000	5.8
19496	-1698926400	8.7
19496	-1696248000	16
19496	-1693656000	20.5
19496	-1690977600	25.2
19496	-1688385600	27.6
19496	-1685707200	26.9
19496	-1683028800	24.4
19496	-1680436800	17.6
19496	-1677758400	12
19496	-1675166400	5.5
19496	-1672488000	0.7
19496	-1669809600	4.8
19496	-1667390400	8.4
19496	-1664712000	15.6
19496	-1662120000	19.6
19496	-1659441600	24.8
19496	-1656849600	28.1
19496	-1654171200	27.8
19496	-1651492800	25
19496	-1648900800	17.1
19496	-1646222400	9.4
19496	-1643630400	3.2
19496	-1640952000	1.2
19496	-1638273600	5.7
19496	-1635854400	9.3
19496	-1633176000	15.2
19496	-1630584000	20.3
19496	-1627905600	24
19496	-1625313600	27.8
19496	-1622635200	28.7
19496	-1619956800	23.2
19496	-1617364800	18
19496	-1614686400	11.3
19496	-1612094400	7.1
19496	-1609416000	3.2
19496	-1606737600	5.8
19496	-1604318400	11.1
19496	-1601640000	17.8
19496	-1599048000	21.5
19496	-1596369600	25.6
19496	-1593777600	27
19496	-1591099200	28
19496	-1588420800	22.2
19496	-1585828800	17.7
19496	-1583150400	11.4
19496	-1580558400	6.1
19496	-1577880000	5.4
19496	-1575201600	3.9
19496	-1572696000	9.1
19496	-1570017600	14.5
19496	-1567425600	19.7
19496	-1564747200	24.3
19496	-1562155200	28.1
19496	-1559476800	28
19496	-1556798400	24.9
19496	-1554206400	18
19496	-1551528000	13.3
19496	-1548936000	9.5
19496	-1546257600	4.4
19496	-1543579200	6.9
19496	-1541160000	9.1
19496	-1538481600	14.5
19496	-1535889600	20.1
19496	-1533211200	23.7
19496	-1530619200	23.1
19496	-1527940800	27.6
19496	-1525262400	27.1
19496	-1522670400	16.4
19496	-1519992000	11.8
19496	-1517400000	7.5
19496	-1514721600	5.8
19496	-1512043200	7.1
19496	-1509624000	10.1
19496	-1506945600	15.4
19496	-1504353600	19.9
19496	-1501675200	25.1
19496	-1499083200	28.3
19496	-1496404800	28
19496	-1493726400	23.3
19496	-1491134400	18.2
19496	-1488456000	11.3
19496	-1485864000	6.2
19496	-1483185600	3.6
19496	-1480507200	4.5
19496	-1478088000	11.4
19496	-1475409600	14.9
19496	-1472817600	20.7
19496	-1470139200	24.8
19496	-1467547200	27.3
19496	-1464868800	28.3
19496	-1462190400	23.3
19496	-1459598400	17.7
19496	-1456920000	12.9
19496	-1454328000	6.8
19496	-1451649600	5.6
19496	-1448971200	5.4
19496	-1446465600	7.9
19496	-1443787200	16.7
19496	-1441195200	18.9
19496	-1438516800	23.7
19496	-1435924800	29
19496	-1433246400	27.7
19496	-1430568000	23.8
19496	-1427976000	18.3
19496	-1425297600	10.7
19496	-1422705600	6.6
19496	-1420027200	3.2
19496	-1417348800	4.4
19496	-1414929600	10.3
19496	-1412251200	13.9
19496	-1409659200	20.9
19496	-1406980800	26.2
19496	-1404388800	27.6
19496	-1401710400	27.3
19496	-1399032000	22.4
19496	-1396440000	17.9
19496	-1393761600	13.6
19496	-1391169600	6.3
19496	-1388491200	4.8
19496	-1385812800	6.1
19496	-1383393600	10.6
19496	-1380715200	15.2
19496	-1378123200	22.3
19496	-1375444800	23.1
19496	-1372852800	29.3
19496	-1370174400	24.6
19496	-1367496000	25
19496	-1364904000	16.9
19496	-1362225600	12.4
19496	-1359633600	6.5
19496	-1356955200	5.8
19496	-1354276800	5.7
19496	-1351857600	8.2
19496	-1349179200	17
19496	-1346587200	20.6
19496	-1343908800	24.6
19496	-1341316800	28.7
19496	-1338638400	28.9
19496	-1335960000	26.9
19496	-1333368000	17.5
19496	-1330689600	13.4
19496	-1328097600	9.9
19496	-1325419200	5.3
19496	-1322740800	5.6
19496	-1320235200	10.3
19496	-1317556800	16.3
19496	-1314964800	21.1
19496	-1312286400	23.6
19496	-1309694400	28
19496	-1307016000	26.1
19496	-1304337600	23.4
19496	-1301745600	16.8
19496	-1299067200	12.3
19496	-1296475200	7.6
19496	-1293796800	3.7
19496	-1291118400	5
19496	-1288699200	9.8
19496	-1286020800	16
19496	-1283428800	20.6
19496	-1280750400	23.8
19496	-1278158400	28.3
19496	-1275480000	28.3
19496	-1272801600	23.2
19496	-1270209600	17.7
19496	-1267531200	10.3
19496	-1264939200	5.5
19496	-1262260800	2.5
19496	-1259582400	7.3
19496	-1257163200	10.9
19496	-1254484800	16.2
19496	-1251892800	21
19496	-1249214400	25
19496	-1246622400	27.4
19496	-1243944000	28.6
19496	-1241265600	22.5
19496	-1238673600	17.5
19496	-1235995200	10.5
19496	-1233403200	7.2
19496	-1230724800	4.1
19496	-1228046400	3.5
19496	-1225627200	10.4
19496	-1222948800	12.6
19496	-1220356800	17
19496	-1217678400	25.7
19496	-1215086400	27.3
19496	-1212408000	27.9
19496	-1209729600	22.1
19496	-1207137600	17.2
19496	-1204459200	13.2
19496	-1201867200	6.2
19496	-1199188800	5.6
19496	-1196510400	3.9
19496	-1194004800	9
19496	-1191326400	15.6
19496	-1188734400	20.6
19496	-1186056000	23.9
19496	-1183464000	29.9
19496	-1180785600	28.4
19496	-1178107200	22.6
19496	-1175515200	16.8
19496	-1172836800	11.6
19496	-1170244800	6.8
19496	-1167566400	1.2
19496	-1164888000	4.9
19496	-1162468800	8.2
19496	-1159790400	15.1
19496	-1157198400	22.5
19496	-1154520000	25.1
19496	-1151928000	30.5
19496	-1149249600	29.6
19496	-1146571200	25.2
19496	-1143979200	18.4
19496	-1141300800	13.3
19496	-1138708800	9.1
19496	-1136030400	1.1
19496	-1133352000	5.2
19496	-1130932800	9.2
19496	-1128254400	13.4
19496	-1125662400	21.4
19496	-1122984000	26.4
19496	-1120392000	31.1
19496	-1117713600	31.1
19496	-1115035200	24.1
19496	-1112443200	16.5
19496	-1109764800	11
19496	-1107172800	8.5
19496	-1104494400	4.9
19496	-1101816000	6.3
19496	-1099396800	12.6
19496	-1096718400	14.6
19496	-1094126400	21.1
19496	-1091448000	24.6
19496	-1088856000	29
19496	-1086177600	27.9
19496	-1083499200	22.8
19496	-1080907200	19.9
19496	-1078228800	13.2
19496	-1075636800	3.6
19496	-1072958400	2
19496	-1070280000	4.1
19496	-1067774400	6.5
19496	-1065096000	15.8
19496	-1062504000	19
19496	-1059825600	25.4
19496	-1057233600	28.6
19496	-1054555200	28.2
19496	-1051876800	24.3
19496	-1049284800	18.6
19496	-1046606400	12.3
19496	-1044014400	5.8
19496	-1041336000	4.7
19496	-1038657600	5.7
19496	-1036238400	9.8
19496	-1033560000	15.7
19496	-1030968000	21.1
19496	-1028289600	23.1
19496	-1025697600	30
19497	-347112000	3.2
19497	-344433600	5.7
19497	-342014400	9.5
19497	-339336000	12.9
19497	-336744000	16.5
19497	-334065600	21.4
19497	-331473600	26.3
19497	-328795200	26.9
19497	-326116800	23.1
19497	-323524800	20
19497	-320846400	14.1
19497	-318254400	8.7
19497	-315576000	5.7
19497	-312897600	7.5
19497	-310392000	10.2
19497	-307713600	12.7
19497	-305121600	17
19497	-302443200	21.9
19497	-299851200	27.6
19497	-297172800	26.4
19497	-294494400	24.6
19497	-291902400	20
19497	-289224000	14.8
19497	-286632000	7.2
19497	-283953600	5.2
19497	-281275200	5.9
19497	-278856000	9.5
19497	-276177600	13.8
19497	-273585600	17.5
19497	-270907200	22.8
19497	-268315200	27.9
19497	-265636800	27.7
19497	-262958400	25.3
19497	-260366400	20.2
19497	-257688000	15.4
19497	-255096000	9
19497	-252417600	3.7
19497	-249739200	6.8
19497	-247320000	8.5
19497	-244641600	12
19497	-242049600	17.1
19497	-239371200	21.7
19497	-236779200	26.4
19497	-234100800	27.1
19497	-231422400	24.4
19497	-228830400	19.2
19497	-226152000	13.5
19497	-223560000	8.6
19497	-220881600	2.5
19497	-218203200	3.9
19497	-215784000	9.4
19497	-213105600	13.6
19497	-210513600	19.1
19497	-207835200	21.6
19497	-205243200	26.1
19497	-202564800	27.9
19497	-199886400	24.7
19497	-197294400	18.4
19497	-194616000	14.6
19497	-192024000	9.3
19497	-189345600	6.8
19497	-186667200	3
19497	-184161600	8
19497	-181483200	14.4
19497	-178891200	17.2
19497	-176212800	21.4
19497	-173620800	27.1
19497	-170942400	26.9
19497	-168264000	26.1
19497	-165672000	19.8
19497	-162993600	13.8
19497	-160401600	8.5
19497	-157723200	6.8
19497	-155044800	6.6
19497	-152625600	7.9
19497	-149947200	11.4
19497	-147355200	17.7
19497	-144676800	20.7
19497	-142084800	26.8
19497	-139406400	26.6
19497	-136728000	23.1
19497	-134136000	19.1
19497	-131457600	15.8
19497	-128865600	7
19497	-126187200	5.8
19497	-123508800	7.8
19497	-121089600	10.4
19497	-118411200	13.1
19497	-115819200	17.8
19497	-113140800	22.3
19497	-110548800	25.6
19497	-107870400	27.6
19497	-105192000	23.5
19497	-102600000	19.8
19497	-99921600	14.7
19497	-97329600	8
19497	-94651200	3.6
19497	-91972800	5
19497	-89553600	9
19497	-86875200	12.7
19497	-84283200	17.3
19497	-81604800	22.7
19497	-79012800	26.8
19497	-76334400	28.5
19497	-73656000	24.8
19497	-71064000	19.4
19497	-68385600	14.4
19497	-65793600	3.4
19497	-63115200	4.5
19497	-60436800	2.8
19497	-57931200	8.3
19497	-55252800	12.7
19497	-52660800	17.2
19497	-49982400	21.2
19497	-47390400	25.3
19497	-44712000	27
19497	-42033600	24.4
19497	-39441600	18.8
19497	-36763200	15.3
19497	-34171200	11.5
19497	-31492800	5.2
19497	-28814400	3.9
19497	-26395200	7
19497	-23716800	13.1
19497	-21124800	17.4
19497	-18446400	20.9
19497	-15854400	25.5
19497	-13176000	27.4
19497	-10497600	25.3
19497	-7905600	19.6
19497	-5227200	12.5
19497	-2635200	7
19497	43200	3.7
19497	2721600	7
19497	5140800	6.3
19497	7819200	11.9
19497	10411200	17
19497	13089600	20
19497	15681600	25.5
19497	18360000	27.6
19497	21038400	25.3
19497	23630400	19.8
19497	26308800	14
19497	28900800	9.3
19497	31579200	4.4
19497	34257600	4.8
19497	36676800	7.4
19497	39355200	12.8
19497	41947200	18.1
19497	44625600	23.5
19497	47217600	28.3
19497	49896000	28.2
19497	52574400	23.9
19497	55166400	17.7
19497	57844800	14.6
19497	60436800	8.6
19497	63115200	6.7
19497	65793600	3.7
19497	68299200	8
19497	70977600	12.1
19497	73569600	17.2
19497	76248000	21.8
19497	78840000	25.4
19497	81518400	26
19497	84196800	23.3
19497	86788800	18.8
19497	89467200	13.5
19497	92059200	8.3
19497	94737600	5.5
19497	97416000	7.2
19497	99835200	9.8
19497	102513600	14.8
19497	105105600	17.4
19497	107784000	21.7
19497	110376000	26.8
19497	113054400	27.5
19497	115732800	22.5
19497	118324800	18.9
19497	121003200	13.4
19497	123595200	7.1
19497	126273600	5.5
19497	128952000	4.7
19497	131371200	8
19497	134049600	13.6
19497	136641600	18.2
19497	139320000	21
19497	141912000	25.6
19497	144590400	25.8
19497	147268800	23.3
19497	149860800	19
19497	152539200	14.4
19497	155131200	8.5
19497	157809600	6.2
19497	160488000	6.4
19497	162907200	8.4
19497	165585600	13.2
19497	168177600	17.1
19497	170856000	22
19497	173448000	26.5
19497	176126400	27
19497	178804800	26.7
19497	181396800	20.4
19497	184075200	13.9
19497	186667200	6.3
19497	189345600	4.9
19497	192024000	7.4
19497	194529600	7.4
19497	197208000	13
19497	199800000	17.5
19497	202478400	21.4
19497	205070400	24
19497	207748800	27.3
19497	210427200	22.4
19497	213019200	18.9
19497	215697600	11
19497	218289600	7.3
19497	220968000	3
19497	223646400	3.7
19497	226065600	9.2
19497	228744000	13.9
19497	231336000	16.7
19497	234014400	22.2
19497	236606400	27
19497	239284800	25.6
19497	241963200	24
19497	244555200	20.5
19497	247233600	14.2
19497	249825600	10.9
19497	252504000	5.2
19497	255182400	5.4
19497	257601600	7.7
19497	260280000	14.1
19497	262872000	18.3
19497	265550400	22.9
19497	268142400	27.2
19497	270820800	27.4
19497	273499200	24
19497	276091200	19.4
19497	278769600	14.1
19497	281361600	9.1
19497	284040000	6.9
19497	286718400	7
19497	289137600	8.5
19497	291816000	12.9
19497	294408000	17.1
19497	297086400	22.9
19497	299678400	26.4
19497	302356800	26.2
19497	305035200	23.7
19497	307627200	19.8
19497	310305600	12.8
19497	312897600	10.2
19497	315576000	5.9
19497	318254400	4
19497	320760000	7.5
19497	323438400	12.2
19497	326030400	17.3
19497	328708800	23.4
19497	331300800	26.4
19497	333979200	24.7
19497	336657600	22.3
19497	339249600	18.7
19497	341928000	15.8
19497	344520000	7.5
19497	347198400	4
19497	349876800	5.8
19497	352296000	9.4
19497	354974400	13.9
19497	357566400	18.6
19497	360244800	22.6
19497	362836800	27
19497	365515200	27.1
19497	368193600	22.7
19497	370785600	17.8
19497	373464000	11.9
19497	376056000	7.5
19497	378734400	5.4
19497	381412800	5.1
19497	383832000	8.7
19497	386510400	12.6
19497	389102400	19.2
19497	391780800	21.4
19497	394372800	25.5
19497	397051200	26
19497	399729600	22.9
19497	402321600	20.5
19497	4.05e+08	15.3
19497	407592000	8
19497	410270400	6
19497	412948800	6
19497	415368000	8.5
19497	418046400	14.3
19497	420638400	19.1
19497	423316800	21.1
19497	425908800	26.3
19497	428587200	27
19497	431265600	24.5
19497	433857600	19.2
19497	436536000	13.3
19497	439128000	7.5
19497	441806400	3.9
19497	444484800	3.9
19497	446990400	8
19497	449668800	12.1
19497	452260800	17
19497	454939200	22.4
19497	457531200	27.5
19497	460209600	26.8
19497	462888000	23.8
19497	465480000	19.6
19497	468158400	15.8
19497	470750400	7.6
19497	473428800	5.4
19497	476107200	6.2
19497	478526400	6.9
19497	481204800	13.4
19497	483796800	17.9
19497	486475200	21.2
19497	489067200	26.4
19497	491745600	26.5
19497	494424000	25.2
19497	497016000	19.7
19497	499694400	13.5
19497	502286400	6.9
19497	504964800	4.8
19497	507643200	4.9
19497	510062400	8.6
19497	512740800	12.4
19497	515332800	17.9
19497	518011200	22.5
19497	520603200	26.4
19497	523281600	26.9
19497	525960000	22.6
19497	528552000	18.4
19497	531230400	14
19497	533822400	8.7
19497	536500800	6.5
19497	539179200	7.1
19497	541598400	7.9
19497	544276800	12.3
19497	546868800	16.8
19497	549547200	21.4
19497	552139200	26.5
19497	554817600	27.9
19497	557496000	23.2
19497	560088000	20.4
19497	562766400	15.2
19497	565358400	8.1
19497	568036800	6.7
19497	570715200	5.6
19497	573220800	7.3
19497	575899200	13.4
19497	578491200	17.5
19497	581169600	22.8
19497	583761600	27.6
19497	586440000	26.4
19497	589118400	23.7
19497	591710400	20.2
19497	594388800	13.6
19497	596980800	8.8
19497	599659200	6.3
19497	602337600	6.1
19497	604756800	9
19497	607435200	13.3
19497	610027200	17.3
19497	612705600	22.1
19497	615297600	24.9
19497	617976000	26.3
19497	620654400	23.7
19497	623246400	19.5
19497	625924800	13.9
19497	628516800	9.3
19497	631195200	7
19497	633873600	6.6
19497	636292800	10.7
19497	638971200	13.8
19497	641563200	18.5
19497	644241600	23.3
19497	646833600	27.7
19497	649512000	27.8
19497	652190400	23.6
19497	654782400	19.1
19497	657460800	16.3
19497	660052800	9.1
19497	662731200	6.1
19497	665409600	6.8
19497	667828800	8.7
19497	670507200	12
19497	673099200	17.9
19497	675777600	22.3
19497	678369600	26.9
19497	681048000	26.4
19497	683726400	24.1
19497	686318400	18.9
19497	688996800	14.1
19497	691588800	9.6
19497	694267200	5.6
19497	696945600	7
19497	699451200	8.3
19497	702129600	13
19497	704721600	18.1
19497	707400000	21.3
19497	709992000	25.8
19497	712670400	26.6
19497	715348800	24
19497	717940800	18.4
19497	720619200	13
19497	723211200	9.3
19497	725889600	4.8
19497	728568000	7.2
19497	730987200	8.5
19497	733665600	13
19497	736257600	17.1
19497	738936000	22.7
19497	741528000	25.3
19497	744206400	25.7
19497	746884800	23.6
19497	749476800	18.3
19497	752155200	14.5
19497	754747200	7.5
19497	757425600	6.3
19497	760104000	5.8
19497	762523200	8
19497	765201600	14.1
19497	767793600	20.4
19497	770472000	23.1
19497	773064000	28.4
19497	775742400	27.4
19497	778420800	24.1
19497	781012800	19.6
19497	783691200	16.8
19497	786283200	10.9
19497	788961600	6.4
19497	791640000	6.6
19497	794059200	9.8
19497	796737600	12.8
19497	799329600	17.6
19497	802008000	21.6
19497	804600000	26.1
19497	807278400	27.2
19497	809956800	24.7
19497	812548800	19.6
19497	815227200	13
19497	817819200	7.6
19497	820497600	5.9
19497	823176000	5
19497	825681600	7.7
19497	828360000	11.7
19497	830952000	18.2
19497	833630400	23.2
19497	836222400	25.4
19497	838900800	27.6
19497	841579200	25.1
19497	844171200	20.2
19497	846849600	14.6
19497	849441600	8.4
19497	852120000	5.3
19497	854798400	7
19497	857217600	10.2
19497	859896000	14.3
19497	862488000	20.7
19497	865166400	23.5
19497	867758400	25.9
19497	870436800	26.8
19497	873115200	23
19497	875707200	20.3
19497	878385600	15
19497	880977600	9
19497	883656000	6
19497	886334400	8.1
19497	888753600	9.5
19497	891432000	15.9
19497	894024000	19.1
19497	896702400	22.5
19497	899294400	27.6
19497	901972800	28.4
19497	904651200	23.9
19497	907243200	20.6
19497	909921600	16.9
19497	912513600	11.2
19497	915192000	7.6
19497	917870400	8.1
19497	920289600	9.9
19497	922968000	13.8
19497	925560000	19.2
19497	928238400	21.2
19497	930830400	24.6
19497	933508800	26.5
19497	936187200	25.4
19497	938779200	20.1
19497	941457600	14.2
19497	944049600	8.8
19497	946728000	6.3
19497	949406400	5.1
19497	951912000	10.2
19497	954590400	14.6
19497	957182400	19.5
19497	959860800	23.5
19497	962452800	27.3
19497	965131200	27.1
19497	967809600	24.1
19497	970401600	20.2
19497	973080000	14.5
19497	975672000	10.6
19497	978350400	7.4
19497	981028800	7.7
19497	983448000	10.7
19497	986126400	14.7
19497	988718400	19.2
19497	991396800	22.8
19497	993988800	27.3
19497	996667200	26.4
19497	999345600	24.5
19497	1001937600	20.4
19497	1004616000	14.5
19497	1007208000	8.5
19497	1009886400	7.9
19497	1012564800	8.5
19497	1014984000	12.5
19497	1017662400	15.8
19497	1020254400	18.7
19497	1022932800	23.7
19497	1025524800	25.5
19497	1028203200	26.6
19497	1030881600	24.9
19497	1033473600	20.2
19497	1036152000	13.9
19497	1038744000	9.2
19497	1041422400	5.4
19497	1044100800	7.1
19497	1046520000	9.6
19497	1049198400	14.3
19497	1051790400	18.1
19497	1054468800	22.4
19497	1057060800	27.8
19497	1059739200	28
19497	1062417600	26.2
19497	1065009600	19.8
19497	1067688000	15.3
19497	1070280000	8.2
19497	1072958400	5.4
19497	1075636800	8.9
19497	1078142400	9.9
19497	1080820800	15.4
19497	1083412800	19.6
19497	1086091200	23.3
19497	1088683200	27.3
19497	1091361600	27.9
19497	1094040000	24.2
19497	1096632000	20.1
19497	1099310400	16.5
19497	1101902400	11.1
19497	1104580800	4.7
19497	1107259200	5.2
19497	1109678400	8.5
19497	1112356800	15.6
19497	1114948800	18.9
19497	1117627200	23.8
19497	1120219200	27.8
19497	1122897600	27
19497	1125576000	25.9
19497	1128168000	20.3
19497	1130846400	16.7
19497	1133438400	6.5
19497	1136116800	7.2
19497	1138795200	6.3
19497	1141214400	10.4
19497	1143892800	15.1
19497	1146484800	19.1
19497	1149163200	23.3
19497	1151755200	27.6
19497	1154433600	28.5
19497	1157112000	24.1
19497	1159704000	22.4
19497	1162382400	16.9
19497	1164974400	9.5
19497	1167652800	6.6
19497	1170331200	9.9
19497	1172750400	11.5
19497	1175428800	14.3
19497	1178020800	20.1
19497	1180699200	23.2
19497	1183291200	28.3
19497	1185969600	28
19497	1188648000	24.7
19497	1191240000	20.8
19497	1193918400	15.2
19497	1196510400	10.5
19497	1199188800	5.3
19497	1201867200	4.5
19497	1204372800	10.4
19497	1207051200	14
19497	1209643200	19.1
19497	1212321600	22.7
19497	1214913600	27.5
19497	1217592000	27.3
19497	1220270400	25.1
19497	1222862400	21
19497	1225540800	14.5
19497	1228132800	9.3
19497	1230811200	4.8
19497	1233489600	8.8
19497	1235908800	10
19497	1238587200	14.9
19497	1241179200	20
19497	1243857600	23.9
19497	1246449600	26.7
19497	1249128000	26.9
19497	1251806400	24.8
19497	1254398400	21.2
19497	1257076800	13.9
19497	1259668800	7.9
19497	1262347200	6.4
19497	1265025600	7.7
19497	1267444800	9.1
19497	1270123200	12
19497	1272715200	18.7
19497	1275393600	22.2
19497	1277985600	26.6
19497	1280664000	29
19497	1283342400	25.6
19497	1285934400	19.6
19497	1288612800	15
19497	1291204800	9.5
19497	1293883200	2.3
19497	1296561600	6.2
19497	1298980800	8.5
19497	1301659200	14.4
19497	1304251200	19
19497	1306929600	22.2
19497	1309521600	27.6
19497	1312200000	26.7
19497	1314878400	23.8
19497	1317470400	19.2
19497	1320148800	17.1
19497	1322740800	7.9
19497	1325419200	5.6
19497	1328097600	4.8
19497	1330603200	8.7
19497	1333281600	15.1
19497	1335873600	18.9
19497	1338552000	22.8
19497	1341144000	27.9
19497	1343822400	27.2
19497	1346500800	23.5
19497	1349092800	20.1
19497	1351771200	13.5
19497	1354363200	7.7
19498	1385899200	6.1
19498	1388577600	6.8
19498	1391256000	6.1
19498	1393675200	11.5
19498	1396353600	15.7
19498	1398945600	21.7
19498	1401624000	23.3
19498	1404216000	27.4
19498	1406894400	26.3
19498	1409572800	23.8
19498	1412164800	20.2
19498	1414843200	14.9
19498	1417435200	5.7
19498	1420113600	6
19498	1422792000	6.8
19498	1425211200	10.6
19498	1427889600	15.9
19498	1430481600	20.5
19499	-3281860800	4
19499	-3279182400	5.4
19499	-3276763200	8.8
19499	-3274084800	11.7
19499	-3271492800	19.4
19499	-3268814400	22.8
19500	-883569600	4.3
19500	-880891200	4
19500	-878472000	12.2
19500	-875793600	16.2
19500	-873201600	20.3
19500	-870523200	23.8
19500	-867931200	30.2
19500	-865252800	29.5
19500	-862574400	24.8
19500	-859982400	18.2
19500	-857304000	12.6
19500	-854712000	5.5
19501	-3263544000	29.4
19501	-3260865600	22.6
19501	-3258273600	17.6
19501	-3255595200	10.5
19501	-3253003200	6.9
19501	-3250324800	3
19501	-3247646400	5.3
19501	-3245227200	10.5
19501	-3242548800	14.4
19501	-3239956800	19.2
19501	-3237278400	24.3
19502	-631108800	6.9
19502	-628430400	4.9
19502	-626011200	10.2
19502	-623332800	15.2
19502	-620740800	20.7
19502	-618062400	24.4
19502	-615470400	29.1
19502	-612792000	28
19502	-610113600	23.4
19502	-607521600	19.3
19502	-604843200	11.5
19502	-602251200	5
19502	-599572800	3.9
19502	-596894400	5.5
19502	-594475200	8.3
19502	-591796800	13.5
19502	-589204800	21.9
19502	-586526400	24.1
19502	-583934400	27.7
19502	-581256000	29.8
19502	-578577600	23.1
19502	-575985600	19.7
19502	-573307200	11.9
19502	-570715200	8.8
19502	-568036800	5.5
19502	-565358400	3.7
19502	-562852800	8.4
19502	-560174400	16.4
19502	-557582400	21
19502	-554904000	25.8
19502	-552312000	28.4
19502	-549633600	29
19502	-546955200	25.3
19502	-544363200	18.1
19502	-541684800	15.2
19502	-539092800	5
19502	-536414400	4.1
19502	-533736000	6.6
19502	-531316800	10.1
19502	-528638400	14.7
19502	-526046400	22.2
19502	-523368000	26.4
19502	-520776000	32
19502	-518097600	31.3
19502	-515419200	23.4
19502	-512827200	19.4
19502	-510148800	13
19502	-507556800	8.2
19502	-504878400	5.5
19502	-502200000	6.4
19502	-499780800	8.5
19502	-497102400	15.4
19502	-494510400	20.6
19502	-491832000	23.8
19502	-489240000	27.9
19502	-486561600	29.5
19502	-483883200	25
19502	-481291200	18.5
19502	-478612800	14.8
19502	-476020800	4.5
19502	-473342400	1.9
19502	-470664000	7.6
19502	-468244800	9.6
19502	-465566400	15.9
19502	-462974400	21
19502	-460296000	25.3
19502	-457704000	28.8
19502	-455025600	27.9
19502	-452347200	26.1
19502	-449755200	16.6
19502	-447076800	10.9
19502	-444484800	8.9
19502	-441806400	4.2
19502	-439128000	5.8
19502	-436622400	8.8
19502	-433944000	16.5
19502	-431352000	19.2
19502	-428673600	26.6
19502	-426081600	30.6
19502	-423403200	28.2
19502	-420724800	23.7
19502	-418132800	17.4
19502	-415454400	10.2
19502	-412862400	5.5
19502	-410184000	5.2
19502	-407505600	2.5
19502	-405086400	9.3
19502	-402408000	16
19502	-399816000	19.9
19502	-397137600	24.7
19502	-394545600	30.2
19502	-391867200	28.1
19502	-389188800	21.2
19502	-386596800	17.3
19502	-383918400	13.9
19502	-381326400	8.2
19502	-378648000	3.7
19502	-375969600	5.7
19502	-373550400	11
19502	-370872000	17.7
19502	-368280000	19.8
19502	-365601600	25.9
19502	-363009600	29.9
19502	-360331200	27.9
19502	-357652800	23.7
19502	-355060800	16.1
19502	-352382400	11.4
19502	-349790400	8
19502	-347112000	3.3
19502	-344433600	6
19502	-342014400	11.9
19502	-339336000	16
19502	-336744000	20
19502	-334065600	25.3
19502	-331473600	30
19502	-328795200	29.5
19502	-326116800	23.8
19502	-323524800	18.6
19502	-320846400	12.5
19502	-318254400	7.4
19502	-315576000	4.8
19502	-312897600	8.2
19502	-310392000	12.5
19502	-307713600	15.2
19502	-305121600	20.4
19502	-302443200	25.7
19502	-299851200	30.6
19502	-297172800	27.6
19502	-294494400	25
19502	-291902400	18.4
19502	-289224000	12.7
19502	-286632000	5.6
19502	-283953600	4.6
19502	-281275200	5.9
19502	-278856000	10.5
19502	-276177600	16.6
19502	-273585600	20.8
19502	-270907200	26.4
19502	-268315200	31
19502	-265636800	30
19502	-262958400	25.2
19502	-260366400	18.8
19502	-257688000	14.3
19502	-255096000	7.4
19502	-252417600	3.3
19502	-249739200	7.6
19502	-247320000	9.5
19502	-244641600	14.3
19502	-242049600	20.2
19502	-239371200	24.9
19502	-236779200	29.7
19502	-234100800	29.1
19502	-231422400	24.7
19502	-228830400	17.7
19502	-226152000	11.7
19502	-223560000	7.2
19502	-220881600	3.2
19502	-218203200	5
19502	-215784000	11.3
19502	-213105600	16.5
19502	-210513600	22.8
19502	-207835200	24.3
19502	-205243200	29.8
19502	-202564800	29.4
19502	-199886400	24.5
19502	-197294400	17
19502	-194616000	13.6
19502	-192024000	7.6
19502	-189345600	5.5
19502	-186667200	1.8
19502	-184161600	10.2
19502	-181483200	18.6
19502	-178891200	20.3
19502	-176212800	24.2
19502	-173620800	30.8
19502	-170942400	29.1
19502	-168264000	26.2
19502	-165672000	18.6
19502	-162993600	12.1
19502	-160401600	6.6
19502	-157723200	5.7
19502	-155044800	6.8
19502	-152625600	8.7
19502	-149947200	13.7
19502	-147355200	21.5
19502	-144676800	23.6
19502	-142084800	29.7
19502	-139406400	28
19502	-136728000	22.8
19502	-134136000	18.3
19502	-131457600	14.6
19502	-128865600	5.7
19502	-126187200	5.4
19502	-123508800	8.3
19502	-121089600	12.1
19502	-118411200	15.6
19502	-115819200	20.4
19502	-113140800	24.8
19502	-110548800	29
19502	-107870400	29.4
19502	-105192000	22.2
19502	-102600000	18.8
19502	-99921600	13.1
19502	-97329600	5.9
19502	-94651200	3.5
19502	-91972800	5.4
19502	-89553600	10.6
19502	-86875200	15.2
19502	-84283200	21.5
19502	-81604800	26
19502	-79012800	29.4
19502	-76334400	31
19502	-73656000	24.4
19502	-71064000	18.6
19502	-68385600	12.9
19502	-65793600	2.6
19502	-63115200	4.1
19502	-60436800	3.3
19502	-57931200	10.6
19502	-55252800	15.5
19502	-52660800	21
19502	-49982400	24.6
19502	-47390400	28.1
19502	-44712000	28.6
19502	-42033600	24.6
19502	-39441600	17.5
19502	-36763200	14.6
19502	-34171200	10.2
19502	-31492800	4.4
19502	-28814400	2.5
19502	-26395200	8.8
19502	-23716800	17.1
19502	-21124800	22.5
19502	-18446400	23.9
19502	-15854400	28.5
19502	-13176000	29.1
19502	-10497600	25.9
19502	-7905600	18.1
19502	-5227200	10.9
19502	-2635200	6
19502	43200	3.1
19502	2721600	7.8
19502	5140800	6.6
19502	7819200	15
19502	10411200	21.2
19502	13089600	23.7
19502	15681600	28.6
19502	18360000	29.3
19502	21038400	25.3
19502	23630400	18.6
19502	26308800	12.3
19502	28900800	7.4
19502	31579200	4.2
19502	34257600	5.2
19502	36676800	8.8
19502	39355200	15.9
19502	41947200	21
19502	44625600	26.9
19502	47217600	31.4
19502	49896000	29.7
19502	52574400	23.3
19502	55166400	16.5
19502	57844800	13.1
19502	60436800	7.2
19502	63115200	5.4
19502	65793600	2.3
19502	68299200	10.6
19502	70977600	15.4
19502	73569600	20.4
19502	76248000	25
19502	78840000	28.2
19502	81518400	28.1
19502	84196800	23.4
19502	86788800	18.4
19502	89467200	13.1
19502	92059200	7
19502	94737600	4.9
19502	97416000	7.2
19502	99835200	11.3
19502	102513600	17.6
19502	105105600	19.6
19502	107784000	23.9
19502	110376000	29.1
19502	113054400	29.3
19502	115732800	22.2
19502	118324800	18.3
19502	121003200	13
19502	123595200	6.5
19502	126273600	3.8
19502	128952000	5.1
19502	131371200	10.1
19502	134049600	17.7
19502	136641600	22
19502	139320000	24
19502	141912000	27.6
19502	144590400	27.9
19502	147268800	23.7
19502	149860800	18.1
19502	152539200	13.3
19502	155131200	6
19502	157809600	6
19502	160488000	6.7
19502	162907200	10
19502	165585600	15.7
19502	168177600	19.4
19502	170856000	24.2
19502	173448000	29.1
19502	176126400	29
19502	178804800	26.8
19502	181396800	19.4
19502	184075200	12.6
19502	186667200	5.4
19502	189345600	5.1
19502	192024000	7.8
19502	194529600	8.9
19502	197208000	15.9
19502	199800000	21.2
19502	202478400	24.2
19502	205070400	27.5
19502	207748800	30.1
19502	210427200	22.6
19502	213019200	18.8
19502	215697600	9.2
19502	218289600	7.3
19502	220968000	0.3
19502	223646400	4.7
19502	226065600	11.7
19502	228744000	17.5
19502	231336000	19.9
19502	234014400	24.1
19502	236606400	29.5
19502	239284800	27.2
19502	241963200	24.3
19502	244555200	20.2
19502	247233600	12.6
19502	249825600	9.2
19502	252504000	5.5
19502	255182400	5.9
19502	257601600	8.9
19502	260280000	16.8
19502	262872000	21
19502	265550400	25.2
19502	268142400	30.7
19502	270820800	29.8
19502	273499200	23.9
19502	276091200	18.6
19502	278769600	12.7
19502	281361600	7.9
19502	284040000	6.5
19502	286718400	8.6
19502	289137600	10.1
19502	291816000	15.6
19502	294408000	19.7
19502	297086400	26.1
19502	299678400	29.1
19502	302356800	28.3
19502	305035200	23.8
19502	307627200	19.4
19502	310305600	11.5
19502	312897600	8.7
19502	315576000	4.9
19502	318254400	4.2
19502	320760000	8.5
19502	323438400	15.4
19502	326030400	20.6
19502	328708800	26.1
19502	331300800	28.5
19502	333979200	25.4
19502	336657600	22.3
19502	339249600	18.6
19502	341928000	14.5
19502	344520000	6.6
19502	347198400	2.9
19502	349876800	6.1
19502	352296000	11.6
19502	354974400	16.1
19502	357566400	20.9
19502	360244800	25.1
19502	362836800	29
19502	365515200	28.4
19502	368193600	22.3
19502	370785600	16.7
19502	373464000	10.8
19502	376056000	6.4
19502	378734400	5
19502	381412800	5.3
19502	383832000	10.1
19502	386510400	15.4
19502	389102400	23
19502	391780800	23.9
19502	394372800	27.5
19502	397051200	27.8
19502	399729600	22.9
19502	402321600	20.1
19502	4.05e+08	13.8
19502	407592000	6.5
19502	410270400	4.8
19502	412948800	5.9
19502	415368000	9.7
19502	418046400	16.7
19502	420638400	22.2
19502	423316800	23.5
19502	425908800	28
19502	428587200	28.6
19502	431265600	25.4
19502	433857600	18.5
19502	436536000	12.5
19502	439128000	6.2
19502	441806400	2.3
19502	444484800	2.7
19502	446990400	9.8
19502	449668800	14.7
19502	452260800	20.3
19502	454939200	25.8
19502	457531200	29.5
19502	460209600	28.7
19502	462888000	23.9
19502	465480000	18.7
19502	468158400	14.7
19502	470750400	5.7
19502	473428800	4.5
19502	476107200	6.2
19502	478526400	7.1
19502	481204800	17
19502	483796800	22.4
19502	486475200	24.4
19502	489067200	29
19502	491745600	28.5
19502	494424000	25.1
19502	497016000	19.1
19502	499694400	12.9
19502	502286400	5
19502	504964800	4.8
19502	507643200	4.8
19502	510062400	10.2
19502	512740800	15.7
19502	515332800	21.6
19502	518011200	25.1
19502	520603200	29
19502	523281600	28.3
19502	525960000	23
19502	528552000	17.3
19502	531230400	12.2
19502	533822400	7.6
19502	536500800	6.1
19502	539179200	7.9
19502	541598400	9.6
19502	544276800	15.5
19502	546868800	20.8
19502	549547200	23.4
19502	552139200	27.9
19502	554817600	29.1
19502	557496000	23
19502	560088000	20.1
19502	562766400	13.6
19502	565358400	7.2
19502	568036800	5.6
19502	570715200	4.7
19502	573220800	8.2
19502	575899200	16.5
19502	578491200	21
19502	581169600	25.6
19502	583761600	30.9
19502	586440000	27.2
19502	589118400	23.2
19502	591710400	19.1
19502	594388800	12.5
19502	596980800	8.1
19502	599659200	5.4
19502	602337600	5.9
19502	604756800	10.6
19502	607435200	15.7
19502	610027200	20.1
19502	612705600	25
19502	615297600	27
19502	617976000	27.6
19502	620654400	23.3
19502	623246400	18.7
19502	625924800	12.4
19502	628516800	8.2
19502	631195200	5.3
19502	633873600	5.6
19502	636292800	12.6
19502	638971200	16.3
19502	641563200	21.4
19502	644241600	26.7
19502	646833600	30.6
19502	649512000	29.1
19502	652190400	23.5
19502	654782400	18.2
19502	657460800	14.6
19502	660052800	7.4
19502	662731200	4.8
19502	665409600	7.4
19502	667828800	9.7
19502	670507200	15.3
19502	673099200	21
19502	675777600	24.8
19502	678369600	29.5
19502	681048000	27.8
19502	683726400	24
19502	686318400	18.5
19502	688996800	12.5
19502	691588800	7.3
19502	694267200	5.2
19502	696945600	7.7
19502	699451200	9.1
19502	702129600	17.1
19502	704721600	20.9
19502	707400000	23.6
19502	709992000	28.3
19502	712670400	27.7
19502	715348800	24.4
19502	717940800	17.7
19502	720619200	12.1
19502	723211200	8.4
19502	725889600	3.3
19502	728568000	8.8
19502	730987200	10.4
19502	733665600	16.4
19502	736257600	20
19502	738936000	25.6
19502	741528000	27.5
19502	744206400	27.3
19502	746884800	24.2
19502	749476800	18.1
19502	752155200	13.4
19502	754747200	6.4
19502	757425600	5.6
19502	760104000	5.8
19502	762523200	9.7
19502	765201600	17.3
19502	767793600	24
19502	770472000	25.3
19502	773064000	31.6
19502	775742400	30.2
19502	778420800	24.2
19502	781012800	18.7
19502	783691200	15.3
19502	786283200	9.1
19502	788961600	5.2
19502	791640000	6.7
19502	794059200	11.6
19502	796737600	15.2
19502	799329600	21
19502	802008000	23.5
19502	804600000	29.2
19502	807278400	30.4
19502	809956800	25.3
19502	812548800	19
19502	815227200	11.9
19502	817819200	6.6
19502	820497600	4.8
19502	823176000	5.2
19502	825681600	9
19502	828360000	14.4
19502	830952000	21
19502	833630400	26
19502	836222400	28
19502	838900800	29
19502	841579200	25.3
19502	844171200	19.6
19502	846849600	13.1
19502	849441600	8.2
19502	852120000	4.9
19502	854798400	6.9
19502	857217600	12.2
19502	859896000	17.1
19502	862488000	23.9
19502	865166400	25.9
19502	867758400	28.2
19502	870436800	28.3
19502	873115200	23.3
19502	875707200	19.9
19502	878385600	13.2
19502	880977600	7.6
19502	883656000	4.5
19502	886334400	8.8
19502	888753600	10.6
19502	891432000	19.8
19502	894024000	22.3
19502	896702400	24.9
19502	899294400	30.3
19502	901972800	30
19502	904651200	24
19502	907243200	20.7
19502	909921600	15.8
19502	912513600	9
19502	915192000	6.6
19502	917870400	8.5
19502	920289600	10.7
19502	922968000	16.7
19502	925560000	21.9
19502	928238400	23.2
19502	930830400	26.6
19502	933508800	27.7
19502	936187200	26.3
19502	938779200	19.7
19502	941457600	12.8
19502	944049600	7.6
19502	946728000	4.6
19502	949406400	4.9
19502	951912000	11.7
19502	954590400	17.5
19502	957182400	23.4
19502	959860800	25.8
19502	962452800	29.9
19502	965131200	28.8
19502	967809600	24.8
19502	970401600	19.6
19502	973080000	11.8
19502	975672000	9.3
19502	978350400	6.5
19502	981028800	7.6
19502	983448000	13.2
19502	986126400	16.6
19502	988718400	22.4
19502	991396800	24.9
19502	993988800	30.7
19502	996667200	27
19502	999345600	24.4
19502	1001937600	19.9
19502	1004616000	13.2
19502	1007208000	7
19502	1009886400	8.2
19502	1012564800	10
19502	1014984000	14.2
19502	1017662400	17.8
19502	1020254400	20.7
19502	1022932800	26.7
19502	1025524800	28.1
19502	1028203200	27.3
19502	1030881600	24.7
19502	1033473600	19.4
19502	1036152000	13.1
19502	1038744000	7.3
19502	1041422400	4.9
19502	1044100800	8.2
19502	1046520000	11.3
19502	1049198400	16.8
19502	1051790400	21.5
19502	1054468800	25.4
19502	1057060800	31.6
19502	1059739200	30.1
19502	1062417600	26.6
19502	1065009600	18.9
19502	1067688000	13.5
19502	1070280000	7
19502	1072958400	5
19502	1075636800	10.1
19502	1078142400	10.9
19502	1080820800	18.2
19502	1083412800	22.8
19502	1086091200	25.2
19502	1088683200	30.7
19502	1091361600	29.7
19502	1094040000	23.8
19502	1096632000	18.9
19502	1099310400	15
19502	1101902400	8.9
19502	1104580800	3.5
19502	1107259200	4.7
19502	1109678400	10.3
19502	1112356800	19.8
19502	1114948800	21.7
19502	1117627200	27.8
19502	1120219200	30.2
19502	1122897600	28.8
19502	1125576000	27.8
19502	1128168000	19.3
19502	1130846400	15.7
19502	1133438400	6
19502	1136116800	6.2
19502	1138795200	6.7
19502	1141214400	13
19502	1143892800	18.9
19502	1146484800	21.9
19502	1149163200	26.4
19502	1151755200	30.6
19502	1154433600	31.1
19502	1157112000	23.8
19502	1159704000	22.5
19502	1162382400	15.6
19502	1164974400	8.2
19502	1167652800	5.5
19502	1170331200	11.3
19502	1172750400	13.2
19502	1175428800	17
19502	1178020800	24.4
19502	1180699200	26.1
19502	1183291200	31.5
19502	1185969600	30.7
19502	1188648000	25
19502	1191240000	20.2
19502	1193918400	13.3
19502	1196510400	9.1
19502	1199188800	4
19502	1201867200	4.4
19502	1204372800	13.3
19502	1207051200	17.4
19502	1209643200	23.7
19502	1212321600	25.3
19502	1214913600	30.6
19502	1217592000	29.1
19502	1220270400	26.5
19502	1222862400	20.8
19502	1225540800	13.3
19502	1228132800	8.2
19502	1230811200	4.8
19502	1233489600	10.1
19502	1235908800	11.8
19502	1238587200	18.1
19502	1241179200	23.3
19502	1243857600	27.5
19502	1246449600	30.1
19502	1249128000	29
19502	1251806400	25.9
19502	1254398400	21
19502	1257076800	11.3
19502	1259668800	7.1
19502	1262347200	6.5
19502	1265025600	8.4
19502	1267444800	10.9
19502	1270123200	14.7
19502	1272715200	21.9
19502	1275393600	24.8
19502	1277985600	29.4
19502	1280664000	31.3
19502	1283342400	26.3
19502	1285934400	18.6
19502	1288612800	13.9
19502	1291204800	8.8
19502	1293883200	1.6
19502	1296561600	7.2
19502	1298980800	10.4
19502	1301659200	17.9
19502	1304251200	22.8
19502	1306929600	25.5
19502	1309521600	30.7
19502	1312200000	29.2
19502	1314878400	25
19502	1317470400	19.1
19502	1320148800	16.4
19502	1322740800	6.6
19502	1325419200	4.5
19502	1328097600	4.6
19502	1330603200	10.6
19502	1333281600	19.5
19502	1335873600	22.4
19502	1338552000	25.6
19502	1341144000	31.2
19502	1343822400	29.3
19502	1346500800	23.9
19502	1349092800	20.1
19502	1351771200	12.5
19502	1354363200	6.4
19503	-3229329600	22.4
19503	-3226737600	18.7
19503	-3224059200	9
19503	-3221467200	7.2
19504	-3124094400	3.6
19504	-3121416000	4.8
19504	-3118996800	9.3
19504	-3116318400	13.9
19504	-3113726400	19.8
19504	-3111048000	25
19504	-3108456000	29
19504	-3105777600	28.5
19504	-3103099200	25.8
19504	-3100507200	19.1
19504	-3097828800	11.2
19504	-3095236800	3
19504	-3092558400	3.3
19504	-3089880000	2.9
19504	-3087374400	9.4
19504	-3084696000	15.4
19504	-3082104000	19.5
19504	-3079425600	21.8
19504	-3076833600	29.6
19504	-3074155200	27.7
19504	-3071476800	22.9
19504	-3068884800	17.4
19504	-3066206400	11.2
19504	-3063614400	8.4
19504	-3060936000	3.7
19504	-3058257600	5.7
19504	-3055838400	8.5
19504	-3053160000	17.2
19504	-3050568000	20.5
19504	-3047889600	23.3
19504	-3045297600	29.5
19504	-3042619200	27.8
19504	-3039940800	24.1
19504	-3037348800	17.6
19504	-3034670400	12.6
19504	-3032078400	8.6
19504	-3029400000	2.1
19504	-3026721600	5.1
19504	-3024302400	7.7
19504	-3021624000	15.5
19504	-3019032000	20.5
19504	-3016353600	26.5
19504	-3013761600	28.3
19504	-3011083200	28.3
19504	-3008404800	24.2
19504	-3005812800	18.8
19504	-3003134400	10.5
19504	-3000542400	8
19504	-2997864000	3.5
19504	-2995185600	4.5
19504	-2992766400	11
19504	-2990088000	14.4
19504	-2987496000	21.3
19504	-2984817600	23.6
19504	-2982225600	29.8
19504	-2979547200	28
19504	-2976868800	23.9
19504	-2974276800	18.7
19504	-2971598400	11.6
19504	-2969006400	4.1
19504	-2966328000	2.1
19504	-2963649600	6.5
19504	-2961144000	10.3
19504	-2958465600	14.8
19504	-2955873600	20.5
19504	-2953195200	23.3
19504	-2950603200	28.1
19504	-2947924800	28.6
19504	-2945246400	24.8
19504	-2942654400	19.5
19504	-2939976000	11.4
19504	-2937384000	8.2
19504	-2934705600	4.5
19504	-2932027200	3.9
19504	-2929608000	9.1
19504	-2926929600	16.9
19504	-2924337600	21.2
19504	-2921659200	24.7
19504	-2919067200	27.7
19504	-2916388800	26.6
19504	-2913710400	23.5
19504	-2911118400	17.1
19504	-2908440000	12.4
19504	-2905848000	7
19504	-2903169600	0.6
19504	-2900491200	4.1
19504	-2898072000	10.1
19504	-2895393600	14.7
19504	-2892801600	20.1
19504	-2890123200	24.7
19504	-2887531200	28.8
19504	-2884852800	28.4
19504	-2882174400	24.5
19504	-2879582400	19.7
19504	-2876904000	12.6
19504	-2874312000	6.1
19504	-2871633600	4.1
19504	-2868955200	7
19504	-2866536000	8.6
19504	-2863857600	13.9
19504	-2861265600	20.3
19504	-2858587200	24
19504	-2855995200	30.4
19504	-2853316800	30.4
19504	-2850638400	24.8
19504	-2848046400	18.1
19504	-2845368000	13.4
19504	-2842776000	6.5
19504	-2840097600	3.5
19504	-2837419200	5.1
19504	-2834913600	9.9
19504	-2832235200	13.8
19504	-2829643200	20.9
19504	-2826964800	24
19504	-2824372800	26.9
19504	-2821694400	26.2
19504	-2819016000	25.1
19504	-2816424000	19.7
19504	-2813745600	10.1
19504	-2811153600	4.1
19504	-2808475200	3.7
19504	-2805796800	7.2
19504	-2803377600	6.7
19504	-2800699200	15.2
19504	-2798107200	19.1
19504	-2795428800	25.1
19504	-2792836800	28.9
19504	-2790158400	29.2
19504	-2787480000	24.8
19504	-2784888000	19.2
19504	-2782209600	13.2
19504	-2779617600	7
19504	-2776939200	6.3
19504	-2774260800	5.7
19504	-2771841600	9.3
19504	-2769163200	14.7
19504	-2766571200	20.1
19504	-2763892800	23.6
19504	-2761300800	26.7
19504	-2758622400	26.7
19504	-2755944000	24.5
19504	-2753352000	20
19504	-2750673600	11.7
19504	-2748081600	6
19504	-2745403200	3.3
19504	-2742724800	4.6
19504	-2740305600	9.8
19504	-2737627200	15.7
19504	-2735035200	18.9
19504	-2732356800	25.8
19504	-2729764800	29.7
19504	-2727086400	28
19504	-2724408000	24.8
19504	-2721816000	19
19504	-2719137600	11.5
19504	-2716545600	4.8
19504	-2713867200	5.3
19504	-2711188800	3.7
19504	-2708683200	9.1
19504	-2706004800	14.2
19504	-2703412800	19.5
19504	-2700734400	23.9
19504	-2698142400	27.7
19504	-2695464000	27.4
19504	-2692785600	25
19504	-2690193600	18.5
19504	-2687515200	9.3
19504	-2684923200	4.3
19504	-2682244800	3.3
19504	-2679566400	3.9
19504	-2677147200	8.8
19504	-2674468800	12.9
19504	-2671876800	19.6
19504	-2669198400	23.3
19504	-2666606400	26.7
19504	-2663928000	29.4
19504	-2661249600	24.2
19504	-2658657600	19.4
19504	-2655979200	10.9
19504	-2653387200	7.4
19504	-2650708800	3.9
19504	-2648030400	2.5
19504	-2645611200	9.4
19504	-2642932800	14.5
19504	-2640340800	20.4
19504	-2637662400	23.1
19504	-2635070400	29.3
19504	-2632392000	28.3
19504	-2629713600	22.9
19504	-2627121600	20
19504	-2624443200	12.6
19504	-2621851200	5.9
19504	-2619172800	3.8
19504	-2616494400	5.2
19504	-2614075200	9.1
19504	-2611396800	16.7
19504	-2608804800	19.8
19504	-2606126400	23.6
19504	-2603534400	28.1
19504	-2600856000	30
19504	-2598177600	24.9
19504	-2595585600	18.7
19504	-2592907200	12.7
19504	-2590315200	7.2
19504	-2587636800	5.6
19504	-2584958400	3.8
19504	-2582452800	10.4
19504	-2579774400	14.7
19504	-2577182400	20.5
19504	-2574504000	23.5
19504	-2571912000	29
19504	-2569233600	29
19504	-2566555200	24.1
19504	-2563963200	18.7
19504	-2561284800	13.1
19504	-2558692800	9
19504	-2556014400	2.7
19504	-2553336000	4.7
19504	-2550916800	10.1
19504	-2548238400	14.7
19504	-2545646400	18.9
19504	-2542968000	25.9
19504	-2540376000	29.7
19504	-2537697600	28.5
19504	-2535019200	23.5
19504	-2532427200	18.2
19504	-2529748800	12.3
19504	-2527156800	6.4
19504	-2524478400	5.6
19504	-2521800000	8
19504	-2519380800	8.5
19504	-2516702400	16.9
19504	-2514110400	19.8
19504	-2511432000	24.4
19504	-2508840000	29.1
19504	-2506161600	28.6
19504	-2503483200	23.2
19504	-2500891200	17.9
19504	-2498212800	14.1
19504	-2495620800	9.2
19504	-2492942400	4.2
19504	-2490264000	5.2
19504	-2487844800	9.7
19504	-2485166400	14.5
19504	-2482574400	21.4
19504	-2479896000	25.3
19504	-2477304000	28.2
19504	-2474625600	28.6
19504	-2471947200	24.4
19504	-2469355200	20.8
19504	-2466676800	13.1
19504	-2464084800	7.7
19504	-2461406400	5
19504	-2458728000	5.7
19504	-2456222400	6.6
19504	-2453544000	14.6
19504	-2450952000	19.3
19504	-2448273600	24.9
19504	-2445681600	29.9
19504	-2443003200	30.6
19504	-2440324800	23.3
19504	-2437732800	17.8
19504	-2435054400	13.3
19504	-2432462400	5.1
19504	-2429784000	1.2
19504	-2427105600	3.7
19504	-2424686400	10.2
19504	-2422008000	15.2
19504	-2419416000	19.9
19504	-2416737600	25.4
19504	-2414145600	29.7
19504	-2411467200	27.9
19504	-2408788800	26.3
19504	-2406196800	18.8
19504	-2403518400	11.1
19504	-2400926400	7
19504	-2398248000	6.3
19504	-2395569600	6.8
19504	-2393150400	9.6
19504	-2390472000	16.5
19504	-2387880000	20.6
19504	-2385201600	25.5
19504	-2382609600	30.6
19504	-2379931200	30.5
19504	-2377252800	24.6
19504	-2374660800	18.8
19504	-2371982400	13.2
19504	-2369390400	6.6
19504	-2366712000	3.3
19504	-2364033600	5.7
19504	-2361614400	8.3
19504	-2358936000	15.7
19504	-2356344000	21
19504	-2353665600	25.5
19504	-2351073600	27.3
19504	-2348395200	28.5
19504	-2345716800	22.9
19504	-2343124800	17.9
19504	-2340446400	11.8
19504	-2337854400	6.7
19504	-2335176000	5.3
19504	-2332497600	4.8
19504	-2329992000	7.5
19504	-2327313600	15.5
19504	-2324721600	19.7
19504	-2322043200	25
19504	-2319451200	28.3
19504	-2316772800	29.2
19504	-2314094400	25.2
19504	-2311502400	19.1
19504	-2308824000	14.4
19504	-2306232000	6
19504	-2303553600	5.7
19504	-2300875200	2.6
19504	-2298456000	8.3
19504	-2295777600	13.3
19504	-2293185600	19.3
19504	-2290507200	24.7
19504	-2287915200	28.8
19504	-2285236800	30
19504	-2282558400	24
19504	-2279966400	19
19504	-2277288000	14
19504	-2274696000	5.1
19504	-2272017600	5.8
19504	-2269339200	8.1
19504	-2266920000	7.5
19504	-2264241600	13.9
19504	-2261649600	20.1
19504	-2258971200	24.9
19504	-2256379200	31.1
19504	-2253700800	29.3
19504	-2251022400	25.8
19504	-2248430400	19.1
19504	-2245752000	13.7
19504	-2243160000	6.5
19504	-2240481600	4.5
19504	-2237803200	6.7
19504	-2235384000	10.3
19504	-2232705600	14.4
19504	-2230113600	19.5
19504	-2227435200	26.5
19504	-2224843200	28.7
19504	-2222164800	27.4
19504	-2219486400	22.5
19504	-2216894400	16.3
19504	-2214216000	11.2
19504	-2211624000	9.5
19504	-2208945600	3
19504	-2206267200	5.3
19504	-2203848000	9.1
19504	-2201169600	14.7
19504	-2198577600	22.1
19504	-2195899200	24.3
19504	-2193307200	29.2
19504	-2190628800	29.1
19504	-2187950400	24.5
19504	-2185358400	19.6
19504	-2182680000	12.6
19504	-2180088000	7.5
19504	-2177409600	6
19504	-2174731200	3.1
19504	-2172312000	9.4
19504	-2169633600	14.9
19504	-2167041600	19.2
19504	-2164363200	23.6
19504	-2161771200	26.8
19504	-2159092800	28.6
19504	-2156414400	23.5
19504	-2153822400	19.7
19504	-2151144000	12.3
19504	-2148552000	7.1
19504	-2145873600	7.6
19504	-2143195200	6.8
19504	-2140776000	12.1
19504	-2138097600	14.8
19504	-2135505600	21
19504	-2132827200	24.7
19504	-2130235200	28.3
19504	-2127556800	27.4
19504	-2124878400	23.5
19504	-2122286400	19.6
19504	-2119608000	15.1
19504	-2117016000	8.2
19504	-2114337600	4.6
19504	-2111659200	5.7
19504	-2109240000	10.1
19504	-2106561600	14.5
19504	-2103969600	20.2
19504	-2101291200	23.7
19504	-2098699200	26.5
19504	-2096020800	29.6
19504	-2093342400	25.9
19504	-2090750400	19.6
19504	-2088072000	12.2
19504	-2085480000	6.3
19504	-2082801600	5.1
19504	-2080123200	8.7
19504	-2077617600	9.1
19504	-2074939200	14.9
19504	-2072347200	20.2
19504	-2069668800	24.9
19504	-2067076800	28.4
19504	-2064398400	27.6
19504	-2061720000	24
19504	-2059128000	18.8
19504	-2056449600	11.7
19504	-2053857600	6.5
19504	-2051179200	7.3
19504	-2048500800	3
19504	-2046081600	7.9
19504	-2043403200	13.1
19504	-2040811200	20.1
19504	-2038132800	25.5
19504	-2035540800	29.7
19504	-2032862400	27.6
19504	-2030184000	25.4
19504	-2027592000	18.6
19504	-2024913600	12.4
19504	-2022321600	9.1
19504	-2019643200	4.9
19504	-2016964800	5
19504	-2014545600	9.1
19504	-2011867200	15.6
19504	-2009275200	19.9
19504	-2006596800	25.2
19504	-2004004800	28.7
19504	-2001326400	29.4
19504	-1998648000	25.1
19504	-1996056000	19.2
19504	-1993377600	12.1
19504	-1990785600	7.2
19504	-1988107200	6.7
19504	-1985428800	3.9
19504	-1983009600	8.4
19504	-1980331200	14.5
19504	-1977739200	21.4
19504	-1975060800	24.2
19504	-1972468800	26.4
19504	-1969790400	28.9
19504	-1967112000	24.1
19504	-1964520000	20.2
19504	-1961841600	13.2
19504	-1959249600	7.8
19504	-1956571200	6.4
19504	-1953892800	4.9
19504	-1951387200	9
19504	-1948708800	13.6
19504	-1946116800	20.6
19504	-1943438400	24.8
19504	-1940846400	28.2
19504	-1938168000	28.3
19504	-1935489600	24.6
19504	-1932897600	19.4
19504	-1930219200	12.4
19504	-1927627200	8.8
19504	-1924948800	5.1
19504	-1922270400	5.9
19504	-1919851200	8.1
19504	-1917172800	15.8
19504	-1914580800	20.7
19504	-1911902400	23.5
19504	-1909310400	28.8
19504	-1906632000	29.4
19504	-1903953600	26.7
19504	-1901361600	20
19504	-1898683200	13.2
19504	-1896091200	7.1
19504	-1893412800	4.3
19504	-1890734400	4.4
19504	-1888315200	9
19504	-1885636800	13.4
19504	-1883044800	18.9
19504	-1880366400	25.3
19504	-1877774400	29.8
19504	-1875096000	29.2
19504	-1872417600	24.7
19504	-1869825600	19.2
19504	-1867147200	13.4
19504	-1864555200	5.6
19504	-1861876800	5.4
19504	-1859198400	6.2
19504	-1856779200	9.6
19504	-1854100800	15.1
19504	-1851508800	19.5
19504	-1848830400	23.5
19504	-1846238400	27.7
19504	-1843560000	28.8
19504	-1840881600	26.2
19504	-1838289600	18.3
19504	-1835611200	12.7
19504	-1833019200	7.5
19504	-1830340800	4.2
19504	-1827662400	7.9
19504	-1825156800	9.3
19504	-1822478400	16.1
19504	-1819886400	21.1
19504	-1817208000	25.6
19504	-1814616000	29
19504	-1811937600	28.5
19504	-1809259200	23.7
19504	-1806667200	19
19504	-1803988800	11.1
19504	-1801396800	6.6
19504	-1798718400	5
19504	-1796040000	5.9
19504	-1793620800	9
19504	-1790942400	14.6
19504	-1788350400	19.3
19504	-1785672000	24.6
19504	-1783080000	27.9
19504	-1780401600	29.1
19504	-1777723200	23.9
19504	-1775131200	19.2
19504	-1772452800	13.3
19504	-1769860800	6.3
19504	-1767182400	6.7
19504	-1764504000	8.1
19504	-1762084800	11.4
19504	-1759406400	15.1
19504	-1756814400	19.7
19504	-1754136000	25.7
19504	-1751544000	30.9
19504	-1748865600	29.3
19504	-1746187200	24.8
19504	-1743595200	19.9
19504	-1740916800	13.9
19504	-1738324800	7.9
19504	-1735646400	5.7
19504	-1732968000	6.4
19504	-1730548800	9.2
19504	-1727870400	14.6
19504	-1725278400	21.3
19504	-1722600000	25.6
19504	-1720008000	29
19504	-1717329600	28.7
19504	-1714651200	24.3
19504	-1712059200	21.1
19504	-1709380800	14.4
19504	-1706788800	8.8
19504	-1704110400	6.5
19504	-1701432000	6.4
19504	-1698926400	8.7
19504	-1696248000	15.9
19504	-1693656000	20.2
19504	-1690977600	25.3
19504	-1688385600	28.3
19504	-1685707200	28
19504	-1683028800	26
19504	-1680436800	18.9
19504	-1677758400	13.6
19504	-1675166400	7.3
19504	-1672488000	1.4
19504	-1669809600	5.4
19504	-1667390400	8.5
19504	-1664712000	16.2
19504	-1662120000	20
19504	-1659441600	24.9
19504	-1656849600	28.9
19504	-1654171200	29
19504	-1651492800	26.1
19504	-1648900800	19
19504	-1646222400	11.2
19504	-1643630400	4
19504	-1640952000	1.8
19504	-1638273600	7.4
19504	-1635854400	9.8
19504	-1633176000	15.1
19504	-1630584000	20.1
19504	-1627905600	24.3
19504	-1625313600	28.2
19504	-1622635200	29.4
19504	-1619956800	24.7
19504	-1617364800	19.6
19504	-1614686400	13
19504	-1612094400	8.5
19504	-1609416000	4.7
19504	-1606737600	5.2
19504	-1604318400	11.1
19504	-1601640000	17.3
19504	-1599048000	21.5
19504	-1596369600	25.7
19504	-1593777600	28.2
19504	-1591099200	28.8
19504	-1588420800	24.2
19504	-1585828800	19.4
19504	-1583150400	12.7
19504	-1580558400	6.2
19504	-1577880000	4
19504	-1575201600	4.3
19504	-1572696000	9.2
19504	-1570017600	13.8
19504	-1567425600	19.7
19504	-1564747200	24.5
19504	-1562155200	28.8
19504	-1559476800	29.1
19504	-1556798400	26.3
19504	-1554206400	20.5
19504	-1551528000	15.5
19504	-1548936000	9.1
19504	-1546257600	5.2
19504	-1543579200	7
19504	-1541160000	9.7
19504	-1538481600	15
19504	-1535889600	20.2
19504	-1533211200	23.2
19504	-1530619200	29.7
19504	-1527940800	29.3
19504	-1525262400	23.7
19504	-1522670400	18
19504	-1519992000	12.8
19504	-1517400000	8.7
19504	-1514721600	4.8
19504	-1512043200	7.5
19504	-1509624000	10.4
19504	-1506945600	16.4
19504	-1504353600	20.9
19504	-1501675200	25.7
19504	-1499083200	29.1
19504	-1496404800	29.8
19504	-1493726400	25
19504	-1491134400	19.8
19504	-1488456000	12.7
19504	-1485864000	6.8
19504	-1483185600	4.4
19504	-1480507200	4.5
19504	-1478088000	11.6
19504	-1475409600	14.8
19504	-1472817600	20.6
19504	-1470139200	24.9
19504	-1467547200	27.5
19504	-1464868800	29.6
19504	-1462190400	24.5
19504	-1459598400	19.3
19504	-1456920000	13.7
19504	-1454328000	7.6
19504	-1451649600	5.8
19504	-1448971200	5.7
19504	-1446465600	8.2
19504	-1443787200	17
19504	-1441195200	19.9
19504	-1438516800	24.1
19504	-1435924800	29.8
19504	-1433246400	29.2
19504	-1430568000	24.9
19504	-1427976000	19.7
19504	-1425297600	10.9
19504	-1422705600	7.3
19504	-1420027200	3.9
19504	-1417348800	4.4
19504	-1414929600	10.2
19504	-1412251200	14
19504	-1409659200	21
19504	-1406980800	26.2
19504	-1404388800	27.8
19504	-1401710400	28.5
19504	-1399032000	23.7
19504	-1396440000	19.4
19504	-1393761600	14.8
19504	-1391169600	6.4
19504	-1388491200	5.4
19504	-1385812800	5.9
19504	-1383393600	10.4
19504	-1380715200	15.6
19504	-1378123200	22.4
19504	-1375444800	23.2
19504	-1372852800	29.4
19504	-1370174400	30.8
19504	-1367496000	25.9
19504	-1364904000	18
19504	-1362225600	13.8
19504	-1359633600	5.8
19504	-1356955200	4.8
19504	-1354276800	5.3
19504	-1351857600	8.8
19504	-1349179200	15.2
19504	-1346587200	20.6
19504	-1343908800	24.5
19504	-1341316800	29.8
19504	-1338638400	29.6
19504	-1335960000	23.7
19504	-1333368000	19.1
19504	-1330689600	14.9
19504	-1328097600	9
19504	-1325419200	5.2
19504	-1322740800	5.7
19504	-1320235200	10.2
19504	-1317556800	15.9
19504	-1314964800	21.4
19504	-1312286400	24.4
19504	-1309694400	28.7
19504	-1307016000	27.6
19504	-1304337600	25
19504	-1301745600	18.8
19504	-1299067200	13.3
19504	-1296475200	8
19504	-1293796800	5.5
19504	-1291118400	5.4
19504	-1288699200	10.4
19504	-1286020800	16.7
19504	-1283428800	20.9
19504	-1280750400	25.1
19504	-1278158400	29.2
19504	-1275480000	29.5
19504	-1272801600	24.3
19504	-1270209600	19.1
19504	-1267531200	12.1
19504	-1264939200	7.4
19504	-1262260800	2.5
19504	-1259582400	7.8
19504	-1257163200	11.6
19504	-1254484800	16.2
19504	-1251892800	21.3
19504	-1249214400	25.3
19504	-1246622400	30.1
19504	-1243944000	29.6
19504	-1241265600	24.1
19504	-1238673600	19.2
19504	-1235995200	11.5
19504	-1233403200	8.3
19504	-1230724800	4.4
19504	-1228046400	5
19504	-1225627200	10.7
19504	-1222948800	14.8
19504	-1220356800	19.2
19504	-1217678400	25.2
19504	-1215086400	27.4
19504	-1212408000	29.7
19504	-1209729600	24.2
19504	-1207137600	18.6
19504	-1204459200	14.8
19504	-1201867200	7.6
19504	-1199188800	6.8
19504	-1196510400	4.8
19504	-1194004800	10
19504	-1191326400	16.1
19504	-1188734400	20.6
19504	-1186056000	23.9
19504	-1183464000	30.5
19504	-1180785600	29.6
19504	-1178107200	23.8
19504	-1175515200	18.9
19504	-1172836800	13.5
19504	-1170244800	8.2
19504	-1167566400	2.9
19504	-1164888000	5.6
19504	-1162468800	8.4
19504	-1159790400	14.6
19504	-1157198400	21.8
19504	-1154520000	24.5
19504	-1151928000	29.9
19504	-1149249600	29.7
19504	-1146571200	25.3
19504	-1143979200	19.3
19504	-1141300800	14.1
19504	-1138708800	9.6
19504	-1136030400	2.7
19504	-1133352000	5.7
19504	-1130932800	9.4
19504	-1128254400	13.5
19504	-1125662400	21
19504	-1122984000	26.5
19504	-1120392000	31.6
19504	-1117713600	31
19504	-1115035200	25.5
19504	-1112443200	18.3
19504	-1109764800	12.4
19504	-1107172800	10
19504	-1104494400	5.8
19504	-1101816000	7.3
19504	-1099396800	12.8
19504	-1096718400	15.4
19504	-1094126400	22.1
19504	-1091448000	25.3
19504	-1088856000	29.7
19504	-1086177600	29.6
19504	-1083499200	24.7
19504	-1080907200	21.2
19504	-1078228800	15.1
19504	-1075636800	5.1
19504	-1072958400	3.1
19504	-1070280000	4.6
19504	-1067774400	6.9
19504	-1065096000	15.7
19504	-1062504000	19.2
19504	-1059825600	25.8
19504	-1057233600	29
19504	-1054555200	29.1
19504	-1051876800	25.5
19504	-1049284800	20.3
19504	-1046606400	14.1
19504	-1044014400	7.5
19504	-1041336000	6.6
19504	-1038657600	6.7
19504	-1036238400	10.5
19504	-1033560000	16.2
19504	-1030968000	21.5
19504	-1028289600	23.9
19504	-1025697600	30.1
19504	-1023019200	29.5
19504	-1020340800	26.1
19504	-1017748800	20.4
19504	-1015070400	13.5
19504	-1012478400	8
19504	-1009800000	3.8
19504	-1007121600	6.1
19504	-1004702400	10.1
19504	-1002024000	17.3
19504	-999432000	23.2
19504	-996753600	24.2
19504	-994161600	29.5
19504	-991483200	29
19504	-988804800	24.7
19504	-986212800	21.9
19504	-983534400	13.5
19504	-980942400	8.9
19504	-978264000	5.8
19504	-975585600	6.2
19504	-973166400	10.7
19504	-970488000	15
19504	-967896000	21.3
19504	-965217600	26.1
19504	-962625600	28.4
19504	-959947200	29.2
19504	-957268800	24.8
19504	-954676800	21.2
19504	-951998400	14
19504	-949406400	7.8
19504	-946728000	6.1
19504	-944049600	6.4
19504	-941544000	10
19504	-938865600	16.6
19504	-936273600	21.6
19504	-933595200	25.9
19504	-931003200	30.5
19504	-928324800	29.8
19504	-925646400	24.8
19504	-923054400	20.4
19504	-920376000	14.7
19504	-917784000	10.3
19504	-915105600	7.6
19504	-912427200	7.1
19504	-910008000	11.9
19504	-907329600	16.6
19504	-904737600	21.7
19504	-902059200	26.1
19504	-899467200	27.7
19504	-896788800	28.2
19504	-894110400	24.1
19504	-891518400	20.7
19504	-888840000	14.7
19504	-886248000	10.7
19504	-883569600	5.3
19504	-880891200	5
19504	-878472000	12.5
19504	-875793600	17
19504	-873201600	20.8
19504	-870523200	24.5
19504	-867931200	30.8
19504	-865252800	30.7
19504	-862574400	26.1
19504	-859982400	20.6
19504	-857304000	14.4
19504	-854712000	7.6
19504	-852033600	3.8
19504	-849355200	6.8
19504	-846936000	10.8
19504	-844257600	15.1
19504	-841665600	22
19504	-838987200	23.8
19504	-836395200	28
19504	-833716800	29.4
19504	-831038400	26.3
19504	-828446400	20.5
19504	-825768000	14.1
19504	-823176000	9.3
19504	-820497600	6.6
19504	-817819200	6.3
19504	-815313600	10.6
19504	-812635200	15.3
19504	-810043200	21.4
19504	-807364800	25.9
19504	-804772800	30.8
19504	-802094400	29.6
19504	-799416000	26.1
19504	-796824000	19.8
19504	-794145600	15
19504	-791553600	2.9
19504	-788875200	2.9
19504	-786196800	4.4
19504	-783777600	10.1
19504	-781099200	16.9
19504	-778507200	22
19504	-775828800	25.9
19504	-773236800	30.1
19504	-770558400	30.5
19504	-767880000	26.2
19504	-765288000	19.9
19504	-762609600	16.9
19504	-760017600	8.2
19504	-757339200	7.3
19504	-754660800	8.6
19504	-752241600	10.3
19504	-749563200	17.8
19504	-746971200	20.4
19504	-744292800	26.5
19504	-741700800	28.5
19504	-739022400	31
19504	-736344000	26.8
19504	-733752000	19.8
19504	-731073600	15.7
19504	-728481600	6.5
19504	-725803200	6.3
19504	-723124800	4.5
19504	-720705600	11.1
19504	-718027200	16.9
19504	-715435200	19.9
19504	-712756800	24.1
19504	-710164800	30.2
19504	-707486400	30.8
19504	-704808000	27.1
19504	-702216000	18.6
19504	-699537600	15.1
19504	-696945600	7.4
19504	-694267200	4.9
19504	-691588800	7.1
19504	-689083200	10.5
19504	-686404800	17.1
19504	-683812800	20.4
19504	-681134400	26.1
19504	-678542400	28.9
19504	-675864000	30.4
19504	-673185600	26.6
19504	-670593600	20.6
19504	-667915200	13.2
19504	-665323200	10.6
19504	-662644800	4.7
19504	-659966400	8.1
19504	-657547200	10.1
19504	-654868800	15.6
19504	-652276800	21.7
19504	-649598400	23.5
19504	-647006400	27.9
19504	-644328000	28.9
19504	-641649600	27.1
19504	-639057600	20
19504	-636379200	13.7
19504	-633787200	8.6
19504	-631108800	7.4
19504	-628430400	6.2
19504	-626011200	10.7
19504	-623332800	15.6
19504	-620740800	20.8
19504	-618062400	24.5
19504	-615470400	29.6
19504	-612792000	29
19504	-610113600	24.7
19504	-607521600	20.3
19504	-604843200	13.2
19504	-602251200	6
19504	-599572800	4.6
19504	-596894400	6
19504	-594475200	8.2
19504	-591796800	13.2
19504	-589204800	20.5
19504	-586526400	23.5
19504	-583934400	27.1
19504	-581256000	29.1
19504	-578577600	23.4
19504	-575985600	20.4
19504	-573307200	13.4
19504	-570715200	9.4
19504	-568036800	6.1
19504	-565358400	5
19504	-562852800	8.4
19504	-560174400	16.2
19504	-557582400	20.3
19504	-554904000	25.4
19504	-552312000	28.5
19504	-549633600	29.5
19504	-546955200	25.7
19504	-544363200	19.1
19504	-541684800	16.6
19504	-539092800	5.9
19504	-536414400	4.8
19504	-533736000	7.1
19504	-531316800	10.1
19504	-528638400	15.1
19504	-526046400	21.9
19504	-523368000	26.2
19504	-520776000	31.2
19504	-518097600	31.5
19504	-515419200	25.1
19504	-512827200	21.1
19504	-510148800	14.3
19504	-507556800	9.2
19504	-504878400	6.7
19504	-502200000	6.7
19504	-499780800	8.4
19504	-497102400	14.7
19504	-494510400	20.1
19504	-491832000	23.1
19504	-489240000	27.5
19504	-486561600	29.6
19504	-483883200	25.3
19504	-481291200	19.1
19504	-478612800	15.8
19504	-476020800	5.8
19504	-473342400	2.5
19504	-470664000	8
19504	-468244800	9.3
19504	-465566400	15.8
19504	-462974400	20.3
19504	-460296000	25.6
19504	-457704000	28.9
19504	-455025600	29
19504	-452347200	27.3
19504	-449755200	18.6
19504	-447076800	12.3
19504	-444484800	10.4
19504	-441806400	4.4
19504	-439128000	5.6
19504	-436622400	8.3
19504	-433944000	15.4
19504	-431352000	18
19504	-428673600	25.3
19504	-426081600	30.3
19504	-423403200	28.2
19504	-420724800	24.9
19504	-418132800	18.8
19504	-415454400	11.2
19504	-412862400	6.5
19504	-410184000	5.4
19504	-407505600	3.2
19504	-405086400	8.3
19504	-402408000	15.1
19504	-399816000	19.3
19504	-397137600	23.4
19504	-394545600	29.8
19504	-391867200	27.9
19504	-389188800	21.8
19504	-386596800	18.1
19504	-383918400	14.7
19504	-381326400	8.4
19504	-378648000	3.6
19504	-375969600	5.7
19504	-373550400	10.1
19504	-370872000	16.1
19504	-368280000	19.2
19504	-365601600	25.2
19504	-363009600	30
19504	-360331200	27.9
19504	-357652800	24.6
19504	-355060800	17.2
19504	-352382400	12.3
19504	-349790400	8.8
19504	-347112000	3.6
19504	-344433600	6.8
19504	-342014400	11.7
19504	-339336000	15.1
19504	-336744000	19.6
19504	-334065600	24.6
19504	-331473600	29.7
19504	-328795200	30
19504	-326116800	24.7
19504	-323524800	20.1
19504	-320846400	13.8
19504	-318254400	8.6
19504	-315576000	5.8
19504	-312897600	8.3
19504	-310392000	12.2
19504	-307713600	15.1
19504	-305121600	19.8
19504	-302443200	24.7
19504	-299851200	30.8
19504	-297172800	28
19504	-294494400	25.7
19504	-291902400	19.5
19504	-289224000	13.9
19504	-286632000	5.8
19504	-283953600	4.6
19504	-281275200	6.2
19504	-278856000	10.6
19504	-276177600	15.8
19504	-273585600	20.1
19504	-270907200	25.2
19504	-268315200	30.4
19504	-265636800	29.9
19504	-262958400	26
19504	-260366400	19.8
19504	-257688000	15
19504	-255096000	7.9
19504	-252417600	3.2
19504	-249739200	7.2
19504	-247320000	9.4
19504	-244641600	13.5
19504	-242049600	19.3
19504	-239371200	24.4
19504	-236779200	29.2
19504	-234100800	28.6
19504	-231422400	25.2
19504	-228830400	18.9
19504	-226152000	12.9
19504	-223560000	7.9
19504	-220881600	2.1
19504	-218203200	4.5
19504	-215784000	10.7
19504	-213105600	15.9
19504	-210513600	21.4
19504	-207835200	23.7
19504	-205243200	29.2
19504	-202564800	29.3
19504	-199886400	25.3
19504	-197294400	17.8
19504	-194616000	14.2
19504	-192024000	8
19504	-189345600	6.4
19504	-186667200	3
19504	-184161600	10.1
19504	-181483200	17.8
19504	-178891200	19.7
19504	-176212800	23.8
19504	-173620800	30.6
19504	-170942400	29
19504	-168264000	26.8
19504	-165672000	19.8
19504	-162993600	12.7
19504	-160401600	7.1
19504	-157723200	6.2
19504	-155044800	6.7
19504	-152625600	8.8
19504	-149947200	13.2
19504	-147355200	20.8
19504	-144676800	23.3
19504	-142084800	29.7
19504	-139406400	28.3
19504	-136728000	23.8
19504	-134136000	19.1
19504	-131457600	15.2
19504	-128865600	6.1
19504	-126187200	5.6
19504	-123508800	8.1
19504	-121089600	11.6
19504	-118411200	15.1
19504	-115819200	20.2
19504	-113140800	24.8
19504	-110548800	28.3
19504	-107870400	29.8
19504	-105192000	23.3
19504	-102600000	19.1
19504	-99921600	13.7
19504	-97329600	7.2
19504	-94651200	3.4
19504	-91972800	5.3
19504	-89553600	10.1
19504	-86875200	14.9
19504	-84283200	20.5
19504	-81604800	25.6
19504	-79012800	29.2
19504	-76334400	30.8
19504	-73656000	25.1
19504	-71064000	19.3
19504	-68385600	13.6
19504	-65793600	2.3
19504	-63115200	4.1
19504	-60436800	3
19504	-57931200	10.1
19504	-55252800	14.9
19504	-52660800	19.8
19504	-49982400	23.8
19504	-47390400	27.9
19504	-44712000	28.4
19504	-42033600	24.7
19504	-39441600	18.3
19504	-36763200	14.7
19504	-34171200	10.6
19504	-31492800	4.7
19504	-28814400	3.8
19504	-26395200	8
19504	-23716800	15.5
19504	-21124800	20.8
19504	-18446400	23.5
19504	-15854400	27.8
19504	-13176000	29.3
19504	-10497600	26.2
19504	-7905600	18.8
19504	-5227200	11.4
19504	-2635200	6.2
19504	43200	3.2
19504	2721600	7.5
19504	5140800	7
19504	7819200	14.3
19504	10411200	19.9
19504	13089600	23.3
19504	15681600	28.3
19504	18360000	29.2
19504	21038400	25.8
19504	23630400	19.4
19504	26308800	12.9
19504	28900800	8
19504	31579200	4
19504	34257600	5.2
19504	36676800	8.6
19504	39355200	15.2
19504	41947200	20.8
19504	44625600	26
19504	47217600	30.9
19504	49896000	29.4
19504	52574400	23.9
19504	55166400	17.4
19504	57844800	13.3
19504	60436800	7.1
19504	63115200	6
19504	65793600	3.5
19504	68299200	9.6
19504	70977600	14.6
19504	73569600	19.5
19504	76248000	24.4
19504	78840000	27.8
19504	81518400	28.1
19504	84196800	23.5
19504	86788800	18.3
19504	89467200	12.8
19504	92059200	7.5
19504	94737600	5.6
19504	97416000	8
19504	99835200	10.7
19504	102513600	17.1
19504	105105600	19.7
19504	107784000	24
19504	110376000	28.9
19504	113054400	29.6
19504	115732800	23.1
19504	118324800	18.8
19504	121003200	12.6
19504	123595200	5.6
19504	126273600	4.9
19504	128952000	5.1
19504	131371200	9.6
19504	134049600	16.5
19504	136641600	21.1
19504	139320000	23.3
19504	141912000	28
19504	144590400	28.2
19504	147268800	23.9
19504	149860800	19.1
19504	152539200	14.1
19504	155131200	7.6
19504	157809600	6
19504	160488000	6.5
19504	162907200	9.8
19504	165585600	14.8
19504	168177600	19.4
19504	170856000	24.3
19504	173448000	29
19504	176126400	29.1
19504	178804800	27.6
19504	181396800	20.7
19504	184075200	13.7
19504	186667200	5.9
19504	189345600	4.7
19504	192024000	7.9
19504	194529600	8.9
19504	197208000	15.2
19504	199800000	20.3
19504	202478400	24
19504	205070400	26.6
19504	207748800	29.7
19504	210427200	23
19504	213019200	19.1
19504	215697600	9.9
19504	218289600	7.2
19504	220968000	2.3
19504	223646400	4.3
19504	226065600	11.1
19504	228744000	16.4
19504	231336000	19.4
19504	234014400	24.3
19504	236606400	29.5
19504	239284800	27.3
19504	241963200	24.9
19504	244555200	20.6
19504	247233600	12.9
19504	249825600	9.9
19504	252504000	5
19504	255182400	5.8
19504	257601600	8.7
19504	260280000	16.1
19504	262872000	20.6
19504	265550400	25.4
19504	268142400	30.5
19504	270820800	29.8
19504	273499200	25
19504	276091200	19.3
19504	278769600	13.6
19504	281361600	8.2
19504	284040000	6.6
19504	286718400	8
19504	289137600	9.9
19504	291816000	15
19504	294408000	19.3
19504	297086400	25.8
19504	299678400	28.5
19504	302356800	28.3
19504	305035200	24.3
19504	307627200	19.6
19504	310305600	12.2
19504	312897600	9.6
19504	315576000	5.5
19504	318254400	4.5
19504	320760000	8.5
19504	323438400	14.6
19504	326030400	19.8
19504	328708800	25.8
19504	331300800	28.3
19504	333979200	25.8
19504	336657600	23.2
19504	339249600	18.9
19504	341928000	15.1
19504	344520000	6.3
19504	347198400	3.6
19504	349876800	6.4
19504	352296000	11.5
19504	354974400	16.2
19504	357566400	21.2
19504	360244800	25.1
19504	362836800	29.6
19504	365515200	29
19504	368193600	23.3
19504	370785600	17.7
19504	373464000	11.9
19504	376056000	6.6
19504	378734400	5.4
19504	381412800	6.1
19504	383832000	10.2
19504	386510400	14.8
19504	389102400	22.4
19504	391780800	24.2
19504	394372800	27.7
19504	397051200	28.1
19504	399729600	23.9
19504	402321600	20.8
19504	4.05e+08	14.6
19504	407592000	6.9
19504	410270400	5.6
19504	412948800	5.9
19504	415368000	9.9
19504	418046400	16.4
19504	420638400	21.6
19504	423316800	23.3
19504	425908800	28.8
19504	428587200	29.1
19504	431265600	25.6
19504	433857600	19.6
19504	436536000	13.1
19504	439128000	6.6
19504	441806400	3.6
19504	444484800	4.3
19504	446990400	9.6
19504	449668800	14.6
19504	452260800	20.3
19504	454939200	25.2
19504	457531200	30.1
19504	460209600	29.2
19504	462888000	24.6
19504	465480000	20.1
19504	468158400	15.6
19504	470750400	6.7
19504	473428800	5.1
19504	476107200	6.6
19504	478526400	8
19504	481204800	16.4
19504	483796800	21.3
19504	486475200	24.3
19504	489067200	29.4
19504	491745600	29
19504	494424000	26.2
19504	497016000	20.3
19504	499694400	13.1
19504	502286400	5.8
19504	504964800	4.6
19504	507643200	5.2
19504	510062400	9.9
19504	512740800	15.1
19504	515332800	21.1
19504	518011200	25.3
19504	520603200	28.8
19504	523281600	28.6
19504	525960000	23.7
19504	528552000	18.3
19504	531230400	13.8
19504	533822400	8.2
19504	536500800	6.2
19504	539179200	7.8
19504	541598400	9.1
19504	544276800	14.9
19504	546868800	20.1
19504	549547200	23.8
19504	552139200	28.3
19504	554817600	29.9
19504	557496000	23.8
19504	560088000	20.9
19504	562766400	14.7
19504	565358400	7.3
19504	568036800	6.5
19504	570715200	5.6
19504	573220800	8.6
19504	575899200	16.4
19504	578491200	20.7
19504	581169600	25.4
19504	583761600	30.6
19504	586440000	28
19504	589118400	24.1
19504	591710400	20.3
19504	594388800	12.6
19504	596980800	8.2
19504	599659200	6.5
19504	602337600	6.6
19504	604756800	10.6
19504	607435200	15.6
19504	610027200	20.2
19504	612705600	24.9
19504	615297600	27.4
19504	617976000	28.3
19504	620654400	25.1
19504	623246400	19.5
19504	625924800	13.4
19504	628516800	8.4
19504	631195200	6.2
19504	633873600	6.8
19504	636292800	12.5
19504	638971200	15.9
19504	641563200	21.4
19504	644241600	26.7
19504	646833600	30.9
19504	649512000	29.9
19504	652190400	24.8
19504	654782400	19.4
19504	657460800	15.5
19504	660052800	8
19504	662731200	5.8
19504	665409600	7.4
19504	667828800	9.8
19504	670507200	14.9
19504	673099200	20.8
19504	675777600	25.3
19504	678369600	29.6
19504	681048000	28.3
19504	683726400	25.3
19504	686318400	19.4
19504	688996800	13.7
19504	691588800	8.8
19504	694267200	6
19504	696945600	7.4
19504	699451200	8.9
19504	702129600	15.9
19504	704721600	21
19504	707400000	23.5
19504	709992000	28.6
19504	712670400	28
19504	715348800	24.8
19504	717940800	17.9
19504	720619200	12.3
19504	723211200	8.8
19504	725889600	3.9
19504	728568000	7.9
19504	730987200	9.2
19504	733665600	15.3
19504	736257600	19.5
19504	738936000	25.4
19504	741528000	27.5
19504	744206400	27.2
19504	746884800	24.5
19504	749476800	18.7
19504	752155200	13.9
19504	754747200	6.5
19504	757425600	5.6
19504	760104000	5.9
19504	762523200	9.4
19504	765201600	16.4
19504	767793600	22.8
19504	770472000	25.1
19504	773064000	31
19504	775742400	29.3
19504	778420800	24.6
19504	781012800	19.5
19504	783691200	16.1
19504	786283200	9.9
19504	788961600	5.6
19504	791640000	6.5
19504	794059200	11
19504	796737600	14.7
19504	799329600	20.1
19504	802008000	23.7
19504	804600000	28.9
19504	807278400	29.8
19504	809956800	25.7
19504	812548800	19.8
19504	815227200	12.6
19504	817819200	6.9
19504	820497600	5.3
19504	823176000	5.3
19504	825681600	8.9
19504	828360000	13.9
19504	830952000	20.5
19504	833630400	25.6
19504	836222400	28
19504	838900800	29
19504	841579200	26
19504	844171200	20.3
19504	846849600	14.1
19504	849441600	7.8
19504	852120000	4.8
19504	854798400	7.4
19504	857217600	11.6
19504	859896000	16.4
19504	862488000	23.1
19504	865166400	25.7
19504	867758400	28.4
19504	870436800	28.1
19504	873115200	23.9
19504	875707200	20.3
19504	878385600	14.2
19504	880977600	8.3
19504	883656000	5.3
19504	886334400	8.5
19504	888753600	10.1
19504	891432000	18.5
19504	894024000	21.3
19504	896702400	24.5
19504	899294400	30.4
19504	901972800	30.5
19504	904651200	24.8
19504	907243200	21.2
19504	909921600	16.4
19504	912513600	9.9
19504	915192000	6.9
19504	917870400	8.3
19504	920289600	10.7
19504	922968000	15.9
19504	925560000	21.5
19504	928238400	22.7
19504	930830400	26.3
19504	933508800	27.8
19504	936187200	26.5
19504	938779200	20.3
19504	941457600	13.4
19504	944049600	8
19504	946728000	5.6
19504	949406400	5.2
19504	951912000	11.6
19504	954590400	16.8
19504	957182400	22.2
19504	959860800	25.8
19504	962452800	30.1
19504	965131200	29
19504	967809600	25
19504	970401600	20.5
19504	973080000	13.5
19504	975672000	9.6
19504	978350400	6.5
19504	981028800	7.8
19504	983448000	12.4
19504	986126400	16.9
19504	988718400	22.3
19504	991396800	25
19504	993988800	30.8
19504	996667200	28.2
19504	999345600	25.8
19504	1001937600	21
19504	1004616000	14.2
19504	1007208000	7.6
19504	1009886400	8
19504	1012564800	9.7
19504	1014984000	14
19504	1017662400	17.6
19504	1020254400	20.5
19504	1022932800	26.5
19504	1025524800	28.5
19504	1028203200	28.1
19504	1030881600	25.7
19504	1033473600	20.6
19504	1036152000	13.5
19504	1038744000	8.3
19504	1041422400	4.9
19504	1044100800	7.8
19504	1046520000	11
19504	1049198400	16.5
19504	1051790400	21.3
19504	1054468800	25.7
19504	1057060800	30.9
19504	1059739200	30.3
19504	1062417600	27.3
19504	1065009600	19.7
19504	1067688000	14.9
19504	1070280000	7.6
19504	1072958400	5.3
19504	1075636800	10.1
19504	1078142400	11
19504	1080820800	17.3
19504	1083412800	22.2
19504	1086091200	25.7
19504	1088683200	30.9
19504	1091361600	29.9
19504	1094040000	25
19504	1096632000	20.2
19504	1099310400	15.8
19504	1101902400	9.9
19504	1104580800	4.2
19504	1107259200	5.1
19504	1109678400	10.1
19504	1112356800	19
19504	1114948800	21.8
19504	1117627200	27.5
19504	1120219200	30.5
19504	1122897600	29.4
19504	1125576000	27.4
19504	1128168000	20
19504	1130846400	16.4
19504	1133438400	6.1
19504	1136116800	6.9
19504	1138795200	6.5
19504	1141214400	12.4
19504	1143892800	17.7
19504	1146484800	21.7
19504	1149163200	26.5
19504	1151755200	30.3
19504	1154433600	31.2
19504	1157112000	24.7
19504	1159704000	22.9
19504	1162382400	16.3
19504	1164974400	8.9
19504	1167652800	6.3
19504	1170331200	10.5
19504	1172750400	12.7
19504	1175428800	16.5
19504	1178020800	23.6
19504	1180699200	25.6
19504	1183291200	31
19504	1185969600	30.3
19504	1188648000	25.9
19504	1191240000	21.1
19504	1193918400	14.6
19504	1196510400	9.9
19504	1199188800	4.8
19504	1201867200	4.8
19504	1204372800	12.3
19504	1207051200	16.7
19504	1209643200	22.6
19504	1212321600	24.7
19504	1214913600	31.1
19504	1217592000	29.1
19504	1220270400	26.7
19504	1222862400	21.5
19504	1225540800	13.8
19504	1228132800	8.6
19504	1230811200	4.9
19504	1233489600	9.7
19504	1235908800	11.3
19504	1238587200	17.4
19504	1241179200	23.1
19504	1243857600	27
19504	1246449600	29.5
19504	1249128000	28.7
19504	1251806400	25.9
19504	1254398400	22
19504	1257076800	13.1
19504	1259668800	7.3
19504	1262347200	6.2
19504	1265025600	8.3
19504	1267444800	9.9
19504	1270123200	13.9
19504	1272715200	21.5
19504	1275393600	24.7
19504	1277985600	29.5
19504	1280664000	31.7
19504	1283342400	26.8
19504	1285934400	19.8
19504	1288612800	14.6
19504	1291204800	8.5
