x	y	label	clickSelects	showSelected1	showSelected2	group
-1.6	2.5	BERLIN GERMANY	103840	2050	103840	1
-4.8	2.1	DE BILT NETHERLANDS	62600	2051	62600	2
-2.4	4.9	UPPSALA SWEDEN	24581	2121	24581	3
-4.9	5	ST.-PETERSBURG RUSSIA	260630	2118	260630	4
-1.8	0.700000000000003	LUND SWEDEN	26180	2122	26180	5
-2.4	5	Torino ITALY	160590	1907	160590	6
-3.9	1.1	Geneve-Cointrin SWITZERLAND	67000	1979	67000	7
-2.5	2.5	Basel-Binningen SWITZERLAND	66450	1979	66450	8
-2.1	4.4	STOCKHOLM/BROMMA SWEDEN	24640	2121	24640	9
-1.9	4.3	STOCKHOLM SWEDEN	24851	2121	24851	10
-1.3	0.100000000000001	FRANKFURT A MAIN GERMANY	106380	2051	106380	11
-0.299999999999997	4.9	PHILADELPHIA, PA USA	724080	1852	724080	12
-2.3	0.100000000000001	Torino ITALY	160600	1979	160600	13
-2.1	3.5	Trondheim/Vaernes NORWAY	12710	2194	12710	14
-0.800000000000001	0.5	Milano-Brera ITALY	160811	1979	160811	15
-2.5	4	PARIS/LE BOURGET FRANCE	71500	1980	71500	16
-0.9	3.1	Kremsmunster AUSTRIA	110120	1978	110120	17
-2.5	0.700000000000003	Koebenhavn DENMARK	61860	2122	61860	18
-0.699999999999999	0.100000000000001	PRAHA/RUZYNE AIRPORT CZECH REPUBLI	115180	2050	115180	19
-2.9	4.1	Regensburg GERMANY	107760	1978	107760	20
-3.1	0.399999999999999	Padova ITALY	160950	1978	160950	21
-3.6	3.3	Wien-Hohe Warte AUSTRIA	110350	1977	110350	22
-2.5	2	Bern-Zollikofen SWITZERLAND	66310	1979	66310	23
-3.6	2.3	Innsbruck-Universita AUSTRIA	113200	1978	113200	24
-4.9	4.6	VILNIUS LITHUANIA	267300	2047	267300	25
-1.6	4	Karlsruhe GERMANY	107270	1979	107270	26
-4	2.2	WARSAW-OKECIE POLAND	123750	2048	123750	27
-2.9	0.799999999999997	MOSKVA RUSSIA	276120	2117	276120	28
-0.699999999999999	2.4	Budapest - Lorinc Ai HUNGARY	128390	1977	128390	29
-0.800000000000001	2.4	Budapest - Lorinc Ai HUNGARY	128430	1977	128430	30
-2.90000000000001	1.3	NEW HAVEN, CONNECTIC USA	725045	1923	725045	31
-4	2.8	Hohenpeisenberg GERMANY	109620	1978	109620	32
-3.4	3.2	Munchen-Stadt GERMANY	108650	1978	108650	33
-1.8	4.2	GODTHAB/NUUK GREENLAND	42500	2207	42500	34
-2.5	4.9	PAMPLEMOUSSES MAURITIUS	619930	961	619930	35
-1.2	1.5	CADIZ-SAN FERNANDO SPAIN	84530	1838	84530	36
-4.1	0.399999999999999	Verona-Villafranca a ITALY	160900	1978	160900	37
-0.800000000000001	3.8	Stuttgart-Schnarrenb GERMANY	107390	1979	107390	38
-0.6	0.799999999999997	BRUSSELS/UCCLE/CBT BELGIUM	64470	2052	64470	39
-0.899999999999999	2	RIGA LATVIA	264220	2120	264220	40
-4.7	3.8	UMEA SWEDEN	22860	2192	22860	41
-3	3.2	VOYRI FINLAND	29117	2192	29117	42
-2.9	1.4	LEUCHARS UK	31710	2125	31710	43
-1.2	1.40000000000001	TORNIO FINLAND	28440	2264	28440	44
-2.4	3.6	Strasbourg - Entzhei FRANCE	71900	1979	71900	45
-1.8	1.1	Udine ITALY	160450	1978	160450	46
-2.2	0.200000000000003	LEOBSCHUTZ CZECH REPUB.	117357	2049	117357	47
-0.6	3.9	CHALONS FRANCE	71007	1980	71007	48
-2.8	3.7	Nice airport FRANCE	76900	1907	76900	49
-0.899999999999999	4.4	TALLINN ESTONIA	260380	2120	260380	50
-1.1	0.700000000000003	JULIANEHAB/QAQORTOQ GREENLAND	42720	2206	42720	51
-1.1	4.2	ILULISSAT/JAKOBSHAVN GREENLAND	42160	2279	42160	52
-1.4	4.4	GDANSK-WRZESZCZ POLAND	121500	2049	121500	53
-3	2	NIKOLAEW UKRAINE	338460	1974	338460	54
-2.8	1.8	ROMA/FIUMICINO ITALY	162420	1906	162420	55
-1.09999999999999	2.2	BLUE HILL USA	744920	1923	744920	56
-1.3	1.1	WAHNSDORF GERMANY	94860	2050	94860	57
-4.9	0.399999999999999	KYIV UKRAINE	333450	2046	333450	58
-1	0.700000000000003	KAZAN RUSSIA	275950	2115	275950	59
-0.699999999999999	1.7	Klagenfurt-Flughafen AUSTRIA	112310	1978	112310	60
-4	3.4	Augsburg GERMANY	108520	1978	108520	61
-4.9	4.5	ARHANGELSK RUSSIA	225500	2188	225500	62
-3.4	4.9	BAYREUTH GERMANY	106877	1978	106877	63
-3.7	4.5	Bologna ITALY	161400	1906	161400	64
-3.9	1.1	Trento ITALY	160230	1978	160230	65
-0.699999999999999	3.3	Linz-Stadt AUSTRIA	110600	1978	110600	66
-0.800000000000001	3.2	Linz-Horsching AUSTRIA	110100	1978	110100	67
-3.9	1	Trento Sud ITALY	160207	1978	160207	68
-4.7	0.399999999999999	Bergen-Florida NORWAY	13170	2195	13170	69
-4.3	5	Oslo-Blindern NORWAY	14920	2122	14920	70
-0.300000000000001	5	HAILUOTO FINLAND	28740	2192	28740	71
-4.7	3.6	HOHENFURTH AUSTRIA	110207	1977	110207	72
-1.9	1.4	ARNSBERG GERMANY	104247	2051	104247	73
-5	1.7	SYKTYVKAR RUSSIA	238040	2186	238040	74
-3.9	0.799999999999997	SAINT BERNHARD FRANCE	73907	1979	73907	75
-2.4	0.399999999999999	KOBLENZ GERMANY	105150	2051	105150	76
-3.2	0.100000000000001	SOVETSK BELARUS	266150	2120	266150	77
-0.599999999999994	2.3	IRKUTSK RUSSIA	307100	2032	307100	78
-3.8	2.7	ALBANY INTL AP USA	725180	1923	725180	79
-0.899999999999999	4.7	SIMFEROPOL UKRAINE	339460	1902	339460	80
-4.9	1.4	ODESA UKRAINE	338370	1974	338370	81
-3.90000000000001	0.799999999999997	NEW YORK/LA GUARDIA, USA	725030	1923	725030	82
-3.5	0.5	NEURODE CZECH REPUB.	114055	2049	114055	83
-3.1	1.8	KOTHEN GERMANY	94557	2050	94557	84
-2.7	0.299999999999997	NYSA POLAND	125307	2049	125307	85
-3.7	0.799999999999997	ARNSTADT GERMANY	94998	2050	94998	86
-1.3	1.7	MITAU LATVIA	264250	2120	264250	87
-5	2.9	CHARLESTON, S. CAROL USA	722080	1780	722080	88
-2.7	0.0999999999999943	Stykkisholmur ICELAND	40130	2273	40130	89
-1.2	3.2	SAINT VINCENT ST. VINCENT	788877	1489	788877	90
-4.4	3.4	FELLIN ESTONIA	262330	2119	262330	91
-1.5	4.6	SSEVASTOPOL UKRAINE	339467	1902	339467	92
-1.9	4.8	LVIV UKRAINE	333930	1976	333930	93
-2.5	3	TAMPA USA	722110	1709	722110	94
-1.8	2	KISINEV MOLDOVA	338150	1975	338150	95
-5	5	KRAKOW POLAND	125660	1976	125660	96
-4.5	2.3	BRAUNSCHWEIG GERMANY	103480	2050	103480	97
-1.8	4.5	ITHACA USA	726175	1924	726175	98
-1	3.6	Montpellier FRANCE	76430	1908	76430	99
-2.9	4	KIRKWALL UK	30170	2125	30170	100
-1.2	0.100000000000001	LERWICK UK	30050	2197	30050	101
-0.800000000000001	0.799999999999997	TETSCHEN CZECH REPUB.	114058	2050	114058	102
-1.9	4.3	STRALSUND GERMANY	95599	2050	95599	103
-1	3.4	PJARNU ESTONIA	262310	2120	262310	104
-4.2	0.200000000000003	Mantova ITALY	161331	1978	161331	105
-3.6	2.3	WILTEN AUSTRIA	111197	1978	111197	106
-0.600000000000001	4.2	ELBING POLAND	121600	2049	121600	107
-1.2	3.1	BREMEN GERMANY	102240	2051	102240	108
-5	0.299999999999997	HELSINKI-VANTAA AIRP FINLAND	29740	2191	29740	109
-5	0.200000000000003	Helsinki/Kaisaniemi FINLAND	29780	2191	29780	110
-3.9	0.400000000000006	Vardoe NORWAY	10980	2334	10980	111
-2.3	4.1	SYLT GERMANY	90927	2050	90927	112
-2.9	3.8	ARYS POLAND	121907	2048	121907	113
-1.3	4.9	DARMSTADT GERMANY	106390	1979	106390	114
-1.5	2.3	Zurich-Fluntern SWITZERLAND	66600	1979	66600	115
-2.5	3.40000000000001	Karesuando SWEDEN	20800	2264	20800	116
-2.7	3.1	ROCHESTER INTL AP USA	725290	1924	725290	117
-3.1	1.1	WROCLAW-STRACHOWICE POLAND	124240	2049	124240	118
-4.9	1.8	EKATERINBURG RUSSIA	284400	2112	284400	119
-2.8	4.1	ROSTOCK GERMANY	90917	2050	90917	120
-3.7	3.8	Firenze-Ximeniano ITALY	161700	1906	161700	121
-3.2	2.1	RIO DE JANEIRO BRAZIL	837430	981	837430	122
-0.300000000000011	2.1	SITKA MAGNETIC OBS. ALASKA	703710	2152	703710	123
-4.9	1.7	ORENBURG RUSSIA	351210	2041	351210	124
-1.90000000000001	3.2	TOBOLSK RUSSIA	282750	2111	282750	125
-0.399999999999999	4.9	ENISSALA UKRAINE	339667	1902	339667	126
-3.4	0.899999999999999	JENA GERMANY	94999	2050	94999	127
-1.1	4.4	Genova-University ITALY	161210	1907	161210	128
-3.9	0.799999999999997	AACHEN GERMANY	105010	2051	105010	129
-4	1.8	KURSK RUSSIA	340090	2045	340090	130
-0.300000000000011	2	JAKUTSK RUSSIA	249590	2171	249590	131
-4.90000000000001	3.9	BEREZOVO RUSSIA	236310	2183	236310	132
-1.6	1.9	GUTERSLOH GERMANY	999050	2051	999050	133
-3.7	3.5	NISCHNEY NOVGOROD RUSSIA	261790	2118	261790	134
-1	1.2	NIZNIJ NOVGOROD RUSSIA	274590	2116	274590	135
-3	4	SOUTHPORT 5 N USA	720403	1780	720403	136
-4.90000000000001	2.8	CHARLESTON CITY USA	720467	1780	720467	137
-4.40000000000001	0.300000000000001	WAVELAND USA	756277	1782	756277	138
-4	0.799999999999997	NY CITY CNTRL PARK USA	720381	1923	720381	139
-0.900000000000006	1.6	NEW BEDFORD USA	720223	1923	720223	140
-2.3	3.7	HANOVER USA	720349	1923	720349	141
-3.90000000000001	1.6	POUGHKEEPSIE USA	756379	1923	756379	142
-1.40000000000001	2.4	ITHACA CORNELL UNIV USA	720376	1924	720376	143
-2.1	2.7	PERPIGNAN FRANCE	77470	1908	77470	144
-5	1.2	GORLITZ GERMANY	104990	2049	104990	145
-0.4	3.4	SZCZECIN/DABIE POLAND	122050	2050	122050	146
-0.5	3.6	VOLGOGRAD RUSSIA	345610	1972	345610	147
-4	1.6	SARATOV RUSSIA	341720	2043	341720	148
-1.59999999999999	4.3	MD SCI CTR BALTIMORE USA	756192	1852	756192	149
-3.59999999999999	4.2	HILLSBORO USA	753041	1853	753041	150
-2.5	2.4	AMHERST USA	720218	1923	720218	151
-3.7	2.8	TROY L&D USA	756384	1923	756384	152
-3.2	4.3	USSOLJE RUSSIA	280260	2113	280260	153
-0.299999999999997	0.200000000000003	SLATOUST RUSSIA	268300	2113	268300	154
-0.700000000000003	3.6	LUGAN RUSSIA	999004	1973	999004	155
-3.09999999999999	3.4	TRIVENDM INDIA--------	433710	1389	433710	156
-4.5	2.1	Graz - Universitat AUSTRIA	112900	1977	112900	157
-2.8	1.3	ASTRAHAN RUSSIA	348800	1971	348800	158
-0.900000000000006	1.5	TOMSK RUSSIA	294300	2108	294300	159
-3.5	3	CHARLOTTESVILLE 2W USA	720539	1852	720539	160
-4.8	4.2	GARDINER USA	756185	1922	756185	161
-0.399999999999999	3.5	SSAREPTA RUSSIA	345607	1972	345607	162
-1.5	0.5	SCHOSSL CZECH REPUB.	116587	2050	116587	163
-4.9	4.8	BOGOSLOWSK RUSSIA	999005	2112	999005	164
-4.8	3.4	Marseille - Marignag FRANCE	76500	1907	76500	165
-2	3.4	BARNAUL RUSSIA	298380	2036	298380	166
-0.400000000000006	4.7	OGDENSBURG 4 NE USA	720382	1924	720382	167
-0.199999999999999	0.899999999999999	STANISLAV RUMANIA	152577	1976	152577	168
-0.100000000000001	2.9	NISHNE-TAGILSK RUSSIA	282400	2113	282400	169
-0.899999999999999	4.4	BALTISCHPORT RUSSIA	999003	2120	999003	170
-0.899999999999999	1	ISTANBUL/GOZTEPE TURKEY	170620	1903	170620	171
-3.6	3.6	TOULOUSE/BLAGNAC FRANCE	76300	1908	76300	172
-3.9	1.3	URALSK KAZAKHSTAN	351080	2042	351080	173
-0.400000000000006	1.3	NERCHINSKIJ ZAVOD RUSSIA	308790	2029	308790	174
-2.2	4.8	EISENHOWER NHS USA	756490	1852	756490	175
-2.6	1.4	LEIPZIG GERMANY	94700	2050	94700	176
-4.40000000000001	3.7	TORONTO CANADA	715080	1924	715080	177
-0.400000000000006	2.5	FT PIERCE USA	756068	1709	756068	178
-2.7	0.700000000000003	Aosta-Airport ITALY	160540	1979	160540	179
-2.5	2.2	HOBART AIRPORT AUSTRALIA	949750	655	949750	180
-3.7	4.9	BEIJING CHINA	545110	1813	545110	181
-1.2	0.700000000000003	Trieste ITALY	161100	1978	161100	182
-3.7	2.9	BUFFALO NIAGARA INTL USA	725280	1924	725280	183
-1.4	1.5	BALACHNA RUSSIA	274537	2116	274537	184
-2	2.8	Salzburg-Flughafen AUSTRIA	111500	1978	111500	185
-5	2.7	KOSTROMA RUSSIA	273330	2116	273330	186
-4.5	3.9	BEIRUT(BEYROUTH) LEBANON	401000	1757	401000	187
-1.40000000000001	2.9	PETROPAVLOVSK-KAMCH RUSSIA	325830	2021	325830	188
-1.80000000000001	4.4	OHOTSK RUSSIA	310880	2096	310880	189
-3	0.700000000000003	ELABUGA RUSSIA	285060	2114	285060	190
-2.2	4.90000000000001	TARKO-SALE RUSSIA	235520	2181	235520	191
-2.90000000000001	0.799999999999997	TURUHANSK RUSSIA	234720	2251	234720	192
-4.7	2.8	FT SCOTT USA	720167	1855	720167	193
-1.09999999999999	3.1	SYRACUSE WSO AP USA	725190	1924	725190	194
-0.199999999999999	5	KRONSTADT RUSSIA	260637	2119	260637	195
-0.899999999999999	1.7	TBILISI GEORGIA	375490	1900	375490	196
-1.7	4.4	ARMAGH OBSERVATORY UK	39172	2054	39172	197
-4.09999999999999	0.899999999999999	CHAPEL HILL 2 W USA	720388	1852	720388	198
-1.5	3.5	OSWEGO EAST USA	720383	1924	720383	199
-3.9	2.7	TAMBOV RUSSIA	279470	2044	279470	200
-0.0999999999999943	2.7	NAGASAKI JAPAN	478170	1739	478170	201
-3.8	4.4	ROUEN FRANCE	70370	1980	70370	202
-0.399999999999999	3.7	KIROV RUSSIAN FEDER	271960	2115	271960	203
-3.59999999999999	1.2	SHANGHAI CHINA	583670	1740	583670	204
-1.6	4.8	DURHAM UK	38994	2053	38994	205
-2.40000000000001	1.8	ULAN-UDE RUSSIA	308230	2031	308230	206
-4.9	1.6	OKTJABR'SKIJ GORODOK RUSSIA	341630	2043	341630	207
-3	1	KOLN GERMANY	105090	2051	105090	208
-0.4	2.3	FRANKFURT AMODER GERMANY	93980	2050	93980	209
-0.200000000000003	0.399999999999999	BAKU AZERBAIJAN	379900	1899	379900	210
-0.5	1.5	OBIR AUSTRIA	999049	1978	999049	211
-2	1.6	TORGAU GERMANY	94797	2050	94797	212
-1.6	3.5	FREUDENSTADT GERMANY	108151	1979	108151	213
-2.5	3.8	STONYHURST UK	38991	2053	38991	214
-1.3	0.700000000000003	HAMMERFEST NORWAY	10530	2336	10530	215
-3.8	4.2	KOSZALIN POLAND	121050	2049	121050	216
-1.7	2.1	DARJEELING INDIA	422950	1675	422950	217
-4.7	4.6	FORT SEVCENKO KAZAKHSTAN	380010	1898	380010	218
-3.3	4.2	BRNO/TURANY AIRPORT CZECH REPUBLI	117230	1977	117230	219
-3.4	2.1	MAGDEBURG GERMANY-----	103610	2050	103610	220
-4	1	ERFURT/BINDERSLEBEN GERMANY	105540	2050	105540	221
-4.9	4.7	KALININGRAD RUSSIA	267020	2048	267020	222
-4.9	4.3	KIEL GERMANY	100450	2050	100450	223
-0.900000000000006	0.700000000000003	SANTE FE USA	723661	1858	723661	224
-3.1	2.8	SANTIAGO/COMPOSTELA SPAIN	80420	1910	80420	225
-3.8	1.4	RIO GRANDE CITY USA	756548	1712	756548	226
-0.5	3.8	EAGLE PASS 3N USA	754210	1713	754210	227
-1.90000000000001	4.1	SOCORRO USA	730380	1786	730380	228
-3.7	1.5	Bozen/Bolzano ITALY	160200	1978	160200	229
-2.9	3.2	Bratislava SLOVAKIA	118160	1977	118160	230
-4.59999999999999	4.1	PADANG/TABING INDONESIA	961630	1240	961630	231
-5	3.1	PENZA RUSSIA	279620	2043	279620	232
-3.9	2.8	VENDOME FRANCE	72497	1980	72497	233
-0.699999999999999	4.3	ARVAVARALJA CZECH REPUB.	119271	1977	119271	234
-2.6	4.5	GUERNSEY UK	38940	1981	38940	235
-0.5	2.5	ANGERS FRANCE	72300	1981	72300	236
-1.3	0.799999999999997	OSBORNE UK	38637	2053	38637	237
-3	1.5	HALLE_(STADT) GERMANY	104660	2050	104660	238
-4.9	3.7	HEIDENHEIM/BRENZ GERMANY	108361	1978	108361	239
-3.4	4.8	TRIER_(STADT) GERMANY	106091	1979	106091	240
-4	1.9	Obergurgel-Vent AUSTRIA	111270	1978	111270	241
-4.8	1.2	CELJE SLOVENIA	140230	1977	140230	242
-3.6	3.6	SCHWERIN GERMANY	101620	2050	101620	243
-2.2	2.7	SAN DIEGO, CALIFORNI USA	722900	1788	722900	244
-0.6	3.9	Nimes airport FRANCE	76450	1908	76450	245
-0.7	4.8	BORDEAUX/MERIGNAC FRANCE	75100	1909	75100	246
-0.9	3.4	OVIEDO  EL CRISTO SPAIN	80150	1910	80150	247
-0.700000000000003	2.4	DUBUQUE/MUN., USA---------	725470	1927	725470	248
-0.800000000000001	0.799999999999997	SIBIU ROMANIA	152600	1976	152600	249
-0.5	1.1	Ljubljana SLOVENIA	140140	1978	140140	250
-1.3	1.6	Villacher Alpe AUSTRIA	112120	1978	112120	251
-0.0999999999999996	0.700000000000003	Lyon-Bron airport FRANCE	74800	1980	74800	252
-2.6	2.1	BOURGES FRANCE	72550	1980	72550	253
-1.6	2.2	NANTES FRANCE	72220	1981	72220	254
-1.2	1.1	DRESDEN-KLOTZ GERMANY-----	104880	2050	104880	255
-2.8	3.3	EMDEN-WOLTHUSEN GERMANY-----	102030	2051	102030	256
-1.9	0.600000000000001	LILLE FRANCE	70150	2052	70150	257
-1.3	3.4	DUBLIN AIRPORT IRELAND	39690	2054	39690	258
-1.8	4.6	KEY WEST INTL AP USA	722010	1637	722010	259
-2.7	4.1	MANITOWOC USA	720579	1926	720579	260
-1.7	1.6	LAPORTE USA	756120	1926	756120	261
-4.2	2.6	FORT DODGE 5NNW USA	720148	1927	720148	262
-4.9	0.899999999999999	MOSTAGANEM ALGERIA	604527	1836	604527	263
-4.9	3.2	SSAMARA RUSSIA	289007	2042	289007	264
-0.4	1.1	GIBRALTAR GIBRALTAR	999051	1838	999051	265
-0.199999999999999	1.8	St. Andra im Lavantt AUSTRIA	112290	1978	112290	266
-4.09999999999999	3	PERTH-(PERTH-REGIONA AUSTRALIA---	946080	805	946080	267
-1.8	2.9	KINGSTON JAMAICA	783970	1564	783970	268
-0.6	0.600000000000001	ORAN/ES SENIA ALGERIA	604900	1837	604900	269
-1.8	2.1	ELMIRA USA	720371	1924	720371	270
-2	2.9	GENEVA RSCH FARM USA	720372	1924	720372	271
-2.8	2.3	ALFRED USA	756355	1924	756355	272
-4.8	2.9	IDWEN LATVIA	262380	2119	262380	273
-1.5	4.4	PUTBUS GERMANY	100930	2050	100930	274
-2.4	2	MUNSTER GERMANY	103130	2051	103130	275
-2.2	1.8	Lienz AUSTRIA	112040	1978	112040	276
-4.5	4.1	DUNEDIN NEW ZEALAND	938940	578	938940	277
-0.199999999999989	3.2	AUCKLAND NEW ZEALAND	931190	722	931190	278
-0.0999999999999943	1.9	COLOMBO SRI LANKA	434660	1389	434660	279
-0.799999999999997	2.3	ROYAL OBS.,HONG KONG CHINA	450050	1598	450050	280
-0.5	0.899999999999999	LUQA MALTA	165970	1834	165970	281
-3.7	0.399999999999999	MADRID- RETIRO SPAIN	82220	1909	82220	282
-3.4	2.5	DEBRECEN-REPULOTER HUNGARY	128820	1976	128820	283
-1.2	1.7	OXFORD UK	38900	2053	38900	284
-5	4.7	UFA RUSSIA	287220	2041	287220	285
-2.8	3.5	ENISEJSK RUSSIA	292630	2106	292630	286
-1.8	3.5	DAVIS 2 WSW EXP USA	724830	1861	724830	287
-2	4.4	SAINT JOHNSBURY USA	720536	1923	720536	288
-1.9	2.1	Badgastein-Bockstein AUSTRIA	113420	1978	113420	289
-1.9	2.1	Bad Gastein AUSTRIA	111450	1978	111450	290
-2.9	2.4	Oelands Norra Udde SWEDEN	25920	2121	25920	291
-4.2	3.6	Holmoegadd SWEDEN	22880	2192	22880	292
-3	0.100000000000001	STAVROPOL RUSSIA	349490	1972	349490	293
-4.30000000000001	3.2	NIKOLAEVSK-NA-AMURE RUSSIA	313690	2024	313690	294
-3.09999999999999	4.7	NEW BRAUNFELS USA	754460	1712	754460	295
-2.59999999999999	3.2	TUSCALOOSA ACFD USA	756008	1782	756008	296
-4.5	4.4	UNIVERSITY USA	752160	1782	752160	297
-0.400000000000006	3.7	MADISON SEWAGE PLT USA	720122	1854	720122	298
-2.40000000000001	1.5	CLARKSVILLE WWTP USA	720497	1854	720497	299
-0.400000000000006	4.4	WHITE HALL 1 E USA	720114	1855	720114	300
-4.90000000000001	2.7	COOPERSTOWN USA	720368	1923	720368	301
-0.0999999999999943	4.6	CANTON 4 SE USA	720366	1924	720366	302
-3	2.3	ANGELICA USA	720363	1924	720363	303
-3.7	2.3	ANN ARBOR U OF USA	720231	1925	720231	304
-3.8	0.100000000000001	URBANA WWTP USA	720427	1925	720427	305
-2.2	1.3	OBERLIN USA	756437	1925	756437	306
-3.90000000000001	1.3	OTTAWA 5SW USA	720104	1926	720104	307
-0.200000000000003	3.2	TUCUMAN AERO ARGENTINA	871200	914	871200	308
-2.5	0.100000000000001	NASSAU AIRPORT BAHAMAS	780730	1708	780730	309
-1.3	2.7	Bad Ischl AUSTRIA	111560	1978	111560	310
-5	2.2	Melbourne AUSTRALIA	948680	727	948680	311
-3.40000000000001	3.5	COLUMBUS USA	756266	1782	756266	312
-1	2	PORT GIBSON 1 NE USA	752130	1783	752130	313
-1.09999999999999	4.2	CHESTERTOWN USA	756194	1852	756194	314
-1.2	1.3	HIRAM USA	753051	1925	753051	315
-2.8	2.7	RACINE USA	720587	1926	720587	316
-2	1	FAIRFIELD USA	720146	1927	720146	317
-2.4	4.7	GOREE SENEGAL	615997	1480	615997	318
-1.1	5	LE PUY FRANCE	74700	1908	74700	319
-4.6	3.3	LUNEBERG GERMANY	101307	2050	101307	320
-4.7	1.8	KLAUSTHAL GERMANY	104527	2050	104527	321
-4.4	4.1	EUTIN GERMANY	101308	2050	101308	322
-4.7	2.3	BOTANICAL GRDNS. BERMUDA	780187	1777	780187	323
-1.6	4.7	PUTBUS GERMANY	90916	2050	90916	324
-3.5	0.399999999999999	BUENOS AIRES OBS CEN ARGENTINA	875850	840	875850	325
-1.7	1.7	DAR-EL-BEIDA ALGERIA	603900	1836	603900	326
-4.7	0.700000000000003	PEORIA USA	725320	1926	725320	327
-1.9	0.799999999999997	CLERMONT FERRAND FRANCE	74600	1980	74600	328
-0.300000000000001	2.5	HANNOVER GERMANY	103380	2051	103380	329
-1.1	4.7	TROMSO/LANGNES NORWAY	10250	2265	10250	330
-2.59999999999999	2.7	GREENSBORO USA	720002	1782	720002	331
-3	0.299999999999997	GOLDSBORO 4 SE USA	720391	1852	720391	332
-1.2	2.7	LAWRENCE USA	720222	1923	720222	333
-0.900000000000006	4	WATERTOWN USA	720386	1924	720386	334
-3.7	4.4	NEW LONDON USA	720582	1926	720582	335
-3.59999999999999	2.3	MARENGO USA	720097	1926	720097	336
-3	3.1	MILWAUKEE MT MARY CO USA	756605	1926	756605	337
-0.400000000000006	4.6	GUATEMALA GUATEMALA	786400	1495	786400	338
-4.3	0.899999999999999	GLASGOW UK	31400	2125	31400	339
-3.9	4.4	BUCARESTI/FILARET RUMANIA	154220	1903	154220	340
-3.2	0.899999999999999	EDINBURGH/ROYAL OBS. UK	31607	2125	31607	341
-3.30000000000001	4.5	ARMIDALE (UNI NEW EN AUSTRALIA	947730	798	947730	342
-1.5	1.1	CAPE TOWN /ROYAL OBS SOUTH AFRICA	688177	825	688177	343
-0.0999999999999996	1.5	GOTTINGEN GERMANY	104440	2051	104440	344
-1.40000000000001	0.100000000000001	Adelaide AUSTRALIA	946720	801	946720	345
-2.59999999999999	0.199999999999999	LAKE CITY 2 E USA	720061	1781	720061	346
-1.90000000000001	1.1	CHIPPEWA LAKE USA	756429	1925	756429	347
-3.3	1.8	AURORA USA	720083	1926	720083	348
-0.299999999999997	1.8	CLINTON #1 USA	720144	1927	720144	349
-2.5	3.7	BELLINGHAM 3 SSW USA	756578	2005	756578	350
-0.400000000000006	1.6	BATHURST AUSTRALIA	957357	799	957357	351
-1.3	3	ATHINAI/OBSERVATORY GREECE	167140	1832	167140	352
-3.6	3.2	Hvar CROATIA	144470	1905	144470	353
-2	2.4	SELMA USA	720004	1782	720004	354
-2.59999999999999	4.9	CHAMBERSBURG 1 ESE USA	720447	1852	720447	355
-0.200000000000003	4.7	JACKSONVILLE 2E USA	720095	1855	720095	356
-3.4	2.8	VASTERVIK SWEDEN	25760	2121	25760	357
-1.7	2.7	Visby SWEDEN	25900	2121	25900	358
-3.7	1.7	Kalmar SWEDEN	26720	2121	26720	359
-2.1	1.7	Halmstad SWEDEN	26040	2122	26040	360
-0.199999999999999	1.9	Vaexjoe SWEDEN	26400	2122	26400	361
-1.5	4.4	Karlstad SWEDEN	24180	2122	24180	362
-2.1	2.6	Haernoesand SWEDEN	23610	2193	23610	363
-3.5	0.5	Piteaa SWEDEN	26980	2264	26980	364
-0.899999999999999	0.799999999999997	Haparanda SWEDEN	21960	2264	21960	365
-3.80000000000001	1.1	Sydney AUSTRALIA	947670	798	947670	366
-2.90000000000001	0.899999999999999	FT STOCKTON USA	756543	1785	756543	367
-3.2	4.9	MINNEAPOLIS/ST PAUL USA	726580	1927	726580	368
-2.8	3.1	PORT TOWNSEND USA	720557	2005	720557	369
-2.2	1.3	BAHIA BLANCA A ARGENTINA	877500	769	877500	370
-3.1	2.8	Goeteborg SWEDEN	25120	2122	25120	371
-4.4	0.600000000000001	Falun SWEDEN	24330	2193	24330	372
-0.5	3.2	Oestersund SWEDEN	22260	2194	22260	373
-0.399999999999999	1.59999999999999	Jokkmokk SWEDEN	21420	2265	21420	374
-3.2	0.200000000000003	ZIZGIN RUSSIA	224380	2261	224380	375
-4.09999999999999	3.2	LARNED USA	751100	1856	751100	376
-1.5	0.899999999999999	TARM DENMARK	60667	2123	60667	377
-0.5	2.7	FRIEDRICHSHAFEN GERMANY	109340	1979	109340	378
-4.8	4.1	SKUDENES (R) NORWAY	14090	2123	14090	379
-2.6	3	MANDAL (R) NORWAY	14300	2123	14300	380
-1.09999999999999	4.7	STRATHALBYN AUSTRALIA	948140	729	948140	381
-0.799999999999997	1.6	SANTIAGO PUDAHUEL CHILE	855740	843	855740	382
-4.8	1.9	JERUSALEM AIRPORT ISRAEL	401840	1757	401840	383
-0.3	2.1	HUESCA SPAIN	80940	1909	80940	384
-4	0.799999999999997	Zagreb-Gric CROATIA	142360	1977	142360	385
-4.5	4	Ferder Fyr NORWAY	14820	2122	14820	386
-2.8	0.0999999999999943	Stensele SWEDEN	21270	2265	21270	387
-4.40000000000001	2.8	LEXINGTON USA	720544	1852	720544	388
-2.59999999999999	1.3	NORWALK WWTP USA	720423	1925	720423	389
-4.3	3.1	ALGONA 3 W USA	720139	1927	720139	390
-1.5	1	SAINT-LOUIS SENEGAL	616000	1552	616000	391
-4.4	1.40000000000001	SOSNOVETS ISLAND RUSSIA	223550	2260	223550	392
-2.2	4.8	ROCKVILLE USA	720129	1854	720129	393
-3.59999999999999	0.600000000000001	KENTON USA	720418	1925	720418	394
-5	1.2	GALVA USA	720089	1926	720089	395
-0.699999999999989	0.399999999999999	YOKOHAMA JAPAN	476700	1809	476700	396
-3.7	3.6	IRGIS RUSSIA	335420	1968	335420	397
-0.5	1.3	KASSEL GERMANY	104381	2051	104381	398
-0.199999999999989	3.8	WELLINGTON, KELBURN NEW ZEALAND	934340	650	934340	399
-1.09999999999999	4.9	MOUNT BARKER AUSTRALIA	948060	729	948060	400
-1.1	3	MURCIA SPAIN	84300	1837	84300	401
-0.4	4.5	VALENCIA SPAIN	82850	1837	82850	402
-0.5	1.3	KASSEL GERMANY	104380	2051	104380	403
-3.40000000000001	3.8	VILJUJSK RUSSIA	246410	2172	246410	404
-0.899999999999999	5	KEM-PORT RUSSIA	225200	2190	225200	405
-5	5	MOORESTOWN USA	720356	1851	720356	406
-4.3	3.9	LEES SUMMIT REED WR USA	720295	1855	720295	407
-4.40000000000001	0.5	NEW BRUNSWICK 3 SE USA	720357	1923	720357	408
-1.59999999999999	0.899999999999999	MT PLEASANT 1 SSW USA	720154	1927	720154	409
-3.3	2.5	IOWA FALLS USA	756140	1927	756140	410
-0.199999999999999	1.4	Segl-Maria (Sils) SWITZERLAND	68840	1979	68840	411
-1.6	1.8	Engelberg SWITZERLAND	69220	1979	69220	412
-3	2.1	Chaumont SWITZERLAND	68020	1979	68020	413
-2.5	1.5	CHRISTCHURCH A NEW ZEALAND	937800	650	937800	414
-0.900000000000006	1	NEW PLYMOUTH A NEW ZEALAND	933090	722	933090	415
-2.3	3.6	PORT-AU-PRINC HAITI	784390	1563	784390	416
-1.8	3.9	BADAJOZ SPAIN	83300	1838	83300	417
-4.1	3.7	LISBON PORTUGAL	85350	1838	85350	418
-1.1	4.9	Pula CROATIA	143070	1906	143070	419
-4.59999999999999	2.8	LANSING USA---------	725390	1925	725390	420
-1	1	Lugano SWITZERLAND	67700	1979	67700	421
-0.6	2.3	Saentis SWITZERLAND	66800	1979	66800	422
-2.7	1.2	Sion SWITZERLAND	67200	1979	67200	423
-0.9	2.1	Kjoeremsgrendi NORWAY	12350	2195	12350	424
-0.9	2.1	DOMBAS (R) NORWAY	12330	2195	12330	425
-4.2	4.7	AS NORWAY	14630	2122	14630	426
-0.0999999999999943	3.7	VEVAY USA	720135	1854	720135	427
-4.8	3.9	OLATHE 3E USA	720177	1855	720177	428
-1.90000000000001	0.799999999999997	WOOSTER EXP STN USA	720432	1925	720432	429
-2.2	0.899999999999999	RENSSELAER USA	720128	1926	720128	430
-4.5	4.3	NEW ULM 2 SE USA	720257	1927	720257	431
-1.59999999999999	3.6	NAMPA SUGAR FACTORY USA	726810	1932	726810	432
-1	3.4	STRATFORD MOE CANADA	716237	1925	716237	433
-4.5	0.100000000000001	TOKSOVO RUSSIA	229070	2190	229070	434
-2.6	3.1	Perugia ITALY	161800	1906	161800	435
-4.2	2.7	Reichenau/Rax AUSTRIA	113800	1977	113800	436
-1.69999999999999	3.6	INVERCARGILL A NEW ZEALAND	938440	579	938440	437
-0.699999999999999	2.8	PONTA DELGADA ACORES	85120	1842	85120	438
-4.1	0.399999999999999	PLYMOUTH/MOUNT BATTE UK	38270	2053	38270	439
-1.5	1.1	Cape Otway AUSTRALIA	948420	728	948420	440
-0.0999999999999943	4.6	ATCHISON USA	720162	1856	720162	441
-4.7	4.4	BARRIE CANADA	716243	1924	716243	442
-4.8	0.200000000000003	TRENTON USA	725111	1923	725111	443
-4.7	4.8	Parma ITALY	161300	1906	161300	444
-0.199999999999999	1.8	Davos SWITZERLAND	67840	1979	67840	445
-3.2	3.8	JAKARTA/OBS INDONESIA	967450	1167	967450	446
-4.2	2	NUWARA ELIYA SRI LANKA	434730	1388	434730	447
-2.3	4.6	PALMA-DE-MALLORCA SPAIN-------	83061	1836	83061	448
-0.699999999999999	0.899999999999999	NAPOLI CAPODICHINO ITALY	162890	1906	162890	449
-3.6	2.4	BURGOS SPAIN	80750	1909	80750	450
-4.7	1.6	VALLADOLID SPAIN	81410	1909	81410	451
-2.5	1.8	SORIA SPAIN	84180	1909	84180	452
-3.4	0.200000000000003	COIMBRA/GEOFISICO PORTUGAL	85490	1910	85490	453
-0.5	0.899999999999999	SALAMANCA SPAIN	82020	1910	82020	454
-3.40000000000001	4.2	PETERBOROUGH CANADA	716290	1924	716290	455
-4.90000000000001	3.2	HAMILTON CANADA	712630	1924	712630	456
-1.7	3.7	GODERICH TOWNSHIP CANADA	712610	1925	712610	457
-3.4	2	BRAEMAR UK	38987	2125	38987	458
-1.3	3.2	STORNOWAY UK	30260	2126	30260	459
-3.7	3	PERM RUSSIA	282240	2113	282240	460
-0.900000000000006	0.799999999999997	STATESVILLE 2 NNE USA	753080	1853	753080	461
-3.2	3.7	ELLSWORTH USA	720165	1856	720165	462
-4.3	2.4	FREDONIA USA	753070	1924	753070	463
-0.799999999999997	1.6	LOGAN USA	751120	1928	751120	464
-0.299999999999997	4.4	PIERRE RGNL AP USA	720492	1929	720492	465
-0.700000000000003	1.3	LARAMIE RGNL AP USA	720594	1930	720594	466
-0.199999999999989	3.9	NUKU'ALOFA TONGA	917890	1008	917890	467
-4.90000000000001	2.3	HOKITIKA A NEW ZEALAND	936150	650	936150	468
-1.2	3.4	TORUNGEN FYR NORWAY	14650	2123	14650	469
-0.0999999999999996	4.3	Utsira Fyr NORWAY	14030	2124	14030	470
-0.3	0.799999999999997	HELLISOY FYR NORWAY	13070	2196	13070	471
-1.8	2	Torshavn FAEROE IS.	60110	2198	60110	472
-1.1	4.7	Tromsoe NORWAY	10260	2265	10260	473
-3.8	4.3	ANDENES NORWAY	10100	2265	10100	474
-5	4.4	Deniliquin AUSTRALIA	948690	727	948690	475
-4.40000000000001	4.8	HOLLY SPRINGS 4 N USA	756269	1782	756269	476
-1.8	3	ROLLA UNI OF MISSOUR USA	752210	1855	752210	477
-3.2	3.1	LAS ANIMAS USA	720042	1857	720042	478
-2.7	0.399999999999999	Venezia-Cavanis ITALY	161000	1978	161000	479
-5	3.4	Ulm - Giengen GERMANY	108380	1978	108380	480
-3.5	2.9	Ona NORWAY	12120	2195	12120	481
-0.6	2.3	BODO VI NORWAY	11520	2266	11520	482
-3.5	3.3	HAWKINSVILLE USA	722170	1781	722170	483
-3.40000000000001	4	SWEET SPRINGS USA	756292	1855	756292	484
-0.299999999999997	4	LAWRENCE USA	720173	1856	720173	485
-5	2	COLDWATER ST SCHOOL USA	720234	1925	720234	486
-0.800000000000001	1.1	RIVA ITALY	160707	1979	160707	487
-4.9	1.5	RANDERS DENMARK	60767	2122	60767	488
-2.7	0.599999999999994	BRONNOYSUND NORWAY	11120	2266	11120	489
-4.3	3.1	MADISON, WISCONSIN USA	726410	1926	726410	490
-3.2	2.8	ULAANBAATAR MONGOLIA	442920	1959	442920	491
-0.300000000000001	2.5	Bregenz AUSTRIA	111010	1979	111010	492
-2.1	3	Freiburg/Breisgau GERMANY	108030	1979	108030	493
-0.300000000000001	1.9	VALENTIA OBS. IRELAND	39530	2055	39530	494
-1.9	3.1	Oksoey Fyr NORWAY	14480	2123	14480	495
-2.5	1.1	Laerdal NORWAY	13550	2195	13550	496
-1.59999999999999	2.59999999999999	VERHOJANSK RUSSIA	242660	2242	242660	497
-4	4.4	PANA 3E USA	720106	1854	720106	498
-0.100000000000001	1.2	KOM EL NADURA EGYPT	623197	1759	623197	499
-3.19999999999999	0.5	NAPIER NELSON PK NEW ZEALAND	933710	721	933710	500
-2.3	4.8	SILCHAR INDIA--------	426190	1602	426190	501
-0.200000000000003	0.5	PITTSBURGH, PENNSYLV USA	725200	1925	725200	502
-0.100000000000001	1.2	SYDNEY CANADA	717070	1993	717070	503
-1.9	4.09999999999999	Reykjavik ICELAND	40300	2201	40300	504
-5	3.4	GROZNYJ RUSSIA	372350	1899	372350	505
-0.899999999999999	3.6	SOTCHI RUSSIA	370990	1901	370990	506
-0.5	4.3	DOVER USA	720049	1852	720049	507
-1.90000000000001	4.3	WOODSTOCK USA	720217	1852	720217	508
-4.09999999999999	1.5	WAUSEON WTP USA	720429	1925	720429	509
-4	1.9	ADRIAN 2 NNE USA	720227	1925	720227	510
-1.90000000000001	1.2	OGDEN PIONEER P H USA	756555	1931	756555	511
-1.4	2.6	BAIA MARE RUMANIA	150047	1976	150047	512
-4.9	2.2	CAMBRIDGE UK	38996	2052	38996	513
-1.1	3.9	YORK UK	38988	2053	38988	514
-1.2	3.1	GRAND HAVEN USA	726443	1926	726443	515
-1.40000000000001	0.399999999999999	KEOKUK USA	725405	1927	725405	516
-4.2	2.1	CAIRO, ILLINOIS USA	723380	1854	723380	517
-3.4	2.7	Sopron HUNGARY	128050	1977	128050	518
-3.5	2.9	Eisenstadt-Sopron AUSTRIA	111900	1977	111900	519
-2.7	2.9	Mosonmagyarovar HUNGARY	128150	1977	128150	520
-2.40000000000001	3.2	CASA BLANCA, LA HABA CUBA	783250	1637	783250	521
-2.90000000000001	4.3	WILMINGTON USA	723020	1780	723020	522
-4	0.799999999999997	KNOXVILLE/MUNICIPAL USA	723260	1853	723260	523
-5	0.100000000000001	MEMPHIS, TENNESSEE USA	723340	1854	723340	524
-2.40000000000001	2.6	SAN FRANCISCO, CA USA	724940	1861	724940	525
-3.6	4.7	HALIFAX CANADA	716010	1921	716010	526
-1.5	3.2	CONCORD USA	726050	1923	726050	527
-3.5	1.6	TOLEDO USA	725360	1925	725360	528
-0.799999999999997	3.1	WOODSTOCK CANADA	714323	1925	714323	529
-0.900000000000006	0.299999999999997	SAINT JOHN CANADA	716090	1994	716090	530
-1.5	0.899999999999999	FREDERICTON CANADA	717000	1994	717000	531
-3.8	0.5	MONTREAL TAVISH CANADA	711830	1995	711830	532
-3.2	0.299999999999997	ESKDALEMUIR OBSERVAT UK	31620	2125	31620	533
-2.2	2.2	ABERDEEN/DYCE UK	30910	2125	30910	534
-3.6	2.6	ROROS NORWAY	12880	2194	12880	535
-1.8	5	ALTA NORWAY	10490	2264	10490	536
-4	5	Bourke AUSTRALIA	947030	799	947030	537
-5	3.8	WHITERIVER 1 SW USA	720013	1786	720013	538
-2.5	0.899999999999999	TARBORO 1 S USA	720404	1852	720404	539
-3.90000000000001	0.100000000000001	FAYETTEVILLE PWC USA	720389	1852	720389	540
-1.5	0.899999999999999	LENOIR USA	720395	1853	720395	541
-2	4.9	EASTPORT USA	726080	1922	726080	542
-1.09999999999999	1.9	TAUNTON USA	720225	1923	720225	543
-1.09999999999999	2.5	READING USA	725090	1923	725090	544
-0.400000000000006	1.4	GREENVILLE 2 NE USA	720449	1925	720449	545
-0.200000000000003	2.1	ERIE WSO AP USA	725260	1925	725260	546
-3.59999999999999	4	OSHKOSH USA	720584	1926	720584	547
-3.7	3.2	WATERTOWN USA	720591	1926	720591	548
-3.5	3.8	FOND DU LAC USA	720577	1926	720577	549
-1.2	0.700000000000003	SYRACUSE USA	720341	1928	720341	550
-4.8	1.2	CHEYENNE WSFO AP USA	725640	1929	725640	551
-2.40000000000001	0.200000000000003	WOODLAND USA	756191	1994	756191	552
-0.3	1.7	ROTHAMSTEAD UK	38989	2053	38989	553
-0.4	4.2	SCARBOROUGH UK	38992	2053	38992	554
-0.599999999999994	1.5	DAVENPORT USA	725442	1927	725442	555
-0.900000000000006	2.4	VICKSBURG, MISSISSIP USA	722360	1783	722360	556
-4.6	4.5	Gospic CROATIA	143300	1905	143300	557
-0.0999999999999996	0.600000000000001	Kocevje SLOVENIA	141180	1978	141180	558
-1.5	3.2	Ried AUSTRIA	110530	1978	110530	559
-1.6	0.399999999999999	Nordby DENMARK	60880	2123	60880	560
-1.7	0.5	JACKSONVILLE, FLORID USA	722060	1781	722060	561
-3.8	2.5	SHREVEPORT USA	722480	1783	722480	562
-1.7	1.1	NASHVILLE, TENNESSEE USA	723270	1854	723270	563
-0.700000000000003	3.2	LOUISVILLE USA	724230	1854	724230	564
-3.09999999999999	3.8	VLADIVOSTOK RUSSIA	319600	1882	319600	565
-4.3	3	WELLAND CANADA	714322	1924	714322	566
-1.59999999999999	4.2	KINGSTON CANADA	716200	1924	716200	567
-1.8	2.9	Hurbanovo SLOVAKIA	118580	1977	118580	568
-3.1	1.3	CHARLOTTETOWN CANADA	717060	1993	717060	569
-2.2	4.9	WINNIPEG CANADA	718520	2000	718520	570
-3.1	3.5	WICK AIRPORT UK	30750	2125	30750	571
-1.40000000000001	2.8	Dubbo AUSTRALIA	947190	799	947190	572
-3.90000000000001	4.3	GAINESVILLE USA	756082	1781	756082	573
-1	1.8	TROY USA	756007	1782	756007	574
-0.799999999999997	0.700000000000003	MC MINNVILLE USA	720504	1854	720504	575
-0.700000000000003	2.2	INDEPENDENCE USA	720171	1856	720171	576
-3.7	3.1	LOCKPORT 3 S USA	753100	1924	753100	577
-5	0.700000000000003	CLARINDA USA	720143	1927	720143	578
-1.09999999999999	3.1	PRAIRIE DU CHIEN USA	720586	1927	720586	579
-0.900000000000006	3.6	VIROQUA USA	754093	1927	754093	580
-3.5	0.100000000000001	RED CLOUD USA	756333	1928	756333	581
-3.40000000000001	0.899999999999999	MILTON FREEWATER USA	726890	2004	726890	582
-3.3	1.1	WALLA WALLA FAA AP USA	756588	2004	756588	583
-2.9	4.9	BOGO DENMARK	61607	2050	61607	584
-2.40000000000001	2.9	YANKTON USA	725572	1928	725572	585
-4.4	4.7	TEIGARHORN ICELAND	40880	2199	40880	586
-4.4	0.899999999999999	Tranebjerg DENMARK	61320	2122	61320	587
-2	1.6	FORBES-CAMP-S AUSTRALIA---	947130	799	947130	588
-4.2	3.6	CORDOBA OBS ARGENTINA	873450	841	873450	589
-3.8	2.5	CORRIENTES A ARGENTINA	871660	912	871660	590
-0.5	0.100000000000001	SALTA A ARGENTINA	870470	986	870470	591
-4.8	4.3	GALVESTON, TEXAS USA	722420	1711	722420	592
-4	3.7	EL BAYADH ALGERIA	605500	1764	605500	593
-3.2	0.699999999999999	MOBILE USA	722230	1782	722230	594
-2.90000000000001	2	CHICAGO/0'HARE USA	725300	1926	725300	595
-1.3	3.9	LA CROSSE/MUNICIPAL USA	726430	1927	726430	596
-0.900000000000006	1.3	OMAHA, NEBRASKA USA	725500	1928	725500	597
-0.5	2	CHATHAM MIRA. CANADA	717170	1994	717170	598
-3.59999999999999	0.100000000000001	ALPENA, MICHIGAN USA	726390	1997	726390	599
-2.40000000000001	1.6	MARQUETTE, MICHIGAN USA	727430	1998	727430	600
-2.59999999999999	0.600000000000001	PORTLAND, OREGON USA	726980	2005	726980	601
-0.199999999999999	0.299999999999997	Hammerodde-Fyr DENMARK	61930	2122	61930	602
-0.199999999999999	4.3	Teigarhorn ICELAND	40920	2200	40920	603
-1.2	2.8	UPERNAVIK GREENLAND	42110	2352	42110	604
-3.40000000000001	4.9	CHAZY USA	720367	1923	720367	605
-3.3	4.6	SOUTH HERO USA	756378	1923	756378	606
-4.7	4.8	LAWRENCEVILLE 3 SW USA	756371	1923	756371	607
-4.3	4.8	MALONE USA	756363	1923	756363	608
-3.7	4.7	DANNEMORA USA	753060	1923	753060	609
-1.90000000000001	1.2	WILLIAMSPORT RGNL AP USA	725140	1924	725140	610
-4.2	1.9	WARREN USA	720458	1924	720458	611
-3.5	2.7	WALES USA	753105	1924	753105	612
-2.90000000000001	3.2	BROCKPORT USA	756362	1924	756362	613
-3.2	3	BATAVIA USA	756359	1924	756359	614
-3.2	1.1	TIFFIN USA	720425	1925	720425	615
-0.799999999999997	2.8	LANCASTER 4 WSW USA	720578	1927	720578	616
-0.0999999999999943	0.600000000000001	FT COLLINS USA	720037	1930	720037	617
-1.2	2.7	PORT STANLEY CANADA	715272	1925	715272	618
-1.40000000000001	4.5	SOUTHAMPTON CANADA	716336	1925	716336	619
-2.9	3.3	PORT STANLEY FALKLAND IS.	888900	552	888900	620
-3.4	2.2	Szombathely HUNGARY	128120	1977	128120	621
-2.2	5	BELOZERSK RUSSIA	229390	2117	229390	622
-3	1.5	GRIMSEY ICELAND	40650	2272	40650	623
-1.7	1.8	Vestervig DENMARK	60510	2123	60510	624
-4.3	2.2	SANTIAGO DEL ESTERO ARGENTINA	871290	913	871290	625
-3.3	0.4	S.-TOME SAO-TOME-AND	619310	1331	619310	626
-0.299999999999997	5	NEW ORLEANS, LOUISIA USA	722310	1711	722310	627
-5	2.8	DODGE CITY, KANSAS USA	724510	1856	724510	628
-3	2.3	WINDSOR CANADA	715380	1925	715380	629
-3.9	0.399999999999999	KERCH UKRAINE	339830	1973	339830	630
-2.8	2.6	ST JOHN'S CANADA	718010	1991	718010	631
-2	2.8	PSKOV RUSSIA	262580	2119	262580	632
-4	4.5	DAHLONEGA USA	750032	1781	750032	633
-1.5	2.1	CORSICANA USA	720515	1784	720515	634
-4.40000000000001	4.4	ATLANTIC CITY USA	756345	1851	756345	635
-2	2	SANTA CRUZ USA	724813	1861	724813	636
-0.299999999999997	3.6	PORTLAND JETPORT USA	726060	1923	726060	637
-4	0.299999999999997	LONG BRANCH OAKHURST USA	752092	1923	752092	638
-1.40000000000001	1.8	HOLLISTER USA	723893	1861	723893	639
-3.8	4.9	COCHIN INDIA--------	433510	1389	433510	640
-2	3.9	Imperia ITALY	161540	1907	161540	641
-2.2	2.3	Zell am See AUSTRIA	111440	1978	111440	642
-0.4	2.3	Feldkirch AUSTRIA	111050	1979	111050	643
-3.2	1.2	IVIGTUT/NARSARSUAQ GREENLAND	42700	2206	42700	644
-4.8	3	MADRAS/MINAMBAKKAM INDIA	432790	1460	432790	645
-2.40000000000001	3	BANGALORE INDIA	432950	1461	432950	646
-1	1	NAGPUR INDIA--------	428670	1605	428670	647
-3	0.600000000000001	AKOLA INDIA--------	429330	1605	429330	648
-1.3	3.8	SAGAR INDIA--------	426710	1605	426710	649
-4.19999999999999	1.8	HAKODATE JAPAN	474300	1880	474300	650
-2	0.799999999999997	SALT LAKE CITY, UTAH USA	725720	1931	725720	651
-3.2	3.6	MONT JOLI CANADA	717180	1994	717180	652
-1.40000000000001	1.8	QUEBEC CANADA	717140	1995	717140	653
-0.799999999999997	1.8	BISMARCK, NORTH DAKO USA	727640	2001	727640	654
-0.6	2	Sveg SWEDEN	23240	2194	23240	655
-1.90000000000001	5	OMSK RUSSIA	286980	2038	286980	656
-1.2	2.1	SAVANNAH INTL AP USA	722070	1781	722070	657
-0.599999999999994	0.200000000000003	CAPE HATTERAS AP USA	723040	1852	723040	658
-4	4.8	DECATUR WTP USA	720086	1854	720086	659
-1.7	1.3	WASHINGTON USA	720161	1927	720161	660
-2.8	1.5	GENOA 2 W USA	720324	1928	720324	661
-0.599999999999994	1.5	STAPLETON 5W USA	725620	1929	725620	662
-2.5	2	YORK FACTORY CANADA	718399	2143	718399	663
-4.7	2.8	ANNAS HOPE VIRGIN IS.	785487	1561	785487	664
-0.299999999999997	3.1	BRANTFORD CANADA	716234	1925	716234	665
-5	0.299999999999997	PARRY SOUND CANADA	711720	1996	711720	666
-0.200000000000003	2.8	PORT DOVER CANADA	712631	1925	712631	667
-4.2	0.899999999999999	LUDHIANA INDIA--------	420990	1749	420990	668
-0.5	3.5	Freistadt AUSTRIA	110170	1978	110170	669
-2	2.2	Rauris AUSTRIA	113460	1978	113460	670
-3.3	0.200000000000003	USHUAIA A I ARGENTINA	879380	554	879380	671
-0.5	3.2	PARANA A ARGENTINA	873740	841	873740	672
-4.59999999999999	2.4	TAHITI-FAAA FRENCH POLYNE	919380	1074	919380	673
-2.3	1.7	PORT BLAIR INDIA (ANDAM)	433330	1458	433330	674
-3.8	1.8	YANGON MYANMAR	480970	1529	480970	675
-1.2	3.5	PUNE INDIA--------	430630	1534	430630	676
-4.09999999999999	1.2	DARBHANGA INDIA	423910	1675	423910	677
-3.3	0.5	ALLAHABAD INDIA	424750	1676	424750	678
-2	2.2	AGRA INDIA	422610	1677	422610	679
-0.700000000000003	1.6	LAHORE PBO PAKISTAN	416400	1750	416400	680
-0.300000000000001	0.200000000000003	SULINA ROMANIA	153600	1975	153600	681
-4.5	4.5	Karasjok NORWAY	10650	2263	10650	682
-2.3	2.3	MALYE KARMAKULY RUSSIA	207440	2330	207440	683
-4.2	5	TOMS RIVER USA	756351	1851	756351	684
-2.3	3.3	NAPA STATE HOSPITAL USA	724834	1861	724834	685
-4.40000000000001	0.600000000000001	PLAINFIELD USA	720358	1923	720358	686
-4.59999999999999	0.299999999999997	HIGHTSTOWN 2 W USA	720355	1923	720355	687
-3.09999999999999	1	SETAUKET STRONG USA	720385	1923	720385	688
-4.40000000000001	0.899999999999999	BOONTON 1 SE USA	720352	1923	720352	689
-3.5	1.1	STAMFORD 5 N USA	756053	1923	756053	690
-0.599999999999994	2.3	KALAMAZOO STATE HOSP USA	720239	1926	720239	691
-3.5	3.5	SAN JUAN ARGENTINA	873120	842	873120	692
-4.6	1.09999999999999	GJESVAR NORWAY	999054	2335	999054	693
-4.2	3.4	PORT ARTHUR CANADA	717491	1998	717491	694
-4.3	0.800000000000001	GOYA ARGENTINA	872720	912	872720	695
-2.7	1.5	SANDUSKY, OHIO USA	725247	1925	725247	696
-2.1	0.5	SVIRICA RUSSIA	229150	2190	229150	697
-4.3	3.4	THUNDER BAY CANADA	717490	1998	717490	698
-2.6	1.9	ROSS-ON-WYE UK	37898	2053	37898	699
-0.0999999999999943	2.4	Gabo Island AUSTRALIA	949330	727	949330	700
-3.59999999999999	0.899999999999999	Wilsons Promontory AUSTRALIA	948930	727	948930	701
-1.59999999999999	0.600000000000001	Yamba AUSTRALIA	945890	870	945890	702
-4.40000000000001	4.4	OAKLAND 1 SE USA	720214	1852	720214	703
-4.7	4.9	UNIONTOWN 1 NE USA	720457	1852	720457	704
-3.2	0.100000000000001	HIGHLANDS USA	756399	1853	756399	705
-0.5	4.5	MANNINGTON 8 WNW USA	756592	1853	756592	706
-0.200000000000003	4	BUCKHANNON USA	756589	1853	756589	707
-0.599999999999994	0.299999999999997	WELLSBURG WTR TRMT P USA	720571	1925	720571	708
-4	4.3	ST PETER USA	720265	1927	720265	709
-2.8	0.899999999999999	WINNEMUCCA AP USA	725830	1932	725830	710
-3.40000000000001	3.2	ROSEBURG KQEN USA	725979	1933	725979	711
-0.799999999999997	3.8	ROSEAU USA	720264	2000	720264	712
-2.2	4	PEMBINA USA	756424	2000	756424	713
-0.900000000000006	1.4	MILES CITY AP USA	742000	2002	742000	714
-4.40000000000001	4.9	GRAVENHURST CANADA	716303	1924	716303	715
-4.8	3.7	BRAMPTON CANADA	716244	1924	716244	716
-3	4.8	KARACHI/MANORA PAKISTAN	417820	1607	417820	717
-1.3	4.8	TLEMCEN ALGERIA	605300	1765	605300	718
-2	3.90000000000001	KOLA RUSSIA	221120	2262	221120	719
-4.5	1.9	ZIELONA GORA POLAND	124000	2049	124000	720
-0.900000000000006	4.6	OWEN SOUND CANADA	716334	1925	716334	721
-4.6	0.600000000000001	MEININGEN GERMANY	105480	2050	105480	722
-1.59999999999999	1	CHATHAM I WAITANGI NEW ZEALAND	939870	720	939870	723
-4.09999999999999	4.4	MEXICO CITY MEXICO	766790	1568	766790	724
-3.2	4	PUEBLA, PUE. MEXICO	766850	1568	766850	725
-2.09999999999999	0.100000000000001	SITTWE MYANMAR	480620	1602	480620	726
-1.7	2.6	CALCUTTA INDIA--------	428070	1603	428070	727
-1.8	3	BIKANER INDIA--------	421650	1678	421650	728
-1.59999999999999	0.399999999999999	HYDERABAD PAKISTAN	417640	1679	417640	729
-4.2	4	BUSHEHR IRAN	408580	1682	408580	730
-2.1	3.8	LAGHOUAT ALGERIA	605450	1764	605450	731
-4.8	1.5	MOGADOR MOROCCO	602200	1766	602200	732
-3.8	0.600000000000001	BATNA ALGERIA	604680	1835	604680	733
-3.5	1.5	SKIKDA ALGERIA	603550	1835	603550	734
-4.6	1.2	SETIF ALGERIA	604450	1835	604450	735
-2.90000000000001	5	COLUMBUS, OHIO USA	724280	1853	724280	736
-1.2	3	LONDON CANADA	716220	1925	716220	737
-3.7	1.5	DES MOINES, IOWA USA	725460	1927	725460	738
-2.3	0.100000000000001	RED BLUFF USA	725910	1933	725910	739
-4	4.5	LUXEMBOURG/TOWN LUXEMBOURG	65900	1979	65900	740
-4.40000000000001	0.100000000000001	BEATRICE CANADA	716940	1996	716940	741
-0.300000000000001	3.4	Vestmannaeyar ICELAND	40480	2201	40480	742
-1.90000000000001	5	Walgett AUSTRALIA	947150	799	947150	743
-4.90000000000001	3.5	HABAROVSK RUSSIA	317350	1953	317350	744
-3.9	1	VYTEGRA RUSSIA	228370	2189	228370	745
-3.7	4.8	BOERNE USA	720513	1712	720513	746
-3.2	3.1	MILLEDGEVILLE USA	720071	1781	720071	747
-4.09999999999999	1.5	ALBANY 3 SE USA	720064	1781	720064	748
-4.5	2.7	TALBOTTON USA	750070	1781	750070	749
-3.8	3.6	COVINGTON USA	756080	1781	756080	750
-1.5	1.2	BRUNSWICK USA	756079	1781	756079	751
-1.40000000000001	1.8	EL PASO AP USA	722700	1786	722700	752
-4.7	4.1	PARSONS 1 NE USA	720568	1852	720568	753
-1.40000000000001	2	BOWLING GREEN RGNL A USA	720184	1854	720184	754
-3.90000000000001	4.2	LEXINGTON 3E USA	720296	1855	720296	755
-4.40000000000001	1.9	NEOSHO USA	720299	1855	720299	756
-0.400000000000006	2.8	FARMINGTON USA	752070	1855	752070	757
-2.2	0.100000000000001	STONY MOUNTAIN CANADA	718563	2072	718563	758
-4.1	4.9	BAMBERG_(STERNWARTE) GERMANY	106751	1978	106751	759
-4.4	1.5	FOGGIA ITALY	162600	1905	162600	760
-4.09999999999999	0.5	CUTTACK INDIA	429700	1603	429700	761
-3.4	4.8	Ferrara ITALY	161330	1906	161330	762
-2.9	1.5	Chateau d'Oex SWITZERLAND	68500	1979	68500	763
-2.40000000000001	2.9	OMEO AUSTRALIA	949110	727	949110	764
-0.699999999999989	3.7	COONABARABRAN (NAMOI AUSTRALIA	947280	799	947280	765
-1.8	1.2	LUANDA ANGOLA	661600	1186	661600	766
-0.4	2.9	LAS PALMAS CANARY IS.	600300	1696	600300	767
-2.59999999999999	4.4	HIROSHIMA JAPAN	477650	1738	477650	768
-0.200000000000003	5	CHATTANOOGA USA	723240	1782	723240	769
-0.700000000000003	0.200000000000003	CHARLOTTE USA	723140	1853	723140	770
-4.7	4.8	SPRINGFIELD/ILI USA	724390	1854	724390	771
-1.09999999999999	3.8	YARMOUTH CANADA	716030	1922	716030	772
-3.8	3.7	Nancy-Essey-Tomblain FRANCE	71800	1979	71800	773
-2.2	0.399999999999999	Falsterbo SWEDEN	26160	2122	26160	774
-0.0999999999999943	0.5	Moree AUSTRALIA	955270	871	955270	775
-1.09999999999999	1.2	Alice Springs AUSTRALIA	943260	946	943260	776
-3.3	4.6	TOCCOA USA	756087	1781	756087	777
-2.2	0.5	PENSACOLA RGNL AP USA	722220	1782	722220	778
-3.90000000000001	3.3	MT VERNON 3 NE USA	720103	1854	720103	779
-3.3	4.4	ACADIA NP USA	756184	1922	756184	780
-0.700000000000003	1.2	ALEDO USA	720082	1927	720082	781
-4.3	2.5	SAVAGE USA	727670	2001	727670	782
-2.8	4	BLAINE USA	720551	2005	720551	783
-2.8	3.6	OLGA 2 SE USA	727901	2005	727901	784
-2.3	4	CLEARBROOK USA	756579	2005	756579	785
-0.200000000000003	2.1	SARONA ISRAEL	401807	1758	401807	786
-2.4	5	SUEZ EGYPT	624557	1686	624557	787
-2.7	0.600000000000001	ISMAILIA EGYPT	624410	1758	624410	788
-2.3	2.3	Schmittenhohe AUSTRIA	113400	1978	113400	789
-3.2	3.1	YORK AUSTRALIA	946230	805	946230	790
-1.90000000000001	0.9	SANDAKAN MALAYSIA	964910	1381	964910	791
-1.40000000000001	3.2	MAZATLAN, SIN. MEXICO	764580	1642	764580	792
-0.6	0.5	TANGER MOROCCO	601010	1838	601010	793
-4.40000000000001	3.3	NEMURO JAPAN	474200	1879	474200	794
-1.6	3.9	Sarajewo BOSNIA/HERZE.	146540	1905	146540	795
-2.2	3.4	Mostar BOSNIA/HERZE.	146480	1905	146480	796
-1.3	4.5	Tuzla BOSNIA/HERZE.	145570	1905	145570	797
-1.6	2.8	PAMPLONA SPAIN	80850	1909	80850	798
-4.9	3.4	CHERNIVTSI UKRAINE	336580	1975	336580	799
-3.7	0.799999999999997	TIMISOARA ROMANIA	152470	1976	152470	800
-4.1	1.9	Bad Gleichenberg AUSTRIA	112450	1977	112450	801
-4.8	3.6	HAVRE/CITY-COUNTY AR USA	727770	2002	727770	802
-3.5	3.6	EDMONTON CANADA	711230	2075	711230	803
-2.1	3.7	Landsort SWEDEN	25820	2121	25820	804
-0.800000000000001	3.4	Gotska Sandoen SWEDEN	25890	2121	25890	805
-0.5	4.4	Svenska Hoegarna SWEDEN	24960	2121	24960	806
-1.9	1.9	Hoburg SWEDEN	26800	2121	26800	807
-3.4	2.6	Vinga SWEDEN	25160	2122	25160	808
-2.4	3.4	ZAMETCINO RUSSIA	278570	2044	278570	809
-4.9	1.4	VELIKIE LUKI RUSSIA	264770	2118	264770	810
-1.2	3.7	INDIO FIRE STN USA	722975	1788	722975	811
-1.59999999999999	1.2	BLOCK ISLAND STATE A USA	725050	1923	725050	812
-4.7	1.4	PORT JERVIS USA	720384	1923	720384	813
-4.59999999999999	1.9	HILLSDALE USA	720237	1925	720237	814
-5	1.8	MORRISON USA	720102	1926	720102	815
-2.8	1.2	HOULTON 5N USA	756186	1994	756186	816
-0.0999999999999943	1.7	CHUBUT ARGENTINA	878257	698	878257	817
-4.7	4.1	GAMBOA PANAMA	788067	1420	788067	818
-3	2.7	NAOS CANARY IS.	600007	1696	600007	819
-4.3	0.700000000000003	SNIEZKA POLAND	125100	2049	125100	820
-4.8	2.7	GORZOW_WLKP POLAND	123000	2049	123000	821
-4.5	0.899999999999999	SKLARSKA_POREBA POLAND	125001	2049	125001	822
-0.699999999999999	3.9	SWINOUJSCIE POLAND	122000	2050	122000	823
-3.9	4.5	NUERNBERG-BUCHENBUEH GERMANY	107632	1978	107632	824
-4	4	WEIßENBURG GERMANY	107610	1978	107610	825
-0.0999999999999996	4.8	WUERZBURG_(PHYSIKALI GERMANY	106551	1979	106551	826
-2.2	4.4	KAISERSLAUTERN GERMANY	106141	1979	106141	827
-4.3	3.9	LUEBECK-WERFT GERMANY	101561	2050	101561	828
-1.7	4.9	WESTERLAND GERMANY	100180	2051	100180	829
-2.2	4.7	NOVOROSSISK RUSSIA	999058	1901	999058	830
-3.3	4.3	ALIWAL NORTH SOUTH AFRICA	685460	823	685460	831
-4.9	2.8	ADEN/KHORMAKSAR YEMEN	405970	1467	405970	832
-3.8	4.4	LINDSAY CANADA	716307	1924	716307	833
-0.299999999999997	3.3	CAMBRIDGE GALT MOE CANADA	715271	1925	715271	834
-4.2	1.8	JAIPUR/SANGANER INDIA	423480	1677	423480	835
-0.2	4.1	Orange FRANCE	75790	1908	75790	836
-4.8	0.299999999999997	MINNEDOSA CANADA	718533	2072	718533	837
-1.4	4.5	MANNHEIM GERMANY	107290	1979	107290	838
-3.1	3.3	MARNITZ GERMANY	102640	2050	102640	839
-2.1	4.2	HELGOLAND GERMANY	100150	2051	100150	840
-0.199999999999989	3.8	ECHUCA AERODROME AUSTRALIA	948610	728	948610	841
-0.0999999999999943	0.5	HAY (MILLER STREET) AUSTRALIA	946980	800	946980	842
-0.0999999999999943	1	DHUBRI INDIA--------	424040	1675	424040	843
-3.90000000000001	3.2	ALMATY KAZAKHSTAN	368700	1893	368700	844
-3.90000000000001	0.399999999999999	FERGANA UZBEKISTAN	386180	1894	386180	845
-0.900000000000006	0.200000000000003	KHUDJAND TAJIKISTAN	385990	1895	385990	846
-0.900000000000006	1.3	TASHKENT UZBEKISTAN	384570	1895	384570	847
-3.2	4.4	HURON, SOUTH DAKOTA USA	726540	1928	726540	848
-2.9	0.799999999999997	KAZALINSK KAZAKHSTAN	358490	1968	358490	849
-1	3.3	BAGOTVILLE CANADA	717270	1995	717270	850
-3.1	2.4	POZNAN/LAWICA POLAND	123300	2049	123300	851
-5	3.6	HAMBURG-FUHLSBUETTEL GERMANY	101470	2050	101470	852
-0.4	4.5	SCHLESWIG GERMANY	100350	2051	100350	853
-4	1.5	LIEPAJA LATVIA	264060	2120	264060	854
-1.59999999999999	3.4	Wilcannia AUSTRALIA	946950	800	946950	855
-2.9	2.8	BUJNAKSK RUSSIA	374710	1899	374710	856
-1	5	KRASNODAR KRUGLIK RUSSIA	349270	1901	349270	857
-0.200000000000003	2.2	ROSTOV-NA-DONU RUSSIA	347300	1973	347300	858
-2.5	0.299999999999997	BLAGOVESCENSK RUSSIA	315100	2027	315100	859
-0.399999999999999	0.200000000000003	ZLATOUST RUSSIA	286300	2113	286300	860
-4.9	1.7	SORTAVALA RUSSIA	228020	2190	228020	861
-4.2	1.1	FAYETTEVILLE EXP STN USA	720018	1855	720018	862
-4.5	1.8	DIXON 1 NW USA	720087	1926	720087	863
-0.599999999999994	0.899999999999999	MONMOUTH USA	720101	1927	720101	864
-2.2	1.9	CASSELTON AGRONOMY F USA	727530	2000	727530	865
-2.5	2.6	SPOKANE INTL AP USA	727850	2004	727850	866
-2.2	3.5	SEDRO WOOLLEY USA	720559	2005	720559	867
-3.7	4.4	ANTICOSTI CANADA	718117	1993	718117	868
-2.3	4.2	LEH KASHMIR INDIA	435440	1749	435440	869
-0.200000000000003	3.5	GUELPH OAC CANADA	718330	1925	718330	870
-3.5	3.5	FATHER POINT CANADA	715540	1994	715540	871
-4.9	5	FEODOSIIA UKRAINE	339760	1901	339760	872
-1.3	0.600000000000001	Osijek CROATIA	131570	1977	131570	873
-0.3	3.6	MECHERIA ALGERIA	605490	1765	605490	874
-1.2	3.7	LANKARAN AZERBAIJAN	379850	1827	379850	875
-3.4	1.3	CONSTANTINE ALGERIA	604190	1835	604190	876
-4.40000000000001	0.299999999999997	FORT SMITH USA	723440	1855	723440	877
-1.90000000000001	3.3	TURKESTAN KAZAKHSTAN	381980	1895	381980	878
-3.9	0.700000000000003	GYANCA AZERBAIJAN	377350	1899	377350	879
-3.4	3.4	LA CORUNA SPAIN	80010	1910	80010	880
-2.90000000000001	0.100000000000001	BANCROFT CANADA	712940	1996	712940	881
-1.5	3.4	SHEFFIELD UK	33400	2053	33400	882
-1.30000000000001	0.600000000000001	KENAI USA---------	702590	2227	702590	883
-3.1	0.700000000000003	Akureyri ICELAND	40630	2272	40630	884
-4.09999999999999	2.6	Darwin AUSTRALIA	941200	1090	941200	885
-2.9	3	MAHACKALA RUSSIA	374720	1899	374720	886
-4.59999999999999	0.399999999999999	OLEKMINSK RUSSIA	249440	2172	249440	887
-3.40000000000001	1.5	SALEHARD RUSSIA	233300	2255	233300	888
-1.5	4.8	FRANKLIN 3 NW USA	720198	1711	720198	889
-2.7	4.7	LULING USA	720522	1712	720522	890
-4.90000000000001	4.7	CHERAW USA	720468	1780	720468	891
-4.8	3.7	KINGSTREE USA	753083	1780	753083	892
-4	4.6	LUMBERTON USA	753030	1780	753030	893
-4.8	3.5	NEWNAN 5N USA	720073	1781	720073	894
-3.2	2.2	EASTMAN 1 W USA	720068	1781	720068	895
-3.59999999999999	0.800000000000001	QUITMAN 2 NW USA	720074	1781	720074	896
-2	2.9	MILLEN 4 N USA	720072	1781	720072	897
-2.3	1.3	WAYCROSS 4 NE USA	720077	1781	720077	898
-4.59999999999999	0.800000000000001	BAINBRIDGE INTL PAPE USA	756077	1781	756077	899
-0.799999999999997	2.7	YEMASSEE USA	753151	1781	753151	900
-5	4.8	HERNANDO USA	720278	1782	720278	901
-0.200000000000003	2.9	WEST POINT USA	720078	1782	720078	902
-5	4.3	BATESVILLE 2 SW USA	720273	1782	720273	903
-3.7	1.7	WAYNESBORO 2 W USA	720286	1782	720286	904
-3.5	3.8	ABERDEEN USA	756262	1782	756262	905
-4.40000000000001	2.4	FOREST USA	752052	1782	752052	906
-1.09999999999999	4.7	SCOTTSBORO USA	750040	1782	750040	907
-2.2	1	BUNKIE USA	720194	1783	720194	908
-3.40000000000001	3.8	PRESCOTT 2 NNW USA	720025	1783	720025	909
-2.59999999999999	3.5	ASHLAND USA	756163	1853	756163	910
-0.5	0.700000000000003	SALISBURY USA	753061	1853	753061	911
-3.5	3.1	MCLEANSBORO USA	720098	1854	720098	912
-2.59999999999999	4	PALESTINE USA	720105	1854	720105	913
-1.3	3.1	LODI USA	756032	1861	756032	914
-0.5	3.8	LOWVILLE USA	720379	1924	720379	915
-2.90000000000001	0.799999999999997	STATE COLLEGE USA	720455	1924	720455	916
-0.799999999999997	1.2	WARREN 3 S USA	720428	1925	720428	917
-3.3	0.799999999999997	UPPER SANDUSKY USA	756441	1925	756441	918
-2.8	2.6	MT CLEMENS ANG BASE USA	756231	1925	756231	919
-3.59999999999999	1.4	INDIANOLA 2W USA	751090	1927	751090	920
-2.8	3.7	ALEXANDRIA USA	720481	1928	720481	921
-1.90000000000001	0.600000000000001	CRETE USA	720318	1928	720318	922
-1.2	0.100000000000001	PAWNEE CITY USA	720338	1928	720338	923
-1.09999999999999	0.899999999999999	WEEPING WATER USA	756340	1928	756340	924
-0.700000000000003	1.1	FT YATES 4 SW USA	756415	2001	756415	925
-2.4	3.2	HEBRON CANADA	719001	2137	719001	926
-1.4	0.700000000000003	SASSARI ITALY	999053	1907	999053	927
-4.7	3.4	TATOOSH ISLAND USA	727980	2005	727980	928
-3.90000000000001	0.5	QU'APPELLE      SASK CANADA	999017	2073	999017	929
-4.2	0.299999999999997	SIDNEY USA	725311	1925	725311	930
-0.799999999999997	4.2	DURHAM CANADA	716313	1925	716313	931
-0.0999999999999943	1.5	CAPE-SCHANCK-LIGHTHO AUSTRALIA---	958620	728	958620	932
-1.2	0.200000000000003	MONTEVIDEO/PRADO URUGUAY	865850	840	865850	933
-4	4.6	PORT AREA (MCO), MAN PHILIPPINES	984250	1452	984250	934
-2.90000000000001	1.3	HONOLULU WSFO A HAWAII	911820	1652	911820	935
-4.40000000000001	1.6	KAGOSHIMA JAPAN	478270	1738	478270	936
-2	0.100000000000001	TURKMEN-BASHI TURKMENISTAN	385070	1898	385070	937
-0.799999999999997	1.2	HENICHESK UKRAINE	339100	1974	339100	938
-4.8	3.6	Stift Zwettl AUSTRIA	110200	1977	110200	939
-4.9	2.3	Dijon-Longvic airpor FRANCE	72800	1979	72800	940
-0.700000000000003	5	MEDICINE HAT CANADA	710260	2003	710260	941
-1.7	1.6	NAIN CANADA	719020	2137	719020	942
-1.09999999999999	3.8	FORT CHIPEWYAN CANADA	719330	2147	719330	943
-2.3	4.8	TOT`MA RUSSIA	270510	2116	270510	944
-1.2	4.9	BRINKLEY USA	720014	1783	720014	945
-0.5	0.699999999999999	AMITE USA	720192	1783	720192	946
-2	4.2	PINE BLUFF USA	720023	1783	720023	947
-1.3	3.8	ROHWER 2 NNE USA	756029	1783	756029	948
-4.59999999999999	4.8	NEEDLES AP USA	756034	1787	756034	949
-3	4.1	WAVERLY USA	720431	1853	720431	950
-3	1.4	ROGERSVILLE 1 NE USA	754130	1853	754130	951
-4.7	0.5	COVINGTON 3 SW USA	720498	1854	720498	952
-0.5	4.6	RUSHVILLE USA	720131	1854	720131	953
-1.40000000000001	0.899999999999999	MURFREESBORO 5 N USA	720505	1854	720505	954
-1.2	4.3	BOWLING GREEN 1 E USA	720288	1855	720288	955
-2.40000000000001	0.100000000000001	CONWAY USA	756020	1855	756020	956
-4.90000000000001	4	WAKEENEY USA	720183	1856	720183	957
-1.8	2.7	LIVERMORE USA	724838	1861	724838	958
-3.5	4.3	EAST TAWAS USA	720235	1925	720235	959
-4	1.4	LONG BEACH EXP STN USA	727815	2005	727815	960
-0.0999999999999996	1.8	FORT WILLIAM UK	30881	2126	30881	961
-0.0999999999999996	1.8	BEN NEVIS UK	30882	2126	30882	962
-0.100000000000001	1.9	MINDELO CAPE VERDE I	85830	1554	85830	963
-2.1	0.5	HAUGASTOL (R) NORWAY	13591	2195	13591	964
-1.3	0.799999999999997	RUSSELL CANADA	718612	2073	718612	965
-0.600000000000001	2.3	BATTLE HARBOUR CANADA	718170	2064	718170	966
-4.59999999999999	4.5	ATLANTIC CITY USA	724070	1851	724070	967
-2	5	GEISENHEIM GERMANY	106280	1979	106280	968
-4.7	0.399999999999999	REGINA CANADA	718630	2073	718630	969
-0.700000000000003	3.2	PRINCE ALBERT CANADA	718690	2074	718690	970
-2.1	2.8	Boraas SWEDEN	26960	2122	26960	971
-1.5	1.3	SURGUT RUSSIA	238490	2182	238490	972
-1.3	0.700000000000003	VYBORG RUSSIA	228920	2191	228920	973
-2.8	3.2	TARPON SPGS SEWAGE P USA	756074	1709	756074	974
-1.3	3.4	BLACKVILLE 3 W USA	720465	1781	720465	975
-2.2	4.2	GREENWOOD USA	720472	1781	720472	976
-3.09999999999999	4.7	WALHALLA USA	720476	1781	720476	977
-2.2	4.9	GRNVL SPART INTL AP USA	723120	1781	723120	978
-2.7	4.5	ANDERSON USA	720464	1781	720464	979
-2.7	3.7	WASHINGTON 2 ESE USA	756088	1781	756088	980
-2.59999999999999	3.4	WARRENTON USA	750090	1781	750090	981
-2.8	4.7	CLEMSON UNIV USA	753042	1781	753042	982
-2	0.199999999999999	LAFAYETTE FCWOS USA	720202	1783	720202	983
-1.09999999999999	3.4	GREENVILLE USA	720277	1783	720277	984
-1	0.100000000000001	DONALDSONVILLE 4 SW USA	720197	1783	720197	985
-1.2	1.9	ST JOSEPH 3 N USA	751111	1783	751111	986
-0.5	3.5	MOORHEAD USA	756273	1783	756273	987
-1.90000000000001	4.7	MC CONNELLSVILLE LK USA	724271	1853	724271	988
-2.59999999999999	3.4	PRINCETON 1 W USA	720127	1854	720127	989
-2.8	0.299999999999997	WAYNESBORO USA	720508	1854	720508	990
-1.09999999999999	3.6	SALEM USA	720132	1854	720132	991
-0.900000000000006	4.2	COLUMBUS USA	720118	1854	720118	992
-4	1.4	UNION CITY USA	756530	1854	756530	993
-3.59999999999999	0.299999999999997	SUBIACO USA	720026	1855	720026	994
-2	3.5	GUNNISON 3SW USA	750051	1858	750051	995
-1.2	2.2	WALPOLE 2 USA	744900	1923	744900	996
-0.200000000000003	2.1	PROVINCETOWN USA	725091	1923	725091	997
-1	3.2	DURHAM USA	720348	1923	720348	998
-1.40000000000001	1.7	PROVIDENCE WSO AP USA	725070	1923	725070	999
-2	1.4	GROTON USA	720046	1923	720046	1000
-3.2	4.5	BURLINGTON WSO AP USA	726170	1923	726170	1001
-2.8	4.9	ENOSBURG FALLS USA	720535	1923	720535	1002
-2.2	1.8	STORRS USA	720048	1923	720048	1003
-1.5	1.5	KINGSTON USA	753011	1923	753011	1004
-1.90000000000001	2.8	VERMILLION 2 SE USA	720494	1928	720494	1005
-1.2	0.399999999999999	TECUMSEH 1S USA	756337	1928	756337	1006
-4	0.5	MINDEN USA	756329	1928	756329	1007
-1.8	2.2	KLAMATH FALLS 2 SSW USA	720444	1933	720444	1008
-4.09999999999999	1.2	KENNEWICK USA	756582	2004	756582	1009
-0.5	2	ELLENSBURG USA	754040	2005	754040	1010
-0.5	0.6	MASSAWA ERITREA	630230	1541	630230	1011
-1.5	3.5	OSWEGO USA	726200	1924	726200	1012
-1.6	4.7	PINEGA RUSSIA	225630	2188	225630	1013
-4	5	DURBAN/LOUIS BOTHA SOUTH AFRICA	685880	822	685880	1014
-4.4	1	PORT ELIZABETH SOUTH AFRICA	688420	823	688420	1015
-4.3	4.6	CURITIBA BRAZIL	838420	910	838420	1016
-0.300000000000001	4	DOUALA OBS CAMEROON	649100	1331	649100	1017
-1.3	3.5	TENERIFE/LOS CANARY IS.	600150	1696	600150	1018
-3.9	4	GYZYLARBAT TURKMENISTAN	387630	1825	387630	1019
-4.7	4.1	CINCINNATI, OHIO USA	724210	1853	724210	1020
-0.899999999999999	0.100000000000001	YEREVAN ARMENIA	377890	1900	377890	1021
-2.8	1.4	BARCELONA SPAIN	81800	1908	81800	1022
-3.9	2.1	ATYRAU KAZAKHSTAN	357000	1970	357000	1023
-1.2	4.7	BELFAST/ALDERGROVE UK	39170	2054	39170	1024
-2.7	0.299999999999997	SWIFT CURRENT CANADA	718700	2074	718700	1025
-4	1.1	CALGARY CANADA	718770	2075	718770	1026
-4	3.7	MINUSINSK RUSSIA	298660	2034	298660	1027
-3.9	5	ELATMA RUSSIA	276480	2044	276480	1028
-4.19999999999999	1.3	KLJUCHI RUSSIA	323890	2092	323890	1029
-3.5	4.5	SAN ANTONIO INTL AP USA	722530	1712	722530	1030
-0.599999999999994	4.6	VALLEY HEAD USA	756010	1782	756010	1031
-0.599999999999994	4.2	CLARKSDALE USA	720276	1783	720276	1032
-1.40000000000001	0.199999999999999	BRENHAM USA	754100	1784	754100	1033
-2.40000000000001	1.1	DICKSON USA	720499	1854	720499	1034
-3.59999999999999	4.4	WINDSOR USA	720115	1854	720115	1035
-1.8	5	CRAWFORDSVILLE 6 SE USA	756113	1854	756113	1036
-4.3	2.5	LAMAR USA	720293	1855	720293	1037
-1.3	0.600000000000001	NEWPORT USA	756026	1855	756026	1038
-4.3	3.9	HAYS 1 S USA	720168	1856	720168	1039
-1.2	2.1	SEDAN USA	720182	1856	720182	1040
-2.90000000000001	3.5	MONTROSE #2 USA	720043	1858	720043	1041
-4.2	4.9	CORINNA USA	720207	1922	720207	1042
-1.40000000000001	2.1	WEST MEDWAY USA	744902	1923	744902	1043
-1.3	2.5	BEDFORD USA	720219	1923	720219	1044
-2.5	4	CHELSEA USA	720533	1923	720533	1045
-2.59999999999999	3.4	CAVENDISH USA	756559	1923	756559	1046
-2.3	0.899999999999999	BRIDGEHAMPTON USA	756361	1923	756361	1047
-2.3	2.9	KEENE USA	752044	1923	752044	1048
-3.90000000000001	1.5	GLENHAM USA	756368	1923	756368	1049
-3.8	1	DOBBS FERRY ARDSLEY USA	756381	1923	756381	1050
-3.40000000000001	2.1	GREAT BARRINGTON 5 S USA	756211	1923	756211	1051
-3.8	1.3	YORKTOWN HEIGHTS 1 W USA	756390	1923	756390	1052
-3.40000000000001	2	FALLS VILLAGE USA	756051	1923	756051	1053
-5	1.6	ANGOLA USA	756107	1925	756107	1054
-0.700000000000003	0.600000000000001	MARION 2 N USA	720123	1926	720123	1055
-3.3	3.6	ALBERT LEA 3 SE USA	720247	1927	720247	1056
-4.90000000000001	4.8	OLIVIA 3E USA	756251	1927	756251	1057
-2.09999999999999	0.899999999999999	SEWARD USA	756335	1928	756335	1058
-0.0999999999999943	1.9	PARK RAPIDS 2 S USA	720259	2000	720259	1059
-0.900000000000006	0.600000000000001	MORRIS WC EXP STN USA	752051	2000	752051	1060
-3.1	1.9	ROMAN RUMANIA	151117	1975	151117	1061
-4.59999999999999	4.7	ST ALBANS CANADA	718532	2000	718532	1062
-3.3	5	PORTAGE LA PRAIRIE CANADA	718510	2000	718510	1063
-2.8	1.3	PORT SAID EGYPT	623320	1758	623320	1064
-1.5	4	LUCKNOW CANADA	716333	1925	716333	1065
-1.2	3.6	Kollerschlag AUSTRIA	110070	1978	110070	1066
-4.7	2.4	OBERSTDORF GERMANY	109480	1978	109480	1067
-3.40000000000001	3.4	APARRI PHILIPPINES	982320	1524	982320	1068
-3.59999999999999	1.9	MIYAZAKI JAPAN	478300	1738	478300	1069
-4.7	2.4	ABILENE, TEXAS USA	722660	1784	722660	1070
-4.90000000000001	4.7	AKITA JAPAN	475820	1808	475820	1071
-3	4.7	MIYAKO JAPAN	475850	1808	475850	1072
-0.900000000000006	2.9	NIIGATA JAPAN	476040	1809	476040	1073
-2.7	4.6	CONCORDIA, KANSAS USA	724580	1856	724580	1074
-4.19999999999999	0.799999999999997	AOMORI JAPAN	475750	1880	475750	1075
-4	1.4	NARYN KYRGYZSTAN	369740	1893	369740	1076
-1.90000000000001	2.5	RIDGETOWN CANADA	713070	1925	713070	1077
-3.09999999999999	4.5	GREEN BAY, WISCONSIN USA	726450	1926	726450	1078
-1.8	0.899999999999999	LINCOLN/MUNICIPAL AR USA	725510	1928	725510	1079
-0.599999999999994	2.9	VALENTINE/MIL USA---------	725670	1929	725670	1080
-2	2.1	Sonnblick AUSTRIA	111460	1978	111460	1081
-2.3	4.3	Kajaani FINLAND	28970	2191	28970	1082
-0.300000000000001	3.2	SKROVA FYR NORWAY	11600	2266	11600	1083
-1.7	2	DERBENT RUSSIA	374700	1899	374700	1084
-2.30000000000001	0.700000000000003	TYMOVSKOE RUSSIA	320710	2024	320710	1085
-0.5	5	LUKOJANOV RUSSIA	276650	2044	276650	1086
-3.8	3.5	STATE UNIV USA	720284	1782	720284	1087
-1.2	3.7	CROSBYTON USA	754160	1785	754160	1088
-1.8	4.9	YORK 3 SSW PUMP USA	720462	1852	720462	1089
-4.2	3	DU QUOIN 4 SE USA	720088	1854	720088	1090
-2.7	4.6	PARIS WTR WKS USA	720107	1854	720107	1091
-1.8	2.8	EL DORADO USA	720164	1856	720164	1092
-4.5	2.2	TRINIDAD USA	720045	1857	720045	1093
-1.09999999999999	3.1	SAGUACHE USA	756048	1858	756048	1094
-0.200000000000003	3.5	CANON CITY USA	756040	1858	756040	1095
-0.200000000000003	4.7	FARMINGTON USA	720205	1923	720205	1096
-0.200000000000003	4.1	LEWISTON USA	720206	1923	720206	1097
-0.700000000000003	2	PLYMOUTH-KINGSTON USA	756213	1923	756213	1098
-4.40000000000001	4.2	TUPPER LAKE SUNMOUNT USA	756385	1923	756385	1099
-3.7	1	FINDLAY WPCC USA	720416	1925	720416	1100
-4.7	0.100000000000001	GREENVILLE WTP USA	720417	1925	720417	1101
-4	0.899999999999999	MINONK USA	720099	1926	720099	1102
-3.59999999999999	0.899999999999999	PONTIAC USA	720108	1926	720108	1103
-2.09999999999999	4.9	WATERTOWN RGNL AP USA	720495	1928	720495	1104
-2.59999999999999	0.200000000000003	HEBRON USA	720328	1928	720328	1105
-2.59999999999999	0.5	GENEVA USA	720323	1928	720323	1106
-1.8	0.299999999999997	BEATRICE 1N USA	756312	1928	756312	1107
-2.7	2.5	HAY SPRINGS 12 S USA	756319	1929	756319	1108
-3	1.7	PRESQUE ISLE USA	727130	1994	727130	1109
-1.7	0.299999999999997	MILBANK 4 NW USA	720491	2000	720491	1110
-3.3	4.4	LAKEFIELD CANADA	716304	1924	716304	1111
-2.5	2.5	VASHON ISLAND USA	727939	2005	727939	1112
-1.40000000000001	0.5	RENFREW SAND POINT CANADA	716281	1996	716281	1113
-4.09999999999999	4	SHIMONOSEKI JAPAN	477620	1738	477620	1114
-3.09999999999999	4.6	ALBANY USA	726941	1933	726941	1115
-1.9	2.5	EDGBASTON UK	38993	2053	38993	1116
-4.09999999999999	2.4	WINNIBIGOSHISH DAM USA	727551	1999	727551	1117
-1.6	0.200000000000003	LEFKOSIA CYPRUS	176060	1830	176060	1118
-0.400000000000006	2.6	MACEDON-FORESTRY AUSTRALIA---	959958	728	959958	1119
-4.90000000000001	3.4	ONSLOW AUSTRALIA	943050	949	943050	1120
-1.6	1.5	SAO PAULO BRAZIL	837810	982	837810	1121
-3.1	1.8	GEORGETOWN BOTANIC G GUYANA	810010	1416	810010	1122
-4	4.5	NAIA (MIA), PASAY PHILIPPINES	984290	1452	984290	1123
-3.40000000000001	3.2	OITA JAPAN	478150	1738	478150	1124
-1.40000000000001	3.6	KOCHI JAPAN	478930	1738	478930	1125
-0.699999999999989	4.2	IZUHARA JAPAN	478000	1739	478000	1126
-4.7	4.2	FLORENCE USA---------	723091	1780	723091	1127
-0.199999999999989	0.700000000000003	TOKYO JAPAN	476620	1809	476620	1128
-4.8	1.8	TUNIS CARTHAGE TUNISIA	607150	1834	607150	1129
-3.8	0.899999999999999	RALEIGH USA	723060	1852	723060	1130
-4.59999999999999	3	LEXINGTON USA	724220	1853	724220	1131
-0.599999999999994	4.1	TOPEKA, KANSAS USA	724560	1856	724560	1132
-1	1.7	ZARAGOZA SPAIN	81600	1909	81600	1133
-0.0999999999999943	3.9	ORANGEVILLE CANADA	716314	1925	716314	1134
-0.200000000000003	1	FORT WAYNE USA	725330	1926	725330	1135
-0.5	2.9	GRAND RAPIDS USA	726350	1926	726350	1136
-2	0.399999999999999	IZMAIL UKRAINE	338890	1975	338890	1137
-3	1.4	ESSEN GERMANY	104100	2051	104100	1138
-1.90000000000001	2.6	Brisbane Airport AUSTRALIA	945780	870	945780	1139
-1.09999999999999	2.2	SOFIJSKIJ PRIISK RUSSIA	314780	2026	314780	1140
-2.9	4.8	SMOLENSK RUSSIA	267810	2046	267810	1141
-0.900000000000006	1.9	TARA RUSSIA	284930	2110	284930	1142
-1.9	3.9	ONEGA RUSSIA	226410	2189	226410	1143
-1.30000000000001	2.40000000000001	SREDNE KOLYMSK RUSSIA	252060	2238	252060	1144
-1.8	2.9	BARTOW USA	756062	1709	756062	1145
-2.5	2.8	CORPUS CHRISTI AP USA	722556	1712	722556	1146
-1	4	COLUMBIA UNIV OF SC USA	723100	1781	723100	1147
-1.59999999999999	4.3	NEWBERRY USA	720473	1781	720473	1148
-1.09999999999999	4.4	WINNSBORO USA	720477	1781	720477	1149
-3.5	0.399999999999999	PASCAGOULA 3 NE USA	756274	1782	756274	1150
-0.700000000000003	2	UNION SPRINGS 9 S USA	756009	1782	756009	1151
-4.8	4.8	INDIAN MILLS 2 W USA	752072	1851	752072	1152
-0.599999999999994	5	WEST CHESTER 2 NW USA	720461	1852	720461	1153
-0.5	4.8	WILMINGTON PORTER RE USA	720053	1852	720053	1154
-1	4	SEYMOUR 2 N USA	720134	1854	720134	1155
-2.90000000000001	2.9	MT VERNON USA	720124	1854	720124	1156
-3.09999999999999	3.7	OLNEY 2S USA	751200	1854	751200	1157
-4.7	3.1	SPARTA 1 W USA	751270	1854	751270	1158
-0.799999999999997	4.8	PERRY 6 NW USA	745602	1855	745602	1159
-4.7	1.8	FRESNO YOSEMITE AP USA	723890	1860	723890	1160
-2.09999999999999	4.5	AUSTIN #2 USA	724882	1860	724882	1161
-0.700000000000003	0.299999999999997	SAN LUIS OBISPO POLY USA	720034	1861	720034	1162
-1.7	4.3	BETHLEHEM 2 USA	720347	1923	720347	1163
-4.90000000000001	0.600000000000001	FLEMINGTON 5 NNW USA	720354	1923	720354	1164
-4	4.2	LAKE PLACID 2 S USA	720377	1923	720377	1165
-3.2	4	CORNWALL USA	720534	1923	720534	1166
-3	4.1	SOUTH LINCOLN USA	756562	1923	756562	1167
-0.0999999999999943	0.799999999999997	BELVIDERE BRG USA	756346	1924	756346	1168
-0.599999999999994	0.799999999999997	PALMERTON USA	753141	1924	753141	1169
-4.59999999999999	3.4	ALMA USA	720229	1925	720229	1170
-4.8	3.6	MT PLEASANT UNIV USA	720242	1925	720242	1171
-4.2	3	OWOSSO WWTP USA	756234	1925	756234	1172
-1.40000000000001	3.7	HART 3 WSW USA	720236	1926	720236	1173
-2.7	0.5	HOOPESTON 1 NE USA	720094	1926	720094	1174
-0.5	3.7	BIG RAPIDS WTR WKS USA	720232	1926	720232	1175
-5	2.1	MT CARROLL USA	751180	1926	751180	1176
-4.5	3.6	FAIRMONT USA	720251	1927	720251	1177
-4.5	4.5	HIGHMORE 1 W USA	720487	1928	720487	1178
-3.59999999999999	1.2	KIMBALL 2NE USA	756323	1929	756323	1179
-0.700000000000003	5	YELLOWSTONE PK MAMMO USA	726773	1931	726773	1180
-2.5	1	GOLCONDA USA	720345	1932	720345	1181
-3.5	0.200000000000003	LOVELOCK USA	724893	1932	724893	1182
-1.90000000000001	0.600000000000001	BATTLE MOUNTAIN 4SE USA	730210	1932	730210	1183
-4.2	0.799999999999997	EUREKA WFO WOODLEY I USA	725940	1933	725940	1184
-4.2	2.2	LEECH LAKE USA	720253	1999	720253	1185
-4.09999999999999	1.7	PINE RIVER DAM USA	720261	1999	720261	1186
-2.09999999999999	2.9	GRAND FORKS UNIV NWS USA	756418	2000	756418	1187
-4.3	4.7	SFAX TUNISIA	607500	1762	607500	1188
-4.7	4.7	COLDWATER CANADA	716302	1924	716302	1189
-3.69999999999999	3.4	ISHINOMAKI JAPAN	475920	1808	475920	1190
-4.3	1.3	VISALIA USA	723896	1860	723896	1191
-0.599999999999994	1.3	PUNTA ARENAS(FAGNANO CHILE	859342	555	859342	1192
-0.899999999999999	2.2	JARENSK RUSSIA	227980	2187	227980	1193
-0.900000000000006	2	PUNTA ARENAS C. IBAN CHILE	859340	555	859340	1194
-0.800000000000011	4.2	HUGHENDEN POST OFFIC AUSTRALIA	943430	944	943430	1195
-1.3	2.6	DERBY AERO AUSTRALIA	942050	1020	942050	1196
-4.8	0.6	ACCRA GHANA	654720	1404	654720	1197
-0.600000000000001	3.3	BAGHDAD IRAQ	406500	1756	406500	1198
-1.2	2.4	GHARDAIA ALGERIA-----	605660	1764	605660	1199
-3.40000000000001	2.2	SPRINGFIELD USA	724400	1855	724400	1200
-2.40000000000001	2.7	WICHITA USA	724500	1856	724500	1201
-4.5	4.8	BEOGRAD BOSNIA/HERZE	132740	1904	132740	1202
-3.5	5	HALIBURTON CANADA	719973	1924	719973	1203
-3.09999999999999	4.1	RAPID CITY, SOUTH DA USA	726620	1929	726620	1204
-4.40000000000001	1.5	SAULT-STE-MARIE USA---------	727340	1997	727340	1205
-2	2.1	BREST BELARUS	330080	2048	330080	1206
-0.599999999999994	1.2	BANFF CANADA	711220	2076	711220	1207
-1.5	3.1	BARKERVILLE CANADA	718967	2077	718967	1208
-0.0999999999999943	2.1	Boulia AUSTRALIA	943330	945	943330	1209
-2	3.5	BISER RUSSIA	281380	2113	281380	1210
-3.5	0.399999999999999	CHERDYN RUSSIA	239140	2185	239140	1211
-4	2.7	TROICKO-PECHERSKOE RUSSIA	237110	2185	237110	1212
-0.700000000000003	4.6	HOUMA USA	720201	1711	720201	1213
-0.0999999999999943	4.9	NEW ORLEANS AUDUBON USA	720203	1711	720203	1214
-4.09999999999999	3.8	CONWAY USA	720469	1780	720469	1215
-0.5	5	MONROE 2 SE USA	756405	1781	756405	1216
-4.09999999999999	3.1	LOUISVILLE USA	720279	1782	720279	1217
-2.3	2.5	CALHOUN RSCH STN USA	720195	1783	720195	1218
-2.5	1.3	ALEXANDRIA USA	722497	1783	722497	1219
-2	0.399999999999999	GRAND COTEAU USA	720199	1783	720199	1220
-1.5	1.7	MEXIA USA	720524	1784	720524	1221
-3.2	1.1	LAMPASAS USA	720519	1784	720519	1222
-0.799999999999997	4.7	NEWARK UNIV FARM USA	756058	1852	756058	1223
-2	0.700000000000003	MARION 2 NW USA	720397	1853	720397	1224
-3.2	1	NEWPORT 1 NW USA	720506	1853	720506	1225
-0.200000000000003	3.2	SHELBYVILLE 1 E USA	720191	1854	720191	1226
-1.8	0.399999999999999	LEWISBURG EXP STN USA	720503	1854	720503	1227
-3.8	1.4	EUREKA SPRINGS 3 WNW USA	720017	1855	720017	1228
-3.8	4.8	SMITH CTR USA	720179	1856	720179	1229
-0.5	4.7	HORTON USA	720169	1856	720169	1230
-4.8	2.2	ASHLAND USA	756146	1856	756146	1231
-4.3	2.3	COLDWATER USA	756148	1856	756148	1232
-2.7	4.1	MINNEAPOLIS USA	751130	1856	751130	1233
-3.7	3	ROCKY FORD 2 SE USA	756047	1857	756047	1234
-4.8	4.4	MCGILL USA	720346	1859	720346	1235
-3.09999999999999	3.4	MINA USA	724802	1860	724802	1236
-4.8	4.5	RENO AP USA	724880	1860	724880	1237
-1.5	0.299999999999997	LEBANON 2 W USA	725110	1924	725110	1238
-0.900000000000006	0.399999999999999	READING 4 NNW USA	720454	1924	720454	1239
-3.2	0.100000000000001	URBANA USA	720112	1926	720112	1240
-4.7	0.200000000000003	CONCEPTION USA	720291	1927	720291	1241
-3.2	4.7	FARMINGTON 3 NW USA	720252	1927	720252	1242
-1.8	2.9	FAYETTE USA	751070	1927	751070	1243
-2.2	0.100000000000001	FAIRBURY 5S USA	744000	1928	744000	1244
-3.8	1.5	NORTH LOUP USA	720336	1928	720336	1245
-1.40000000000001	1	ASHLAND NO 2 USA	720314	1928	720314	1246
-3	2.1	OAKDALE USA	756331	1928	756331	1247
-2.09999999999999	1.2	DAVID CITY USA	752080	1928	752080	1248
-2.59999999999999	0.899999999999999	YORK USA	756341	1928	756341	1249
-3.40000000000001	0.600000000000001	HASTINGS 4N USA	756318	1928	756318	1250
-2.59999999999999	0.600000000000001	FAIRMONT USA	756315	1928	756315	1251
-3.3	4.1	RAPID CITY 4NW USA	756521	1929	756521	1252
-0.799999999999997	0.799999999999997	ELKO RGNL AP USA	720344	1932	720344	1253
-1.3	0.100000000000001	FIRST CONNECTICUT LA USA	756344	1995	756344	1254
-1.7	0.700000000000003	FAYETTE 4 SW USA	756225	1998	756225	1255
-2.90000000000001	1.5	NEW ENGLAND USA	756423	2001	756423	1256
-1.90000000000001	0.299999999999997	VIRGINIA CITY USA	730181	2003	730181	1257
-1.3	3.5	AYATA ALGERIA	605510	1764	605510	1258
-2.2	0.399999999999999	CLONTARF CANADA	716254	1996	716254	1259
-1.7	1.1	LEON (GTO) MEXICO	765750	1641	765750	1260
-3	0.5	LE ROY USA	725702	1929	725702	1261
-1.90000000000001	4.6	WYNDHAM AUSTRALIA	942140	1019	942140	1262
-0.699999999999999	1.8	COTTBUS GERMANY	104960	2050	104960	1263
-1.19999999999999	3.4	ROMA AIRPORT AUSTRALIA	945150	871	945150	1264
-2.5	1.2	TANANARIVE/IVATO MADAGASCAR	670830	1035	670830	1265
-3.5	3.8	YAOUNDE CAMEROON	649500	1330	649500	1266
-1.8	2.7	VISAKHAPATNAM INDIA	431490	1532	431490	1267
-3.8	2.3	MERIDIAN USA	722340	1782	722340	1268
-2.2	3.8	COLUMBIA USA	724450	1855	724450	1269
-4.7	4.3	KANSAS CITY USA	724460	1855	724460	1270
-3.69999999999999	3.1	SAPPORO JAPAN	474120	1880	474120	1271
-1.40000000000001	2.4	SIOUX CITY USA	725570	1928	725570	1272
-0.700000000000003	0.399999999999999	OTTAWA CANADA	710630	1996	710630	1273
-4.8	3	WAWA CANADA	717380	1997	717380	1274
-0.700000000000003	1.3	MOOSONEE CANADA	713090	2069	713090	1275
-3.7	0.600000000000001	INDIAN HEAD CANADA	715150	2073	715150	1276
-2.3	2	Kvikkjokk SWEDEN	21200	2265	21200	1277
-2.40000000000001	4.8	ANADYR RUSSIA	255630	2161	255630	1278
-2.9	0.400000000000006	UST-CILMA RUSSIA	234050	2258	234050	1279
-3.40000000000001	0.5	MADISON USA	720062	1781	720062	1280
-4	4.1	PONTOTOC EXP STN USA	720283	1782	720283	1281
-3.59999999999999	4.7	BOONEVILLE USA	720274	1782	720274	1282
-4.59999999999999	4.2	WATER VALLEY USA	720285	1782	720285	1283
-4.59999999999999	3.1	KOSCIUSKO USA	756270	1782	756270	1284
-2.09999999999999	1.1	BREWTON 3 SSE USA	756001	1782	756001	1285
-1.09999999999999	0.5	BATON ROUGE METRO AP USA	720193	1783	720193	1286
-1.3	1.6	NATCHEZ USA	720281	1783	720281	1287
-4.2	4.6	MENA USA	720021	1783	720021	1288
-2.09999999999999	3.6	GAINESVILLE 5 ENE USA	756544	1784	756544	1289
-3.90000000000001	1.7	BROWNWOOD 2ENE USA	756539	1784	756539	1290
-0.900000000000006	2.7	SNYDER USA	754570	1785	754570	1291
-3.5	1.4	PECOS USA	754470	1785	754470	1292
-1.7	4.2	PLAINVIEW USA	754490	1785	754490	1293
-3.3	0.5	SMITHFIELD USA	756409	1852	756409	1294
-3.40000000000001	2.3	FARMVILLE 2 N USA	754051	1852	754051	1295
-0.700000000000003	1.5	MT AIRY 2 W USA	720402	1853	720402	1296
-1.7	0.700000000000003	MORGANTON USA	720401	1853	720401	1297
-2.40000000000001	0.299999999999997	HENDERSONVILLE 1 NE USA	720393	1853	720393	1298
-3	0.5	WAYNESVILLE 1 E USA	753090	1853	753090	1299
-2.7	0.799999999999997	MARSHALL USA	756404	1853	756404	1300
-1.2	0.299999999999997	TULLAHOMA USA	754150	1854	754150	1301
-1	1.3	POCAHONTAS 1 USA	720024	1855	720024	1302
-3.09999999999999	4.4	BRUNSWICK USA	720289	1855	720289	1303
-0.900000000000006	3.5	SCOTT CITY USA	720181	1857	720181	1304
-2.3	3.8	CHEYENNE WELLS USA	720036	1857	720036	1305
-1.2	2.9	LAKIN USA	756152	1857	756152	1306
-2.59999999999999	3.1	LAMAR USA	750081	1857	750081	1307
-3.59999999999999	2.1	ST GEORGE USA	754102	1859	754102	1308
-2.09999999999999	3.8	RICHFIELD RADIO KSVC USA	754090	1859	754090	1309
-3.8	4.5	FALLON EXP STN USA	724886	1860	724886	1310
-2.3	2.9	BERKELEY USA	724932	1861	724932	1311
-1.90000000000001	0.799999999999997	SELINSGROVE 2 S USA	756491	1924	756491	1312
-3	0.799999999999997	BUCYRUS USA	720412	1925	720412	1313
-2.3	1.9	BELLE PLAINE USA	720141	1927	720141	1314
-0.599999999999994	0.100000000000001	RUSHVILLE USA	720109	1927	720109	1315
-0.799999999999997	4.9	MONTEVIDEO 1 SW USA	720255	1928	720255	1316
-0.200000000000003	2.6	STORM LAKE 2 E USA	720158	1928	720158	1317
-4.09999999999999	4.1	GANN VALLEY 4NW USA	753142	1928	753142	1318
-2.90000000000001	2.1	ALLIANCE 1WNW USA	720313	1929	720313	1319
-4.5	2.8	LUSK 2 SW USA	754021	1929	754021	1320
-4.90000000000001	0.299999999999997	FT DUCHESNE USA	725722	1930	725722	1321
-1.8	1.5	SARATOGA USA	756621	1930	756621	1322
-1	1.3	EVANSTON 1 E USA	720593	1931	720593	1323
-2.8	4.8	BAKER CITY AP USA	726895	1932	726895	1324
-2.7	2.2	ASHLAND USA	725971	1933	725971	1325
-3.2	4.6	CORVALLIS STATE UNIV USA	720442	1933	720442	1326
-3.3	2.4	GRANTS PASS USA	725974	1933	725974	1327
-4.8	1.5	NAPOLEON USA	720411	2000	720411	1328
-1.59999999999999	1.3	WAHPETON 3 N USA	753110	2000	753110	1329
-4.7	2.1	GLENDIVE USA	727681	2001	727681	1330
-0.200000000000003	1.7	MOFFIT 3 SE USA	756421	2001	756421	1331
-1.5	4	PORTHILL USA	727897	2004	727897	1332
-4.59999999999999	0.399999999999999	HEPPNER USA	726884	2004	726884	1333
-3.90000000000001	0.5	TILLAMOOK 1 W USA	756487	2005	756487	1334
-2.40000000000001	2.3	CHANNEL ISLAND CANADA	711413	2072	711413	1335
-4.1	3.1	BLUMENAU BRAZIL	838747	910	838747	1336
-4.4	3.8	DJERBA TUNISIA	607690	1762	607690	1337
-0.4	2.9	AIN SEFRA ALGERIA	605667	1765	605667	1338
-1.8	5	OAKBANK CANADA	718521	2000	718521	1339
-0.5	3.2	PARIS CANADA	716245	1925	716245	1340
-3	3.8	NIKOLSK USSURIYSKY RUSSIA	999038	1882	999038	1341
-4.30000000000001	5	KYOTO JAPAN	477590	1737	477590	1342
-3.1	2.40000000000001	SKOMVAER FYR NORWAY	11050	2266	11050	1343
-2.90000000000001	0.399999999999999	GRENFELL CANADA	711382	2073	711382	1344
-3.3	1.8	ROCHES POINT IRELAND	39520	2054	39520	1345
-1.3	3.4	PHOENIX PARK IRELAND	39680	2054	39680	1346
-2.9	3.1	BIRR IRELAND	39650	2054	39650	1347
-0.199999999999999	2.3	Seckau AUSTRIA	111660	1978	111660	1348
-1.80000000000001	1.2	APIA SAMOA	917620	1151	917620	1349
-4.09999999999999	1	HANOI VIETNAM	488200	1599	488200	1350
-4.5	4.7	OSAKA JAPAN	477720	1737	477720	1351
-4.59999999999999	3.6	FUKUOKA JAPAN	478070	1738	478070	1352
-2.8	4.1	TIANJIN CHINA	545270	1813	545270	1353
-3	2.6	BAJRAMALY TURKMENISTAN	388950	1824	388950	1354
-4.5	3.3	PUEBLO USA	724640	1857	724640	1355
-0.699999999999989	4	ABASHIRI JAPAN	474090	1880	474090	1356
-0.199999999999999	2.3	Seckau AUSTRIA	112991	1978	112991	1357
-2.59999999999999	0.200000000000003	BROME CANADA	713731	1995	713731	1358
-5	4.9	BRANDON CANADA	711400	2000	711400	1359
-2.90000000000001	2.1	OLYMPIA USA	727920	2005	727920	1360
-0.799999999999997	4.8	PETROPAVLOVSK KAZAKHSTAN	286790	2039	286790	1361
-0.5	0.700000000000003	KAMLOOPS CANADA	717410	2077	717410	1362
-2.3	0.399999999999999	MALIN HEAD IRELAND	39800	2126	39800	1363
-4.3	2.2	Jyvaeskylae FINLAND	29350	2191	29350	1364
-1.8	1.1	Lappeenranta FINLAND	29580	2191	29580	1365
-2.3	2.9	Kuopio FINLAND	29170	2191	29170	1366
-4.5	5	Oulu FINLAND	28750	2191	28750	1367
-2.7	0.5	Turku FINLAND	29720	2192	29720	1368
-1.2	1.5	Tampere FINLAND	29430	2192	29430	1369
-3.6	1.2	RENA (R) NORWAY	13781	2194	13781	1370
-4.4	4.8	NORDOYAN FYR NORWAY	12620	2194	12620	1371
-1	1.8	Glomfjord NORWAY	11130	2266	11130	1372
-4	2.7	EKATERINO-NIKOLSKOE RUSSIA	317070	1954	317070	1373
-1.5	2.1	CHITA RUSSIA	307580	2030	307580	1374
-2.7	1.1	BOGORODITSKOE FENIN RUSSIA	341100	2045	341100	1375
-4.3	3.8	VERHOTUR`E RUSSIA	281440	2112	281440	1376
-1.5	4.8	FEDERAL POINT USA	720056	1709	720056	1377
-2.3	3.3	SAINT LEO USA	720063	1709	720063	1378
-2.3	3.8	INVERNESS 3 SE USA	720059	1709	720059	1379
-2.09999999999999	4.1	OCALA USA	756071	1709	756071	1380
-0.799999999999997	3.6	TITUSVILLE USA	756075	1709	756075	1381
-1.5	0.699999999999999	FERNANDINA BEACH USA	720057	1781	720057	1382
-5	2.7	CANTON 4N USA	756265	1782	756265	1383
-1.7	2.1	WINNSBORO 5 SSE USA	751131	1783	751131	1384
-3.8	2.9	PLAIN DEALING 4 W USA	751091	1783	751091	1385
-4.7	3.2	HASKELL USA	756545	1784	756545	1386
-0.5	2.3	GREENSBURG USA	720186	1854	720186	1387
-2.7	2.7	LEBANON 2W USA	720294	1855	720294	1388
-4	3.2	APPLETON CITY USA	756281	1855	756281	1389
-2.8	2.8	PAROWAN PWR USA	756557	1859	756557	1390
-3.2	1.8	INDEPENDENCE USA	723895	1860	723895	1391
-4	1.4	WEST POINT USA	720387	1923	720387	1392
-4.40000000000001	1	CHARLOTTEBURG RSVR USA	720353	1923	720353	1393
-1	2.2	BINGHAMTON GREATER A USA	725150	1924	725150	1394
-3	4.9	OCONTO 4 W USA	720583	1926	720583	1395
-4.40000000000001	3.5	PORTAGE USA	720585	1926	720585	1396
-0.799999999999997	2.6	ALLEGAN 5NE USA	756217	1926	756217	1397
-4.8	0.100000000000001	BEAVER CITY USA	720316	1928	720316	1398
-4	0.100000000000001	FRANKLIN USA	720189	1928	720189	1399
-4.40000000000001	0.5	HOLDREGE USA	756321	1928	756321	1400
-1.2	1.8	TEKAMAH USA	756338	1928	756338	1401
-2.5	4	HOWARD USA	756515	1928	756515	1402
-1.7	0.5	IMPERIAL USA	720329	1929	720329	1403
-1.90000000000001	4.1	PAYETTE USA	730020	1932	730020	1404
-0.400000000000006	2.2	LAKEVIEW 2 NNW USA	756479	1933	756479	1405
-4.5	0.700000000000003	CHEBOYGAN USA	756223	1997	756223	1406
-0.299999999999997	0.100000000000001	MEDFORD USA	720581	1999	720581	1407
-3.40000000000001	0.399999999999999	ABERDEEN RGNL AP USA	726590	2000	726590	1408
-0.799999999999997	1.8	DETROIT LAKES 1 NNE USA	720249	2000	720249	1409
-0.400000000000006	3.8	BOTTINEAU USA	756413	2001	756413	1410
-0.299999999999997	3.6	WILLOW CITY USA	756427	2001	756427	1411
-2.2	2.8	CHOTEAU USA	730100	2003	730100	1412
-3.8	0.5	PILOT ROCK 1 SE USA	726880	2004	726880	1413
-3.40000000000001	3.1	PORT ANGELES USA	727894	2005	727894	1414
-0.0999999999999943	2.6	WATERVILLE USA	727856	2005	727856	1415
-3.2	0.200000000000003	MC MINNVILLE USA	726940	2005	726940	1416
-3.09999999999999	0.5	FOREST GROVE USA	753053	2005	753053	1417
-5	1	MALDEN ISLAND KIRIBATI	919020	1291	919020	1418
-5	2.1	BENGHAZI LIBYA	620537	1760	620537	1419
-3.3	0.799999999999997	WESTON USA	726894	2004	726894	1420
-1.90000000000001	0.700000000000003	CASCADE LOCKS USA	726982	2005	726982	1421
-1.8	2.1	PEARLS AP GRENADA	789560	1489	789560	1422
-2.30000000000001	4.7	HAMAMATSU JAPAN	476540	1737	476540	1423
-2.3	4.1	SAN BERNARDINO USA	723821	1788	723821	1424
-2.90000000000001	5	MEEKER USA	725708	1858	725708	1425
-2	2.2	LOS GATOS USA	724938	1861	724938	1426
-1.5	4.9	EAU CLAIRE USA	726462	1927	726462	1427
-2.8	1.1	SIMLA INDIA	420830	1749	420830	1428
-3.6	0.100000000000001	DUMFRIES UK	31540	2125	31540	1429
-1.3	1.8	Radenthein AUSTRIA	112110	1978	112110	1430
-4.1	3.1	Toulon FRANCE	76600	1907	76600	1431
-0.300000000000001	0.200000000000003	Crikvenica CROATIA	143200	1978	143200	1432
-1.4	1.8	Millstatt AUSTRIA	112150	1978	112150	1433
-2.69999999999999	3.3	LONGERENONG-AGRICULT AUSTRALIA---	959961	728	959961	1434
-3.5	3	BROKEN HILL (PATTON AUSTRALIA	946890	800	946890	1435
-3.5	2.7	NOUMEA NEW CALEDONIA	915920	939	915920	1436
-3.5	4.8	QUITO/ M. SUCRE ECUADOR	840710	1276	840710	1437
-2.4	4.8	ROCHAMBEAU A FRENCH GUIANA	814050	1343	814050	1438
-3.2	3.6	LUNGI SIERRA LEONE	618560	1407	618560	1439
-1.09999999999999	0.300000000000001	CEBU PHILIPPINES	986450	1452	986450	1440
-3	0.200000000000003	NAGOYA JAPAN	476360	1809	476360	1441
-3.90000000000001	4.6	SAMARKAND UZBEKISTAN	386960	1823	386960	1442
-1.7	0.100000000000001	FLAGSTAFF USA---------	723713	1859	723713	1443
-2	4.1	PJATIGORSK RUSSIA	370500	1900	370500	1444
-0.299999999999997	4.4	PIERRE USA	726560	1929	726560	1445
-1.40000000000001	3	PETROPAVLOVSK RUSSIA	325407	2021	325407	1446
-4.90000000000001	0.399999999999999	SEMEJ KAZAKHSTAN	361770	2036	361770	1447
-4	1.1	ASTANA KAZAKHSTAN	351880	2038	351880	1448
-2.9	3.9	MINSK BELARUS	268500	2047	268500	1449
-1	2.3	VASILEVICI BELARUS	330380	2047	330380	1450
-2	0.399999999999999	FICHTELBERG GERMANY	105780	2050	105780	1451
-3.3	2.8	NORTHBATTLEFORD CANADA	718760	2074	718760	1452
-4.5	1.1	LILLEHAMMER-SAETHER NORWAY	13780	2194	13780	1453
-2.80000000000001	0.899999999999999	ALEKSAND-ROVSK-SAHAL RUSSIA	320610	2024	320610	1454
-3.7	2.3	PONYRI RUSSIA	340030	2045	340030	1455
-1.80000000000001	1.5	AJAN RUSSIA	311680	2097	311680	1456
-3.7	0.100000000000001	PORETSKOE RUSSIA	276750	2115	276750	1457
-0.899999999999999	4.3	VOLOGDA RUSSIA	270370	2117	270370	1458
-2.1	2.1	SENKURSK RUSSIA	227680	2188	227680	1459
-1.90000000000001	1.6	FT MYERS PAGE FLD USA	756067	1709	756067	1460
-1.90000000000001	4.5	HALLETTSVILLE 2 N USA	720518	1712	720518	1461
-4.2	1.2	CAMILLA 3SE USA	722160	1781	722160	1462
-1.5	4.6	SANTUCK USA	720474	1781	720474	1463
-1.40000000000001	4.2	LITTLE MTN USA	753103	1781	753103	1464
-2	4.5	LAURENS USA	753091	1781	753091	1465
-2.59999999999999	4.1	CALHOUN FALLS USA	756499	1781	756499	1466
-0.700000000000003	2.4	BEAUFORT WWTP USA	756497	1781	756497	1467
-2.90000000000001	1.5	THOMASVILLE USA	720006	1782	720006	1468
-1.3	1.9	HIGHLAND HOME USA	720003	1782	720003	1469
-2.90000000000001	0.5	FAIRHOPE 2 NE USA	756002	1782	756002	1470
-4.3	1.3	HATTIESBURG 5SW USA	756268	1782	756268	1471
-4.5	0.800000000000001	POPLARVILLE EXP STN USA	752120	1782	752120	1472
-1.09999999999999	3.4	TALLADEGA USA	756006	1782	756006	1473
-3.59999999999999	4.9	CORINTH 7 SW USA	752041	1782	752041	1474
-4.09999999999999	1.7	LAUREL USA	752090	1782	752090	1475
-3.09999999999999	2.8	GAINESVILLE LOCK USA	756003	1782	756003	1476
-0.5	1.5	BROOKHAVEN CITY USA	720275	1783	720275	1477
-0.400000000000006	2.9	YAZOO CITY 5 NNE USA	756280	1783	756280	1478
-2	2.8	BASTROP USA	756176	1783	756176	1479
-4.8	4.3	QUANAH 2 SW USA	720525	1784	720525	1480
-3.7	0.699999999999999	LLANO USA	720521	1784	720521	1481
-2.3	1.1	TEMPLE USA	754590	1784	754590	1482
-0.0999999999999943	3.6	CLARKSVILLE 2NE USA	754131	1784	754131	1483
-3.2	2.8	FT BAYARD USA	722697	1786	722697	1484
-0.200000000000003	4.9	HOLBROOK USA	723741	1787	723741	1485
-1	2.2	TUCSON WFO USA	722740	1787	722740	1486
-1.2	3.7	ROYAL OAK 2 SSW USA	720216	1852	720216	1487
-3	4.4	MARTINSBURG E WV RGN USA	720567	1852	720567	1488
-3.3	1.1	LOUISBURG USA	720396	1852	720396	1489
-3.8	4.6	CUMBERLAND 2 USA	753101	1852	753101	1490
-0.400000000000006	2.2	BLACKSBURG NWSO USA	723180	1853	723180	1491
-4.90000000000001	4.3	CARLINVILLE USA	720084	1854	720084	1492
-5	2.3	MARBLE HILL USA	720297	1854	720297	1493
-3.8	0.600000000000001	JACKSON EXP STN USA	720502	1854	720502	1494
-4.8	2.2	COLUMBUS USA	720163	1855	720163	1495
-0.599999999999994	1.4	CORNING USA	720016	1855	720016	1496
-3.90000000000001	0.5	OZARK 2 USA	750031	1855	750031	1497
-2.2	3.6	JEFFERSON CITY WTP USA	752100	1855	752100	1498
-2.59999999999999	3.4	MCPHERSON USA	720175	1856	720175	1499
-1.59999999999999	4.2	MANHATTAN USA	720174	1856	720174	1500
-1.59999999999999	1.9	CHAMA USA	723604	1858	723604	1501
-3.7	4.2	FRUITA USA	724760	1858	724760	1502
-1.3	2.7	DEL NORTE 2E USA	756043	1858	756043	1503
-1.90000000000001	4.6	LEVAN USA	724888	1859	724888	1504
-2.7	4.3	DESERET USA	720528	1859	720528	1505
-2.7	3.4	SANTA ROSA USA	724839	1861	724839	1506
-0.900000000000006	4.1	COLFAX USA	724829	1861	724829	1507
-4.40000000000001	1.3	DEFIANCE USA	720422	1925	720422	1508
-4.2	3.6	MIDLAND USA	756230	1925	756230	1509
-0.5	0.899999999999999	HUNTINGTON USA	756119	1926	756119	1510
-2.7	4.3	ZUMBROTA USA	720271	1927	720271	1511
-2.7	3.1	CHARLES CITY USA	726441	1927	726441	1512
-2.8	1.1	ALBIA 3 NNE USA	756132	1927	756132	1513
-2.3	2.6	HARTINGTON USA	720326	1928	720326	1514
-3.09999999999999	4	FORESTBURG 3 NE USA	753130	1928	753130	1515
-4.90000000000001	2.1	WHEATLAND 4 N USA	754080	1929	754080	1516
-1.8	0.5	STEAMBOAT SPRINGS USA	725701	1930	725701	1517
-1.8	4.8	SHERIDAN FLD STN USA	754053	1930	754053	1518
-1.8	1.7	LOGAN UTAH ST UNIV USA	725757	1931	725757	1519
-0.200000000000003	1.5	CEDARVILLE USA	730220	1933	730220	1520
-4.09999999999999	4.6	NEWPORT USA	753072	1933	753072	1521
-0.5	2.7	PAISLEY USA	756486	1933	756486	1522
-0.5	1.3	NEWBERRY 3S USA	720243	1998	720243	1523
-1.90000000000001	1.3	CHATHAM EXP FARM 2 USA	756222	1998	756222	1524
-1.7	1.4	MUNISING USA	756233	1998	756233	1525
-2.7	1.5	LISBON USA	720409	2000	720409	1526
-2.40000000000001	3.4	GRAFTON USA	720407	2000	720407	1527
-2	1.6	HELENA AP ASOS USA	727720	2003	727720	1528
-1.40000000000001	2.5	GREAT FALLS AP USA	727750	2003	727750	1529
-3	1.3	DAYTON 1 WSW USA	720554	2004	720554	1530
-2.59999999999999	1.5	POMEROY USA	724843	2004	724843	1531
-4.40000000000001	3	FORKS 1 E USA	742110	2005	742110	1532
-3.8	2	ABERDEEN USA	742075	2005	742075	1533
-2.2	3	EVERETT USA	727895	2005	727895	1534
-3.90000000000001	1.2	ASTORIA AP PORT OF USA	727910	2005	727910	1535
-1.5	0.700000000000003	HOOD RIVER EXP STN USA	730440	2005	730440	1536
-3.2	2.4	CUSHMAN POWERHOUSE 2 USA	730580	2005	730580	1537
-1	0.2	BURNSIDE-CORONIE FR. GUIANA	812050	1416	812050	1538
-0.400000000000006	0.6	CHIMAX BEI COBAN GUATEMALA	999048	1567	999048	1539
-2.2	1.1	AMINI INDIA	433110	1462	433110	1540
-0.200000000000003	4.5	COLLINGWOOD CANADA	712700	1925	712700	1541
-1.09999999999999	1.3	FERGUS FALLS USA	727531	2000	727531	1542
-1.40000000000001	4.7	HANNIBAL USA	724372	1855	724372	1543
-0.799999999999997	3.7	PLACERVILLE USA	724836	1861	724836	1544
-3.90000000000001	0.899999999999999	THOMASVILLE USA	722141	1781	722141	1545
-2.7	4.4	Jajce BOSNIA/HERZE.	145430	1905	145430	1546
-2.4	4.1	MAPUTO/MAVALANE MOZAMBIQUE	673410	894	673410	1547
-0.7	4	ST HELENA ST.HELENA	619010	1046	619010	1548
-0.799999999999997	4.2	PAMBEN INDIA--------	433630	1389	433630	1549
-1.6	1.5	LAGOS/IKEJA NIGERIA	652010	1404	652010	1550
-1.8	2.9	TRIPOLI LIBYA-------	620100	1762	620100	1551
-2.1	0.600000000000001	EL GOLEA ALGERIA	605900	1764	605900	1552
-4.40000000000001	3.7	ATLANTA, GEORGIA USA	722190	1781	722190	1553
-2	3	ASHGABAT TURKMENISTAN	388800	1825	388800	1554
-4.9	2.5	CATANIA/FONTANAROSSA ITALY	164600	1833	164600	1555
-3.7	2.8	LANDER USA	725760	1930	725760	1556
-3.9	5	KHARKIV UKRAINE	343000	1973	343000	1557
-1.90000000000001	2.8	KIRENSK RUSSIA	302300	2103	302300	1558
-0.100000000000001	1.5	STARITSA RUSSIA	264990	2118	264990	1559
-1.90000000000001	2.2	ARCADIA USA	720054	1709	720054	1560
-0.799999999999997	4.8	THIBODAUX 3 ESE USA	720204	1711	720204	1561
-4.40000000000001	0.399999999999999	TALLAHASSEE WSO AP USA	722140	1781	722140	1562
-0.200000000000003	4.2	ROME USA	723200	1782	723200	1563
-1.8	4.2	SAINT BERNARD USA	750030	1782	750030	1564
-1.09999999999999	0.699999999999999	DE FUNIAK SPRINGS 1 USA	750061	1782	750061	1565
-4.8	1.3	COLUMBIA USA	752031	1782	752031	1566
-1.2	1.1	WOODVILLE 4 ESE USA	720287	1783	720287	1567
-0.0999999999999943	1.6	MONTICELLO USA	756272	1783	756272	1568
-0.400000000000006	1.9	CRYSTAL SPGS EXP STN USA	756267	1783	756267	1569
-2.3	4.7	PAULS VALLEY 4 WSW USA	720437	1784	720437	1570
-4.3	2.7	ALBANY USA	756531	1784	756531	1571
-0.599999999999994	3.7	PARIS USA	756464	1784	756464	1572
-4.7	4.9	SANTA ROSA USA	756353	1785	756353	1573
-1.09999999999999	2.4	OROGRANDE USA	722695	1786	722695	1574
-1.3	4.5	MOUNTAINAIR USA	723666	1786	723666	1575
-1.8	2.3	STATE UNIV USA	720362	1786	720362	1576
-2.2	4.1	REDLANDS USA	720032	1788	720032	1577
-4.8	3	HOT SPRINGS USA	720543	1852	720543	1578
-3.40000000000001	1.3	HENDERSON 2 NNW USA	720392	1852	720392	1579
-0.799999999999997	3.9	DENTON 2 E USA	720211	1852	720211	1580
-2.5	0.200000000000003	KINSTON 7 SE USA	720394	1852	720394	1581
-2.90000000000001	0.700000000000003	WILSON 3 SW USA	756412	1852	756412	1582
-0.599999999999994	3.8	GREENWOOD 2NE USA	756056	1852	756056	1583
-1.40000000000001	3.8	SPENCER USA	720569	1853	720569	1584
-2.3	2.7	WILLIAMSON USA	720572	1853	720572	1585
-1.3	2.1	BURKES GARDEN USA	720538	1853	720538	1586
-4.2	1.7	WILLIAMSBURG USA	756173	1853	756173	1587
-0.200000000000003	4.9	CAMBRIDGE CITY 3 N USA	756111	1854	756111	1588
-4.40000000000001	1.4	GRAVETTE USA	720019	1855	720019	1589
-1.90000000000001	4.2	MEXICO USA	720298	1855	720298	1590
-4.59999999999999	0.100000000000001	POTEAU WTR WKS USA	756474	1855	756474	1591
-1.5	1.5	MAMMOTH SPRING USA	756024	1855	756024	1592
-3.90000000000001	2.4	LOCKWOOD USA	752140	1855	752140	1593
-5	0.899999999999999	TAHLEQUAH USA	756475	1855	756475	1594
-4.90000000000001	1.9	MIAMI USA	756468	1855	756468	1595
-0.299999999999997	0.799999999999997	MUSKOGEE USA	720435	1856	720435	1596
-0.200000000000003	0.5	WEBBERS FALLS 5 WSW USA	720441	1856	720441	1597
-0.599999999999994	1.3	CLAREMORE 2 ENE USA	756456	1856	756456	1598
-1.5	3.7	COUNCIL GROVE LAKE USA	756149	1856	756149	1599
-4.59999999999999	1.4	SPRINGER USA	723608	1857	723608	1600
-4.09999999999999	0.5	BELL RANCH USA	723652	1857	723652	1601
-3.3	0.100000000000001	SAN JON USA	723609	1857	723609	1602
-3.7	0.200000000000003	TUCUMCARI 4 NE USA	752045	1857	752045	1603
-4.90000000000001	1.5	CIMARRON 4 SW USA	752011	1857	752011	1604
-0.200000000000003	0.600000000000001	LAS VEGAS WWTP USA	723659	1858	723659	1605
-0.400000000000006	1.7	RED RIVER USA	723606	1858	723606	1606
-0.900000000000006	2.2	MANASSA USA	756046	1858	756046	1607
-2.3	4	FILLMORE USA	724702	1859	724702	1608
-2.3	4.5	WILLOWS 6 W USA	724884	1861	724884	1609
-4.3	3.8	INDIAN LAKE 2SW USA	720375	1923	720375	1610
-4.40000000000001	3	GLOVERSVILLE USA	720373	1923	720373	1611
-4.90000000000001	3.1	LITTLE FALLS CITY RS USA	720378	1923	720378	1612
-4.90000000000001	3	LITTLE FALLS MILL ST USA	756386	1923	756386	1613
-4.90000000000001	4.1	WANAKENA RNGR SCHOOL USA	753170	1923	753170	1614
-1.2	2.6	CORTLAND USA	720369	1924	720369	1615
-4.59999999999999	1.6	WALNUT USA	720113	1926	720113	1616
-1.3	2.4	SOUTH HAVEN USA	752050	1926	752050	1617
-4.2	0.700000000000003	MT AYR USA	720153	1927	720153	1618
-3.59999999999999	4.8	CHASKA USA	756239	1927	756239	1619
-2.3	3	NEW HAMPTON USA	756142	1927	756142	1620
-3	1.7	ALBION USA	720312	1928	720312	1621
-4.09999999999999	5	FAULKTON 1 NW USA	720485	1928	720485	1622
-4.90000000000001	3.9	KENNEBEC USA	756516	1928	756516	1623
-4	0.700000000000003	WENDOVER AP AWOS USA	725810	1931	725810	1624
-2.2	4	VALE USA	726891	1932	726891	1625
-3.3	1.8	SANDY LAKE DAM LIBBY USA	720266	1999	720266	1626
-4.59999999999999	3.7	BAUDETTE USA	756238	1999	756238	1627
-3.59999999999999	0.200000000000003	MELLETTE 4 W USA	720489	2000	720489	1628
-3.7	1.9	JAMESTOWN STATE HOSP USA	753050	2000	753050	1629
-2.09999999999999	0.899999999999999	HYSHAM 25 SSE USA	720306	2002	720306	1630
-3.40000000000001	2.1	RITZVILLE 1 SSE USA	742074	2004	742074	1631
-2.59999999999999	2.1	SAINT JOHN USA	724841	2004	724841	1632
-1.8	2.7	COEUR D'ALENE USA	727858	2004	727858	1633
-1.09999999999999	2.5	KELLOGG USA	727835	2004	727835	1634
-3.7	2.8	WILBUR USA	720563	2004	720563	1635
-3.09999999999999	2.7	DAVENPORT USA	720553	2004	720553	1636
-3.7	2.3	ODESSA USA	727855	2004	727855	1637
-2	1.7	MOSCOW U OF I USA	727831	2004	727831	1638
-2.2	1.8	PULLMAN 2 NW USA	756586	2004	756586	1639
-3	1.7	CENTRALIA USA	720552	2005	720552	1640
-3.7	1.7	RAYMOND 2 S USA	756587	2005	756587	1641
-2.2	0.800000000000001	JASK IRAN	999026	1681	999026	1642
-2.3	4.5	TERRE HAUTE USA	724370	1854	724370	1643
-1.7	0.5	CHAPLIN CANADA	711282	2074	711282	1644
-2	4.3	CEREPOVEC RUSSIA	271130	2117	271130	1645
-2.1	3.5	VENDINGA RUSSIA	226860	2187	226860	1646
-2.8	4.6	ASUNCION/CITY PARAGUAY	862180	912	862180	1647
-1.5	2.5	HYDRABAD/BEGUMPET INDIA	431280	1533	431280	1648
-2.2	3.9	MUMBAI/COLABA INDIA	430570	1534	430570	1649
-2.8	4.2	DUMKA INDIA--------	425990	1603	425990	1650
-1	4	DALTONGJ INDIA--------	425870	1604	425870	1651
-4.7	0.800000000000001	VERAVAL INDIA--------	429090	1606	429090	1652
-2.90000000000001	4.9	HAMADA JAPAN	477550	1738	477550	1653
-0.200000000000003	4.1	SRINAGAR INDIA	420270	1750	420270	1654
-4.5	1.7	MALAGA SPAIN	84820	1837	84820	1655
-3.6	2.1	GRANADA SPAIN	84200	1837	84200	1656
-3.9	4	CIUDAD REAL SPAIN	83480	1837	83480	1657
-1.9	4	ALBACETE SPAIN	82800	1837	82800	1658
-0.9	2.4	SEVILLA SPAIN	83900	1838	83900	1659
-2	3.3	SAN SEBASTIAN SPAIN	80270	1909	80270	1660
-2	4.8	SHERIDAN, WYOMING USA	726660	1930	726660	1661
-4.4	3.2	St. Polten AUSTRIA	110280	1977	110280	1662
-4.2	0.600000000000001	ST.CLOUD USA	726550	1999	726550	1663
-4	4.5	PINCHER CREEK CANADA	718750	2003	718750	1664
-1.8	4.3	AGASSIZ CANADA	711130	2005	711130	1665
-0.5	4.5	PRINCETON CANADA	718860	2005	718860	1666
-1.9	2.4	POTSDAM GERMANY	103790	2050	103790	1667
-0.799999999999997	0.799999999999997	HAY RIVER CANADA	713610	2220	713610	1668
-5	1.1	KAMENNAJA STEP RUSSIA	341390	2044	341390	1669
-4.90000000000001	0.5	KURGAN RUSSIA	286610	2111	286610	1670
-0.5	0.399999999999999	UST-MAJA RUSSIA	249660	2170	249660	1671
-5	4.7	APALACHICOLA AP USA	722200	1709	722200	1672
-0.700000000000003	1.7	BELLE GLADE USA	756063	1709	756063	1673
-3.09999999999999	2.7	ALICE USA	720509	1712	720509	1674
-2.7	3.5	BEEVILLE 5 NE USA	720512	1712	720512	1675
-4.40000000000001	3	ENCINAL USA	754220	1712	754220	1676
-4.59999999999999	3.3	CATARINA USA	756540	1712	756540	1677
-1.2	4.1	DANEVANG 1 W USA	754170	1712	754170	1678
-2.09999999999999	4.7	FLATONIA USA	754240	1712	754240	1679
-4.90000000000001	4.3	DARLINGTON USA	720471	1780	720471	1680
-1.7	4.7	MOREHEAD CITY 2 WNW USA	720399	1780	720399	1681
-4.2	3.4	GEORGETOWN 2 E USA	753073	1780	753073	1682
-0.700000000000003	4.2	CAMDEN 3 W USA	720466	1781	720466	1683
-1	4.9	WINTHROP UNIV USA	720478	1781	720478	1684
-1.7	3.5	AIKEN 5SE USA	720463	1781	720463	1685
-0.200000000000003	3	SUMMERVILLE 4W USA	720475	1781	720475	1686
-4.40000000000001	5	COPPERHILL USA	756526	1781	756526	1687
-2	2	GLENNVILLE 3NW USA	756083	1781	756083	1688
-1.8	4	SALUDA USA	756507	1781	756507	1689
-0.599999999999994	4.5	KERSHAW 1SW USA	756504	1781	756504	1690
-3.5	1.4	TIFTON USA	750082	1781	750082	1691
-0.400000000000006	3.9	SUMTER USA	756508	1781	756508	1692
-0.900000000000006	3.5	ORANGEBURG 2 USA	756506	1781	756506	1693
-4.40000000000001	2.5	MARSHALL USA	720523	1783	720523	1694
-0.0999999999999943	0.5	COVINGTON 4 NNW USA	720196	1783	720196	1695
-2.7	0.199999999999999	JENNINGS USA	722401	1783	722401	1696
-4.8	0.100000000000001	LIBERTY USA	754370	1783	754370	1697
-3.3	2.1	DUBLIN 2SE USA	720516	1784	720516	1698
-4.5	4.9	MANGUM USA	723521	1784	723521	1699
-2.8	2.7	WEATHERFORD USA	720527	1784	720527	1700
-3.40000000000001	0.100000000000001	BLANCO USA	756536	1784	756536	1701
-3.5	4.6	LAWTON USA	756466	1784	756466	1702
-4.3	4.6	ALTUS IRIG RSCH STN USA	756447	1784	756447	1703
-4.09999999999999	5	HOBART MUNI AP USA	756462	1784	756462	1704
-1.7	4.8	ADA USA	756446	1784	756446	1705
-2.09999999999999	4.2	ARDMORE USA	756449	1784	756449	1706
-1.40000000000001	4	DURANT USA	753052	1784	753052	1707
-1.09999999999999	3.2	GREENVILLE KGVL RADI USA	754280	1784	754280	1708
-0.599999999999994	4.2	ANTLERS USA	756448	1784	756448	1709
-5	1.7	BALLINGER 2 NW USA	756534	1784	756534	1710
-4.2	4.5	FT SUMNER USA	723653	1785	723653	1711
-4.2	2.3	CARLSBAD USA	722682	1785	722682	1712
-4.5	3.3	ROSWELL IND AP USA	722680	1785	722680	1713
-0.900000000000006	3.6	CARRIZOZO 1SW USA	722688	1786	722688	1714
-1	3.1	TULAROSA USA	722701	1786	722701	1715
-2.2	3.1	ELEPHANT BUTTE DAM USA	722702	1786	722702	1716
-1.7	2.6	JORNADA EXP RANGE USA	722693	1786	722693	1717
-3.09999999999999	2.2	GAGE USA	722698	1786	722698	1718
-1.8	4.8	LOS LUNAS 3 SSW USA	720361	1786	720361	1719
-4.8	1.9	PEARCE SUNSITES USA	722731	1786	722731	1720
-0.799999999999997	3	MTN PARK USA	722684	1786	722684	1721
-4.3	4.2	PARKER USA	722800	1787	722800	1722
-1.7	3.2	CHANDLER HEIGHTS USA	722780	1787	722780	1723
-2.7	4	WICKENBURG USA	723811	1787	723811	1724
-0.900000000000006	3.4	MIAMI USA	722789	1787	722789	1725
-0.0999999999999943	1.7	TOMBSTONE USA	722742	1787	722742	1726
-2.59999999999999	3.4	BUCKEYE USA	720009	1787	720009	1727
-2.90000000000001	2.4	AJO USA	722741	1787	722741	1728
-2.40000000000001	4.6	PRESCOTT USA	723707	1787	723707	1729
-4.59999999999999	3.6	BLYTHE USA	722866	1787	722866	1730
-1.7	3.1	SACATON USA	730080	1787	730080	1731
-1.7	4.3	CHILDS USA	756012	1787	756012	1732
-4.59999999999999	2.6	YUMA CITRUS STN USA	756018	1787	756018	1733
-4.7	4.4	SANTA BARBARA USA	723920	1788	723920	1734
-4.2	4.4	OJAI USA	723911	1788	723911	1735
-1.59999999999999	3	CUYAMACA USA	722903	1788	722903	1736
-3.09999999999999	4.1	PASADENA USA	722950	1788	722950	1737
-2.8	3.7	TUSTIN IRVINE RCH USA	730750	1788	730750	1738
-0.599999999999994	3	BRAWLEY 2 SW USA	730180	1788	730180	1739
-3.7	5	TEJON RANCHO USA	730740	1788	730740	1740
-2.09999999999999	2.6	CHULA VISTA USA	756031	1788	756031	1741
-2.90000000000001	3.6	NEWPORT BEACH HARBOR USA	756035	1788	756035	1742
-0.900000000000006	4.3	MILLINGTON 1 SE USA	720213	1852	720213	1743
-1.90000000000001	4	BELTSVILLE USA	720209	1852	720209	1744
-1.7	2.3	WILLIAMSBURG 2 N USA	720547	1852	720547	1745
-3.90000000000001	3.5	DALE ENTERPRISE USA	720541	1852	720541	1746
-3.5	3.9	WOODSTOCK 2 NE USA	720548	1852	720548	1747
-2.7	4.1	LINCOLN USA	720545	1852	720545	1748
-4.09999999999999	3.2	STAUNTON WATER TRMTM USA	720546	1852	720546	1749
-1.90000000000001	4.1	LAUREL 3 W USA	720212	1852	720212	1750
-0.700000000000003	3.2	PRINCESS ANNE USA	720215	1852	720215	1751
-2.5	3.3	FREDERICKSBURG NP USA	720542	1852	720542	1752
-0.400000000000006	3.9	MILFORD 2 SE USA	720051	1852	720051	1753
-1.2	1.9	NORFOLK INTL AP USA	723080	1852	723080	1754
-1.09999999999999	3.6	CAMBRIDGE WATER TRMT USA	720208	1852	720208	1755
-2	4.6	WESTMINSTER POL BRKS USA	756205	1852	756205	1756
-1.7	3.7	OWINGS FERRY LANDING USA	756201	1852	756201	1757
-0.599999999999994	3.4	SALISBURY USA	756204	1852	756204	1758
-1.2	1.3	ELIZABETH CITY USA	756395	1852	756395	1759
-4.90000000000001	2	ROCKY MT USA	756575	1852	756575	1760
-3.3	2.7	BREMO BLUFF USA	756565	1852	756565	1761
-4.7	1.4	REIDSVILLE 2 NW USA	756408	1852	756408	1762
-1.59999999999999	1	EDENTON USA	756394	1852	756394	1763
-2.3	2.3	HOPEWELL USA	756570	1852	756570	1764
-1.8	4	GLENN DALE BELL STN USA	756197	1852	756197	1765
-3.09999999999999	3.2	PIEDMONT RSCH STN USA	756574	1852	756574	1766
-4.40000000000001	1.6	DANVILLE USA	756569	1852	756569	1767
-4.90000000000001	3.2	FRANKFORT DOWNTOWN USA	720185	1853	720185	1768
-3	4.6	CIRCLEVILLE USA	720414	1853	720414	1769
-0.799999999999997	3.9	GLENVILLE USA	720565	1853	720565	1770
-1.5	2.6	PINEVILLE USA	724120	1853	724120	1771
-1.90000000000001	3.5	WINFIELD LOCKS USA	720573	1853	720573	1772
-0.400000000000006	2.9	LEWISBURG 3 N USA	720566	1853	720566	1773
-1.90000000000001	4.8	PHILO 3 SW USA	720424	1853	720424	1774
-4.3	2.6	BEREA COLLEGE USA	756164	1853	756164	1775
-0.200000000000003	3.7	PICKENS 2 N USA	756594	1853	756594	1776
-0.200000000000003	0.399999999999999	ALBEMARLE USA	756391	1853	756391	1777
-3.59999999999999	3.1	FARMERS 2 S USA	756166	1853	756166	1778
-1.3	1.4	TRANSOU USA	756392	1853	756392	1779
-5	4.4	BROOKVILLE USA	756110	1853	756110	1780
-3.90000000000001	1.9	BARBOURVILLE USA	751010	1853	751010	1781
-2.90000000000001	3.8	PORTSMOUTH-SCIOTOVIL USA	756439	1853	756439	1782
-4.59999999999999	3.7	WILLIAMSTOWN 3 W USA	756174	1853	756174	1783
-1.2	4.2	CAIRO USA	756590	1853	756590	1784
-2.2	3.6	WASHINGTON 1 W USA	720136	1854	720136	1785
-0.700000000000003	3.5	CHARLESTOWN 5 NNW USA	720117	1854	720117	1786
-0.799999999999997	4.8	GREENFIELD USA	720121	1854	720121	1787
-2.59999999999999	2.8	HENDERSON 8 SSW USA	724320	1854	724320	1788
-1.3	2.5	LEITCHFIELD 2 N USA	720188	1854	720188	1789
-1.40000000000001	5	WHITESTOWN USA	720137	1854	720137	1790
-2.5	1.8	HOPKINSVILLE USA	720187	1854	720187	1791
-0.799999999999997	3.7	SCOTTSBURG USA	720133	1854	720133	1792
-2.90000000000001	1.5	DOVER 1 W USA	720501	1854	720501	1793
-4.5	4.2	HILLSBORO USA	720093	1854	720093	1794
-1.59999999999999	3.9	OOLITIC PURDUE EX FR USA	720125	1854	720125	1795
-2.5	3.7	VINCENNES 5 NE USA	756130	1854	756130	1796
-1.8	3.6	SHOALS 8 S USA	756128	1854	756128	1797
-1.5	4.2	BLOOMINGTON IN UNIV USA	756109	1854	756109	1798
-1.90000000000001	4.6	GREENCASTLE 1 W USA	756116	1854	756116	1799
-3.2	4.5	CHARLESTON USA	756102	1854	756102	1800
-4.7	1.2	CARUTHERSVILLE USA	752042	1854	752042	1801
-1.5	3.6	PAOLI USA	756123	1854	756123	1802
-4.2	2.5	ANNA 2 NNE USA	756099	1854	756099	1803
-3.5	2.7	HARRISBURG USA	751080	1854	751080	1804
-1.90000000000001	5	STEFFENVILLE USA	720302	1855	720302	1805
-1.09999999999999	3.8	WARRENTON 1 N USA	724340	1855	724340	1806
-3.40000000000001	3.3	TRUMAN DAM & RSVR USA	756293	1855	756293	1807
-0.799999999999997	1.6	DONIPHAN USA	756285	1855	756285	1808
-4.90000000000001	4.3	LEAVENWORTH USA	756154	1855	756154	1809
-2.40000000000001	4.4	MOBERLY USA	756290	1855	756290	1810
-3.8	3.4	CLINTON USA	756283	1855	756283	1811
-2.3	2.2	MTN GROVE 2 N USA	752170	1855	752170	1812
-2.90000000000001	0.899999999999999	KINGFISHER USA	720434	1856	720434	1813
-1.3	1.7	PAWHUSKA USA	720438	1856	720438	1814
-0.299999999999997	3.6	OTTAWA USA	720178	1856	720178	1815
-2.09999999999999	1.9	NEWKIRK 1NW USA	720436	1856	720436	1816
-2.3	1.3	PERRY USA	720439	1856	720439	1817
-4.8	4.7	NORTON 9SSE USA	720176	1856	720176	1818
-3.3	0.600000000000001	GEARY USA	756458	1856	756458	1819
-2.8	1.7	JEFFERSON USA	753102	1856	753102	1820
-1	1.8	BARTLESVILLE MUNI AP USA	756450	1856	756450	1821
-2	0.5	MEEKER 5 W USA	756467	1856	756467	1822
-1.3	0.399999999999999	OKEMAH USA	753140	1856	753140	1823
-1	0.600000000000001	OKMULGEE WTR WKS USA	756472	1856	756472	1824
-1.40000000000001	0.100000000000001	HOLDENVILLE 2SSE USA	753081	1856	753081	1825
-4.90000000000001	3.2	JETMORE 8NNW USA	756151	1856	756151	1826
-3.3	1.1	OKEENE USA	756471	1856	756471	1827
-2.90000000000001	1.4	ENID USA	753062	1856	753062	1828
-2.8	1.1	HENNESSEY 4 ESE USA	756461	1856	756461	1829
-4.90000000000001	0.200000000000003	ERICK USA	756457	1856	756457	1830
-3.7	0.5	WEATHERFORD USA	756477	1856	756477	1831
-3.40000000000001	1.8	CHEROKEE USA	756455	1856	756455	1832
-2.09999999999999	1.1	STILLWATER 2 W USA	753180	1856	753180	1833
-3.59999999999999	2.3	MEDICINE LODGE USA	751121	1856	751121	1834
-2.40000000000001	0.799999999999997	GUTHRIE 5S USA	756459	1856	756459	1835
-3.59999999999999	0.200000000000003	CARNEGIE 5 NE USA	756454	1856	756454	1836
-4.40000000000001	0.600000000000001	HAMMON 3 SSW USA	756460	1856	756460	1837
-3	2.2	ANTHONY USA	756145	1856	756145	1838
-2.09999999999999	3	HOLLY USA	720041	1857	720041	1839
-3.2	1.4	CLAYTON MUNI ARPK AP USA	723600	1857	723600	1840
-3	1.9	KENTON USA	720433	1857	720433	1841
-1.59999999999999	1.6	GOODWELL RSCH STN USA	723647	1857	723647	1842
-2.8	3.5	EADS USA	756044	1857	756044	1843
-2.09999999999999	1.3	STRATFORD USA	756549	1857	756549	1844
-0.5	1.8	BEAVER USA	756451	1857	756451	1845
-0.900000000000006	2	LIBERAL USA	756155	1857	756155	1846
-2.5	1.7	BOISE CITY 2 E USA	756452	1857	756452	1847
-0.599999999999994	0.700000000000003	MIAMI USA	754440	1857	754440	1848
-0.5	4.8	OBERLIN USA	756158	1857	756158	1849
-1.8	4.8	SAINT FRANCIS USA	751160	1857	751160	1850
-1.2	1.9	HOOKER USA	756463	1857	756463	1851
-2.09999999999999	2.8	HERMIT 7 ESE USA	720039	1858	720039	1852
-4.5	2.6	BLANDING USA	724701	1858	724701	1853
-2	1.9	DULCE USA	724622	1858	724622	1854
-1.7	0.799999999999997	JEMEZ SPRINGS USA	723607	1858	723607	1855
-3	1.8	AZTEC RUINS NM USA	723601	1858	723601	1856
-4.59999999999999	2.3	BLUFF USA	756551	1858	756551	1857
-4.5	3.6	MOAB USA	754070	1858	754070	1858
-0.299999999999997	5	BOULDER USA	756039	1858	756039	1859
-2.90000000000001	2.9	TELLURIDE 4WNW USA	750110	1858	750110	1860
-4.5	1.2	CANYON DE CHELLY USA	756011	1858	756011	1861
-3	4.2	COLLBRAN USA	756042	1858	756042	1862
-4.7	4	THOMPSON USA	754074	1858	754074	1863
-0.299999999999997	4.2	CHEESMAN USA	756041	1858	756041	1864
-2.09999999999999	4.2	SCIPIO USA	724866	1859	724866	1865
-2.5	2.4	ALTON USA	724801	1859	724801	1866
-1.8	4.7	NEPHI USA	724709	1859	724709	1867
-2.2	3.5	MARYSVALE USA	724706	1859	724706	1868
-1.7	0.299999999999997	FT VALLEY USA	723702	1859	723702	1869
-1.59999999999999	4.3	MANTI USA	724768	1859	724768	1870
-3.90000000000001	2.8	MODENA USA	724730	1859	724730	1871
-1.40000000000001	3.9	SALINA 24 E USA	724703	1859	724703	1872
-0.700000000000003	3.4	HANKSVILLE USA	724708	1859	724708	1873
-0.200000000000003	4	GREEN RIVER AVIATION USA	756552	1859	756552	1874
-2.40000000000001	2.8	PANGUITCH USA	756556	1859	756556	1875
-1.59999999999999	2.8	ESCALANTE USA	754050	1859	754050	1876
-4.40000000000001	0.600000000000001	WASCO USA	730780	1860	730780	1877
-1.8	4.7	CHICO UNIV FARM USA	720028	1861	720028	1878
-0.599999999999994	4.3	LAKE SPAULDING USA	724889	1861	724889	1879
-2.59999999999999	3.3	PETALUMA AP USA	724837	1861	724837	1880
-2.2	4.7	ORLAND USA	724887	1861	724887	1881
-2.90000000000001	3.6	HEALDSBURG USA	720029	1861	720029	1882
-3.2	4.1	UKIAH USA	724931	1861	724931	1883
-2	3.4	VACAVILLE USA	724939	1861	724939	1884
-0.900000000000006	4.9	QUINCY USA	724892	1861	724892	1885
-0.5	2.3	MERCED USA	724810	1861	724810	1886
-3.8	4.5	FT BRAGG 5 N USA	730350	1861	730350	1887
-0.700000000000003	3.3	ELECTRA P H USA	730320	1861	730320	1888
-0.0999999999999943	4.2	TAHOE CITY USA	730730	1861	730730	1889
-1.59999999999999	4.1	MARYSVILLE USA	756033	1861	756033	1890
-0.700000000000003	0.600000000000001	PASO ROBLES USA	750050	1861	750050	1891
-3.8	3	SARATOGA SPRINGS 4 S USA	756380	1923	756380	1892
-3.8	2.7	STILLWATER RSVR USA	756382	1923	756382	1893
-5	2.5	MARYLAND 9 SW USA	756373	1923	756373	1894
-4.2	1.8	MOHONK LAKE USA	756374	1923	756374	1895
-4.2	1.6	WALDEN 1 ESE USA	756387	1923	756387	1896
-0.400000000000006	3.1	UTICA FAA AP USA	744001	1924	744001	1897
-4.8	1.4	FRANKLIN USA	720448	1924	720448	1898
-3.90000000000001	0.299999999999997	JOHNSTOWN USA	720452	1924	720452	1899
-0.400000000000006	0.700000000000003	ALLENTOWN AP USA	725170	1924	725170	1900
-1.40000000000001	1.8	TOWANDA 1 S USA	720456	1924	720456	1901
-2.40000000000001	1.7	WELLSBORO 4 SW USA	720459	1924	720459	1902
-2.59999999999999	2.8	HEMLOCK USA	720374	1924	720374	1903
-2.7	2.6	DANSVILLE USA	725232	1924	725232	1904
-0.400000000000006	2.1	DEPOSIT USA	756358	1924	756358	1905
-3.7	1.4	RIDGWAY USA	753150	1924	753150	1906
-1.5	2.9	AUBURN USA	756377	1924	756377	1907
-2.2	2.1	ADDISON USA	756360	1924	756360	1908
-0.700000000000003	2.8	MORRISVILLE 6 SW USA	756375	1924	756375	1909
-0.5	2.5	NORWICH USA	753120	1924	753120	1910
-0.900000000000006	1.9	MONTROSE USA	753112	1924	753112	1911
-3.8	2.1	ALLEGANY SP USA	756356	1924	756356	1912
-0.400000000000006	1.7	PLEASANT MT 1 W USA	753113	1924	753113	1913
-0.200000000000003	1	STROUDSBURG USA	753171	1924	753171	1914
-3.09999999999999	0.299999999999997	DELAWARE USA	720415	1925	720415	1915
-0.400000000000006	1	NEW CASTLE 1 N USA	720453	1925	720453	1916
-0.900000000000006	0.799999999999997	MILLPORT 4 NE USA	720421	1925	720421	1917
-4.90000000000001	0.700000000000003	BERNE WWTP USA	756108	1925	756108	1918
-1.90000000000001	0.200000000000003	COSHOCTON WPC PLT USA	756431	1925	756431	1919
-1.90000000000001	0.600000000000001	MILLERSBURG USA	756434	1925	756434	1920
-1	0.299999999999997	CADIZ USA	753010	1925	753010	1921
-4.3	0.200000000000003	LINCOLN USA	745000	1926	745000	1922
-2.59999999999999	0.100000000000001	DANVILLE USA	720085	1926	720085	1923
-1.7	0.600000000000001	DELPHI 2 N USA	720119	1926	720119	1924
-4.40000000000001	2.6	BRODHEAD USA	720576	1926	720576	1925
-0.700000000000003	0.100000000000001	ANDERSON SEWAGE PLT USA	720116	1926	720116	1926
-4	4.9	BOWLER USA	720575	1926	720575	1927
-2.09999999999999	1.2	WHEATFIELD USA	751140	1926	751140	1928
-1.59999999999999	1	WINAMAC 2SSE USA	756131	1926	756131	1929
-4.5	4.1	HANCOCK EXP FARM USA	754020	1926	754020	1930
-0.900000000000006	1.6	GOSHEN 3SW USA	756115	1926	756115	1931
-1.2	1.1	ROCHESTER USA	756125	1926	756125	1932
-4.2	3.8	WINNEBAGO USA	720268	1927	720268	1933
-4.8	3.4	ESTHERVILLE 2 N USA	720145	1927	720145	1934
-1	0.600000000000001	LA HARPE USA	720096	1927	720096	1935
-2.59999999999999	3.7	GRAND MEADOW USA	726442	1927	726442	1936
-4.59999999999999	2.4	ROCKWELL CITY USA	720157	1927	720157	1937
-2.59999999999999	2	TOLEDO 3N USA	720159	1927	720159	1938
-3.7	0.200000000000003	SPICKARD 7 W USA	725400	1927	725400	1939
-0.599999999999994	4.5	NEILLSVILLE 3 SW USA	756601	1927	756601	1940
-3.59999999999999	3.3	FOREST CITY 2 NNE USA	756138	1927	756138	1941
-0.0999999999999943	4.6	MARSHFIELD EXP FARM USA	754031	1927	754031	1942
-3	0.5	UNIONVILLE USA	752270	1927	752270	1943
-0.900000000000006	5	STANLEY USA	756612	1927	756612	1944
-0.0999999999999943	2.7	DARLINGTON USA	754010	1927	754010	1945
-4.7	1.4	BROKEN BOW 2 W USA	720317	1928	720317	1946
-1.90000000000001	2.3	WAKEFIELD USA	720343	1928	720343	1947
-1.3	4	PIPESTONE USA	720262	1928	720262	1948
-2.7	4.9	CLARK USA	720483	1928	720483	1949
-1.59999999999999	3.3	CANTON USA	720482	1928	720482	1950
-0.700000000000003	0.399999999999999	AUBURN 5 ESE USA	720315	1928	720315	1951
-4	1.3	LOUP CITY USA	720333	1928	720333	1952
-2.5	1.8	MADISON USA	720334	1928	720334	1953
-1.2	3.4	ROCK RAPIDS USA	720156	1928	720156	1954
-4.09999999999999	3.5	ACADEMY 2NE USA	720479	1928	720479	1955
-3.5	1.3	SAINT PAUL 4N USA	756334	1928	756334	1956
-1.09999999999999	2.8	LE MARS USA	751110	1928	751110	1957
-4	2.5	ATKINSON 3SW USA	756310	1928	756310	1958
-2.59999999999999	3.2	MENNO USA	756517	1928	756517	1959
-0.599999999999994	0.200000000000003	MC COOK USA	744300	1929	744300	1960
-1.7	2.9	MERRIMAN USA	744700	1929	744700	1961
-4.8	1.8	CHUGWATER USA	725644	1929	725644	1962
-3.5	3.4	HOT SPRINGS USA	720488	1929	720488	1963
-2.59999999999999	1.1	LODGEPOLE USA	720332	1929	720332	1964
-4.2	1.2	PINE BLUFFS 5W USA	725641	1929	725641	1965
-4.2	4.9	COLONY USA	726631	1929	726631	1966
-0.5	0.700000000000003	CURTIS 3NNE USA	720319	1929	720319	1967
-0.200000000000003	0.899999999999999	GOTHENBURG USA	720325	1929	720325	1968
-1.90000000000001	4	COTTONWOOD 2 E USA	726627	1929	726627	1969
-4.2	3.9	NEWCASTLE USA	730720	1929	730720	1970
-4.2	2.1	TORRINGTON EXP FARM USA	754072	1929	754072	1971
-0.5	3.5	WOOD USA	756524	1929	756524	1972
-2.2	0.100000000000001	WRAY USA	756050	1929	756050	1973
-3.90000000000001	2.7	HARRISON USA	752150	1929	752150	1974
-0.200000000000003	2.1	PURDUM USA	756332	1929	756332	1975
-3.09999999999999	1.7	BRIDGEPORT USA	752043	1929	752043	1976
-3.8	0.299999999999997	FT MORGAN USA	756045	1929	756045	1977
-0.700000000000003	3.9	MURDO USA	756519	1929	756519	1978
-0.400000000000006	4.4	OAHE DAM USA	756520	1929	756520	1979
-1.40000000000001	2.6	BATES CREEK #2 USA	725690	1930	725690	1980
-4.59999999999999	0.399999999999999	VERNAL 2SW USA	754120	1930	754120	1981
-5	1.1	WELLS USA	725746	1931	725746	1982
-0.400000000000006	0.200000000000003	DUCHESNE USA	725814	1931	725814	1983
-1.5	0.5	SNAKE CREEK POWERHOU USA	725728	1931	725728	1984
-1.90000000000001	1	FARMINGTON 3 NW USA	725727	1931	725727	1985
-1.3	1.8	LAKETOWN USA	724712	1931	724712	1986
-1.59999999999999	0.100000000000001	SPANISH FORK PWR HOU USA	725723	1931	725723	1987
-1.40000000000001	0.5	HEBER USA	725724	1931	725724	1988
-3.90000000000001	2.2	OAKLEY USA	720079	1931	720079	1989
-1.7	1	MORGAN POWER & LIGHT USA	725725	1931	725725	1990
-2.8	3	ABERDEEN EXP STN USA	726811	1931	726811	1991
-2.09999999999999	1.5	CORINNE USA	725813	1931	725813	1992
-1.7	2.6	GRACE USA	725781	1931	725781	1993
-1.3	4.9	HEBGEN DAM USA	726777	1931	726777	1994
-1.40000000000001	2.3	BERN USA	725761	1931	725761	1995
-1.3	2.1	LIFTON PUMPING STN USA	730980	1931	730980	1996
-4.09999999999999	2.6	HAZELTON USA	730950	1931	730950	1997
-2.3	2.1	MALAD CITY USA	756095	1931	756095	1998
-1.09999999999999	4.7	WEST YELLOWSTONE USA	752211	1931	752211	1999
-0.900000000000006	3.6	ARROWROCK DAM USA	726812	1932	726812	2000
-1.3	5	NEW MEADOWS RS USA	726887	1932	726887	2001
-1.7	4.6	CAMBRIDGE USA	730910	1932	730910	2002
-3.8	3.3	MALHEUR REFUGE HQ USA	756484	1932	756484	2003
-4.2	2	BROOKINGS 2 SE USA	725972	1933	725972	2004
-2.3	0.5	REDDING MUNI AP USA	725920	1933	725920	2005
-2.90000000000001	0.700000000000003	WEAVERVILLE USA	725912	1933	725912	2006
-2.5	2.7	PROSPECT 2 SW USA	725969	1933	725969	2007
-3.5	1.3	ORLEANS USA	725980	1933	725980	2008
-2.59999999999999	1.7	YREKA USA	725978	1933	725978	2009
-3.40000000000001	3	RIDDLE USA	725975	1933	725975	2010
-3.40000000000001	1.8	HAPPY CAMP RS USA	725913	1933	725913	2011
-2.3	1.3	MT SHASTA USA	725950	1933	725950	2012
-2.5	4.4	CASCADIA USA	730420	1933	730420	2013
-2.09999999999999	2.9	CRATER LAKE NPS HQ USA	753032	1933	753032	2014
-3	3.8	COTTAGE GROVE 1 NNE USA	756480	1933	756480	2015
-0.700000000000003	0.399999999999999	SUSANVILLE 2SW USA	750080	1933	750080	2016
-3.3	3.7	DRAIN USA	756482	1933	756482	2017
-4.2	3.4	NORTH BEND FCWOS USA	753082	1933	753082	2018
-3.7	0.700000000000003	MILLINOCKET USA	756187	1994	756187	2019
-4.8	0.700000000000003	BRASSUA DAM USA	756190	1994	756190	2020
-3.59999999999999	1.1	STAMBAUGH 2SSE USA	720245	1998	720245	2021
-3	1.5	CHAMPION VAN RIPER P USA	720233	1998	720233	2022
-3.09999999999999	0.799999999999997	IRON MT KINGSFORD WW USA	720238	1998	720238	2023
-4.7	0.899999999999999	MINOCQUA USA	754052	1998	754052	2024
-3.7	2.6	MARCELL 5NE USA	720270	1999	720270	2025
-1	1.6	ASHLAND EXP FARM USA	720574	1999	720574	2026
-1.7	2	TWO HARBORS USA	720267	1999	720267	2027
-1.90000000000001	0.799999999999997	SPOONER AG RES STN USA	720588	1999	720588	2028
-3.5	2.2	GRAND RPDS FOREST LA USA	720263	1999	720263	2029
-3.3	0.899999999999999	MORA USA	756249	1999	756249	2030
-4.59999999999999	2.1	WALKER AH GWAH CHING USA	756259	1999	756259	2031
-0.200000000000003	1.5	IRONWOOD USA	752030	1999	752030	2032
-1.5	2.3	ADA USA	720246	2000	720246	2033
-0.900000000000006	0.100000000000001	MILAN 1 NW USA	720254	2000	720254	2034
-4.59999999999999	0.799999999999997	EUREKA USA	720484	2000	720484	2035
-3.40000000000001	1.2	FULLERTON 1 ESE USA	720406	2000	720406	2036
-3.3	3.8	LANGDON EXP FARM USA	720408	2000	720408	2037
-0.200000000000003	2.2	ITASCA UNIV OF MINN USA	752040	2000	752040	2038
-1.8	3.3	ARGYLE USA	756245	2000	756245	2039
-2.09999999999999	2.4	HILLSBORO 3 N USA	756419	2000	756419	2040
-0.700000000000003	2.6	FOSSTON 1 E USA	756244	2000	756244	2041
-4.5	0.899999999999999	EKALAKA USA	726611	2001	726611	2042
-2.8	1.9	DICKINSON EXP STN USA	727645	2001	727645	2043
-3.3	3.9	CROSBY USA	753031	2001	753031	2044
-5	1.8	MILDRED 5 N USA	756302	2001	756302	2045
-2.59999999999999	2.3	DUNN CENTER 1E USA	756414	2001	756414	2046
-4.5	1.4	PLEVNA USA	756305	2001	756305	2047
-0.400000000000006	3.4	TOWNER 2 NE USA	756426	2001	756426	2048
-2.3	1.4	MOTT USA	756422	2001	756422	2049
-4.5	3.5	MEDICINE LAKE 3 SE USA	756301	2001	756301	2050
-2.59999999999999	1	HETTINGER USA	753040	2001	753040	2051
-0.900000000000006	1.8	MANDAN EXP STN USA	753071	2001	753071	2052
-2.3	1.9	RICHARDTON ABBEY USA	756425	2001	756425	2053
-1.59999999999999	3.2	GLASGOW INTL AP USA	727680	2002	727680	2054
-5	0.799999999999997	BIG TIMBER USA	726771	2002	726771	2055
-1.90000000000001	2.3	JORDAN USA	752101	2002	752101	2056
-2.5	3.8	FORKS 4 NNE USA	752053	2002	752053	2057
-5	2.1	MOCCASIN EXP STN USA	752131	2002	752131	2058
-2.7	3.4	MALTA 7 E USA	756300	2002	756300	2059
-4.8	3.5	FT ASSINNIBOINE USA	752061	2002	752061	2060
-0.400000000000006	2.9	VIDA 6 NE USA	752141	2002	752141	2061
-4.09999999999999	2.3	SAINT IGNATIUS USA	727730	2003	727730	2062
-2.59999999999999	0.200000000000003	DILLON WMCE USA	720307	2003	720307	2063
-1.59999999999999	0.5	NORRIS MADISON PH USA	726892	2003	726892	2064
-2.3	3.3	VALIER USA	727898	2003	727898	2065
-1.7	2.2	CASCADE 5 S USA	727752	2003	727752	2066
-2.40000000000001	2.5	AUGUSTA USA	720305	2003	720305	2067
-4.90000000000001	3.8	FORTINE 1 N USA	727791	2003	727791	2068
-2.40000000000001	3.6	CUT BANK AP USA	730120	2003	730120	2069
-3	1.1	ANACONDA USA	756294	2003	756294	2070
-1	0.700000000000003	BOZEMAN MONTANA ST U USA	752020	2003	752020	2071
-1.7	0.299999999999997	ENNIS USA	756296	2003	756296	2072
-3.3	1.3	PHILIPSBURG RS USA	756304	2003	756304	2073
-0.599999999999994	0.5	LIVINGSTON 12 S USA	756299	2003	756299	2074
-4.2	1.3	HAMILTON USA	752071	2003	752071	2075
-0.900000000000006	1.5	WHITE SULPHUR SPRNGS USA	756306	2003	756306	2076
-0.5	3.4	LIBBY 1 NE RS USA	720309	2004	720309	2077
-1.8	3.4	PRIEST RIVER EXP STN USA	720081	2004	720081	2078
-1.59999999999999	3.3	SANDPOINT EXP STN USA	727792	2004	727792	2079
-2	1.4	LEWISTON AP USA	727830	2004	727830	2080
-2.5	0.600000000000001	WALLOWA USA	726893	2004	726893	2081
-5	1.3	SUNNYSIDE USA	727921	2004	727921	2082
-4.3	0.799999999999997	HERMISTON 1 SE USA	726879	2004	726879	2083
-4.7	3.5	CONCONULLY USA	727852	2004	727852	2084
-2.90000000000001	3.5	COLVILLE USA	756580	2004	756580	2085
-2.90000000000001	0.200000000000003	UNION EXP STN USA	753121	2004	753121	2086
-0.5	1.1	FENN RS USA	756093	2004	756093	2087
-1.3	1.5	DWORSHAK FISH HATCHE USA	756092	2004	756092	2088
-0.900000000000006	2.2	CLE ELUM USA	742760	2005	742760	2089
-1.09999999999999	0.5	DUFUR USA	726885	2005	726885	2090
-2.7	0.700000000000003	VANCOUVER 4 NNE USA	720562	2005	720562	2091
-0.200000000000003	3.5	WINTHROP 1 WSW USA	727902	2005	727902	2092
-0.299999999999997	2.4	WENATCHEE USA	727938	2005	727938	2093
-0.200000000000003	0.200000000000003	CONDON USA	726988	2005	726988	2094
-2.2	0.399999999999999	HEADWORKS PORTLAND W USA	726985	2005	726985	2095
-0.700000000000003	0.5	MORO USA	720445	2005	720445	2096
-2.09999999999999	0.100000000000001	THREE LYNX USA	753111	2005	753111	2097
-0.700000000000003	3.4	STEHEKIN 4 NW USA	754140	2005	754140	2098
-0.799999999999997	0.799999999999997	GOLDENDALE USA	756581	2005	756581	2099
-0.9	0.799999999999997	CAPE SPARTEL MOROCCO	999014	1838	999014	2100
-2	0.399999999999999	COOTAMUNDRA AUSTRALIA---	947140	799	947140	2101
-2.40000000000001	1.3	Katanning AUSTRALIA	946290	805	946290	2102
-4.5	0.3	SEYCHELLES INTL A SEYCHELLES	639800	1249	639800	2103
-1.9	4.1	CHARDZHEV TURKMENISTAN	386870	1824	386870	2104
-0.5	3.4	ALICANTE SPAIN	83590	1837	83590	2105
-0.599999999999994	0.299999999999997	MOOSE JAW CANADA	718640	2074	718640	2106
-2.6	0.599999999999994	AMMASALIK GREENLAND	43600	2276	43600	2107
-3.40000000000001	4.4	Gayndah AUSTRALIA	945430	870	945430	2108
-2.8	2	Broome AUSTRALIA	942030	1020	942030	2109
-1.4	1	SADRINSK RUSSIA	285520	2112	285520	2110
-4.59999999999999	4.7	MARKOVO RUSSIA	255510	2162	255510	2111
-0.400000000000006	0.600000000000001	PERRINE 4W USA	756072	1709	756072	2112
-0.200000000000003	1.1	FT LAUDERDALE USA	756066	1709	756066	2113
-1.40000000000001	0.800000000000001	EVERGLADES USA	756064	1709	756064	2114
-2.59999999999999	4.7	MUSCLE SHOALS AP USA	756005	1782	756005	2115
-3.7	0.399999999999999	ALPINE USA	756533	1785	756533	2116
-2.7	2.7	SEMINOLE USA	754540	1785	754540	2117
-4.40000000000001	4.5	SAINT JOHNS USA	723655	1786	723655	2118
-4.7	2.8	SAFFORD AGRICULTRL C USA	720012	1786	720012	2119
-1.2	3.7	ROOSEVELT 1 WNW USA	722863	1787	722863	2120
-3.40000000000001	4.7	FAIRMONT USA	730340	1788	730340	2121
-3	1.7	PENNINGTON GAP USA	754091	1853	754091	2122
-0.0999999999999943	1	CROSSVILLE ED & RESE USA	756527	1854	756527	2123
-4.59999999999999	1.8	BUFFALO 2 SSW USA	756453	1856	756453	2124
-4.2	1.2	MUTUAL USA	756470	1856	756470	2125
-2.5	2	KANAB USA	756553	1859	756553	2126
-3	2.2	ZION NP USA	754132	1859	754132	2127
-2.3	1.5	HOBART 2 WNW USA	756118	1926	756118	2128
-1.59999999999999	5	DUPREE USA	753092	1929	753092	2129
-3	4.4	BASIN USA	730620	1930	730620	2130
-4.09999999999999	1.6	ROCK SPRINGS AP USA	756620	1930	756620	2131
-3.8	4.8	POWELL FLD STN USA	756619	1930	756619	2132
-3.59999999999999	3.9	MACKAY LOST RIVER RS USA	726816	1931	726816	2133
-4.59999999999999	2.4	HOLLISTER USA	725782	1931	725782	2134
-1.3	4	ASHTON 1N USA	726881	1931	726881	2135
-3.90000000000001	4.6	MAY 2SSE USA	726818	1931	726818	2136
-0.400000000000006	4.6	LAKE YELLOWSTONE USA	730710	1931	730710	2137
-4.5	2.7	JEROME USA	730970	1931	730970	2138
-4.40000000000001	3.7	KETCHUM RS USA	756094	1931	756094	2139
-0.299999999999997	2.9	GLENNS FERRY USA	730940	1932	730940	2140
-2.09999999999999	4.2	MCKENZIE BRG RS USA	726930	1933	726930	2141
-2.5	1.7	CLOQUET USA	752010	1999	752010	2142
-2.5	2.5	EVELETH WWTP USA	756241	1999	756241	2143
-4.2	0.200000000000003	RED LODGE USA	720311	2002	720311	2144
-3.3	1.9	FLATWILLOW 4 ENE USA	730140	2002	730140	2145
-3.2	0.899999999999999	HUNTLEY EXP STN USA	752091	2002	752091	2146
-4.3	3.3	KALISPELL GLACIER AP USA	727790	2003	727790	2147
-3.90000000000001	0.200000000000003	SALMON-KSRA USA	756097	2003	756097	2148
-2.8	3.9	NORTHPORT USA	754092	2004	754092	2149
-1.8	2.5	SNOQUALMIE FALLS USA	742077	2005	742077	2150
-2.3	2.1	MC MILLIN RSVR USA	727937	2005	727937	2151
-2.3	2.7	SEATTLE URBAN SITE USA	720558	2005	720558	2152
-2	2.2	BUCKLEY 1 NE USA	727933	2005	727933	2153
-1.8	2.4	CEDAR LAKE USA	727934	2005	727934	2154
-2.90000000000001	1.2	LONGVIEW USA	754071	2005	754071	2155
-0.599999999999994	4.9	HILLVIEW CANADA	711402	2001	711402	2156
-2.7	3.3	CAPE PEMBROKE ANTARCTIC	999006	552	999006	2157
-2.09999999999999	3.1	ESCONDIDO USA	722865	1788	722865	2158
-2.6	0.300000000000001	IGUAPE BRAZIL	838210	982	838210	2159
-3.40000000000001	4.7	FORT MACLEOD CANADA	717890	2003	717890	2160
-3.2	1.3	Passo Rolle ITALY	160210	1978	160210	2161
-2.4	4.3	UST-SUGOR RUSSIA	235180	2185	235180	2162
-0.299999999999997	0.5	ZIMNEGORSKIJ MAJAK RUSSIA	224460	2261	224460	2163
-2	0.799999999999997	GUMRI ARMENIA	376860	1900	376860	2164
-0.700000000000003	3.8	SOUTHERN CROSS AUSTRALIA	946340	805	946340	2165
-4.7	1	MERIDA, AEROP-INT., MEXICO	766440	1638	766440	2166
-0.299999999999997	0.800000000000001	MIAMI, FLORIDA USA	722020	1709	722020	2167
-4.2	2.3	LYNCHBURG, VIRGINIA USA	724100	1852	724100	2168
-1.09999999999999	4.8	Wiarton A CANADA	716330	1925	716330	2169
-3.6	3.5	STEPHENVILLE CANADA	718150	1992	718150	2170
-4.7	1.1	MONCTON CANADA	717050	1993	717050	2171
-3.59999999999999	0.5	Montreal McGill CANADA	716120	1995	716120	2172
-0.600000000000001	1.4	ST ANTHONY CANADA	718190	2064	718190	2173
-1.7	2.2	SASKATOON CANADA	718660	2074	718660	2174
-4.3	4.5	FORT ST JAMES CANADA	710503	2077	710503	2175
-2.5	3	QUESNEL CANADA	711030	2077	711030	2176
-1.7	2.4	BELLA COOLA CANADA	712060	2078	712060	2177
-2.7	0.5	QUATSINO CANADA	719938	2078	719938	2178
-1.2	1.8	FORT SIMPSON CANADA	713650	2221	713650	2179
-3.4	3.2	MOUNT PLEASANT APT. FALKLAND ISL.	888890	552	888890	2180
-3.19999999999999	3.9	Low Head AUSTRALIA	959640	655	959640	2181
-3.5	0.399999999999999	KJAHTA RUSSIA	309250	2031	309250	2182
-3	4.2	WAURIKA USA	756476	1784	756476	2183
-3.7	1	BALMORHEA USA	756535	1785	756535	2184
-3.90000000000001	3.8	LUNA RS USA	722699	1786	722699	2185
-1	4.6	DILLON 1 E USA	730820	1858	730820	2186
-4.90000000000001	0.5	SEARCHLIGHT USA	723861	1859	723861	2187
-2.2	0.200000000000003	WILLIAMS USA	723706	1859	723706	2188
-1.2	4.7	SCOFIELD-SKYLINE MIN USA	730500	1859	730500	2189
-4.8	1	BOULDER CITY USA	752021	1859	752021	2190
-4	0.200000000000003	KINGMAN #2 USA	756015	1859	756015	2191
-1.59999999999999	1.9	LEES FERRY USA	756016	1859	756016	2192
-4.59999999999999	1.3	HANFORD 1 S USA	723892	1860	723892	2193
-4	1.4	LEMON COVE USA	723898	1860	723898	2194
-1.90000000000001	1.5	DEATH VALLEY USA	730260	1860	730260	2195
-4.59999999999999	2.8	YOSEMITE PARK HQ USA	756038	1860	756038	2196
-4.5	1.5	GREEN RIVER USA	725745	1930	725745	2197
-4.7	3.5	DUBOIS USA	726702	1930	726702	2198
-4.09999999999999	4.5	CODY USA	726700	1930	726700	2199
-1.3	3.4	MIDWEST USA	756616	1930	756616	2200
-3	4	WORLAND USA	754094	1930	754094	2201
-1.90000000000001	0.399999999999999	UTAH LAKE LEHI USA	725914	1931	725914	2202
-2.3	0.5	TOOELE USA	720532	1931	720532	2203
-1.09999999999999	1.5	WOODRUFF USA	756558	1931	756558	2204
-1.2	3.4	FREMONT 5 NW USA	756483	1933	756483	2205
-4.2	3.6	CHINOOK USA	756295	2002	756295	2206
-0.0999999999999943	2.3	SAINT REGIS 1 NE USA	727771	2004	727771	2207
-4.9	1.5	HEBRON JORDAN	402007	1757	402007	2208
-4.4	3.4	ESHIRAS SAINTE-CROIX GABON	645507	1258	645507	2209
-3.6	1	BITOLA MACEDONIA	135830	1904	135830	2210
-0.799999999999997	5	KRASNODAR RUSSIA (EUROP	349290	1901	349290	2211
-4	3.8	Retz AUSTRIA	110220	1977	110220	2212
-0.199999999999999	3	Waidhofen/Ybbs AUSTRIA	113680	1978	113680	2213
-4.8	1.6	Galtur AUSTRIA	113120	1978	113120	2214
-3.3	4.2	HOLMOGORY RUSSIA	225590	2188	225590	2215
-2	1	OLONEC RUSSIA	229120	2190	229120	2216
-2.1	1.7	KOVDA RUSSIA	223120	2262	223120	2217
-4.3	4.7	QUIXERAMOBIM BRAZIL	825860	1196	825860	2218
-0.6	0.5	LIBREVILLE GABON	645000	1331	645000	2219
-1.4	4.4	KAYES MALI	612570	1479	612570	2220
-4.2	2.7	INDORE INDIA	427540	1605	427540	2221
-0.5	2.9	BISHKEK KYRGYZSTAN	383530	1894	383530	2222
-3.6	3.5	Split CROATIA	144450	1905	144450	2223
-3.2	4.2	VANCOUVER CANADA	718920	2005	718920	2224
-0.799999999999997	4.3	PRINEVILLE USA	726932	1933	726932	2225
-1.8	1.7	LONGMIRE RAINIER NPS USA	756584	2005	756584	2226
-0.799999999999997	3.7	HAMELIN POOL AUSTRALIA	944000	878	944000	2227
-0.9	2.6	SUNNDAL NORWAY	12352	2195	12352	2228
-2.8	1.9	OPPSTRYN NORWAY	13554	2195	13554	2229
-2.8	3.7	NORDERNEY GERMANY	101130	2051	101130	2230
-0.199999999999999	1.2	KIMBERLEY SOUTH AFRICA	684380	896	684380	2231
-3.3	0.800000000000001	HO CHI MINH VIETNAM	489000	1455	489000	2232
-3	1.7	TOMBOUCTOU MALI	612230	1549	612230	2233
-4.3	2	HENGCHUN TAIWAN	467590	1596	467590	2234
-4.8	3	TAINAN TAIWAN	467410	1596	467410	2235
-4.3	4.2	TAICHUNG TAIWAN	467490	1596	467490	2236
-3.5	5	TAIPEI TAIWAN	466920	1596	466920	2237
-0.799999999999997	4.3	ISHIGAKIJIMA JAPAN PACIFIC	479180	1596	479180	2238
-0.400000000000006	3.6	PENGHU TAIWAN	467350	1597	467350	2239
-0.5	3.4	NAZE JAPAN PACIFIC	479090	1667	479090	2240
-2.3	1.2	NAHA JAPAN PACIFIC	479360	1667	479360	2241
-2	1.3	JODHPUR INDIA-------	423390	1678	423390	2242
-4.09999999999999	0.700000000000003	CHOSHI JAPAN	476480	1808	476480	2243
-0.900000000000006	1.4	MAEBASHI JAPAN	476240	1809	476240	2244
-5	3.9	SABLE ISLAND CANADA	716000	1920	716000	2245
-4.3	0.399999999999999	PARRSBORO CANADA	714930	1993	714930	2246
-0.5	0.700000000000003	SUSSEX CANADA	719989	1994	719989	2247
-2.90000000000001	4	NORWAY HOUSE CANADA	711410	2072	711410	2248
-0.9	0.600000000000001	Nesbyen NORWAY	13730	2195	13730	2249
-4.09999999999999	4.09999999999999	DAWSON CANADA	719660	2224	719660	2250
-3.30000000000001	3.7	Nhill AUSTRALIA	948270	728	948270	2251
-4.90000000000001	0.600000000000001	Cape Leeuwin AUSTRALIA	946010	805	946010	2252
-0.700000000000003	3.8	KOLOGRIV RUSSIA	271640	2116	271640	2253
-0.900000000000006	1	HANTY-MANSIJSK RUSSIA	239330	2183	239330	2254
-2.2	1.1	MCCAMEY USA	756546	1785	756546	2255
-2.90000000000001	0.299999999999997	SELIGMAN USA	723705	1859	723705	2256
-2.2	1.1	GRAND CANYON NP 2 USA	723780	1859	723780	2257
-4.90000000000001	2.9	PINEDALE USA	756618	1930	756618	2258
-1	3.8	ALTA 1 NNW USA	726704	1931	726704	2259
-0.599999999999994	3.9	MORAN 5 WNW USA	754032	1931	754032	2260
-2.3	2.9	DANNER USA	726817	1932	726817	2261
-1.3	4.1	BEND USA	726933	1933	726933	2262
-2.2	1	MEHAVEN-SLETNES NORWAY	999056	2335	999056	2263
-1.6	0.200000000000003	COCKLE PARK UK	38995	2125	38995	2264
-1.9	1.9	Flattach-Kleindorf AUSTRIA	112610	1978	112610	2265
-2.90000000000001	3.3	HORSHAM (POLKEMMET) AUSTRALIA	958340	728	958340	2266
-4.5	3	ROTTNEST ISLAND AUSTRALIA	946020	805	946020	2267
-4	0.300000000000001	MENZIES AUSTRALIA---	944460	876	944460	2268
-1.4	4.8	BULAWAYO (GOETZ OBS) ZIMBABWE	679640	967	679640	2269
-3.9	2.1	HARARE (KUTSAGA) ZIMBABWE	677750	1038	677750	2270
-1.2	4	ADDIS ABABA ETHIOPIA	634500	1397	634500	2271
-0.799999999999997	2.3	NHA TRANG VIETNAM	488770	1455	488770	2272
-2.5	4.7	DAKAR/YOFF SENEGAL	616410	1480	616410	2273
-4.09999999999999	0.199999999999999	KOTA INDIA	424520	1677	424520	2274
-0.400000000000006	4.4	MUKTESWR INDIA--------	421470	1677	421470	2275
-2	1.3	MATSUMOTO JAPAN	476180	1809	476180	2276
-4.7	1.1	QINGDAO CHINA	548570	1812	548570	2277
-4	2.5	KHOROG TAJIKISTAN	389540	1822	389540	2278
-2.59999999999999	0.200000000000003	DILLON USA	727700	2003	727700	2279
-3.3	3.4	Victoria Gonzales Ht CANADA	712000	2005	712000	2280
-3.3	3.5	VICTORIA CANADA	717990	2005	717990	2281
-1.5	4.1	GRIEFSWALD/WIECK GERMANY	101840	2050	101840	2282
-3.2	1	Revelstoke CANADA	718820	2076	718820	2283
-3.69999999999999	1.2	FORT GOOD HOPE CANADA	714910	2294	714910	2284
-2.3	1.8	Halls Creek AUSTRALIA	942120	1019	942120	2285
-0.400000000000006	3.6	BARGUZIN RUSSIA	306360	2031	306360	2286
-4.5	3.3	Svalbard Lufthavn NORWAY	10080	2409	10080	2287
-3.90000000000001	3.2	DIVERSION DAM USA	730640	1930	730640	2288
-3.7	5	PUNTA GALERA CHILE	857707	699	857707	2289
-0.0999999999999943	2.6	FARO EVANGELISTAS CHILE	859300	556	859300	2290
-2.09999999999999	3.2	MAYAGUEZ CEER PUERTO RICO	785167	1562	785167	2291
-2.9	1.1	VELSK RUSSIA	228670	2188	228670	2292
-1.19999999999999	4.8	EAGLE USA	702820	2225	702820	2293
-1.30000000000001	2.9	MARYBOROUGH AUSTRALIA	948490	728	948490	2294
-1.5	4.6	SWAN HILL AERODROME AUSTRALIA	948430	728	948430	2295
-3.7	2.7	EYRE AUSTRALIA	946450	803	946450	2296
-1	3.4	SAN JUAN INTL A PUERTO RICO	785260	1562	785260	2297
-4.40000000000001	4.8	KENORA CANADA	718500	1999	718500	2298
-4.5	4.9	KELOWNA CANADA	712030	2004	712030	2299
-2.5	2.8	KODIAK ALASKA	703500	2155	703500	2300
-5	3	LOVOZERO RUSSIA	221270	2261	221270	2301
-1.9	0.399999999999999	NOVOUZENSK RUSSIA	342890	2043	342890	2302
-4.09999999999999	0.200000000000003	NIKOLSKOE RUSSIA	326180	2091	326180	2303
-3.40000000000001	3	RIVERTON USA	726720	1930	726720	2304
-2.9	3.4	BIDSTON UK	33230	2053	33230	2305
-3.1	2.6	GORDON CASTLE UK	30680	2125	30680	2306
-3.40000000000001	2.6	PUNTA DUNGENES CHILE	859310	554	859310	2307
-1.5	4.3	PARKERSBURG, WV USA	724270	1853	724270	2308
-2.5	3.4	HEALDSBURG USA	724833	1861	724833	2309
-1.8	2.5	PATHFINDER DAM USA	725762	1930	725762	2310
-1.8	3.4	PRIEST RIVER USA	727811	2004	727811	2311
-2.40000000000001	0.399999999999999	VANCOUVER 4NNE USA	726984	2005	726984	2312
-4.5	1.7	UNKNOWN 858341 CHILE	858341	699	858341	2313
-1.40000000000001	5	BELAIR-(KALYRA) AUSTRALIA---	956760	729	956760	2314
-2.1	0.399999999999999	OKIEP SOUTH AFRICA	685120	897	685120	2315
-0.0999999999999943	4.7	IQUIQUE CHILE	854180	987	854180	2316
-1.59999999999999	3.6	AREQUIPA PERU	847520	1059	847520	2317
-1.9	2.6	FUNCHAL MADEIRA	85220	1768	85220	2318
-2.2	1.2	WAYCROSS 4NE USA	722130	1781	722130	2319
-2.90000000000001	2.2	TERMEZ UZBEKISTAN	389270	1823	389270	2320
-3	4.2	ESTEVAN CANADA	718620	2001	718620	2321
-4.2	0.200000000000003	VERNON CANADA	711150	2076	711150	2322
-1.9	1.5	BALASOV RUSSIA	341520	2044	341520	2323
-2	0.299999999999997	BARABINSK RUSSIA	296120	2109	296120	2324
-2.3	2.2	SUNTAR RUSSIA	247380	2173	247380	2325
-3.09999999999999	2.1	FALFURRIAS USA	754230	1712	754230	2326
-3.7	3.2	PAVILLION USA	730731	1930	730731	2327
-2.8	1.5	FORT HOPE CANADA	718467	2070	718467	2328
-2.8	5	IGARAPAVA BRAZIL	999101	982	999101	2329
-0.0999999999999943	2.6	ISLOTES DE LOS EVANG PERU	999109	556	999109	2330
-1.40000000000001	0.100000000000001	PUNTA TORTUGA CHILE	855000	915	855000	2331
-4.7	4.6	ZOMBA MALAWI	676970	1037	676970	2332
-1.90000000000001	5	MALDA INDIA--------	425030	1603	425030	2333
-0.400000000000006	1.9	SIBASAGR INDIA--------	423110	1674	423110	2334
-1.8	2.4	SANTA CLARA USA	724814	1861	724814	2335
-3.40000000000001	2.6	BAHRAICH INDIA	422730	1676	422730	2336
-0.200000000000003	2.8	MANGALOR INDIA--------	432830	1462	432830	2337
-2	1.6	SAGARISL INDIA--------	429030	1603	429030	2338
-2.2	0.899999999999999	AMRAOTI INDIA	429370	1605	429370	2339
-0.400000000000006	1.5	AJMER INDIA	423430	1678	423430	2340
-0.299999999999997	1.7	CUDDALOR INDIA--------	433290	1461	433290	2341
-0.900000000000006	2.9	VELLORE INDIA--------	433030	1461	433030	2342
-0.200000000000003	0.699999999999999	NAGAPATN INDIA--------	433470	1461	433470	2343
-4.2	4.7	PURI INDIA--------	430530	1531	430530	2344
-2	3.6	NIZAMABA INDIA--------	430810	1533	430810	2345
-0.799999999999997	4.9	CHANDA INDIA--------	430290	1533	430290	2346
-4.2	2.6	SHOLAPUR INDIA--------	431170	1533	431170	2347
-3.09999999999999	0.0999999999999996	BELLARY INDIA--------	432050	1533	432050	2348
-0.200000000000003	4.1	AHMADNAGAR INDIA	430090	1534	430090	2349
-1.7	1.9	RATNAGIR INDIA--------	431100	1534	431100	2350
-4.7	3.3	RANCHI INDIA--------	427000	1603	427000	2351
-3.09999999999999	1.5	BALASOR INDIA--------	428950	1603	428950	2352
-2.90000000000001	4.1	DEESA INDIA--------	425390	1606	425390	2353
-2.90000000000001	1.7	BHAUNAGR INDIA--------	428380	1606	428380	2354
-0.5	0.5	MALEGAON INDIA--------	429250	1606	429250	2355
-0.299999999999997	3.2	BHUJ INDIA--------	426340	1607	426340	2356
-2.3	1.6	TEZPUR INDIA--------	424150	1674	424150	2357
-4.90000000000001	0.600000000000001	PATNA INDIA--------	424910	1675	424910	2358
-4.09999999999999	1.8	LUCKNOW INDIA--------	423680	1676	423680	2359
-1.7	1.7	GORAKPUR INDIA--------	423790	1676	423790	2360
-2.2	4.8	ROORKEE INDIA--------	421400	1677	421400	2361
-1.5	0.399999999999999	JHANSI INDIA--------	424630	1677	424630	2362
-0.200000000000003	4.2	GOPALPUR INDIA--------	430490	1532	430490	2363
-1.09999999999999	1.4	SAMBALPU INDIA--------	428830	1604	428830	2364
-3.40000000000001	1.2	RAIPUR INDIA--------	428750	1604	428750	2365
-0.0999999999999943	3.1	JABALPUR INDIA--------	426750	1605	426750	2366
-3.59999999999999	1.8	KHANDWA INDIA	428550	1605	428550	2367
-0.200000000000003	4.4	NIMACH INDIA--------	425470	1606	425470	2368
-0.400000000000006	0.100000000000001	NOWGONG INDIA	424670	1677	424670	2369
-2.2	1.1	SURAT INDIA--------	428400	1606	428400	2370
-3.8	3	HASSAN INDIA	432630	1461	432630	2371
-4.3	1.8	BIJAPUR INDIA	431610	1533	431610	2372
-2.5	2.9	BIDAR INDIA	431250	1533	431250	2373
-0.0999999999999943	4.4	NELLORE INDIA--------	432450	1461	432450	2374
-2.8	2	KAKINADA INDIA	431890	1532	431890	2375
-1.90000000000001	0.800000000000001	KURNOOL INDIA	432130	1533	432130	2376
-1.7	4.1	ERHAMPORE INDIA	426030	1603	426030	2377
-1.3	1.5	JALPAIGR INDIA--------	423990	1675	423990	2378
-4.3	2.7	INDORE INDIA--------	427550	1605	427550	2379
-0.0999999999999943	2.4	DIBRUGAR INDIA--------	423120	1674	423120	2380
-3.3	1.1	GUWAHATI INDIA--------	424110	1674	424110	2381
-4.2	0.100000000000001	KOTA INDIA--------	424510	1677	424510	2382
-0.200000000000003	4	SRINAGAR INDIA--------	435400	1750	435400	2383
-0.5	0.800000000000001	BELGAUM INDIA--------	431970	1534	431970	2384
-4.5	2.2	Schockl AUSTRIA	112410	1977	112410	2385
-1.5	2.4	Radstadt AUSTRIA	111470	1978	111470	2386
-4.3	4.4	MBARARA UGANDA	637020	1254	637020	2387
-2.5	0.1	ENTEBBE AIR UGANDA	637050	1326	637050	2388
-1.3	0.600000000000001	GIESSEN/WETTENBERG GERMANY	105320	2051	105320	2389
-3.5	5	SANTA CRUZ PUERTO ARGENTINA	879120	554	879120	2390
-5	2.2	PUERTO MADRYN ARGENTINA	878230	697	878230	2391
-0.299999999999997	1.8	TRELEW A ARGENTINA	878280	698	878280	2392
-4.59999999999999	2.6	GENERAL-ACHA ARGENTINA	876190	769	876190	2393
-1.09999999999999	2.5	BALLADONIA AUSTRALIA	946420	804	946420	2394
-3.90000000000001	1	Bridgetown AUSTRALIA	946160	805	946160	2395
-4	1.3	JUAN FERNANDEZ CHILE	855850	844	855850	2396
-4.8	3.4	WILUNA AUSTRALIA	944390	876	944390	2397
-1.1	4.4	CUIABA BRAZIL	833610	1056	833610	2398
-4	1.1	MASULIPA INDIA--------	431850	1532	431850	2399
-2.4	0.6	KHARTOUM SUDAN	627210	1542	627210	2400
-3.8	2.8	TAITUNG TAIWAN	467660	1596	467660	2401
-1.5	2.2	FORTALEZA DO MONTE CHINA	450110	1598	450110	2402
-2.40000000000001	3	AHMEDABA INDIA--------	426470	1606	426470	2403
-1	2.3	DWARKA INDIA--------	427310	1607	427310	2404
-3.3	0.199999999999999	CHERAPUN INDIA--------	425150	1674	425150	2405
-2.90000000000001	3.5	DELHI INDIA--------	421820	1677	421820	2406
-3	1.6	MARRAKECH MOROCCO	602300	1766	602300	2407
-4.2	3.2	St Catharines A CANADA	712620	1924	712620	2408
-2	4.6	TORGAI KAZAKHSTAN	353580	1968	353580	2409
-4	2.4	Zugspitze GERMANY	109610	1978	109610	2410
-0.799999999999997	4.6	CRANBROOK CANADA	718800	2004	718800	2411
-2	1.8	ATBASAR KAZAKHSTAN	350780	2039	350780	2412
-4.9	0.799999999999997	Taernaby/Hemavan SWEDEN	21040	2265	21040	2413
-0.200000000000003	3.8	Marble Bar AUSTRALIA	943150	949	943150	2414
-4.3	1.2	CALICUT INDIA--------	433140	1461	433140	2415
-3.5	0.399999999999999	BORZJA RUSSIA	309650	2029	309650	2416
-2.8	1.1	ZMEINOGORSK RUSSIA	360380	2036	360380	2417
-1.7	1.3	ERSOV RUSSIA	341860	2043	341860	2418
-3.3	1.2	BRATSK RUSSIA	303090	2104	303090	2419
-2.3	0.5	BOYS RANCH USA	756538	1857	756538	2420
-4.2	0.299999999999997	ANO NUEVO ARGENTINA	999094	553	999094	2421
-4.40000000000001	0.899999999999999	UMATILLA USA	726878	2004	726878	2422
-0.200000000000003	0.399999999999999	WATERDALE USA	725642	1930	725642	2423
-1.5	4.4	CHICO UNIV FARM USA	724835	1861	724835	2424
-2.09999999999999	0.200000000000003	TANANA/FAA AIRPORT USA	701780	2299	701780	2425
-3.59999999999999	4.4	POGRANICHNYJ RUSSIA	319150	1882	319150	2426
-4.2	1.4	DONNYBROOK AUSTRALIA	959954	805	959954	2427
-3.3	3.4	NORTHAM AUSTRALIA	946210	805	946210	2428
-4.40000000000001	3.7	BANGKOK METROPOLIS THAILAND	484550	1456	484550	2429
-5	2.5	DIBRUGARH/MOHANBARI INDIA	423140	1673	423140	2430
-4.3	1.3	BAHRAIN INTL A BAHRAIN	411500	1682	411500	2431
-1.59999999999999	3.4	CHARLESTON, W. VIRGI USA	724140	1853	724140	2432
-2.59999999999999	0.399999999999999	ASHEVILLE, N. CAROLI USA	723150	1853	723150	2433
-2.8	4.6	LETHBRIDGE CANADA	712430	2003	712430	2434
-1.9	3.2	KUSTANAI KAZAKHSTAN	289520	2040	289520	2435
-4.2	0.5	HIGH RIVER CANADA	719811	2075	719811	2436
-2	1.3	GOLDEN CANADA	711730	2076	711730	2437
-3.3	2.3	Wandering AUSTRALIA	956400	805	956400	2438
-2.8	4.3	KIRS RUSSIA	280090	2114	280090	2439
-2.09999999999999	0.200000000000003	SYANA JAPAN	999027	1951	999027	2440
-4	4.5	SARMIENTO ARGENTINA	878490	626	878490	2441
-0.299999999999997	2	BENSON USA	722744	1787	722744	2442
-3.09999999999999	0.600000000000001	SHILLONG INDIA	425160	1674	425160	2443
-4.7	4.2	BASE ORCADAS ANTARCTICA	889680	405	889680	2444
-4	3.4	BENALLA (SHADFORTH S AUSTRALIA	948840	727	948840	2445
-0.800000000000011	2.2	DURDIDWARRAH AUSTRALIA	948630	728	948630	2446
-2.80000000000001	0.6	PORT MORESBY PAPUA NEW GUI	920350	1159	920350	2447
-2.40000000000001	0.699999999999999	ILOILO PHILIPPINES	986370	1452	986370	2448
-1.2	3.2	LEGASPI PHILIPPINES	984440	1452	984440	2449
-3.7	1.9	WADI HALFA SUDAN	626000	1614	626000	2450
-3.59999999999999	0.199999999999999	TANSHUI TAIWAN	466900	1668	466900	2451
-3.3	0.199999999999999	KEELUNG TAIWAN	466940	1668	466940	2452
-3.40000000000001	1.1	GAUHATI/BHORJHOR INDIA	424100	1674	424100	2453
-2.5	2.2	IN SALAH ALGERIA	606300	1692	606300	2454
-4.59999999999999	1.4	DOUGLAS USA	722720	1786	722720	2455
-3.9	1.5	SARAGT TURKMENISTAN	389740	1824	389740	2456
-1.9	2.3	HUELVA SPAIN	83830	1838	83830	2457
-1.7	0.399999999999999	Sherbrooke A CANADA	716100	1995	716100	2458
-0.0999999999999943	1.1	DAUPHIN CANADA	715500	2073	715500	2459
-3.09999999999999	0.899999999999999	GLEICHEN CANADA	714980	2075	714980	2460
-1.09999999999999	4.3	Kerang AUSTRALIA	948440	728	948440	2461
-1	4.1	TUAPSE RUSSIA	370180	1901	370180	2462
-0.799999999999997	3.8	VERHNEURALSK RUSSIA	288330	2041	288330	2463
-0.5	2.1	JAFFA ISRAEL	401760	1758	401760	2464
-3.7	4.6	TREHERNE CANADA	711482	2000	711482	2465
-3.5	0.5	FORT WINGATE USA	723654	1858	723654	2466
-3	1.7	BLOOMFIELD USA	723602	1858	723602	2467
-3	0.299999999999997	GYSHGY TURKMENISTAN	389870	1824	389870	2468
-3.5	4.9	PRAIA CAPE VERDE	85890	1481	85890	2469
-5	3.7	JINJA UGANDA	636820	1254	636820	2470
-5	1.5	CAPE NATURALISTE AUSTRALIA	946000	805	946000	2471
-0.0999999999999943	3	VILLA DOLORES A ARGENTINA	873280	842	873280	2472
-0.799999999999997	1.5	CATAMARCA AERO ARGENTINA	872220	914	872220	2473
-2.2	4	ASWAN EGYPT	624140	1614	624140	2474
-3.7	4.9	HELWAN EGYPT	623780	1686	623780	2475
-2.2	1.8	DULUTH, MINNESOTA USA	727450	1999	727450	2476
-3.09999999999999	4.2	MORDEN EXP FARM CANADA	715640	2000	715640	2477
-1.3	4.2	PIERSON CANADA	719968	2001	719968	2478
-2.8	0.299999999999997	AKTOBE KAZAKHSTAN	352290	2041	352290	2479
-1.09999999999999	0.399999999999999	BIRTLE CANADA	719964	2073	719964	2480
-0.600000000000001	2.9	SAMARA (BEZENCUK) RUSSIA	279950	2043	279950	2481
-4	2.4	OKTJABRSKOE RUSSIA	237340	2183	237340	2482
-2.7	4.2	MULESHOE #1 USA	754450	1785	754450	2483
-2.8	0.700000000000003	CHIN-CHOU CHINA	545007	1884	545007	2484
-2	1.2	KUALAPUU, MOLOKAI HAWAII	911867	1652	911867	2485
-1.9	3.8	JOHANNESBURG/JOUBERT SOUTH AFRICA	683697	895	683697	2486
-0.200000000000003	0.8	PARAMARIBO SURINAME	812017	1416	812017	2487
-0.5	4.8	IDAHO SPRINGS USA	724694	1858	724694	2488
-1.90000000000001	2.4	SAN JOSE USA	724812	1861	724812	2489
-2.09999999999999	3.5	IDAHO FALLS USA	726814	1931	726814	2490
-1.5	0.600000000000001	GRYTVIKEN/S. GEORGIA ANTARCTICA	889030	548	889030	2491
-2	1.3	GISBORNE AERODROME NEW ZEALAND	932920	721	932920	2492
-2.40000000000001	0.399999999999999	MOUNT BARKER AUSTRALIA	946300	805	946300	2493
-3.6	4.6	CONAKRY/GBESSIA GUINEA	618320	1407	618320	2494
-1.5	2	KANO NIGERIA	650460	1475	650460	2495
-2.8	3.5	NIAMEY A NIGER	610520	1476	610520	2496
-0.0999999999999943	4.7	HILO WSO A HAWAII	912850	1580	912850	2497
-4.40000000000001	2	LIHUE WSO A HAWAII	911650	1652	911650	2498
-0.5	1	FUZHOU CHINA	588470	1669	588470	2499
-0.200000000000003	0.899999999999999	MONTERREY, N.L. MEXICO	763930	1713	763930	2500
-3.59999999999999	4.8	MOKPO KOREA, SOUTH	471650	1739	471650	2501
-1.2	2.1	NANJING CHINA	582380	1741	582380	2502
-0.700000000000003	0.600000000000001	HANKOW CHINA	574940	1742	574940	2503
-3.40000000000001	2.5	INCHON KOREA, SOUTH	471120	1811	471120	2504
-3.40000000000001	3.9	DALIAN CHINA	546620	1812	546620	2505
-1.5	1.7	SHENYANG CHINA	543420	1884	543420	2506
-2.8	0.700000000000003	YINGKOU CHINA	544710	1884	544710	2507
-3.8	1.8	ARALSKOE MORE KAZAKHSTAN	357460	1968	357460	2508
-3.90000000000001	3.1	DEVILS LAKE (ND) USA	727570	2000	727570	2509
-2	2.4	BERENS RIVER CANADA	711580	2072	711580	2510
-1.7	3.4	RANFURLY CANADA	718881	2075	718881	2511
-1	3.4	FORT VERMILION CANADA	710240	2148	710240	2512
-3.69999999999999	4.6	ATLIN CANADA	719641	2151	719641	2513
-3.8	3.8	PORT ARTHUR CHINA	999024	1812	999024	2514
-0.800000000000011	0.700000000000003	JSOHIN (ZVOSIN) KOREA	999029	1883	999029	2515
-1.5	3.9	DUTCH HARBOR USA	704890	2086	704890	2516
-3.7	2.6	RUPERT USA	725787	1931	725787	2517
-4.80000000000001	2.2	HOLY CROSS USA	702337	2228	702337	2518
-2.2	4.1	MAGDELENA USA	723665	1786	723665	2519
-3	1.3	HONOLULU OBS HAWAII	911827	1652	911827	2520
-2.8	2.6	Kufstein AUSTRIA	111300	1978	111300	2521
-2	4.8	RUSSARO FINLAND	29820	2120	29820	2522
-3.90000000000001	2.1	MENDOZA OBS ARGENTINA	874200	842	874200	2523
-0.399999999999999	1.3	MASHHAD IRAN	407450	1825	407450	2524
-0.9	2.2	LINDENBERG GERMANY	103930	2050	103930	2525
-3.3	2.1	WINTERSWIJK/HUPSEL NETHERLANDS	62830	2051	62830	2526
-4.2	0.899999999999999	MAASTRICHT NETHERLANDS	63800	2051	63800	2527
-4.3	1.7	GEMERT/VOLKEL NETHERLANDS	63750	2051	63750	2528
-3.4	3.1	EELDE NETHERLANDS	62800	2051	62800	2529
-0.0999999999999996	1.6	OUDENBOCSH/GILZE-RIZ NETHERLANDS	63500	2052	63500	2530
-0.2	2.9	DE KOOY NETHERLANDS	62350	2052	62350	2531
-0.400000000000006	4.5	NOME ALASKA	702000	2230	702000	2532
-3.90000000000001	4.40000000000001	DUDINKA RUSSIA	230740	2251	230740	2533
-3.3	2.40000000000001	Sodankylae FINLAND	28360	2263	28360	2534
-2.5	2	HATANGA RUSSIA	208910	2320	208910	2535
-2.09999999999999	1.5	MONCAY VIETNAM	999045	1599	999045	2536
-4.5	4.3	CLONCURRY AUSTRALIA	943350	944	943350	2537
-2.4	0.3	KAMPALA UGANDA	636800	1326	636800	2538
-2.5	1.7	CARCROSS CANADA	719671	2224	719671	2539
-4.90000000000001	4.5	COOKTOWN POST OFF. AUSTRALIA	942830	1015	942830	2540
-1	0.800000000000001	HANA, MAUI HAWAII	911915	1652	911915	2541
-1.8	1.5	COTE CANADA	715531	2073	715531	2542
-1.90000000000001	4.7	ADELONG-POST-OFFICE AUSTRALIA---	959060	727	959060	2543
-3.59999999999999	4	COROWA AIRPORT AUSTRALIA	948890	727	948890	2544
-0.899999999999999	4.5	NUEVE DE JULIO ARGENTINA	875500	769	875500	2545
-4.19999999999999	3.9	TAMWORTH AIRPORT AWS AUSTRALIA	957620	798	957620	2546
-4.30000000000001	3.5	QUIRINDI POST OFFICE AUSTRALIA	957460	798	957460	2547
-4.69999999999999	1.3	KATOOMBA (NARROW NEC AUSTRALIA	947440	798	947440	2548
-4.09999999999999	2.5	JERRYS PLAINS POST O AUSTRALIA	947390	798	947390	2549
-4.19999999999999	3.2	MURRURUNDI POST OFFI AUSTRALIA	947560	798	947560	2550
-2.19999999999999	3.9	KEMPSEY (WIDE STREET AUSTRALIA	947880	798	947880	2551
-2.5	3.1	TAREE (RADIO STATION AUSTRALIA	947840	798	947840	2552
-1.80000000000001	1.1	GRENFELL-POST-OFFICE AUSTRALIA---	959956	799	959956	2553
-3.59999999999999	1.7	LAKE CARGELLIGO AIRP AUSTRALIA	957070	799	957070	2554
-0.800000000000011	1.5	MILLTHORPE-POST-OFFI AUSTRALIA---	959957	799	959957	2555
-1.09999999999999	0.200000000000003	YASS (LINTON HOSTEL) AUSTRALIA	957230	799	957230	2556
-1	2.4	WELLINGTON (AGROWPLO AUSTRALIA	947230	799	947230	2557
-1.59999999999999	4	COONAMBLE COMPARISON AUSTRALIA	947180	799	947180	2558
-1.69999999999999	0.700000000000003	YOUNG-POST-OFFICE AUSTRALIA---	947120	799	947120	2559
-4.5	1.5	HILLSTON AIRPORT AUSTRALIA	947000	799	947000	2560
-1.80000000000001	1.9	PARKES (MACARTHUR ST AUSTRALIA	947170	799	947170	2561
-2.80000000000001	1.9	CONDOBOLIN-POST-OFFI AUSTRALIA---	947070	799	947070	2562
-0.400000000000006	2.4	MUDGEE AUSTRALIA---	947310	799	947310	2563
-2.59999999999999	2.6	MENINDEE POST OFFICE AUSTRALIA	946940	800	946940	2564
-1.90000000000001	4.1	WHITE CLIFFS POST OF AUSTRALIA	946990	800	946990	2565
-1.40000000000001	0.399999999999999	BALRANALD (RSL) AUSTRALIA	946960	800	946960	2566
-3	0.899999999999999	TENTERFIELD (DERBY S AUSTRALIA	945560	870	945560	2567
-1.69999999999999	1.2	LISMORE (CENTRE STRE AUSTRALIA	945860	870	945860	2568
-3.30000000000001	0.300000000000001	GLEN INNES POST OFFI AUSTRALIA	947780	870	947780	2569
-1.40000000000001	0.399999999999999	COLLARENEBRI (VIEWPO AUSTRALIA	955200	871	955200	2570
-2.5	2	BOLLON MARY ST AUSTRALIA	945130	871	945130	2571
-4.30000000000001	1.9	CUNNAMULLA POST OFFI AUSTRALIA	945000	871	945000	2572
-2	3.5	MITCHELL POST OFFICE AUSTRALIA	945140	871	945140	2573
-1.80000000000001	0.300000000000001	SANDY CAPE LIGHTHOUS AUSTRALIA	943900	942	943900	2574
-1.80000000000001	1.5	EMERALD-POST-OFFICE AUSTRALIA---	943630	943	943630	2575
-1.80000000000001	5	BOWEN AIRPORT AUSTRALIA	943660	943	943660	2576
-4.80000000000001	3.8	RAROTONGA A COOK ISLANDS	918430	1004	918430	2577
-4.59999999999999	2.6	HERBERTON-POST-OFFIC AUSTRALIA---	959967	1015	959967	2578
-4	1.7	CARDWELL EDEN ST AUSTRALIA	942920	1015	942920	2579
-1.5	0.199999999999999	MUSGRAVE AUSTRALIA	941870	1088	941870	2580
-3.40000000000001	0.800000000000001	PHU-LIEN VIETNAM	488260	1599	488260	2581
-2.80000000000001	2.1	CHICHIJIMA JAPAN PACIFIC	479710	1664	479710	2582
-4.8	0.199999999999999	HANGZHOU CHINA	584570	1740	584570	2583
-3	2.6	SEOUL KOREA, SOUTH	471080	1811	471080	2584
-4.2	4	PYONGYANG KOREA, NORTH	470580	1811	470580	2585
-4.59999999999999	4.5	PENTICTON CANADA	718890	2004	718890	2586
-4.7	4.6	Summerland CS CANADA	717680	2004	717680	2587
-4.40000000000001	3.1	WASECA CANADA	719962	2074	719962	2588
-3.8	2.5	LACOMBE CANADA	712420	2075	712420	2589
-4.19999999999999	4.9	Point Perpendicular AUSTRALIA	959400	726	959400	2590
-2.09999999999999	3.6	Port Macquarie AUSTRALIA	947870	798	947870	2591
-4.19999999999999	3	Scone AUSTRALIA	947580	798	947580	2592
-4.69999999999999	4	Gunnedah AUSTRALIA	947420	798	947420	2593
-3.90000000000001	0.199999999999999	Inverell AUSTRALIA	945410	870	945410	2594
-2.69999999999999	0.100000000000001	Bundaberg AUSTRALIA	943870	942	943870	2595
-3.69999999999999	4.9	Charters Towers AUSTRALIA	943560	943	943560	2596
-4.19999999999999	3.1	Cairns AUSTRALIA	942870	1015	942870	2597
-0.900000000000006	4	Palmerville AUSTRALIA	942760	1016	942760	2598
-1.5	1.7	Georgetown AUSTRALIA	942740	1016	942740	2599
-0.5	2.2	Burketown AUSTRALIA	942600	1017	942600	2600
-1.90000000000001	0.100000000000001	Camooweal AUSTRALIA	942550	1017	942550	2601
-2.30000000000001	2.3	OCHIAI RUSSIA	999039	1952	999039	2602
-1	1.1	KOOSKIA USA	727736	2004	727736	2603
-4.8	1.4	ISLA GUAFO CHILE	858340	699	858340	2604
-4.09999999999999	3.9	SION CANADA	711231	2075	711231	2605
-0.599999999999994	4.90000000000001	FORT NORMAN CANADA	710431	2222	710431	2606
-4.5	0.100000000000001	SEWARD ALASKA	702770	2226	702770	2607
-1	3	ANGERMUENDE GERMANY	102910	2050	102910	2608
-4.5	3.5	WARATAH (WILLIAM STR AUSTRALIA	959500	655	959500	2609
-1.19999999999999	2.5	BALLARAT AERODROME AUSTRALIA	948520	728	948520	2610
-3.90000000000001	3	KALAMUNDA-(KALAMUNDA AUSTRALIA---	946150	805	946150	2611
-2.40000000000001	3.8	GYMPIE FORESTRY AUSTRALIA	945660	870	945660	2612
-1.90000000000001	1.1	CASINO AIRPORT AUSTRALIA	945740	870	945740	2613
-4.69999999999999	1.4	GOONDIWINDI-POST-OFF AUSTRALIA---	945300	870	945300	2614
-2.30000000000001	4.5	MARYBOROUGH AUSTRALIA	945670	870	945670	2615
-0.900000000000006	3.8	TE KOWAI EXP STN AUSTRALIA	959969	943	959969	2616
-4	2.5	INNISFAIL AUSTRALIA	942910	1015	942910	2617
-2.5	0.199999999999999	KODAIKANAL INDIA	433390	1461	433390	2618
-3.8	1.3	KELLIHER CANADA	718651	2073	718651	2619
-2.5	1.3	GLACIER CANADA	711731	2076	711731	2620
-0.5	4.3	PRINCE RUPERT CANADA	718980	2079	718980	2621
-1.2	1.7	FORT MCMURRAY CANADA	715850	2147	715850	2622
-2.2	3.6	High Level A CANADA	710660	2148	710660	2623
-2.40000000000001	1.2	PEACE RIVER CANADA	710680	2148	710680	2624
-0.800000000000001	1	Kuusamo FINLAND	28690	2263	28690	2625
-4.80000000000001	3.3	Miles AUSTRALIA	945290	870	945290	2626
-1.90000000000001	4.3	Richmond (Qld) AUSTRALIA	943400	944	943400	2627
-3.90000000000001	2.3	Normanton AUSTRALIA	942670	1016	942670	2628
-1.90000000000001	4.2	PORONAJSK RUSSIA	320980	1952	320980	2629
-2.3	3	BUTHA QI CHINA	505277	1956	505277	2630
-2.59999999999999	4.6	MAN-CHOU-LI/LU-PIN CHINA	505140	1957	505140	2631
-0.400000000000006	2.8	DOUGLAS USA	725693	1930	725693	2632
-1.09999999999999	1.1	FOXPARK USA	725643	1930	725643	2633
-1	1.7	TIETON INTAKE USA	727812	2005	727812	2634
-1.2	2.3	LAKE KACHESS USA	742072	2005	742072	2635
-1.59999999999999	3.3	WARNER SPRINGS USA	722955	1788	722955	2636
-3.40000000000001	4.8	LOVELL USA	726703	1930	726703	2637
-1.3	1.3	NEZ PERCE USA	727832	2004	727832	2638
-2.69999999999999	1.59999999999999	ALLAKAKET USA	701737	2299	701737	2639
-1.30000000000001	0.5	ROSEWORTHY-AGRIC.COL AUSTRALIA---	959960	801	959960	2640
-4.3	0.5	WARRI NIGERIA	652360	1403	652360	2641
-3	4.1	JAGDALPUR INDIA	430410	1532	430410	2642
-0.700000000000003	5	WINSLOW,-AZ. USA---------	723740	1787	723740	2643
-1.40000000000001	0.899999999999999	TAEGU KOREA, SOUTH	471430	1811	471430	2644
-4.8	3.9	CHANGCHUN CHINA	541610	1883	541610	2645
-1.30000000000001	0.899999999999999	DALNERE-CHENSK RUSSIA	318730	1954	318730	2646
-3.2	0.799999999999997	HARBIN CHINA	509530	1955	509530	2647
-1.09999999999999	2.4	QIQIHAER CHINA	507450	1956	507450	2648
-0.200000000000003	4.2	HAILAR CHINA	505270	1957	505270	2649
-4	2.6	PORT AUXBASQUES CANADA	711970	1992	711970	2650
-3.5	0.799999999999997	BILLINGS USA	726770	2002	726770	2651
-0.5	0.5	CORDOVA USA	702960	2226	702960	2652
-0.5	2.2	GULKANA/INTL. USA---------	702710	2226	702710	2653
-0.400000000000006	1.6	Bathurst AUSTRALIA	947300	799	947300	2654
-1.09999999999999	4.7	BOMNAK RUSSIA	312530	2027	312530	2655
-0.0999999999999943	4.5	SNOWFLAKE USA	723744	1787	723744	2656
-2.3	4.6	GLENWOOD SPRINGS USA	724764	1858	724764	2657
-2	3.9	CRESTED BUTTE USA	724761	1858	724761	2658
-3.2	4	LAURIER USA	727896	2004	727896	2659
-2.3	3.4	KELLERBERRIN AUSTRALIA	959962	805	959962	2660
-2.40000000000001	2.2	CLERMONT POST OFFICE AUSTRALIA	943590	943	943590	2661
-2.09999999999999	3	LIMA-CALLAO INTL A PERU	846280	1132	846280	2662
-5	1.9	MANAUS BRAZIL	823310	1272	823310	2663
-2.6	4.2	YOLA NIGERIA	651670	1402	651670	2664
-4.8	3.2	EL-OBEID SUDAN	627710	1470	627710	2665
-1.8	3.4	BANJUL/YUNDUM GAMBIA	617010	1480	617010	2666
-2.2	1	MEDEA ALGERIA	604370	1836	604370	2667
-1.9	1.5	ASKANIIA-NOVA UKRAINE	339150	1974	339150	2668
-4.09999999999999	1.7	TEMISCAMINGUE CANADA	717320	1996	717320	2669
-3.90000000000001	4.7	Klintonel CANADA	719960	2002	719960	2670
-1.09999999999999	4	THE PAS CANADA	716950	2073	716950	2671
-5	0.899999999999999	STEWART CANADA	719550	2150	719550	2672
-2.80000000000001	3.4	Launceston AUSTRALIA	959660	655	959660	2673
-1.59999999999999	4	Eddystone Point AUSTRALIA	949830	655	949830	2674
-4.80000000000001	4.1	Moruya Heads AUSTRALIA	949370	726	949370	2675
-4.19999999999999	2.2	Mount Gambier AUSTRALIA	948210	728	948210	2676
-0.199999999999989	2.8	Robe AUSTRALIA	948120	729	948120	2677
-4.19999999999999	3.5	Cobar AUSTRALIA	947110	799	947110	2678
-2.90000000000001	0.799999999999997	Mildura AUSTRALIA	946930	800	946930	2679
-1.80000000000001	1.2	Snowtown AUSTRALIA	956700	801	956700	2680
-4.09999999999999	0.399999999999999	Port Lincoln AUSTRALIA	946600	801	946600	2681
-3.5	4.2	Kalgoorlie-Boulder AUSTRALIA	946370	804	946370	2682
-3.09999999999999	1.2	Esperance AUSTRALIA	946380	804	946380	2683
-2.2	0.100000000000001	Albany AUSTRALIA	948020	805	948020	2684
-4	3.1	Perth AUSTRALIA	946100	805	946100	2685
-1.5	3	Cape Moreton AUSTRALIA	945940	870	945940	2686
-3.69999999999999	3.6	Charleville AUSTRALIA	945100	871	945100	2687
-3	0.600000000000001	Tibooburra AUSTRALIA	944850	872	944850	2688
-1.90000000000001	0.300000000000001	Marree AUSTRALIA	944800	873	944800	2689
-0.299999999999997	1.2	Geraldton AUSTRALIA	944030	878	944030	2690
-0.800000000000011	3.9	Mackay AUSTRALIA	943670	943	943670	2691
-0.699999999999989	1.6	Longreach AUSTRALIA	943460	944	943460	2692
-1.3	0.100000000000001	Carnarvon AUSTRALIA	943000	950	943000	2693
-0.800000000000011	0.399999999999999	Tennant Creek AUSTRALIA	942380	1018	942380	2694
-2.3	1.4	AHTY RUSSIA	376630	1899	376630	2695
-0.299999999999997	3.8	MOGOCA RUSSIA	306730	2029	306730	2696
-4.8	3.8	REBOLY RUSSIA	226020	2190	226020	2697
-3.09999999999999	0.299999999999997	LA GRANDE USA	726886	2004	726886	2698
-2.19999999999999	4	MASSET CANADA	718997	2079	718997	2699
-0.799999999999997	3.2	MESCALERO USA	722687	1786	722687	2700
-3.2	4.4	CLOVIS USA	722685	1785	722685	2701
-3.40000000000001	4.2	PORTALES USA	723603	1785	723603	2702
-4.3	4.1	SPRINGERVILLE USA	723745	1786	723745	2703
-3	3.4	MILFORD USA	724714	1859	724714	2704
-4.3	3.3	LOST RIVER CANADA	711301	2073	711301	2705
-3.5	4	GRAND FORKS CANADA	714011	2004	714011	2706
-3.7	1.2	FORT RESOLUTION CANADA	710731	2219	710731	2707
-2.7	2.7	GULU UGANDA	636300	1326	636300	2708
-3.09999999999999	5	BREWARRINA HOSPITAL AUSTRALIA	955120	799	955120	2709
-0.599999999999994	2.9	LA QUIACA OBS ARGENTINA	870070	986	870070	2710
-0.399999999999999	3.3	TURIACU BRAZIL	821980	1270	821980	2711
-1.09999999999999	1.3	SINGAPORE SINGAPORE	486940	1312	486940	2712
-4.6	2	MOGADISCIO SOMALIA	632600	1323	632600	2713
-3.40000000000001	4	HUALIEN TAIWAN	466990	1596	466990	2714
-2	3.1	CHANGSHA CHINA	576790	1670	576790	2715
-1.69999999999999	3	AIKAWA JAPAN	476020	1809	476020	2716
-2.40000000000001	2.5	RICHMOND USA	724010	1852	724010	2717
-3.09999999999999	3.8	TIMIRYAZEVSKIJ RUSSIA	319610	1882	319610	2718
-2.8	2.4	LA TUQUE CANADA	713780	1995	713780	2719
-4.2	4.8	YELLOW GRASS CANADA	719963	2001	719963	2720
-4.3	0.700000000000003	TETE BALEINE CANADA	718140	2064	718140	2721
-3.8	2.4	SCOTT CANADA	714890	2074	714890	2722
-0.200000000000003	2.4	PILGER CANADA	718663	2074	718663	2723
-4.2	0.700000000000003	SALMON ARM CANADA	712180	2076	712180	2724
-0.4	4.6	KONGSBERG (R) NORWAY	14730	2123	14730	2725
-2.5	4.8	Wagga Wagga AUSTRALIA	949100	727	949100	2726
-3.5	2.4	IM. POLINY OSIPENKO RUSSIA	314160	2025	314160	2727
-1	4	SKOVORODINO RUSSIA	306920	2028	306920	2728
-2.09999999999999	3.1	VERHNEIMBATSK RUSSIA	236780	2179	236780	2729
-0.900000000000006	2.1	KAJOEMAS INDONESIA	969887	1166	969887	2730
-4.8	2.5	TOSARI INDONESIA	968531	1166	968531	2731
-4.90000000000001	4.4	CRISTOBAL PANAMA	787837	1420	787837	2732
-0.800000000000001	3	ISFJORD RADIO NORWAY	10050	2410	10050	2733
-0.599999999999994	4.3	CORONA USA	723657	1786	723657	2734
-1.3	1.7	UST-KULOM RUSSIA	238030	2186	238030	2735
-0.800000000000011	3.1	BOMBALA (THERRY STRE AUSTRALIA	949280	727	949280	2736
-0.900000000000006	3.4	LORD HOWE ISLAND AUSTRALIA	949950	797	949950	2737
-4.80000000000001	1.5	LITHGOW (BIRDWOOD ST AUSTRALIA	947410	798	947410	2738
-0.600000000000001	1.1	PERGAMINO/INTA ARGENTINA	874840	841	874840	2739
-2.80000000000001	1.8	CROYDON TOWNSHIP AUSTRALIA	942690	1016	942690	2740
-2.7	3.9	CACERES BRAZIL	834050	1056	834050	2741
-3.5	2	SALVADOR BRAZIL	832290	1124	832290	2742
-2.40000000000001	3.1	BANDUNG INDONESIA	967810	1167	967810	2743
-0.599999999999994	4.8	PONTIANAK/SUPADIO INDONESIA	965810	1239	965810	2744
-0.0999999999999943	1.5	MENADO/RATULANGI INDONESIA	970140	1308	970140	2745
-1.7	3.1	GUANGZHOU CHINA	592870	1598	592870	2746
-3.40000000000001	3.7	FORT FRANCES CANADA	719972	1999	719972	2747
-1.90000000000001	4.9	KASLO CANADA	719937	2004	719937	2748
-1.5	4.1	CRESTON CANADA	719935	2004	719935	2749
-4.2	1.5	KINDERSLEY CANADA	711290	2074	711290	2750
-4.7	4.1	CAMPSIE CANADA	719951	2075	719951	2751
-2.7	3.9	PRINCE GEORGE CANADA	718960	2077	718960	2752
-3.59999999999999	4.5	TERRACE CANADA	719510	2078	719510	2753
-3.5	3.9	Rutherglen AUSTRALIA	958370	727	958370	2754
-1.7	3.5	Merredin AUSTRALIA	956240	805	956240	2755
-1.40000000000001	4.6	Port Hedland AUSTRALIA	943120	949	943120	2756
-3.9	1.3	KOTLAS RUSSIA	228870	2187	228870	2757
-3	2.2	KANDALAKSA RUSSIA	222170	2262	222170	2758
-4.90000000000001	2.8	LAKE HARBOUR CANADA	710921	2210	710921	2759
-1.8	1.9	BEATTY USA	723871	1860	723871	2760
-1.3	3.8	ROCKLIN USA	724705	1861	724705	2761
-3.09999999999999	2.7	HOBBS USA	722689	1785	722689	2762
-1.7	4.3	DESERET USA	724862	1859	724862	2763
-4.8	1.3	PROSSER 4 USA	727886	2004	727886	2764
-0.700000000000003	3.8	IROQUOIS FALLS CANADA	717391	1997	717391	2765
-4.7	3.2	TADOUSSAC CANADA	711901	1994	711901	2766
-4.40000000000001	2.4	VILLE MARIE CANADA	716841	1996	716841	2767
-0.200000000000003	4.9	MORRISBURG CANADA	713001	1924	713001	2768
-3.5	1.8	PUDOZ RUSSIA	228310	2189	228310	2769
-1.09999999999999	0.100000000000001	CURRIE AUSTRALIA---	959968	728	959968	2770
-2.19999999999999	2.4	IPSWICH-COMPOSITE AUSTRALIA---	955910	870	955910	2771
-3.09999999999999	2.3	CAMBOOYA-POST-OFFICE AUSTRALIA---	959964	870	959964	2772
-2.09999999999999	3.2	BEERWAH-(CROHAMHURST AUSTRALIA---	959959	870	959959	2773
-3	3.3	NANANGO AUSTRALIA---	959952	870	959952	2774
-2.69999999999999	2.4	GATTON-LAWES AUSTRALIA---	959963	870	959963	2775
-4.59999999999999	1.4	MOUNT-MORGAN AUSTRALIA---	959951	942	959951	2776
-0.599999999999994	0.699999999999999	ISISFORD POST OFFICE AUSTRALIA	943450	944	943450	2777
-4.19999999999999	3.5	SHIONOMISAKI JAPAN	477780	1737	477780	2778
-4.3	0.799999999999997	NAPPAN CANADA	713110	1993	713110	2779
-4.5	0.100000000000001	KENTVILLE CANADA	716710	1993	716710	2780
-1.59999999999999	0.899999999999999	Fredericton CDA CANADA	716680	1994	716680	2781
-2.2	3.4	CAUSAPSCAL CANADA	719980	1994	719980	2782
-5	2.4	LA POCATIERE CANADA	717130	1994	717130	2783
-0.700000000000003	1.2	BEAUCEVILLE CANADA	713230	1995	713230	2784
-2.59999999999999	1.2	NICOLET CANADA	717230	1995	717230	2785
-4.09999999999999	0.299999999999997	LES CEDRES CANADA	719987	1995	719987	2786
-2.5	0.899999999999999	DRUMMONDVILLE CANADA	719982	1995	719982	2787
-3.09999999999999	3.6	AMOS CANADA	719979	1996	719979	2788
-3.40000000000001	2.8	CHAPLEAU CANADA	716420	1997	716420	2789
-3.09999999999999	4.9	FAUQUIER CANADA	712161	2004	712161	2790
-3.59999999999999	3.7	SHAWNIGAN LAKE CANADA	717741	2005	717741	2791
-2.09999999999999	0.100000000000001	VAUXHALL CANADA	712510	2075	712510	2792
-4.8	1.6	VAVENBY CANADA	719942	2076	719942	2793
-4.6	4.9	ASKER NORWAY	14860	2122	14860	2794
-2	5	FORT SMITH CANADA	713620	2147	713620	2795
-4.40000000000001	0.200000000000003	BEAVERLODGE CANADA	712300	2148	712300	2796
-1.5	3.8	SIHCCAJAVRI NORWAY	11990	2264	11990	2797
-1.2	3.40000000000001	Abisko SWEDEN	20220	2265	20220	2798
-1.09999999999999	3.3	Eucla AUSTRALIA	946470	803	946470	2799
-1.40000000000001	1.9	St. George AUSTRALIA	945170	871	945170	2800
-4.69999999999999	1.4	Barcaldine AUSTRALIA	943500	943	943500	2801
-4.90000000000001	4.4	ARHARA RUSSIA	315940	1954	315940	2802
-1.3	0.100000000000001	KOLOMNA RUSSIA	276250	2117	276250	2803
-2	1.3	ERBOGACEN RUSSIA	248170	2175	248170	2804
-4.7	1.4	ANTA CHINA	999016	1955	999016	2805
-1.2	0.400000000000006	WAIGATZ RUSSIA	999041	2329	999041	2806
-1.3	1.9	BUMPING LAKE USA	727924	2005	727924	2807
-1.5	4.3	NATURAL BRIDGE USA	723704	1787	723704	2808
-2.09999999999999	2.3	BISCOTASING CANADA	717381	1997	717381	2809
-1.3	2.3	LAKE KEECHELUS USA	742073	2005	742073	2810
-4.3	2.5	SANTAREM/TAPERINHA BRAZIL	822430	1271	822430	2811
-0.900000000000006	1.4	NOGALES USA	722734	1787	722734	2812
-2.8	3.9	YORBA LINDA USA	722867	1788	722867	2813
-2.59999999999999	3.3	BEAVER USA	724707	1859	724707	2814
-2.2	2.4	KENT USA	727935	2005	727935	2815
-0.5	4.8	ANNAPOLIS ROYAL CANADA	715991	1922	715991	2816
-2.8	4.8	DRYDEN CANADA	715270	1999	715270	2817
-1.2	0.200000000000003	DEMING CANADA	714191	1993	714191	2818
-2.40000000000001	4.3	KINGSCOTE AUSTRALIA	948070	729	948070	2819
-3.7	3	YACUIBA BOLIVIA	853650	985	853650	2820
-2	5	ELBERTA USA---------	725812	1859	725812	2821
-0.5	2.9	YANJI CHINA	542920	1883	542920	2822
-4.7	1.4	ANDA CHINA	508540	1955	508540	2823
-2.7	1.8	AROOSTOOK CANADA	719988	1994	719988	2824
-2.59999999999999	1.2	WOODSTOCK CANADA	717031	1994	717031	2825
-3.40000000000001	1	JOLIETTE CANADA	715241	1995	715241	2826
-4.5	4.8	CHIBOUGAMAU CANADA	718220	1995	718220	2827
-2.3	3.5	ROBERVAL CANADA	717280	1995	717280	2828
-1	1.3	MANIWAKI CANADA	717210	1996	717210	2829
-3.40000000000001	4	CARWAY CANADA	719952	2003	719952	2830
-1.8	0.200000000000003	NATASHQUAN CANADA	718130	2065	718130	2831
-1.90000000000001	0.100000000000001	SIOUX LOOKOUT CANADA	718420	2071	718420	2832
-4.09999999999999	1.8	OLDS CANADA	712580	2075	712580	2833
-1.5	3.6	EDSON CANADA	718810	2076	718810	2834
-4.5	2.7	CARIBOO LODGE CANADA	718831	2076	718831	2835
-0.200000000000003	1.3	DARFIELD CANADA	718871	2077	718871	2836
-1.8	1	PRIMORSKO-AHTARSK RUSSIA	348240	1973	348240	2837
-2.3	1	KRASNOJARSK OPYTNOE RUSSIA	295700	2106	295700	2838
-4.9	4.2	TERIBERKA RUSSIA	220280	2261	220280	2839
-1.90000000000001	4.4	AMOY CHINA	467330	1597	467330	2840
-4.59999999999999	2.3	UNGGI KOREA	999031	1882	999031	2841
-3.09999999999999	1.8	CHUNGKANGIN CHINA	999028	1883	999028	2842
-2.09999999999999	2.4	PASURUAN INDONESIA	969367	1166	969367	2843
-4	3.8	FORT GEORGE CANADA	718279	2068	718279	2844
-2.59999999999999	0.200000000000003	NEW HAZELTON CANADA	719511	2150	719511	2845
-3.90000000000001	2.7	OKTIABR'SKAYA RUSSIA	325640	2021	325640	2846
-1.2	0.700000000000003	JENNER CANADA	719861	2075	719861	2847
-4.5	4.7	LAMEROO AUSTRALIA	946880	728	946880	2848
-2.09999999999999	0.899999999999999	NORFOLK ISLAND A AUSTRALIA	949960	867	949960	2849
-1	1	MUNGINDI POST OFFICE AUSTRALIA	945200	871	945200	2850
-1.2	3.6	MERIDA VENEZUELA	804380	1419	804380	2851
-3.09999999999999	1.8	CHUNGGANG KOREA, NORTH	470140	1883	470140	2852
-3.40000000000001	0.799999999999997	HOHHOT CHINA	534630	1886	534630	2853
-0.700000000000003	4.6	BROCKVILLE CANADA	716204	1924	716204	2854
-4.5	3.8	GASPE CANADA	711880	1993	711880	2855
-3	0.200000000000003	UPPER STEWIACKE CANADA	717530	1993	717530	2856
-1.8	0.399999999999999	LENNOXVILLE CANADA	716110	1995	716110	2857
-3	0.5	MADAWASKA CANADA	715810	1996	715810	2858
-2.3	1	SHEENBOROUGH CANADA	716251	1996	716251	2859
-2.59999999999999	0.899999999999999	GORE BAY CANADA	717330	1997	717330	2860
-2.59999999999999	3.8	MINE CENTRE CANADA	719975	1999	719975	2861
-0.200000000000003	4.6	INDIAN BAY CANADA	714491	2000	714491	2862
-0.599999999999994	4	SPRAGUE CANADA	714490	2000	714490	2863
-1.09999999999999	0.200000000000003	PINAWA CANADA	714480	2072	714480	2864
-2.09999999999999	1.5	OUTLOOK CANADA	715510	2074	715510	2865
-3.90000000000001	3.3	CALMAR CANADA	719950	2075	719950	2866
-4.90000000000001	2.4	ROCKY MTN HOUSE CANADA	719280	2075	719280	2867
-2.90000000000001	4.8	FAIRBANKS ALASKA	702610	2226	702610	2868
-2	3.1	EKIMCHAN RUSSIA	313290	2026	313290	2869
-2.8	4.8	KOJNAS RUSSIA	225830	2187	225830	2870
-1.7	3.59999999999999	KANIN NOS RUSSIA	221650	2260	221650	2871
-0.299999999999997	0.900000000000006	GRIDINO RUSSIA	224220	2262	224220	2872
-3.40000000000001	2.7	PEARL USA	722694	1785	722694	2873
-1.09999999999999	3.9	AUBURN USA	724832	1861	724832	2874
-3.59999999999999	4.9	DEAVER USA	726775	1930	726775	2875
-1.2	2.3	LANDSBURG USA	727936	2005	727936	2876
-4.6	0.299999999999997	FANA (R) NORWAY	13171	2195	13171	2877
-0.5	1.2	PJALICA RUSSIA	223490	2261	223490	2878
-1.9	0.699999999999999	MAIDUGURI NIGERIA	650820	1474	650820	2879
-4.8	3	SOKOTO NIGERIA	650100	1475	650100	2880
-4.2	4.4	MEXICO-CENTRAL, D.F. MEXICO	766800	1568	766800	2881
-1.5	5	TENGCHONG CHINA	567390	1601	567390	2882
-1.5	3.3	IZANA CANARY IS.	600100	1696	600100	2883
-2.40000000000001	2.8	TAIYUAN CHINA	537720	1814	537720	2884
-2	0.5	COLLEGEVILLE CANADA	719990	1993	719990	2885
-2.59999999999999	4.3	Castlegar A CANADA	718840	2004	718840	2886
-0.199999999999989	2.2	SAINT PAUL ISLAND ALASKA	703080	2159	703080	2887
-5	1.2	ANCHORAGE ALASKA	702730	2226	702730	2888
-4.90000000000001	3.5	DIKSON RUSSIA	206740	2324	206740	2889
-3.2	1.9	MAHALAPYE BOTSWANA	681480	967	681480	2890
-4.90000000000001	3.4	CHARLOTTE AMALIE VIRGIN IS.	785447	1561	785447	2891
-1.09999999999999	1.7	RIMROCK USA	727725	2005	727725	2892
-3.90000000000001	2.4	ISLAS DEL CIS HONDURAS	785010	1565	785010	2893
-3	2.1	BIGGAR CANADA	718762	2074	718762	2894
-4.8	4.2	HORNEPAYNE CANADA	718321	1997	718321	2895
-2.40000000000001	1.5	WRANGELL/AIRPORT USA	703870	2151	703870	2896
-0.100000000000001	0.100000000000001	MAARIANHAMINA FINLAND	29700	2193	29700	2897
-0.300000000000011	1.59999999999999	FORT YUKON USA	701940	2298	701940	2898
-2.9	2.4	WINDHOEK NAMIBIA	681100	969	681100	2899
-3.6	3.2	CIUDAD BOLIVAR VENEZUELA	804440	1417	804440	2900
-4.90000000000001	4.2	ZHARKENT KAZAKHSTAN	368590	1892	368590	2901
-2.90000000000001	2	HARROW CANADA	712980	1925	712980	2902
-1.59999999999999	3.8	ATIKOKAN CANADA	717470	1999	717470	2903
-2.7	3.4	ENTRANCE CANADA	718811	2076	718811	2904
-1.69999999999999	3.7	KING SALMON ALASKA	703260	2156	703260	2905
-3.2	3.1	VAASA AIRPORT FINLAND	29110	2192	29110	2906
-1.30000000000001	1.1	VALDEZ USA	702750	2226	702750	2907
-0.5	3	GREMIKHA (BAY) RUSSIA	221400	2261	221400	2908
-0.5	0.700000000000003	LAMOILLE USA	725832	1932	725832	2909
-2.5	0.200000000000003	ASHFORK USA	723701	1859	723701	2910
-4.30000000000001	1.6	MATANUSKA ALASKA	702747	2226	702747	2911
-3.2	2.3	EDMUNDSTON CANADA	715900	1994	715900	2912
-4.2	2.2	LIVINGSTONE MO ZAMBIA	677430	1039	677430	2913
-3.2	3.5	LA PAZ/ALTO BOLIVIA	852010	1058	852010	2914
-1.7	1.7	DONNACONA CANADA	713891	1995	713891	2915
-2.5	4.4	KAPUSKASING CANADA	718310	1997	718310	2916
-2.40000000000001	4.4	Kapuskasing CDA CANADA	712990	1997	712990	2917
-3.5	4.8	ATHABASCA CANADA	712710	2075	712710	2918
-2.7	2.3	STETTLER NORTH CANADA	712890	2075	712890	2919
-0.0999999999999943	2.3	TALKEETNA USA---------	702510	2227	702510	2920
-2.69999999999999	2.1	Hobart AUSTRALIA	949700	655	949700	2921
-0.799999999999997	1.7	VORONEZ RUSSIA	341230	2045	341230	2922
-1.9	4	MURMANSK RUSSIA	221130	2262	221130	2923
-4.80000000000001	1.09999999999999	MYS UELEN RUSSIA	253990	2302	253990	2924
-1.5	1.2	KAHLER_ASTEN GERMANY	104270	2051	104270	2925
-2.8	4.2	ROEBOURNE AUSTRALIA	943090	949	943090	2926
-2.8	0.799999999999997	CHONJU KOREA, SOUTH	471460	1811	471460	2927
-0.800000000000001	4.4	GVARV (R) NORWAY	14700	2123	14700	2928
-3.4	3.1	LISTA FYR NORWAY	14270	2123	14270	2929
-2.2	3.7	BYGLANDSFJORD (R) NORWAY	14420	2123	14420	2930
-3	0.600000000000001	FLISA (R) NORWAY	13920	2194	13920	2931
-1	4.5	Bjoernoeya NORWAY	10280	2337	10280	2932
-3.5	5	SANTA CRUZ PUERTO ARGENTINA	879140	554	879140	2933
-4.40000000000001	1.4	WOODWARD USA	723493	1856	723493	2934
-3.3	3.7	TONSTAD (R) NORWAY	14241	2123	14241	2935
-0.199999999999999	2.8	GROTOY NORWAY	11650	2266	11650	2936
-0.5	1.5	CANELO USA	722732	1787	722732	2937
-2.7	1.8	PELEE ISLAND CANADA	713030	1925	713030	2938
-3	3.7	VERDAL-SUL (R) NORWAY	12760	2194	12760	2939
-3.9	3.2	SELBU-STUBBE NORWAY	12740	2194	12740	2940
-1.4	4.5	NORDLI (R) NORWAY	12711	2194	12711	2941
-2.80000000000001	3.4	NYNGAN AIRPORT AUSTRALIA	947080	799	947080	2942
-3.7	3.6	TRINCOMALEE SRI LANKA	434180	1388	434180	2943
-3.3	1.6	KUEI YANG/KWEIYANG CHINA	578160	1671	578160	2944
-2.3	0.399999999999999	BASRAH IRAQ	406890	1755	406890	2945
-3.6	3.5	HORTA ACORES	85060	1842	85060	2946
-0.599999999999994	1.6	MONT LAURIER CANADA	717221	1996	717221	2947
-0.800000000000001	3.6	LYNGOR (R) NORWAY	14670	2123	14670	2948
-4	3.2	SELBU (R) NORWAY	12730	2194	12730	2949
-1.5	0.399999999999999	DAGALI (R) NORWAY	13630	2195	13630	2950
-2.5	1.8	MYKEN NORWAY	11150	2266	11150	2951
-4.5	1.1	FORT BAYARD CHINA	999018	1598	999018	2952
-4.1	3.8	KSARA OBSY LEBANON	401060	1757	401060	2953
-3.90000000000001	0.299999999999997	MISTASSINI POST CANADA	718227	2067	718227	2954
-4.2	3.7	SAN SALVADOR EL SALVADOR	786620	1494	786620	2955
-1.59999999999999	1.9	LAUTHALA BAY FIJI	916900	1009	916900	2956
-4.8	0.400000000000006	KISTRAND (R) NORWAY	10630	2335	10630	2957
-4.80000000000001	3.1	ALOFI NIUE ISLAND	918220	1294	918220	2958
-0.300000000000001	3.8	DIVIDALEN NORWAY	11970	2265	11970	2959
-2	2.9	FELDBERG/SCHWARZWALD GERMANY	109080	1979	109080	2960
-4.59999999999999	4.4	COOK AUSTRALIA---	946490	802	946490	2961
-1.6	5	MAUN BOTSWANA	680320	968	680320	2962
-4.3	4.6	CHRISTMAS ISL CHRISTMAS IS.	969950	1095	969950	2963
-0.5	4.1	OCEAN IS/BANABA TUVALU	915330	1227	915330	2964
-1.90000000000001	4.5	YAP WSO A CAROLINE ISLA	914130	1377	914130	2965
-3.90000000000001	1.1	HAMBANTOTA SRI LANKA	434970	1388	434970	2966
-0.199999999999989	3.5	AGANA NAS, GUAM GUAM (US)	912120	1448	912120	2967
-4.3	4.1	MANZANILLO, COL. MEXICO	766540	1569	766540	2968
-4.7	1.2	ZHANJIANG CHINA	596580	1598	596580	2969
-2.3	5	KUNMING CHINA	567780	1600	567780	2970
-4.8	1.3	PROGRESO, YUC. MEXICO	765930	1638	765930	2971
-1.40000000000001	1.9	MONCLOVA, COAH. MEXICO	763420	1713	763420	2972
-1	0.5	SALTILLO, COAH. MEXICO	763900	1713	763900	2973
-2.40000000000001	3.2	MIDWAY SAND ISLAND PACIFIC (US)	910660	1728	910660	2974
-2.40000000000001	4.2	BELLEVILLE CANADA	719970	1924	719970	2975
-2.4	4.2	DEER LAKE CANADA	718090	1992	718090	2976
-3.40000000000001	0.799999999999997	CAPE SCOTT CANADA	715621	2078	715621	2977
-3.09999999999999	3.5	INUKJUAK CANADA	719070	2140	719070	2978
-3.2	1.4	FJAERLAND (R) NORWAY	13320	2195	13320	2979
-0.3	1.6	YTTEROYANE (R) NORWAY	13040	2196	13040	2980
-0.700000000000003	3.3	CHESTERFIELD CANADA	719947	2215	719947	2981
-2	4	KAUTOKEINO (R) NORWAY	10470	2264	10470	2982
-1	1.09999999999999	FRUHOLMEN FYR NORWAY	10550	2336	10550	2983
-3.7	0.900000000000006	Jan Mayen NORWAY	10010	2342	10010	2984
-1.80000000000001	1.3	BARROW ALASKA	700260	2372	700260	2985
-0.400000000000006	4.3	Tarcoola AUSTRALIA	946550	802	946550	2986
-1.2	1.7	PERESLAVL'-ZALESSKIJ RUSSIA	274250	2117	274250	2987
-4.5	4.9	MAPLE CREEK CANADA	714530	2002	714530	2988
-0.200000000000003	3.3	MCBRIDE 4SE CANADA	718961	2077	718961	2989
-4.30000000000001	3.9	FANNING ISLAND KIRIBATI	914870	1364	914870	2990
-2.90000000000001	4.90000000000001	UNIVERSITY EXP STA USA	701928	2226	701928	2991
-2.3	4.7	ANEROID CANADA	711371	2002	711371	2992
-1	1.3	DAVIDSON CANADA	714501	2074	714501	2993
-1.3	3.9	CUXHAVEN GERMANY	101310	2051	101310	2994
-3	3.9	HUME RESERVOIR AUSTRALIA	949010	727	949010	2995
-2	1.8	PORT PIRIE BHAS AUSTRALIA	946690	801	946690	2996
-1.7	2.1	OAXACA, OAX. MEXICO	767750	1568	767750	2997
-1.8	2.6	NANNING CHINA	594310	1599	594310	2998
-4.90000000000001	1.5	TEPIC,NAY. MEXICO	765560	1641	765560	2999
-2	2.7	SHIMIZU/ASHIZURI JAPAN	478980	1738	478980	3000
-1.09999999999999	4.3	XIAN CHINA	570360	1743	570360	3001
-2.8	1.3	MILIANA ALGERIA	604300	1836	604300	3002
-0.799999999999997	2.6	BATHURST CANADA	715740	1994	715740	3003
-1.40000000000001	1.1	THETFORD MINES CANADA	714940	1995	714940	3004
-2	4.9	KAUNAS LITHUANIA	266290	2048	266290	3005
-1	0.5	GREAT FALLS CANADA	715700	2072	715700	3006
-2.2	4.8	SMITHERS CANADA	719500	2078	719500	3007
-3	3	LINDESNES (R) NORWAY	14360	2123	14360	3008
-1.9	3.2	KJEVIK (R) NORWAY	14520	2123	14520	3009
-4.8	0.299999999999997	SLAVE LAKE CANADA	710690	2147	710690	3010
-3.90000000000001	0.200000000000003	GRANDE PRAIRIE CANADA	719400	2148	719400	3011
-3	2.7	POND INLET CANADA	715760	2356	715760	3012
-5	4	FES MOROCCO	601400	1765	601400	3013
-4.59999999999999	4.9	LINARES, NUEVO LEON MEXICO	763931	1640	763931	3014
-4	3.7	MCKINLEY PARK USA	702649	2226	702649	3015
-0.799999999999997	0.7	TORORO UGANDA	636840	1326	636840	3016
-4.1	3.1	ARUA UGANDA	636020	1326	636020	3017
-0.0999999999999996	0.5	WASSERKUPPE GERMANY	105440	2051	105440	3018
-4.5	2	ASCENSION IS. ST.HELENA(BR)	619020	1191	619020	3019
-4.2	4.7	BOGOTA/ELDORADO A COLOMBIA	802220	1347	802220	3020
-3.9	0.3	ABIDJAN COTE D'IVOIRE	655780	1405	655780	3021
-1	3.8	ZINDER A NIGER	610900	1475	610900	3022
-3.6	0.300000000000001	NATITINGOU BENIN	653190	1476	653190	3023
-3	2.5	BAMAKO/SENOU MALI	612910	1478	612910	3024
-3.7	3.8	TAMBACOUNDA SENEGAL	616870	1479	616870	3025
-4.3	0.9	BOKE GUINEA	618160	1479	618160	3026
-2.1	0.4	MAMOU GUINEA	618200	1479	618200	3027
-1.3	2.6	ZIGUINCHOR SENEGAL	616950	1480	616950	3028
-3.1	0.5	ATAR MAURITANIA	614210	1623	614210	3029
-2	0.899999999999999	NOUADHIBOU MAURITANIA	614150	1624	614150	3030
-3.5	3.5	CHEJU KOREA, SOUTH	471840	1739	471840	3031
-4	2	AMMAN AIRPORT JORDAN	402700	1757	402700	3032
-1.6	4.3	KENITRA MOROCCO	601200	1766	601200	3033
-4.6	0.399999999999999	AGADIR MOROCCO	602500	1766	602500	3034
-0.5	3.9	MEKNES MOROCCO	601500	1766	601500	3035
-3.59999999999999	4	Orono CANADA	719976	1924	719976	3036
-1.59999999999999	4.4	ESTEVAN POINT CANADA	718940	2006	718940	3037
-3.2	0.5	Pennant CANADA	719961	2074	719961	3038
-0.299999999999997	0.200000000000003	LA RONGE CANADA	719220	2146	719220	3039
-0.699999999999999	0.899999999999999	ASBJORSBRATEN NORWAY	13690	2195	13690	3040
-0.699999999999999	2.1	FOKSTUA II NORWAY	12380	2195	12380	3041
-2	0.5	SCORESBYSUND GREENLAND	43390	2345	43390	3042
-2.80000000000001	1.5	Cape Bruny AUSTRALIA	949670	655	949670	3043
-3.4	1.5	TOROPETS RUSSIA	264790	2118	264790	3044
-1.4	2.59999999999999	INDIGA RUSSIA	222920	2259	222920	3045
-1.8	3	ANTIOCH USA	724831	1861	724831	3046
-3.8	3.7	LEVANGER (R) NORWAY	12770	2194	12770	3047
-4.40000000000001	3	WENZHOU CHINA	586590	1668	586590	3048
-4.90000000000001	1.7	REXTON CANADA	716701	1993	716701	3049
-0.5	2.3	KOROR, PALAU CAROLINE ISLA	914080	1378	914080	3050
-4.1	4.5	MOPTI MALI	612650	1477	612650	3051
-1.5	2.4	OUAGADOUGOU A BURKINA FASO	655030	1477	655030	3052
-3.3	3.4	SHANTOU CHINA	593160	1597	593160	3053
-4.3	2.8	RUIAN CHINA	587520	1668	587520	3054
-3.5	4.6	XIAPINGBA CHINA	575160	1671	575160	3055
-3.7	0.699999999999999	YICHANG CHINA	574610	1742	574610	3056
-2.7	3.6	CASABLANCA MOROCCO	601550	1766	601550	3057
-4.7	3.2	VINELAND CANADA	719978	1924	719978	3058
-3.40000000000001	4.2	CAMERON FALLS CANADA	712910	1998	712910	3059
-4.5	0.899999999999999	LEADER CANADA	714590	2074	714590	3060
-1.5	2.1	CORONATION CANADA	713180	2075	713180	3061
-1.80000000000001	0.799999999999997	BETHEL ALASKA	702190	2229	702190	3062
-4.9	0.700000000000003	MAKKAUR NORWAY	10920	2334	10920	3063
-3.90000000000001	1.5	RUBCOVSK RUSSIA	360340	2036	360340	3064
-4	3.5	STERLITAMAK RUSSIA	288250	2041	288250	3065
-0.700000000000003	1.09999999999999	PANGNIRTUNG CANADA	718260	2282	718260	3066
-4.2	4.4	COLONIA ESCANDON, DI MEXICO	766801	1568	766801	3067
-5	2	KRAKENES FYR NORWAY	12030	2195	12030	3068
-0.900000000000006	2.5	ZAJSAN KAZAKHSTAN	366650	1964	366650	3069
-0.600000000000001	2.9	MEDVEZEGORSK RUSSIA	227210	2190	227210	3070
-0.700000000000003	2.2	KONDOPOGA RUSSIA	227270	2190	227270	3071
-3.40000000000001	5	TERNEJ RUSSIA	319090	1881	319090	3072
-4.5	1.5	MULLEWA AUSTRALIA	944110	877	944110	3073
-1.3	3.5	SANTA CRUZ DE TENERI CANARY IS.	600200	1696	600200	3074
-1	4.1	UIL KAZAKHSTAN	354160	1970	354160	3075
-4.40000000000001	1.4	NORTH BAY CANADA	717310	1996	717310	3076
-0.299999999999997	4.4	COLD LAKE CANADA	711200	2075	711200	3077
-2.8	0.299999999999997	KUUJJUARAPIK CANADA	719050	2140	719050	3078
-0.900000000000006	3.6	MAYO CANADA	719650	2224	719650	3079
-3.40000000000001	4.2	Cape Borda AUSTRALIA	958050	729	958050	3080
-4	0.800000000000001	Morawa AUSTRALIA	944160	877	944160	3081
-0.0999999999999943	2.4	NORSK RUSSIA	313880	2027	313880	3082
-3.7	3.8	INZA RUSSIA	278720	2043	278720	3083
-2.90000000000001	3.3	KOLPASEVO RUSSIA	292310	2108	292310	3084
-0.599999999999994	1.1	ISIM RUSSIA	285730	2111	285730	3085
-4.5	0.5	LAS ENRAMADAS, NUEVO MEXICO	763933	1712	763933	3086
-1.19999999999999	2	YONGALA AUSTRALIA	946790	801	946790	3087
-1.40000000000001	1.2	CLARE-POST-OFFICE AUSTRALIA---	946760	801	946760	3088
-0.800000000000011	2.2	STREAKY BAY AUSTRALIA	946540	802	946540	3089
-0.5	3.2	PCIA R SAENZ PENA A ARGENTINA	871480	913	871480	3090
-3.1	2.1	QUELIMANE MOZAMBIQUE	672830	1037	672830	3091
-2	2	AGADEZ NIGER	610240	1547	610240	3092
-2.7	2.9	XICHANG CHINA	565710	1672	565710	3093
-1.90000000000001	3.6	DUSHANBE TAJIKISTAN	388360	1823	388360	3094
-1.9	2.5	ESENGYLY TURKMENISTAN	387500	1826	387500	3095
-1.8	1.3	MOSUL IRAQ	406080	1828	406080	3096
-2.1	5	ANKARA/CENTRAL TURKEY	171300	1830	171300	3097
-0.799999999999997	3	CHIMBAJ UZBEKISTAN	382620	1897	382620	3098
-3	2.9	JASPER CANADA	718880	2076	718880	3099
-1.2	3.8	WISTARIA CANADA	719944	2078	719944	3100
-1.5	0.399999999999999	HIGH PRAIRIE CANADA	712260	2148	712260	3101
-5	3.2	AKLAVIK CANADA	719570	2295	719570	3102
-3.5	3.3	INUVIK CANADA	713640	2295	713640	3103
-1.5	3.4	Meekatharra AUSTRALIA	944300	877	944300	3104
-2	2.8	OLEN`JA RECKA RUSSIA	299740	2034	299740	3105
-1.9	0.200000000000003	VALUJKI RUSSIA	343210	2045	343210	3106
-4.5	4.1	SUHINICI RUSSIA	277070	2045	277070	3107
-5	3.6	ALDAN RUSSIA	310040	2099	310040	3108
-2.9	1.7	KRASNOUFIMSK RUSSIA	284340	2113	284340	3109
-4.2	2.8	MAKSATIKHA RUSSIA	272080	2117	272080	3110
-2	2.59999999999999	NARJAN-MAR RUSSIA	232050	2258	232050	3111
-3.5	1	OSTROV VRANGELJA RUSSIA	219820	2376	219820	3112
-0.599999999999994	2.5	PRESA VENUSTIANO CAR MEXICO	763424	1713	763424	3113
-1	0.600000000000001	RAMOS ARIZPE, COAHUI MEXICO	763901	1713	763901	3114
-3.7	4.5	EIDSBERG (R) NORWAY	14921	2122	14921	3115
-0.700000000000003	1.2	BALDONNEL CANADA	719431	2149	719431	3116
-2.7	4.4	GARI RUSSIA	280490	2112	280490	3117
-0.700000000000003	3.8	SEGEZA RUSSIA	226210	2190	226210	3118
-4.5	0.600000000000001	BILOELA-DPI-RESEARCH AUSTRALIA---	943760	942	943760	3119
-4	4.1	TAIPAK KAZAKHSTAN	354060	1970	354060	3120
-0.799999999999997	0.5	CHELSEA CANADA	710631	1996	710631	3121
-1.90000000000001	4.8	FLIN FLON CANADA	719540	2073	719540	3122
-4.3	5	TRYVASSHOGDA (R) NORWAY	14900	2122	14900	3123
-4.4	3.9	STAVANGER/SOLA NORWAY	14150	2123	14150	3124
-1.5	4.2	CAPE DORSET CANADA	715750	2212	715750	3125
-1.8	1.09999999999999	SLETTNES FYR NORWAY	10780	2335	10780	3126
-3	4.6	KYRA RUSSIA	309490	1958	309490	3127
-1	1.4	ELISTA RUSSIA	348610	1972	348610	3128
-4.4	1	AK-BULAK RUSSIA	351270	2041	351270	3129
-0.899999999999999	3.8	PAVELEC RUSSIA	278230	2045	278230	3130
-0.0999999999999943	1.8	CULMAN RUSSIA	303930	2100	303930	3131
-0.700000000000003	2.5	PUDINO RUSSIA	293130	2109	293130	3132
-4.90000000000001	4.6	LEUSI RUSSIA	280640	2111	280640	3133
-1.3	2.6	KASBA-TADLA MOROCCO	601900	1766	601900	3134
-2	4.4	DALEN I TELEMARK II NORWAY	14451	2123	14451	3135
-0.599999999999994	3.2	CABO RAPER CHILE	858840	628	858840	3136
-3.2	0.600000000000001	EAR FALLS CANADA	712950	2071	712950	3137
-3.90000000000001	2.8	KARSAKPAJ KAZAKHSTAN	356630	1967	356630	3138
-1.80000000000001	3.09999999999999	MYS SHALAUROVA RUSSIA	216470	2312	216470	3139
-3.3	2.8	UNKNOWN 858922 CHILE	858922	554	858922	3140
-4.7	5	HAIKOU CHINA	597580	1526	597580	3141
-1.59999999999999	3.4	MENGZI CHINA	569850	1600	569850	3142
-5	1.1	GREENSBORO/HIGH POIN USA	723170	1852	723170	3143
-0.5	4.1	MANYBERRIES CANADA	711160	2003	711160	3144
-2.8	4.1	WARFIELD CANADA	714010	2004	714010	3145
-3.6	4.7	SAUDA NORWAY	14240	2123	14240	3146
-4.19999999999999	1.4	Richmond (NSW) AUSTRALIA	957530	798	957530	3147
-4.7	1.1	JASKUL RUSSIA	348660	1971	348660	3148
-0.700000000000003	3.2	BRJANSK RUSSIA	268980	2046	268980	3149
-2.40000000000001	4.5	VITIM RUSSIA	300540	2102	300540	3150
-1	2.9	BOLOGOE RUSSIA	262980	2118	262980	3151
-4.8	4.3	TURA RUSSIA	245070	2176	245070	3152
-3.2	3.7	NAIROBI/KABETE KENYA	637390	1253	637390	3153
-4.90000000000001	1.3	RESOLUTION IS CANADA	719030	2209	719030	3154
-2	2.9	LIMA/CAMPO DEL MARTE PERU	846311	1132	846311	3155
-3.1	1.2	LEIKANGER NORWAY	13552	2195	13552	3156
-4.3	1	INCY RUSSIA	224520	2260	224520	3157
-3.8	1.4	SUMMERSIDE CANADA	717020	1993	717020	3158
-1.6	4.8	UNSKIJ MAJAK RUSSIA	225410	2189	225410	3159
-5	2.8	BERKAK (R) NORWAY	12520	2194	12520	3160
-4.09999999999999	3.6	NANCHANG CHINA	586060	1669	586060	3161
-4.7	3	RUTBAH IRAQ	406420	1756	406420	3162
-4.8	2.9	DIYARBAKIR TURKEY	172800	1828	172800	3163
-3.7	4.9	ERZURUM TURKEY	170960	1828	170960	3164
-4.7	2	ADANA INCIRLIK TURKEY	173500	1829	173500	3165
-2.8	3.4	IZMIR TURKEY	172200	1831	172200	3166
-4.5	1	RIZE TURKEY	170400	1900	170400	3167
-3.7	1.3	SAMSUN TURKEY	170300	1901	170300	3168
-3.4	1.7	EDIRNE TURKEY	170500	1903	170500	3169
-0.5	1.5	MOLINE/QUAD CITY USA	725440	1927	725440	3170
-2.90000000000001	2.4	MEDFORD USA	725970	1933	725970	3171
-4.09999999999999	3.7	CHURCHILL CANADA	716960	2143	716960	3172
-2.40000000000001	0.5	ISLAND FALLS CANADA	713310	2145	713310	3173
-4	0.399999999999999	KORF RUSSIA	259540	2163	259540	3174
-0.0999999999999943	4.09999999999999	CAMBRIDGE BAY CANADA	712880	2290	712880	3175
-2.59999999999999	1.90000000000001	KOTZEBUE ALASKA	701330	2301	701330	3176
-1.90000000000001	1.9	NOGLIKI RUSSIA	320530	2024	320530	3177
-4.6	4.5	CULPANOVO RUSSIA	287040	2042	287040	3178
-1.9	0.200000000000003	ALEKSANDROV-GAJ RUSSIA	343910	2043	343910	3179
-3.5	2.40000000000001	IGARKA RUSSIA	232740	2251	232740	3180
-1.09999999999999	1.5	TIKSI RUSSIA	218240	2315	218240	3181
-2.90000000000001	3.1	NOTTINGHAM ISLAND CANADA	719080	2212	719080	3182
-4.1	0.700000000000003	OSTRE TOTEN - APELS NORWAY	13810	2194	13810	3183
-1.90000000000001	0.800000000000001	LANAI CITY HAWAII	911905	1652	911905	3184
-2.3	1.5	FORTUN NORWAY	13570	2195	13570	3185
-3.19999999999999	2.1	NEWCASTLE NOBBYS SIG AUSTRALIA	947740	798	947740	3186
-1	3.8	CHIANG MAI THAILAND	483270	1529	483270	3187
-2.2	2	MIDLAND, TEXAS USA	722650	1785	722650	3188
-3.09999999999999	2.4	WAJIMA JAPAN	476000	1809	476000	3189
-4.3	1.7	ANTALYA TURKEY	173000	1830	173000	3190
-0.799999999999997	0.799999999999997	ELKO FAA AP USA	725820	1932	725820	3191
-1.3	2.8	Feuerkogel AUSTRIA	111550	1978	111550	3192
-0.200000000000003	1.5	PICKLE LAKE CANADA	718450	2071	718450	3193
-4.09999999999999	4	LOON LAKE CANADA	712730	2074	712730	3194
-4.40000000000001	1.7	TATLAYOKO LAKE CANADA	710280	2077	710280	3195
-2.6	2.2	TAFJORD NORWAY	12180	2195	12180	3196
-0.0999999999999943	2.8	KUGLUKTUK CANADA	713320	2292	713320	3197
-4.40000000000001	1.9	Kyancutta AUSTRALIA	946570	801	946570	3198
-3.8	2.4	SULAK MOUNTAIN RUSSIA	374610	1899	374610	3199
-2.09999999999999	4.9	OGRTSOVO RUSSIA	296380	2036	296380	3200
-4.3	0.799999999999997	GOTNJA RUSSIA	342020	2045	342020	3201
-1.3	2.5	TRUBCEVSK RUSSIA	269970	2046	269970	3202
-4.19999999999999	4.6	MAGADAN RUSSIA	259130	2094	259130	3203
-2.90000000000001	3.4	BOGUCANY RUSSIA	292820	2105	292820	3204
-1.80000000000001	3.3	OJMJAKON RUSSIA	246880	2168	246880	3205
-3.8	4	COOLGARDIE AUSTRALIA	999119	804	999119	3206
-3	3.5	CONCORDIA ARGENTINA	873940	840	873940	3207
-0.5	4.7	CORONEL MOLDES ARGENTINA	999208	914	999208	3208
-4.5	3.2	PATAGONES ARGENTINA	999223	626	999223	3209
-3.3	2.2	BALCARCA ARGENTINA	999202	768	999202	3210
-2.3	3.5	GEN. CONESA ARGENTINA	999212	768	999212	3211
-3.7	2.9	MACACHIN ARGENTINA	999219	769	999219	3212
-2.7	4.1	TRENQUE LAUQUEN ARGENTINA	999230	769	999230	3213
-0.400000000000006	3.7	VICTORICA ARGENTINA	999234	770	999234	3214
-1.8	0.799999999999997	CHOELE CHOEL ARGENTINA	999206	770	999206	3215
-0.5	1.5	LAS LAJAS ARGENTINA	999218	771	999218	3216
-4.5	0.299999999999997	MERCEDES ARGENTINA	999220	840	999220	3217
-4.8	4.2	LA PAZ ARGENTINA	999215	840	999215	3218
-2.6	2.5	BELL VILLE ARGENTINA	999203	841	999203	3219
-0.200000000000003	2.3	VICTORIA ARGENTINA	999233	841	999233	3220
-1.2	2	CASILDA ARGENTINA	999205	841	999205	3221
-1.3	2.4	SAN FRANC. DE LAISHI ARGENTINA	999226	842	999226	3222
-2.9	3.5	CAMPO GALLO ARGENTINA	999204	913	999204	3223
-0.200000000000003	0.600000000000001	VERA ARGENTINA	999232	913	999232	3224
-0.200000000000003	3.2	TUCUMAN ARGENTINA	871190	914	871190	3225
-1.2	2.4	ANDALGALA ARGENTINA	999200	914	999200	3226
-0.599999999999994	2.2	LA COCHA ARGENTINA	999214	914	999214	3227
-1.8	1.2	LARKHILL UK	37430	2053	37430	3228
-0.299999999999997	2.6	CHOS MALAL ARGENTINA	876020	771	876020	3229
-4.90000000000001	3.3	LAMBAYEQUE PERU	844510	1204	844510	3230
-3.8	4.6	OUALLEN ALGERIA	606750	1620	606750	3231
-3.9	2.1	AOULEF ALGERIA	606250	1692	606250	3232
-3.40000000000001	3.3	NEGRIL POINT LIGHTHO JAMAICA	783870	1564	783870	3233
-3.7	0.9	SENA MADUREIRA BRAZIL	829130	1202	829130	3234
-3.3	2.6	GORLESTON UK	34970	2052	34970	3235
-2.1	1.5	FANARAKEN NORWAY	13610	2195	13610	3236
-1.40000000000001	2.4	MERGUI MYANMAR	481100	1457	481100	3237
-3	1	CIPOLLETTI II ARGENTINA	877190	770	877190	3238
-4.80000000000001	1.3	AITUTAKI A COOK ISLANDS	918310	1076	918310	3239
-3	0.299999999999997	NUERBURG GERMANY	106131	2051	106131	3240
-1.40000000000001	2	MYS ZELANIJA RUSSIA	203530	2399	203530	3241
-2	1	NICKERIE-VLIEGVELD SURINAME	812020	1416	812020	3242
-0.799999999999997	2.9	BODAJBO RUSSIA	302530	2102	302530	3243
-3.5	2.2	Patscherkofel AUSTRIA	111260	1978	111260	3244
-4.8	0.5	VOZEGA RUSSIA	229540	2188	229540	3245
-3.6	0.299999999999997	DALATANGI ICELAND	40970	2271	40970	3246
-1.1	0.599999999999994	GRIMSSTADIR ICELAND	40730	2272	40730	3247
-1	1.5	RAUFARHOFN ICELAND	40770	2272	40770	3248
-2.6	0.9	CAETITE BRAZIL	833390	1125	833390	3249
-3.3	4.7	TRIER-PETRISBERG GERMANY	106090	1979	106090	3250
-4.3	3.4	RIO GALLEGOS A ARGENTINA	879250	554	879250	3251
-2.5	4.2	COMODORO RIVADAVIA A ARGENTINA	878600	626	878600	3252
-2.7	4.4	PUERTO AYSEN CHILE	858620	627	858620	3253
-3.09999999999999	2.3	BUSHY PARK (BUSHY PA AUSTRALIA	949640	655	949640	3254
-5	4.3	SAN ANTONIO OESTE A ARGENTINA	877840	697	877840	3255
-1.2	2.1	ESQUEL A ARGENTINA	878030	699	878030	3256
-1.2	3.8	BARILOCHE A ARGENTINA	877650	699	877650	3257
-2.7	3.6	DOLORES ARGENTINA	876480	768	876480	3258
-4.1	4	LAS FLORES ARGENTINA	875630	768	875630	3259
-2.6	2.1	MAR DEL PLATA A ARGENTINA	876920	768	876920	3260
-4.8	3.2	AZUL A ARGENTINA	876410	768	876410	3261
-0.299999999999997	1.7	TRES ARROYOS II ARGENTINA	876880	769	876880	3262
-4.2	1.9	RIO CUARTO A ARGENTINA	874530	841	874530	3263
-3.9	3.3	PILAR OBS ARGENTINA	873490	841	873490	3264
-1.7	3.6	CHEPES ARGENTINA	873220	842	873220	3265
-1.40000000000001	1.7	SAN LUIS A ARGENTINA	874360	842	874360	3266
-3.40000000000001	3.4	SAN JUAN A II ARGENTINA	873110	842	873110	3267
-3.09999999999999	2.4	TOOWOOMBA-COM AUSTRALIA---	945510	870	945510	3268
-2.30000000000001	4.6	WINDORAH POST OFFICE AUSTRALIA	944880	872	944880	3269
-1.9	3.5	KEETMANSHOOP NAMIBIA	683120	897	683120	3270
-2.2	0.300000000000001	PASO DE LOS LIBRES A ARGENTINA	872890	912	872890	3271
-1	2.6	POSADAS A ARGENTINA	871780	912	871780	3272
-3.2	3.8	FORMOSA A ARGENTINA	871620	912	871620	3273
-2	0.100000000000001	CERES A ARGENTINA	872570	913	872570	3274
-3.7	0.100000000000001	VILLA-MARIA-DEL-RIO ARGENTINA	872440	913	872440	3275
-1.8	0.600000000000001	LA RIOJA A ARGENTINA	872170	914	872170	3276
-3.69999999999999	0.100000000000001	TAMBO POST OFFICE AUSTRALIA	943550	943	943550	3277
-4.6	1.1	INHAMBANE MOZAMBIQUE	673230	965	673230	3278
-2.9	0.800000000000001	RIVADAVIA ARGENTINA	870650	985	870650	3279
-0.0999999999999943	0.600000000000001	JUJUY A ARGENTINA	870460	986	870460	3280
-0.100000000000001	0.199999999999999	BEIRA A MOZAMBIQUE	672970	1038	672970	3281
-2.5	0.899999999999999	CORUMBA BRAZIL	835520	1056	835520	3282
-0.299999999999997	1.7	ARICA CHACALLUTA CHILE	854060	1059	854060	3283
-2.2	4.9	TABORA-AIRPOR TANZANIA----	638320	1182	638320	3284
-0.399999999999999	1	MOMBASA KENYA	638200	1253	638200	3285
-2.09999999999999	4.9	S.GAB. DO CACHOEIRA BRAZIL	821060	1274	821060	3286
-1.3	3.6	MEDAN/POLONIA INDONESIA	960350	1313	960350	3287
-1.8	3.3	MINICOY INDIA (LACCA)	433690	1390	433690	3288
-1.1	4.1	KAOLACK SENEGAL	616790	1480	616790	3289
-0.5	4.6	GUATEMALA CIUDAD GUATEMALA	786410	1495	786410	3290
-4.7	2.6	KAOHSIUNG TAIWAN	467440	1596	467440	3291
-3.90000000000001	2	MANDALAY MYANMAR	480420	1601	480420	3292
-3.40000000000001	4	KALAT PAKISTAN	416960	1679	416960	3293
-0.599999999999994	3.9	DALBANDIN PAKISTAN	417120	1680	417120	3294
-3.40000000000001	4	PESHAWAR PAKISTAN	415300	1750	415300	3295
-4.90000000000001	3.9	PARACHINAR PAKISTAN	415600	1750	415600	3296
-3.59999999999999	0.199999999999999	MULTAN PBO PAKISTAN	416750	1750	416750	3297
-4.09999999999999	1.8	DERA ISMAIL KHAN PAKISTAN	416240	1750	416240	3298
-2.2	0.100000000000001	BENI-ABBES ALGERIA	606020	1765	606020	3299
-1.9	0.899999999999999	OUARZAZATE MOROCCO	602650	1766	602650	3300
-4.7	2.4	BERMUDA NAVAL AIR ST BERMUDA	780160	1777	780160	3301
-0.900000000000006	1.2	TULSA/INTL USA	723560	1856	723560	3302
-4.2	0.700000000000003	NEWARK/INT'L-ARPT USA---------	725020	1923	725020	3303
-4.7	4.4	HOUGHTON-LAKE USA---------	726380	1925	726380	3304
-1.4	1.5	VLISSINGEN NETHERLANDS	63100	2052	63100	3305
-4.5	3.3	VALLEY UK	33020	2053	33020	3306
-1.9	1.5	TIREE UK	31000	2126	31000	3307
-3.40000000000001	1.1	FAIRVIEW CANADA	713470	2148	713470	3308
-0.700000000000003	1.2	FORT ST JOHN CANADA	719430	2149	719430	3309
-1.5	3.8	SULA (R) NORWAY	12280	2195	12280	3310
-0.299999999999997	4.6	RJAZAN` RUSSIA	277300	2045	277300	3311
-4.9	1.6	NJANDOMA RUSSIA	228540	2188	228540	3312
-0.899999999999999	2.09999999999999	HOSEDA-HARD RUSSIA	232190	2257	232190	3313
-1.6	3.5	MYGGBUKTA GREENLAND	999002	2345	999002	3314
-0.4	1.4	HARBEL LIBERIA	656507	1407	656507	3315
-0.900000000000006	2.9	OAKDALE USA	724811	1861	724811	3316
-3.3	0.299999999999997	ULLENSVANG FORSOKSG NORWAY	13420	2195	13420	3317
-0.0999999999999943	0.200000000000003	MYTON USA	725709	1931	725709	3318
-0.800000000000011	4.2	PUKAPUKA COOK ISLANDS	918110	1150	918110	3319
-1.4	1.2	RUSSKAYA GAVAN` RUSSIA	203570	2400	203570	3320
-2.1	0.400000000000006	TIKHAYA BAY (Rudolfa RUSSIA	200490	2474	200490	3321
-3.59999999999999	2.6	STEROSE DEGELIS CANADA	715901	1994	715901	3322
-4.5	4.6	SEROV RUSSIA	280440	2112	280440	3323
-0.600000000000001	0.299999999999997	GAJNY RUSSIA	239090	2186	239090	3324
-2.3	2.9	DVINSKIJ BEREZNIK RUSSIA	227620	2188	227620	3325
-5	5	KABALE UGANDA	637260	1260	637260	3326
-0.400000000000006	3.5	UNKNOWN 858921 CHILE	858921	628	858921	3327
-1.40000000000001	4.4	VICTOR HARBOR COMPAR AUSTRALIA	948150	729	948150	3328
-0.5	1.1	PIETERSBURG SOUTH AFRICA	681740	967	681740	3329
-0.900000000000006	1.5	FUNAFUTI A TUVALU	916430	1153	916430	3330
-0.200000000000003	0.5	CHHOR PAKISTAN	417680	1679	417680	3331
-1.09999999999999	0.800000000000001	WENJIANG CHINA	561870	1744	561870	3332
-4.3	4.8	BISKRA ALGERIA	605250	1763	605250	3333
-1.09999999999999	1.1	LANZHOU CHINA	528890	1816	528890	3334
-0.900000000000006	1.7	TAMDY UZBEKISTAN	384130	1896	384130	3335
-2.5	3.9	ROCHESTER/MUNICIPAL USA	726440	1927	726440	3336
-4.09999999999999	0.799999999999997	ST JEROME CANADA	713771	1995	713771	3337
-1.5	4.6	HOMER/MUNICIP USA---------	703410	2155	703410	3338
-3.9	5	ARMAVIR RUSSIA	370310	1900	370310	3339
-1.2	4.7	NENASTNAJA RUSSIA	297520	2035	297520	3340
-3.30000000000001	2	UST-HAJRJUZOVO RUSSIA	322870	2093	322870	3341
-4.2	1	ORLINGA RUSSIA	303280	2103	303280	3342
-4	0.5	MOZAJSK RUSSIA	275090	2117	275090	3343
-2.7	0.299999999999997	VANAVARA RUSSIA	249080	2176	249080	3344
-3	0.399999999999999	ALEKSANDROV-SKOE RUSSIA	239550	2181	239550	3345
-1.3	2.40000000000001	TAZOVSKOE RUSSIA	232560	2253	232560	3346
-0.899999999999999	2.8	SOJNA RUSSIA	222710	2260	222710	3347
-4.40000000000001	3.90000000000001	MYS SHMIDTA RUSSIA	251730	2304	251730	3348
-0.700000000000003	2.7	GMO IM.E.K. FEDOROV RUSSIA	202920	2392	202920	3349
-2.5	0.3	CHISIMAIO SOMALIA	632700	1324	632700	3350
-2	0.5	CARACAS VENEZUALA	804001	1490	804001	3351
-3.3	2	STANN CREEK AGSTAT BELIZE	785900	1566	785900	3352
-0.200000000000003	2.2	GRANJA EXPERIMENTAL, MEXICO	763422	1713	763422	3353
-2.2	0.100000000000001	SMOKY FALLS CANADA	712991	2069	712991	3354
-4.2	4.90000000000001	LESUKONSKOE RUSSIA	225730	2187	225730	3355
-1.4	1.7	SOROTI UGANDA	636580	1326	636580	3356
-3.9	4.5	NUERNBERG_AIRPORT GERMANY	107630	1978	107630	3357
-3.7	0.399999999999999	SAN-MIGUEL/OBSERVAT. ARGENTINA	875690	840	875690	3358
-0.899999999999999	0.399999999999999	JUNIN A ARGENTINA	875480	841	875480	3359
-2.4	4.8	CHIPINGE ZIMBABWE	679830	966	679830	3360
-2.90000000000001	2.5	ROTUMA FIJI	916500	1081	916500	3361
-2.4	1.4	FORT JAMESON ZAMBIA	675810	1110	675810	3362
-1.7	0.6	MARACAIBO VENEZUELA	804070	1491	804070	3363
-4.2	3.5	ALISHAN TAIWAN	467530	1596	467530	3364
-0.400000000000006	4.2	LA PAZ, B.S.C. MEXICO	764050	1643	764050	3365
-1.59999999999999	0.100000000000001	ALBUQUERQUE, NEW MEX USA	723650	1858	723650	3366
-3	4	CORNER BROOK CANADA	719730	1992	719730	3367
-1.8	2.4	ILES MADELEINE CANADA	717090	1993	717090	3368
-3.40000000000001	4.2	CORAL HARBOUR CANADA	719150	2213	719150	3369
-5	4.3	UST-KARA RUSSIA	230290	2255	230290	3370
-1.5	4.09999999999999	BARDUFOSS NORWAY	10230	2265	10230	3371
-2.5	0.599999999999994	OSTROV CHETYR RUSSIA (ASIA)	219650	2308	219650	3372
-0.5	0.200000000000003	TORSVAG FYR NORWAY	10330	2337	10330	3373
-1.40000000000001	5	KOS-AGAC RUSSIA	362590	1963	362590	3374
-3.40000000000001	2.2	POGIBI RUSSIA	320270	2024	320270	3375
-1	3.4	UST-BARGUZIN RUSSIA	306350	2031	306350	3376
-4.7	1.8	PERELJUB RUSSIA	350070	2042	350070	3377
-0.800000000000011	4.6	BROHOVO RUSSIA	259270	2094	259270	3378
-0.5	0.700000000000003	NIZHNEANGARSK RUSSIA	304330	2103	304330	3379
-1.9	1.8	IZHEVSK RUSSIA	284110	2114	284110	3380
-2.69999999999999	2.4	SREDNIKAN RUSSIA	257050	2166	257050	3381
-2.59999999999999	2.9	SEJMCHAN RUSSIA	257030	2166	257030	3382
-5	2.4	NJAKSIMVOL RUSSIA	237240	2184	237240	3383
-2.69999999999999	4.59999999999999	BUHTA AMBARCIK RUSSIA	250340	2236	250340	3384
-0.799999999999997	4	KOLGUYEV ISLAND RUSSIA	220950	2259	220950	3385
-0.5	0.900000000000006	VOLOCHANKA RUSSIA	209820	2322	209820	3386
-2.19999999999999	1	OSTROV KOTELNYJ RUSSIA	214320	2385	214320	3387
-0.799999999999997	1.3	BOSASO SOMALIA	632100	1467	632100	3388
-4.6	0.300000000000001	SHARJAH/TRUCIAL SAUDI ARABIA	404490	1681	404490	3389
-3.1	1.5	TREPASSEY CANADA	718000	1991	718000	3390
-0.5	2.3	LESKINO RUSSIA	207660	2325	207660	3391
-2.09999999999999	4.7	OSTROV PREOBRAZENIJ RUSSIA	215040	2318	215040	3392
-0.200000000000003	2.5	ORLIK (MTN STN) RUSSIA	299990	2033	299990	3393
-5	2.2	VERHNJAJA TOJMA RUSSIA	227780	2187	227780	3394
-3.2	3.5	EMECK RUSSIA	226560	2188	226560	3395
-0.0999999999999943	3.3	CAPE KIGILYAKH RUSSIA	216360	2313	216360	3396
-2.69999999999999	0.899999999999999	CEKUNDA RUSSIA	315320	2026	315320	3397
-3.8	4.8	KASAMA ZAMBIA	674750	1110	674750	3398
-4.5	3.5	MACENTA GUINEA	618470	1406	618470	3399
-1.5	4.8	JIUQUAN CHINA	525330	1817	525330	3400
-1.3	4.3	MOUNT WASHINGTON USA	726130	1923	726130	3401
-0.700000000000003	3.9	GRAND FALLS CANADA	714002	1992	714002	3402
-2.9	4.2	WARNEMUNDE GERMANY	101700	2050	101700	3403
-3.6	1.4	MANSTON UK	37970	2052	37970	3404
-2	3.7	CARTWRIGHT CANADA	718180	2064	718180	3405
-4.2	4.4	RYGGE (R) NORWAY	14940	2122	14940	3406
-0.399999999999999	3	WLADIKAVKAZ RUSSIA	372280	1900	372280	3407
-1.9	2.4	SOROCINSK RUSSIA	350110	2042	350110	3408
-3.09999999999999	2	BAKCHAR RUSSIA	293280	2108	293280	3409
-4	1.7	BAJKIT RUSSIA	238910	2177	238910	3410
-5	1.6	BOR RUSSIA	238840	2178	238840	3411
-4.9	0.700000000000003	IVDEL RUSSIA	239210	2184	239210	3412
-3.19999999999999	4.40000000000001	BUHTA PROVIDENJA RUSSIA	255940	2231	255940	3413
-4.40000000000001	4.6	TIEN SHUI CHINA	570060	1743	570060	3414
-2.8	2.5	OSTROV UEDINENIJA RUSSIA	202740	2396	202740	3415
-0.0999999999999943	1.5	MOSTAKH ISLAND RUSSIA	218250	2315	218250	3416
-3.5	2.09999999999999	RUSSKIY ISLAND RUSSIA	202890	2393	202890	3417
-2.59999999999999	2.8	KEG RIVER CANADA	715071	2148	715071	3418
-4.1	3	VESLJANA RUSSIA	237010	2186	237010	3419
-2.5	3.5	NARVIK (R) NORWAY	11940	2265	11940	3420
-1.3	2	NDOLA ZAMBIA	675610	1111	675610	3421
-3.90000000000001	2.3	DWELLINGUP AUSTRALIA	946200	805	946200	3422
-1.1	4.6	LAMENTIN MARTINIQUE	789250	1489	789250	3423
-3.90000000000001	4.7	LASHA CHINA	555910	1674	555910	3424
-4.09999999999999	4.6	MAIJI CHINA	570140	1743	570140	3425
-0.200000000000003	3.3	YULIN CHINA	536460	1815	536460	3426
-1	2.3	ZOLOTOJ RUSSIA	318290	1953	318290	3427
-4.90000000000001	4.7	COMOX CANADA	718930	2005	718930	3428
-1.4	0.100000000000001	FRANKFURT/M. GERMANY	106370	2051	106370	3429
-3.3	3.4	MERAKER - VARDETUN NORWAY	12930	2194	12930	3430
-3.6	0.600000000000001	VOSS (R) NORWAY	13370	2195	13370	3431
-4.59999999999999	2.3	BOGORODSKOE RUSSIA	314390	2024	314390	3432
-3.09999999999999	4.2	VERHNJAJA GUTARA RUSSIA	297890	2033	297890	3433
-4.40000000000001	0.600000000000001	ICA RUSSIA	324110	2093	324110	3434
-0.900000000000006	3.5	UST-VOJAMPOLKA RUSSIA	322520	2093	322520	3435
-3.3	0.100000000000001	KALAKAN RUSSIA	304690	2101	304690	3436
-4.09999999999999	0.700000000000003	ZYRJANKA RUSSIA	254000	2238	254000	3437
-1.59999999999999	1.8	ZHIGANSK RUSSIA	243430	2244	243430	3438
-2.59999999999999	3.5	OLENEK RUSSIA	241250	2246	241250	3439
-1	1.90000000000001	SASKYLAH RUSSIA	218020	2318	218020	3440
-4.19999999999999	0.200000000000003	HOROMUSHIRO RUSSIA	999033	2021	999033	3441
-2.7	1.9	GALCAIO SOMALIA	632300	1395	632300	3442
-4.59999999999999	4.8	CAPE ST. ELIAS USA	703600	2153	703600	3443
-1.7	1.7	BOVERDAL (R) NORWAY	13650	2195	13650	3444
-0.199999999999999	1.6	VINSTRA (R) NORWAY	13750	2195	13750	3445
-2.4	3.7	VEREB'E RUSSIA	261880	2118	261880	3446
-1.9	4.40000000000001	GIBOSTAD NORWAY	10170	2265	10170	3447
-2.1	1.8	UST-UNJA RUSSIA	238130	2185	238130	3448
-1.90000000000001	2.8	KURGAN-TYUBE TAJIKISTAN	389330	1823	389330	3449
-3	2.2	SAMTREDIA GEORGIA	373850	1900	373850	3450
-3.9	3.6	IRGIZ KAZAKHSTAN	355420	1968	355420	3451
-1.9	3.4	DEBALTSEVE UKRAINE	345240	1973	345240	3452
-3.9	1.6	CELINA RUSSIA	347470	1972	347470	3453
-3.4	3.2	Gross-Enzersdorf AUSTRIA	110370	1977	110370	3454
-4.9	3.3	SAMARA RUSSIA	289000	2042	289000	3455
-4	4.1	KARGASOK RUSSIA	291220	2108	291220	3456
-0.700000000000003	4.6	DEMJANSKOE RUSSIA	280760	2111	280760	3457
-2.69999999999999	0.100000000000001	ARKA RUSSIA	249880	2168	249880	3458
-3	0.899999999999999	AMGA RUSSIA	249620	2170	249620	3459
-2.40000000000001	2	CURAPCA RUSSIA	247680	2170	247680	3460
-2.5	4	SANGARY RUSSIA	246520	2171	246520	3461
-1.7	3.3	NJURBA RUSSIA	246390	2173	246390	3462
-4.8	0.299999999999997	JARCEVO RUSSIA	239870	2178	239870	3463
-0.799999999999997	3.1	TURCASOVO RUSSIA	226480	2189	226480	3464
-0.299999999999997	0.400000000000006	MUZI RUSSIA	234260	2256	234260	3465
-3.1	3.59999999999999	PADUN RUSSIA	221060	2262	221060	3466
-3.69999999999999	1.3	MAATSUYKER ISLAND LI AUSTRALIA	949620	655	949620	3467
-1.9	2.6	CORONEL-SUAREZ/AERO ARGENTINA	876370	769	876370	3468
-3.90000000000001	0.700000000000003	MANJIMUP AUSTRALIA	946170	805	946170	3469
-3.2	4.8	ILAN TAIWAN	467080	1596	467080	3470
-3.8	3.5	YINCHUAN CHINA	536140	1815	536140	3471
-3.2	1.7	XINING CHINA	528660	1816	528660	3472
-1.09999999999999	2.9	PREOBRAZHENIE RUSSIA	319890	1882	319890	3473
-0.599999999999994	3.6	DALANZADGAD MONGOLIA	443730	1888	443730	3474
-1.7	3.8	SARAJEVO/BUTMIR BOSNIA/HERZE	133530	1905	133530	3475
-0.5	3.1	CHOIBALSAN MONGOLIA	442590	1958	442590	3476
-4.3	2.3	UNDURKHAAN MONGOLIA	443040	1958	443040	3477
-3.3	3	KHOVD MONGOLIA	442180	1962	442180	3478
-4.90000000000001	1.8	BALHASH KAZAKHSTAN	357960	1965	357960	3479
-1.8	4.8	KARAGANDA KAZAKHSTAN	353940	1966	353940	3480
-2	5	LUBNY UKRAINE	333770	1974	333770	3481
-1.9	4.2	VINNYTSIA UKRAINE	335620	1975	335620	3482
-2.5	3.9	NORMANDIN CANADA	713790	1995	713790	3483
-4.90000000000001	3.4	IRTYSHSK KAZAKHSTAN	298070	2037	298070	3484
-3.09999999999999	4.3	LANGARA CANADA	718990	2079	718990	3485
-0.4	3.7	ORLAND III NORWAY	12410	2195	12410	3486
-1.30000000000001	0.399999999999999	POGRANICHNOE RUSSIA	320760	2024	320760	3487
-2.3	2.2	SRETENSK RUSSIA	307770	2029	307770	3488
-1.5	4.4	BAGDARIN RUSSIA	305540	2030	305540	3489
-1.40000000000001	1.5	HAMAR-DABAN RUSSIA	308150	2032	308150	3490
-4.7	0.799999999999997	ISIT RUSSIA	249510	2171	249510	3491
-0.899999999999999	1.8	PETROZAVODSK RUSSIA	228200	2190	228200	3492
-0.599999999999994	1.5	UST-OLOJ RUSSIA	253250	2237	253250	3493
-1	3.7	DZARDZAN RUSSIA	241430	2244	241430	3494
-1.6	4	SEVEROMORSK RUSSIA	220190	2262	220190	3495
-5	4.1	BANDON THAILAND	485171	1404	485171	3496
-2.5	2.7	BEAUFORT WEST SOUTH AFRICA	687280	824	687280	3497
-1.69999999999999	2.2	CANTON ISLAND PACIFIC OC.	917000	1295	917000	3498
-4.59999999999999	0.200000000000003	HEZE CHINA	549060	1813	549060	3499
-3.2	2.8	DAUUNMOD, CENTRAL MONGOLIA	442827	1959	442827	3500
-0.100000000000001	1.5	ADAMOVKA RUSSIA	351330	2041	351330	3501
-3	1	PENRHYN COOK ISLANDS	918010	1220	918010	3502
-0.799999999999997	5	SUGOZERO RUSSIA	260920	2118	260920	3503
-2.2	4.09999999999999	RUGOZERO RUSSIA	225180	2190	225180	3504
-4.90000000000001	1.2	UCH-ARAL KAZAKHSTAN	367290	1964	367290	3505
-2.9	3.7	SOSVA RUSSIA	236250	2184	236250	3506
-1.1	3.5	KOSLAN RUSSIA	226950	2187	226950	3507
-2.90000000000001	4.4	VAL MARIE CANADA	711370	2002	711370	3508
-1.6	5	LIST_AUF_SYLT GERMANY	100200	2051	100200	3509
-2.69999999999999	4.9	OUYEN (POST OFFICE) AUSTRALIA	948310	728	948310	3510
-2	1.3	CUZCO (KAYRA) PERU	846860	1131	846860	3511
-3.09999999999999	2.5	TRUK WSO A MICRONESIA	913340	1374	913340	3512
-2.9	0.0999999999999996	KINDIA GUINEA	618180	1479	618180	3513
-2.3	0.6	GUIRIA VENEZUELA	804230	1489	804230	3514
-2.2	2.4	UDON THANI THAILAND	483540	1528	483540	3515
-1	4.3	MARCUS IS. RAC I. PACIFIC OC.	479910	1590	479910	3516
-1.40000000000001	2.3	MONTGOMERY/DANNELLY USA	722260	1782	722260	3517
-1.8	3.6	BIRMINGHAM, ALABAMA USA	722280	1782	722280	3518
-2.2	4.7	LITTLE ROCK/ADAM S USA	723400	1783	723400	3519
-5	5	CASTELLON-ALMAZORA SPAIN-------	82860	1836	82860	3520
-4.90000000000001	4.8	DENVER, COLORADO USA	724690	1857	724690	3521
-4.09999999999999	0.399999999999999	BAKERSFIELD USA	723840	1860	723840	3522
-0.200000000000003	1.1	LAS VEGAS, NEVADA USA	723860	1860	723860	3523
-3.5	2.5	TSETSERLEG MONGOLIA	442820	1960	442820	3524
-3.09999999999999	2.8	ULIASTAI MONGOLIA	442720	1961	442720	3525
-0.799999999999997	3.3	KZYLZAR KAZAKHSTAN	355760	1967	355760	3526
-4.6	4	GANDER CANADA	717420	1991	717420	3527
-2.8	4.6	Lethbridge A CANADA	718740	2003	718740	3528
-2.59999999999999	3.8	FORT NELSON CANADA	719450	2149	719450	3529
-2.7	3.40000000000001	ESSEJ RUSSIA	241050	2248	241050	3530
-4.59999999999999	3	ARCTIC BAY CANADA	715920	2357	715920	3531
-4.8	4.8	ZHIGALOVO RUSSIA	305210	2031	305210	3532
-0.5	0.700000000000003	DOMBAROVSKIY RUSSIA	352330	2041	352330	3533
-1.90000000000001	2.7	SUSUMAN RUSSIA	247900	2167	247900	3534
-4.19999999999999	3.9	TOMPO RUSSIA	246710	2169	246710	3535
-4.8	1.1	LARJAK RUSSIA	238670	2180	238670	3536
-1.80000000000001	1.40000000000001	UST-MOMA RUSSIA	243820	2240	243820	3537
-3	1.09999999999999	PORT RADIUM CANADA	710610	2292	710610	3538
-4.6	4.3	KHANAQIN IRAQ	406370	1755	406370	3539
-4.90000000000001	2.5	BEMIDJI/MUNICIPAL AP USA	727550	1999	727550	3540
-3.2	1.2	WHITESAND DAM CANADA	714511	2145	714511	3541
-2	4.8	SVIJAGINO RUSSIA	319310	1882	319310	3542
-3.09999999999999	1.1	WALLANGARRA-POST-OFF AUSTRALIA---	959953	870	959953	3543
-1.80000000000001	4.1	DOUBLE-ISLAND-POINT AUSTRALIA---	945840	870	945840	3544
-1.59999999999999	2	SOUTHPORT AUSTRALIA---	945930	870	945930	3545
-3.09999999999999	1.3	STANTHORPE LESLIE PA AUSTRALIA	945500	870	945500	3546
-0.900000000000006	2.8	SURAT POST OFFICE AUSTRALIA	945210	871	945210	3547
-1.90000000000001	0.899999999999999	SPRINGSURE DAME ST AUSTRALIA	953620	943	953620	3548
-0.5	2.6	ST LAWRENCE POST OFF AUSTRALIA	943690	943	943690	3549
-2	2.6	WINTON POST OFFICE AUSTRALIA	943390	944	943390	3550
-1.69999999999999	3.4	URANDANGIE AUSTRALIA	943290	945	943290	3551
-2.40000000000001	2.9	SAN FERNANDO DE APUR VENEZUELA	804500	1418	804500	3552
-2.90000000000001	5	NAKHON RATCHASIMA THAILAND	484310	1456	484310	3553
-4.7	0.0999999999999996	BARCELONA VENEZUELA	804190	1489	804190	3554
-4.3	0.0999999999999996	BARQUISIMETO VENEZUELA	804100	1490	804100	3555
-4.7	1.8	PHITSANULOK THAILAND	483780	1528	483780	3556
-2.90000000000001	3.5	MONTEGO BAY JAMAICA	783880	1564	783880	3557
-4	4.8	HSINCHU TAIWAN	467570	1596	467570	3558
-0.299999999999997	2.5	ZHIJIANG CHINA	577450	1671	577450	3559
-3.2	0.100000000000001	JIWANI PAKISTAN	417560	1680	417560	3560
-0.299999999999997	4.7	HOUSTON AP USA	722440	1712	722440	3561
-1.8	4.8	MAGHNIA ALGERIA	605220	1765	605220	3562
-2.7	0.300000000000001	AUSTIN/ROBERT MUE USA	722540	1784	722540	3563
-2.2	1.6	WACO/MADISON-COO PER USA	722560	1784	722560	3564
-4.09999999999999	2.5	ULLUNGDO KOREA, SOUTH	471150	1810	471150	3565
-2	3.9	WASHINGTON/NATIONAL USA	724030	1852	724030	3566
-1.3	4.7	INDIANAPOLIS/MUNI USA	724380	1854	724380	3567
-2.59999999999999	0.399999999999999	OKLAHOMA CITY, OKLAH USA	723530	1856	723530	3568
-4.90000000000001	4.3	ELY, NEVADA USA	724860	1859	724860	3569
-4.90000000000001	4.9	SAINSHAND MONGOLIA	443540	1886	443540	3570
-0.299999999999997	0.200000000000003	DUNHUANG CHINA	524180	1890	524180	3571
-3.3	1	GRAND-ISLAND/ USA---------	725520	1928	725520	3572
-1.7	3.6	SIOUX FALLS/FOSS FLD USA	726510	1928	726510	3573
-2.59999999999999	2.9	POCATELLO/MUNI USA	725780	1931	725780	3574
-4.90000000000001	2.7	EARLTON CANADA	715330	1996	715330	3575
-3.80000000000001	0.100000000000001	WATSON LAKE CANADA	711990	2222	711990	3576
-1.5	2.3	Orbost AUSTRALIA	949170	727	949170	3577
-1.19999999999999	2	Thargomindah AUSTRALIA	954920	872	954920	3578
-2	4.2	MINERALNYE VODY RUSSIA	370540	1900	370540	3579
-1.90000000000001	4.6	TROICKIJ PRIISK RUSSIA	305550	2030	305550	3580
-1.7	1.9	CHARA RUSSIA	303720	2101	303720	3581
-1.7	3.59999999999999	SUHANA RUSSIA	241360	2245	241360	3582
-4.3	3.8	SINTRA/GRANJA PORTUGAL	85377	1838	85377	3583
-0.800000000000001	4	VEFALL I DRANGEDAL NORWAY	14652	2123	14652	3584
-3.3	3.90000000000001	SANDSOY I SENJA (R) NORWAY	11840	2265	11840	3585
-0.400000000000006	2.4	LAGUNA DE SALINILLAS MEXICO	763423	1713	763423	3586
-4.7	3.5	SANTIAGO, BAJA CALIF MEXICO	764053	1642	764053	3587
-4.3	4.9	PRESA REQUENA, HIDAL MEXICO	766802	1568	766802	3588
-4.40000000000001	1.90000000000001	RA-IZ RUSSIA	233310	2255	233310	3589
-2.3	1.90000000000001	SOPOCHNAYA KARGA RUSSIA	208710	2324	208710	3590
-4.09999999999999	4.5	BEAVERDELL CANADA	718891	2004	718891	3591
-0.5	3.5	BATAMAJ RUSSIA	246560	2171	246560	3592
-2.2	2.9	NEURUPPIN GERMANY	102700	2050	102700	3593
-1.90000000000001	4.1	SOUTH WEST ROCKS (SM AUSTRALIA	947900	798	947900	3594
-0.699999999999989	2.1	IVANHOE POST OFFICE AUSTRALIA	946970	800	946970	3595
-1.40000000000001	0.200000000000003	PARAFIELD AIRPORT AUSTRALIA	956770	801	956770	3596
-3.5	1.3	CLEVE AUSTRALIA	946610	801	946610	3597
-2	2.4	ARCHERFIELD AIRPORT AUSTRALIA	945750	870	945750	3598
-2.30000000000001	0.899999999999999	LADY ELLIOT ISLAND AUSTRALIA	943880	942	943880	3599
-5	3.7	WILLIS ISLAND MO AUSTRALIA	942990	1014	942990	3600
-5	4.3	CHILEKA MALAWI	676930	1037	676930	3601
-1.8	4.7	MONGU ZAMBIA	676330	1040	676330	3602
-2.40000000000001	3.7	ARANYAPRATHET THAILAND	484620	1456	484620	3603
-2.90000000000001	2.6	CHANTHABURI THAILAND	484800	1456	484800	3604
-0.0999999999999943	1.8	PRACHUAP KHIRI KHAN THAILAND	485000	1457	485000	3605
-2.3	1.3	LABE GUINEA	618090	1479	618090	3606
-5	0.899999999999999	GANXIAN CHINA	579930	1669	579930	3607
-2	5	YAAN CHINA	562870	1672	562870	3608
-2.40000000000001	0.899999999999999	BROWNSVILLE, TEXAS USA	722500	1712	722500	3609
-2	3.4	AUGUSTA/BUSH FLD USA	722180	1781	722180	3610
-3.09999999999999	0.100000000000001	KWANGJU KOREA, SOUTH	471560	1811	471560	3611
-1.90000000000001	3.6	MINLE CHINA	526810	1816	526810	3612
-0.600000000000001	0.5	KIRKUK IRAQ	406210	1828	406210	3613
-1.7	4.2	BALTIMORE-BALT/WASH USA	724060	1852	724060	3614
-1.7	0.200000000000003	AMARILLO/INTL USA	723630	1857	723630	3615
-4.3	3.7	KRALJEVO SERBIA------	133760	1904	133760	3616
-4.5	2	Graz-Flughafen AUSTRIA	112400	1977	112400	3617
-3	1.9	CARIBOU USA	727120	1994	727120	3618
-4.90000000000001	3.8	BIG TROUT LAKE CANADA	718440	2070	718440	3619
-3.90000000000001	0.299999999999997	ARMSTRONG CANADA	718410	2070	718410	3620
-2.09999999999999	2.2	WILLIAMS LAKE CANADA	711040	2077	711040	3621
-2.5	4.2	KJOBLI I SNASA NORWAY	11240	2194	11240	3622
-2.5	4.2	KJOBLI I SNASA NORWAY	11241	2194	11241	3623
-0.800000000000011	4.7	Canberra AUSTRALIA	949260	727	949260	3624
-1.30000000000001	2.9	Ceduna AUSTRALIA	946530	802	946530	3625
-4.5	1.6	Rockhampton AUSTRALIA	943740	942	943740	3626
-1.59999999999999	1.8	AGATA RUSSIA	233830	2250	233830	3627
-2.09999999999999	0.599999999999994	CHOKURDAH RUSSIA	219460	2311	219460	3628
-4	0.700000000000003	AN HSI CHINA	524240	1889	524240	3629
-0.900000000000006	2.4	BUHTA GAVRIILA RUSSIA	257770	2161	257770	3630
-4.59999999999999	1.3	VERHNJAJA TOM RUSSIA	314590	2026	314590	3631
-3.5	0.299999999999997	LOPPA NORWAY	10430	2336	10430	3632
-3.3	0.0999999999999943	LEKA NORWAY	11030	2266	11030	3633
-0.400000000000006	1	VOROGOVO RUSSIA	239730	2179	239730	3634
-4.69999999999999	4.7	PEVEK RUSSIA	255520	2234	255520	3635
-3.69999999999999	3.8	CHERSKIJ RUSSIA	251230	2236	251230	3636
-3.3	2.8	MYS MIKULKIN RUSSIA	222820	2259	222820	3637
-4.90000000000001	2.40000000000001	FORT MCPHERSON CANADA	719930	2295	719930	3638
-4.19999999999999	4.3	RUDNAJA PRISTAN RUSSIA	319590	1881	319590	3639
-4.19999999999999	2.6	POSET RUSSIA	319690	1882	319690	3640
-4.69999999999999	1.5	KRASNYJ JAR RUSSIA	318450	1953	318450	3641
-4.5	0.200000000000003	UST-KOLUMBE RUSSIA	318950	1953	318950	3642
-2.4	3.8	STRAUBING GERMANY	107880	1978	107880	3643
-3.1	3.1	QUEENSTOWN SOUTH AFRICA	686480	823	686480	3644
-2.2	2	EAST LONDON SOUTH AFRICA	688580	823	688580	3645
-3.5	3.1	FRASERBURG SOUTH AFRICA	686240	824	686240	3646
-1	4.3	DE-AAR SOUTH AFRICA	685380	824	685380	3647
-4.09999999999999	0.300000000000001	CARNAMAH AUSTRALIA	944150	877	944150	3648
-2.9	3.3	POTCHEFSTROOM SOUTH AFRICA	683500	895	683500	3649
-0.5	3.5	BETHAL SOUTH AFRICA	683700	895	683700	3650
-0.0999999999999943	4.9	PITCAIRN PACIFIC OC.	919600	927	919600	3651
-2.80000000000001	0.800000000000001	RAOUL IS NEW ZEALAND	939940	936	939940	3652
-1	4.3	MIRI MALAYSIA	964490	1310	964490	3653
-2	3.2	BINTULU MALAYSIA	964410	1310	964410	3654
-0.399999999999999	0.5	GARISSA KENYA	637230	1325	637230	3655
-2.5	2.9	SAN ANTONIO DEL TACH VENEZUELA	804470	1419	804470	3656
-4.8	0.800000000000001	NAKHON SAWAN THAILAND	484000	1528	484000	3657
-4.09999999999999	2.4	TAWU TAIWAN	467540	1596	467540	3658
-3.59999999999999	3.1	CHENGKUNG TAIWAN	467610	1596	467610	3659
-1.40000000000001	2.7	SONGPAN CHINA	561820	1744	561820	3660
-5	2	DIWANIYA IRAQ	406720	1755	406720	3661
-1.4	3.1	PORTO SANTO A MADEIRA	85240	1768	85240	3662
-1.59999999999999	0.399999999999999	YONAGO JAPAN	477440	1810	477440	3663
-1.90000000000001	1.3	DOULAN CHINA	528360	1817	528360	3664
-4.90000000000001	4.1	LIVERPOOL CANADA	714111	1921	714111	3665
-1.2	3.2	MUSKEGON/COUNTY USA	726360	1926	726360	3666
-4.59999999999999	0.899999999999999	Erdenetsagaan MONGOLIA	443170	1957	443170	3667
-3.90000000000001	3.9	BARUUNKHARAA MONGOLIA	442410	1959	442410	3668
-2.2	1.3	ARVAIKHEER (ARBAIHER MONGOLIA	442880	1960	442880	3669
-0.800000000000001	3.7	STUTTGART/ECHTERD GERMANY	107380	1979	107380	3670
-4.4	3.7	OBRESTAD FYR NORWAY	14120	2123	14120	3671
-0.4	3.9	JOMFRULAND (R) NORWAY	14760	2123	14760	3672
-2.2	4.59999999999999	HEKKINGEN (R) NORWAY	10150	2265	10150	3673
-4.40000000000001	4.5	OSTROV GOLOMJANNYJ RUSSIA	200870	2394	200870	3674
-1.09999999999999	0.400000000000006	CAPE STERLEGOVA RUSSIA	204760	2395	204760	3675
-3.19999999999999	0.699999999999999	Townsville AUSTRALIA	942940	1015	942940	3676
-3.9	3.3	GUDERMES RUSSIA	372440	1899	372440	3677
-2.3	3.9	KISLOVODSK RUSSIA	371230	1900	371230	3678
-0.899999999999999	4.7	BUDENNOVSK RUSSIA	370610	1900	370610	3679
-3.4	3.9	ZELENCHUKSKAJA RUSSIA	371120	1900	371120	3680
-3	4	UGLEGORSK RUSSIA	320880	1952	320880	3681
-4.69999999999999	3.9	SOVETSKAYA GAVAN RUSSIA	317700	1952	317700	3682
-2.90000000000001	5	SUTUR RUSSIA	315380	1954	315380	3683
-3.5	4.7	KATUN KAZAKHSTAN	364420	1963	364420	3684
-3.3	3.2	VERHNIJ BASKUNCAK RUSSIA	345790	1971	345790	3685
-1.4	4.8	FROLOVO RUSSIA	343560	1972	343560	3686
-3.7	1.5	GIGANT RUSSIA	347400	1972	347400	3687
-1.1	2.2	TAGANROG RUSSIA	347200	1973	347200	3688
-1.5	2.3	CAPE POVOROTNIY RUSSIA	325860	2021	325860	3689
-4.09999999999999	4.3	SOBOLEVO RUSSIA	324770	2021	324770	3690
-0.0999999999999943	4.1	SEMJACHIK RUSSIA	325090	2021	325090	3691
-2.30000000000001	3.1	NACHIKI-IN-KAMCHAT RUSSIA	325390	2021	325390	3692
-2.5	3.5	MOSKALVO RUSSIA	320140	2024	320140	3693
-3.80000000000001	2.5	UARKI RUSSIA	314360	2024	314360	3694
-2.5	4.8	BOLSOJ SANTAR RUSSIA	311740	2025	311740	3695
-0.599999999999994	4.5	UDSKOJE RUSSIA	312850	2026	312850	3696
-1.19999999999999	1.6	MAZANOVO RUSSIA	314430	2027	314430	3697
-4	2.7	CHERNJAEVO RUSSIA	313710	2027	313710	3698
-1.09999999999999	3.4	DZALINDA RUSSIA	306950	2028	306950	3699
-2.3	3.2	ROMANOVKA RUSSIA	306500	2030	306500	3700
-3.5	2.5	SOSNOVO-OZERSKOE RUSSIA	307450	2030	307450	3701
-0.5	1.1	AGINSKOE RUSSIA	308590	2030	308590	3702
-4.59999999999999	1.3	HILOK RUSSIA	308440	2030	308440	3703
-1.5	0.600000000000001	DULDURGA RUSSIA	309540	2030	309540	3704
-4.59999999999999	2	BOLSOJE-GOLOUSTNOJ RUSSIA	307270	2031	307270	3705
-4.2	1.7	BABUSKIN RUSSIA	308220	2031	308220	3706
-1.3	0.299999999999997	KRASNYJ CHIKOJ RUSSIA	309350	2031	309350	3707
-3.09999999999999	2.9	INGA RUSSIA	307030	2032	307030	3708
-4.40000000000001	4.6	TULUN RUSSIA	305040	2032	305040	3709
-1.40000000000001	0.399999999999999	CAKIR RUSSIA	309150	2032	309150	3710
-4	1.9	KYZYL-OZEK KAZAKHSTAN	360550	2035	360550	3711
-4.40000000000001	0.200000000000003	UST-KOKSA RUSSIA	362290	2035	362290	3712
-2.40000000000001	1.7	YAJLJU RUSSIA	360640	2035	360640	3713
-0.0999999999999943	2.6	BIJSK ZONALNAJA RUSSIA	299390	2036	299390	3714
-3.8	3.8	KAMEN-NA-OBI RUSSIA	298220	2036	298220	3715
-1.40000000000001	2.9	SLAVGOROD RUSSIA	299150	2037	299150	3716
-4.7	2.4	BREDY RUSSIA	350410	2040	350410	3717
-3.4	4	TROIZK RUSSIA	287480	2040	287480	3718
-2.6	2.2	ZILAIR RUSSIA	350260	2041	350260	3719
-0.899999999999999	4	AKSAKOVO RUSSIA	287190	2042	287190	3720
-3	0.799999999999997	URJUPINSK RUSSIA	342400	2044	342400	3721
-0.799999999999997	2.2	KON'-KOLODEZ' RUSSIA	340260	2045	340260	3722
-3.4	3	KRASNAJA GORA RUSSIA	269760	2046	269760	3723
-3.90000000000001	2.6	NELKAN RUSSIA	311520	2097	311520	3724
-4.40000000000001	3.7	CHAGDA RUSSIA	310260	2098	310260	3725
-3.59999999999999	1.5	UST-NJUKZHA RUSSIA	303850	2100	303850	3726
-0.200000000000003	0.899999999999999	NAGORNYJ RUSSIA	304930	2100	304930	3727
-3.3	4	DZHIKIMDA RUSSIA	300890	2100	300890	3728
-2.7	0.799999999999997	SREDNIJ KALAR RUSSIA	304710	2101	304710	3729
-5	2.1	MAKSIMOVO RUSSIA	302190	2103	302190	3730
-2	0.899999999999999	TAJSHET RUSSIA	295940	2105	295940	3731
-4.7	1.2	SOLJANKA RUSSIA	295800	2105	295800	3732
-4.5	1.2	ACINSK RUSSIA	294670	2106	294670	3733
-1.7	0.700000000000003	TISUL RUSSIA	295570	2107	295570	3734
-2.2	3.9	UST'-OZERNOE RUSSIA	291540	2107	291540	3735
-3.8	2	PERVOMAJSKOE RUSSIA	293480	2107	293480	3736
-4.40000000000001	1	TAJGA RUSSIA	295410	2107	295410	3737
-0.599999999999994	0.600000000000001	BOLOTNOE RUSSIA	295390	2108	295390	3738
-3.09999999999999	4.8	NAPAS RUSSIA	290230	2108	290230	3739
-1.8	4.2	SREDNY VASJUGAN RUSSIA	291110	2109	291110	3740
-1.7	1.3	SEVERNOE RUSSIA	294180	2109	294180	3741
-4.09999999999999	0.200000000000003	TATARSK RUSSIA	296050	2109	296050	3742
-1.4	3	TURINSK RUSSIA	282550	2112	282550	3743
-2.1	0.700000000000003	DUVAN RUSSIA	285370	2113	285370	3744
-4	1.9	KILMEZ RUSSIA	284020	2114	284020	3745
-1.2	2.6	DEBESSI-IN-UDMURT RUSSIA	283120	2114	283120	3746
-0.100000000000001	1.2	JANAUL RUSSIA	284190	2114	284190	3747
-1.3	1.4	SARAPUL RUSSIA	284180	2114	284180	3748
-4.6	4.5	NIKOL`SK RUSSIA	270660	2115	270660	3749
-1.8	4.8	OPARINO RUSSIA	270830	2115	270830	3750
-0.100000000000001	3.1	KUMENI-IN-KIROV RUSSIA	272960	2115	272960	3751
-2.1	2.4	JARANSK RUSSIA	273850	2115	273850	3752
-4.3	2.8	VETLUGA RUSSIA	272770	2115	272770	3753
-1.5	4.6	TIHVIN RUSSIA	260940	2118	260940	3754
-3.7	3	STARAJA RUSSA RUSSIA	262750	2118	262750	3755
-0.400000000000006	0.399999999999999	APUKA RUSSIA	259560	2163	259560	3756
-1.09999999999999	4.7	KORKODON RUSSIA	255030	2166	255030	3757
-4.69999999999999	4	SEGEN KYUEL RUSSIA	246610	2170	246610	3758
-0.200000000000003	0.700000000000003	LENSK RUSSIA	249230	2174	249230	3759
-2.2	1.7	STRELKA-CUNJA RUSSIA	248020	2176	248020	3760
-4.2	4.2	SARAN-PAUL RUSSIA	235270	2184	235270	3761
-1.1	1.5	KARGOPOL RUSSIA	228450	2189	228450	3762
-0.900000000000006	3.09999999999999	OSTROVNOE RUSSIA	251380	2236	251380	3763
-0.799999999999997	1.2	SELAGONCY RUSSIA	243290	2246	243290	3764
-3.2	4.7	MARESALE RUSSIA	230320	2255	230320	3765
-4.3	1.40000000000001	PETRUN RUSSIA	233240	2256	233240	3766
-3.3	4.7	AMDERMA RUSSIA	230220	2256	230220	3767
-3.1	0.900000000000006	UST-USA RUSSIA	234120	2257	234120	3768
-3	2.3	KRASNOSCELE RUSSIA	222350	2261	222350	3769
-3	4.90000000000001	VAIDA GUBA (BAY) RUSSIA	220030	2262	220030	3770
-3.9	0.200000000000003	KALEVALA RUSSIA	224080	2262	224080	3771
-0.700000000000003	1.59999999999999	UMBA RUSSIA	223240	2262	223240	3772
-2.59999999999999	0.599999999999994	KJUSJUR RUSSIA	219210	2315	219210	3773
-5	3.3	IM. M.V. POPOVA RUSSIA	206670	2326	206670	3774
-0.800000000000001	3	BARENCBURG RUSSIA	201070	2410	201070	3775
-1	2.9	CALDERA CHILE	999106	915	999106	3776
-0.800000000000001	1.09999999999999	INGOY NORWAY	999055	2336	999055	3777
-4	2.9	BRUSQUE BRAZIL	838960	910	838960	3778
-4.3	3	PEREIRA D,ECA ANGOLA	664907	1041	664907	3779
-4	4.4	KRYNICA HUNGARY	126707	1976	126707	3780
-2.4	3.9	TCHAOUROU BENIN	653330	1404	653330	3781
-3.40000000000001	1.6	HOANG-SA/PATTLE VIETNAM	488600	1526	488600	3782
-2.4	1.2	FERNANDO DE NORONHA BRAZIL	824000	1267	824000	3783
-0.100000000000001	3.3	LUSO ANGOLA	662850	1113	662850	3784
-4.3	2.3	NOVA LISBOA ANGOLA	663180	1113	663180	3785
-1.5	0.0999999999999996	SA DA BANDEIRA ANGOLA	663900	1114	663900	3786
-2.8	0.900000000000006	SKALVAER NORWAY	11090	2266	11090	3787
-0.0999999999999943	1.9	MATIAS ROMERO, OAXAC MEXICO	768331	1568	768331	3788
-2.09999999999999	2	CUATRO CIENEGAS, COA MEXICO	763421	1713	763421	3789
-4.8	2.7	CHRISTIANSTED VIRGIN IS.	785470	1561	785470	3790
-2.3	0.699999999999999	LUXOR EGYPT	624050	1686	624050	3791
-3.4	1.2	VANGSNES NORWAY	13390	2195	13390	3792
-4.4	4.9	FORNEBU NORWAY	14880	2122	14880	3793
-0.599999999999994	1.2	OLAYA HERRERA AIRPOR COLOMBIA	801100	1420	801100	3794
-1.7	0.100000000000001	MOOSOMIN CANADA	718611	2073	718611	3795
-4.90000000000001	4.8	ILIAMNA/FAA AIRPORT USA	703400	2155	703400	3796
-0.700000000000003	2	KANGERLUSSUAQ (SDR. GREENLAND	42310	2279	42310	3797
-4	0.0999999999999943	VALKARKAY RUSSIA	219780	2306	219780	3798
-0.900000000000006	2.5	CAMPBELL ISLAND NEW ZEALAND	939470	507	939470	3799
-4.3	3.4	SANTA ROSA A ARGENTINA	876230	769	876230	3800
-3.09999999999999	0.399999999999999	VALDIVIA PICHOY CHILE	857660	771	857660	3801
-4	0.5	PEMBERTON AUSTRALIA	956130	805	956130	3802
-0.199999999999999	3.5	CALVINIA SOUTH AFRICA	686180	825	686180	3803
-0.799999999999997	2.1	ROSARIO A ARGENTINA	874800	841	874800	3804
-0.200000000000003	2.1	CRISTO REDENTOR ARGENTINA	874000	843	874000	3805
-0.699999999999989	3.4	QUILPIE AIRPORT AUSTRALIA	944940	872	944940	3806
-3	5	FORT-DAUPHIN MADAGASCAR	671970	891	671970	3807
-0.100000000000001	1	ESTCOURT SOUTH AFRICA	684780	895	684780	3808
-1.4	4.2	VILLARRICA PARAGUAY	862330	912	862330	3809
-0.799999999999997	2.7	ENCARNACION PARAGUAY	862970	912	862970	3810
-1.2	0.100000000000001	LA SERENA LA FLORIDA CHILE	854880	915	854880	3811
-3.4	3.2	JUIZ DE FORA BRAZIL	836920	981	836920	3812
-3.2	4.8	BAHIA NEGRA PARAGUAY	860330	984	860330	3813
-2.9	4.8	MOCAMEDES ANGOLA	664220	1042	664220	3814
-1.2	2.6	COCHABAMBA BOLIVIA	852230	1058	852230	3815
-0.700000000000003	2.6	DIEGO-SUAREZ MADAGASCAR	670090	1107	670090	3816
-1.2	1.2	LILONGWE INTL A MALAWI	675860	1110	675860	3817
-4.9	1.9	RECIFE BRAZIL	829000	1195	829000	3818
-4.7	0.7	BRAZZAVILLE/MAYA-MAY CONGO	644500	1257	644500	3819
-3.1	0.2	POINTE NOIRE CONGO	644000	1258	644000	3820
-1.2	4.3	PORT-GENTIL GABON	645010	1259	645010	3821
-3.4	4.9	JUBA SUDAN	629410	1326	629410	3822
-1.5	4.4	BANGUI C. AFR. REP.	646500	1329	646500	3823
-1.9	1.6	IMPFONDO CONGO	644590	1329	644590	3824
-1.8	4.9	TAKORADI GHANA	654670	1333	654670	3825
-2.4	4.4	TABOU COTE D'IVOIRE	655920	1334	655920	3826
-1.1	4.6	SANTA ELENA DE UAIRE VENEZUELA	804620	1345	804620	3827
-1.80000000000001	2	PONAPE MICRONESIA	913480	1373	913480	3828
-3.3	4.6	MALAKAL SUDAN	628400	1398	628400	3829
-1.6	4.1	FORT-ARCHAMBAULT CHAD--------	647500	1401	647500	3830
-0.0999999999999943	1.6	PHNOM-PENH KAMPUCHEA	489910	1456	489910	3831
-0.0999999999999943	2.9	MANGALORE INDIA	432840	1462	432840	3832
-4.7	3.6	EL-FASHER SUDAN	627600	1471	627600	3833
-2.1	1.1	KANDI BENIN	653060	1476	653060	3834
-4.3	1.2	BOBO/DIOULASSO BURKINA FASO	655100	1477	655100	3835
-0.699999999999999	1.9	BISSAU A GUINEA-BISSAU	617660	1480	617660	3836
-3.40000000000001	2.5	DONG HOI VIETNAM	488480	1527	488480	3837
-1.8	1	DA-NANG/TOURANE VIETNAM	488550	1527	488550	3838
-2.40000000000001	3	VIENTIANE LAO P.D.R.	489400	1528	489400	3839
-3.6	0.5	KASSALA SUDAN	627300	1541	627300	3840
-0.1	1.3	GAO MALI	612260	1549	612260	3841
-1	3.1	NOUAKCHOTT MAURITANIA	614420	1552	614420	3842
-0.200000000000003	1.2	SALINA CRUZ, OAX. MEXICO	768330	1568	768330	3843
-4.09999999999999	3.9	JIHYUEHTAN TAIWAN	467650	1596	467650	3844
-1.7	3.5	MUSCAT OMAN	412560	1609	412560	3845
-1.09999999999999	3.6	CHIHUAHUA, CHIH. MEXICO	762250	1714	762250	3846
-3.9	2.2	KUT-EL-HAI IRAQ	406650	1755	406650	3847
-3.8	1	NASIRIYA IRAQ	406760	1755	406760	3848
-1.3	2.9	STOCKTON/METR USA---------	724920	1861	724920	3849
-3.8	3	FLINT/BISHOP USA	726370	1925	726370	3850
-2.90000000000001	3	MILWAUKEE/G.MITCHELL USA	726400	1926	726400	3851
-1.3	1.7	SOUTH BEND/ST JOSEPH USA	725350	1926	725350	3852
-4.40000000000001	3.6	BINDER, HENTIY MONGOLIA	442570	1958	442570	3853
-1.40000000000001	3.8	BULGAN MONGOLIA	442390	1960	442390	3854
-4.8	4.6	MUREN MONGOLIA	442310	1960	442310	3855
-2.3	2.7	SEATTLE USA	727931	2005	727931	3856
-0.399999999999999	3.3	GOOSE CANADA	718160	2065	718160	3857
-2.90000000000001	2.2	LANSDOWNE HOUSE CANADA	718460	2070	718460	3858
-2.5	1.3	YORKTON CANADA	711380	2073	711380	3859
-1.59999999999999	5	ANNETTE ISLAND ALASKA	703980	2079	703980	3860
-4.69999999999999	4.5	YAKUTAT ALASKA	703610	2152	703610	3861
-3.9	0.200000000000003	GARDERMOEN NORWAY	13840	2194	13840	3862
-4.1	1.5	FORDE - TEFRE NORWAY	13220	2195	13220	3863
-0.699999999999989	4	BIG DELTA/ALLEN AAF USA	702670	2226	702670	3864
-0.599999999999994	3	MCGRATH ALASKA	702310	2228	702310	3865
-0.6	3.59999999999999	BO I VESTERALEN (R NORWAY	11560	2266	11560	3866
-2.30000000000001	2.4	Amberley AUSTRALIA	945680	870	945680	3867
-4.5	2.4	Oodnadatta AUSTRALIA	944760	873	944760	3868
-3.3	0.699999999999999	Kalumburu AUSTRALIA	941000	1091	941000	3869
-4.9	4.3	CERTKOVO RUSSIA	344320	1972	344320	3870
-1	4.9	NIZHNEUDINSK RUSSIA	296980	2033	296980	3871
-1.30000000000001	0.899999999999999	ESSO-IN-KAMCHAT RUSSIA	323630	2093	323630	3872
-3.09999999999999	4	PEREVOZ RUSSIA	300690	2101	300690	3873
-2	0.299999999999997	SEVERO-JENISEJSK RUSSIA	239860	2178	239860	3874
-2.3	2.9	TRISTAN DA CUNHA ST.HELENA (BR	689020	759	689020	3875
-0.0999999999999943	4.7	HILO HAWAII HAWAII	912857	1580	912857	3876
-1.19999999999999	2.9	TELEGRAPH CREEK CANADA	719581	2151	719581	3877
-4.8	0.199999999999999	MONTEMORELOS, NUEVO MEXICO	763932	1712	763932	3878
-4.90000000000001	2.9	CABO SAN LUCAS, BAJA MEXICO	764051	1642	764051	3879
-4.8	3.1	SAN FELIPE, BAJA CAL MEXICO	764052	1642	764052	3880
-1.09999999999999	3.4	CHICOUTIMI CANADA	716170	1995	716170	3881
-1.69999999999999	0.899999999999999	LAHAINA HAWAII	911897	1652	911897	3882
-0.800000000000011	3.9	UNALAKLEET/FIELD USA	702070	2229	702070	3883
-4.2	1.8	ANDREYA ISLAND RUSSIA	213010	2390	213010	3884
-1.90000000000001	4.7	GALENA A. ALASKA	702220	2228	702220	3885
-5	4.5	SANNIKOVA STRAIT RUSSIA	215350	2312	215350	3886
-1.69999999999999	5	KAITAIA A NEW ZEALAND	930120	722	930120	3887
-4.40000000000001	2.8	ISLA DE PASCUA/MATAV CHILE	854690	922	854690	3888
-2.5	2.2	NADI A FIJI	916800	1009	916800	3889
-2	2.7	WAU SUDAN	628800	1399	628800	3890
-0.899999999999999	2	SALALAH OMAN	413160	1538	413160	3891
-3.40000000000001	2	LANYU TAIWAN	467620	1596	467620	3892
-3.3	4.7	RIYADH SAUDI ARABIA	404380	1611	404380	3893
-2.3	4.7	YOSU KOREA, SOUTH	471680	1739	471680	3894
-3.1	3.3	NIS SERBIA------	133880	1904	133880	3895
-4.90000000000001	5	GREENWOOD CANADA	713970	1921	713970	3896
-4.6	2.1	ABERPORTH UK	35020	2053	35020	3897
-0.799999999999997	4.2	WHITECOURT CANADA	719300	2076	719300	3898
-0.200000000000003	0.5	HOPEDALE CANADA	719000	2137	719000	3899
-3.40000000000001	3.1	KUUJJUAQ CANADA	719060	2138	719060	3900
-2.69999999999999	0.200000000000003	COLD BAY ALASKA	703160	2157	703160	3901
-3	0.200000000000003	KONGSVINGER (R) NORWAY	14680	2194	14680	3902
-1.8	0.5	GEILO (R) NORWAY	13590	2195	13590	3903
-4.40000000000001	2.5	YELLOWKNIFE CANADA	719360	2219	719360	3904
-0.0999999999999943	0.700000000000003	WHITEHORSE CANADA	719640	2224	719640	3905
-1.90000000000001	3	NORTHWAY ALASKA	702910	2225	702910	3906
-2.80000000000001	2.1	PUNTILLA USA	702490	2227	702490	3907
-3.5	0.5	CLYDE CANADA	713580	2354	713580	3908
-3.19999999999999	2.2	Williamtown AUSTRALIA	947760	798	947760	3909
-2.80000000000001	2.9	ILYINSKIY RUSSIA	321210	1952	321210	3910
-2.30000000000001	1.9	JUZHNO-SAHALINSK RUSSIA	321500	1952	321500	3911
-0.699999999999989	3	VOSTOCNAJA RUSSIA	246790	2169	246790	3912
-4.90000000000001	0.100000000000001	TEGJULTJE-TERDE RUSSIA	249670	2170	249670	3913
-3.19999999999999	1.8	UST-CHARKI RUSSIA	243710	2241	243710	3914
-1.09999999999999	0.0999999999999943	DZALINDA RUSSIA	219080	2318	219080	3915
-4.3	4	STAVANGER - VALAND NORWAY	14160	2123	14160	3916
-4.59999999999999	1.1	QUAQTAQ CANADA	713211	2210	713211	3917
-2.2	4	EMERSON CANADA	715600	2000	715600	3918
-1.69999999999999	1.9	ADAK USA	704540	2088	704540	3919
-0.300000000000011	4.5	SKAGWAY AIRPORT ALASKA	703620	2152	703620	3920
-2.7	1.3	FORT PROVIDENCE CANADA	710870	2220	710870	3921
-4.09999999999999	2.7	RUBICON-SEC AUSTRALIA---	948810	727	948810	3922
-3.69999999999999	4.3	ONO-I-LAU FIJI	916990	1008	916990	3923
-3.3	2.1	SANTA CRUZ BOLIVIA	852450	1057	852450	3924
-0.799999999999997	0.399999999999999	POTOSI(SENAMHI) BOLIVIA	852930	1058	852930	3925
-0.299999999999997	1	SUCRE(SENAMHI) BOLIVIA	852830	1058	852830	3926
-1.3	1.2	PISCO PERU	846910	1132	846910	3927
-4.90000000000001	3.1	CHICLAYO PERU	844520	1204	844520	3928
-0.600000000000001	4.7	RIYAN YEMEN	405860	1467	405860	3929
-2.3	3.2	KOSTI SUDAN	627720	1470	627720	3930
-4.1	1.4	SIGUIRI GUINEA	618110	1478	618110	3931
-2.8	4.6	PORT SUDAN SUDAN	626410	1541	626410	3932
-1	2.7	ATBARA SUDAN	626800	1542	626800	3933
-3.5	0.199999999999999	ANPU TAIWAN	466910	1668	466910	3934
-0.5	4.9	SANTA MARIA USA	723940	1789	723940	3935
-3.40000000000001	2.4	BISHOP/ARPT USA---------	724800	1860	724800	3936
-0.700000000000003	1.3	YOUNGSTOWN USA	725250	1925	725250	3937
-2.90000000000001	4.8	YAN-OLGIY MONGOLIA	442120	1962	442120	3938
-4.59999999999999	2.9	PARENT CANADA	717260	1995	717260	3939
-0.900000000000006	3.2	NITCHEQUON CANADA	715201	2067	715201	3940
-2.3	2.8	HUDSON BAY CANADA	718680	2073	718680	3941
-3.1	5	PRINS CHRISTIANS S. GREENLAND	43900	2133	43900	3942
-4.7	1.4	GILLAM CANADA	719120	2143	719120	3943
-4.59999999999999	3.4	JUNEAU/AP USA	703810	2151	703810	3944
-2.6	4	KEFLAVIK ICELAND	40180	2201	40180	3945
-2.80000000000001	0.200000000000003	TESLIN CANADA	710450	2223	710450	3946
-2.8	3.7	EGEDESMINDE GREENLAND	42200	2279	42200	3947
-1.8	0.299999999999997	NORMAN WELLS CANADA	714800	2294	714800	3948
-0.199999999999989	2.1	Laverton AUSTRALIA	948650	728	948650	3949
-1.90000000000001	4.7	Coffs Harbour AUSTRALIA	947910	798	947910	3950
-0.5	1.7	KYZYL RUSSIA	360960	2034	360960	3951
-2.40000000000001	0.100000000000001	KARAM RUSSIA	304370	2103	304370	3952
-1.40000000000001	4.8	AJON ISLAND RUSSIA	250420	2235	250420	3953
-2.9	0.0999999999999943	PECHORA RUSSIA	234180	2257	234180	3954
-4.7	1.2	INDIAN HOUSE LAKE CANADA	719011	2137	719011	3955
-3.59999999999999	4.9	WABOWDEN CANADA	718588	2072	718588	3956
-2	4.2	DARPIR RUSSIA	245980	2167	245980	3957
-0.900000000000006	2.7	SHEMYA/USAF BASE USA	704140	2018	704140	3958
-3.6	0.100000000000001	HVAM (R) NORWAY	14924	2194	14924	3959
-2.30000000000001	3.4	BEREZOVO RUSSIA	256560	2162	256560	3960
-4.30000000000001	3.8	CAUN RUSSIA	251510	2234	251510	3961
-1.7	4	RHEINSTETTEN GERMANY	107310	1979	107310	3962
-4.3	4.7	FARADAY ANTARCTICA	890630	337	890630	3963
-3.9	2.8	BELLINGSHAUSEN ANTARCTICA	890500	408	890500	3964
-4.09999999999999	3.9	BURNIE (ROUND HILL) AUSTRALIA	949580	655	949580	3965
-2.6	1.1	GEORGE SOUTH AFRICA	688280	824	688280	3966
-4.3	0.4	KANKAN GUINEA	618290	1478	618290	3967
-3.3	4	ATHENS/MUN.,G USA---------	723110	1781	723110	3968
-4.90000000000001	3.9	ELKINS/RANDOLPH-CO-A USA---------	724170	1852	724170	3969
-3.59999999999999	1.9	SCOTTSBLUFF/COUNTY-A USA---------	725660	1929	725660	3970
-3.7	0.799999999999997	NANDALGOVI MONGOLIA	443410	1959	443410	3971
-2.3	2.5	SEATTLE, WASHINGTON USA	727930	2005	727930	3972
-2.40000000000001	4	Abbotsford A CANADA	711080	2005	711080	3973
-1.3	0.200000000000003	SEPT-ILES CANADA	712790	2066	712790	3974
-2.09999999999999	0.600000000000001	GIMLI CANADA	717480	2072	717480	3975
-2.40000000000001	0.700000000000003	PORT HARDY CANADA	711090	2078	711090	3976
-1	1.9	CAPE ST JAMES CANADA	711070	2079	711070	3977
-1.5	4	TVEITSUND NORWAY	14550	2123	14550	3978
-5	3.4	DEASE LAKE CANADA	712220	2150	712220	3979
-0.800000000000011	4.2	VERHNEE PENZINO RUSSIA	255380	2164	255380	3980
-2.5	0.799999999999997	HAINES JUNCTION CANADA	715050	2224	715050	3981
-1.5	1.90000000000001	BETTLES USA---------	701740	2299	701740	3982
-3.69999999999999	2.7	Butlers Gorge AUSTRALIA	949770	655	949770	3983
-3.90000000000001	4.2	IKA RUSSIA	300280	2103	300280	3984
-1	0.5	UGUT RUSSIA	239460	2182	239460	3985
-2.09999999999999	2.2	ILIRNEJ RUSSIA	252480	2235	252480	3986
-4.5	0.200000000000003	OMOLON RUSSIA	254280	2236	254280	3987
-1.6	0.199999999999999	FORT TRINQUET MAURITANIA	999013	1695	999013	3988
-2.59999999999999	1.4	ENIWETOK MARSHALL IS.	912500	1444	912500	3989
-3.90000000000001	2.5	FAREWELL USA	702480	2227	702480	3990
-2	4	SHIP STATION E OCEANIA	990050	1775	990050	3991
-1.1	1.9	EL ADEM LIBYA	620630	1760	620630	3992
-3	4	SHIP STATION P OCEANIA	990160	2010	990160	3993
-1.09999999999999	4	KEDON RUSSIA	256210	2165	256210	3994
-0.199999999999999	4.3	DANEBORG GREENLAND	43300	2345	43300	3995
-4	0.799999999999997	MODALEN (R) NORWAY	13250	2195	13250	3996
-2	1.6	BASE ESPERANZA ANTARCTICA	889630	408	889630	3997
-0.700000000000003	2.2	SAN-JOSE BOLIVIA	852470	1057	852470	3998
-3.09999999999999	3.5	CENTRAL-LA-PAZ BOLIVIA	853990	1058	853990	3999
-4.2	4.4	TAMALE GHANA	654180	1404	654180	4000
-0.200000000000003	4.9	GUANTANAMO BAY/NAS CUBA	783670	1564	783670	4001
-3.3	2.5	PHILLIP GOLDSON INTL BELIZE	785830	1566	785830	4002
-2.80000000000001	1.5	KANEOHE BAY/MCAS HAWAII	911761	1652	911761	4003
-4.3	3.1	EL MINYA EGYPT	623870	1686	623870	4004
-0.5	2	SEBHA LIBYA	621240	1690	621240	4005
-5	1.2	ALEXANDRIA EGYPT	623180	1758	623180	4006
-4.7	2.1	BENINA LIBYA	620530	1760	620530	4007
-3.1	2.8	SHAHAT LIBYA	620560	1760	620560	4008
-1.90000000000001	4.9	CHERRY-POINT/MCAS USA---------	723090	1780	723090	4009
-1.3	3	Cedar Camp (Charlo) CANADA	713150	1994	713150	4010
-4.5	1.5	SAULT STE MARIE CANADA	712600	1997	712600	4011
-0.5	2.6	SHIP STATION C OCEANIA	990030	2060	990030	4012
-1.80000000000001	3.3	SANDSPIT CANADA	711010	2079	711010	4013
-2.90000000000001	1.9	Sale AUSTRALIA	949070	727	949070	4014
-3.7	2.4	TOORA-HEM RUSSIA	361030	2033	361030	4015
-3.90000000000001	1.2	TOKO RUSSIA	311370	2098	311370	4016
-3.09999999999999	4.5	OSTROV VIZE RUSSIA	200690	2397	200690	4017
-4.9	1.5	HOPEN NORWAY	10620	2407	10620	4018
-2	1.8	MARGUERITE BAY ANTARCTICA	999015	338	999015	4019
-1.5	3.4	FRANCEVILLE GABON	645530	1258	645530	4020
-3	2	SHIP STATION A OCEANIA	990010	2203	990010	4021
-1	1.5	SHIP STATION B OCEANIA	990020	2135	990020	4022
-2.2	3.1	KRISTIANSUND N NORWAY	12221	2195	12221	4023
-2.40000000000001	2.8	GRAND LAKE VICTORIA CANADA	718288	1996	718288	4024
-1.2	3.6	UHTA RUSSIA	236060	2186	236060	4025
-1	2.5	VORKUTA RUSSIA	232260	2256	232260	4026
-4	4.6	SCIENCE_GARDEN_Q_C PHILIPPINES	984300	1452	984300	4027
-4.09999999999999	4.5	SANGLEY_POINT PHILIPPINES	984280	1452	984280	4028
-5	4.8	WUERZBURG GERMANY	106550	1978	106550	4029
-2.8	4.7	WEIDEN GERMANY	106880	1978	106880	4030
-0.5	4.2	OEHRINGEN GERMANY	107420	1979	107420	4031
-3.1	0.299999999999997	HOF GERMANY	106850	2050	106850	4032
-3.09999999999999	2.40000000000001	ROTHERA POINT ANTARCTICA	890620	338	890620	4033
-0.599999999999994	3	DUNEDOO POST OFFICE AUSTRALIA	957270	799	957270	4034
-2.2	4.7	BANGASSOU C. AFR. REP.	646560	1328	646560	4035
-2.30000000000001	3.7	KWAJALEIN MARSHALL IS.	913660	1371	913660	4036
-3.30000000000001	4.3	WAKE ISLAND A PACIFIC (US)	912450	1515	912450	4037
-0.899999999999999	3	FAYALARGEAU CHAD	647530	1545	647530	4038
-3.5	0.199999999999999	CHUTZEHU TAIWAN	466930	1668	466930	4039
-3.4	1.2	SIRTE LIBYA	620190	1761	620190	4040
-4.09999999999999	4.1	POINT-MUGU/NF USA---------	723910	1788	723910	4041
-0.699999999999989	0.600000000000001	ULSAN KOREA, SOUTH	471520	1811	471520	4042
-4.09999999999999	2.2	ROCKFORD/WSO-AP USA---------	725430	1926	725430	4043
-2.40000000000001	2	NORFOLK/KARL STEFAN USA	725560	1928	725560	4044
-3.9	0.5	SAM KAZAKHSTAN	359250	1969	359250	4045
-2.9	3.6	UZHHOROD UKRAINE	336310	1976	336310	4046
-3.40000000000001	3.6	INTERNATIONAL FALLS, USA	727470	1999	727470	4047
-0.5	1.6	YAKIMA/YAKIMA AIRPOR USA	727810	2005	727810	4048
-2.6	0.200000000000003	DANIELS HARBOUR CANADA	711850	2064	711850	4049
-2.8	3	CAMROSE CANADA	712540	2075	712540	4050
-4.3	2.1	BLUE RIVER CANADA	718830	2076	718830	4051
-4.9	4.9	SLATTEROY FYR NORWAY	14060	2123	14060	4052
-3.59999999999999	3.8	IQALUIT CANADA	713210	2210	713210	4053
-1.09999999999999	4.3	BAKER LAKE CANADA	713560	2216	713560	4054
-3.8	1.5	THULE US AFB GREENLAND	42020	2426	42020	4055
-1.90000000000001	4.1	Forrest AUSTRALIA	956460	803	956460	4056
-3.19999999999999	1.6	NEVELSK RUSSIA	321450	1952	321450	4057
-2.30000000000001	4.7	JUGARJONOK RUSSIA	310620	2097	310620	4058
-1.69999999999999	1.3	EN` MUVEEM RUSSIA	253560	2234	253560	4059
-1.8	2.1	ANTIGUA ANTIGUA	999120	1561	999120	4060
-4.5	3.6	NARAYANJANJ BANGLADESH	419190	1602	419190	4061
-5	5	SHIP STATION N OCEANIA	990140	1720	990140	4062
-3.2	2.4	CHITTAGONG CITY BANGLADESH	419400	1602	419400	4063
-3.3	4.3	SRIMANGAL BANGLADESH	418800	1602	418800	4064
-0.800000000000001	4.2	PASVIK NORWAY	10840	2263	10840	4065
-0.800000000000011	0.599999999999994	ALAZEJA RIVER RUSSIA	219550	2310	219550	4066
-4	1.9	MAIRANA BOLIVIA	852452	1057	852452	4067
-3.3	4.3	SRIMANGAL BANGLADESH	419150	1602	419150	4068
-1.5	2.7	CALCUTTA(DUM DUM) INDIA	428090	1603	428090	4069
-1.09999999999999	0.800000000000001	SYEDPUR BNGLADESH	418580	1675	418580	4070
-2.6	3.59999999999999	IVALO FINLAND	28070	2263	28070	4071
-0.0999999999999996	3.7	STOETTEN GERMANY	108360	1979	108360	4072
-0.600000000000001	4.3	SIGNY ANTARCTICA	890420	406	890420	4073
-4.59999999999999	3.9	KEITH AUSTRALIA	948160	728	948160	4074
-3.09999999999999	3.4	KINGAROY PRINCE STRE AUSTRALIA	945490	870	945490	4075
-4.5	2	PEMBA (PORTO AMELIA) MOZAMBIQUE	672150	1108	672150	4076
-2.3	0.8	DOLISIE CONGO	644010	1258	644010	4077
-0.599999999999994	3.3	ROOSEVELT ROADS PUERTO RICO	785350	1562	785350	4078
-2.90000000000001	4.9	KARACHI A PAKISTAN	417800	1607	417800	4079
-1.5	3.3	JACOBABAD PAKISTAN	417150	1679	417150	4080
-1.5	0.300000000000001	PASNI PAKISTAN	417590	1680	417590	4081
-0.900000000000006	2	PANJGUR PAKISTAN	417390	1680	417390	4082
-3.09999999999999	0.300000000000001	QUETTA PAKISTAN	416600	1751	416600	4083
-0.5	1.4	ZHOB PBO PAKISTAN	416200	1751	416200	4084
-0.0999999999999943	2.3	JACKSON/ALLEN USA---------	722350	1783	722350	4085
-0.5	1.4	SAN ANGELO/MATHI S USA	722630	1785	722630	4086
-1.8	3.7	LUBBOCK/LUBBOCK INTL USA	722670	1785	722670	4087
-2.59999999999999	3.4	HUNTINGTON,-W USA---------	724250	1853	724250	4088
-1.90000000000001	1.4	CLEVELAND/CLE USA---------	725240	1925	725240	4089
-0.799999999999997	1.6	SUDBURY CANADA	717300	1997	717300	4090
-3	1.9	DREVSJO NORWAY	13930	2194	13930	4091
-4	0.399999999999999	KVAMSKOGEN (R) NORWAY	13270	2195	13270	4092
-5	4.7	RESOLUTE CANADA	710180	2359	710180	4093
-3.59999999999999	0.0999999999999943	BARTER ISLAND ALASKA	700860	2369	700860	4094
-0.900000000000006	5	EUREKA CANADA	719170	2430	719170	4095
-4.09999999999999	4	JUZHNO-KURILSK RUSSIA	321650	1879	321650	4096
-0.900000000000006	3.2	NEOZIDANNIJ PRIISK RUSSIA	298580	2035	298580	4097
-3	3.9	TOL KA RUSSIA	236620	2180	236620	4098
-3.3	0.800000000000001	HAIPHONG VIETNAM	999043	1599	999043	4099
-1.3	3.5	PALMIRA COLOMBIA	802607	1348	802607	4100
-5	3.3	C AMALIE-TRUMAN VIRGIN IS.	785430	1561	785430	4101
-5	4	SHIP STATION T OCEANIA	990200	1665	990200	4102
-2.59999999999999	2.9	CAZADERO AP. COLOMBIA	803910	1419	803910	4103
-1.59999999999999	3.9	MURREE PAKISTAN	415730	1750	415730	4104
-3.7	3.8	SHIP STATION J OCEANIA	990100	2056	990100	4105
-5	5	SHIP STATION I OCEANIA	990090	2128	990090	4106
-4	4.3	KALNES NORWAY	14823	2122	14823	4107
-1.5	0.900000000000006	GYDA RUSSIA	209630	2325	209630	4108
-3.4	3.1	Wien-Schwechat AUSTRIA	110360	1977	110360	4109
-0.800000000000011	1.5	POKROVSKAJA RUSSIA	248560	2171	248560	4110
-2.5	3	CHERNISHEVSKIJ RUSSIA	247240	2174	247240	4111
-4.7	4.40000000000001	SKIBOTN (R) NORWAY	10251	2264	10251	4112
-3.9	4.5	FEHMARN_(WESTERMARKE GERMANY	100550	2050	100550	4113
-1.09999999999999	0.5	MACQUARIE ISLAND AUSTRALIA	949980	509	949980	4114
-2.5	1.9	HEARD ISLAND AUSTRALIA	949970	526	949970	4115
-2.1	3.1	MARION ISLAND SOUTH AFRICAN	689940	605	689940	4116
-2.80000000000001	3.2	MOUNT-BEAUTY AUSTRALIA---	949040	727	949040	4117
-2.09999999999999	2.7	CORRIGIN AUSTRALIA	946330	805	946330	4118
-1.69999999999999	2.1	VILA/EFATE VANUATU	915580	1011	915580	4119
-1.40000000000001	3.6	CALI/BONILLA A COLOMBIA	802590	1348	802590	4120
-0.0999999999999943	1.7	WEST PALM BEACH/I USA	722030	1709	722030	4121
-4	5	PORT-ARTHUR/WSO-AP USA---------	722410	1711	722410	4122
-2.40000000000001	4.7	PRESCOTT/MUNICIPAL USA---------	723760	1787	723760	4123
-5	2.3	ROANOKE/MUNI USA	724110	1852	724110	4124
-4.7	3.8	COLORADO-SPRINGS USA---------	724660	1857	724660	4125
-1.7	4.4	GOODLAND/RENN USA---------	724650	1857	724650	4126
-0.900000000000006	2.4	ALAMOSA,-CO. USA---------	724620	1858	724620	4127
-3.09999999999999	1.2	BRIDGEPORT/SIKORSKY USA	725040	1923	725040	4128
-1.40000000000001	0.899999999999999	AKRON/AKRON-CANTON USA	725210	1925	725210	4129
-2.2	1.9	KHUJIRT MONGOLIA	442850	1960	442850	4130
-3.5	2.2	HOUGHTON/FAA-AIRPORT USA---------	727440	1998	727440	4131
-0.5	1.5	HEATHROW UK	37720	2053	37720	4132
-3.9	2.7	SHANNON AIRPORT IRELAND	39620	2054	39620	4133
-1.8	4.8	SCHEFFERVILLE CANADA	718280	2066	718280	4134
-1.7	2.9	BROCHET CANADA	719965	2145	719965	4135
-4.2	2.7	FORT RELIANCE CANADA	711600	2218	711600	4136
-2.4	1.40000000000001	SOLVAER (R) NORWAY	11210	2266	11210	4137
-3	4.5	TUKTOYAKTUK CANADA	719590	2295	719590	4138
-2.8	0.700000000000003	HOLMAN CANADA	710290	2364	710290	4139
-3.5	3.8	ISACHSEN CANADA	710740	2433	710740	4140
-4.40000000000001	1.2	MOULD BAY CANADA	719890	2436	719890	4141
-2.09999999999999	1.59999999999999	NYDA RUSSIA	233450	2254	233450	4142
-1	4	SHIP STATION D OCEANIA	990040	1917	990040	4143
-1	5	SHIP STATION K OCEANIA	990110	1912	990110	4144
-1.7	2.9	BROCHET A CANADA	719210	2145	719210	4145
-4.3	5	LUMBO MOZAMBIQUE	672410	1036	672410	4146
-1	3.40000000000001	KVALNES (R) NORWAY	11450	2266	11450	4147
-0.400000000000006	2.9	KHULNA BANGLADESH	419471	1603	419471	4148
-2	2.5	BRISBANE APT AUSTRALIA	945760	870	945760	4149
-3	3.3	LAE PAPUA NEW GUI	920270	1159	920270	4150
-0.0999999999999943	3.6	ANDERSEN AFB, GUAM GUAM (US)	912180	1448	912180	4151
-2.5	1.59999999999999	SIDOROVSK RUSSIA	233650	2252	233650	4152
-2.09999999999999	4.1	MUMBAI(SANTACRUZ) INDIA	430030	1534	430030	4153
-2.4	3.5	MULLINGAR II IRELAND	39710	2054	39710	4154
-0.9	1.9	VAGA - KLONES NORWAY	12351	2195	12351	4155
-2	2	SHIP STATION R OCEANIA	990180	1984	990180	4156
-4.7	2	PAAMIUT (FREDERIKSH GREENLAND	42600	2206	42600	4157
-1.30000000000001	3.7	KOLJMSKAJA RUSSIA	251210	2237	251210	4158
-4.1	4.9	BAMBERG GERMANY	106750	1978	106750	4159
-2.2	3.4	LAHR GERMANY	108050	1979	108050	4160
-1.6	3.5	FREUDENSTADT GERMANY	108150	1979	108150	4161
-2.09999999999999	4.2	BENCUBBIN AUSTRALIA	946320	805	946320	4162
-1.2	5	PORTO ALEGRE BRAZIL	839670	839	839670	4163
-3.4	1.5	ST.VITORIA DO BRAZIL	839970	839	839970	4164
-2	3.6	TEWANTIN RSL PARK AUSTRALIA	945700	870	945700	4165
-3.7	1.1	LEONORA AUSTRALIA	944480	876	944480	4166
-0.700000000000003	2.5	PONTA PORA BRAZIL	837020	984	837020	4167
-4.3	2.3	CARAVELAS BRAZIL	834980	1052	834980	4168
-3.9	0.100000000000001	BELO HORIZONT BRAZIL	835870	1053	835870	4169
-2	3.8	CONCEPCION BOLIVIA	851960	1057	851960	4170
-0.299999999999997	1.9	TACNA PERU	847820	1059	847820	4171
-0.200000000000003	4.6	SAN JUAN PERU	847210	1060	847210	4172
-3.7	4.5	PORTO NACIONA BRAZIL	830640	1126	830640	4173
-4.59999999999999	1.6	PUCALLPA PERU	845150	1203	845150	4174
-4	1.9	TRUJILLO PERU	845010	1204	845010	4175
-1.09999999999999	4.1	YURIMAGUAS PERU	844250	1204	844250	4176
-2.80000000000001	0.8	RABAUL PAPUA NEW GUI	920850	1230	920850	4177
-3.6	1.2	FORTALEZA BRAZIL	823970	1268	823970	4178
-4.2	2.4	SAO LUIZ A BRAZIL	822810	1269	822810	4179
-3.5	3.5	BELEM BRAZIL	821910	1270	821910	4180
-3.3	1.2	IQUITOS PERU	843770	1275	843770	4181
-1.3	0.4	TALARA CORPAC PERU	843900	1277	843900	4182
-1.40000000000001	5	VICTORIA POIN MYANMAR	481120	1385	481120	4183
-1.1	0.300000000000001	ASMARA ERITREA	630210	1541	630210	4184
-3.1	3.6	KARIMA SUDAN	626600	1542	626600	4185
-3.3	3.5	CHETUMAL, Q.ROO MEXICO	767500	1566	767500	4186
-3.2	2.3	CHITTAGONG (PATENGA) BANGLADESH	419780	1602	419780	4187
-3	1.4	COX'S BAZAR BANGLADESH	419920	1602	419920	4188
-0.799999999999997	3.2	JESSORE BANGLADESH	419360	1603	419360	4189
-3.09999999999999	1.3	BARBERS POINT/NAS HAWAAI	911782	1652	911782	4190
-1.6	0.199999999999999	BIR MOGHREIN MAURITANIA	614010	1695	614010	4191
-0.400000000000006	2.7	VERO-BEACH/MUNICIPAL USA---------	747930	1709	747930	4192
-3.5	0.5	TORREON, COAH. MEXICO	763820	1713	763820	4193
-0.0999999999999943	1.6	AMRITSAR INDIA	420710	1750	420710	4194
-4.9	3.9	GABES TUNISIA	607650	1762	607650	4195
-0.599999999999994	1	POHANG KOREA, SOUTH	471380	1811	471380	4196
-2	1.2	CHUPUNGNYONG KOREA, SOUTH	471350	1811	471350	4197
-3	1.6	JINAN CHINA	548230	1813	548230	4198
-3.8	2.1	PADUCAH,-KY. USA---------	724350	1854	724350	4199
-0.700000000000003	1.3	WILKES-BARRE USA---------	725130	1924	725130	4200
-3	4.2	SAARBRUECKEN GERMANY	107080	1979	107080	4201
-2.8	1.1	HOULTON/AIRPORT USA---------	727131	1994	727131	4202
-4.09999999999999	4.6	CYPRESS RIVER CANADA	712390	2000	712390	4203
-3.5	1.9	CORK AIRPORT IRELAND	39550	2054	39550	4204
-4	3.7	CLAREMORRIS IRELAND	39700	2054	39700	4205
-1	4.4	Burns Lake CS CANADA	719520	2078	719520	4206
-4	4.2	FISTER (R) NORWAY	14220	2123	14220	4207
-0.900000000000006	1.1	ENNADAI LAKE CANADA	719230	2217	719230	4208
-3	1	Ship "M" NORWAY	11000	2268	11000	4209
-3.8	1.8	DANMARKSHAVN GREENLAND	43200	2416	43200	4210
-3.19999999999999	3.8	Woomera AUSTRALIA	946590	801	946590	4211
-2.4	3.7	SHADZHATMAZ RUSSIA	371260	1900	371260	4212
-0.300000000000011	3.6	MYS TERPENIYA RUSSIA	320990	1952	320990	4213
-4.90000000000001	0.200000000000003	ERZIN RUSSIA	363070	2033	363070	4214
-3.80000000000001	2.5	KAMENSKOE RUSSIA	257450	2163	257450	4215
-4.59999999999999	0.600000000000001	TAJGONOS RUSSIA	259320	2164	259320	4216
-2.80000000000001	1.59999999999999	NORTH POLE 2 ARCTIC	990527	2517	990527	4217
-4.40000000000001	2	LIHUE KAUAI HAWAII	911657	1652	911657	4218
-2	3.5	SNARE RAPIDS CANADA	719361	2219	719361	4219
-5	4.2	KARA MALI	610754	1477	610754	4220
-0.800000000000001	4.1	KALEMIE D.R.CONGO	642850	1183	642850	4221
-5	4.2	TILLEMBEYA MALI	610752	1477	610752	4222
-0.800000000000001	3.8	BAFOULABE MALI	993801	1479	993801	4223
-4.5	0.699999999999999	ANSONGO MALI	612261	1548	612261	4224
-4.4	0.199999999999999	DOGO  TENENKOU MALI	612651	1549	612651	4225
-3.4	3.1	FALADYE MALI	610801	1478	610801	4226
-3	2.7	KOULOUBA MALI	612913	1478	612913	4227
-1	4.3	NIONO MALI	610751	1478	610751	4228
-2.5	2.9	KATIBOUGOU MALI	650280	1478	650280	4229
-2.2	4.2	CLONES IRELAND	39740	2054	39740	4230
-2.80000000000001	4.4	THURSDAY ISLAND MO AUSTRALIA	941750	1088	941750	4231
-2.1	4.1	ARACAJU BRAZIL	830960	1124	830960	4232
-1.19999999999999	1.8	HIHIFO WALLIS ISLAND	917530	1152	917530	4233
-1.3	3.5	TARAPOTO PERU	844550	1204	844550	4234
-4.6	4	EL-GEDARIF SUDAN	627520	1469	627520	4235
-1.5	4.4	WAD MEDANI SUDAN	627510	1470	627510	4236
-2.7	4	ED-DUEIM SUDAN	627500	1470	627500	4237
-4.9	3.3	SAN MALI	612770	1477	612770	4238
-4.5	3.1	KITA MALI	612700	1478	612700	4239
-0.5	2.4	KOUTIALA MALI	612930	1478	612930	4240
-2.5	1.4	BOUGOUNI MALI	612960	1478	612960	4241
-1.2	3.4	SEGOU MALI	612720	1478	612720	4242
-0.7	1.4	SIKASSO MALI	612970	1478	612970	4243
-1.4	2.8	KENIEBA MALI	612850	1479	612850	4244
-1.7	4.5	ABU-HAMED SUDAN	626400	1542	626400	4245
-2.1	3.7	BILMA NIGER	610170	1546	610170	4246
-3.7	3.4	KIDAL MALI	612140	1548	612140	4247
-2.7	0.9	MENAKA MALI	612500	1548	612500	4248
-1.7	0.300000000000001	HOMBORI MALI	612400	1549	612400	4249
-4.4	0.199999999999999	NIORO DU SAHEL MALI	612300	1550	612300	4250
-2.3	0.199999999999999	NARA MALI	612330	1550	612330	4251
-1.90000000000001	4.5	XIAMEN CHINA	591340	1597	591340	4252
-0.599999999999994	4.4	LIUZHOU CHINA	590460	1599	590460	4253
-4	0.199999999999999	TESSALIT MALI	612020	1620	612020	4254
-5	4.6	EILAT ISRAEL	401990	1685	401990	4255
-2.90000000000001	0.5	ANQING CHINA	584240	1741	584240	4256
-2.8	4.3	XUZHOU CHINA	580270	1741	580270	4257
-1.3	4.7	ZHENGZHOU CHINA	570830	1742	570830	4258
-3	3.1	HANZHONG CHINA	571270	1743	571270	4259
-4.8	2.7	KFAR/YEHOSHUA ISRAEL	401650	1757	401650	4260
-4.5	3	MT. KENAAN ISRAEL	401530	1757	401530	4261
-0.200000000000003	1.9	MAZKERET/BATYA ISRAEL	401791	1758	401791	4262
-0.200000000000003	1.3	BEERSHEVA ISRAEL	401900	1758	401900	4263
-4.5	3.7	BAODING CHINA	546020	1813	546020	4264
-4.2	4.9	DAYTON USA	724290	1853	724290	4265
-0.400000000000006	4.6	MUDANJIANG CHINA	540940	1883	540940	4266
-2.3	3.8	WULUMUQI CHINA	514630	1891	514630	4267
-4.8	5	CORNWALL CANADA	716285	1923	716285	4268
-2.40000000000001	2.6	WATERLOO/WSO-AP USA---------	725480	1927	725480	4269
-4.8	4.2	NEIJIANG CHINA	505570	1955	505570	4270
-2.8	2.5	St John's West CDA C CANADA	715870	1991	715870	4271
-4.6	1	TAKLE NORWAY	13190	2195	13190	4272
-1.90000000000001	3.5	MYS KAMENNYJ RUSSIA	231460	2254	231460	4273
-2.3	2.5	ALERT CANADA	713550	2497	713550	4274
-2.80000000000001	1.1	Wyalong AUSTRALIA	947090	799	947090	4275
-2.8	3.4	Cunderdin AUSTRALIA	956250	805	956250	4276
-2.69999999999999	4.4	Horn Island AUSTRALIA	941740	1088	941740	4277
-2.19999999999999	0.200000000000003	KURILSK RUSSIA	321740	1951	321740	4278
-1.40000000000001	3.8	BOLSOJ USKAN ISLAND RUSSIA	306320	2031	306320	4279
-1.4	1.9	ROSTASHI RUSSIA	340590	2044	340590	4280
-3.90000000000001	2.6	KANKUNSKIY RUSSIA	311020	2099	311020	4281
-4.59999999999999	2.1	TJUMEN RUSSIA	283670	2111	283670	4282
-4.3	5	MOSSURIL MOZAMBIQUE	672407	1036	672407	4283
-0.5	2.6	ULUKISLA TURKEY	172497	1830	172497	4284
-4.2	1.4	IRUMU D.R.CONGO	640750	1327	640750	4285
-3	3.2	HAWARDEN UK	33210	2053	33210	4286
-2.6	1.9	MAR DEL PLATA ARGENTINA	876940	768	876940	4287
-2.9	0.0999999999999943	ALMIRANTE BROWN ANTARCTICA	889710	409	889710	4288
-3.4	2.9	ADMIRALITY BAY ANTARCTICA	889340	408	889340	4289
-0.199999999999989	3.1	AUCKLAND NEW ZEALAND	931150	722	931150	4290
-1.30000000000001	2.6	RURUTU FRENCH POLYNE	919500	1003	919500	4291
-4.59999999999999	1.3	FAZENDA ALGARVE INDONESIA	973917	1163	973917	4292
-4.2	2.7	DUNDO ANGOLA	661520	1184	661520	4293
-2.6	4	BANANA D.R.CONGO	642020	1186	642020	4294
-0.699999999999999	1.7	USUMBURA D.R.CONGO	641780	1255	641780	4295
-1.69999999999999	2.1	MOROTAI INDONESIA	974040	1307	974040	4296
-0.5	3.1	WATSA D.R.CONGO	640740	1327	640740	4297
-1.4	3.2	LOMIE CAMEROON	649610	1330	649610	4298
-4.3	3.6	ESEKA CAMEROON	649420	1330	649420	4299
-2.6	4.7	NANGA-EBOKO CAMEROON	649220	1330	649220	4300
-3.7	4.7	BAFIA CAMEROON	649200	1330	649200	4301
-1.59999999999999	2.5	LA FLORIDA COLOMBIA	803080	1348	803080	4302
-0.9	0.6	BETARE-OYA CAMEROON	649010	1402	649010	4303
-3.2	1.7	BANYO CAMEROON	648800	1402	648800	4304
-0.6	1.5	MEIGANGA CAMEROON	648820	1402	648820	4305
-2.4	1.5	TIBATI CAMEROON	648810	1402	648810	4306
-4.59999999999999	4.2	MADDEN DAM COSTA RICA	787707	1420	787707	4307
-0.700000000000003	0.9	ESTEBAN JARAMILLO COLOMBIA	801127	1420	801127	4308
-4.5	2	KOMPONG CHAM KAMPUCHEA	489950	1455	489950	4309
-3.7	2	BLUEFIELDS NICARAGUA	787450	1493	787450	4310
-1.7	4.9	MONTE CRISTI HAITI	784487	1563	784487	4311
-2.5	1.1	QENA EGYPT	624020	1686	624020	4312
-4.5	0.5	YAKUSHIMA JAPAN	478360	1738	478360	4313
-3	0.199999999999999	QUETTA CANTONMENT PAKISTAN	416610	1751	416610	4314
-5	2.8	HAIFA ISRAEL	401540	1757	401540	4315
-0.100000000000001	2.3	NATANYA ISRAEL	401730	1758	401730	4316
-0.200000000000003	2.1	TEL AVIV ISRAEL	401770	1758	401770	4317
-4.9	2.2	TUMMINA LIBYA	620177	1761	620177	4318
-0.800000000000001	2.6	HOMS/LA VALDAGNO LIBYA	620097	1762	620097	4319
-2	1.5	MIZDA LIBYA	620057	1762	620057	4320
-2	2.2	GARIAN LIBYA	620087	1762	620087	4321
-3.30000000000001	4.4	HABORO JAPAN	474040	1880	474040	4322
-1.2	1	FLORYA TURKEY	170600	1903	170600	4323
-4.59999999999999	5	MYS VASILEVA RUSSIA	322170	1949	322170	4324
-2.3	4.9	MARIANSKE LAZNE CZECH REPUB.	114180	1978	114180	4325
-2.7	3.8	PARIS/PARC ST MAUR FRANCE	71517	1980	71517	4326
-1.9	2	BIALA POLAND	123950	2048	123950	4327
-1.4	4.5	GDYNIA POLAND	121450	2049	121450	4328
-3.7	1	WEIMAR GERMANY	105550	2050	105550	4329
-2.4	3.8	TETEROW GERMANY	101770	2050	101770	4330
-3	0.700000000000003	DEST. NAVAL MELCHIOR ANTARCTICA	889650	409	889650	4331
-4.59999999999999	4	BALBOA HEIGHTS PANAMA	788071	1420	788071	4332
-0.699999999999989	1.8	MT. SURPRISE AUSTRALIA	942770	1016	942770	4333
-3.5	3	BROKEN HILL AUSTRALIA	946900	800	946900	4334
-3.69999999999999	2.8	DALBY AUSTRALIA	945420	870	945420	4335
-3.40000000000001	3.9	WARBURTON RANGE AUSTRALIA	944570	875	944570	4336
-4.90000000000001	3.1	NULLAGINE AUSTRALIA	943160	948	943160	4337
-4	2.4	LEGIONOWO POLAND	123740	2048	123740	4338
-2	4.8	THIES SENEGAL	616540	1480	616540	4339
-4.69999999999999	0.5	TORISHIMA JAPAN	479630	1736	479630	4340
-1.6	4.7	CHERBOURG FRANCE	70210	1981	70210	4341
-1.7	1.5	BOUCA C. AFR. REP.	646030	1401	646030	4342
-2.7	0.5	TARANTO ITALY	163300	1905	163300	4343
-5	1.2	ZGORZELEC POLAND	124050	2049	124050	4344
-0.199999999999999	4.4	SIDI IFNI CANARY IS.	600600	1695	600600	4345
-2.2	1.3	COMANDANTE ESPORA ARGENTINA	877480	769	877480	4346
-4.5	3.7	S PIERRE/REUNION MAURITIUS	619840	961	619840	4347
-2.40000000000001	3.3	YASAWA-I-RARA FIJI	916600	1009	916600	4348
-1.59999999999999	3.7	DALY WATERS AUSTRALIA	942340	1018	942340	4349
-4.9	3.6	CELA ANGOLA	662700	1113	662700	4350
-1.5	2.7	LOBITO ANGOLA	663050	1114	663050	4351
-2.9	4.5	CABINDA ANGOLA	661040	1186	661040	4352
-4.1	2	KINDU D.R.CONGO	641550	1255	641550	4353
-4	3.5	STUNG TRENG KAMPUCHEA	489720	1455	489720	4354
-0.799999999999997	0.6	KAMPOT KAMPUCHEA	489850	1456	489850	4355
-1.09999999999999	3.4	SIEMREAP KAMPUCHEA	489660	1456	489660	4356
-4.40000000000001	0.0999999999999996	SAIPAN N.MARIANA IS.	912320	1519	912320	4357
-4	3.4	LA ROMANA DOMINICAN REP	784797	1562	784797	4358
-0.799999999999997	3.5	AZUA DOMINICAN REP	784867	1563	784867	4359
-1.2	2.9	MORANT POINT LIGHTHO JAMAICA	783990	1564	783990	4360
-4.1	1.6	SIDI BARRINI EGYPT	623030	1759	623030	4361
-0.299999999999997	1	TRABZON TURKEY	170380	1901	170380	4362
-3	3.8	LIVNO BOSNIA/HERZE	133400	1905	133400	4363
-4.1	3.1	JUZNO BUGSKAJA UKRAINE	336990	1974	336990	4364
-0.600000000000001	0.700000000000003	DZANKOJ UKRAINE	339340	1974	339340	4365
-4.8	1.3	SZEGED HUNGARY	129800	1976	129800	4366
-1.8	3	VALDAJ RUSSIA	262890	2118	262890	4367
-2.6	2.7	MANONO D.R.CONGO	642820	1183	642820	4368
-1.6	5	LUSAMBO D.R.CONGO	642460	1184	642460	4369
-1.1	2.5	BUKAVU VILLE D.R.CONGO	641800	1255	641800	4370
-1.2	0.7	EL ALTO PERU	843800	1277	843800	4371
-1.4	3.6	LIBENGE D.R.CONGO	640150	1329	640150	4372
-3.7	0.799999999999997	LIMOGES FRANCE	74350	1980	74350	4373
-4.6	0.4	HENRIQUE CARVALHO ANGOLA	662260	1184	662260	4374
-1.9	3.4	NEUSTRELITZ GERMANY	92790	2050	92790	4375
-3.5	4.5	SPENCE BAY CANADA	715800	2287	715800	4376
-2.1	0.300000000000001	SANDOA D.R.CONGO	643030	1184	643030	4377
-1.3	1.3	BASOKO D.R.CONGO	640180	1328	640180	4378
-1.7	3.2	ATI CHAD	647510	1473	647510	4379
-1.4	2.1	MONGO CHAD	647580	1473	647580	4380
-1.5	3.6	ANCONA ITALY	161900	1906	161900	4381
-1.3	4.3	PORTO AMBOIM ANGOLA	662400	1114	662400	4382
-3.1	4	GEBEIT SUDAN	626610	1541	626610	4383
-5	5	PUNTA DEL ESTE URUGUAY	865950	767	865950	4384
-1.8	3.3	MORONI/GRANDE-COMORE COMOROS	670010	1108	670010	4385
-5	1.3	KAMINA-BASE D.R.CONGO	643150	1183	643150	4386
-2.7	1.4	MITWABA D.R.CONGO	643480	1183	643480	4387
-4.4	0.7	ILEBO D.R.CONGO	642240	1256	642240	4388
-2.4	2.8	ISIRO D.R.CONGO	640620	1327	640620	4389
-0.199999999999999	2.8	BUTA D.R.CONGO	640340	1328	640340	4390
-2.3	3.4	TOKAR SUDAN	626710	1541	626710	4391
-2.7	2.6	FT GOURARD MAURITANIA	614030	1623	614030	4392
-4.2	0.799999999999997	KISE NORWAY	13820	2194	13820	4393
-2.9	0.0999999999999996	KENGE D.R.CONGO	642170	1257	642170	4394
-1.09999999999999	3.6	QING-JIANG WEI-YIN CHINA	581440	1741	581440	4395
-3.7	2.5	YAN TAI CHINA	547650	1812	547650	4396
-0.799999999999997	2.3	CARIBOU ISLAND CANADA	714330	1998	714330	4397
-3.90000000000001	2.9	MAIJDE COURT BANGLADESH	419531	1602	419531	4398
-1.3	4.5	Kugaly KAZAKHSTAN	368460	1893	368460	4399
-2.90000000000001	3.1	Mynzhilky KAZAKHSTAN	368890	1893	368890	4400
-3	2.5	Verhniy Gorelnik KAZAKHSTAN	368870	1893	368870	4401
-0.5	3.3	Podgornoe KAZAKHSTAN	369050	1893	369050	4402
-3	3.1	Big Almaty Lake KAZAKHSTAN	368790	1893	368790	4403
-0.799999999999997	3	Kegen' KAZAKHSTAN	369070	1893	369070	4404
-0.400000000000006	2.9	Sarydzhas KAZAKHSTAN	369520	1893	369520	4405
-2.5	2.7	Narynkol KAZAKHSTAN	369530	1894	369530	4406
-1.90000000000001	3.8	NELSON A NEW ZEALAND	935450	650	935450	4407
-0.400000000000006	3.3	WHENUAPAI A NEW ZEALAND	931120	722	931120	4408
-3.80000000000001	3	LA TONTOUTA NEW CALEDONIA	915900	939	915900	4409
-4	1.3	VAVA'U TONGA	917800	1079	917800	4410
-1.09999999999999	4.9	RAKAHANGA COOK ISLANDS	918040	1149	918040	4411
-1.80000000000001	0.9	NUKUNONU TOKELAU ISLAN	917240	1223	917240	4412
-2.5	1.5	ATAFU TOKELAU ISLAN	917200	1223	917200	4413
-2.9	2.7	SOTUBA MALI	612911	1478	612911	4414
-1.6	1.7	SHENDI SUDAN	627000	1542	627000	4415
-4.40000000000001	4.1	SABANA DE LA MAR DOMINICAN REP	784670	1562	784670	4416
-1.40000000000001	3.3	COROZAL SUBSTATION PUERTO RICO	785237	1562	785237	4417
-2.2	3.4	COLOSO PUERTO RICO	785227	1562	785227	4418
-2.09999999999999	3	LAJAS PUERTO RICO	785157	1562	785157	4419
-1.59999999999999	3	PONCE PUERTO RICO	785200	1562	785200	4420
-1.7	3.5	ARECIBO PUERTO RICO	785107	1562	785107	4421
-2.09999999999999	3.5	ISABELA SUBSTATION PUERTO RICO	785327	1562	785327	4422
-3.3	3.6	CABO ENGANO DOMINICAN REP	784780	1562	784780	4423
-4.8	3.8	MONTE PLATA DOMINICAN REP	784877	1562	784877	4424
-0.5	4.2	LA VEGA DOMINICAN REP	784627	1563	784627	4425
-0.0999999999999943	3.4	SAN CRISTOBAL DOMINICAN REP	784840	1563	784840	4426
-3	2.4	ABRAHAM BAY MAYAGUAN BAHAMAS	781090	1635	781090	4427
-1.2	2.3	HURGUADA EGYPT	624620	1686	624620	4428
-3.9	2.2	MANQABAD/ASYUT EGYPT	623930	1686	623930	4429
-1.1	3.3	BAHARIYA EGYPT	624200	1687	624200	4430
-4.8	1.5	EL SALLUM EGYPT	623000	1759	623000	4431
-5	3.1	Muminabad TADJIKISTAN	388570	1822	388570	4432
-3.5	3	Rushan TADJIKISTAN	389510	1822	389510	4433
-1	3.2	Murgab TADJIKISTAN	388780	1822	388780	4434
-4.3	3.6	Haburabad TADJIKISTAN	388530	1822	388530	4435
-5	4	Garm TADJIKISTAN	388510	1822	388510	4436
-1.40000000000001	4	Karakul TADJIKISTAN	388710	1822	388710	4437
-2.8	3.8	Fedchenko Glacier TADJIKISTAN	388620	1822	388620	4438
-2.5	2.4	Dzhavshangoz TADJIKISTAN	389560	1822	389560	4439
-4.5	3.7	Tavildara TADJIKISTAN	388520	1822	388520	4440
-2.40000000000001	3.2	Irht TADJIKISTAN	388690	1822	388690	4441
-4.8	4.5	Dehavz TADJIKISTAN	387340	1822	387340	4442
-3.40000000000001	1.7	Ishkashim TADJIKISTAN	389570	1822	389570	4443
-5	3.4	Hovaling TADJIKISTAN	388460	1822	388460	4444
-1.59999999999999	4.1	Iskanderkul TADJIKISTAN	387180	1823	387180	4445
-1.09999999999999	4.1	Anzobsky pereval TADJIKISTAN	387190	1823	387190	4446
-0.200000000000003	2.9	Kulyab TADJIKISTAN	389430	1823	389430	4447
-0.299999999999997	4.4	Madrushkent TADJIKISTAN	387250	1823	387250	4448
-1.40000000000001	4.6	Shahristanskiy Pere UZBEKISTAN	387150	1823	387150	4449
-1	4.9	Uratyube TADJIKISTAN	387130	1823	387130	4450
-1.40000000000001	4.4	Sangiston TADJIKISTAN	387160	1823	387160	4451
-1.2	3.9	Gushari TADJIKISTAN	388330	1823	388330	4452
-0.400000000000006	3.7	Bustonabad TADJIKISTAN	388420	1823	388420	4453
-0.799999999999997	3.3	Sanglok TADJIKISTAN	388440	1823	388440	4454
-3.1	3.3	KOLAROVGRAD BULGARIA	155440	1903	155440	4455
-0.199999999999999	2.1	PLOVDIV BULGARIA	156250	1904	156250	4456
-0.5	0.5	VLORE ALBANIA	136220	1905	136220	4457
-0.5	2.1	SHKODRA ALBANIA	136000	1905	136000	4458
-1.7	0.700000000000003	ZAMOSC POLAND	125950	2048	125950	4459
-0.899999999999999	0.799999999999997	CZESTOCHOWA POLAND	125500	2049	125500	4460
-2	0.600000000000001	OPOLE POLAND	125300	2049	125300	4461
-1.3	2.1	SWAN RIVER CANADA	714430	2073	714430	4462
-3.40000000000001	3.2	WRIGLEY CANADA	719461	2221	719461	4463
-3.90000000000001	2	AMGUJEMA RUSSIA	253720	2304	253720	4464
-4.8	1.9	SORNESSET NORWAY	13790	2194	13790	4465
-0.700000000000003	5	NARANJAL COLOMBIA	803940	1348	803940	4466
-2.59999999999999	2.6	BLONAY COLOMBIA	803920	1419	803920	4467
-2.09999999999999	1.2	MOLOKAI/AIRPORT HAWAII	911860	1652	911860	4468
-4.8	4.9	LIMNOS/AEGEAN ISLAND GREECE	166500	1831	166500	4469
-3.6	3.2	ARAXOS GREECE	166870	1832	166870	4470
-1.5	3.2	VRATZA BULGARIA	155050	1904	155050	4471
-5	4.3	ZAKOPANE POLAND	126250	1976	126250	4472
-3.3	0.700000000000003	SANDOMIERZ POLAND	125850	2048	125850	4473
-2	4.1	SUWALKI POLAND	121950	2048	121950	4474
-1.4	3.1	TORUN POLAND	122500	2049	122500	4475
-3.4	0.399999999999999	KLODZKO POLAND	125200	2049	125200	4476
-3.7	2.4	BELLETERRE CANADA	717321	1996	717321	4477
-4.2	3.8	LA SARRE CANADA	717341	1996	717341	4478
-3.8	1.09999999999999	HELNES FYR NORWAY	10660	2335	10660	4479
-3.1	3.5	Arezzo AF ITALY	161720	1906	161720	4480
-4.2	5	ALAJUELA COSTA RICA	787637	1421	787637	4481
-3.9	3.3	Langenlebarn AUSTRIA	110300	1977	110300	4482
-3.6	3.2	Wien - Innere Stadt AUSTRIA	110340	1977	110340	4483
-0.599999999999994	1.1	SPARREVOHN AFS ALASKA	702350	2228	702350	4484
-3.69999999999999	1	INDIAN MTN AFS AWOS ALASKA	701730	2299	701730	4485
-2.7	3.3	KONSMO (R) NORWAY	14390	2123	14390	4486
-1.80000000000001	1.9	PALIKIR MICRONESIA	913481	1373	913481	4487
-1.80000000000001	4.6	MAAP MICRONESIA	914131	1377	914131	4488
-5	3.5	NAKHON_SI_THAMMARAT THAILAND	485520	1384	485520	4489
-1.59999999999999	2.9	PHUKET THAILAND	485640	1385	485640	4490
-0.400000000000006	2.5	TRANG THAILAND	485670	1385	485670	4491
-0.599999999999994	4.1	SURAT_THANI THAILAND	485550	1385	485550	4492
-4	2.7	SATTAHIP THAILAND	484770	1456	484770	4493
-3.59999999999999	4.1	PRACHIN_BURI THAILAND	484300	1456	484300	4494
-1.5	4.9	SURIN THAILAND	484320	1456	484320	4495
-0.0999999999999943	0.300000000000001	UBON_RATCHATHANI THAILAND	484070	1528	484070	4496
-0.900000000000006	2.1	SAKON_NAKHON THAILAND	483560	1528	483560	4497
-4.90000000000001	2.6	UTTARADIT THAILAND	483510	1528	483510	4498
-0.200000000000003	4.9	CHIANG_RAI THAILAND	483030	1529	483030	4499
-3	2.7	WENDELSTEIN GERMANY	109800	1978	109800	4500
-1.2	1.8	LIPPSPRINGE,_BAD GERMANY	104300	2051	104300	4501
-0.700000000000003	2	DESTACAMENTO NAVAL ANTARCTICA	889740	409	889740	4502
-1.59999999999999	3.6	INVERCARGILL NEW ZEALAND	938450	579	938450	4503
-4.7	0.600000000000001	PORT-AUX-FRANCAIS OCEAN IS.(FR)	619980	598	619980	4504
-2.8	0.700000000000003	SAN JULIAN A ARGENTINA	879090	626	879090	4505
-0.299999999999997	1.2	GOBERNADOR GREGORES ARGENTINA	878800	627	878800	4506
-3.09999999999999	3.6	PUERTO MONTT EL TEPU CHILE	857990	699	857990	4507
-2.59999999999999	5	WAROOKA AUSTRALIA	946630	729	946630	4508
-2.5	2.2	MARTIN DE VIVIES OCEAN IS.(FR)	619960	741	619960	4509
-1.9	4.1	PEHUAJO A ARGENTINA	875440	769	875440	4510
-1.2	5	CURICO GENERAL FREIR CHILE	856290	771	856290	4511
-2.59999999999999	1.2	TEMUCO MAQUEHUE CHILE	857430	771	857430	4512
-3.09999999999999	3.2	CONCEPCION CARRIEL S CHILE	856820	771	856820	4513
-0.400000000000006	2.4	YUNTA AIRSTRIP AUSTRALIA	946840	801	946840	4514
-3.2	2.8	NORSEMAN AUSTRALIA	946390	804	946390	4515
-1.4	1	CAPE TOWN/DF MALAN SOUTH AFRICA	688160	825	688160	4516
-4.3	0.5	ROCHA URUGUAY	865650	839	865650	4517
-4.1	1.7	MERCEDES URUGUAY	864900	839	864900	4518
-4.4	1.8	TREINTA Y TRES URUGUAY	865000	839	865000	4519
-3.5	0.200000000000003	EZEIZA A ARGENTINA	875760	840	875760	4520
-3	3.7	CONCORDIA A ARGENTINA	873950	840	873950	4521
-1.5	2.2	PASO DE LOS TOROS URUGUAY	864600	840	864600	4522
-2.9	0.5	COLONIA URUGUAY	865600	840	865600	4523
-3	3.6	SALTO URUGUAY	863600	840	863600	4524
-4.2	3.7	CORDOBA A ARGENTINA	873440	841	873440	4525
-3.8	2.2	MENDOZA A ARGENTINA	874180	842	874180	4526
-1.7	2	PUNTA ANGELES CHILE	855580	843	855580	4527
-4.4	4.2	MAFEKING SOUTH AFRICA	682420	895	682420	4528
-1.8	3.8	JOHANNESBURG/JAN SMU SOUTH AFRICA	683680	895	683680	4529
-1.8	4.3	PRETORIA SOUTH AFRICA	682620	895	682620	4530
-3.7	0.899999999999999	BLOEMFONTEIN SOUTH AFRICA	684420	895	684420	4531
-3.7	1.6	UPINGTON SOUTH AFRICA	684240	896	684240	4532
-3.5	1.4	ALEXANDER BAY SOUTH AFRICA	684060	897	684060	4533
-4.6	4.5	CIUDAD DEL ESTE PARAGUAY	862480	911	862480	4534
-4.1	2.5	RESISTENCIA A ARGENTINA	871550	912	871550	4535
-3.3	3.1	PILAR PARAGUAY	862550	912	862550	4536
-0.400000000000006	2.7	COPIAPO CHILE	854700	915	854700	4537
-0.699999999999989	4.4	KOUMAC NEW CALEDONIA	915770	940	915770	4538
-3.69999999999999	1.1	GLADSTONE RADAR AUSTRALIA	943800	942	943800	4539
-4.5	4.1	ST. DENIS/GILLOT OCEAN IS.(FR)	619800	961	619800	4540
-2.3	4.6	PLAISANCE MAURITIUS	619900	961	619900	4541
-4.6	2.6	ILE EUROPA OCEAN IS.(FR)	619720	964	619720	4542
-1.3	1.6	TULEAR MADAGASCAR	671610	964	671610	4543
-2.9	2.7	LA VICTORIA PARAGUAY	860860	984	860860	4544
-3.6	4.9	CAMIRI BOLIVIA	853150	985	853150	4545
-0.600000000000001	0.300000000000001	LAS LOMITAS ARGENTINA	870780	985	870780	4546
-0.600000000000001	3	MCAL ESTIGARRIBIA PARAGUAY	860680	985	860680	4547
-0.400000000000006	1.6	ANTOFAGASTA CERRO MO CHILE	854420	987	854420	4548
-2.80000000000001	4.5	PEKOA A VANUATU	915540	1011	915540	4549
-1.6	0.300000000000001	RODRIGUES MAURITIUS	619880	1032	619880	4550
-0.399999999999999	3.5	ST. BRANDON/RAPHAEL MAURITIUS	619860	1033	619860	4551
-3.6	4.3	MAJUNGA MADAGASCAR	670270	1035	670270	4552
-0.600000000000001	1.9	TAMATAVE MADAGASCAR	670950	1035	670950	4553
-1	1.9	MAINTIRANO MADAGASCAR	670730	1036	670730	4554
-4.8	1.7	ROBORE BOLIVIA	852680	1056	852680	4555
-2.8	1	PUERTO SUAREZ BOLIVIA	852890	1056	852890	4556
-1	3.6	SAN IGNACIO D BOLIVIA	852070	1057	852070	4557
-2.09999999999999	2	ORURO BOLIVIA	852420	1058	852420	4558
-4.59999999999999	2.4	CHARANA BOLIVIA	852300	1058	852300	4559
-1.80000000000001	3.5	BORA-BORA FRENCH POLYNE	919290	1075	919290	4560
-5	3.9	UDU POINT FIJI	916520	1080	916520	4561
-3.2	4.4	AGALEGA MAURITIUS	619740	1105	619740	4562
-4.7	0.0999999999999996	ANTALAHA MADAGASCAR	670250	1106	670250	4563
-4.7	2.2	DZAOUDZI/PAMANZI COMOROS	670050	1107	670050	4564
-4.4	4.3	SONGEA TANZANIA	639620	1109	639620	4565
-4.7	1.7	LICHINGA (VILA CABRA MOZAMBIQUE	672170	1109	672170	4566
-2.5	3.3	LUBUMBASHI/ELISABET D.R.CONGO	643600	1111	643600	4567
-4.8	1.9	SAN JOAQUIN BOLIVIA	851040	1129	851040	4568
-4.8	0.199999999999999	TRINIDAD BOLIVIA	851540	1129	851540	4569
-2.59999999999999	0.5	RURRENABAQUE BOLIVIA	851410	1130	851410	4570
-3.8	4	COBIJA BOLIVIA	850410	1130	850410	4571
-1.09999999999999	4	RIBERALTA BOLIVIA	850430	1130	850430	4572
-5	0.6	HONIARA SOLOMON ISLAN	915170	1156	915170	4573
-4.19999999999999	4.8	MADANG PAPUA NEW GUI	920140	1159	920140	4574
-3.5	1.5	BAUCAU INDONESIA	973950	1163	973950	4575
-0.400000000000006	4.9	MAKASSAR/MANDAI INDONESIA	971800	1165	971800	4576
-2.3	2.8	SURABAJA/PERAK INDONESIA	969330	1166	969330	4577
-0.799999999999997	3.8	KISAUNI TANZANIA	638700	1181	638700	4578
-0.799999999999997	3.1	DAR ES SALAAM A TANZANIA	638940	1181	638940	4579
-2.6	4.1	LULUABOURG D.R.CONGO	642350	1184	642350	4580
-1.2	5	KIKWIT D.R.CONGO	642220	1185	642220	4581
-3.6	0.4	MALANGE ANGOLA	662150	1185	662150	4582
-1	0.9	TINGO MARIA PERU	845340	1204	845340	4583
-3.09999999999999	3.7	BALIKPAPAN/SEPINGGAN INDONESIA	966330	1237	966330	4584
-3.1	3.7	NAIROBI/AIRPORT KENYA	637400	1253	637400	4585
-3.8	2.4	M POUYA CONGO	644520	1257	644520	4586
-1.7	3	INONGO D.R.CONGO	641150	1257	641150	4587
-4.6	0.6	KINSHASA/NDJILI D.R.CONGO	642100	1257	642100	4588
-0.199999999999999	2.5	DJAMBALA CONGO	644530	1258	644530	4589
-4.3	1.6	MAYUMBA GABON	645030	1258	645030	4590
-1.6	1.3	SIBITI CONGO	644050	1258	644050	4591
-4	3.1	MOUILA GABON	645500	1258	645500	4592
-4.8	4.3	LAMBARENE GABON	645510	1258	645510	4593
-4.90000000000001	2.8	GUAYAQUIL A ECUADOR	842030	1276	842030	4594
-4.59999999999999	4.1	SAN CRISTOBAL ECUADOR	840080	1278	840080	4595
-2.19999999999999	1.3	TARAWA KIRIBATI	916100	1298	916100	4596
-3.40000000000001	3.1	KUALA LUMPUR/SUBANG MALAYSIA	486470	1312	486470	4597
-2.7	2.3	MALACCA MALAYSIA	486650	1312	486650	4598
-3.1	3.9	MANDERA KENYA	636240	1324	636240	4599
-4.4	3.1	LODWAR KENYA	636120	1325	636120	4600
-4.8	0.5	KISANGANI D.R.CONGO	640400	1327	640400	4601
-3.9	1.6	OUESSO CONGO	644580	1329	644580	4602
-4.2	4.3	BERBERATI C. AFR. REP.	646000	1329	646000	4603
-1.7	0.1	MBANDAKA D.R.CONGO	640050	1329	640050	4604
-4.9	3.5	YOKADOUMA CAMEROON	649620	1329	649620	4605
-0.6	4.5	BATOURI CAMEROON	649310	1330	649310	4606
-3.1	2.9	SANGMELIMA CAMEROON	649740	1330	649740	4607
-1	2.1	SOUANKE CONGO	644600	1330	644600	4608
-1.8	4	ABONG-MBANG CAMEROON	649600	1330	649600	4609
-3.8	2.9	EBOLOWA CAMEROON	649720	1330	649720	4610
-1.3	4.6	BERTOUA CAMEROON	649300	1330	649300	4611
-3.5	0.8	MITZIC GABON	645520	1330	645520	4612
-0.0999999999999996	5	NKONGSAMBA CAMEROON	649110	1331	649110	4613
-0.0999999999999996	3	KRIBI CAMEROON	649710	1331	649710	4614
-0.4	1	COCOBEACH GABON	645040	1331	645040	4615
-3	4.7	PORT HARCOURT NIGERIA	652500	1331	652500	4616
-1.1	5	SASSANDRA COTE D'IVOIRE	655990	1334	655990	4617
-4.5	4.8	SURIGAO PHILIPPINES	986530	1379	986530	4618
-4.8	1.1	REJAH BUAYAN PHILIPPINES	988510	1379	988510	4619
-2.90000000000001	1.9	ZAMBOANGA PHILIPPINES	988360	1380	988360	4620
-4.7	0.3	PENANG/BAYAN LEPAS MALAYSIA	486010	1384	486010	4621
-2.7	1.2	KOTA BHARU MALAYSIA	486150	1384	486150	4622
-4.40000000000001	2.2	SONGKHLA THAILAND	485680	1384	485680	4623
-3	1.5	BRIA C. AFR. REP.	646550	1400	646550	4624
-4.3	3.1	N'DELE C. AFR. REP.	646540	1400	646540	4625
-4.4	1	BOUAR C. AFR. REP.	646010	1401	646010	4626
-4	3.5	MOUNDOU CHAD	647060	1401	647060	4627
-4.2	0.6	KOUNDJA CAMEROON	648930	1402	648930	4628
-1.6	4.3	GAROUA CAMEROON	648600	1402	648600	4629
-1.4	2.4	NGAOUNDERE CAMEROON	648700	1402	648700	4630
-1.5	2.7	MAKURDI NIGERIA	652710	1403	652710	4631
-1.2	4.9	JOS NIGERIA	651340	1403	651340	4632
-2.6	1.3	ENUGU NIGERIA	652570	1403	652570	4633
-3.5	4.6	MINNA NIGERIA	651230	1403	651230	4634
-3.8	4	SOKODE TOGO	653610	1404	653610	4635
-2.5	3	SAVE BENIN	653350	1404	653350	4636
-3.9	2.6	ATAKPAME TOGO	653760	1404	653760	4637
-3.7	1.2	LOME TOGO	653870	1404	653870	4638
-0.5	3.5	ILORIN NIGERIA	651010	1404	651010	4639
-2.9	2.2	BOHICON BENIN	653380	1404	653380	4640
-2.6	1.4	COTONOU A BENIN	653440	1404	653440	4641
-3.3	0.3	ADIAKE COTE-D'IVOIR	655850	1405	655850	4642
-4.7	1.7	DIMBOKRO COTE D'IVOIRE	655620	1405	655620	4643
-0.0999999999999996	2.7	BOUAKE COTE D'IVOIRE	655550	1406	655550	4644
-2.6	4.5	ODIENNE COTE D'IVOIRE	655280	1406	655280	4645
-1	1.1	GAGNOA COTE D'IVOIRE	655570	1406	655570	4646
-2.5	2.4	MAN COTE D'IVOIRE	655480	1406	655480	4647
-0.9	3	DARU SIERRA LEONE	618910	1407	618910	4648
-1.5	2.3	TUMEREMO VENEZUELA	804530	1417	804530	4649
-3.2	4.8	MATURIN VENEZUELA	804350	1417	804350	4650
-5	1.2	TACLOBAN PHILIPPINES	985500	1451	985500	4651
-0.799999999999997	0.5	CHUMPHON THAILAND	485170	1457	485170	4652
-1.8	1.6	DJIBOUTI DJIBOUTI	631250	1468	631250	4653
-1.6	2.7	EN NAHUD SUDAN	627810	1471	627810	4654
-2.2	0.300000000000001	BIRAO C. AFR. REP.	646580	1472	646580	4655
-2.7	3.4	GENEINA SUDAN	627700	1472	627700	4656
-5	2.1	FORT LAMY CHAD	647000	1473	647000	4657
-3	3.2	MAINE-SOROA NIGER	610960	1474	610960	4658
-4.7	4.9	TAHOUA NIGER	610430	1475	610430	4659
-2.9	3.5	MARADI NIGER	610800	1475	610800	4660
-4.7	3.8	BIRNI  -KONNI NIGER	610750	1475	610750	4661
-3.5	4.2	TILLABERY NIGER	610360	1476	610360	4662
-4.5	0.4	MANGO TOGO	653520	1476	653520	4663
-4.6	2.1	FADA NGOURMA BURKINA FASO	655070	1476	655070	4664
-0.1	4	DORI BURKINA FASO	655010	1477	655010	4665
-3.2	0.300000000000001	GAOUA BURKINA FASO	655220	1477	655220	4666
-5	2.9	KOLDA SENEGAL	616980	1479	616980	4667
-1.3	4.7	DIOURBEL SENEGAL	616660	1480	616660	4668
-1.4	0.6	PIARCO INTL A TRINIDAD AND	789700	1489	789700	4669
-4	2.2	DR. A. PLESMAN AP NETH. ANTILLE	789880	1490	789880	4670
-2	0.6	CARACAS/MAIQUETIA A VENEZUELA	804150	1490	804150	4671
-2.7	0.300000000000001	MARACAY VENEZUELA	804130	1490	804130	4672
-4.7	1.4	CORO VENEZUELA	804030	1490	804030	4673
-0.5	0.5	CARTAGENA/NUNEZ A COLOMBIA	800220	1492	800220	4674
-2.2	4.1	TEGUCIGALPA HONDURAS	787200	1494	787200	4675
-2.3	4.9	TAPACHULA, CHIS. MEXICO	769030	1495	769030	4676
-4.7	1.1	DAGUPAN PHILIPPINES	983250	1524	983250	4677
-5	1.7	SENO LAO P.D.R.	489480	1527	489480	4678
-2.90000000000001	4.9	LUANG-PRABANG LAO P.D.R.	489300	1528	489300	4679
-4.9	1.6	PODOR SENEGAL	616120	1551	616120	4680
-3.3	0.6	MATAM SENEGAL	616300	1551	616300	4681
-4.4	4.8	AKJOUJT MAURITANIA	614370	1551	614370	4682
-4.7	2.5	BOUTILIMIT MAURITANIA	614610	1551	614610	4683
-1.4	3.6	TIDJIKJA MAURITANIA	614500	1551	614500	4684
-0.0999999999999996	0.4	LINGUERE SENEGAL	616270	1552	616270	4685
-0.800000000000001	1.5	ROSSO MAURITANIA	614890	1552	614890	4686
-3	1.7	SAL CAPE VERDE	85940	1553	85940	4687
-3.1	3.1	JULIANA AIRPO NETH. ANTILLE	788660	1561	788660	4688
-4.90000000000001	3.4	SANTO DOMINGO DOMINICAN REP	784860	1562	784860	4689
-0.599999999999994	4.8	PUERTO PLATA DOMINICAN REP	784580	1563	784580	4690
-2.5	0.699999999999999	TELA HONDURAS	787060	1566	787060	4691
-4.40000000000001	3.2	COATZACOALCOS, VER. MEXICO	767410	1567	767410	4692
-0.599999999999994	4.9	CAMPECHE, CAMP. MEXICO	766950	1567	766950	4693
-4.90000000000001	1.8	ACAPULCO, GRO. MEXICO	768050	1568	768050	4694
-1.90000000000001	4.5	JALAPA, VER. MEXICO	766870	1568	766870	4695
-1.09999999999999	4.2	VERACRUZ, VER. MEXICO	766920	1568	766920	4696
-1.2	4.7	MORELIA, MICH. MEXICO	766650	1569	766650	4697
-4.7	4.8	MIYAKOJIMA JAPAN PACIFIC	479270	1595	479270	4698
-3	0.5	BASCO, BATANES PHILIPPINES	981350	1596	981350	4699
-3.7	3.5	WUZHOU CHINA	592650	1598	592650	4700
-1.40000000000001	4.7	SHAOGUAN CHINA	590820	1598	590820	4701
-3.40000000000001	3.9	BAISE CHINA	592110	1599	592110	4702
-4	2.8	SIMAO CHINA	569640	1600	569640	4703
-0.799999999999997	1.7	JEDDAH (KING ABDULAZ SAUDI ARABIA	410240	1613	410240	4704
-1.7	4.2	KUFRA LIBYA	622710	1616	622710	4705
-4.5	2.8	TAMANRASSET ALGERIA	606800	1619	606800	4706
-0.9	3.7	VILLA CISNEROS WESTERN SAHAR	600960	1624	600960	4707
-2.90000000000001	2.2	TAMPICO, TAMPS. MEXICO	765480	1640	765480	4708
-2.59999999999999	2.8	ZACATECAS(LA BUFA), MEXICO	765250	1641	765250	4709
-1.3	1	GUANAJUATO, GTO. MEXICO	765770	1641	765770	4710
-3.80000000000001	0.800000000000001	MINAMIDAITOJIMA JAPAN	479450	1666	479450	4711
-3.59999999999999	3.6	HONGJIA CHINA	586650	1668	586650	4712
-4.8	2.3	FUDING CHINA	587540	1668	587540	4713
-3.59999999999999	0.899999999999999	CHANGDING CHINA	589110	1669	589110	4714
-1.5	2.9	PUCHENG CHINA	587310	1669	587310	4715
-1.8	1.6	NANPING CHINA	588340	1669	588340	4716
-1.09999999999999	4	WEIZHOU CHINA	586330	1669	586330	4717
-3.5	2.2	SHAOYANG CHINA	577660	1670	577660	4718
-2	0.800000000000001	CHENZHOU CHINA	579720	1670	579720	4719
-3.40000000000001	1.2	YONGZHOU CHINA	578660	1670	578660	4720
-0.0999999999999943	2.1	JIANXIAN CHINA	577990	1670	577990	4721
-3.3	4.1	CHANGDE CHINA	576620	1670	576620	4722
-4.7	0.300000000000001	GUILIN CHINA	579570	1670	579570	4723
-2.40000000000001	0.800000000000001	DUSHAN CHINA	579220	1671	579220	4724
-1.2	3.8	YOUYANG CHINA	576330	1671	576330	4725
-4.8	0.399999999999999	XINGREN CHINA	579020	1671	579020	4726
-1.7	3	SINAN CHINA	577310	1671	577310	4727
-4.7	2.3	BIJIE CHINA	577070	1671	577070	4728
-3.2	0.399999999999999	LUODIAN CHINA	579160	1671	579160	4729
-4.8	1.9	LIJIANG CHINA	566510	1672	566510	4730
-4.8	0.699999999999999	DALI CHINA	567510	1672	567510	4731
-1.2	0.600000000000001	ZHANYI CHINA	567860	1672	567860	4732
-0.700000000000003	1.9	WEINING CHINA	566910	1672	566910	4733
-1.3	2.4	ZHAOTONG CHINA	565860	1672	565860	4734
-0.400000000000006	3.8	YIBIN CHINA	564920	1672	564920	4735
-1.7	4.5	EMEISHAN CHINA	563850	1672	563850	4736
-0.799999999999997	0.100000000000001	BAOSHAN CHINA	567480	1673	567480	4737
-4.59999999999999	2.7	KATMANDU A NEPAL	444540	1675	444540	4738
-4.8	1.3	DHAHRAN SAUDI ARABIA	404160	1682	404160	4739
-2.4	4.6	SHIRAZ IRAN	408480	1682	408480	4740
-4.5	0.5	EL KHARGA EGYPT	624350	1686	624350	4741
-1	0.5	DAKHLA EGYPT	624320	1687	624320	4742
-0.5	3.7	PIEDRAS NEGRAS, COAH MEXICO	762430	1713	762430	4743
-0.900000000000006	4.4	DEL-RIO/INT., USA---------	722610	1713	722610	4744
-0.900000000000006	2.9	GUAYMAS MEXIC	762550	1715	762550	4745
-1.80000000000001	4.6	OMAEZAKI JAPAN	476550	1737	476550	4746
-0.199999999999989	3.1	HACHIJOJIMA JAPAN	476780	1737	476780	4747
-0.900000000000006	4.3	TAKAMATSU JAPAN	478910	1738	478910	4748
-2.59999999999999	2.9	BENGBU CHINA	582210	1741	582210	4749
-1	3.6	HUAIAN CHINA	581410	1741	581410	4750
-0.900000000000006	2.1	XINYANG CHINA	572970	1742	572970	4751
-3.3	2.4	LAOHEKOU CHINA	572650	1742	572650	4752
-2.5	1.2	DAXIAN CHINA	573280	1743	573280	4753
-3.90000000000001	0.800000000000001	GAOPING CHINA	574110	1743	574110	4754
-2.2	0.699999999999999	LIANGPING CHINA	574260	1743	574260	4755
-5	1.6	GANZI CHINA	561460	1744	561460	4756
-0.0999999999999943	3.4	WUDU CHINA	560960	1744	560960	4757
-3	0.100000000000001	KANGDING CHINA	563740	1744	563740	4758
-2.8	1.2	CHANGDU CHINA	561370	1745	561370	4759
-3	3	YUSHOU CHINA	560290	1745	560290	4760
-3	0.300000000000001	KERMAN IRAN	408410	1753	408410	4761
-3.3	2.6	ESFAHAN IRAN	408000	1754	408000	4762
-1.7	0.399999999999999	ABADAN IRAN	408310	1755	408310	4763
-3.5	3.4	DAMASCUS INT SYRIA	400800	1757	400800	4764
-4	3.9	RAYACK LEBANON	401020	1757	401020	4765
-3.6	0.100000000000001	CAIRO A EGYPT	623660	1758	623660	4766
-0.100000000000001	2	LOD-AIRPORT ISRAEL------	401800	1758	401800	4767
-2.8	1.3	MERSA MATRUH EGYPT	623060	1759	623060	4768
-2.4	2.7	DERNA LIBYA	620590	1760	620590	4769
-1	1.8	BENI ULAD LIBYA	620140	1762	620140	4770
-1.7	4.7	DJELFA ALGERIA	605350	1764	605350	4771
-2.2	1.6	BECHAR ALGERIA	605710	1765	605710	4772
-4.09999999999999	3.3	SENDAI JAPAN	475900	1808	475900	4773
-3.30000000000001	1.6	KANAZAWA JAPAN	476050	1809	476050	4774
-1.90000000000001	0.5	MATSUE JAPAN	477410	1810	477410	4775
-0.799999999999997	1.8	TANFANG CHINA	548430	1813	548430	4776
-3.09999999999999	0.600000000000001	TUOZHOU CHINA	549160	1813	549160	4777
-2.5	2.5	HUIMIN CHINA	547250	1813	547250	4778
-0.599999999999994	1.1	ANYANG CHINA	538980	1814	538980	4779
-5	0.399999999999999	HUAJIALING CHINA	529960	1815	529960	4780
-0.5	1.6	YANAN CHINA	538450	1815	538450	4781
-2.40000000000001	0.700000000000003	XIFENG CHINA	539230	1815	539230	4782
-3.3	0.600000000000001	KONGTONG CHINA	539150	1815	539150	4783
-2.09999999999999	2.2	WUQIAOLING CHINA	527870	1816	527870	4784
-0.799999999999997	0.899999999999999	YUZHONG CHINA	529830	1816	529830	4785
-4.7	4.1	ZHANGYE CHINA	526520	1816	526520	4786
-4	4.5	KASHEN CHINA	517090	1821	517090	4787
-3.6	0.700000000000003	TEHRAN MEHRABAD IRAN	407540	1826	407540	4788
-3.1	2.9	SIIRT TURKEY	172100	1828	172100	4789
-1.6	3.5	VAN TURKEY	171700	1828	171700	4790
-4.8	0.299999999999997	DEIR EZZOR SYRIA	400450	1828	400450	4791
-2.6	2.1	GAZIANTEP TURKEY	172600	1829	172600	4792
-1.2	2.1	URFA TURKEY	172700	1829	172700	4793
-0.799999999999997	3.7	ELAZIG TURKEY	172020	1829	172020	4794
-4.5	3.6	KAYSERI/ERKILET TURKEY	171950	1829	171950	4795
-0.5	4.7	ERZINCAN TURKEY	170920	1829	170920	4796
-1.7	3.4	MALATYA TURKEY	171990	1829	171990	4797
-2.5	2.9	KONYA TURKEY	172440	1830	172440	4798
-4.5	3.8	AFYON TURKEY	171900	1830	171900	4799
-4.4	2.8	ISPARTA TURKEY	172400	1830	172400	4800
-0.799999999999997	4.1	KIRSEHIR TURKEY	171600	1830	171600	4801
-1.6	2.2	MUGLA TURKEY	172920	1831	172920	4802
-4.8	0.299999999999997	HERAKLION/CRETE GREECE	167540	1831	167540	4803
-3	2.7	SAMOS GREECE	167230	1831	167230	4804
-1.3	2.9	ATHENS/HELLINIKON GREECE	167160	1832	167160	4805
-3.3	1.8	METHONI GREECE	167340	1832	167340	4806
-3	2.1	KALAMATA GREECE	167260	1832	167260	4807
-4.1	2.8	ZAKYNTHOS/IONIAN ISL GREECE	167190	1832	167190	4808
-0.100000000000001	4.6	KERKYRA/CORFU GREECE	166410	1833	166410	4809
-4.9	1.8	CAP CARBON ALGERIA	604010	1835	604010	4810
-2.2	1.8	ANNABA ALGERIA	603600	1835	603600	4811
-1.9	0.5	TEBESSA ALGERIA	604750	1835	604750	4812
-0.9	4.3	CAGLIARI/ELMAS ITALY	165600	1835	165600	4813
-1.9	4.9	POLLENSA/BALEARIC-IS SPAIN-------	83070	1836	83070	4814
-3.7	1.2	CHLEF ALGERIA	604250	1836	604250	4815
-2.4	1.9	ALMERIA/AEROPUERTO SPAIN	84870	1837	84870	4816
-0.4	1.2	NORTH FRONT GIBRALTAR	84950	1838	84950	4817
-2.19999999999999	2.2	URAKAWA JAPAN	474260	1880	474260	4818
-0.700000000000003	0.100000000000001	DANDONG CHINA	544970	1884	544970	4819
-0.700000000000003	3.2	XIPING CHINA	541570	1884	541570	4820
-2.7	3.6	TONGLIAO CHINA	541350	1884	541350	4821
-3.90000000000001	1.1	JINZHOU CHINA	543370	1884	543370	4822
-2.2	2	WEICHANG CHINA	543110	1885	543110	4823
-2.09999999999999	1	CHENDE CHINA	544230	1885	544230	4824
-1.2	2.3	CHIFENG CHINA	542180	1885	542180	4825
-1.5	2.8	HAMI CHINA	522030	1890	522030	4826
-0.799999999999997	2.9	TULUFAN CHINA	515730	1891	515730	4827
-0.400000000000006	4	QITAI CHINA	513790	1891	513790	4828
-2	1.7	KUCHE CHINA	516440	1892	516440	4829
-3.7	4	YINING CHINA	514310	1892	514310	4830
-1.4	0.600000000000001	CANKIRI TURKEY	170800	1902	170800	4831
-1.2	1.4	KASTAMONU TURKEY	170740	1902	170740	4832
-3.4	0.700000000000003	BOLU TURKEY	170700	1902	170700	4833
-3.6	0.100000000000001	CANAKKALE TURKEY	171120	1903	171120	4834
-2.5	2.5	BURGAS BULGARIA	156550	1903	156550	4835
-3.9	4.5	BUCURESTI/BANEASA RUMANIA	154200	1903	154200	4836
-1.4	4.2	CONSTANTA ROMANIA	154800	1903	154800	4837
-1.6	2.7	SOFIA BULGARIA	156140	1904	156140	4838
-3.5	2	SKOPJE MACEDONIA	135860	1904	135860	4839
-0.699999999999999	2.4	TITOGRAD/GOLUBOVCI MONTENEGRO	134630	1905	134630	4840
-0.199999999999999	1.3	TIRANA ALBANIA	136150	1905	136150	4841
-1.2	1.9	AJACCIO FRANCE	77610	1907	77610	4842
-3.6	0.5	MADRID/BARAJAS SPAIN	82210	1909	82210	4843
-3.8	3.5	SANTANDER SPAIN	80230	1909	80230	4844
-0.9	1.7	ZARAGOZA SPAIN	81610	1909	81610	4845
-1.6	2.5	PONFERRADA SPAIN-------	80530	1910	80530	4846
-4.3	5	MUSKOKA A CANADA	715320	1924	715320	4847
-2.5	4.1	TRENTON A CANADA	715300	1924	715300	4848
-3.09999999999999	1.9	SIMUSIR RUSSIA	321950	1950	321950	4849
-3.30000000000001	0.399999999999999	WAKKANAI JAPAN	474010	1952	474010	4850
-4.09999999999999	0.299999999999997	JIXI CHINA	509780	1954	509780	4851
-4.09999999999999	3.1	KESHAN CHINA	506580	1955	506580	4852
-3.09999999999999	3.8	BOKETU CHINA	506320	1956	506320	4853
-4.4	4.9	BOGUCAR RUSSIA	343360	1972	343360	4854
-4.7	2.8	ZAPOROZE RUSSIA	346010	1973	346010	4855
-2.7	3.5	KIROVOGRAD UKRAINE	337110	1974	337110	4856
-2.4	2.2	IASI ROMANIA	150900	1975	150900	4857
-4.7	4.1	POPRAD/TATRY SLOVAKIA	119340	1976	119340	4858
-3.8	3.7	KOSICE-LETISKO SLOVAKIA	119680	1976	119680	4859
-0.5	2.1	BISTRITA ROMANIA	150850	1976	150850	4860
-1.4	1.8	CLUJ-NAPOCA ROMANIA	151200	1976	151200	4861
-4.2	3.1	MISKOLC HUNGARY	127720	1976	127720	4862
-2.2	4.8	PRZEMYSL POLAND	126950	1976	126950	4863
-4	0.799999999999997	ZAGREB/MAKSIMIR CROATIA	142400	1977	142400	4864
-1.9	4.7	OSTRAVA/MOSNOV AIRPO CZECH REPUB.	117820	1977	117820	4865
-0.800000000000001	3.7	SLIAC (ZVOLEN) SLOVAKIA	119030	1977	119030	4866
-1.8	1	PECS-REPULOTER /POGA HUNGARY	129420	1977	129420	4867
-3.6	2.3	Innsbruck-Flughafen AUSTRIA	111200	1978	111200	4868
-2.7	0.5	VENEZIA/TESSERA ITALY	161050	1978	161050	4869
-0.699999999999999	0.399999999999999	MILANO/LINATE ITALY	160800	1979	160800	4870
-3	3.8	TRAPPES FRANCE	71450	1980	71450	4871
-4.4	3.5	BREST/GUIPAVAS FRANCE	71100	1981	71100	4872
-2.8	3.1	VAL D'OR CANADA	717250	1996	717250	4873
-1.40000000000001	4.4	HOPE CANADA	711140	2005	711140	4874
-3.9	0.600000000000001	ROVNO UKRAINE	333010	2047	333010	4875
-1.8	3.1	BIALYSTOK POLAND	122950	2048	122950	4876
-2.6	1.3	LEIPZIG GERMANY	104690	2050	104690	4877
-4.2	1.9	WERNIGERODE GERMANY	104540	2050	104540	4878
-4.4	1.8	BROCKEN GERMANY-----	104530	2050	104530	4879
-4.6	1.5	EINDHOVEN NETHERLANDS	63700	2051	63700	4880
-4.1	2.1	DEELEN NETHERLANDS	62750	2051	62750	4881
-0.2	2.3	AMSTERDAM (SCHIPOL) NETHERLANDS	62400	2052	62400	4882
-0.5	2	ROTTERDAM NETHERLANDS	63440	2052	63440	4883
-0.5	3.2	WADDINGTON UK	33770	2053	33770	4884
-1.7	2.5	BIRMINGHAM/ELMDON UK	35340	2053	35340	4885
-2.3	3.4	MANCHESTER/RINGWAY UK	33340	2053	33340	4886
-1.90000000000001	2.1	PELLY CANADA	714431	2073	714431	4887
-3.90000000000001	2.2	RED DEAR A CANADA	718780	2075	718780	4888
-0.9	2.8	JONKOPING FLYGPLATS SWEDEN	25500	2122	25500	4889
-3.4	1	EDINBURGH/TURNHOUSE UK	31600	2125	31600	4890
-4.7	0.799999999999997	GERMANSEN CANADA	719410	2149	719410	4891
-0.199999999999999	4.3	HOLAR I HORNAFIRDI ICELAND	40820	2200	40820	4892
-4.80000000000001	2.59999999999999	OLD CROW CANADA	710440	2296	710440	4893
-1.8	0.400000000000006	RUSTEFJELBMA NORWAY	10750	2335	10750	4894
-2	0.5	KAP TOBIN GREENLAND	43400	2345	43400	4895
-1.7	2.8	Wittenoom AUSTRALIA	943130	949	943130	4896
-1.4	1.5	REMONTNOE RUSSIA	347590	1972	347590	4897
-1.2	4.4	KRASNOSLABODSK RUSSIA	277560	2044	277560	4898
-1.09999999999999	3.6	KISLOKAN RUSSIA	246060	2176	246060	4899
-3.40000000000001	2.2	EL RECREO NICARAGUA	787367	1493	787367	4900
-1.59999999999999	0.400000000000006	DRIFTING STATION B OCEANIA	990517	2438	990517	4901
-4.8	2.5	PAUCARANY PERU	847627	1058	847627	4902
-3	4.7	KONGOLO D.R.CONGO	642760	1183	642760	4903
-0.699999999999999	0.1	BUTEMBO D.R.CONGO	640720	1327	640720	4904
-4.4	4.3	NGAMBE CAMEROON	649130	1330	649130	4905
-1.40000000000001	4.3	GRAND CAYMAN CAYMAN IS.	783830	1565	783830	4906
-1.09999999999999	1.1	GIBARA CUBA	783630	1636	783630	4907
-4.5	2	TUINUCU CUBA	783487	1636	783487	4908
-3.7	2.1	CENTRAL ELIA CUBA	783547	1636	783547	4909
-3.2	2.5	CAYO PAREDONE GRANDE CUBA	783530	1636	783530	4910
-4.5	2.5	CAIBARIEN CUBA	783480	1636	783480	4911
-3.09999999999999	1.5	CALETA GRANDE CUBA	783217	1637	783217	4912
-1.90000000000001	2.9	SAN ANTONIO CUBA	783247	1637	783247	4913
-1.59999999999999	3.1	ESCUELA TECH CUBA	783260	1637	783260	4914
-4.09999999999999	2.2	GUANE CUBA	783130	1637	783130	4915
-4.8	1.9	JERUSALEM ISRAEL	402900	1757	402900	4916
-3	2.6	SILVA PORTA ANGOLA	663250	1113	663250	4917
-1.5	1.5	LODJA MET. D.R.CONGO	641460	1256	641460	4918
-0.0999999999999943	4.9	EL LIBANO COLOMBIA	803930	1348	803930	4919
-2.59999999999999	4.9	CABO CRUZ/ORIENTE CUBA	783600	1564	783600	4920
-1.30000000000001	3.9	FRENCH FRIGATE SHOAL PACIFIC OC.	911550	1654	911550	4921
-3.4	2.3	LISALA D.R.CONGO	640140	1328	640140	4922
-4.8	4	AWASH ETHIOPIA	634530	1396	634530	4923
-2.7	4.3	DILOLO D.R.CONGO	643010	1112	643010	4924
-0.299999999999997	3	HUANCAYO/HUAYAO PERU	846330	1132	846330	4925
-0.199999999999999	1.2	BASANKUSU D.R.CONGO	640800	1329	640800	4926
-1.3	2.9	LUPUTA D.R.CONGO	642480	1184	642480	4927
-3.40000000000001	4	PUERTO CABEZAS NICARAGUA	787300	1493	787300	4928
-4	3.8	EL SEYBO DOMINICAN REP	784837	1562	784837	4929
-1.40000000000001	3.5	NEYBA DOMINICAN REP	784817	1563	784817	4930
-3.3	2.6	PASO REAL/SAN DIEGO CUBA	783170	1637	783170	4931
-4.4	2.2	DEIR ALLA JORDAN	402850	1757	402850	4932
-4.40000000000001	4.4	TIBACUY GRANGE COLOMBIA	803960	1347	803960	4933
-1	3.2	VINJEORA (R) NORWAY	12320	2195	12320	4934
-1	2.9	TATALINA LRRS ALASKA	702315	2228	702315	4935
-0.399999999999999	0.799999999999997	KEMI FINLAND	28640	2264	28640	4936
-1.09999999999999	3.90000000000001	CAPE LISBURNE(AWOS) ALASKA	701040	2302	701040	4937
-1.8	1.5	NORD GREENLAND	43100	2488	43100	4938
-1.2	1.6	DOAKTOWN CANADA	716681	1994	716681	4939
-1.7	3.1	PHUKET_AIRPORT THAILAND	485650	1385	485650	4940
-4.90000000000001	4.5	SUPHAN_BURI THAILAND	484250	1456	484250	4941
-2.09999999999999	1.8	KHLONG_YAI THAILAND	485010	1456	485010	4942
-4.8	3.2	PHRAE THAILAND	483300	1528	483300	4943
-4.7	2.7	KEMPTEN GERMANY	109460	1978	109460	4944
-2.9	0.899999999999999	GERA-LEUMNITZ GERMANY	105670	2050	105670	4945
-3.8	4.3	GENERAL PICO A ARGENTINA	875320	769	875320	4946
-2.30000000000001	1	KADINA AUSTRALIA	946670	801	946670	4947
-1.5	2.2	QUINTERO SANT CHILE	855430	843	855430	4948
-0.199999999999989	4.3	TAROOM POST OFFICE AUSTRALIA	945250	871	945250	4949
-4.30000000000001	2.4	RAPA, AUSTRAL FRENCH POLYNE	919580	929	919580	4950
-1.4	3.8	TETE MOZAMBIQUE	672610	1038	672610	4951
-3.2	2.8	COCOS ISLAND A COCOS (AUS)	969960	1097	969960	4952
-5	0.5	TAKAROA, TUAMOTU FRENCH POLYNE	919430	1145	919430	4953
-0.800000000000001	3.3	GOMA D.R.CONGO	641840	1255	641840	4954
-4.4	5	MAKOUA CONGO	644560	1257	644560	4955
-1.4	1.3	BANNINGVILLE D.R.CONGO	641080	1328	641080	4956
-0.200000000000003	0.5	ZANDERIJ SURINAME	812250	1416	812250	4957
-0.299999999999997	1.1	COMBOLCHA ETHIOPIA	633330	1469	633330	4958
-2.6	2.6	GONDAR ETHIOPIA	633310	1469	633310	4959
-1.2	2.2	MANAGUA/SANDINO NICARAGUA	787410	1494	787410	4960
-4.5	4.2	QIONGHAI CHINA	598550	1526	598550	4961
-1.40000000000001	4.1	DONGFANG CHINA	598380	1527	598380	4962
-0.400000000000006	4.5	ZHANZHOU CHINA	598450	1527	598450	4963
-1.5	1.3	RAIZET GUADELOUPE	788970	1561	788970	4964
-3	0.5	LA MESA/SAN PEDRO HONDU AS	787080	1566	787080	4965
-0.900000000000006	1.5	GUANAJA HONDURAS	787010	1566	787010	4966
-4.5	1.7	JOHNSTON ISLAND PACIF OC.	912750	1582	912750	4967
-3.90000000000001	4.3	MEIXIAN CHINA	591170	1597	591170	4968
-4.59999999999999	2.8	SHANWEI CHINA	595010	1597	595010	4969
-1	2.5	SHENZHEN CHINA	594930	1598	594930	4970
-4.90000000000001	3.4	GUIPING CHINA	592540	1598	592540	4971
-3	1.8	YANGJIANG CHINA	596630	1598	596630	4972
-0.5	4.4	LIANPING CHINA	590960	1598	590960	4973
-0.299999999999997	3.8	HEYUAN CHINA	592930	1598	592930	4974
-2.59999999999999	4.8	LIANZHOU CHINA	590720	1598	590720	4975
-1.40000000000001	2	QINZHOU CHINA	596320	1599	596320	4976
-3.09999999999999	2.3	LONGZHOU CHINA	594170	1599	594170	4977
-0.900000000000006	1.5	BEIHAI CHINA	596440	1599	596440	4978
-3.40000000000001	5	CHUXIONG CHINA	567680	1600	567680	4979
-4.2	0.300000000000001	PUNTA MAISI CUBA	783690	1635	783690	4980
-2.90000000000001	1.4	CAMAGUEY CUBA	783550	1636	783550	4981
-5	1.9	CABO S ANTONIO CUBA	783100	1637	783100	4982
-2.59999999999999	1	YONGAN CHINA	589210	1669	589210	4983
-2.8	4.3	JINGDEZHEN CHINA	585270	1669	585270	4984
-3.3	2.6	NANCHENG CHINA	587150	1669	587150	4985
-4.59999999999999	3.5	YUANLENG CHINA	576550	1670	576550	4986
-0.599999999999994	2.8	YICHUN CHINA	577930	1670	577930	4987
-1.90000000000001	4.4	YUEYANG CHINA	575840	1670	575840	4988
-2.3	2.3	NANYUE CHINA	577760	1670	577760	4989
-4.40000000000001	1.7	WUGANG CHINA	578530	1670	578530	4990
-0.400000000000006	4	XIUSHUI CHINA	575980	1670	575980	4991
-4.7	5	LITANG CHINA	562570	1672	562570	4992
-2.7	1.7	HUILI CHINA	566710	1672	566710	4993
-3.5	4	JIULONG CHINA	564620	1672	564620	4994
-1.7	1.4	HUIZE CHINA	566840	1672	566840	4995
-0.900000000000006	5	BATANG CHINA	562470	1673	562470	4996
-3.9	3.5	FUERTEVENTURA CANARY IS.	600350	1695	600350	4997
-1.3	3.4	ORLANDO/JETPO USA---------	722050	1709	722050	4998
-4.40000000000001	2.2	GUSHI CHINA	582080	1741	582080	4999
-2.7	1.8	HEFEI CHINA	583210	1741	583210	5000
-4.90000000000001	4.5	HUASHAN CHINA	570460	1742	570460	5001
-2.40000000000001	3	NANYANG CHINA	571780	1742	571780	5002
-2.40000000000001	1.2	ZHONGXIANG CHINA	573780	1742	573780	5003
-4	4.1	LUSHI CHINA	570670	1742	570670	5004
-2	2.1	WANYUAN CHINA	572370	1743	572370	5005
-0.5	0.300000000000001	ENSHI CHINA	574470	1743	574470	5006
-1	2.7	ANKANG CHINA	572450	1743	572450	5007
-3.3	4.8	HOMS SYRIA	400550	1757	400550	5008
-1.09999999999999	2.8	KANGNUNG KOREA, SOUTH	471050	1811	471050	5009
-2.3	2.4	CHENGSHANTOU CHINA	547760	1812	547760	5010
-3.8	2.1	KAMISHLI SYRIA	400010	1828	400010	5011
-2.8	1.2	ALEPPO SYRIA	400070	1829	400070	5012
-4.2	0.5	LATTAKIA SYRIA	400220	1829	400220	5013
-3.80000000000001	4.4	SUIFENHE CHINA	540960	1882	540960	5014
-4.09999999999999	4.6	ZHALUTE CHINA	540260	1884	540260	5015
-4.59999999999999	1.6	CHAOYANG CHINA	543240	1884	543240	5016
-2.40000000000001	2.4	ZHANGWU CHINA	542360	1884	542360	5017
-1	4.3	CHANGLIN CHINA	540490	1884	540490	5018
-1.90000000000001	3.6	LINXIXIAN CHINA	541150	1885	541150	5019
-3.5	2.2	DUOLUNXIAN CHINA	542080	1885	542080	5020
-3.90000000000001	4	XILINHAOTE CHINA	541020	1885	541020	5021
-5	4	ABAGAQI CHINA	531920	1885	531920	5022
-1	1.9	HUADE CHINA	533910	1886	533910	5023
-2.09999999999999	2.4	ZHURIHE CHINA	532760	1886	532760	5024
-3	0.299999999999997	YUMENZHEN CHINA	524360	1889	524360	5025
-3.3	3.2	SHISANJIANFANG CHINA	514950	1890	514950	5026
-2.8	4.8	BANJA-LUKA BOSNIA/HERZE	145420	1905	145420	5027
-0.800000000000001	4.6	LOZNICA BOSNIA/HERZE	132620	1905	132620	5028
-3	2.2	FUJIN CHINA	507880	1954	507880	5029
-2	0.200000000000003	SHANGZHI CHINA	509680	1955	509680	5030
-3	2.5	HALUN CHINA	507560	1955	507560	5031
-1.30000000000001	1	TONGHE CHINA	509630	1955	509630	5032
-0.0999999999999943	0.100000000000001	QIANGUO CHINA	509490	1956	509490	5033
-0.0999999999999943	2.2	AERSHAN CHINA	507270	1957	507270	5034
-3.9	0.700000000000003	ZAGREB/PLESO CROATIA-----	142410	1977	142410	5035
-1.09999999999999	1.9	LYNN LAKE CANADA	710780	2145	710780	5036
-0.200000000000003	0.799999999999997	DAWSON CREEK CANADA	714710	2149	714710	5037
-0.399999999999999	2.7	JOENSUU FINLAND-----	29290	2191	29290	5038
-2.90000000000001	2	Grove (Research Stn. AUSTRALIA	959790	655	959790	5039
-1	0.5	Nuriootpa AUSTRALIA	946810	801	946810	5040
-2.9	2.6	CIMLJANSK RUSSIA	346460	1972	346460	5041
-1.1	1.8	ZARAGOZA SPAIN	81590	1909	81590	5042
-0.5	0.0999999999999996	KAELE CAMEROON	648530	1474	648530	5043
-1.09999999999999	2.9	SEBACO NICARAGUA	787387	1494	787387	5044
-2.40000000000001	1.5	MOULMEIN MYANMAR	481030	1529	481030	5045
-0.5	1.5	GHAZZA EGYPT	623380	1758	623380	5046
-2.5	1.3	OSPINA PEREZ COLOMBIA	803990	1348	803990	5047
-4.6	4.2	MAVINGA ANGOLA	664470	1040	664470	5048
-2.5	2.2	BUMBA D.R.CONGO	640160	1328	640160	5049
-3.3	0.4	BOUSSO CHAD	647050	1473	647050	5050
-2.3	0.4	SERPA PINTO ANGOLA	664100	1113	664100	5051
-2.7	3.3	AMAPALA HONDURAS	787000	1494	787000	5052
-1.2	4.7	MABALI D.R.CONGO	640181	1256	640181	5053
-2.40000000000001	1.40000000000001	CAPE KHARASOVOY RUSSIA	208560	2327	208560	5054
-1.7	0.900000000000006	TROYNOY ISLAND RUSSIA	204710	2396	204710	5055
-2.8	5	MAGNOR/SKOTTERUD (R) NORWAY	14980	2122	14980	5056
-0.799999999999997	0.299999999999997	SAIM RUSSIA	239290	2184	239290	5057
-1	1.8	CAPE ROMANZOFF AWOS ALASKA	702120	2230	702120	5058
-2.90000000000001	0.599999999999994	TIN CITY AFS (AWOS) ALASKA	701170	2302	701170	5059
-0.200000000000003	2.4	NAKHON_PHANOM THAILAND	483570	1528	483570	5060
-1.3	1.1	ROI_ET THAILAND	484050	1528	484050	5061
-2.09999999999999	3.4	NAMBOUR DPI AUSTRALIA	955720	870	955720	5062
-0.0999999999999943	3.1	TUCUMAN A II ARGENTINA	871210	914	871210	5063
-2.1	0.6	MAKOKOU GABON	645560	1330	645560	5064
-4.9	3.8	EDEA CAMEROON	649410	1330	649410	5065
-4.3	0.9	BAMBARI C. AFR. REP.	646600	1400	646600	5066
-1.7	1.5	YALINGA C. AFR. REP.	646610	1400	646610	5067
-4.1	4.3	PALA CHAD	647090	1401	647090	5068
-2.6	0.6	YOKO CAMEROON	649000	1402	649000	5069
-3.3	1.5	TIMEHRI INTL A GUYANA	810020	1416	810020	5070
-0.899999999999999	2.7	ABU-NAAMA SUDAN	627950	1470	627950	5071
-1.9	4.3	N GUIGMI NIGER	610490	1474	610490	5072
-0.900000000000006	4.9	CATACAMAS HONDU AS	787140	1494	787140	5073
-2.5	3	GAOYAO CHINA	592780	1598	592780	5074
-4.90000000000001	4.1	GUANGNAN CHINA	590070	1599	590070	5075
-4.2	2	JINGHONG CHINA	569590	1600	569590	5076
-3	3.6	YUANJIANG CHINA	569660	1600	569660	5077
-4.90000000000001	3.9	LINCANG CHINA	569510	1600	569510	5078
-4.59999999999999	3.8	DHAKA BANGLADESH	419230	1602	419230	5079
-4.2	4.6	CHENGZHOU CHINA	585560	1668	585560	5080
-0.0999999999999943	3.5	LISHUI CHINA	586460	1669	586460	5081
-0.200000000000003	0.5	PINGTAN CHINA	589440	1669	589440	5082
-1.5	1	YONGJIANG CHINA	579320	1671	579320	5083
-1.09999999999999	3.5	DEQIN CHINA	564440	1673	564440	5084
-4.7	2.9	DONGTAI CHINA	582510	1740	582510	5085
-4.3	2.9	FUYANG CHINA	582030	1741	582030	5086
-0.5	1.4	SUYANG CHINA	583450	1741	583450	5087
-4.2	3.9	BOZHOU CHINA	581020	1741	581020	5088
-0.5	3.8	XIHUA CHINA	571930	1742	571930	5089
-2.8	0.399999999999999	JINGZHOU CHINA	574760	1742	574760	5090
-2.8	1.9	MAERKANG CHINA	561720	1744	561720	5091
-1.8	4.9	MADUO CHINA	560330	1745	560330	5092
-0.300000000000011	0.299999999999997	YOKOSUKA JAPAN-------	476960	1809	476960	5093
-4.3	2.5	ZHONGNING CHINA	537050	1815	537050	5094
-4.40000000000001	1.3	GONGHE CHINA	528560	1816	528560	5095
-1.8	4	RUOQIANG CHINA	517770	1819	517770	5096
-1.40000000000001	4.8	BACHU CHINA	517160	1821	517160	5097
-2.7	3.4	SHACHE CHINA	518110	1821	518110	5098
-0.0999999999999943	2.1	HETIAN CHINA	518280	1821	518280	5099
-3.09999999999999	1.8	LINJIANG CHINA	543740	1883	543740	5100
-1.80000000000001	3.4	KUNHUA CHINA	541860	1883	541860	5101
-0.599999999999994	4	BALINZUOQI CHINA	540270	1885	540270	5102
-4.59999999999999	1.7	DAMAOQI CHINA	533520	1886	533520	5103
-2.09999999999999	4.6	JINGHE CHINA	513340	1892	513340	5104
-1.7	1.9	CEDAR-RAPIDS/AP USA---------	725450	1927	725450	5105
-4.3	1.8	HEBUKESAIER CHINA	511560	1963	511560	5106
-2	1.7	TACHENG CHINA	511330	1964	511330	5107
-2.6	0.100000000000001	CHEB CZECH REPUBLI	114060	2050	114060	5108
-0.5	4.5	SCHLESWIG-JAG GERMANY-----	100370	2051	100370	5109
-3.5	4.6	URANIUM CITY CANADA	710760	2146	710760	5110
-1.19999999999999	4.8	TALON RUSSIA	310920	2095	310920	5111
-4.7	1.09999999999999	NORTH POLE 4 ARCTIC	990537	2556	990537	5112
-5	2.4	DEST. NAVAL TENIENTE ANTARCTICA	889510	408	889510	5113
-1.90000000000001	2.7	BANMETHUOT VIETNAM	488750	1455	488750	5114
-0.199999999999999	3.3	GEMENA D.R.CONGO	640060	1329	640060	5115
-0.899999999999999	4.5	GARDO SOMALIA	632250	1395	632250	5116
-3.2	2.6	SEOUL CITY/AP KOREA, SOUTH	471100	1811	471100	5117
-0.200000000000003	0.3	NEGHELLI ETHIOPIA	635330	1397	635330	5118
-2	0.3	KUSAIE MICRONESIA	913560	1372	913560	5119
-3	2.6	BAMAKO VILLE MALI	612912	1478	612912	5120
-1.09999999999999	3.2	BARAHONA DOMINICAN REP	784820	1563	784820	5121
-0.5	4.9	LYNGDAL I NUMEDAL NORWAY	14740	2123	14740	5122
-1.59999999999999	0.399999999999999	SYM RUSSIA	239750	2179	239750	5123
-0.400000000000006	3.90000000000001	DUNWAY ISLAND RUSSIA	216130	2316	216130	5124
-4	3.5	VILKICKOGO ISLAND RUSSIA	206650	2325	206650	5125
-2	0.4	KOSRAE MICRONESIA	913550	1372	913550	5126
-2	0.3	UTWA MICRONESIA	913561	1372	913561	5127
-0.799999999999997	1.9	TAK THAILAND	483760	1529	483760	5128
-2.1	2.40000000000001	MAWSON ANTARCTICA	895640	312	895640	5129
-0.199999999999989	4.8	ANEITYUM VANUATU	915680	939	915680	5130
-0.5	4.1	SERGE-FROLOW OCEAN IS.(FR)	619760	1034	619760	5131
-2.40000000000001	1.1	SOLA, VENUA LAVA VANUATU	915510	1083	915510	5132
-2.5	2.6	DIEGO GARCIA OCEAN IS.(BR)	619670	1174	619670	5133
-1.4	3.8	MBUJIMAYI D.R.CONGO	642470	1184	642470	5134
-4.1	3.6	TSHIKAPA D.R.CONGO	642280	1184	642280	5135
-0.200000000000003	1.5	BANDJARMASIN/ULIN INDONESIA	966850	1238	966850	5136
-2.3	4.2	LASTOURSVILLE GABON	645600	1258	645600	5137
-1.1	1	MOUYONDZI CONGO	644020	1258	644020	5138
-3.5	2.1	BITAM GABON	645100	1330	645100	5139
-3.1	4.6	DIRE DANA ETHIOPIA	634710	1396	634710	5140
-4.5	3.2	GORE ETHIOPIA	634030	1397	634030	5141
-2.6	1.5	BOSSANGOA C. AFR. REP.	646100	1401	646100	5142
-2.4	0.3	BOSSEMBELE C. AFR. REP.	646050	1401	646050	5143
-0.699999999999999	0.5	MAROUA-SALAK CAMEROON	648510	1474	648510	5144
-4.5	3.1	GRANTLEY ADAMS BARBADOS	789540	1488	789540	5145
-4.5	4.2	MENGSHAN CHINA	590580	1598	590580	5146
-4.09999999999999	2.4	XINYI CHINA	594560	1598	594560	5147
-0.0999999999999943	2.6	LANCANG CHINA	569540	1601	569540	5148
-0.599999999999994	4.9	BOGRA BANGLADESH	418830	1603	418830	5149
-1.40000000000001	0.899999999999999	KAHULUI WSO/PUU NENE HAWAII	911900	1652	911900	5150
-4	4.6	LUSHAN CHINA	585060	1669	585060	5151
-3.7	1.9	GUANGCHANG CHINA	588130	1669	588130	5152
-0.700000000000003	4.7	LINZHI CHINA	563120	1674	563120	5153
-4	4.1	HON LIBYA	621310	1689	621310	5154
-2.80000000000001	4.2	IWAKUNI JAPAN-------	477640	1738	477640	5155
-4.7	3.8	SHEYANG CHINA	581500	1740	581500	5156
-3.7	1.4	HUOSHAN CHINA	583140	1741	583140	5157
-0.5	1	FENGJIE CHINA	573480	1743	573480	5158
-0.299999999999997	1.5	MIANYANG CHINA	561960	1744	561960	5159
-4.40000000000001	1.4	DINGQING CHINA	561160	1745	561160	5160
-2.90000000000001	1.5	NAQU CHINA	552990	1746	552990	5161
-4.8	0.699999999999999	AGEDABIA LIBYA	620550	1760	620550	5162
-4.9	2.4	MISURATA LIBYA-------	620160	1761	620160	5163
-4	1.8	NALUT LIBYA	620020	1762	620020	5164
-2.9	2.9	ZUARA LIBYA	620070	1762	620070	5165
-2.90000000000001	1.3	TAISHAN CHINA	548260	1813	548260	5166
-0.5	2.1	XINGTAI CHINA	537980	1814	537980	5167
-0.400000000000006	4.8	WEIXIAN CHINA	535930	1814	535930	5168
-2.3	3.7	YUANPING CHINA	536730	1814	536730	5169
-3.8	4.4	HEQU CHINA	535640	1814	535640	5170
-3.09999999999999	2	JIEXIU CHINA	538630	1814	538630	5171
-2	4.1	ETUOKEQI CHINA	535290	1815	535290	5172
-2.59999999999999	2.8	YANCHI CHINA	537230	1815	537230	5173
-4.3	0.299999999999997	TONGDE CHINA	529570	1816	529570	5174
-3.8	1.2	JIAN CHINA	543770	1883	543770	5175
-0.200000000000003	0.700000000000003	KUANDIAN CHINA	544930	1884	544930	5176
-2.40000000000001	4.6	XIWUZHUMUQIN CHINA	540120	1885	540120	5177
-4.5	0.399999999999999	HUAILAI CHINA	544050	1885	544050	5178
-1.90000000000001	1	JINING CHINA	534800	1886	534800	5179
-1.5	1.6	WULATEZHONGQI CHINA	533360	1887	533360	5180
-2.7	1.9	HARTFORD/BRADLEY INT USA	725080	1923	725080	5181
-2.59999999999999	4.4	SUNWU CHINA	505640	1955	505640	5182
-3.7	1.4	ALTAI MONGOLIA	442770	1961	442770	5183
-1.90000000000001	2.7	ALETAI CHINA	510760	1963	510760	5184
-3	1.8	PAYERNE /ST. AEROL. SWITZERLAND	66100	1979	66100	5185
-3.3	1.7	HUMA CHINA	503530	2027	503530	5186
-0.599999999999994	4.1	Birdsville AUSTRALIA	944820	873	944820	5187
-0.800000000000011	0.6	TAPUTIMU, TUTIULA SAMOA	917667	1151	917667	5188
-1.7	3.5	POLI CAMEROON	648610	1402	648610	5189
-3.90000000000001	1.1	PUNTA GORDA AGSTAT BELIZE	785927	1566	785927	5190
-1.19999999999999	0.800000000000001	NAPUKA PACIFIC OC.	919270	1145	919270	5191
-1.4	2.1	TERESPOL POLAND	123990	2048	123990	5192
-1.30000000000001	3	NABOUWALU VANUA LEVU FIJI	916590	1009	916590	5193
-4.1	2.6	IRBID JORDAN	402300	1757	402300	5194
-1	4	SHIP STATION V OCEANIA	990220	1732	990220	5195
-3.2	3.7	NAIROBI/DAGORETTI KENYA	637410	1253	637410	5196
-4.2	4.7	BOENDE D.R.CONGO	641260	1256	641260	5197
-4.7	4.1	MAO CHAD	647010	1473	647010	5198
-4	3.2	MOPELIA FRENCH POLYNE	919310	1075	919310	5199
-1.40000000000001	4.2	WANLESS CANADA	711277	2073	711277	5200
-1.2	4.2	CERRO DE PASCO PERU	845930	1132	845930	5201
-2.5	2.5	BONTHE SIERRA LEONE	618660	1407	618660	5202
-3.7	3.3	Humrogi TADJIKISTAN	388670	1822	388670	5203
-4.59999999999999	4.3	LABRIEVILLE CANADA	713851	1994	713851	5204
-1	1	RUSSKOYE USTYE RUSSIA	218490	2311	218490	5205
-4.7	4.8	CUBI_POINT_NF PHILIPPINES	984260	1452	984260	5206
-3.8	2	GENERAL BELGRANO ANTARCTICA	899670	188	899670	5207
-4.9	4.6	GOUGH ISLAND SOUTH AFRICAN	689060	686	689060	5208
-0.199999999999989	0.600000000000001	TARALGA POST OFFICE AUSTRALIA	947350	799	947350	5209
-2.5	2	WHYALLA (NORRIE) AUSTRALIA	946640	801	946640	5210
-3.3	4.7	Dalwallinu AUSTRALIA	946190	805	946190	5211
-4.2	2.6	MELO URUGUAY	864400	839	864400	5212
-2.09999999999999	4.4	COLLINSVILLE POST OF AUSTRALIA	943600	943	943600	5213
-1.6	3.8	MANANJARY MADAGASCAR	671430	963	671430	5214
-1.7	2.8	JUANJUI PERU	844740	1204	844740	5215
-0.599999999999994	4.8	PIURA PERU	844010	1205	844010	5216
-3.59999999999999	2.1	MAJURO MARSHALL IS.	913760	1370	913760	5217
-3.5	0.4	OBO C. AFR. REP.	646590	1399	646590	5218
-1.6	4.6	KABALA SIERRA LEONE	618860	1407	618860	5219
-4.7	4.8	CUBI POINT/NF PHILIPPINES	984261	1452	984261	5220
-4.3	5	XUNWU CHINA	591020	1597	591020	5221
-2	4.7	HECHI CHINA	590230	1599	590230	5222
-2.90000000000001	5	DINGHAI CHINA	584770	1668	584770	5223
-1.90000000000001	0.699999999999999	JIUXIANSHAN CHINA	589310	1669	589310	5224
-3.09999999999999	0.699999999999999	YUANMOU CHINA	567630	1672	567630	5225
-1.09999999999999	4.3	RIKAZE CHINA	555780	1675	555780	5226
-1.7	4.6	PALMYRA SYRIA	400610	1757	400610	5227
-0.5	0.399999999999999	RIZHAO CHINA	549450	1813	549450	5228
-0.599999999999994	3	SHIJIAZHUANG CHINA	536980	1814	536980	5229
-4.2	4.8	JILANTAI CHINA	535020	1815	535020	5230
-2.59999999999999	2.4	DELINGHA CHINA	527370	1817	527370	5231
-0.900000000000006	1.8	CHA-KA CHINA	528420	1817	528420	5232
-0.0999999999999943	1.4	GEERMU CHINA	528180	1818	528180	5233
-1.2	1.3	BENXI CHINA	543460	1884	543460	5234
-3.09999999999999	3.7	ZAMYN-UUD MONGOLIA	443580	1886	443580	5235
-3.09999999999999	3.6	ERLIANHAOTE CHINA	530680	1886	530680	5236
-1.7	0.100000000000001	DATONG CHINA	534870	1886	534870	5237
-1.09999999999999	2.7	YICHUN CHINA	507740	1955	507740	5238
-3	0.5	DONGWUZHUMUXIN CHINA	509150	1957	509150	5239
-1.8	1.5	CHOIR MONGOLIA	442980	1959	442980	5240
-0.5	2	FUYUN CHINA	510870	1963	510870	5241
-1.40000000000001	3.6	TIMMINS CANADA	717390	1997	717390	5242
-4.59999999999999	4.2	OLIVER CANADA	712151	2004	712151	5243
-3.69999999999999	2.3	MCINNES ISLAND CANADA	718970	2078	718970	5244
-4.7	2.3	SVINOY FYR NORWAY	12050	2195	12050	5245
-4.8	0.299999999999997	FLESLAND NORWAY	13110	2195	13110	5246
-2.40000000000001	2.8	PELLY RANCH CANADA	719491	2224	719491	5247
-0.299999999999997	2	SACHS HARBOUR CANADA	714670	2366	714670	5248
-4.5	5	Nowra AUSTRALIA	947500	726	947500	5249
-4.4	4.5	BAZHIGAN RUSSIA	370750	1899	370750	5250
-3	0.899999999999999	CAPE KRYLJON RUSSIA	321490	1952	321490	5251
-2.90000000000001	3.3	KUZEDEEVO RUSSIA	298490	2035	298490	5252
-0.700000000000003	1.6	SOLONESNOJE RUSSIA	360450	2036	360450	5253
-2.7	3	REBRIHA RUSSIA	299230	2036	299230	5254
-4.30000000000001	4.9	MAGADAN NW RUSSIA	259120	2094	259120	5255
-3.8	0.299999999999997	KEMEROVO RUSSIA	296450	2107	296450	5256
-3.09999999999999	4	CUCUKAN RUSSIA	245380	2173	245380	5257
-1	0.299999999999997	VANZIL-KYNAK RUSSIA	239660	2180	239660	5258
-1.90000000000001	1.8	LITTLE AMERICA ANTARCTICA	891620	213	891620	5259
-4.3	3.7	OAZIS ANTARCTICA	896010	304	896010	5260
-4.5	0.299999999999997	PIONERSKAYA ANTARCTICA	895930	305	895930	5261
-1.8	3.09999999999999	LOUBET COAST ANTARCTICA	889560	338	889560	5262
-2.5	3.6	ALTO LINO PANAMA	787957	1421	787957	5263
-1.9	0.400000000000006	NORTH POLE 6 ARCTIC	990547	2551	990547	5264
-0.800000000000011	1.9	ANGAUR PALAU IS.	914077	1378	914077	5265
-2.5	4.5	CHANGUINOLA PANAMA	787838	1421	787838	5266
-2.90000000000001	3.3	PUERTO ARMUELLES PANAMA	787927	1421	787927	5267
-5	2.4	CARMONA-UIGE ANGOLA	661400	1185	661400	5268
-3.19999999999999	2.5	ARORAE KIRIBATI	916290	1225	916290	5269
-1.40000000000001	4	POPLAR RIVER CANADA	711351	2002	711351	5270
-1.6	3.8	EXPLOITS DAM CANADA	714001	1992	714001	5271
-0.199999999999989	5	ULITHI, FALALOP PACIFIC OC.	912030	1377	912030	5272
-3.30000000000001	2.09999999999999	MCMURDO ANTARCTICA	896640	147	896640	5273
-1.6	4.5	HALLEY ANTARCTICA	890220	186	890220	5274
-5	3.3	DUMONT DURVILLE ANTARCTICA	896420	296	896420	5275
-2	3.5	MIRNYI ANTARCTICA	895920	306	895920	5276
-1.5	1.9	LAKE GRACE POST OFFI AUSTRALIA	946350	805	946350	5277
-2.2	3.3	SAN JUAN BAUTISTA PARAGUAY	862600	912	862600	5278
-2.7	3.4	ILES GLORIEUSES OCEAN IS.(FR)	619680	1107	619680	5279
-4.59999999999999	1.5	MERAUKE INDONESIA	979800	1160	979800	5280
-4.5	2.4	SENTANI INDONESIA	976900	1232	976900	5281
-3.90000000000001	3.8	BIAK/MOKMER INDONESIA	975600	1233	975600	5282
-3.90000000000001	4.1	JEFMAN INDONESIA	975020	1234	975020	5283
-0.699999999999989	4.1	MANOKWARI INDONESIA	975300	1234	975300	5284
-1.19999999999999	1.3	KAIMANA INDONESIA	977600	1234	977600	5285
-3.8	2.7	N'ZEREKORE GUINEA	618490	1406	618490	5286
-4.2	5	JUAN SANTAMARIA COSTA RICA	787620	1421	787620	5287
-0.199999999999989	3.6	TAGUAC WSMO, GUAM GUAM (US)	912170	1448	912170	5288
-1.5	3.9	FUGANG CHINA	590870	1598	590870	5289
-3.40000000000001	1.5	JIELA CHINA	569690	1600	569690	5290
-3.09999999999999	4.9	SYLHET BANGLADESH	418910	1602	418910	5291
-1.1	0.699999999999999	MASIRAH OMAN	412880	1609	412880	5292
-0.299999999999997	4.6	MEDINA SAUDI ARABIA	404300	1613	404300	5293
-3	4.2	SHIPU CHINA	585690	1668	585690	5294
-2.5	2.3	SHAOWU CHINA	587250	1669	587250	5295
-0.200000000000003	1.2	TONGDAO CHINA	578450	1671	578450	5296
-3.2	4.3	NEDONG CHINA	555980	1674	555980	5297
-0.900000000000006	2.7	PALI CHINA	557730	1675	557730	5298
-0.400000000000006	3.9	JIANGZE CHINA	556800	1675	556800	5299
-2	4.2	KUWAIT INTL A KUWAIT	405820	1683	405820	5300
-1.8	0.100000000000001	HUANGSHAN CHINA	584370	1741	584370	5301
-4.2	4.1	QUMACAI CHINA	560210	1745	560210	5302
-0.299999999999997	3.8	DARI CHINA	560460	1745	560460	5303
-1.40000000000001	1.8	DEGE CHINA	561440	1745	561440	5304
-2.90000000000001	3.8	QINGSHUIHE CHINA	560340	1745	560340	5305
-5	1.4	BANGE CHINA	552790	1746	552790	5306
-1.2	1.9	SUOXIAN CHINA	561060	1746	561060	5307
-2.59999999999999	4.2	TUOTUOHE CHINA	560040	1746	560040	5308
-5	4.8	DONGSHENG CHINA	535430	1814	535430	5309
-1.5	4	WUTAISHAN CHINA	535880	1814	535880	5310
-3.90000000000001	0.100000000000001	YUNCHENG CHINA	539590	1814	539590	5311
-3.40000000000001	2.4	HAO-MEN CHINA	527650	1816	527650	5312
-3.59999999999999	1	HEY-IN CHINA	528680	1816	528680	5313
-4.7	3.2	QILIAN CHINA	526570	1816	526570	5314
-2.09999999999999	1.3	MINHE CHINA	528760	1816	528760	5315
-3.59999999999999	1.4	NUO-MU-HONG CHINA	528250	1817	528250	5316
-1.59999999999999	3.8	QUILAN-TOUOLE CHINA	526330	1817	526330	5317
-4.59999999999999	2.9	DACHAIDAN CHINA	527130	1817	527130	5318
-1.90000000000001	0.200000000000003	WUDAOLIANG CHINA	529080	1818	529080	5319
-1.7	3.8	LENGHU CHINA	526020	1818	526020	5320
-2.3	2.1	MINFENG CHINA	518390	1820	518390	5321
-3.6	0.100000000000001	HAMA SYRIA	400300	1829	400300	5322
-3.2	3	HUADIAN CHINA	542730	1883	542730	5323
-1.80000000000001	1.4	CHANGBAI CHINA	543860	1883	543860	5324
-4.3	2.3	BAOGUOTU CHINA	542260	1884	542260	5325
-3.40000000000001	1.2	FENGNING CHINA	543080	1885	543080	5326
-0.0999999999999943	0.799999999999997	ZHANGJIAKOU CHINA	544010	1886	544010	5327
-2.59999999999999	0.700000000000003	LINHE CHINA	535130	1887	535130	5328
-2.80000000000001	1.3	BAOQING CHINA	508880	1954	508880	5329
-2	0.799999999999997	HULIN CHINA	509830	1954	509830	5330
-2.5	2.3	MAANIT MONGOLIA	442940	1959	442940	5331
-0.0999999999999943	0.600000000000001	KELAMAYI CHINA	512430	1964	512430	5332
-1.69999999999999	5	Giles AUSTRALIA	944610	875	944610	5333
-1	0.599999999999994	CAMP CHARCOT ANTARCTICA	896430	297	896430	5334
-3.09999999999999	1.2	DRIFTING STATION A OCEANIA	990507	2579	990507	5335
-2.5	1.90000000000001	KOMSOMOLSKAYA ANTARCTICA	895940	161	895940	5336
-4.1	3.3	NORTH POLE 7 ARCTIC	990557	2491	990557	5337
-1.1	2.3	ELLSWORTH STATION ANTARCTICA	890430	189	890430	5338
-1	0.899999999999999	RAQQA SYRIA	400390	1829	400390	5339
-4.69999999999999	2.7	HALLETT ANTARCTICA	896710	218	896710	5340
-4.8	1.6	BUNIA D.R.CONGO	640760	1326	640760	5341
-1.5	3.3	LANDVIK NORWAY	14640	2123	14640	5342
-1	1.3	RANA (R) NORWAY	11490	2266	11490	5343
-0.5	4.2	NIULAKITA ISLAND TUVALU	916480	1081	916480	5344
-1.1	1	MEKAMBO GABON	645450	1330	645450	5345
-5	2.4	TARATA BOLIVIA	852234	1057	852234	5346
-5	5	BYRD STATION ANTARCTICA	893240	132	893240	5347
-4.80000000000001	4.6	COOKTOWN_AIRPORT AUSTRALIA	952830	1015	952830	5348
-4	2.4	SOUTH_JOHNSTONE_EXP_ AUSTRALIA	952920	1015	952920	5349
-4.09999999999999	1.4	BRUNETTE_DOWNS AUSTRALIA	942420	1017	942420	5350
-4.40000000000001	1.8	FITZROY_CROSSING_AER AUSTRALIA	942060	1019	942060	5351
-2.59999999999999	0.5	TINDAL_RAAF AUSTRALIA	941310	1090	941310	5352
-2.8	0.899999999999999	KOELN-BONN_AIRPORT GERMANY	105130	2051	105130	5353
-3.19999999999999	2.2	SCOTT ANTARCTICA	896650	147	896650	5354
-2.4	4.7	S.A.N.A.E. STATION ANTARCTICA	890010	253	890010	5355
-4.5	3.5	CASEY ANTARCTICA	896110	302	896110	5356
-2	1.40000000000001	DAVIS ANTARCTICA	895710	309	895710	5357
-0.399999999999999	1	SYOWA ANTARCTICA	895320	317	895320	5358
-1.69999999999999	3.7	ST HELENS (POST OFFI AUSTRALIA	949820	655	949820	5359
-1.90000000000001	2.9	SWANSEA POST OFFICE AUSTRALIA	949810	655	949810	5360
-2.59999999999999	2.7	OATLANDS-POST-OFFICE AUSTRALIA---	949710	655	949710	5361
-4.59999999999999	2.4	MT-BURR AUSTRALIA---	948200	728	948200	5362
-4.30000000000001	1.9	CAPE NORTHUMBERLAND AUSTRALIA	948180	728	948180	5363
-3.59999999999999	2.4	CASTERTON SHOWGROUND AUSTRALIA	948250	728	948250	5364
-3.5	1.6	CAPE NELSON LIGHTHOU AUSTRALIA	948260	728	948260	5365
-0.699999999999989	3.2	BENDIGO-PRISON AUSTRALIA---	948550	728	948550	5366
-3.09999999999999	1	NEUQUEN A ARGENTINA	877150	770	877150	5367
-4.19999999999999	0.799999999999997	RENMARK AUSTRALIA	946870	800	946870	5368
-2.30000000000001	0.600000000000001	MAITLAND AUSTRALIA	946650	801	946650	5369
-2.2	1.9	MT-MAGNET AUSTRALIA---	944280	877	944280	5370
-4.5	0.600000000000001	BLACKALL TOWNSHIP AUSTRALIA	943510	943	943510	5371
-3.2	1.3	BIDYADANGA AUSTRALIA	942020	1020	942020	5372
-0.700000000000003	4.9	NAMPULA MOZAMBIQUE	672370	1037	672370	5373
-2.2	0.4	ANALALAVA MADAGASCAR	670190	1107	670190	5374
-1	0.9	WAMENA/WEST IRIAN INDONESIA	976860	1233	976860	5375
-3.8	0.0999999999999996	ALINDAO C. AFR. REP.	646620	1400	646620	5376
-2.7	1.8	XISHA CHINA	599810	1526	599810	5377
-1.90000000000001	3.7	QINGYUAN CHINA	592800	1598	592800	5378
-2.2	1.7	SHANGCHUANDAO CHINA	596730	1598	596730	5379
-1.2	4.5	LUXI CHINA	568860	1600	568860	5380
-3.09999999999999	2.6	JIANGCHENG CHINA	569770	1600	569770	5381
-2.09999999999999	4	RUILI CHINA	568380	1601	568380	5382
-2	2.8	WUYISHAN CHINA	587300	1669	587300	5383
-2.59999999999999	0.300000000000001	ZHANGPING CHINA	589260	1669	589260	5384
-4.8	4.4	SANGZHI CHINA	575540	1670	575540	5385
-4.7	4.1	DAOCHENG CHINA	563570	1672	563570	5386
-3.40000000000001	2.1	LVSI CHINA	582650	1740	582650	5387
-0.900000000000006	4.9	GANYU CHINA	580400	1741	580400	5388
-2.2	2.2	ZAOYANG CHINA	572790	1742	572790	5389
-2	3.6	RUOERGAI CHINA	560790	1744	560790	5390
-2.09999999999999	5	HEZUO CHINA	560800	1744	560800	5391
-3.90000000000001	1	DAOFU CHINA	561670	1744	561670	5392
-4.7	2.9	ZADUO CHINA	560180	1745	560180	5393
-4.1	4.9	TARTOUS SYRIA	400500	1757	400500	5394
-4.7	2.6	LONGKOU CHINA	547530	1812	547530	5395
-1.90000000000001	4.7	TANGSHAN CHINA	545340	1813	545340	5396
-3.40000000000001	3.1	BOTOU CHINA	546180	1813	546180	5397
-1.09999999999999	4.4	LETING CHINA	545390	1813	545390	5398
-2.40000000000001	1.7	ZHANGQIU CHINA	547270	1813	547270	5399
-4.40000000000001	1.2	SENXIAN CHINA	548080	1813	548080	5400
-3.90000000000001	2.5	LISHI CHINA	537640	1814	537640	5401
-2	2.1	YUSHE CHINA	537870	1814	537870	5402
-2.59999999999999	0.5	YANGCHENG CHINA	539750	1814	539750	5403
-4.3	0.600000000000001	GUINAN CHINA	529550	1816	529550	5404
-4.90000000000001	2.3	GANGCAI CHINA	527540	1816	527540	5405
-4.2	1.5	HASSAKAH SYRIA	400160	1828	400160	5406
-3.3	0.899999999999999	EDLEB SYRIA	400170	1829	400170	5407
-0.0999999999999943	2.1	QINGYUAN CHINA	542590	1884	542590	5408
-1	0.399999999999999	QINGLONG CHINA	544360	1885	544360	5409
-4.90000000000001	2.5	MANDULAQIXIANGZHAN CHINA	531490	1886	531490	5410
-0.799999999999997	4.6	NARENBAOLIGE CHINA	530830	1886	530830	5411
-0.200000000000003	0.200000000000003	BAYANNUOERGONG CHINA	524950	1888	524950	5412
-3	1.8	MAZONGSHAN CHINA	523230	1889	523230	5413
-2.3	0.600000000000001	TIEGANLIKE CHINA	517650	1891	517650	5414
-3.7	2.8	BALUNTAI CHINA	514670	1891	514670	5415
-0.799999999999997	3	BAXINBULUKE CHINA	515420	1892	515420	5416
-1.5	0.899999999999999	AHEQI CHINA	517110	1893	517110	5417
-1.3	4.2	XIAOERGOU CHINA	505480	1956	505480	5418
-3.2	3.7	XINBAERHUYOUQI CHINA	506030	1957	506030	5419
-4.90000000000001	1.7	GALUUT MONGOLIA	442840	1960	442840	5420
-4.5	0.399999999999999	BEITASHAN CHINA	512880	1962	512880	5421
-3.59999999999999	3.1	HABAHE CHINA	510530	1963	510530	5422
-3.3	0.5	TULIHE CHINA	504340	2028	504340	5423
-2.5	3	MOHE CHINA	501360	2028	501360	5424
-2.7	2.8	SHAWBURY UK	34140	2053	34140	5425
-1.5	0.799999999999997	JOKIOINEN OBSERVATOR FINLAND	29630	2192	29630	5426
-4.6	3.7	SORTLAND (R) NORWAY	11670	2265	11670	5427
-3.8	2.5	BROUGHTON CANADA	710960	2281	710960	5428
-1.8	3.5	CAPE HOOPER CANADA	710930	2282	710930	5429
-1.3	3.8	HALL BEACH CANADA	713200	2285	713200	5430
-3.40000000000001	3.8	SHEPHERD BAY CANADA	719110	2287	719110	5431
-2.19999999999999	4	SHINGLE POINT CANADA	719680	2296	719680	5432
-3.2	1.5	TAMBEY RUSSIA	208640	2326	208640	5433
-2.5	0.200000000000003	SEJAHA RUSSIA	209670	2326	209670	5434
-5	0.0999999999999943	BANAK (R) NORWAY	10590	2335	10590	5435
-4.7	0.200000000000003	CAPE PARRY CANADA	719480	2365	719480	5436
-0.200000000000003	3.9	KHATYRYK-KHOMO RUSSIA	246430	2172	246430	5437
-2	0.599999999999994	POLARGMO IM. E.T. K RUSSIA	200460	2473	200460	5438
-0.699999999999999	4.59999999999999	BASE ROI BAUDOUIN ANTARCTICA	895220	248	895220	5439
-2	4	MOYOBAMBA PERU	844350	1204	844350	5440
-3.7	0.100000000000001	EGNERFJELL NORWAY	14923	2194	14923	5441
-4.1	3.3	VENNAFJELL NORWAY	12743	2194	12743	5442
-5	2.2	KLETKOVFJELL NORWAY	11521	2265	11521	5443
-1.7	0.900000000000006	VARDEFJELL NORWAY	11122	2266	11122	5444
-5	3.6	SALON-DE-PROVENCE FRANCE	76480	1907	76480	5445
-3.3	0.700000000000003	REIMEGREND NORWAY	13440	2195	13440	5446
-1.3	2.3	CAPINOTA BOLIVIA	852231	1058	852231	5447
-3.09999999999999	1.5	VOSTOK ANTARCTICA	896060	159	896060	5448
-4.2	2.4	PUERTO MALDON PERU	846580	1130	846580	5449
-3.5	2.8	CAJAMARCA PERU	844720	1204	844720	5450
-4	2.1	TCHIBANGA GABON	645070	1258	645070	5451
-0.400000000000006	3.2	SANYA CHINA	599480	1527	599480	5452
-4.2	3.4	NAPO CHINA	592090	1599	592090	5453
-0.599999999999994	3.6	GENGMA CHINA	569460	1601	569460	5454
-3.09999999999999	3.5	DACHEN CHINA	586660	1668	586660	5455
-1.3	2	SANHUI CHINA	578320	1671	578320	5456
-4.2	2	FANGXIAN CHINA	572590	1742	572590	5457
-1	3	ZHUMADIAN CHINA	572900	1742	572900	5458
-2.59999999999999	4.5	FENGXIANG CHINA	570250	1743	570250	5459
-4	1.6	KUNZHONG CHINA	573060	1743	573060	5460
-1.8	4.7	HUNTSVILLE/MADISON-C USA---------	723230	1782	723230	5461
-1.8	1.2	XIYUAN CHINA	548360	1813	548360	5462
-4.09999999999999	3.3	MANGYA CHINA	518860	1818	518860	5463
-0.299999999999997	3.3	YIWU CHINA	521180	1890	521180	5464
-3.90000000000001	1.8	KUERLE CHINA	516560	1891	516560	5465
-3.7	0.600000000000001	ALAER CHINA	517300	1892	517300	5466
-1.5	1.4	TAILAI CHINA	508440	1956	508440	5467
-0.299999999999997	5	QUINSAM RIVER CANADA	714751	2006	714751	5468
-0.5	0.399999999999999	BLIND CHANNEL CANADA	715681	2078	715681	5469
-3.9	2.6	VIGRA NORWAY	12100	2195	12100	5470
-4	4.8	NORDREISA (R) NORWAY	10460	2264	10460	5471
-1.2	3.7	DEWAR LAKES CANADA	710920	2283	710920	5472
-0.0999999999999943	3.90000000000001	LONGSTAFF BLUFF CANADA	710910	2284	710910	5473
-4.8	3.5	PELLY BAY CANADA	719180	2286	719180	5474
-0.199999999999989	4.59999999999999	KOMAKUK BEACH CANADA	719690	2297	719690	5475
-4.2	0.100000000000001	SVETLOLOBOVO RUSSIA	296640	2106	296640	5476
-1.7	3.3	HALE-SAVOY RUSSIA	236560	2181	236560	5477
-0.700000000000003	1.7	QUINCEMIL PERU	846770	1131	846770	5478
-0.799999999999997	4.59999999999999	CLINTON POINT CANADA	710530	2293	710530	5479
-3.2	4.9	MONGOLIAN,GOVIALTAY MONGOLIA	443257	1889	443257	5480
-4.7	2.6	SAETER I KVIKNE NORWAY	12746	2194	12746	5481
-4	2.2	CENTRAL FARM BELIZE	785860	1566	785860	5482
-0.400000000000006	2.5	Shaimak TADJIKISTAN	389660	1822	389660	5483
-4.7	4.2	MELSOM NORWAY	14810	2122	14810	5484
-4.80000000000001	4.2	UST-JUDOMA RUSSIA	310540	2097	310540	5485
-4.80000000000001	3.1	MANGALORE AIRPORT AUSTRALIA	948740	727	948740	5486
-0.700000000000003	2.4	P.J. CABALLERO PARAGUAY	860970	984	860970	5487
-5	1.9	RIKITEA, GAMBIER FRENCH POLYNE	919480	999	919480	5488
-0.0999999999999996	4.5	KWILU NGONGO/EWO D.R.CONGO	644630	1186	644630	5489
-2.8	3.8	CHACHAPOYAS PERU	844440	1204	844440	5490
-4	0.199999999999999	ATUONA, MARQUESAS FRENCH POLYNE	919250	1216	919250	5491
-3.2	2.7	JIMMA ETHIOPIA	634020	1397	634020	5492
-1	4.6	CHUNAN CHINA	585430	1669	585430	5493
-4.59999999999999	3.8	NAXI CHINA	576040	1671	576040	5494
-2.5	3.4	LONGZI CHINA	556960	1674	556960	5495
-2.90000000000001	3.6	DINGRI CHINA	556640	1675	556640	5496
-3.5	1.4	BAOSHAN CHINA	583620	1740	583620	5497
-2.5	0.699999999999999	CHENGSI CHINA	584720	1740	584720	5498
-5	1.2	MACHENG CHINA	573990	1741	573990	5499
-3.40000000000001	4.7	HENAN CHINA	560650	1744	560650	5500
-0.799999999999997	4.3	ZHONGXINZHAN CHINA	560410	1745	560410	5501
-4.1	4.4	ABUKMAL SYRIA	400720	1756	400720	5502
-3.9	4.8	SAFITA SYRIA	400660	1757	400660	5503
-3.8	1.8	HAIYANG CHINA	548630	1812	548630	5504
-2	0.299999999999997	FEIXIAN CHINA	549290	1813	549290	5505
-0.400000000000006	3.4	YEH-NIU-KOU CHINA	526450	1817	526450	5506
-1.7	2.6	PISHAN CHINA	518180	1821	518180	5507
-3.90000000000001	2	EJINAQI CHINA	522670	1888	522670	5508
-2.59999999999999	1.4	GUAIZIHU CHINA	523780	1888	523780	5509
-5	4	ULGII MONGOLIA	442140	1962	442140	5510
-2.5	0.299999999999997	AIHUI CHINA	504680	2027	504680	5511
-1.4	1.7	CAPE DYER CANADA	710940	2281	710940	5512
-1.2	0.799999999999997	LUPIN CANADA	714700	2291	714700	5513
-3.09999999999999	2.3	Weipa AUSTRALIA	941700	1088	941700	5514
-2.6	4.4	OSTROV TJULENIJ RUSSIA	370890	1899	370890	5515
-3.3	3.1	ZEMO-AZHARA RUSSIA	371960	1900	371960	5516
-2.8	4.8	ANAPA RUSSIA	370010	1901	370010	5517
-4.19999999999999	3.8	ELABUGA RUSSIA	317330	1953	317330	5518
-0.699999999999989	2.1	LERMONTOVKA RUSSIA	317880	1954	317880	5519
-1.19999999999999	3.6	SMIDOVICH RUSSIA	317250	1954	317250	5520
-2.7	0.399999999999999	LAGAN RUSSIA	349840	1971	349840	5521
-3.5	2.9	BOL`SHERETSKIY RUSSIA	325620	2021	325620	5522
-0.300000000000011	4.2	ALEKSANDRA RUSSIA	313620	2025	313620	5523
-3.5	4.4	UST-KARENGA RUSSIA	305650	2029	305650	5524
-0.5	4.3	DAVSA RUSSIA	305360	2031	305360	5525
-0.599999999999994	2.5	HOMUTOVO RUSSIA	307160	2032	307160	5526
-3.7	3.7	HAKASSKAJA RUSSIA	298620	2034	298620	5527
-1.2	3.7	RUSSKAJA POLIANA RUSSIA	288950	2038	288950	5528
-2.5	3.8	TUKAN RUSSIA	288230	2041	288230	5529
-4	0.399999999999999	KALAC RUSSIA	342470	2044	342470	5530
-0.299999999999997	1.6	RYL'SK RUSSIA	331660	2046	331660	5531
-3.2	5	SOVETSK BELARUS	266140	2048	266140	5532
-3.7	4.3	ZELEZNODOROZNY RUSSIA	267060	2048	267060	5533
-0.199999999999999	4.6	BALTIJSK RUSSIA	267010	2049	267010	5534
-0.699999999999989	0.399999999999999	JANA RUSSIA	312350	2098	312350	5535
-4.40000000000001	0.399999999999999	SREDNJAJA OLEKMA RUSSIA	304840	2100	304840	5536
-0.900000000000006	2.8	MAMAKAN RUSSIA	302520	2102	302520	5537
-2.40000000000001	1.3	KAZACHINSK RUSSIA	303370	2103	303370	5538
-0.5	2.6	CERVYANKA RUSSIA	293930	2105	293930	5539
-4.59999999999999	1.1	TEBENJAKSKOE RUSSIA	285610	2111	285610	5540
-4	1.7	VERHNEE DUBROVO RUSSIA	284450	2112	284450	5541
-4.7	0.100000000000001	KUSHNARENKOVO RUSSIA	286240	2113	286240	5542
-4.1	4.4	BABAEVO RUSSIA	270080	2117	270080	5543
-0.799999999999997	1	KILEYER RUSSIA	249330	2173	249330	5544
-1.2	2.5	MIRNVY RUSSIA	247260	2174	247260	5545
-1.2	4.2	TUGONCANI RUSSIA	235890	2178	235890	5546
-4.9	4.40000000000001	IRAEL RUSSIA	235140	2185	235140	5547
-3.5	0.299999999999997	KAZIM RUSSIA	239040	2186	239040	5548
-4.4	3.5	SURA RUSSIA	226760	2187	226760	5549
-3.7	0.700000000000003	VELIKIJ USTJUG RUSSIA	229810	2187	229810	5550
-4.30000000000001	4.8	MYS BILLINGSA RUSSIA	250620	2233	250620	5551
-0.799999999999997	0.900000000000006	YANOV STAN RUSSIA	234630	2252	234630	5552
-3.2	4	ANTIPAJETA RUSSIA	230580	2253	230580	5553
-2.40000000000001	0.400000000000006	NADYM RUSSIA	234450	2254	234450	5554
-0.299999999999997	2.8	ZELEZNODOROZNY RUSSIA	232200	2256	232200	5555
-3.4	3.5	CAPE SVEDSKIJ RUSSIA	231140	2257	231140	5556
-0.399999999999999	2.09999999999999	KANEVKA RUSSIA	222490	2261	222490	5557
-4.6	2.5	KOVDOR RUSSIA	222040	2262	222040	5558
-1.6	3.90000000000001	VIRTANIEMI RUSSIA	221010	2263	221010	5559
-1	0.400000000000006	CAPE BOLVANSKIJ RUSSIA	209460	2329	209460	5560
-0.700000000000003	0.899999999999999	HIGH FALLS CANADA	713910	1996	713910	5561
-3.3	4.8	YOROO, SELENGE MONGOLIA	442437	1959	442437	5562
-4.4	4.4	JELOY NORWAY	14840	2122	14840	5563
-2.5	1.5	MONTICELLO CANADA	713101	1993	713101	5564
-4.5	4.3	PORT-SHEPSTON SOUTH AFRICA	685840	822	685840	5565
-4.8	4.2	PADDOCK SOUTH AFRICA	685741	822	685741	5566
-3.2	1.5	BATHURST SOUTH AFRICA	688423	823	688423	5567
-2.9	1.5	GREAT-FISH-POINT---V SOUTH AFRICA	688421	823	688421	5568
-5	3.5	GROOTFONTEIN-II---AG SOUTH AFRICA	686181	823	686181	5569
-2.8	0.799999999999997	CAPE-ST.-BLAIZE---VR SOUTH AFRICA	689280	824	689280	5570
-1.3	1.7	LANGGEWENS SOUTH AFRICA	688425	825	688425	5571
-2.1	2.2	CAPE-COLUMBIN SOUTH AFRICA	687120	825	687120	5572
-1.6	1	KIRSTENBOSCH SOUTH AFRICA	689381	825	689381	5573
-4.7	0.5	CEDARA SOUTH AFRICA	685800	894	685800	5574
-3.4	5	SKUKUZA SOUTH AFRICA	682960	894	682960	5575
-2.6	1.5	CAPE-ST.-LUCI SOUTH AFRICA	684960	894	684960	5576
-5	3.5	ERMELO - NOOITGEDACH SOUTH AFRICA	683881	894	683881	5577
-1.7	4.2	PRETORIA UNIV PROEFP SOUTH AFRICA	682631	895	682631	5578
-2.2	3.7	ZUURBEKOM SOUTH AFRICA	683702	895	683702	5579
-2.1	3.3	VEREENIGING---RWB SOUTH AFRICA	683501	895	683501	5580
-3.7	1	GLEN-COLLEGE---AGR SOUTH AFRICA	684381	895	684381	5581
-2.5	4.2	BUFFELSPOORT II AGR SOUTH AFRICA	688281	895	688281	5582
-3.6	4.5	MARICO SOUTH AFRICA	682721	895	682721	5583
-2.7	4.3	RUSTENBURG---AGR SOUTH AFRICA	682520	895	682520	5584
-1.9	3.6	ZWARTKOPJES---RWB SOUTH AFRICA	683701	895	683701	5585
-0.399999999999999	3	ARMOEDSVLAKTE---AGR SOUTH AFRICA	683301	896	683301	5586
-0.899999999999999	1.8	KOOPMANSFONTEIN II SOUTH AFRICA	684001	896	684001	5587
-3.1	0.800000000000001	PORT-NOLLOTH SOUTH AFRICA	684080	897	684080	5588
-0.100000000000001	2.7	MACUVILLE-(ME SOUTH AFRICA	681800	967	681800	5589
-0.399999999999999	1.8	MARA SOUTH AFRICA	681760	967	681760	5590
-1.7	0.100000000000001	WARMBATHS-(TO SOUTH AFRICA	682680	967	682680	5591
-2.7	2.4	CRUZEIRO DO S BRAZIL	827040	1203	827040	5592
-0.0999999999999996	4.1	KISSIDOUGOU GUINEA	618340	1407	618340	5593
-2.59999999999999	4.8	MENGJIN CHINA	570710	1742	570710	5594
-1.40000000000001	1	SHENZHA CHINA	554720	1747	554720	5595
-4.8	4.9	SAIDA ALGERIA	605360	1764	605360	5596
-5	0.600000000000001	XINGHAI CHINA	529430	1816	529430	5597
-1.5	1.7	XIAOZAOHUO CHINA	527070	1818	527070	5598
-4.90000000000001	3.8	ZHUOMAOHU CHINA	521120	1889	521120	5599
-2.1	3.2	VARNA BULGARIA----	155520	1903	155520	5600
-1.90000000000001	2.9	WABUSH LAKE CANADA	718250	2066	718250	5601
-4.3	3.2	GRAND RAPIDS CANADA	718580	2072	718580	5602
-2.09999999999999	0.899999999999999	ARBORG CANADA	717481	2072	717481	5603
-1.4	3.7	NELAUG (R) NORWAY	14590	2123	14590	5604
-4.09999999999999	0.899999999999999	TUMANI RUSSIA	259220	2165	259220	5605
-2.30000000000001	0.700000000000003	UEGA RUSSIA	249820	2168	249820	5606
-0.0999999999999943	4.3	DEPUTATSKIY RUSSIA	240760	2241	240760	5607
-4.4	0.6	MOENGO SURINAME	812060	1415	812060	5608
-3.69999999999999	4.8	IWO JIMA CENTRAL FLD PACIFIC OC.	911150	1592	911150	5609
-0.200000000000003	0.600000000000001	MINAS URUGUAY	865607	840	865607	5610
-2.8	4.3	SANTA CRUZ BRAZIL	833670	1055	833670	5611
-3.7	3.2	CAYES HAITI	784470	1563	784470	5612
-3	1.3	BARDAI CHAD	647200	1617	647200	5613
-1.9	4.5	PEHUAJO AP. ARGENTINA	875450	769	875450	5614
-3.40000000000001	4.8	MARALINGA AUSTRALIA	946500	802	946500	5615
-2.1	2.7	AMBRIZETE ANGOLA	661300	1186	661300	5616
-2.2	4.8	CAP-HAITIEN HAITI	784090	1563	784090	5617
-2.2	2.7	OAKLAND USA	724930	1861	724930	5618
-4.6	4.4	PTO. PTE. FRANCO PARAGUAY	862280	911	862280	5619
-0.700000000000003	1.3	ZORRITOS PERU	843710	1277	843710	5620
-3.5	2.1	FADA CHAD	647570	1544	647570	5621
-0.5	4.4	MOCA DOMINICAN REP	784610	1563	784610	5622
-1.7	4.6	DAJABOU DOMINICAN REP	784550	1563	784550	5623
-3	2.7	KARNOBAT BULGARIA	156460	1903	156460	5624
-2.40000000000001	4.7	CONSTITUCION CHILE	856400	771	856400	5625
-4.09999999999999	3.9	TAMWORTH AUSTRALIA	947620	798	947620	5626
-1.59999999999999	4.5	LEIGH CREEK AUSTRALIA	946740	801	946740	5627
-1.7	0.600000000000001	SAN JOSE URUGUAY	865500	840	865500	5628
-0.799999999999997	1.4	VALLENAR CHILE	854860	915	854860	5629
-0.299999999999997	2.9	HUANCAYO PERU	849990	1132	849990	5630
-2.90000000000001	2.9	CAMPO DE MARTE/LIMA PERU	846300	1132	846300	5631
-3	4.5	NAURU PACIFIC OC.	915300	1227	915300	5632
-4	4.1	LATACUNGA ECUADOR	840760	1276	840760	5633
-3.59999999999999	4.4	COTOPAXI ECUADOR	842980	1276	842980	5634
-5	0.6	MACARA ECUADOR	842650	1276	842650	5635
-3.59999999999999	3.3	RIOBAMBA ECUADOR	841470	1276	841470	5636
-0.900000000000006	2.7	ANCON ECUADOR	842960	1277	842960	5637
-0.400000000000006	4.4	BAHIA DE CARAQUEZ ECUADOR	840510	1277	840510	5638
-1	2.8	SALINAS ECUADOR	841110	1277	841110	5639
-0.299999999999997	1.1	SINGKAWANG INDONESIA	965330	1311	965330	5640
-1.59999999999999	4	RANAI INDONESIA	961470	1311	961470	5641
-2.6	1.7	SAO TOME PRINCIPE SAO TOME-AND	619340	1331	619340	5642
-1.1	3.8	TAFELBERG SURINAME	812500	1344	812500	5643
-1.1	2	SIPALIWINI SURINAME	812510	1344	812510	5644
-2.4	3.4	COEROENI SURINAME	812530	1344	812530	5645
-3.09999999999999	0.4	IBARRA ECUADOR	840400	1348	840400	5646
-4.40000000000001	4.4	STOELMANSEILAND SURINAME	812090	1351	812090	5647
-0.200000000000003	0.9	PARAMARIBO SURINAME	812010	1416	812010	5648
-1.90000000000001	0.5	CARACAS VENEZUALA	804990	1490	804990	5649
-0.900000000000006	4.3	SAN JOSE DOMINICAN REP	784597	1563	784597	5650
-1.2	4.4	MONCION DOMINICAN REP	784577	1563	784577	5651
-0.599999999999994	4.1	JARABACOA DOMINICAN REP	784677	1563	784677	5652
-1.7	3.1	CINCHONA GARDENS JAMAICA	783977	1564	783977	5653
-4.90000000000001	2.4	SANTA CLARA CUBA	783390	1636	783390	5654
-0.799999999999997	0.100000000000001	SANTIGO DE CUBA CUBA	783640	1636	783640	5655
-2.90000000000001	1.4	CAMAGUEY CUBA	782550	1636	782550	5656
-4.5	1.9	SANCTI SPIRITUS CUBA	783490	1636	783490	5657
-3.2	2.6	ZUNYI CHINA	577130	1671	577130	5658
-4.5	3.1	QIEMO CHINA	518550	1819	518550	5659
-2.9	4	CROTONE ITALY	163500	1833	163500	5660
-3	1.8	PANTELLERIA ITALY	164700	1834	164700	5661
-4	2	SAGRES PORTUGAL	85380	1838	85380	5662
-1.1	4.7	CORVO PORTUGAL	85030	1843	85030	5663
-1.2	1	FLORYA TURKEY	170580	1903	170580	5664
-4.3	1.5	AMENDOLA ITALY	162610	1905	162610	5665
-3.2	1.1	BARI PALESE ITALY	162700	1905	162700	5666
-4.2	0.600000000000001	POTENZA ITALY	163000	1905	163000	5667
-3.8	4.8	KAZANSKAJA RUSSIA	343440	1972	343440	5668
-1.8	1.1	PECS HUNGARY	129400	1977	129400	5669
-1.3	0.600000000000001	MILANO MALPENSA ITALY	160660	1979	160660	5670
-3.9	1.1	GENEVE/TOWN/VILLE SWITZERLAND	67050	1979	67050	5671
-3.1	1.2	GROENNEDAL GREENLAND	42610	2206	42610	5672
-4.2	1.59999999999999	ROVANIEMI FINLAND	28450	2263	28450	5673
-3.8	1.59999999999999	DUNDAS RADIO GREENLAND	42000	2426	42000	5674
-0.900000000000006	3.5	PACHACHACA PERU	846130	1132	846130	5675
-5	4.2	PUNO PERU	847450	1058	847450	5676
-2	2.9	LIMATAMBO PERU	846310	1132	846310	5677
-3.2	0.200000000000003	VALDIVIA CHILE	857670	771	857670	5678
-2.3	4.5	FORMOSA BRAZIL	833790	1054	833790	5679
-0.299999999999997	3.9	SAN RAMON PERU	846030	1132	846030	5680
-0.5	3.2	JAUJA PERU	846230	1132	846230	5681
-0.200000000000003	3.2	TUCUMAN OBSERVATORIO ARGENTINA	871160	914	871160	5682
-3.2	2.5	BELIZE / LANDIVER BELIZE	785840	1566	785840	5683
-4.9	5	DUEODDE DENMARK	61990	2049	61990	5684
-2.5	2.6	ALTO TAPAJOS BRAZIL	827410	1200	827410	5685
-1.7	2.7	TASIKMALAYA INDONESIA	968010	1167	968010	5686
-2.1	0.300000000000001	REMANSO BRAZIL	829790	1197	829790	5687
-0.299999999999997	4.1	NATAL BRAZIL	825990	1196	825990	5688
-3.8	3.1	ANCUD CHILE	858190	699	858190	5689
-0.799999999999997	0.199999999999999	ALEGRETE BRAZIL	839310	912	839310	5690
-1.9	4.3	NUEVA ASUNCION PARAGUAY	860170	985	860170	5691
-4.5	3.2	ISABEL MARIA ECUADOR	842990	1276	842990	5692
-3.40000000000001	3.6	BANOS ECUADOR	842970	1276	842970	5693
-4.59999999999999	2.8	JOGYAKARTA INDONESIA	968530	1382	968530	5694
-3.7	1.2	PORTO PORTUGAL	85450	1910	85450	5695
-4	2.3	ARGENTIA CANADA	718070	1991	718070	5696
-4.09999999999999	3.8	BYRON BAY A CANADA	719290	2290	719290	5697
-1.40000000000001	4.1	BILGAN, SOUTH GOVI MONGOLIA	443387	1888	443387	5698
-0.199999999999989	3.1	AUCKLAND, ALBERT PAR NEW ZEALAND	931140	722	931140	5699
-1.90000000000001	1.6	Dzhergetal KYRGYZSTAN	384870	1894	384870	5700
-1.90000000000001	0.3	KUALA TRENGGANU MALAYSIA	486190	1384	486190	5701
-2.3	0.300000000000001	DEBRE MARCOS ETHIOPIA	633340	1469	633340	5702
-4.90000000000001	4.6	CABRERA DOMINICAN REP	784640	1562	784640	5703
-0.0999999999999943	4.1	COTUI DOMINICAN REP	784617	1563	784617	5704
-1.40000000000001	4.5	SANTIAGO RODRIQUEZ DOMINICAN REP	784567	1563	784567	5705
-0.700000000000003	4.5	SANTIAGO DOMINICAN REP	784600	1563	784600	5706
-1.7	4.9	MONTE CRISTI DOMINICAN REP	784510	1563	784510	5707
-0.700000000000003	3.9	CONSTANZA DOMINICAN REP	784607	1563	784607	5708
-2.7	3.5	CD OBREGON, SON. MEXICO	767460	1567	767460	5709
-3.8	0.100000000000001	TAOYUAN TAIWAN	589650	1668	589650	5710
-1.7	4.7	Sarytash KYRGYZSTAN	387450	1822	387450	5711
-3.7	5	Haidarkan KYRGYZSTAN	387410	1822	387410	5712
-3.7	3.3	Lyakhsh TADJIKISTAN	387440	1822	387440	5713
-4.2	1.2	Atbashi KYRGYZSTAN	369690	1893	369690	5714
-4.2	1.8	Dolon KAZAKHSTAN	369630	1893	369630	5715
-4.3	2.2	Kochkorka KYRGYZSTAN	369190	1893	369190	5716
-1.59999999999999	2.4	Przhevalsk KYRGYZSTAN	369480	1893	369480	5717
-4.2	0.600000000000001	Chatirkul KYRGYZSTAN	369940	1893	369940	5718
-4.2	1.6	ustie r.Ters KYRGYZSTAN	384690	1894	384690	5719
-1.90000000000001	2.5	Aktash (Kyrg) KYRGYZSTAN	383570	1894	383570	5720
-1.5	0.299999999999997	Gulcha KYRGYZSTAN	386270	1894	386270	5721
-0.5	2.7	Baityk KYRGYZSTAN	383550	1894	383550	5722
-2.7	1.3	VILA REAL PORTUGAL	85660	1910	85660	5723
-2.7	3.8	PARIS/MONTSOURIS FRANCE	71560	1980	71560	5724
-3.5	4.8	HOLAND - LOKE NORWAY	14960	2122	14960	5725
-3.8	2.2	ORSTAVIK - VELLE NORWAY	12121	2195	12121	5726
-1.3	3.5	CAPE TERPAY-TUMUS RUSSIA	216110	2317	216110	5727
-3.5	2.4	ISWAHYUDI MADIUN INDONESIA	968810	1166	968810	5728
-4.8	0.5	ASTRA KSETRA INDONESIA	962730	1239	962730	5729
-3.90000000000001	4.6	IPOH (PERAK) MALAYSIA	486250	1312	486250	5730
-2.7	0.8	TULCAN EL ROSAL ECUADOR	840270	1348	840270	5731
-4.59999999999999	1.2	ALOR SETAR (KEDAH) MALAYSIA	486030	1384	486030	5732
-1.6	4.1	BAM IRAN	408540	1681	408540	5733
-3.1	3.6	TABASS IRAN	407910	1753	407910	5734
-1.6	2.4	DEZFUL IRAN	407950	1755	407950	5735
-0.799999999999997	0.299999999999997	TORBATE HEYDARIEH IRAN	407620	1825	407620	5736
-2.3	1.2	SABZEVAR IRAN	407430	1825	407430	5737
-5	1.4	SHAHROUD IRAN	407390	1825	407390	5738
-3.7	1.3	SAGHEZ IRAN	407270	1827	407270	5739
-1.3	0.200000000000003	HAMEDAN NOZHEH IRAN	407670	1827	407670	5740
-0.299999999999997	2.2	RASHT IRAN	407190	1827	407190	5741
-5	3.6	KHOY IRAN	407030	1827	407030	5742
-4.4	4.4	CABO CARVOEIRO PORTUGAL	85300	1838	85300	5743
-3.8	1.7	VIANA DO CASTELO PORTUGAL	85430	1910	85430	5744
-2.6	0.399999999999999	PENHAS DOURADAS PORTUGAL	85680	1910	85680	5745
-2.3	2.7	KILKENNY IRELAND	39600	2054	39600	5746
-2.3	3.8	SALINAS BRAZIL	834410	1053	834410	5747
-4	0.200000000000003	OMASTRAND (R) NORWAY	13300	2195	13300	5748
-3.40000000000001	1.5	UEDEY (Niznejansk) RUSSIA	218350	2313	218350	5749
-1.3	1.5	RATECE SLOVENIA	140070	1978	140070	5750
-0.100000000000001	2.1	ACARAU BRAZIL	822940	1269	822940	5751
-1.7	2.6	BERLIN-TEGEL_AIRPORT GERMANY	103820	2050	103820	5752
-3.2	4.2	NOVOLAZAREVSKAYA ANTARCTICA	895120	250	895120	5753
-2.3	4.7	LAGO ARGENTINO A ARGENTINA	879030	555	879030	5754
-0.900000000000006	2.3	PUERTO DESEADO AERO ARGENTINA	878960	626	878960	5755
-3.7	3.7	MAQUINCHAO ARGENTINA	877740	698	877740	5756
-3.09999999999999	4.4	OSORNO CANAL BAJO CHILE	857820	699	857820	5757
-2.9	5	LA PLATA A ARGENTINA	875930	768	875930	5758
-2.3	4.6	PUNTA INDIO A ARGENTINA	875960	768	875960	5759
-4.59999999999999	4.5	MALARGUE A ARGENTINA	875060	770	875060	5760
-1.40000000000001	0.100000000000001	ADELAIDE REG OFFICE AUSTRALIA	946750	801	946750	5761
-2.5	4.5	ENCRUZILHADA_DO_SUL BRAZIL	839640	839	839640	5762
-2.4	3.2	PELOTAS BRAZIL	839850	839	839850	5763
-2.1	3	RIO_GRANDE BRAZIL	839950	839	839950	5764
-3.6	0.399999999999999	EL-PALOMAR/AERO ARGENTINA	875710	840	875710	5765
-3.6	2	GUALEGUAYCHU A ARGENTINA	874970	840	874970	5766
-2.7	4.7	MONTE CASEROS A ARGENTINA	873930	840	873930	5767
-3	2.6	PAYSANDU URUGUAY	864300	840	864300	5768
-1	0.200000000000003	CARRASCO URUGUAY	865800	840	865800	5769
-0.600000000000001	4.2	SANTANA_DO_LIVRAMENT BRAZIL	839530	840	839530	5770
-1.6	3.8	RAFAELA/INTA ARGENTINA	873590	841	873590	5771
-2.2	2.3	MARCOS JUAREZ A ARGENTINA	874670	841	874670	5772
-3.4	0.899999999999999	LABOULAYE A ARGENTINA	875340	841	875340	5773
-0.799999999999997	3.3	SAUCE VIEJO A ARGENTINA	873710	841	873710	5774
-4	1.2	SAN-CARLOS ARGENTINA	874120	842	874120	5775
-3.40000000000001	1.9	SAN-MARTIN ARGENTINA	874160	842	874160	5776
-3.8	4.7	JACHAL ARGENTINA	873050	842	873050	5777
-0.400000000000006	1.3	VILLA REYNOLDS A ARGENTINA	874480	842	874480	5778
-3.40000000000001	0.399999999999999	SAN RAFAEL A ARGENTINA	875090	842	875090	5779
-4.3	1.5	URUSSANGA BRAZIL	839230	910	839230	5780
-3.6	2.4	FLORIANOPOLIS BRAZIL	838970	910	838970	5781
-4.9	1.7	SAO_JOAQUIM BRAZIL	839200	910	839200	5782
-4.7	0.600000000000001	TORRES BRAZIL	839480	910	839480	5783
-0.299999999999997	2.2	LAGES BRAZIL	838910	911	838910	5784
-1.5	1.8	LAGOA_VERMELHA BRAZIL	839160	911	839160	5785
-0.399999999999999	1.3	BOM_JESUS BRAZIL	839190	911	839190	5786
-5	1.6	SAO_LUIZ_GONZAGA BRAZIL	839070	911	839070	5787
-1.5	0.800000000000001	BENTO_GONCALVES BRAZIL	839410	911	839410	5788
-0.899999999999999	5	IVAI BRAZIL	838110	911	838110	5789
-3.7	0.300000000000001	SANTA_MARIA BRAZIL	839360	911	839360	5790
-3.2	2.8	IRAI BRAZIL	838810	911	838810	5791
-1.2	0.800000000000001	CAXIAS_DO_SUL BRAZIL	839420	911	839420	5792
-2.4	1.8	PASSO_FUNDO BRAZIL	839140	911	839140	5793
-3.6	1.4	CRUZ_ALTA BRAZIL	839120	911	839120	5794
-1.2	2.6	CAMPOS_NOVOS BRAZIL	838870	911	838870	5795
-2.6	2.2	GENERAL-PAZ ARGENTINA	871710	912	871710	5796
-4.7	0.800000000000001	RECONQUISTA A ARGENTINA	872700	912	872700	5797
-2.1	0.199999999999999	URUGUAIANA BRAZIL	839270	912	839270	5798
-2.59999999999999	1.9	TINOGASTA ARGENTINA	872110	914	872110	5799
-1.9	3.8	ITAPERUNA BRAZIL	836950	981	836950	5800
-2.9	4.2	VICOSA BRAZIL	836420	981	836420	5801
-5	3.2	LAVRAS BRAZIL	836870	981	836870	5802
-5	2.6	PASSA_QUATRO BRAZIL	837370	981	837370	5803
-4.4	2.5	RESENDE BRAZIL	837380	981	837380	5804
-2.6	3.1	CARMO BRAZIL	838070	981	838070	5805
-0.299999999999997	4.7	VITORIA BRAZIL	836480	981	836480	5806
-5	5	BAMBUI BRAZIL	835820	981	835820	5807
-2	3	SANTA_MARIA_MADALENA BRAZIL	836960	981	836960	5808
-5	2.9	SAO_LOURENCO BRAZIL	837360	981	837360	5809
-2.2	3.5	SANTO_ANTONIO_DE_PAD BRAZIL	838050	981	838050	5810
-4.1	5	IBIRITE BRAZIL	836320	981	836320	5811
-1.3	3.3	CAMPOS BRAZIL	836980	981	836980	5812
-1.4	3.1	CALDAS_PDE_CALDAS BRAZIL	836810	982	836810	5813
-2.1	4.1	SAO_S_DO_PARAISO BRAZIL	836310	982	836310	5814
-3.9	5	FRUTAL BRAZIL	835740	982	835740	5815
-0.600000000000001	2.2	CAMPOS_DO_JORDAO BRAZIL	837140	982	837140	5816
-2.9	3	SAO_CARLOS BRAZIL	837260	982	837260	5817
-2.4	1.5	SOROCABA BRAZIL	838510	982	838510	5818
-0.899999999999999	3.3	MACHADO BRAZIL	836830	982	836830	5819
-2.4	4.4	FRANCA BRAZIL	836300	982	836300	5820
-0.600000000000001	2	TAUBATE BRAZIL	837840	982	837840	5821
-5	0.199999999999999	CASTRO BRAZIL	838130	982	838130	5822
-2.6	3.5	SAO_SIMAO BRAZIL	836690	982	836690	5823
-3.9	3.9	CATANDUVA BRAZIL	836760	982	836760	5824
-1.4	2.9	PRESIDENTE_PRUDENTE BRAZIL	837160	983	837160	5825
-1.7	4.2	TRES LAGOAS BRAZIL	836180	983	836180	5826
-1.9	1.6	MARINGA BRAZIL	837670	983	837670	5827
-2.4	0.899999999999999	CAMPO_MOURAO BRAZIL	837830	983	837830	5828
-1.2	1.6	LONDRINA BRAZIL	837660	983	837660	5829
-2.3	1.6	CONCEPCION PARAGUAY	861340	984	861340	5830
-4.3	1.8	ORAN A ARGENTINA	870160	985	870160	5831
-3.1	0.199999999999999	JOAO_MONLEVADE BRAZIL	835910	1053	835910	5832
-4.9	2.6	PIRAPORA BRAZIL	834830	1053	834830	5833
-4.3	0.5	SETE_LAGOAS BRAZIL	835860	1053	835860	5834
-3.4	1	CDO_MATO_DENTRO BRAZIL	835890	1053	835890	5835
-4.4	0.100000000000001	FLORESTAL BRAZIL	835810	1053	835810	5836
-3.6	1.8	DIAMANTINA BRAZIL	835380	1053	835380	5837
-4	4.5	JANUARIA BRAZIL	833860	1053	833860	5838
-4.5	1.2	CURVELO BRAZIL	835360	1053	835360	5839
-2.1	0.300000000000001	CARATINGA BRAZIL	835920	1053	835920	5840
-1.4	1.5	PATOS_DE_MINAS BRAZIL	835310	1054	835310	5841
-4.3	3.3	GOIANIA BRAZIL	834230	1054	834230	5842
-1.2	2.3	JOAO_PINHEIRO BRAZIL	834810	1054	834810	5843
-3	1.8	CATALAO BRAZIL	835260	1054	835260	5844
-3	0.300000000000001	UBERABA BRAZIL	835770	1054	835770	5845
-0.100000000000001	4.1	GOIAS BRAZIL	833740	1055	833740	5846
-0.200000000000003	4.5	JULIACA PERU	847350	1059	847350	5847
-1.6	0.6	BROKEN-KABWE ZAMBIA	676630	1111	676630	5848
-3.5	3.9	CIPO BRAZIL	831920	1124	831920	5849
-4.1	2.3	CRUZ_DAS_ALMAS BRAZIL	832220	1124	832220	5850
-4	2.8	FEIRA_DE_SANTANA BRAZIL	832210	1124	832210	5851
-4	3.4	SERRINHA BRAZIL	831900	1124	831900	5852
-3.4	2.9	ALAGOINHAS BRAZIL	832490	1124	832490	5853
-4.3	4.6	MONTE_SANTO BRAZIL	830900	1124	830900	5854
-1.2	3.8	MORRO_DO_CHAPEU BRAZIL	831840	1125	831840	5855
-4.5	4	STARDE_CASSIAIBIPETU BRAZIL	830760	1125	830760	5856
-0.299999999999997	2.5	ITABERABA BRAZIL	832440	1125	832440	5857
-0.5	3.8	JACOBINA BRAZIL	831860	1125	831860	5858
-1.4	2.4	LENCOIS BRAZIL	832420	1125	832420	5859
-5	2.8	BARREIRAS BRAZIL	832360	1125	832360	5860
-0.100000000000001	1.6	ITIRUCUJAGUAQUARA BRAZIL	832950	1125	832950	5861
-1.4	2.6	TAGUATINGA BRAZIL	832350	1126	832350	5862
-1.5	0.6	DIAMANTINO BRAZIL	833090	1128	833090	5863
-0.699999999999989	0.699999999999999	PAGO PAGO INTL A SAMOA	917650	1151	917650	5864
-4.8	1.2	DENPASAR/NGURAH-RAI INDONESIA	972300	1165	972300	5865
-3.90000000000001	1.5	AMPENAN/SELAPARANG INDONESIA	972400	1165	972400	5866
-1	2.9	KALIANGET INDONESIA	969730	1166	969730	5867
-4.59999999999999	3	SEMARANG INDONESIA	968390	1166	968390	5868
-3.90000000000001	3.9	SERANG INDONESIA	967370	1167	967370	5869
-0.799999999999997	3.1	TEGAL INDONESIA	967970	1167	967970	5870
-3.3	3.8	CURUG INDONESIA	967390	1167	967390	5871
-4.8	4.7	BERANTI INDONESIA	962950	1167	962950	5872
-1	2.3	CILACAP INDONESIA	968050	1167	968050	5873
-4.9	2.9	JOAO_PESSOA BRAZIL	827980	1195	827980	5874
-4.3	3.6	IGUATU BRAZIL	826860	1196	826860	5875
-0.200000000000003	4.1	NATAL BRAZIL	825980	1196	825980	5876
-0.700000000000003	0.300000000000001	MACEIO BRAZIL	829940	1196	829940	5877
-0.700000000000003	2.2	SURUBIM BRAZIL	827970	1196	827970	5878
-3.2	3.2	SAO_GONCALO BRAZIL	826890	1196	826890	5879
-4.3	1.5	CABROBO BRAZIL	828860	1196	828860	5880
-3.1	2.2	TRIUNFO BRAZIL	827890	1196	827890	5881
-1.8	1.6	PESQUEIRA BRAZIL	828920	1196	828920	5882
-1.7	0.6	PALMEIRA_DOS_INDIOS BRAZIL	829920	1196	829920	5883
-0.399999999999999	0.800000000000001	PORTO_DE_PEDRAS BRAZIL	829960	1196	829960	5884
-1.6	4.8	MACAU BRAZIL	825940	1196	825940	5885
-2.8	4.9	TERESINA BRAZIL	825780	1197	825780	5886
-4.3	1.7	CONCEICAO ARAGUAIA BRAZIL	828610	1198	828610	5887
-2.5	4.5	IMPERATRIZ BRAZIL	825640	1198	825640	5888
-0.299999999999997	4.5	BARRA DO CORDA BRAZIL	825710	1198	825710	5889
-3.9	1.2	PORTO VELHO BRAZIL	828250	1201	828250	5890
-2.59999999999999	2.9	MOMOTE PAPUA NEW GUI	920440	1231	920440	5891
-3.90000000000001	2.8	PANGKALPINANG INDONESIA	962370	1239	962370	5892
-0.299999999999997	2.1	PALEMBANG/TALANGBETU INDONESIA	962210	1240	962210	5893
-2.7	1.5	BENGKULU INDONESIA	962530	1240	962530	5894
-4.7	0.7	KINSHASA/BINZA D.R.CONGO	642200	1257	642200	5895
-1.7	3.5	MOANDA GABON	645650	1258	645650	5896
-4	0.7	GUARAMIRANGA BRAZIL	824870	1268	824870	5897
-3.4	0.0999999999999996	CAXIAS BRAZIL	824760	1269	824760	5898
-4.2	2.5	SAO_LUIS BRAZIL	822800	1269	822800	5899
-0.299999999999997	1.3	SOBRAL BRAZIL	823920	1269	823920	5900
-3.5	4.3	SOURE BRAZIL	821410	1270	821410	5901
-1.7	2.4	PARINTINS BRAZIL	822400	1272	822400	5902
-3.1	0.9	COARI BRAZIL	824250	1273	824250	5903
-2.9	4	BARCELOS BRAZIL	821130	1273	821130	5904
-5	0.6	BENJAMIN CONSTANT BRAZIL	824100	1274	824100	5905
-1.2	2.5	FONTE_BOA BRAZIL	822120	1274	822120	5906
-4.5	3.9	PICHILINGUE ECUADOR	841400	1276	841400	5907
-3.90000000000001	2.4	CANAR ECUADOR	842260	1276	842260	5908
-0.5	4	PORTOVIEJO ECUADOR	841350	1277	841350	5909
-2.40000000000001	3.3	TARAKAN INDONESIA	965090	1309	965090	5910
-4.7	1.5	KUCHING MALAYSIA	964130	1310	964130	5911
-4.3	4.2	SITIAWAN MALAYSIA	486200	1312	486200	5912
-1.2	2.5	MERSING MALAYSIA	486740	1312	486740	5913
-1.8	3.8	KUANTAN MALAYSIA	486570	1312	486570	5914
-1.3	1.6	JAMBI INDONESIA	961950	1312	961950	5915
-3.5	0.5	PAKANBARU/SIMPANGTIG INDONESIA	961090	1312	961090	5916
-1.09999999999999	1.6	SIBOLGA/PINAN INDONESIA	960730	1313	960730	5917
-1.8	3.9	SAINT GEORGES OYAPOC FRENCH GUIANA	814080	1343	814080	5918
-4	3.6	MARIPASOULA FRENCH GUIANA	814150	1343	814150	5919
-0.700000000000003	2.8	BOA VISTA BRAZIL	820240	1345	820240	5920
-4.2	0.6	IAUARETE BRAZIL	820670	1346	820670	5921
-3.90000000000001	0.9	KOTA KINABALU MALAYSIA	964710	1381	964710	5922
-0.0999999999999943	4	MANNAR SRI LANKA	434130	1389	434130	5923
-3.5	1.6	TABLIGBO TOGO	653800	1404	653800	5924
-2.8	3.1	BONDOUKOU COTE D'IVOIRE	655450	1405	655450	5925
-0.4	1.3	ROBERTS FIELD LIBERIA	656600	1407	656600	5926
-4	0.5	SAINT LAURENT MARONI FRENCH GUIANA	814010	1415	814010	5927
-2.5	0.6	PUERTO AYACUCHO VENEZUELA	804570	1418	804570	5928
-4.8	5	PUNTARENAS COSTA RICA	787600	1421	787600	5929
-3.09999999999999	5	LIMON COSTA RICA	787670	1421	787670	5930
-3	2.3	BOKORO CHAD	647080	1473	647080	5931
-2.4	3.6	OUAHIGOUYA BURKINA FASO	655020	1477	655020	5932
-1.2	1.8	LA ORCHILA VENEZUELA	804050	1490	804050	5933
-1.7	2.6	SAN ANDRES/SESQUICEN COLOMBIA	800010	1493	800010	5934
-4.2	0.0999999999999996	PAKSE LAO P.D.R.	489550	1527	489550	5935
-1.2	0.5	PANJIM/GOA INDIA	431920	1534	431920	5936
-4.5	4.2	DONGOLA SUDAN	626500	1542	626500	5937
-4.6	1.7	AIOUN EL ATROUSS MAURITANIA	614990	1550	614990	5938
-1.4	1.6	KIFFA MAURITANIA	614980	1551	614980	5939
-4.7	3.4	LAS AMERICAS DOMINICAN REP	784850	1562	784850	5940
-3.8	0.199999999999999	PUERTO LEMPIRA HONDURAS	787110	1565	787110	5941
-1.90000000000001	0.5	GORONTALO INDONESIA	970480	1596	970480	5942
-4.5	1.5	TAIF SAUDI ARABIA	410360	1612	410360	5943
-2.59999999999999	0.399999999999999	MYITKYINA MYANMAR	480080	1673	480080	5944
-4.1	4.5	ZAHEDAN IRAN	408560	1680	408560	5945
-3.6	2.2	BANDAR ABASS IRAN	408750	1681	408750	5946
-3.3	2.4	HAIL SAUDI ARABIA	403940	1684	403940	5947
-3.4	4	GIALO LIBYA	621610	1688	621610	5948
-3.40000000000001	3.2	SOGWIPO KOREA, SOUTH	471890	1739	471890	5949
-4.7	2.3	SEDA CHINA	561520	1744	561520	5950
-4.90000000000001	2.5	SHIQUANHE CHINA	552280	1748	552280	5951
-0.799999999999997	4.6	KABUL A AFGHANISTAN	409480	1751	409480	5952
-2.8	4.1	HERAT AFGHANISTAN	409380	1752	409380	5953
-0.799999999999997	2.9	BIRJAND IRAN	408090	1753	408090	5954
-0.700000000000003	1.9	YAZD IRAN	408210	1754	408210	5955
-4.1	2.3	SHAHRE KORD IRAN	407980	1754	407980	5956
-1.3	1.3	AHWAZ IRAN	408110	1755	408110	5957
-0.200000000000003	4.1	ARAK IRAN	407690	1755	407690	5958
-1.6	3.5	KHORRAMABAD IRAN	407820	1755	407820	5959
-2.9	4.3	KERMANSHAH IRAN	407660	1755	407660	5960
-1.8	2.5	H-4 'IRWAISHED' JORDAN	402500	1757	402500	5961
-4.2	0.199999999999999	MA'AN JORDAN	403100	1757	403100	5962
-1.1	2	TOBRUQ LIBYA	620620	1760	620620	5963
-3.2	0.100000000000001	LAKE-CHARLES/ USA---------	722400	1783	722400	5964
-2	2.9	DALLAS/FORT WORTH, T USA	722590	1784	722590	5965
-1	0.100000000000001	PUSAN KOREA, SOUTH	471590	1811	471590	5966
-4.3	2.9	CHANGDAO CHINA	547510	1812	547510	5967
-2.8	1.7	MAZAR-I-SHARIF AFGHANISTAN	409110	1823	409110	5968
-0.5	4.8	Isfana KYRGYZSTAN	387220	1823	387220	5969
-5	1.3	GHAZVIN IRAN	407310	1826	407310	5970
-2.3	1.7	BABOLSAR IRAN	407360	1826	407360	5971
-0.700000000000003	1.9	GORGAN IRAN	407380	1826	407380	5972
-4.3	1.9	RAMSAR IRAN	407320	1826	407320	5973
-3	0.299999999999997	SANANDAJ IRAN	407470	1827	407470	5974
-3.7	3.1	TABRIZ IRAN	407060	1827	407060	5975
-1.5	1.7	ZANJAN IRAN	407290	1827	407290	5976
-4.9	2.5	OROOMIEH IRAN	407120	1827	407120	5977
-0.5	2.5	BANDAR ANZALI IRAN	407180	1827	407180	5978
-4.7	5	CAPO PALINURO ITALY	163100	1833	163100	5979
-1.7	4.8	SANTA MARIA DI LEUCA ITALY	163600	1833	163600	5980
-4.4	3.2	MESSINA ITALY	164200	1833	164200	5981
-1.8	3.7	USTICA ITALY	164000	1834	164000	5982
-2.5	2.9	TRAPANI/BIRGI ITALY	164290	1834	164290	5983
-0.699999999999999	2.6	ENNA ITALY	164500	1834	164500	5984
-3	2	FARO/AEROPORTO PORTUGAL	85540	1838	85540	5985
-2.9	3.6	EVORA PORTUGAL	85570	1838	85570	5986
-2.4	4.3	PORTALEGRE PORTUGAL	85710	1838	85710	5987
-2.9	3	BEJA PORTUGAL	85620	1838	85620	5988
-0.199999999999999	2	SANTA MARIA A ACORES	85150	1842	85150	5989
-3.8	2.5	Rybach'e KAZAKHSTAN	369270	1893	369270	5990
-1	2.2	Susamyr KYRGYZSTAN	383580	1894	383580	5991
-1.8	3.8	LOM BULGARIA	155110	1904	155110	5992
-2	0.5	THESSALONIKI SEDES GREECE	166220	1904	166220	5993
-2	0.700000000000003	BRINDISI ITALY	163200	1905	163200	5994
-0.800000000000001	2.4	PESCARA ITALY	162300	1906	162300	5995
-4.6	3.7	PISA/SAN GIUSTO ITALY	161580	1906	161580	5996
-3.9	2.7	GROSSETO ITALY	162060	1906	162060	5997
-2	0.899999999999999	PONZA ITALY	162800	1906	162800	5998
-2.4	4	RIMINI ITALY	161490	1906	161490	5999
-1.7	0.600000000000001	ALGHERO ITALY	165200	1907	165200	6000
-1.7	1.8	BRAGANCA PORTUGAL	85750	1910	85750	6001
-0.0999999999999943	1.3	NANTUCKET USA	725060	1923	725060	6002
-3.40000000000001	4	TATAAL, HENTIY MONGOLIA	442540	1958	442540	6003
-1.7	1.7	BARUUN-URT MONGOLIA	443050	1958	443050	6004
-2.3	4.4	KHUTAG MONGOLIA	442320	1960	442320	6005
-3.59999999999999	4.7	BARUUNTURUUN MONGOLIA	442130	1962	442130	6006
-4.9	1.3	SZEGED-REPULOTER 2. HUNGARY	129820	1976	129820	6007
-1.1	1.4	KREDARICA SLOVENIA	140080	1978	140080	6008
-3.8	0.899999999999999	LIMOGES/BELLEGARDE FRANCE	74340	1980	74340	6009
-1.2	1.8	ST. PIERRE CANADA	718050	1992	718050	6010
-2.8	3.4	EMDEN GERMANY	102000	2051	102000	6011
-0.2	1.2	LONDON/GATWICK UK	37760	2053	37760	6012
-1.8	0.799999999999997	BOURNEMOUTH/HURN UK	38620	2053	38620	6013
-3.4	1.4	CARDIFF/RHOOSE UK	37150	2053	37150	6014
-1.4	3.3	CASEMENT AP. IRELAND	39670	2054	39670	6015
-5	4.2	BELMULLET IRELAND	39760	2054	39760	6016
-1.3	2.3	ROSSLARE IRELAND	39570	2054	39570	6017
-0.0999999999999996	2.1	ALBORG DENMARK	60300	2123	60300	6018
-0.699999999999989	3	BERINGOVSKAJA RUSSIA	256770	2161	256770	6019
-1.3	0.700000000000003	MALUNG SWEDEN	24100	2194	24100	6020
-4.7	4.5	CAPE BELY RUSSIA	230240	2256	230240	6021
-4.8	3.6	KRASNAYA POLYANA RUSSIA	371070	1900	371070	6022
-1.30000000000001	4	SOLEKUL RUSSIA	316770	1953	316770	6023
-0.599999999999994	4.4	ASTASIHA RUSSIA	315860	1955	315860	6024
-3.2	4.1	EL`TON RUSSIA	344760	1971	344760	6025
-1.80000000000001	3.2	KORVAKI RUSSIA	325470	2021	325470	6026
-3.40000000000001	0.799999999999997	CAPE LOPATKA RUSSIA	322130	2021	322130	6027
-1.80000000000001	0.899999999999999	NIZNETAMBOVSKOE RUSSIA	315620	2025	315620	6028
-4.5	3.1	BAJANDAJ RUSSIA	306270	2031	306270	6029
-2.5	1.7	TUNKA RUSSIA	308110	2032	308110	6030
-2	4.2	OSSORA-IN-KAMCHAT RUSSIA	322460	2092	322460	6031
-1	0.100000000000001	DOLINOVKA RUSSIA	324470	2093	324470	6032
-2.7	0.200000000000003	MAKUSINO RUSSIA	286660	2111	286660	6033
-2.1	1.7	JOSKAR-OLA RUSSIA	274850	2115	274850	6034
-4.9	4.3	BELOGORKA RUSSIA	260690	2118	260690	6035
-2.2	3.7	GDOV RUSSIA	261570	2119	261570	6036
-1.1	2	PUSKINSKIE GORY RUSSIA	263590	2119	263590	6037
-4.69999999999999	2	HATYRKA RUSSIA	257670	2161	257670	6038
-0.400000000000006	2.8	KREST-KHALDZHAY RUSSIA	247630	2170	247630	6039
-1.59999999999999	2.8	NAKANNO RUSSIA	247130	2175	247130	6040
-1.6	3.2	PADANY RUSSIA	226190	2190	226190	6041
-2.2	2.59999999999999	NOVY PORT RUSSIA	232420	2254	232420	6042
-0.799999999999997	0.799999999999997	MEZEN RUSSIA	224710	2260	224710	6043
-4.09999999999999	1.3	EGVEKINOT RUSSIA	253780	2304	253780	6044
-0.800000000000011	2.8	MYS VANKAREM RUSSIA	252820	2304	252820	6045
-3.80000000000001	0.700000000000003	JUBILEJNAJA RUSSIA	219310	2313	219310	6046
-2.5	2.6	SUNDSVALLS FLYGPLATS SWEDEN	23660	2193	23660	6047
-1.9	2.8	HARNOSAND SWEDEN	23820	2193	23820	6048
-1.5	1.8	COOLANGATTA AUSTRALIA	945910	870	945910	6049
-4.40000000000001	1	LA TOMA ECUADOR	842350	1276	842350	6050
-1.8	2.1	COOLIDGE FLD ANTIGUA	788620	1561	788620	6051
-3.2	1.3	SINJAR IRAQ	406040	1828	406040	6052
-5	5	TENIENTE B./MATIENZO ANTARCTICA	889700	336	889700	6053
-0.799999999999997	2.2	MONGOLIAN STATION MONGOLIA	442947	1960	442947	6054
-3.59999999999999	4.7	BAYAN UUL, DZAVHAN MONGOLIA	442217	1961	442217	6055
-4.90000000000001	4.1	DUNEDIN A NEW ZEALAND	938900	578	938900	6056
-2.69999999999999	1.7	MUNDA SOLOMON ISLAN	915030	1157	915030	6057
-5	2	GOBA ETHIOPIA	634740	1396	634740	6058
-4.2	1.6	Angren  (Kyrg) UZBEKISTAN	384660	1894	384660	6059
-0.0999999999999943	0.799999999999997	Arpa KYRGYZSTAN	386230	1894	386230	6060
-3.5	1	ZABOL IRAN	408290	1752	408290	6061
-1.4	0.899999999999999	BILJE SLOVENIA	141060	1978	141060	6062
-1.80000000000001	3	WARMUN AUSTRALIA	942130	1019	942130	6063
-3.5	1	GROOTE_EYLANDT_AIRPO AUSTRALIA	941530	1089	941530	6064
-4.90000000000001	4.2	SMITHTON AERODROME AUSTRALIA	949520	655	949520	6065
-2	4.9	FLINDERS ISLAND AIRP AUSTRALIA	949800	655	949800	6066
-1.90000000000001	3.8	KHANCOBAN AWS AUSTRALIA	959070	727	959070	6067
-4.09999999999999	1.1	LIVERPOOL(WHITLAM CE AUSTRALIA	957500	798	957500	6068
-0.199999999999989	4.7	NARRABRI WEST POST O AUSTRALIA	947340	799	947340	6069
-1.19999999999999	0.5	TURRETFIELD-RES.-CEN AUSTRALIA---	959955	801	959955	6070
-2.30000000000001	2.5	PORT AUGUSTA AERO AUSTRALIA	946660	801	946660	6071
-0.0999999999999943	1.3	ELLISTON AUSTRALIA	946560	802	946560	6072
-4.90000000000001	1.4	RAVENSTHORPE AUSTRALIA	946360	804	946360	6073
-3.90000000000001	0.100000000000001	MONTO-POST-OFFICE AUSTRALIA---	943770	942	943770	6074
-4.8	4.3	OLIVEIRA BRAZIL	836370	981	836370	6075
-2.9	2.1	ITAMARANDIBA BRAZIL	834880	1053	834880	6076
-3.69999999999999	2	SAUMLAKI INDONESIA	979000	1162	979000	6077
-2.1	2.1	MONTEIRO BRAZIL	827920	1196	827920	6078
-1.6	3.6	CRUZETA BRAZIL	826930	1196	826930	6079
-3.2	0.6	PAULO_AFONSO BRAZIL	829860	1196	829860	6080
-3.4	4.9	MORADA_NOVA BRAZIL	825880	1196	825880	6081
-0.700000000000003	4.8	CRATEUS BRAZIL	825830	1197	825830	6082
-0.399999999999999	3	CAMPOS_SALES BRAZIL	827770	1197	827770	6083
-0.799999999999997	0.0999999999999996	HUANUCO PERU	845640	1204	845640	6084
-2.59999999999999	0.9	KENDARI INDONESIA	971460	1236	971460	6085
-3.2	2.3	SIBU MALAYSIA	964210	1310	964210	6086
-2.7	0.5	RENGAT/JAPURA INDONESIA	961710	1312	961710	6087
-0.600000000000001	1.8	ED-DAMAZINE SUDAN	628050	1470	628050	6088
-3.4	0.300000000000001	DOHA INTL A QATAR	411700	1682	411700	6089
-3.90000000000001	0.5	DANGXIONG CHINA	554930	1746	554930	6090
-0.200000000000003	2	BET DAGAN ISRAEL	401790	1758	401790	6091
-3.40000000000001	2.3	LINGXIAN CHINA	547150	1813	547150	6092
-0.5	2.6	ULUKISLA TURKEY	172500	1830	172500	6093
-4.7	4.4	TSOGT-OVOO MONGOLIA	443470	1887	443470	6094
-1.8	1.9	Tien-Shan KYRGYZSTAN	369820	1893	369820	6095
-1.40000000000001	2.6	MONGOLIAN STATION, MONGOLIA	443130	1957	443130	6096
-2.90000000000001	2.8	BAYAN-OVOO MONGOLIA	443020	1958	443020	6097
-0.799999999999997	0.100000000000001	MERRITT CANADA	715570	2077	715570	6098
-3.40000000000001	0.799999999999997	BUFFALO NARROWS CANADA	710770	2146	710770	6099
-1.59999999999999	4.1	Cabramurra AUSTRALIA	959160	727	959160	6100
-2	4	BALAGANSK RUSSIA	306120	2032	306120	6101
-3.6	2.6	TORPSHAMMAR_A SWEDEN	23430	2193	23430	6102
-0.100000000000001	2.7	BOTEV VRAH TOP BULGARIA	156270	1904	156270	6103
-1.4	2.2	MUSSALAH TOP BULGARIA	156150	1904	156150	6104
-2.6	4.1	KITONA D.R.CONGO	642030	1186	642030	6105
-0.899999999999999	2.7	ABU NAAMA SUDAN	627957	1470	627957	6106
-2.7	2	NUKHAIB IRAQ	406580	1756	406580	6107
-0.700000000000003	2	NAJAF IRAQ	406700	1756	406700	6108
-2.3	3.1	ASSAB ERITREA	630430	1468	630430	6109
-4.09999999999999	3.9	Lyairun TADJIKISTAN	388540	1822	388540	6110
-1.3	3.6	Haramkul TADJIKISTAN	387140	1823	387140	6111
-4.4	0.300000000000001	CHAHBAHAR IRAN	408980	1680	408980	6112
-3.90000000000001	2	PASWEGIN CANADA	718652	2073	718652	6113
-2.7	1.7	BJORKEHAUG I JOSTED NORWAY	13350	2195	13350	6114
-3.8	3.8	BORKENES NORWAY	10101	2265	10101	6115
-3.6	3.1	Wien-Unterlaa AUSTRIA	110400	1977	110400	6116
-4.1	2.3	MOLODEZNAYA ANTARCTICA	895420	315	895420	6117
-2.9	1.7	BERNADO O'HIGGINS ANTARCTICA	890590	408	890590	6118
-1.3	4.6	CHAMICAL A ARGENTINA	873200	842	873200	6119
-3.7	2.1	SANTA_CRUZ BRAZIL	837890	981	837890	6120
-2.9	4.2	BRASILIA BRAZIL	833770	1054	833770	6121
-2.8	3.9	ITABAIANINHA BRAZIL	831950	1124	831950	6122
-1.8	4.8	PROPRIA BRAZIL	830970	1124	830970	6123
-1.6	4.2	MATADI D.R.CONGO	642070	1186	642070	6124
-1.5	1.1	GARANHUNS BRAZIL	828930	1196	828930	6125
-1.8	3.9	FLORANIA BRAZIL	826910	1196	826910	6126
-0.899999999999999	2.8	CAMPINA_GRANDE BRAZIL	827950	1196	827950	6127
-2.4	1.5	MAKABANA CONGO	644030	1258	644030	6128
-2.2	3.3	PORTO_DE_MOZ BRAZIL	821840	1271	821840	6129
-2.4	1.9	GEZAN SAUDI ARABIA	411400	1540	411400	6130
-0.4	3.1	IN AMENAS ALGERIA	606110	1691	606110	6131
-4.09999999999999	1.5	KANDAHAR A AFGHANISTAN	409900	1751	409900	6132
-4.6	1	SEDOM ISRAEL	401980	1757	401980	6133
-4.7	2	QUARGLA ALGERIA	605800	1763	605800	6134
-4.5	0.100000000000001	DINGTAO CHINA	549090	1813	549090	6135
-4.3	1.1	BAYANHONGOR MONGOLIA	442870	1960	442870	6136
-3	4.6	TARIALAN MONGOLIA	442300	1960	442300	6137
-3.40000000000001	1.1	BULGAN, HOVD MONGOLIA	442640	1962	442640	6138
-3.3	4.1	KHAR-US (OMNI-GOBI) MONGOLIA	442150	1962	442150	6139
-4.8	0.399999999999999	KHATGAL MONGOLIA	442070	2032	442070	6140
-1.8	4.8	MOSSTRAND (R) NORWAY	14500	2123	14500	6141
-5	0.899999999999999	TORPA (R) NORWAY	13740	2194	13740	6142
-4.5	4.40000000000001	BUHOLMRASA (R) NORWAY	12590	2194	12590	6143
-1.5	4.59999999999999	SUOLOVUOPMI (R) NORWAY	10580	2264	10580	6144
-4.59999999999999	0.299999999999997	MUGUR-AKSY RUSSIA	362780	2034	362780	6145
-2.8	3.7	PLAVSK RUSSIA	278140	2045	278140	6146
-0.900000000000006	4.5	YAMSK-IN-MAGADAN RUSSIA	259160	2094	259160	6147
-3.59999999999999	4.5	CAMERON HIGHLANDS MALYASIA	486310	1312	486310	6148
-3.3	4.3	PETERBOROUGH CANADA	714360	1924	714360	6149
-1.30000000000001	1.7	AKA-AKA WALLIS IS.	917531	1152	917531	6150
-2.2	3.3	CHOLUTECA HONDURAS	787240	1494	787240	6151
-0.699999999999999	4	OVERBYGD NORWAY	10320	2265	10320	6152
-4.3	2.2	IRANSHAHR IRAN	408790	1680	408790	6153
-2.2	3.7	TENNEVOLL NORWAY	11960	2265	11960	6154
-4.2	1.9	AYACUCHO PERU	846730	1131	846730	6155
-1.9	4.1	BOMA D.R.CONGO	642040	1186	642040	6156
-0.399999999999999	4	TAUA BRAZIL	826830	1197	826830	6157
-3.5	0.800000000000001	CHIMBOTE PERU	845310	1204	845310	6158
-1.90000000000001	0.5	CARACAS/LA CARLOTA VENEZUELA	804160	1490	804160	6159
-3.4	3.4	TABOUK SAUDI ARABIA	403750	1685	403750	6160
-1.2	4.4	GAFSA TUNISIA	607450	1763	607450	6161
-4.9	0.700000000000003	KAIROUAN TUNISIA	607350	1834	607350	6162
-1.2	1.5	JENDOUBA TUNISIA	607250	1835	607250	6163
-4.9	1.7	BEJAIA ALGERIA	604020	1835	604020	6164
-3.59999999999999	3.5	ERDENEMANDAL MONGOLIA	442370	1960	442370	6165
-1.7	3.7	TOSONTSENGEL MONGOLIA	442250	1961	442250	6166
-3.8	1.1	RED LAKE CANADA	718540	2071	718540	6167
-0.100000000000001	4.7	KIRKENES LUFTHAVN NORWAY	10890	2263	10890	6168
-0.5	1.2	SOSNOVKA RUSSIA	360990	2034	360990	6169
-0.400000000000006	1.3	ULON-MAKIT RUSSIA	303560	2102	303560	6170
-4.6	4.5	FOZ DO IGUACU BRAZIL	838260	911	838260	6171
-0.699999999999999	1.7	BEYUMBURA BURUNDI	643900	1255	643900	6172
-3.5	4	PRESTEBAKKE NORWAY	14970	2122	14970	6173
-4.40000000000001	2.8	KAIRI_RESEARCH_STATI AUSTRALIA	952850	1015	952850	6174
-1.80000000000001	4.4	LARRIMAH AUSTRALIA	942370	1018	942370	6175
-1.30000000000001	4.2	KUNUNURRA_AERO AUSTRALIA	942160	1019	942160	6176
-2	3.5	CYGNET_BAY AUSTRALIA	942010	1020	942010	6177
-0.5	4.5	KURI_BAY AUSTRALIA	942080	1020	942080	6178
-1.69999999999999	2.2	LOCKHART_RIVER_AIRPO AUSTRALIA	941860	1088	941860	6179
-3.69999999999999	2.4	MIDDLE_POINT_AWS AUSTRALIA	951210	1090	951210	6180
-3.1	3.6	ALFRED FAURE OCEAN IS.(FR)	619970	602	619970	6181
-1.69999999999999	3.1	BICHENO (COUNCIL DEP AUSTRALIA	959890	655	959890	6182
-4.40000000000001	2.9	QUEENSTOWN-(7XS) AUSTRALIA---	959510	655	959510	6183
-4.59999999999999	3.6	SHEPPARTON AIRPORT AUSTRALIA	958710	727	958710	6184
-2	2.1	LAKES ENTRANCE AUSTRALIA	959040	727	959040	6185
-4.59999999999999	0.5	BOWRAL (PARRY DRIVE) AUSTRALIA	947470	798	947470	6186
-1.80000000000001	2.3	PEAK-HILL-POST-OFFIC AUSTRALIA---	959965	799	959965	6187
-0.900000000000006	0.799999999999997	EUDUNDA AUSTRALIA	946800	801	946800	6188
-4.7	4	LANCELIN AUSTRALIA	956060	805	956060	6189
-2.8	2.1	NARROGIN AUSTRALIA	946270	805	946270	6190
-2.90000000000001	1.8	WARWICK-AWS AUSTRALIA---	945550	870	945550	6191
-3.19999999999999	4.7	CURTIN SPRINGS AUSTRALIA	944630	874	944630	6192
-3.69999999999999	2.4	MIDDLE POINT AWS AUSTRALIA	941240	1090	941240	6193
-4.7	0.300000000000001	WAINGAPU/MAU HAU INDONESIA	973400	1164	973400	6194
-1.5	3	PICOS BRAZIL	827800	1197	827800	6195
-2.4	4.4	PARAKOU BENIN	653300	1404	653300	6196
-0.5	4.6	DJANET ALGERIA	606700	1619	606700	6197
-0.3	2.9	ADRAR ALGERIA	606200	1693	606200	6198
-1.4	0.600000000000001	SEMNAN IRAN	407570	1826	407570	6199
-3.2	4.1	BAIE COMEAU CANADA	718290	1994	718290	6200
-2.1	1.9	BRATA (R) NORWAY	13600	2195	13600	6201
-3.1	4.8	NORDSTRAUM I KVAENAN NORWAY	10450	2264	10450	6202
-4	3.6	Victoria River Downs AUSTRALIA	942320	1018	942320	6203
-2.7	1.8	IVOLGINSK RUSSIA	308250	2031	308250	6204
-3.80000000000001	0.0999999999999996	PUKA-PUKA FRENCH POLYNE	919280	1144	919280	6205
-3.09999999999999	3.7	Minchukur UZBEKISTAN	388160	1823	388160	6206
-2	4.7	Sanzar UZBEKISTAN	387110	1823	387110	6207
-2.3	4.1	Severtsova Glacier UZBEKISTAN	387080	1823	387080	6208
-3.2	3.3	Akrabat UZBEKISTAN	388180	1823	388180	6209
-4.59999999999999	1.2	Kizilcha UZBEKISTAN	384680	1894	384680	6210
-4.09999999999999	2.2	Oigaing UZBEKISTAN	383390	1894	383390	6211
-1.5	4.7	CHERBOURG/MAUPERTUS FRANCE	70240	1981	70240	6212
-1.3	4	FASSA IRAN	408590	1682	408590	6213
-0.200000000000003	1.6	BANDAR LENGEH IRAN	408830	1682	408830	6214
-5	4.3	KVESMENES (R) NORWAY	10350	2264	10350	6215
-4.59999999999999	1.9	Pskem UZBEKISTAN	384620	1894	384620	6216
-4.4	2.1	Lassnitzhohe AUSTRIA	112920	1977	112920	6217
-3.3	3.4	CORONEL_PACHECO BRAZIL	830370	981	830370	6218
-4.30000000000001	1.3	MANGO_FARM AUSTRALIA	941170	1090	941170	6219
-1.59999999999999	3.3	WARRUWI AUSTRALIA	941390	1090	941390	6220
-4.7	2.5	B.A.ARTURO PRAT ANTARCTICA	890570	408	890570	6221
-4.90000000000001	2.7	GREEN CAPE AWS AUSTRALIA	949340	726	949340	6222
-2	3.6	DONALD AUSTRALIA	958420	728	958420	6223
-0.699999999999989	4.9	MURRAY BRIDGE AUSTRALIA	958120	729	958120	6224
-0.699999999999989	4.3	MENINGIE AUSTRALIA	958140	729	958140	6225
-4.40000000000001	4.6	BARRABA POST OFFICE AUSTRALIA	947610	798	947610	6226
-1.30000000000001	1.1	COWRA AIRPORT AUSTRALIA	947200	799	947200	6227
-1.59999999999999	3.1	HAWKER AUSTRALIA	946730	801	946730	6228
-3.3	4.1	WONGAN HILLS AUSTRALIA	946220	805	946220	6229
-2.09999999999999	0.300000000000001	GRAFTON OLYMPIC POOL AUSTRALIA	945710	870	945710	6230
-0.600000000000001	4.5	IRATI BRAZIL	838360	911	838360	6231
-0.199999999999989	0.800000000000001	BARALABA POST OFFICE AUSTRALIA	943750	943	943750	6232
-0.5	4.3	MOUNT ISA AERO AUSTRALIA	943320	945	943320	6233
-2.5	2.5	J. G. STRIJDOM NAMIBIA	681120	969	681120	6234
-3.8	2.7	IVINHEMA BRAZIL	837040	983	837040	6235
-4.8	3.5	TARIJA BOLIVIA	853640	985	853640	6236
-4.5	1.7	TUBUAI, AUSTRAL FRENCH POLYNE	919540	1002	919540	6237
-5	0.100000000000001	HEREHERETUE, TUAMOTU FRENCH POLYNE	919450	1073	919450	6238
-4.40000000000001	3	ELCHO ISLAND AUSTRALIA	941460	1089	941460	6239
-3.3	4.8	PALMAS BRAZIL	830330	1126	830330	6240
-1	0.7	ITAITUBA BRAZIL	824450	1272	824450	6241
-3.5	1.2	WEJH SAUDI ARABIA	404000	1685	404000	6242
-3.1	2.7	TINDOUF ALGERIA	606560	1694	606560	6243
-3.5	4	KASHAN IRAN	407850	1754	407850	6244
-0.5	2.9	WALLOPS-ISLAND USA---------	724020	1852	724020	6245
-4.59999999999999	3	QUILLAYUTE, WASHINGT USA	727970	2005	727970	6246
-1.09999999999999	3.9	WASKESIU LAKE CANADA	714540	2074	714540	6247
-4.09999999999999	1.4	BURWASH CANADA	719670	2224	719670	6248
-0.600000000000001	4.40000000000001	CUOVDDATMOHKKI NORWAY	10570	2264	10570	6249
-1.59999999999999	4.1	LINARES CHILE	856570	771	856570	6250
-0.899999999999999	2.1	AMAPA APT BRAZIL	820300	1343	820300	6251
-2.40000000000001	2.6	LOS ANGELES CHILE	857030	771	857030	6252
-0.799999999999997	0.799999999999997	RANCAGUA CHILE	856080	843	856080	6253
-0.600000000000001	2.9	OUANI /ANJOUAN COMOROS	670040	1108	670040	6254
-2.6	1.6	BAHIR DAR ETHIOPIA	633320	1469	633320	6255
-1.6	0.200000000000003	MAJAVATN III NORWAY	11340	2266	11340	6256
-2	4.1	LEBEL QUEVILLON CANADA	719471	1996	719471	6257
-0.5	2	PRIMAVERA CHILE	859341	555	859341	6258
-3.09999999999999	3.8	LLANQUIHUE CHILE	857581	699	857581	6259
-2.40000000000001	1.6	PERQUENCO CHILE	857251	771	857251	6260
-3	3.6	SAN CARLOS CHILE	856721	771	856721	6261
-1.09999999999999	0.5	SAN VICENTE CHILE	856081	843	856081	6262
-0.299999999999997	2.9	COPIAPO CHILE	854701	915	854701	6263
-1.09999999999999	0.5	LA HIGUERA CHILE	854861	915	854861	6264
-0.200000000000003	1.8	MEJILLONES CHILE	854421	987	854421	6265
-0.200000000000003	1.8	PUTRE CHILE	854061	1059	854061	6266
-3.8	4.3	NAMDALSEID (R) NORWAY	12621	2194	12621	6267
-2.30000000000001	1.8	METALANIM MICRONESIA	913482	1373	913482	6268
-4.30000000000001	4	WYNYARD AIRPORT AUSTRALIA	959570	655	959570	6269
-2	3.4	CHILLAN B. O'HIGGINS CHILE	856720	771	856720	6270
-1.09999999999999	0.299999999999997	MT-CRAWFORD AUSTRALIA---	958100	801	958100	6271
-3.59999999999999	1.9	KIMBA AUSTRALIA	946680	801	946680	6272
-3	1.8	WARWICK AUSTRALIA---	955550	870	955550	6273
-1.40000000000001	4.2	INJUNE POST OFFICE AUSTRALIA	945110	871	945110	6274
-4.3	4.5	TRINIDADE/ILHA BRAZIL	836500	978	836500	6275
-4.40000000000001	3.6	LOW ISLES LIGHTHOUSE AUSTRALIA	942850	1015	942850	6276
-1.3	4.2	MANICORE BRAZIL	825330	1201	825330	6277
-1.1	4.9	MACAPA BRAZIL	820980	1271	820980	6278
-2.1	2.5	KEDOU SENEGAL	616990	1479	616990	6279
-0.799999999999997	1.2	CROWN POINT A TRINIDAD AND	789620	1489	789620	6280
-4.7	3.9	LOS ANDES EL SALVADOR	786520	1494	786520	6281
-2.2	3.3	KHAMIS MUSHAIT SAUDI ARABIA	411140	1540	411140	6282
-1.8	4	YENBO SAUDI ARABIA	404390	1613	404390	6283
-1.2	1.3	GASSIM SAUDI ARABIA	404050	1684	404050	6284
-3.1	0.399999999999999	MARINA DI GINOSA ITALY	163250	1905	163250	6285
-0.799999999999997	3	BAY D'ESPOIR CANADA	714081	1992	714081	6286
-1.90000000000001	4.8	GERALDTON CANADA	718340	1998	718340	6287
-2.90000000000001	0.799999999999997	THOMPSON CANADA	710790	2144	710790	6288
-2.3	1.5	PETREL ANTARCTICA	890510	408	890510	6289
-0.900000000000006	1.9	PUELCHES ARGENTINA	876730	770	876730	6290
-0.5	1.2	RAVELO BOLIVIA	852832	1058	852832	6291
-0.6	1.5	SKABU - STORSLAEN NORWAY	13700	2195	13700	6292
-4.59999999999999	2.9	WALKAMIN_RESEARCH_ST AUSTRALIA	952840	1015	952840	6293
-3.80000000000001	1.4	INGHAM_COMPOSITE AUSTRALIA	952910	1015	952910	6294
-2.09999999999999	2.4	ORFORD (AUBIN COURT) AUSTRALIA	959840	655	959840	6295
-4	1.1	BANKSTOWN AIRPORT AW AUSTRALIA	947650	798	947650	6296
-0.900000000000006	1.6	ORANGE AIRPORT COMPA AUSTRALIA	947260	799	947260	6297
-4.6	4.5	CAMPO GRANDE BRAZIL	836110	983	836110	6298
-1.9	0.399999999999999	GROOTFONTEIN NAMIBIA	680140	1041	680140	6299
-1.8	3	BO SIERRA LEONE	618810	1407	618810	6300
-4.59999999999999	3.5	CHIAYI TAIWAN	467480	1596	467480	6301
-2.1	1.7	HASSI-MESSOUD ALGERIA	605810	1764	605810	6302
-4.09999999999999	3.6	CHURCHILL FALLS CANADA	711820	2065	711820	6303
-3.5	3.5	UALAND (R) NORWAY	14250	2123	14250	6304
-3.7	0.9	CACHIMBO BRAZIL	829300	1202	829300	6305
-0.300000000000001	3.4	BOL CHAD	647020	1474	647020	6306
-4.7	4.5	CAMPO GRANDE/AP BRAZIL	836120	983	836120	6307
-2	3.8	BUENAVENTURA COLOMBIA	802520	1348	802520	6308
-2.5	0.2	CHRISTMAS ISLAND KIRIBATI	914900	1364	914900	6309
-0.700000000000003	4.3	CEARA MIRIM BRAZIL	825960	1196	825960	6310
-3.2	1.3	DUESSELDORF_AIRPORT GERMANY	104000	2051	104000	6311
-3.9	2.6	C.M.A. EDUARDO FREI ANTARCTICA	890560	408	890560	6312
-0.0999999999999943	3.1	MERIMBULA AIRPORT AW AUSTRALIA	959300	727	959300	6313
-2	2.7	ARARAT PRISON AUSTRALIA	948340	728	948340	6314
-3.19999999999999	2.1	MARYVILLE-HVRF AUSTRALIA---	957680	798	957680	6315
-3.5	2.5	NONNING AUSTRALIA	956550	801	956550	6316
-5	4.7	JURIEN BAY AUSTRALIA	956000	805	956000	6317
-3.2	4.3	KARRATHA AERO AUSTRALIA	943080	949	943080	6318
-1	1.9	HAO, TUAMOTU FRENCH POLYNE	919440	1073	919440	6319
-0.799999999999997	1.8	TARAUACA BRAZIL	828070	1203	828070	6320
-2.8	0.2	JAGUARUANA BRAZIL	824930	1268	824930	6321
-4.7	1.2	TEFE BRAZIL	823170	1273	823170	6322
-4.8	3.6	ACAJUTLA EL SALVADOR	786500	1494	786500	6323
-3.3	4.2	SAYABOURY LAO P.D.R.	489380	1528	489380	6324
-4.8	4.2	TIMIMOUN ALGERIA	606070	1692	606070	6325
-4.2	4.5	NEDRE VATS NORWAY	14170	2123	14170	6326
-2.09999999999999	2.4	KEY LAKE CANADA	719200	2146	719200	6327
-4.4	2.1	FISKABYGD NORWAY	12070	2195	12070	6328
-5	4.8	Rabbit Flat AUSTRALIA	953220	946	953220	6329
-3	4.5	ANA IRAQ	406290	1756	406290	6330
-0.799999999999997	1.4	SALAHADDIN IRAQ	406110	1828	406110	6331
-1.8	4.3	GAN/MALDIVE IS. OCEANIA	413500	1246	413500	6332
-1.7	3.1	TURBO COLOMBIA	800620	1420	800620	6333
-4.8	0.600000000000001	KALTENNORDHEIM GERMANY	95460	2050	95460	6334
-1.40000000000001	2	LIMACHE CHILE	855741	843	855741	6335
-4.5	4.9	DONSKI NORWAY	14870	2122	14870	6336
-1.7	0.799999999999997	BASE MARAMBIO ANTARCTICA	890550	408	890550	6337
-4.09999999999999	2.8	LAKE EILDON GOULBURN AUSTRALIA	948820	727	948820	6338
-4.40000000000001	4.2	TOCUMWAL AIRPORT AUSTRALIA	948770	727	948770	6339
-0.699999999999989	1.9	GEELONG-(NORLANE) AUSTRALIA---	948560	728	948560	6340
-4.09999999999999	0.600000000000001	WOLLONGONG UNIVERSIT AUSTRALIA	947480	798	947480	6341
-3.40000000000001	0.299999999999997	NARRANDERA GOLF CLUB AUSTRALIA	947060	799	947060	6342
-2.5	1.2	TABULAM (MUIRNE) AUSTRALIA	945870	870	945870	6343
-4.2	3.1	INDAIAL BRAZIL	838720	910	838720	6344
-4.9	1.3	SAO_MATEUS BRAZIL	835500	1052	835500	6345
-4.6	1.3	CAPINOPOLIS BRAZIL	835140	1054	835140	6346
-4.5	2.7	CAMETA BRAZIL	822630	1270	822630	6347
-4.7	1.2	TUCURUI BRAZIL	823610	1270	823610	6348
-0.5	3.3	BREVES BRAZIL	821880	1271	821880	6349
-0.5	3.1	OBIDOS BRAZIL	821780	1272	821780	6350
-1.1	1.8	CARACARAI BRAZIL	820420	1345	820420	6351
-0.299999999999997	1.6	SAVANNAKHET LAO P.D.R.	489470	1528	489470	6352
-2.09999999999999	3.2	CHANGSHA CHINA	576870	1670	576870	6353
-3.59999999999999	1.4	HAILISU CHINA	532310	1887	532310	6354
-1	3	SHIP STATION H OCEANIA	990080	1851	990080	6355
-0.399999999999999	0.0999999999999996	GODE ETHIOPIA	634780	1396	634780	6356
-4.4	1.4	MAZARUCH AP. ARGENTINA	874980	840	874980	6357
-1.2	3.8	BONDO D.R.CONGO	640210	1328	640210	6358
-3.8	1.6	TUMACO COLOMBIA	803370	1348	803370	6359
-4.5	5	LA FRAGUA GUATEMALA	786350	1494	786350	6360
-1.5	4.9	LABOR OVALLE GUATEMALA	786380	1495	786380	6361
-1.5	0.300000000000001	HUENUETENANGO GUATEMALA	786270	1567	786270	6362
-0.299999999999997	0.300000000000001	COBAN GUATEMALA	786310	1567	786310	6363
-0.5	1.5	EL PORYENIR GUATEMALA	786210	1567	786210	6364
-3.9	1.6	POZO COLORADO PARAGUAY	861250	984	861250	6365
-0.599999999999994	0.5	LENINGRADSKAYA ANTARCTICA	896570	293	896570	6366
-1.3	1.2	PASO DEL LOS INDIOS ARGENTINA	878140	696	878140	6367
-3	4.1	VIEDMO AP. ARGENTINA	877910	697	877910	6368
-4.90000000000001	2	MOORABBIN AIRPORT AUSTRALIA	948700	727	948700	6369
-2.4	3	CORDEIRO BRAZIL	837180	981	837180	6370
-3.4	2.1	REALENGO BRAZIL	838010	981	838010	6371
-1.40000000000001	1.9	NAUSORI A FIJI	916830	1009	916830	6372
-1.9	0.399999999999999	ARAXA BRAZIL	835790	1054	835790	6373
-0.899999999999999	2.2	RIO_VERDE BRAZIL	834700	1055	834700	6374
-1.2	0.199999999999999	PARANAIBA BRAZIL	835650	1055	835650	6375
-4.1	0.9	BOM_JESUS_DO_PIAUI BRAZIL	829750	1197	829750	6376
-1.9	2.1	MORRO_DOS_CAVALOS BRAZIL	826840	1197	826840	6377
-2.5	0.5	HUARAZ PERU	845420	1204	845420	6378
-1.8	1.9	PARNAIBA BRAZIL	822870	1269	822870	6379
-5	2.4	BELTERRA BRAZIL	822460	1271	822460	6380
-3.4	1.9	ITACOATIARA BRAZIL	823360	1272	823360	6381
-0.900000000000006	4.6	LAS GAVIOTAS COLOMBIA	802410	1347	802410	6382
-0.299999999999997	3	NEIVA/SALAS A COLOMBIA	803150	1348	803150	6383
-0.6	4.4	KORHOGO COTE D'IVOIRE	655360	1406	655360	6384
-2.5	2.9	CUCUTA/DAZA A COLOMBIA	800970	1419	800970	6385
-1.5	1.9	GAYA NIGER	610990	1476	610990	6386
-0.4	1.5	BOLAMA GUINEA-BISSAU	617690	1480	617690	6387
-1.90000000000001	0.699999999999999	LA CEIBA (AIR HONDURAS	787050	1566	787050	6388
-1.3	2.9	JHELUM PAKISTAN	415980	1750	415980	6389
-0.5	5	LIBUS CZECH REPUB.	115200	1978	115200	6390
-1.5	4.3	LEEMING UK	32570	2053	32570	6391
-3.9	1.4	EVENSTAD - DIH NORWAY	13830	2194	13830	6392
-3.3	3.8	VERDAL-REPPE (R) NORWAY	12780	2194	12780	6393
-0.5	3.1	CHIPIRIRI BOLIVIA	852232	1058	852232	6394
-1.1	0.5	AIMORES BRAZIL	835950	1053	835950	6395
-4.4	3	FINNOY I HAMAROY NORWAY	11720	2265	11720	6396
-1.7	2.8	TINGVOLL - HANEM NORWAY	12270	2195	12270	6397
-0.800000000000011	3.3	MORNINGTON_ISLAND AUSTRALIA	942560	1017	942560	6398
-0.800000000000001	2.7	KONSTANZ GERMANY	109290	1979	109290	6399
-0.299999999999997	2.7	GLEBA_CELESTE BRAZIL	832640	1128	832640	6400
-1.4	4.6	INGA D.R.CONGO	642060	1186	642060	6401
-1.9	3.9	TRACUATEUA BRAZIL	821450	1270	821450	6402
-1.9	1.1	PLUM POINT CANADA	714061	2064	714061	6403
-3.7	3.2	COLLINS BAY CANADA	710750	2145	710750	6404
-1	2.5	BALSAS BRAZIL	827680	1198	827680	6405
-0.900000000000006	2.9	INDEPENDENCIA BOLIVIA	852233	1058	852233	6406
-2.1	1.6	ARCOVERDE BRAZIL	828900	1196	828900	6407
-4.09999999999999	1.6	PALMER MUNICIPAL ALASKA	702740	2226	702740	6408
-3.5	0.200000000000003	DEADHORSE ALASKA	700637	2370	700637	6409
-3.90000000000001	2.6	WAVE_HILL AUSTRALIA	942290	1018	942290	6410
-2.8	1.2	RIO GRANDE A ARGENTINA	879340	554	879340	6411
-2.6	2.9	CHAPECO BRAZIL	838830	911	838830	6412
-1.9	4.5	CAPARAO BRAZIL	836390	981	836390	6413
-2.3	2.9	ILE JUAN DE NOVA OCEAN IS.(FR)	619700	1036	619700	6414
-5	0.800000000000001	POMPEU BRAZIL	835700	1053	835700	6415
-1.9	2.8	PARACATU BRAZIL	834790	1054	834790	6416
-1.9	3.7	IRECE BRAZIL	831820	1125	831820	6417
-3.4	1.7	BOMJESUS DA LAPA BRAZIL	832880	1125	832880	6418
-3	3.2	FLORIAND BRAZIL	826780	1197	826780	6419
-0.5	0.6	PETROLINA BRAZIL	829830	1197	829830	6420
-4.1	4.6	MARABA BRAZIL	825620	1198	825620	6421
-4.8	2.7	LABREA BRAZIL	827230	1201	827230	6422
-2.7	2	ERSHOVO RUSSIA	302090	2104	302090	6423
-4.8	4.3	GIRARDOT COLOMBIA	802190	1347	802190	6424
-3.2	3.9	SIRDAL - TJORHOM NORWAY	14320	2123	14320	6425
-3.19999999999999	4.3	CENTRE_ISLAND AUSTRALIA	942480	1017	942480	6426
-2.9	4.8	MONTE_AZUL BRAZIL	833880	1053	833880	6427
-2.8	0.0999999999999996	ESPINOSA BRAZIL	833380	1125	833380	6428
-2.5	2.7	CAROLINA BRAZIL	827650	1198	827650	6429
-4.90000000000001	3.3	EIRUNEPE BRAZIL	826100	1202	826100	6430
-4.1	3	MONTE_ALEGRE BRAZIL	821810	1271	821810	6431
-0.899999999999999	0.600000000000001	SOUDA CRETE GREECE	167460	1832	167460	6432
-4	0.200000000000003	SKLINNA FYR NORWAY	11020	2266	11020	6433
-2.6	1.9	MAR DEL PLATA ARGENTINA	876960	768	876960	6434
-4.1	2.7	BAURU BRAZIL	837220	982	837220	6435
-5	2	SHIP STATION L OCEANIA	990120	2128	990120	6436
-4.3	0.699999999999999	PADILLA BOLIVIA	852831	1057	852831	6437
-2.4	2.4	PIGUE ARGENTINA	876790	769	876790	6438
-3.9	3.3	MONTES CLAROS BRAZIL	834370	1053	834370	6439
-0.799999999999997	0.0999999999999996	VITORIA_DA_CONQUISTA BRAZIL	833440	1125	833440	6440
-3.4	3	PEIXE BRAZIL	832280	1126	832280	6441
-1.4	0.9	POSSE BRAZIL	833320	1126	833320	6442
-2.8	5	RIO BRANCA BRAZIL	829150	1130	829150	6443
-5	2.1	OURICURI BRAZIL	827530	1196	827530	6444
-2.3	3	PATOS BRAZIL	827910	1196	827910	6445
-1.1	1.9	PAULISTANA BRAZIL	828820	1197	828820	6446
-2.3	1.6	SAO_JOAO_DO_PIAUI BRAZIL	828790	1197	828790	6447
-3.3	0.699999999999999	CARACOL BRAZIL	829760	1197	829760	6448
-2	3.4	FELIX DO XIANGU BRAZIL	826680	1199	826680	6449
-0.700000000000003	1.7	ZE_DOCA BRAZIL	823760	1270	823760	6450
-3.2	2.1	BUCARAMANGA COLOMBIA	800940	1419	800940	6451
-4.2	1.1	SANTA MARIA COLOMBIA	800090	1491	800090	6452
-3.40000000000001	1.5	SHANHU CHINA	599850	1526	599850	6453
-1.40000000000001	1.2	WUHUXIAN CHINA	583380	1741	583380	6454
-0.300000000000001	2.6	OPPDAL (R) NORWAY	12450	2195	12450	6455
-0.900000000000006	2.8	Learmonth AUSTRALIA	943020	950	943020	6456
-1.1	4.1	ARINOS BRAZIL	833840	1054	833840	6457
-0.899999999999999	0.9	ALTO_PARNAIBA BRAZIL	829700	1198	829700	6458
-1.6	2.2	LESJASKOG NORWAY	12310	2195	12310	6459
-0.299999999999997	3.1	LAMBARI BRAZIL	830320	982	830320	6460
-5	4.6	VOTUPORANGA BRAZIL	836230	982	836230	6461
-0.399999999999999	2.7	MARIA_DA_FE BRAZIL	830150	982	830150	6462
-4	4.9	MOCAMBINHO BRAZIL	833890	1053	833890	6463
-0.5	0.600000000000001	MARILANDIACOLATINA BRAZIL	835960	1053	835960	6464
-1.3	0.0999999999999996	FORMOSO BRAZIL	833340	1126	833340	6465
-4.3	4	COLINAS BRAZIL	826760	1197	826760	6466
-3.4	1.3	CHAPADINHA BRAZIL	823820	1269	823820	6467
-1.8	0.7	PIRIPIRI BRAZIL	824800	1269	824800	6468
-2.1	1.2	CODAJAS BRAZIL	823260	1273	823260	6469
-3.90000000000001	4.09999999999999	SIPLE ANTARCTICA	890830	197	890830	6470
-1.90000000000001	0.299999999999997	RUSSKAYA ANTARCTICA	891320	280	891320	6471
-3.4	3.7	KAP MORRIS JESUP GREENLAND	43010	2491	43010	6472
-4.6	0.700000000000003	NUUSSUAATAA (NUUSSU GREENLAND	42140	2351	42140	6473
-2.8	4	KITSISSORSUIT (EDDE GREENLAND	42080	2352	42080	6474
-3.09999999999999	4.6	SUAO TAIWAN	467060	1596	467060	6475
-4	2.8	KITSISSUT (ATTU) GREENLAND	42280	2279	42280	6476
-3.7	0.700000000000003	HENRIK KROEYER HOLM GREENLAND	43130	2487	43130	6477
-4.5	2	HORNSUND NORWAY	10030	2409	10030	6478
-1.19999999999999	2.4	POLOWAT MICRONESIA	913240	1375	913240	6479
-2.80000000000001	0.5	LUKUNOCH MICRONESIA	913390	1374	913390	6480
-0.5	2.2	TASEEVO RUSSIA	293790	2106	293790	6481
-2.3	2.1	MUENSTER/OSNABRUECK_ GERMANY	103150	2051	103150	6482
-1.19999999999999	0.100000000000001	KING I. (CURRIE PO.) AUSTRALIA	948510	728	948510	6483
-2.9	4.1	BRASILIA-(AER BRAZIL------	833780	1054	833780	6484
-4.6	1.8	TENKODOGO BURKINA FASO	655090	1476	655090	6485
-2.40000000000001	2.8	CORPUS CHRISTI USA	722510	1712	722510	6486
-1.5	3.8	CLARE POST OFFICE AUSTRALIA	950000	1737	950000	6487
-4.8	0.799999999999997	KNOXVILLE USA	723346	1854	723346	6488
-0.900000000000006	1.1	OMAHA USA	725530	1928	725530	6489
-3.2	3.3	MUENCHEN-FLUGHAFEN_A GERMANY	108700	1978	108700	6490
-3.1	0.399999999999999	NUERBURG-BARWEILER GERMANY	105060	2051	105060	6491
-1.3	4	TAZHONG CHINA	517470	1820	517470	6492
-4.30000000000001	1.2	PINGELAP MICRONESIA	913520	1372	913520	6493
-3.5	2.59999999999999	SUMMIT GREENLAND	44160	2348	44160	6494
-4.90000000000001	4.6	DONGXINGQU CHINA	575030	1671	575030	6495
-5	2.6	HUAIHUA CHINA	577490	1670	577490	6496
-3	2.7	HUICHUAN CHINA	577120	1671	577120	6497
-1	4.4	JINGHE CHINA	571310	1743	571310	6498
