group	x	y
17781	915192000	8.1
17781	917870400	11.4
17781	920289600	13.3
17781	922968000	18.9
17781	925560000	21.5
17781	928238400	24.5
17781	930830400	26.2
17781	933508800	26.4
17781	936187200	24.8
17781	938779200	18.2
17781	941457600	13.9
17781	944049600	8
17781	946728000	7.1
17781	949406400	8.6
17781	951912000	14.1
17781	954590400	17.8
17781	957182400	23.9
17781	959860800	25
17781	962452800	27.6
17781	965131200	25.8
17781	967809600	22.8
17781	970401600	18.6
17781	973080000	12.4
17781	975672000	8.9
17781	978350400	7.6
17781	981028800	10.7
17781	983448000	16.2
17781	986126400	18.4
17781	988718400	22.9
17781	991396800	23.8
17781	993988800	29.1
17781	996667200	25.6
17781	999345600	22.4
17781	1001937600	19.5
17781	1004616000	14.4
17781	1007208000	8
17781	1009886400	7.4
17781	1012564800	11.6
17781	1014984000	15.7
17781	1017662400	18.8
17781	1020254400	21.4
17781	1022932800	25.1
17781	1025524800	27.4
17781	1028203200	26.3
17781	1030881600	24.5
17781	1033473600	19.7
17781	1036152000	14.7
17781	1038744000	8.5
17781	1041422400	7.4
17781	1044100800	12.2
17781	1046520000	14.3
17781	1049198400	19.4
17781	1051790400	23.1
17781	1054468800	24.3
17781	1057060800	27.2
17781	1059739200	27.8
17781	1062417600	23.3
17781	1065009600	17.3
17781	1067688000	13.8
17781	1070280000	8.6
17781	1072958400	7.7
17781	1075636800	10.2
17781	1078142400	13.5
17781	1080820800	20.3
17781	1083412800	22.1
17781	1086091200	23.3
17781	1088683200	27.6
17781	1091361600	27.6
17781	1094040000	23.1
17781	1096632000	16.8
17781	1099310400	13.2
17781	1101902400	8.8
17781	1104580800	6.4
17781	1107259200	8
17781	1109678400	13.4
17781	1112356800	20.2
17781	1114948800	23
17781	1117627200	26.3
17781	1120219200	27.9
17781	1122897600	25
17781	1125576000	24.9
17781	1128168000	17.4
17781	1130846400	13.7
17781	1133438400	8.1
17781	1136116800	7.2
17781	1138795200	8.8
17781	1141214400	13.7
17781	1143892800	19.7
17781	1146484800	22.8
17781	1149163200	25.2
17781	1151755200	29.6
17781	1154433600	30.6
17781	1157112000	23.2
17781	1159704000	20.4
17781	1162382400	15.1
17781	1164974400	9
17781	1167652800	7.1
17781	1170331200	13.2
17781	1172750400	14.8
17781	1175428800	18.7
17781	1178020800	25
17781	1180699200	24.5
17781	1183291200	26.3
17781	1185969600	28.6
17781	1188648000	23.1
17781	1191240000	17.8
17781	1193918400	13.8
17781	1196510400	9.5
17781	1199188800	4.9
17781	1201867200	6.7
17781	1204372800	15.4
17781	1207051200	18.6
17781	1209643200	23.1
17781	1212321600	25.5
17781	1214913600	28.1
17781	1217592000	25.6
17781	1220270400	24.7
17781	1222862400	19.6
17781	1225540800	13.6
17781	1228132800	8.8
17781	1230811200	7.4
17781	1233489600	12.9
17781	1235908800	14.7
17781	1238587200	19.4
17781	1241179200	22.5
17781	1243857600	25.2
17781	1246449600	27.3
17781	1249128000	27.1
17781	1251806400	25.4
17781	1254398400	19.2
17781	1257076800	12.5
17781	1259668800	9.4
17781	1262347200	8.6
17781	1265025600	10
17781	1267444800	14.1
17781	1270123200	16.3
17781	1272715200	21.9
17781	1275393600	23.5
17781	1277985600	27.8
17781	1280664000	27.2
17781	1283342400	24.4
17781	1285934400	18.3
17781	1288612800	14.3
17781	1291204800	8.6
17781	1293883200	4.2
17781	1296561600	10
17781	1298980800	11.7
17781	1301659200	19.2
17781	1304251200	22.8
17781	1306929600	26.1
17781	1309521600	27.3
17781	1312200000	29
17781	1314878400	22.9
17781	1317470400	18.7
17781	1320148800	15.9
17781	1322740800	8.2
17781	1325419200	6.4
17781	1328097600	7.5
17781	1330603200	13.7
17781	1333281600	20
17781	1335873600	22.9
17781	1338552000	23.7
17781	1341144000	26.9
17781	1343822400	28.2
17781	1346500800	22.5
17781	1349092800	18.7
17781	1351771200	12.6
17781	1354363200	8.8
17782	-1451649600	9.3
17782	-1448971200	10.4
17782	-1446465600	14.3
17782	-1443787200	19.3
17782	-1441195200	23.6
17782	-1438516800	24.6
17782	-1435924800	27.6
17782	-1433246400	28.1
17782	-1430568000	22.6
17782	-1427976000	19.2
17782	-1425297600	14.9
17782	-1422705600	11.5
17782	-1420027200	7
17782	-1417348800	7.7
17782	-1414929600	14.4
17782	-1412251200	16.6
17782	-1409659200	22.1
17782	-1406980800	26.7
17782	-1404388800	29.8
17782	-1401710400	28.1
17782	-1399032000	22.6
17782	-1396440000	19.7
17782	-1393761600	15.1
17782	-1391169600	10.5
17782	-1388491200	9.1
17782	-1385812800	10
17782	-1383393600	13.7
17782	-1380715200	19.2
17782	-1378123200	22.3
17782	-1375444800	23.4
17782	-1372852800	27
17782	-1370174400	28.5
17782	-1367496000	25.9
17782	-1364904000	19.1
17782	-1362225600	13.9
17782	-1359633600	10.4
17782	-1356955200	9.1
17782	-1354276800	9.1
17782	-1351857600	12.4
17782	-1349179200	18.7
17782	-1346587200	22.5
17782	-1343908800	23.6
17782	-1341316800	28.1
17782	-1338638400	29.6
17782	-1335960000	24.1
17782	-1333368000	20
17782	-1330689600	15.6
17782	-1328097600	11.2
17782	-1325419200	9.2
17782	-1322740800	10.4
17782	-1320235200	15.8
17782	-1317556800	20
17782	-1314964800	23.7
17782	-1312286400	24.4
17782	-1309694400	28.9
17782	-1307016000	26.6
17782	-1304337600	23.3
17782	-1301745600	18.6
17782	-1299067200	15
17782	-1296475200	10.9
17782	-1293796800	8.8
17782	-1291118400	10.9
17782	-1288699200	16.6
17782	-1286020800	20.2
17782	-1283428800	23.2
17782	-1280750400	26.4
17782	-1278158400	29.1
17782	-1275480000	29.7
17782	-1272801600	22.3
17782	-1270209600	17.5
17782	-1267531200	13.2
17782	-1264939200	8.8
17782	-1262260800	6.3
17782	-1259582400	11.1
17782	-1257163200	14
17782	-1254484800	20
17782	-1251892800	23.1
17782	-1249214400	24.2
17782	-1246622400	30.9
17782	-1243944000	29.5
17782	-1241265600	22.9
17782	-1238673600	19.1
17782	-1235995200	14.5
17782	-1233403200	10.1
17782	-1230724800	8.4
17782	-1228046400	9
17782	-1225627200	14.9
17782	-1222948800	19.2
17782	-1220356800	21.5
17782	-1217678400	26.7
17782	-1215086400	27.5
17782	-1212408000	28.9
17782	-1209729600	24.5
17782	-1207137600	20.1
17782	-1204459200	15.6
17782	-1201867200	12.9
17782	-1199188800	8.2
17782	-1196510400	8
17782	-1194004800	14.2
17782	-1191326400	18.9
17782	-1188734400	22.7
17782	-1186056000	23.7
17782	-1183464000	28.5
17782	-1180785600	29.1
17782	-1178107200	23.1
17782	-1175515200	17.9
17782	-1172836800	14.8
17782	-1170244800	9.7
17782	-1167566400	5.6
17782	-1164888000	10.6
17782	-1162468800	14.6
17782	-1159790400	18.9
17782	-1157198400	22.4
17782	-1154520000	26.3
17782	-1151928000	30.4
17782	-1149249600	32.2
17782	-1146571200	26.6
17782	-1143979200	17.7
17782	-1141300800	14.3
17782	-1138708800	11.8
17782	-1136030400	6.5
17782	-1133352000	9.4
17782	-1130932800	13.4
17782	-1128254400	16.6
17782	-1125662400	23.9
17782	-1122984000	24.3
17782	-1120392000	28.6
17782	-1117713600	30.8
17782	-1115035200	24.9
17782	-1112443200	17.1
17782	-1109764800	11.4
17782	-1107172800	10.8
17782	-1104494400	8
17782	-1101816000	10.4
17782	-1099396800	15
17782	-1096718400	17.8
17782	-1094126400	20.9
17782	-1091448000	24.1
17782	-1088856000	29.3
17782	-1086177600	30.7
17782	-1083499200	23.5
17782	-1080907200	18.9
17782	-1078228800	13.8
17782	-1075636800	7.4
17782	-1072958400	5.9
17782	-1070280000	9.6
17782	-1067774400	10.9
17782	-1065096000	19.2
17782	-1062504000	22.1
17782	-1059825600	27.7
17782	-1057233600	29.8
17782	-1054555200	28.6
17782	-1051876800	26.6
17782	-1049284800	20.6
17782	-1046606400	14.6
17782	-1044014400	8.7
17782	-1041336000	7.2
17782	-1038657600	10
17782	-1036238400	14.5
17782	-1033560000	19.2
17782	-1030968000	22.8
17782	-1028289600	25.1
17782	-1025697600	29.1
17782	-1023019200	28.7
17782	-1020340800	24
17782	-1017748800	18.5
17782	-1015070400	12
17782	-1012478400	10
17782	-1009800000	7.7
17782	-1007121600	9.2
17782	-1004702400	13.4
17782	-1002024000	19
17782	-999432000	24.5
17782	-996753600	23.5
17782	-994161600	26.6
17782	-991483200	29
17782	-988804800	22.8
17782	-986212800	20.2
17782	-983534400	14.9
17782	-980942400	11.1
17782	-978264000	9.1
17782	-975585600	10.9
17782	-973166400	14.2
17782	-970488000	16.3
17782	-967896000	23.6
17782	-965217600	25
17782	-962625600	27.3
17782	-959947200	28.6
17782	-957268800	25
17782	-954676800	20.4
17782	-951998400	13.9
17782	-949406400	10.6
17782	-946728000	8.6
17782	-944049600	10.3
17782	-941544000	12.3
17782	-938865600	17.2
17782	-936273600	21.9
17782	-933595200	25.6
17782	-931003200	27.7
17782	-928324800	28.3
17782	-925646400	23.4
17782	-923054400	19.9
17782	-920376000	13.8
17782	-917784000	12
17782	-915105600	10
17782	-912427200	10.8
17782	-910008000	14.4
17782	-907329600	19.6
17782	-904737600	21.9
17782	-902059200	26.3
17782	-899467200	29.5
17782	-896788800	27.1
17782	-894110400	23.6
17782	-891518400	21
17782	-888840000	14
17782	-886248000	11
17782	-883569600	9.5
17783	-344433600	8.9
17783	-342014400	14.4
17783	-339336000	20.6
17783	-336744000	20
17783	-334065600	23.9
17783	-331473600	29
17784	-599572800	3.6
17784	-596894400	4.6
17784	-594475200	8
17784	-591796800	12.7
17784	-589204800	21.2
17784	-586526400	23.7
17784	-583934400	25.8
17784	-581256000	28
17784	-578577600	22.3
17784	-575985600	18.1
17784	-573307200	11.5
17784	-570715200	8.9
17784	-568036800	5.9
17784	-565358400	5.2
17784	-562852800	9.7
17784	-560174400	18.9
17784	-557582400	21.5
17784	-554904000	26.2
17784	-552312000	29
17784	-549633600	26.1
17784	-546955200	22.7
17784	-544363200	15.3
17784	-541684800	11.7
17784	-539092800	5.5
17784	-536414400	3.9
17784	-533736000	6.2
17784	-531316800	10.7
17784	-528638400	14.1
17784	-526046400	20.4
17784	-523368000	24.2
17784	-520776000	26.8
17784	-518097600	27
17784	-515419200	21.4
17784	-512827200	16.1
17784	-510148800	11.3
17784	-507556800	6.4
17784	-504878400	4.5
17784	-502200000	6.4
17784	-499780800	9.1
17784	-497102400	15
17784	-494510400	19.8
17784	-491832000	22.7
17784	-489240000	25.2
17784	-486561600	25.2
17784	-483883200	22.7
17784	-481291200	15.4
17784	-478612800	12.9
17784	-476020800	2.6
17784	-473342400	2.7
17784	-470664000	7.6
17784	-468244800	9.8
17784	-465566400	13.8
17784	-462974400	18.5
17785	-599572800	2.9
17785	-596894400	5.9
17785	-594475200	7
17785	-591796800	10.9
17785	-589204800	18.2
17785	-586526400	18.9
17785	-583934400	21.9
17785	-581256000	22.3
17785	-578577600	18.1
17785	-575985600	15.9
17785	-573307200	8.9
17785	-570715200	6.6
17785	-568036800	4
17785	-565358400	5.6
17785	-562852800	10.2
17785	-560174400	15.9
17785	-557582400	18.5
17785	-554904000	20.5
17785	-552312000	22.9
17785	-549633600	20.3
17785	-546955200	18.6
17785	-544363200	12.3
17785	-541684800	11.8
17785	-539092800	3.2
17785	-536414400	3.1
17785	-533736000	6.5
17785	-531316800	10.2
17785	-528638400	12.2
17785	-526046400	16.9
17785	-523368000	20.9
17785	-520776000	22.8
17785	-518097600	23.5
17785	-515419200	17.1
17785	-512827200	14.7
17785	-510148800	10.4
17785	-507556800	6.2
17785	-504878400	4.9
17785	-502200000	6.6
17785	-499780800	8
17785	-497102400	14.8
17785	-494510400	18.3
17785	-491832000	20.5
17785	-489240000	22
17785	-486561600	21.3
17785	-483883200	18.6
17785	-481291200	12.7
17785	-478612800	12.2
17786	1104580800	2.4
17786	1107259200	3.2
17786	1109678400	10
17786	1112356800	17.6
17786	1114948800	20.2
17786	1117627200	23.8
17786	1120219200	25.6
17786	1122897600	24
17786	1125576000	22.9
17786	1128168000	15.7
17786	1130846400	11.9
17786	1133438400	5.3
17786	1136116800	4.7
17786	1138795200	5.6
17786	1141214400	11.4
17786	1143892800	18.4
17786	1146484800	20.3
17786	1149163200	22.7
17786	1151755200	27.4
17786	1154433600	27.1
17786	1157112000	23.1
17786	1159704000	17.6
17786	1162382400	12.2
17786	1164974400	6
17786	1167652800	3.9
17786	1170331200	12.3
17786	1172750400	12.6
17786	1175428800	15.5
17786	1178020800	21.9
17786	1180699200	22.1
17786	1183291200	25.1
17786	1185969600	25.8
17786	1188648000	20.1
17786	1191240000	16
17786	1193918400	12.3
17786	1196510400	6.6
17786	1199188800	1.6
17786	1201867200	3.6
17786	1204372800	12.6
17786	1207051200	16.7
17786	1209643200	20.3
17786	1212321600	23.1
17786	1214913600	25.2
17786	1217592000	24.3
17786	1220270400	23.2
17786	1222862400	17.5
17786	1225540800	11.7
17786	1228132800	7.5
17786	1230811200	4.8
17786	1233489600	10.7
17786	1235908800	12.3
17786	1238587200	15.2
17786	1241179200	19.7
17786	1243857600	23.4
17786	1246449600	25.1
17786	1249128000	26
17786	1251806400	23.9
17786	1254398400	17.1
17786	1257076800	10.4
17786	1259668800	5.8
17786	1262347200	6.7
17786	1265025600	7.3
17786	1267444800	12.2
17786	1270123200	14
17786	1272715200	19.4
17786	1275393600	21.2
17786	1277985600	26.4
17786	1280664000	26.6
17786	1283342400	22.3
17786	1285934400	15.7
17786	1288612800	12.5
17786	1291204800	7.2
17786	1293883200	0.2
17786	1296561600	8.9
17786	1298980800	8.5
17786	1301659200	16
17786	1304251200	21.1
17786	1306929600	23.2
17786	1309521600	25.9
17786	1312200000	26.6
17786	1314878400	22.8
17786	1317470400	16.5
17786	1320148800	15.9
17786	1322740800	4.6
17786	1325419200	2
17786	1328097600	3.2
17786	1330603200	9.3
17786	1333281600	18.1
17786	1335873600	20.3
17786	1338552000	21.6
17786	1341144000	25.6
17786	1343822400	25.3
17786	1346500800	20.5
17786	1349092800	16.2
17786	1351771200	10.5
17786	1354363200	5.3
17787	-283953600	4.2
17787	-281275200	5.7
17787	-278856000	9.6
17787	-276177600	15.8
17787	-273585600	19.3
17787	-270907200	24.9
17787	-268315200	26.3
17787	-265636800	25.1
17787	-262958400	20.9
17787	-260366400	16.5
17787	-257688000	11.1
17787	-255096000	7.4
17787	-252417600	3.3
17787	-249739200	9
17787	-247320000	11.1
17787	-244641600	14.9
17787	-242049600	18.9
17787	-239371200	21.8
17787	-236779200	26
17787	-234100800	24.3
17787	-231422400	21.4
17787	-228830400	15.9
17787	-226152000	10.1
17787	-223560000	7
17787	-220881600	4.3
17787	-218203200	5.3
17787	-215784000	11.1
17787	-213105600	17
17787	-210513600	21.8
17787	-207835200	22
17787	-205243200	24.9
17787	-202564800	25.1
17787	-199886400	24.4
17787	-197294400	15.2
17787	-194616000	12.4
17787	-192024000	7.3
17787	-189345600	4
17787	-186667200	1.2
17787	-184161600	11.1
17787	-181483200	18.5
17787	-178891200	20.5
17787	-176212800	20.8
17787	-173620800	26.1
17787	-170942400	24.3
17787	-168264000	21.8
17787	-165672000	16.3
17787	-162993600	10.9
17787	-160401600	5
17787	-157723200	6.4
17787	-155044800	6.5
17787	-152625600	9.7
17787	-149947200	15.5
17787	-147355200	19.2
17787	-144676800	21.2
17787	-142084800	25.3
17787	-139406400	23.6
17787	-136728000	19.6
17787	-134136000	16.5
17787	-131457600	11.9
17787	-128865600	5.5
17787	-126187200	6
17787	-123508800	9.6
17787	-121089600	13.5
17787	-118411200	15.4
17787	-115819200	18.9
17787	-113140800	21.9
17787	-110548800	25.3
17787	-107870400	25.1
17787	-105192000	20.5
17787	-102600000	16.7
17787	-99921600	11
17787	-97329600	4.9
17787	-94651200	4.2
17787	-91972800	5
17787	-89553600	11.5
17787	-86875200	14.9
17787	-84283200	21.9
17787	-81604800	22.9
17787	-79012800	25.6
17787	-76334400	25
17787	-73656000	20.4
17787	-71064000	14.7
17787	-68385600	9.8
17787	-65793600	4.1
17787	-63115200	4.1
17787	-60436800	2
17787	-57931200	10.6
17787	-55252800	14.4
17787	-52660800	18.7
17787	-49982400	21.3
17787	-47390400	24.4
17787	-44712000	24.4
17787	-42033600	21.4
17787	-39441600	15.8
17787	-36763200	12.8
17787	-34171200	8.8
17787	-31492800	3.5
17787	-28814400	3.7
17787	-26395200	11.1
17787	-23716800	17.4
17787	-21124800	21.8
17787	-18446400	21.2
17787	-15854400	25.1
17787	-13176000	24.1
17787	-10497600	21.7
17787	-7905600	17.6
17787	-5227200	9.4
17787	-2635200	6.5
17787	43200	3.5
17787	2721600	7.4
17787	5140800	6.8
17787	7819200	14.8
17787	10411200	20.3
17787	13089600	21.6
17787	15681600	24.4
17787	18360000	25.2
17787	21038400	21.2
17787	23630400	15.3
17787	26308800	10.3
17787	28900800	6.9
17788	-599572800	7.6
17788	-596894400	9.3
17788	-594475200	12
17788	-591796800	15.9
17788	-589204800	24.2
17788	-586526400	25.7
17788	-583934400	28.6
17788	-581256000	30
17788	-578577600	24.7
17788	-575985600	21.3
17788	-573307200	14.3
17788	-570715200	12.4
17788	-568036800	9
17788	-565358400	8.1
17788	-562852800	12.6
17788	-560174400	20.4
17788	-557582400	23
17788	-554904000	27
17788	-552312000	29.4
17788	-549633600	26.8
17788	-546955200	24.9
17788	-544363200	17.7
17788	-541684800	14.1
17788	-539092800	8.5
17788	-536414400	6.5
17788	-533736000	9.3
17788	-531316800	13.5
17788	-528638400	16.1
17788	-526046400	21.9
17788	-523368000	26.4
17788	-520776000	28.9
17788	-518097600	29.3
17788	-515419200	23.7
17788	-512827200	18.7
17788	-510148800	13.9
17788	-507556800	9.1
17788	-504878400	6.7
17788	-502200000	8.5
17788	-499780800	12
17788	-497102400	17.5
17788	-494510400	22
17788	-491832000	24.7
17788	-489240000	27.3
17788	-486561600	27.2
17788	-483883200	24.6
17788	-481291200	17.7
17788	-478612800	15.7
17788	-476020800	5.3
17788	-473342400	4.5
17788	-470664000	10.6
17788	-468244800	12.2
17788	-465566400	16.4
17788	-462974400	20.7
17788	-460296000	25.2
17788	-457704000	28.9
17788	-455025600	27.7
17788	-452347200	27.1
17788	-449755200	19.8
17788	-447076800	13.4
17788	-444484800	11.3
17788	-441806400	5.1
17788	-439128000	8.3
17788	-436622400	11.8
17788	-433944000	20.5
17788	-431352000	21
17788	-428673600	27.6
17788	-426081600	28.9
17788	-423403200	27.4
17788	-420724800	24.2
17788	-418132800	19.1
17788	-415454400	12.4
17788	-412862400	7.3
17788	-410184000	5.9
17788	-407505600	4.8
17788	-405086400	12.8
17788	-402408000	18
17788	-399816000	21.1
17788	-397137600	24.7
17788	-394545600	28.6
17788	-391867200	26.8
17788	-389188800	23.4
17788	-386596800	18.5
17788	-383918400	15.4
17788	-381326400	9.4
17788	-378648000	6.1
17788	-375969600	8.5
17788	-373550400	14.5
17788	-370872000	21.3
17788	-368280000	20.1
17788	-365601600	25.7
17788	-363009600	28.9
17788	-360331200	27.2
17788	-357652800	23.9
17788	-355060800	17
17788	-352382400	14
17788	-349790400	10.5
17788	-347112000	6.5
17788	-344433600	6.4
17788	-342014400	15.1
17788	-339336000	19.3
17788	-336744000	20
17788	-334065600	25
17788	-331473600	29.6
17788	-328795200	29.7
17788	-326116800	25.1
17788	-323524800	19.6
17788	-320846400	13
17788	-318254400	8.6
17788	-315576000	7
17788	-312897600	10.3
17788	-310392000	14.8
17788	-307713600	16.7
17788	-305121600	20.4
17788	-302443200	26.1
17788	-299851200	27.5
17788	-297172800	28.6
17788	-294494400	25.9
17788	-291902400	19
17788	-289224000	13.1
17788	-286632000	8.4
17788	-283953600	6.7
17788	-281275200	8
17788	-278856000	12.3
17788	-276177600	18.5
17788	-273585600	22.2
17788	-270907200	27.8
17788	-268315200	30.8
17788	-265636800	28.6
17788	-262958400	24.8
17788	-260366400	19.2
17788	-257688000	13.3
17788	-255096000	9.3
17788	-252417600	5.5
17788	-249739200	11.3
17788	-247320000	14
17788	-244641600	16.9
17788	-242049600	21
17788	-239371200	24.5
17788	-236779200	29.3
17788	-234100800	27.7
17788	-231422400	24.4
17788	-228830400	18.9
17788	-226152000	12.8
17788	-223560000	8.9
17788	-220881600	7.4
17788	-218203200	8
17788	-215784000	13.2
17788	-213105600	18.9
17788	-210513600	24.2
17788	-207835200	25.3
17788	-205243200	27.6
17788	-202564800	28.5
17788	-199886400	27.6
17788	-197294400	18
17788	-194616000	14.1
17788	-192024000	9.3
17788	-189345600	6
17788	-186667200	3
17788	-184161600	12.9
17788	-181483200	20.1
17788	-178891200	22.6
17788	-176212800	23.4
17788	-173620800	29.5
17788	-170942400	28.1
17788	-168264000	25.1
17788	-165672000	19.2
17788	-162993600	14
17788	-160401600	8
17788	-157723200	8.4
17788	-155044800	8.8
17788	-152625600	12.3
17788	-149947200	17.4
17788	-147355200	21.9
17788	-144676800	23.9
17788	-142084800	28.8
17788	-139406400	27.2
17788	-136728000	23.2
17788	-134136000	19
17788	-131457600	15.3
17788	-128865600	8.1
17788	-126187200	8.2
17788	-123508800	12.2
17788	-121089600	16.2
17788	-118411200	17.9
17788	-115819200	21.6
17788	-113140800	25.4
17788	-110548800	28.6
17788	-107870400	29.8
17788	-105192000	24.4
17788	-102600000	18.7
17788	-99921600	13.5
17788	-97329600	7
17788	-94651200	7.2
17788	-91972800	7.8
17788	-89553600	13.5
17788	-86875200	16.9
17788	-84283200	23.8
17788	-81604800	26
17788	-79012800	28.5
17788	-76334400	28.2
17788	-73656000	23
17788	-71064000	17
17788	-68385600	11.5
17788	-65793600	6.6
17788	-63115200	6.6
17788	-60436800	4.7
17788	-57931200	13.1
17788	-55252800	17.8
17788	-52660800	21.3
17788	-49982400	24
17788	-47390400	27.4
17788	-44712000	27.7
17788	-42033600	25.4
17788	-39441600	17.8
17788	-36763200	15.5
17788	-34171200	11.2
17788	-31492800	5.5
17788	-28814400	6
17788	-26395200	13.1
17788	-23716800	19.5
17788	-21124800	24.1
17788	-18446400	23.8
17788	-15854400	27.6
17788	-13176000	27.3
17788	-10497600	25.7
17788	-7905600	20.6
17788	-5227200	12.1
17788	-2635200	8.4
17788	43200	5.9
17788	2721600	9.3
17788	5140800	9.4
17788	7819200	16.9
17788	10411200	22.4
17788	13089600	24
17788	15681600	27.5
17788	18360000	28.9
17788	21038400	24.1
17788	23630400	19.1
17788	26308800	13.1
17788	28900800	8.8
17788	31579200	6.9
17788	34257600	7.5
17788	36676800	12.3
17788	39355200	18
17788	41947200	21.5
17788	44625600	26.1
17788	47217600	29
17788	49896000	26.8
17788	52574400	23.5
17788	55166400	17.3
17788	57844800	14.1
17788	60436800	9.1
17788	63115200	7.6
17788	65793600	4.6
17788	68299200	15.3
17788	70977600	16.6
17788	73569600	22.9
17788	76248000	26.4
17788	78840000	29.4
17788	81518400	30
17788	84196800	22.2
17788	86788800	18.2
17788	89467200	14
17788	92059200	9.1
17788	94737600	6.7
17788	97416000	10.2
17788	99835200	14.1
17788	102513600	19.8
17788	105105600	21.8
17788	107784000	24.8
17788	110376000	27.9
17788	113054400	27.8
17788	115732800	23.4
17788	118324800	19.9
17788	121003200	14.1
17788	123595200	10.6
17788	126273600	5.6
17788	128952000	8
17788	131371200	13.6
17788	134049600	20.2
17788	136641600	23.3
17788	139320000	25
17788	141912000	27.6
17788	144590400	26.5
17788	147268800	24.8
17788	149860800	19.2
17788	152539200	14.6
17788	155131200	6.9
17788	157809600	7.8
17788	160488000	8.8
17788	162907200	13.5
17788	165585600	18.3
17788	168177600	19.6
17788	170856000	26.4
17788	173448000	29.9
17788	176126400	28.3
17788	178804800	27
17788	181396800	19.4
17788	184075200	11.7
17788	186667200	7.5
17788	189345600	6.3
17788	192024000	10.3
17788	194529600	10.7
17788	197208000	17.2
17788	199800000	22.3
17788	202478400	24
17788	205070400	26.5
17788	207748800	28.9
17788	210427200	23.2
17788	213019200	19.5
17788	215697600	11.4
17788	218289600	8.2
17788	220968000	3.1
17788	223646400	6.8
17788	226065600	14.2
17788	228744000	18.7
17788	231336000	20.9
17788	234014400	23.6
17788	236606400	28.3
17788	239284800	27.8
17788	241963200	24.6
17788	244555200	19.7
17788	247233600	13.2
17788	249825600	10.2
17788	252504000	7.2
17788	255182400	8.4
17788	257601600	12.9
17788	260280000	19.1
17788	262872000	22.1
17788	265550400	24.9
17788	268142400	29.9
17788	270820800	28.4
17788	273499200	24.4
17788	276091200	18.7
17788	278769600	11.6
17788	281361600	10.3
17788	284040000	8.5
17788	286718400	12.2
17788	289137600	12.3
17788	291816000	19.6
17788	294408000	20.4
17788	297086400	25.5
17788	299678400	28.7
17788	302356800	27.9
17788	305035200	23.2
17788	307627200	20.1
17788	310305600	13.3
17788	312897600	9.7
17788	315576000	6.9
17788	318254400	6.4
17788	320760000	11
17788	323438400	17.4
17788	326030400	23.1
17788	328708800	25.9
17788	331300800	27.5
17788	333979200	25.6
17788	336657600	23.6
17788	339249600	19.2
17788	341928000	16.1
17788	344520000	9.8
17788	347198400	5.7
17788	349876800	9.5
17788	352296000	14.4
17788	354974400	18.4
17788	357566400	20.8
17788	360244800	26.2
17788	362836800	29.3
17788	365515200	31
17788	368193600	24.9
17788	370785600	16.8
17788	373464000	11.9
17788	376056000	9.2
17788	378734400	8.4
17788	381412800	6.6
17788	383832000	12.6
17788	386510400	15.3
17788	389102400	23.4
17788	391780800	23.4
17788	394372800	29.2
17788	397051200	27.5
17788	399729600	22.5
17788	402321600	20.4
17788	4.05e+08	13.7
17788	407592000	7.4
17788	410270400	5.8
17788	412948800	7.7
17788	415368000	11
17788	418046400	18
17788	420638400	23.1
17788	423316800	25.7
17788	425908800	28.7
17788	428587200	27.8
17788	431265600	25.9
17788	433857600	20.1
17788	436536000	15.3
17788	439128000	9
17788	441806400	4.2
17788	444484800	5.8
17788	446990400	11.9
17788	449668800	17.9
17788	452260800	21.5
17788	454939200	26.7
17788	457531200	29.1
17788	460209600	27.5
17788	462888000	23.7
17788	465480000	18.1
17788	468158400	15.1
17788	470750400	6.2
17788	473428800	7
17788	476107200	8.1
17788	478526400	9
17788	481204800	18
17788	483796800	23.4
17788	486475200	25.5
17788	489067200	28.6
17788	491745600	29.1
17788	494424000	24.6
17788	497016000	19.8
17788	499694400	14.3
17788	502286400	7
17788	504964800	7.7
17788	507643200	7.3
17788	510062400	12.7
17788	512740800	18.2
17788	515332800	23.4
17788	518011200	25.5
17788	520603200	27.1
17788	523281600	27.2
17788	525960000	24.5
17788	528552000	18.2
17788	531230400	12.2
17788	533822400	9.2
17788	536500800	9.3
17788	539179200	10.8
17788	541598400	13
17788	544276800	18.1
17788	546868800	22.1
17788	549547200	24.6
17788	552139200	27
17788	554817600	28.1
17788	557496000	23.4
17788	560088000	18.7
17788	562766400	13.8
17788	565358400	8.5
17788	568036800	7.3
17788	570715200	7.1
17788	573220800	10.3
17788	575899200	18.6
17788	578491200	22.8
17788	581169600	26.3
17788	583761600	29.9
17788	586440000	27.4
17788	589118400	23
17788	591710400	18.5
17788	594388800	15
17788	596980800	10
17788	599659200	5.5
17788	602337600	5.4
17788	604756800	10.9
17788	607435200	16.8
17788	610027200	22.1
17788	612705600	24.9
17788	615297600	28.5
17788	617976000	27.7
17788	620654400	24.5
17788	623246400	18.6
17788	625924800	13
17788	628516800	9.8
17788	631195200	7
17788	633873600	7
17788	636292800	13.2
17788	638971200	17.9
17788	641563200	22.2
17788	644241600	25.5
17788	646833600	28.3
17788	649512000	29.8
17788	652190400	26.4
17788	654782400	17.6
17788	657460800	15.7
17788	660052800	9.5
17788	662731200	6.1
17788	665409600	9.3
17788	667828800	12.8
17788	670507200	16.8
17788	673099200	22.2
17788	675777600	26.4
17788	678369600	27
17788	681048000	27.4
17788	683726400	24.3
17788	686318400	17.8
17788	688996800	13.8
17788	691588800	9.4
17788	694267200	7.5
17788	696945600	8.1
17788	699451200	10.2
17788	702129600	19.4
17788	704721600	21.5
17788	707400000	24.8
17788	709992000	27
17788	712670400	28.6
17788	715348800	25.2
17788	717940800	17.8
17788	720619200	14.2
17788	723211200	10.2
17788	725889600	5.4
17788	728568000	10.3
17788	730987200	12.4
17788	733665600	18.2
17788	736257600	21.5
17788	738936000	26
17788	741528000	27
17788	744206400	26.3
17788	746884800	24
17788	749476800	18
17788	752155200	14
17788	754747200	8.3
17788	757425600	7.6
17788	760104000	8.6
17788	762523200	11
17788	765201600	19.1
17788	767793600	23.9
17788	770472000	25.5
17788	773064000	28.3
17788	775742400	29
17788	778420800	23.2
17788	781012800	17.6
17788	783691200	15.6
17788	786283200	9.8
17788	788961600	5.7
17788	791640000	8.2
17788	794059200	12.8
17788	796737600	17.3
17788	799329600	22.2
17788	802008000	25.2
17788	804600000	27.9
17788	807278400	28.2
17788	809956800	24.4
17788	812548800	19.2
17788	815227200	13.5
17788	817819200	8.7
17788	820497600	5.8
17788	823176000	7.5
17788	825681600	11.4
17788	828360000	16.2
17788	830952000	21.1
17788	833630400	25.4
17788	836222400	27.3
17788	838900800	28.1
17788	841579200	25.5
17788	844171200	19.9
17788	846849600	13
17788	849441600	9.7
17788	852120000	7.9
17788	854798400	8.1
17788	857217600	13.8
17788	859896000	17
17788	862488000	23.1
17788	865166400	24.7
17788	867758400	27.3
17788	870436800	29.4
17788	873115200	22.7
17788	875707200	18.2
17788	878385600	13.9
17788	880977600	7.9
17788	883656000	6.4
17788	886334400	9.5
17788	888753600	11.5
17788	891432000	21.8
17788	894024000	23
17788	896702400	25.2
17788	899294400	28.3
17788	901972800	28.3
17788	904651200	24
17788	907243200	20.2
17788	909921600	15.1
17788	912513600	10.6
17788	915192000	7.5
17788	917870400	11.7
17788	920289600	13.1
17788	922968000	18.8
17788	925560000	22.1
17788	928238400	25.2
17788	930830400	26.5
17788	933508800	26.7
17788	936187200	25.2
17788	938779200	19.6
17788	941457600	14.3
17788	944049600	10.1
17788	946728000	6.8
17788	949406400	7
17788	951912000	13.7
17788	954590400	17.9
17788	957182400	23.2
17788	959860800	25
17788	962452800	28.6
17788	965131200	26.9
17788	967809600	23.8
17788	970401600	19.2
17788	973080000	12.6
17788	975672000	9.6
17788	978350400	7.8
17788	981028800	9.5
17788	983448000	15.6
17788	986126400	17.3
17788	988718400	21.5
17788	991396800	24.5
17788	993988800	28.7
17788	996667200	27
17788	999345600	25.9
17788	1001937600	19.4
17788	1004616000	14.7
17788	1007208000	7.1
17788	1009886400	9.5
17788	1012564800	10.8
17788	1014984000	14.9
17788	1017662400	18.6
17788	1020254400	20.6
17788	1022932800	26.2
17788	1025524800	28.3
17788	1028203200	25.6
17788	1030881600	23.5
17788	1033473600	19
17788	1036152000	15.1
17788	1038744000	8.4
17788	1041422400	7.2
17788	1044100800	10.5
17788	1046520000	12.4
17788	1049198400	18.6
17788	1051790400	22.2
17788	1054468800	25.3
17788	1057060800	28.7
17788	1059739200	28.9
17788	1062417600	25.2
17788	1065009600	19
17788	1067688000	14.3
17788	1070280000	8.4
17788	1072958400	6.9
17788	1075636800	12.1
17788	1078142400	12.9
17788	1080820800	18.8
17788	1083412800	22.9
17788	1086091200	24.3
17788	1088683200	27
17788	1091361600	28
17788	1094040000	24.5
17788	1096632000	18.1
17788	1099310400	14.8
17788	1101902400	9.6
17788	1104580800	5
17788	1107259200	6.1
17788	1109678400	12.2
17788	1112356800	20.3
17788	1114948800	22.4
17788	1117627200	27.1
17788	1120219200	29.2
17788	1122897600	27.1
17788	1125576000	26.3
17788	1128168000	18.8
17788	1130846400	14.8
17788	1133438400	8.6
17788	1136116800	7.4
17788	1138795200	7.7
17788	1141214400	14.1
17788	1143892800	20.8
17788	1146484800	23.2
17788	1149163200	25.3
17788	1151755200	29.7
17788	1154433600	29
17788	1157112000	25.4
17788	1159704000	20.4
17788	1162382400	14.8
17788	1164974400	8.8
17788	1167652800	6.3
17788	1170331200	13.4
17788	1172750400	14.5
17788	1175428800	18
17788	1178020800	24.4
17788	1180699200	25.2
17788	1183291200	27.7
17788	1185969600	28.5
17788	1188648000	23
17788	1191240000	19
17788	1193918400	15
17788	1196510400	9.8
17788	1199188800	4.4
17788	1201867200	7.1
17788	1204372800	14.9
17788	1207051200	19.1
17788	1209643200	23.3
17788	1212321600	25.9
17788	1214913600	28.2
17788	1217592000	26.9
17788	1220270400	25.8
17788	1222862400	19.9
17788	1225540800	14.6
17788	1228132800	9.9
17788	1230811200	7.3
17788	1233489600	12.3
17788	1235908800	14.6
17788	1238587200	17.5
17788	1241179200	22
17788	1243857600	26.6
17788	1246449600	27.8
17788	1249128000	29.3
17788	1251806400	26.5
17788	1254398400	20
17788	1257076800	12.5
17788	1259668800	8.1
17788	1262347200	8.4
17788	1265025600	9.8
17788	1267444800	13.8
17788	1270123200	16.1
17788	1272715200	21.3
17788	1275393600	23.6
17788	1277985600	29.2
17788	1280664000	29
17788	1283342400	24.5
17788	1285934400	18
17788	1288612800	14.7
17788	1291204800	9.1
17788	1293883200	3.5
17788	1296561600	10.4
17788	1298980800	11.6
17788	1301659200	18.2
17788	1304251200	23.1
17788	1306929600	25.3
17788	1309521600	29
17788	1312200000	29.6
17788	1314878400	25.1
17788	1317470400	18.5
17788	1320148800	16.6
17788	1322740800	7.4
17788	1325419200	4.9
17788	1328097600	6
17788	1330603200	11.7
17788	1333281600	19.7
17788	1335873600	22.4
17788	1338552000	24.4
17788	1341144000	28.5
17788	1343822400	28.1
17788	1346500800	23.4
17788	1349092800	18.4
17788	1351771200	12.9
17788	1354363200	7.4
17789	-999432000	22.9
17789	-996753600	25.2
17789	-994161600	28
17789	-991483200	28
17789	-988804800	23.8
17789	-986212800	20.3
17789	-983534400	13.1
17789	-980942400	7.9
17789	-978264000	5.6
17789	-975585600	6.7
17789	-973166400	11.4
17789	-970488000	15.5
17789	-967896000	23
17789	-965217600	25
17789	-962625600	27.9
17789	-959947200	28.2
17789	-957268800	24
17789	-954676800	18.8
17789	-951998400	12
17789	-949406400	7.5
17789	-946728000	6.1
17789	-944049600	6.8
17789	-941544000	10.3
17789	-938865600	16.8
17789	-936273600	20.8
17789	-933595200	25
17789	-931003200	28.7
17789	-928324800	27.6
17789	-925646400	24
17789	-923054400	19.1
17789	-920376000	13
17789	-917784000	9.6
17789	-915105600	6.7
17789	-912427200	7.2
17789	-910008000	12.3
17789	-907329600	17.6
17789	-904737600	22.7
17789	-902059200	26.7
17789	-899467200	28
17789	-896788800	27.4
17789	-894110400	23.1
17789	-891518400	19.5
17789	-888840000	12.3
17789	-886248000	8.6
17789	-883569600	6.4
17789	-880891200	5.5
17789	-878472000	13.5
17789	-875793600	16.7
17789	-873201600	21.5
17789	-870523200	25.2
17789	-867931200	28.6
17789	-865252800	26.9
17789	-862574400	24.6
17789	-859982400	18.1
17789	-857304000	14.5
17789	-854712000	7.8
17789	-852033600	3.9
17789	-849355200	6.4
17789	-846936000	11.3
17789	-844257600	15.9
17789	-841665600	22.6
17789	-838987200	25.6
17789	-836395200	27.4
17789	-833716800	27.3
17789	-831038400	24
17789	-828446400	17
17789	-825768000	13
17789	-823176000	8.8
17789	-820497600	4.2
17789	-817819200	6.6
17789	-815313600	12.1
17789	-812635200	15.5
17789	-810043200	21.3
17789	-807364800	25.3
17789	-804772800	28.7
17789	-802094400	27
17789	-799416000	24.3
17789	-796824000	15.2
17789	-794145600	12.4
17789	-791553600	3.9
17789	-788875200	3.5
17789	-786196800	4.1
17789	-783777600	10.5
17789	-781099200	17.8
17789	-778507200	22.3
17789	-775828800	27.6
17789	-773236800	29.1
17789	-770558400	27.5
17789	-767880000	26
17789	-765288000	17.8
17789	-762609600	14.9
17789	-760017600	8.6
17789	-757339200	7.1
17789	-754660800	10.3
17789	-752241600	9.1
17789	-749563200	19.5
17789	-746971200	21.9
17789	-744292800	25.8
17789	-741700800	27.9
17789	-739022400	28.8
17789	-736344000	25.2
17789	-733752000	18.7
17789	-731073600	13.8
17789	-728481600	6
17789	-725803200	5.6
17789	-723124800	5.8
17789	-720705600	12.1
17789	-718027200	17.3
17789	-715435200	22
17789	-712756800	25.4
17789	-710164800	29.2
17789	-707486400	28.5
17789	-704808000	24.5
17789	-702216000	15.8
17789	-699537600	12.7
17789	-696945600	6.6
17789	-694267200	6.2
17789	-691588800	7.5
17789	-689083200	9.8
17789	-686404800	18.4
17789	-683812800	19.8
17789	-681134400	25.3
17789	-678542400	27.8
17789	-675864000	27.5
17789	-673185600	24.9
17789	-670593600	17.4
17789	-667915200	10.2
17789	-665323200	8.1
17789	-662644800	6.7
17789	-659966400	7.2
17790	-1554206400	15.6
17790	-1551528000	12.4
17790	-1548936000	6.2
17790	-1546257600	4.3
17790	-1543579200	5.6
17790	-1541160000	10
17790	-1538481600	17.3
17790	-1535889600	19.3
17790	-1533211200	22.4
17790	-1530619200	23.6
17790	-1527940800	23.5
17790	-1525262400	18.1
17790	-1522670400	14.9
17790	-1519992000	10.7
17790	-1517400000	6.8
17790	-1514721600	2.7
17790	-1512043200	8.3
17790	-1509624000	10.5
17790	-1506945600	15.3
17790	-1504353600	21
17790	-1501675200	19.6
17790	-1499083200	25.3
17790	-1496404800	24.1
17790	-1493726400	19.8
17790	-1491134400	14.6
17790	-1488456000	9.4
17790	-1485864000	5.3
17790	-1483185600	4.7
17790	-1480507200	4.7
17790	-1478088000	13.8
17790	-1475409600	16.7
17790	-1472817600	19.9
17790	-1470139200	21.8
17790	-1467547200	24.1
17790	-1464868800	24.1
17790	-1462190400	20.6
17790	-1459598400	16.4
17790	-1456920000	11.9
17790	-1454328000	5.4
17790	-1451649600	5.7
17790	-1448971200	5.2
17790	-1446465600	8.7
17790	-1443787200	16.1
17790	-1441195200	21.1
17790	-1438516800	21.3
17790	-1435924800	24.4
17790	-1433246400	24.1
17790	-1430568000	21.2
17790	-1427976000	15.4
17790	-1425297600	10.5
17790	-1422705600	7.9
17790	-1420027200	0
17790	-1417348800	2.5
17790	-1414929600	11.8
17790	-1412251200	12.6
17790	-1409659200	19.8
17790	-1406980800	22.8
17790	-1404388800	25.2
17790	-1401710400	24.3
17790	-1399032000	20.1
17790	-1396440000	15.7
17790	-1393761600	12.1
17790	-1391169600	6.8
17790	-1388491200	5.4
17790	-1385812800	5.5
17790	-1383393600	10.3
17790	-1380715200	16.4
17790	-1378123200	20.9
17790	-1375444800	20.5
17790	-1372852800	23.3
17790	-1370174400	24.1
17790	-1367496000	21.9
17790	-1364904000	14.3
17790	-1362225600	10.7
17790	-1359633600	6
17790	-1356955200	4.6
17790	-1354276800	3.8
17790	-1351857600	10.4
17790	-1349179200	14.6
17790	-1346587200	19
17790	-1343908800	22.5
17790	-1341316800	23.8
17790	-1338638400	23.1
17790	-1335960000	19.8
17790	-1333368000	14.9
17790	-1330689600	10.5
17790	-1328097600	8.1
17790	-1325419200	5.3
17790	-1322740800	5.8
17790	-1320235200	16.3
17790	-1317556800	16.4
17790	-1314964800	19.4
17790	-1312286400	21
17790	-1309694400	24.3
17790	-1307016000	22.9
17790	-1304337600	20.5
17790	-1301745600	13.6
17790	-1299067200	9.1
17790	-1296475200	4.4
17790	-1293796800	2.8
17790	-1291118400	5.1
17790	-1288699200	11
17790	-1286020800	13.8
17790	-1283428800	18.9
17790	-1280750400	22
17790	-1278158400	23.8
17790	-1275480000	22.9
17790	-1272801600	18.9
17790	-1270209600	14.5
17790	-1267531200	8.6
17790	-1264939200	5.7
17790	-1262260800	-2
17790	-1259582400	9
17790	-1257163200	9.7
17790	-1254484800	17
17790	-1251892800	19.8
17790	-1249214400	21.3
17790	-1246622400	25.5
17790	-1243944000	23.6
17790	-1241265600	19.5
17790	-1238673600	13.2
17790	-1235995200	10.5
17790	-1233403200	5.7
17790	-1230724800	5.5
17790	-1228046400	4.8
17790	-1225627200	11.1
17790	-1222948800	16.5
17790	-1220356800	19.8
17790	-1217678400	22.4
17790	-1215086400	23
17790	-1212408000	23.7
17790	-1209729600	19.3
17790	-1207137600	14.4
17790	-1204459200	11.6
17790	-1201867200	6.6
17790	-1199188800	5
17790	-1196510400	3.3
17790	-1194004800	10.9
17790	-1191326400	16.9
17790	-1188734400	21.8
17790	-1186056000	21
17790	-1183464000	23.6
17790	-1180785600	23.3
17790	-1178107200	18.4
17790	-1175515200	13
17790	-1172836800	10.6
17790	-1170244800	5.4
17790	-1167566400	-0.7
17790	-1164888000	5.2
17790	-1162468800	10.9
17790	-1159790400	16.6
17790	-1157198400	20
17790	-1154520000	22.1
17790	-1151928000	24.1
17790	-1149249600	24.1
17790	-1146571200	19.9
17790	-1143979200	13.7
17790	-1141300800	11.2
17790	-1138708800	9.7
17790	-1136030400	0.3
17790	-1133352000	6.8
17790	-1130932800	11.1
17790	-1128254400	15.7
17790	-1125662400	21.4
17790	-1122984000	21.7
17790	-1120392000	24.4
17790	-1117713600	24.6
17790	-1115035200	21.9
17790	-1112443200	14.3
17790	-1109764800	7.1
17790	-1107172800	8.4
17790	-1104494400	3.5
17790	-1101816000	5.9
17790	-1099396800	12.7
17790	-1096718400	14.1
17790	-1094126400	18.4
17790	-1091448000	21.1
17790	-1088856000	24.1
17790	-1086177600	24.1
17790	-1083499200	19.5
17790	-1080907200	17
17790	-1078228800	11.4
17790	-1075636800	1.9
17790	-1072958400	0.4
17790	-1070280000	6.2
17790	-1067774400	5.5
17790	-1065096000	15.5
17790	-1062504000	17.9
17790	-1059825600	22
17790	-1057233600	23.9
17790	-1054555200	22.9
17790	-1051876800	19.2
17790	-1049284800	14.1
17790	-1046606400	10.8
17790	-1044014400	4.3
17790	-1041336000	3
17790	-1038657600	6
17790	-1036238400	12.1
17790	-1033560000	15.7
17790	-1030968000	19
17790	-1028289600	21.4
17790	-1025697600	24.4
17790	-1023019200	23.5
17790	-1020340800	20.8
17790	-1017748800	16.8
17790	-1015070400	8.7
17790	-1012478400	5.7
17790	-1009800000	2.4
17790	-1007121600	5
17790	-1004702400	9.5
17790	-1002024000	15.9
17790	-999432000	19.8
17790	-996753600	22.4
17790	-994161600	23.8
17790	-991483200	24
17790	-988804800	21.2
17790	-986212800	17.5
17790	-983534400	11.2
17790	-980942400	7.9
17790	-978264000	4.8
17790	-975585600	6.7
17790	-973166400	10.8
17790	-970488000	13.1
17790	-967896000	19.9
17790	-965217600	21.6
17790	-962625600	23.6
17790	-959947200	23.2
17790	-957268800	20.2
17790	-954676800	16
17790	-951998400	10.9
17790	-949406400	6.5
17790	-946728000	6.6
17790	-944049600	6.7
17790	-941544000	8.7
17790	-938865600	14.3
17790	-936273600	18.4
17790	-933595200	21.9
17790	-931003200	24.6
17790	-928324800	24.1
17790	-925646400	21.4
17790	-923054400	17.2
17790	-920376000	11.1
17790	-917784000	9.8
17790	-915105600	7.4
17790	-912427200	7.6
17790	-910008000	12.3
17790	-907329600	15.8
17790	-904737600	19.5
17790	-902059200	22.5
17790	-899467200	24.3
17790	-896788800	23.4
17790	-894110400	19.4
17790	-891518400	16.2
17790	-888840000	10.5
17790	-886248000	7.4
17790	-883569600	6.1
17790	-880891200	4.7
17790	-878472000	13
17790	-875793600	15.8
17790	-873201600	20.7
17790	-870523200	22.1
17790	-867931200	24.6
17790	-865252800	23.4
17790	-862574400	21.2
17790	-859982400	16.9
17790	-857304000	12.8
17790	-854712000	4.3
17790	-852033600	3.6
17790	-849355200	5.8
17790	-846936000	13.2
17790	-844257600	16
17790	-841665600	20.3
17790	-838987200	22.5
17790	-836395200	23.4
17790	-833716800	23.5
17790	-831038400	20.2
17790	-828446400	16
17790	-825768000	12
17790	-823176000	7.6
17790	-820497600	2.6
17790	-817819200	4.6
17790	-815313600	11.4
17790	-812635200	15.5
17790	-810043200	18.1
17790	-807364800	21.2
17790	-804772800	24.2
17790	-802094400	22.6
17790	-799416000	20.5
17790	-796824000	13.9
17790	-794145600	11.8
17790	-791553600	1.2
17790	-788875200	3.2
17790	-786196800	1.8
17790	-783777600	11
17790	-781099200	15.8
17790	-778507200	18.3
17790	-775828800	23.5
17790	-773236800	24.5
17790	-770558400	23.1
17790	-767880000	22.5
17790	-765288000	15.8
17790	-762609600	14.6
17790	-760017600	6.3
17790	-757339200	7.2
17790	-754660800	10.1
17790	-752241600	10.9
17790	-749563200	19.1
17790	-746971200	19.4
17790	-744292800	22.4
17790	-741700800	23.7
17790	-739022400	23.8
17790	-736344000	22
17790	-733752000	15.7
17790	-731073600	11.9
17790	-728481600	4.5
17790	-725803200	6.3
17790	-723124800	5.3
17790	-720705600	11.9
17790	-718027200	14.9
17790	-715435200	20.8
17790	-712756800	21.3
17790	-710164800	24.2
17790	-707486400	24
17790	-704808000	21.6
17790	-702216000	12.9
17790	-699537600	12.5
17790	-696945600	6
17790	-694267200	5.5
17790	-691588800	7.7
17790	-689083200	11.5
17790	-686404800	18.5
17790	-683812800	17.4
17790	-681134400	22.3
17790	-678542400	23.4
17790	-675864000	24
17790	-673185600	22.3
17790	-670593600	15.5
17790	-667915200	8.5
17790	-665323200	8.8
17790	-662644800	5.5
17790	-659966400	7.3
17790	-657547200	11.3
17790	-654868800	14.5
17790	-652276800	20.4
17790	-649598400	21.2
17790	-647006400	24.9
17790	-644328000	23.8
17790	-641649600	22.9
17790	-639057600	15.2
17790	-636379200	9.6
17790	-633787200	6
17790	-631108800	8.6
17790	-628430400	5
17790	-626011200	12.2
17790	-623332800	16.2
17790	-620740800	19.3
17790	-618062400	21.6
17790	-615470400	23.8
17790	-612792000	23.5
17790	-610113600	18.8
17790	-607521600	15.8
17790	-604843200	9.9
17790	-602251200	4.3
17790	-599572800	4.5
17790	-596894400	6.5
17790	-594475200	8.5
17790	-591796800	14.2
17790	-589204800	20.9
17790	-586526400	21.3
17790	-583934400	24.2
17790	-581256000	25
17790	-578577600	20.7
17790	-575985600	18
17790	-573307200	10.8
17790	-570715200	9.6
17790	-568036800	5.5
17790	-565358400	6.5
17790	-562852800	12.2
17790	-560174400	18.5
17790	-557582400	21
17790	-554904000	23.1
17790	-552312000	25.6
17790	-549633600	23.5
17790	-546955200	21.5
17790	-544363200	14.6
17790	-541684800	13.7
17790	-539092800	6.1
17790	-536414400	4.7
17790	-533736000	7.4
17790	-531316800	11.6
17790	-528638400	12.9
17790	-526046400	18.5
17790	-523368000	22.2
17790	-520776000	24.9
17790	-518097600	25
17790	-515419200	18.6
17790	-512827200	15.5
17790	-510148800	11.2
17790	-507556800	6.3
17790	-504878400	5.2
17790	-502200000	7.8
17790	-499780800	7.9
17790	-497102400	15.3
17790	-494510400	19.2
17790	-491832000	21.3
17790	-489240000	22.8
17790	-486561600	22.3
17790	-483883200	19.7
17790	-481291200	14.7
17790	-478612800	13.1
17790	-476020800	1.8
17790	-473342400	1.6
17790	-470664000	7.5
17790	-468244800	11
17790	-465566400	13.8
17790	-462974400	17.7
17790	-460296000	20.9
17790	-457704000	23
17790	-455025600	22.5
17790	-452347200	22.2
17790	-449755200	15.2
17790	-447076800	9.1
17790	-444484800	8.8
17790	-441806400	2.1
17790	-439128000	6.5
17790	-436622400	10.8
17790	-433944000	17.3
17790	-431352000	17.4
17790	-428673600	22.1
17790	-426081600	23.2
17790	-423403200	22.2
17790	-420724800	19.2
17790	-418132800	15
17790	-415454400	9
17790	-412862400	4.5
17790	-410184000	5.8
17790	-407505600	2.2
17790	-405086400	11.3
17790	-402408000	15.7
17790	-399816000	18.2
17790	-397137600	20.2
17790	-394545600	23.4
17790	-391867200	22.5
17790	-389188800	18.7
17790	-386596800	13.8
17790	-383918400	12.4
17790	-381326400	7.3
17790	-378648000	3.7
17790	-375969600	5
17790	-373550400	14.1
17790	-370872000	18.8
17790	-368280000	17.7
17790	-365601600	21.9
17790	-363009600	23.5
17790	-360331200	21.5
17790	-357652800	19.2
17790	-355060800	13
17790	-352382400	11.1
17790	-349790400	8
17790	-347112000	3.5
17790	-344433600	4.8
17790	-342014400	11.8
17790	-339336000	17
17790	-336744000	16.7
17790	-334065600	21.1
17790	-331473600	23.6
17790	-328795200	24.1
17790	-326116800	20.3
17790	-323524800	16.2
17790	-320846400	11.3
17790	-318254400	5.8
17790	-315576000	5.6
17790	-312897600	8.1
17790	-310392000	14.2
17790	-307713600	15
17790	-305121600	17.7
17790	-302443200	22.1
17790	-299851200	22.2
17790	-297172800	22.9
17790	-294494400	20.9
17790	-291902400	14.3
17790	-289224000	10.6
17790	-286632000	6
17790	-283953600	4.1
17790	-281275200	5
17790	-278856000	9.8
17790	-276177600	15.9
17790	-273585600	18.5
17790	-270907200	22.7
17790	-268315200	24.3
17790	-265636800	22.9
17790	-262958400	19.7
17790	-260366400	16.1
17790	-257688000	10.7
17790	-255096000	7.8
17790	-252417600	2.7
17790	-249739200	9
17790	-247320000	11
17790	-244641600	14.7
17790	-242049600	18.6
17790	-239371200	21.1
17790	-236779200	24.3
17790	-234100800	22.8
17790	-231422400	20.5
17790	-228830400	15.7
17790	-226152000	9.1
17790	-223560000	7.7
17790	-220881600	4.4
17790	-218203200	5.2
17790	-215784000	12.1
17790	-213105600	17.3
17790	-210513600	21.8
17790	-207835200	20.7
17790	-205243200	22.8
17790	-202564800	23.9
17790	-199886400	23.2
17790	-197294400	14.4
17790	-194616000	12.5
17790	-192024000	7.3
17790	-189345600	4
17790	-186667200	1.7
17790	-184161600	10.9
17790	-181483200	18.2
17790	-178891200	19.7
17790	-176212800	20
17790	-173620800	23.7
17790	-170942400	22.8
17790	-168264000	21.2
17790	-165672000	15.9
17790	-162993600	10.6
17790	-160401600	4.8
17790	-157723200	7.1
17790	-155044800	7.6
17790	-152625600	9.6
17790	-149947200	16.1
17790	-147355200	18.6
17790	-144676800	20.2
17790	-142084800	23.4
17790	-139406400	21.7
17790	-136728000	19.2
17790	-134136000	16
17790	-131457600	12.5
17790	-128865600	5.3
17790	-126187200	6.7
17790	-123508800	10.1
17790	-121089600	14.3
17790	-118411200	15.7
17790	-115819200	18
17790	-113140800	20.5
17790	-110548800	23.2
17790	-107870400	23.6
17790	-105192000	19.3
17790	-102600000	16.7
17790	-99921600	10.6
17790	-97329600	4.8
17790	-94651200	4.2
17790	-91972800	4.4
17790	-89553600	12.6
17790	-86875200	15
17790	-84283200	21.2
17790	-81604800	21.8
17790	-79012800	23.5
17790	-76334400	23.4
17790	-73656000	19.2
17790	-71064000	14.1
17790	-68385600	11.3
17790	-65793600	3.8
17790	-63115200	4.6
17790	-60436800	0.7
17790	-57931200	10.4
17790	-55252800	14.1
17790	-52660800	17.9
17790	-49982400	19.9
17790	-47390400	22.7
17790	-44712000	22.5
17790	-42033600	20.4
17790	-39441600	15
17790	-36763200	12.5
17790	-34171200	10
17790	-31492800	4.6
17790	-28814400	4.7
17790	-26395200	11.7
17790	-23716800	17.1
17790	-21124800	20.8
17790	-18446400	20.2
17790	-15854400	22.8
17790	-13176000	22
17790	-10497600	20.5
17790	-7905600	17
17790	-5227200	8.5
17790	-2635200	6
17790	43200	2.7
17790	2721600	7.6
17790	5140800	6.3
17790	7819200	15
17790	10411200	18.8
17790	13089600	19.5
17790	15681600	21.9
17790	18360000	22.7
17790	21038400	19.8
17790	23630400	13.8
17790	26308800	10.1
17790	28900800	6.6
17790	31579200	4.2
17790	34257600	6.4
17790	36676800	10.8
17790	39355200	16.3
17790	41947200	18
17790	44625600	21.5
17790	47217600	23.2
17790	49896000	21.4
17790	52574400	19.5
17790	55166400	14.3
17790	57844800	11.9
17790	60436800	6.8
17790	63115200	5.5
17790	65793600	2.2
17790	68299200	14.2
17790	70977600	13
17790	73569600	19
17790	76248000	22.1
17790	78840000	23.9
17790	81518400	23.8
17790	84196800	18.9
17790	86788800	15.9
17790	89467200	11.3
17790	92059200	5.9
17790	94737600	3.5
17790	97416000	10.8
17790	99835200	12.2
17790	102513600	17.5
17790	105105600	19.3
17790	107784000	21.3
17790	110376000	23.1
17790	113054400	22.6
17790	115732800	20.2
17790	118324800	15.6
17790	121003200	10.6
17790	123595200	7.2
17790	126273600	3.8
17790	128952000	4.6
17790	131371200	9.9
17790	134049600	16.3
17790	136641600	19.6
17790	139320000	20.7
17790	141912000	22.7
17790	144590400	21.1
17790	147268800	20.2
17790	149860800	15.5
17790	152539200	11.7
17790	155131200	4.9
17790	157809600	5.1
17790	160488000	6.1
17790	162907200	11.3
17790	165585600	16
17790	168177600	17.1
17790	170856000	21.9
17790	173448000	24.1
17790	176126400	23
17790	178804800	22.2
17790	181396800	16
17790	184075200	8.1
17790	186667200	4.4
17790	189345600	4.1
17790	192024000	8.5
17790	194529600	8.4
17790	197208000	14.4
17790	199800000	19
17790	202478400	20.6
17790	205070400	22
17790	207748800	23.4
17790	210427200	18.6
17790	213019200	15.8
17790	215697600	7.5
17790	218289600	5
17790	220968000	0.1
17790	223646400	4
17790	226065600	12.2
17790	228744000	16.7
17790	231336000	19.3
17790	234014400	20.7
17790	236606400	23.2
17790	239284800	22.4
17790	241963200	19.6
17790	244555200	16.6
17790	247233600	9.6
17790	249825600	9.2
17790	252504000	5.3
17790	255182400	6.5
17790	257601600	11.8
17790	260280000	16.3
17790	262872000	18.8
17790	265550400	21.2
17790	268142400	24.1
17790	270820800	23.3
17790	273499200	19.5
17790	276091200	15.4
17790	278769600	9.4
17790	281361600	8.1
17790	284040000	5.5
17790	286718400	10.3
17790	289137600	10.5
17790	291816000	16.2
17790	294408000	16.8
17790	297086400	21.2
17790	299678400	23.6
17790	302356800	23.1
17790	305035200	19.2
17790	307627200	15.8
17790	310305600	9.7
17790	312897600	8.6
17790	315576000	4.8
17790	318254400	3.3
17790	320760000	10.1
17790	323438400	15.7
17790	326030400	19.6
17790	328708800	22
17790	331300800	23
17790	333979200	21.7
17790	336657600	19.1
17790	339249600	16.7
17790	341928000	14.3
17790	344520000	6.7
17790	347198400	5.1
17790	349876800	6.6
17790	352296000	13.6
17790	354974400	16.3
17790	357566400	17.7
17790	360244800	22
17790	362836800	23.3
17790	365515200	24.9
17790	368193600	20.6
17790	370785600	13.5
17790	373464000	9.5
17790	376056000	5.6
17790	378734400	6.8
17790	381412800	4.7
17790	383832000	11.9
17790	386510400	12.8
17790	389102400	19.8
17790	391780800	20
17790	394372800	23.7
17790	397051200	23.7
17790	399729600	19.1
17790	402321600	17.9
17790	4.05e+08	11.2
17790	407592000	5
17790	410270400	3
17790	412948800	5
17790	415368000	8.9
17790	418046400	16.6
17790	420638400	20.2
17790	423316800	22
17790	425908800	24
17790	428587200	22.8
17790	431265600	21.6
17790	433857600	16.8
17790	436536000	12.6
17790	439128000	6
17790	441806400	1.2
17790	444484800	2.5
17790	446990400	10.3
17790	449668800	15
17790	452260800	18.6
17790	454939200	22.3
17790	457531200	23.8
17790	460209600	22.9
17790	462888000	20.2
17790	465480000	14.7
17790	468158400	13.1
17790	470750400	3.5
17790	473428800	4.2
17790	476107200	6.8
17790	478526400	7.3
17790	481204800	15
17790	483796800	20.1
17790	486475200	21.5
17790	489067200	23.6
17790	491745600	24
17790	494424000	19.6
17790	497016000	16.8
17790	499694400	11.3
17790	502286400	6
17790	504964800	5.8
17790	507643200	4.8
17790	510062400	11.3
17790	512740800	15
17790	515332800	19.4
17790	518011200	22
17790	520603200	22.7
17790	523281600	22.3
17790	525960000	19.8
17790	528552000	14.8
17790	531230400	9.5
17790	533822400	8.2
17790	536500800	7.6
17790	539179200	9.8
17790	541598400	13.6
17790	544276800	15.7
17790	546868800	19.5
17790	549547200	21.8
17790	552139200	22.8
17790	554817600	23
17790	557496000	18.7
17790	560088000	16.3
17790	562766400	11.3
17790	565358400	7.2
17790	568036800	5.3
17790	570715200	3.6
17790	573220800	7.7
17790	575899200	14.6
17790	578491200	19.7
17790	581169600	21.9
17790	583761600	24
17790	586440000	22.2
17790	589118400	19
17790	591710400	15.2
17790	594388800	11.9
17790	596980800	9
17790	599659200	4.6
17790	602337600	3.5
17790	604756800	8.9
17790	607435200	15.6
17790	610027200	18.3
17790	612705600	21
17790	615297600	22.9
17790	617976000	22.5
17790	620654400	20.6
17790	623246400	15.2
17790	625924800	10.8
17790	628516800	7.8
17790	631195200	5.8
17790	633873600	6.6
17790	636292800	11.6
17790	638971200	15.3
17790	641563200	18.5
17790	644241600	21.3
17790	646833600	23.4
17790	649512000	24.7
17790	652190400	21.2
17790	654782400	15.3
17790	657460800	13.1
17790	660052800	7.9
17790	662731200	3.4
17790	665409600	7.6
17790	667828800	11.7
17790	670507200	15.4
17790	673099200	18.9
17790	675777600	21.9
17790	678369600	22.5
17790	681048000	22.5
17790	683726400	20
17790	686318400	13.8
17790	688996800	10.3
17790	691588800	8
17790	694267200	4.3
17790	696945600	5.1
17790	699451200	7.8
17790	702129600	16
17790	704721600	18.5
17790	707400000	20.7
17790	709992000	22
17790	712670400	23.8
17790	715348800	21.9
17790	717940800	14.3
17790	720619200	11.6
17790	723211200	9.4
17790	725889600	3
17790	728568000	8.9
17790	730987200	11.7
17790	733665600	15.8
17790	736257600	18.7
17790	738936000	21.7
17790	741528000	23
17790	744206400	22.5
17790	746884800	19.7
17790	749476800	14.2
17790	752155200	12.9
17790	754747200	6.3
17790	757425600	5.4
17790	760104000	6.8
17790	762523200	8.8
17790	765201600	17.9
17790	767793600	20.2
17790	770472000	21.1
17790	773064000	23.7
17790	775742400	23.9
17790	778420800	19
17790	781012800	14.3
17790	783691200	13.8
17790	786283200	7.6
17790	788961600	3.5
17790	791640000	4.9
17790	794059200	10.2
17790	796737600	15.8
17790	799329600	18.9
17790	802008000	22
17790	804600000	23.2
17790	807278400	23
17790	809956800	20.2
17790	812548800	16.2
17790	815227200	10.1
17790	817819200	5.7
17790	820497600	3.2
17790	823176000	5.4
17790	825681600	9.6
17790	828360000	13
17790	830952000	17.6
17790	833630400	21.8
17790	836222400	23.2
17790	838900800	23.2
17790	841579200	21
17790	844171200	16.7
17790	846849600	10.3
17790	849441600	7
17790	852120000	6.5
17790	854798400	5.1
17790	857217600	11.2
17790	859896000	14.8
17790	862488000	20
17790	865166400	20.8
17790	867758400	22.5
17790	870436800	24
17790	873115200	18.2
17790	875707200	15.2
17790	878385600	11.5
17790	880977600	6
17790	883656000	3.4
17790	886334400	7.4
17790	888753600	10.3
17790	891432000	19.2
17790	894024000	19.5
17790	896702400	21.5
17790	899294400	23.7
17790	901972800	23.7
17790	904651200	20.8
17790	907243200	17.2
17790	909921600	12.8
17790	912513600	8.1
17790	915192000	4.9
17790	917870400	9.1
17790	920289600	10.9
17790	922968000	16.2
17790	925560000	18
17790	928238400	22.2
17790	930830400	22.8
17790	933508800	22.3
17790	936187200	21
17790	938779200	16.8
17790	941457600	11.8
17790	944049600	7.1
17790	946728000	3.5
17790	949406400	3.7
17790	951912000	10.6
17790	954590400	14.5
17790	957182400	19.7
17790	959860800	21.2
17790	962452800	23.9
17790	965131200	22.8
17790	967809600	19.8
17790	970401600	16.4
17790	973080000	10.2
17790	975672000	7.7
17790	978350400	5.8
17790	981028800	7.7
17790	983448000	12.9
17790	986126400	15.6
17790	988718400	18
17790	991396800	20.8
17790	993988800	24.1
17790	996667200	22.5
17790	999345600	21.5
17790	1001937600	16.9
17790	1004616000	12
17790	1007208000	5.4
17790	1009886400	7
17790	1012564800	9.1
17790	1014984000	12.1
17790	1017662400	17
17790	1020254400	18.7
17790	1022932800	23
17790	1025524800	23.3
17790	1028203200	21.2
17790	1030881600	19.5
17790	1033473600	16
17790	1036152000	12.2
17790	1038744000	6.2
17790	1041422400	6
17790	1044100800	10.4
17790	1046520000	11
17790	1049198400	17
17790	1051790400	19.1
17790	1054468800	20.9
17790	1057060800	24
17790	1059739200	24.6
17790	1062417600	21.5
17790	1065009600	15.6
17790	1067688000	12.4
17790	1070280000	6.4
17790	1072958400	3.5
17790	1075636800	8.8
17790	1078142400	11
17790	1080820800	17.7
17790	1083412800	19.6
17790	1086091200	21.7
17790	1088683200	23
17790	1091361600	24
17790	1094040000	20.9
17790	1096632000	15.3
17790	1099310400	12.6
17790	1101902400	7.7
17790	1104580800	2.7
17790	1107259200	4.4
17790	1109678400	9.1
17790	1112356800	17
17790	1114948800	21
17790	1117627200	22.8
17790	1120219200	24.1
17790	1122897600	23.2
17790	1125576000	22.2
17790	1128168000	15.6
17790	1130846400	12.7
17790	1133438400	5.1
17790	1136116800	5
17790	1138795200	6.3
17790	1141214400	11.3
17790	1143892800	18
17790	1146484800	19.8
17790	1149163200	21.9
17790	1151755200	24.8
17790	1154433600	24.3
17790	1157112000	21.5
17790	1159704000	17.5
17790	1162382400	11.9
17790	1164974400	6.4
17790	1167652800	3.2
17790	1170331200	12.8
17790	1172750400	12.9
17790	1175428800	15.3
17790	1178020800	21
17790	1180699200	22.3
17790	1183291200	23.6
17790	1185969600	23.9
17790	1188648000	19.1
17790	1191240000	16
17790	1193918400	12.3
17790	1196510400	6.9
17790	1199188800	1.6
17790	1201867200	2.8
17790	1204372800	12.8
17790	1207051200	16.6
17790	1209643200	19.5
17790	1212321600	21.7
17790	1214913600	23.5
17790	1217592000	23
17790	1220270400	21.8
17790	1222862400	17.3
17790	1225540800	11.1
17790	1228132800	6.9
17790	1230811200	4.6
17790	1233489600	11.5
17790	1235908800	12.4
17790	1238587200	15.3
17790	1241179200	19.2
17790	1243857600	22.2
17790	1246449600	23.5
17790	1249128000	24.3
17790	1251806400	22.3
17790	1254398400	16.5
17790	1257076800	10.1
17790	1259668800	6
17790	1262347200	7.5
17790	1265025600	8.9
17790	1267444800	12.6
17790	1270123200	14.4
17790	1272715200	19.2
17790	1275393600	20.3
17790	1277985600	24.4
17790	1280664000	24
17790	1283342400	20.9
17790	1285934400	14.9
17790	1288612800	11.7
17790	1291204800	7.3
17790	1293883200	-1
17790	1296561600	8.5
17790	1298980800	7.7
17790	1301659200	15.2
17790	1304251200	19.8
17790	1306929600	22.2
17790	1309521600	23.9
17790	1312200000	24.4
17790	1314878400	21.3
17790	1317470400	15.7
17790	1320148800	15.1
17790	1322740800	4
17790	1325419200	1.1
17790	1328097600	3.3
17790	1330603200	10.6
17790	1333281600	18.2
17790	1335873600	20
17790	1338552000	20.4
17790	1341144000	23.7
17790	1343822400	23.7
17790	1346500800	18.9
17790	1349092800	16.4
17790	1351771200	10.8
17790	1354363200	6
17790	1357041600	4.2
17790	1359720000	8.7
17790	1362139200	14.3
17790	1364817600	14.8
17790	1367409600	18.9
17790	1370088000	22.3
17790	1372680000	24
17790	1375358400	23.1
17790	1378036800	19.5
17790	1380628800	14.9
17790	1383307200	11.7
17790	1385899200	4.9
17790	1388577600	6.2
17790	1391256000	4.3
17790	1393675200	10.3
17790	1396353600	16.4
17790	1398945600	18
17790	1401624000	21
17790	1404216000	23
17790	1406894400	22.7
17790	1409572800	21.4
17790	1412164800	17.3
17790	1414843200	10.8
17790	1417435200	5.3
17790	1420113600	6.1
17790	1422792000	8.2
17790	1425211200	11.3
17790	1427889600	16.5
17790	1430481600	19.6
17791	-378648000	3.5
17791	-375969600	5.8
17791	-373550400	12.1
17791	-370872000	19.1
17791	-368280000	17.4
17791	-365601600	24
17791	-363009600	26.2
17791	-360331200	24.1
17791	-357652800	21.1
17791	-355060800	14.7
17791	-352382400	11
17791	-349790400	8.4
17791	-347112000	3.6
17791	-344433600	3.7
17791	-342014400	12.8
17791	-339336000	17.2
17791	-336744000	17.8
17791	-334065600	23.8
17791	-331473600	26.2
17791	-328795200	26.6
17791	-326116800	22.3
17791	-323524800	17
17791	-320846400	10.1
17791	-318254400	6
17791	-315576000	4.6
17791	-312897600	7.9
17791	-310392000	11.7
17791	-307713600	14.6
17791	-305121600	17.8
17791	-302443200	24.5
17791	-299851200	25
17791	-297172800	24.5
17791	-294494400	23
17791	-291902400	15.7
17791	-289224000	10.6
17791	-286632000	5.7
17791	-283953600	4.1
17791	-281275200	5.8
17791	-278856000	9.8
17791	-276177600	16
17791	-273585600	20.3
17791	-270907200	24.9
17791	-268315200	27.2
17791	-265636800	25.3
17791	-262958400	21.5
17791	-260366400	16.2
17791	-257688000	11.3
17791	-255096000	6.7
17791	-252417600	3.5
17791	-249739200	9.2
17791	-247320000	11.8
17791	-244641600	14.6
17791	-242049600	19.6
17791	-239371200	23.2
17791	-236779200	26.7
17791	-234100800	25.8
17791	-231422400	22
17791	-228830400	16.8
17791	-226152000	10.5
17791	-223560000	7.1
17791	-220881600	4.9
17791	-218203200	5.8
17791	-215784000	10.8
17791	-213105600	16.6
17791	-210513600	22.2
17791	-207835200	23.8
17791	-205243200	26
17791	-202564800	26.2
17791	-199886400	24.7
17791	-197294400	16.3
17791	-194616000	12.1
17791	-192024000	7.7
17791	-189345600	3.7
17791	-186667200	0
17791	-184161600	10.9
17791	-181483200	18.6
17791	-178891200	20.6
17791	-176212800	22.6
17791	-173620800	26
17791	-170942400	25.5
17791	-168264000	22.2
17791	-165672000	16.8
17791	-162993600	11
17791	-160401600	5.6
17791	-157723200	6.1
17791	-155044800	6.2
17791	-152625600	9.2
17791	-149947200	14.8
17791	-147355200	20.2
17791	-144676800	22.6
17791	-142084800	25.8
17791	-139406400	24.3
17791	-136728000	20.7
17791	-134136000	16.7
17791	-131457600	12.8
17791	-128865600	6
17791	-126187200	5.9
17791	-123508800	9.7
17791	-121089600	13.5
17791	-118411200	15.6
17791	-115819200	19
17791	-113140800	22.9
17791	-110548800	25
17791	-107870400	25.4
17791	-105192000	21.2
17791	-102600000	16.7
17791	-99921600	11.3
17791	-97329600	3.9
17791	-94651200	4.2
17791	-91972800	5
17791	-89553600	10.7
17791	-86875200	14.2
17791	-84283200	21.9
17791	-81604800	24.3
17791	-79012800	26
17791	-76334400	25.7
17791	-73656000	20.6
17791	-71064000	14.8
17791	-68385600	8.1
17791	-65793600	3.9
17791	-63115200	4.1
17791	-60436800	1.9
17791	-57931200	10.4
17791	-55252800	15.4
17791	-52660800	19.4
17791	-49982400	22.4
17791	-47390400	25
17791	-44712000	25
17791	-42033600	22.3
17791	-39441600	15
17791	-36763200	13.2
17791	-34171200	8.9
17791	-31492800	2.9
17791	-28814400	2.5
17791	-26395200	10.2
17791	-23716800	16.5
17791	-21124800	21.7
17791	-18446400	22.7
17791	-15854400	25.5
17791	-13176000	24.6
17791	-10497600	22.6
17791	-7905600	17.3
17791	-5227200	9.6
17791	-2635200	6.8
17791	43200	3.1
17791	2721600	6.5
17791	5140800	6.5
17791	7819200	14.7
17791	10411200	20.4
17791	13089600	22.2
17791	15681600	24.8
17791	18360000	25.5
17791	21038400	21
17791	23630400	16.5
17791	26308800	10.7
17791	28900800	6.6
17791	31579200	4.3
17791	34257600	4.6
17791	36676800	9.3
17791	39355200	15.6
17791	41947200	19.7
17791	44625600	24.4
17791	47217600	26.5
17791	49896000	24.1
17791	52574400	21
17791	55166400	14.6
17791	57844800	11.7
17791	60436800	6.8
17791	63115200	5.1
17791	65793600	1.3
17791	68299200	12.4
17791	70977600	14
17791	73569600	21
17791	76248000	24.6
17791	78840000	25.5
17791	81518400	26.3
17791	84196800	20.7
17791	86788800	16.2
17791	89467200	11.9
17791	92059200	6.3
17791	94737600	4.3
17791	97416000	7.7
17791	99835200	11.2
17791	102513600	17.6
17791	105105600	19.5
17791	107784000	23.2
17791	110376000	25.6
17791	113054400	25.2
17791	115732800	21.3
17791	118324800	16.3
17791	121003200	11.7
17791	123595200	8
17791	126273600	2.4
17791	128952000	5.3
17791	131371200	10.7
17791	134049600	17.7
17791	136641600	21.4
17791	139320000	23
17791	141912000	24.8
17791	144590400	24.3
17791	147268800	22.5
17791	149860800	16.7
17791	152539200	12.2
17791	155131200	3.6
17791	157809600	5.7
17791	160488000	6.2
17791	162907200	10.9
17791	165585600	15.5
17791	168177600	17.9
17791	170856000	24.3
17791	173448000	26.7
17791	176126400	25.5
17791	178804800	24
17791	181396800	16.6
17791	184075200	9.2
17791	186667200	4.7
17791	189345600	3.9
17791	192024000	8.1
17791	194529600	7.5
17791	197208000	14.8
17791	199800000	20.8
17791	202478400	22.7
17791	205070400	24.7
17791	207748800	25.5
17791	210427200	21.3
17791	213019200	17.2
17791	215697600	9
17791	218289600	5.9
17791	220968000	0.7
17791	223646400	4.7
17791	226065600	12.8
17791	228744000	17.6
17791	231336000	19.2
17791	234014400	22.6
17791	236606400	26
17791	239284800	24.7
17791	241963200	21.3
17791	244555200	18.5
17791	247233600	11.1
17791	249825600	8.1
17791	252504000	5
17791	255182400	5.6
17791	257601600	10.3
17791	260280000	16.6
17791	262872000	20.4
17791	265550400	23.5
17791	268142400	26.9
17791	270820800	26.1
17791	273499200	21.3
17791	276091200	16.1
17791	278769600	9.3
17791	281361600	7.9
17791	284040000	6.1
17791	286718400	9.9
17791	289137600	9.8
17791	291816000	16.9
17791	294408000	18
17791	297086400	23.8
17791	299678400	26.4
17791	302356800	25.1
17791	305035200	20.9
17791	307627200	17.2
17791	310305600	10.6
17791	312897600	8.3
17791	315576000	4
17791	318254400	4
17791	320760000	7.9
17791	323438400	14.8
17791	326030400	20.8
17791	328708800	25
17791	331300800	25.5
17791	333979200	24
17791	336657600	21.2
17791	339249600	17.4
17791	341928000	14.5
17791	344520000	7.5
17791	347198400	2.9
17791	349876800	7.2
17791	352296000	11.8
17791	354974400	16.1
17791	357566400	18.8
17791	360244800	23.7
17791	362836800	26
17791	365515200	27
17791	368193600	21.7
17791	370785600	14.8
17791	373464000	9.5
17791	376056000	7
17791	378734400	5.3
17791	381412800	3.5
17791	383832000	10.1
17791	386510400	13.8
17791	389102400	21.7
17791	391780800	22.1
17791	394372800	26
17791	397051200	25.7
17791	399729600	20.7
17791	402321600	18.5
17791	4.05e+08	11.5
17791	407592000	5.2
17791	410270400	3.1
17791	412948800	5.2
17791	415368000	9.1
17791	418046400	16.1
17791	420638400	21.4
17791	423316800	24.1
17791	425908800	26.4
17791	428587200	25.1
17791	431265600	23.8
17791	433857600	17.4
17791	436536000	12.8
17791	439128000	5.9
17791	441806400	1.4
17791	444484800	2.9
17791	446990400	9.9
17791	449668800	15.5
17791	452260800	19
17791	454939200	25
17791	457531200	26.6
17791	460209600	25.2
17791	462888000	21.4
17791	465480000	15.7
17791	468158400	13.1
17791	470750400	3.5
17791	473428800	4.5
17791	476107200	5.6
17791	478526400	6.6
17791	481204800	16.4
17791	483796800	21.7
17791	486475200	23.9
17791	489067200	26.4
17791	491745600	26.5
17791	494424000	21.7
17791	497016000	16.5
17791	499694400	12.2
17791	502286400	4.8
17791	504964800	5.4
17791	507643200	4.9
17791	510062400	10.5
17791	512740800	15.9
17791	515332800	21.1
17791	518011200	24
17791	520603200	25.2
17791	523281600	25.2
17791	525960000	22
17791	528552000	16
17791	531230400	10.4
17791	533822400	7.6
17791	536500800	7.2
17791	539179200	8.6
17791	541598400	10
17791	544276800	16.2
17791	546868800	20.5
17791	549547200	22.9
17791	552139200	25.1
17791	554817600	25.7
17791	557496000	21.1
17791	560088000	16.9
17791	562766400	11.8
17791	565358400	7.3
17791	568036800	4.7
17791	570715200	4.1
17791	573220800	7.8
17791	575899200	16.6
17791	578491200	20.6
17791	581169600	24
17791	583761600	26.4
17791	586440000	24.8
17791	589118400	20.9
17791	591710400	16.7
17791	594388800	12.4
17791	596980800	8.2
17791	599659200	2.9
17791	602337600	3.5
17791	604756800	8.9
17791	607435200	15.7
17791	610027200	20.1
17791	612705600	23.3
17791	615297600	25.1
17791	617976000	25
17791	620654400	21.8
17791	623246400	17
17791	625924800	10.7
17791	628516800	7.5
17791	631195200	4.4
17791	633873600	4.2
17791	636292800	10.7
17791	638971200	15.5
17791	641563200	20.2
17791	644241600	24
17791	646833600	26
17791	649512000	25.8
17791	652190400	23.1
17791	654782400	15.9
17791	657460800	13.6
17791	660052800	6.8
17791	662731200	3.6
17791	665409600	6.7
17791	667828800	9.9
17791	670507200	14.3
17791	673099200	20
17791	675777600	24.3
17791	678369600	25.4
17791	681048000	24.9
17791	683726400	21.4
17791	686318400	15.5
17791	688996800	11.1
17791	691588800	6.9
17791	694267200	5.4
17791	696945600	5.8
17791	699451200	7.4
17791	702129600	17.4
17791	704721600	19.7
17791	707400000	22.4
17791	709992000	24.4
17791	712670400	25.1
17791	715348800	22.1
17791	717940800	15.2
17791	720619200	11.9
17791	723211200	8.1
17791	725889600	2.5
17791	728568000	7.6
17791	730987200	10
17791	733665600	16.3
17791	736257600	19.3
17791	738936000	24.2
17791	741528000	24.7
17791	744206400	24.4
17791	746884800	21.7
17791	749476800	15.2
17791	752155200	10.9
17791	754747200	5.8
17791	757425600	5.2
17791	760104000	5.6
17791	762523200	9.1
17791	765201600	17.2
17791	767793600	21.9
17791	770472000	23.1
17791	773064000	25.5
17791	775742400	25.5
17791	778420800	20.6
17791	781012800	14.9
17791	783691200	12.9
17791	786283200	7.3
17791	788961600	3.7
17791	791640000	6.3
17791	794059200	10.9
17791	796737600	15.7
17791	799329600	20.7
17791	802008000	23.8
17791	804600000	25.8
17791	807278400	25.7
17791	809956800	21.9
17791	812548800	16.9
17791	815227200	11.3
17791	817819200	6.4
17791	820497600	3.7
17791	823176000	5.7
17791	825681600	8.7
17791	828360000	14.3
17791	830952000	19.9
17791	833630400	23.9
17791	836222400	25.6
17791	838900800	25.8
17791	841579200	22.5
17791	844171200	17.4
17791	846849600	10.5
17791	849441600	8.4
17791	852120000	5.8
17791	854798400	5.8
17791	857217600	11.5
17791	859896000	15.2
17791	862488000	21.3
17791	865166400	22.9
17791	867758400	25
17791	870436800	25.9
17791	873115200	19.7
17791	875707200	16.6
17791	878385600	11.6
17791	880977600	6.1
17791	883656000	3.3
17791	886334400	7.3
17791	888753600	9.8
17791	891432000	20
17791	894024000	20.8
17791	896702400	23.8
17791	899294400	26.3
17791	901972800	26.4
17791	904651200	22.5
17791	907243200	17.8
17791	909921600	13.5
17791	912513600	7.9
17791	915192000	5.7
17791	917870400	9.9
17791	920289600	10.4
17791	922968000	17
17791	925560000	20.2
17791	928238400	24.1
17791	930830400	24.8
17791	933508800	24.5
17791	936187200	22.7
17791	938779200	17.6
17791	941457600	12.2
17791	944049600	7.5
17791	946728000	3.5
17791	949406400	4.2
17791	951912000	11.1
17791	954590400	15.8
17791	957182400	20.7
17791	959860800	23.2
17791	962452800	26.5
17791	965131200	25
17791	967809600	21
17791	970401600	16.5
17791	973080000	9.5
17791	975672000	7.3
17791	978350400	4.6
17791	981028800	7.1
17791	983448000	12.7
17791	986126400	15.4
17791	988718400	20.1
17791	991396800	23.3
17791	993988800	26.5
17791	996667200	24.7
17791	999345600	22.3
17791	1001937600	17.4
17791	1004616000	12.3
17791	1007208000	4.3
17791	1009886400	7.6
17791	1012564800	8.2
17791	1014984000	12.6
17791	1017662400	16.4
17791	1020254400	19
17791	1022932800	24.8
17791	1025524800	25.7
17791	1028203200	23.4
17791	1030881600	20.8
17791	1033473600	16.6
17791	1036152000	12.7
17791	1038744000	5.3
17791	1041422400	5.3
17791	1044100800	7.8
17791	1046520000	9.9
17791	1049198400	16.2
17791	1051790400	19.7
17791	1054468800	23.7
17791	1057060800	27
17791	1059739200	26.1
17791	1062417600	22.4
17791	1065009600	16.5
17791	1067688000	11.3
17791	1070280000	6.2
17791	1072958400	4.1
17791	1075636800	9.7
17791	1078142400	10.8
17791	1080820800	18.4
17791	1083412800	20.8
17791	1086091200	23.8
17791	1088683200	25
17791	1091361600	25
17791	1094040000	22.2
17791	1096632000	15.9
17791	1099310400	12.5
17791	1101902400	6.5
17791	1104580800	2.2
17791	1107259200	2.8
17791	1109678400	10
17791	1112356800	18.2
17791	1114948800	21.3
17791	1117627200	25
17791	1120219200	26.7
17791	1122897600	24.8
17791	1125576000	23.2
17791	1128168000	16.7
17791	1130846400	13
17791	1133438400	5.9
17791	1136116800	4.3
17791	1138795200	5.5
17791	1141214400	12
17791	1143892800	18.8
17791	1146484800	21.1
17791	1149163200	23.7
17791	1151755200	26.9
17791	1154433600	26.2
17791	1157112000	22.4
17791	1159704000	19
17791	1162382400	12.7
17791	1164974400	6.6
17791	1167652800	3.8
17791	1170331200	11.5
17791	1172750400	11.6
17791	1175428800	16.1
17791	1178020800	22.6
17791	1180699200	24.5
17791	1183291200	27
17791	1185969600	26.4
17791	1188648000	20.6
17791	1191240000	17.3
17791	1193918400	11.9
17791	1196510400	7
17791	1199188800	1.4
17791	1201867200	4.2
17791	1204372800	12.8
17791	1207051200	17.3
17791	1209643200	21.5
17791	1212321600	23.9
17791	1214913600	26.3
17791	1217592000	25.3
17791	1220270400	23
17791	1222862400	18.2
17791	1225540800	11.9
17791	1228132800	7.9
17791	1230811200	4.8
17791	1233489600	10.1
17791	1235908800	12.3
17791	1238587200	15.8
17791	1241179200	20
17791	1243857600	24.7
17791	1246449600	25.6
17791	1249128000	26.4
17791	1251806400	24
17791	1254398400	18.2
17791	1257076800	9.8
17791	1259668800	5.9
17791	1262347200	6.8
17791	1265025600	7
17791	1267444800	11.2
17791	1270123200	14.2
17791	1272715200	19.7
17791	1275393600	22.5
17791	1277985600	27.5
17791	1280664000	26.8
17791	1283342400	22.1
17791	1285934400	15.6
17791	1288612800	12.4
17791	1291204800	7.6
17791	1293883200	0.4
17791	1296561600	8.4
17791	1298980800	8.5
17791	1301659200	16.5
17791	1304251200	20.6
17791	1306929600	23.7
17791	1309521600	26.8
17791	1312200000	26.1
17791	1314878400	22.2
17791	1317470400	16.4
17791	1320148800	15.3
17791	1322740800	5.1
17791	1325419200	1.9
17791	1328097600	3.2
17791	1330603200	9
17791	1333281600	18.2
17791	1335873600	20.5
17791	1338552000	23.2
17791	1341144000	26.6
17791	1343822400	25.5
17791	1346500800	21
17791	1349092800	17.1
17791	1351771200	10.6
17791	1354363200	4.6
17792	-415454400	11.5
17792	-412862400	6.2
17792	-410184000	5.2
17792	-407505600	3.9
17792	-405086400	12.2
17792	-402408000	17.5
17792	-399816000	21.1
17792	-397137600	24.6
17792	-394545600	27.2
17792	-391867200	26.3
17792	-389188800	22.9
17792	-386596800	18.3
17792	-383918400	15.2
17792	-381326400	9.2
17792	-378648000	5.5
17792	-375969600	7.5
17792	-373550400	14
17792	-370872000	19.8
17792	-368280000	19.3
17792	-365601600	25.6
17792	-363009600	27.1
17792	-360331200	25.5
17792	-357652800	23
17792	-355060800	16.6
17792	-352382400	13
17792	-349790400	10
17792	-347112000	5.8
17792	-344433600	6.1
17792	-342014400	14.3
17792	-339336000	18.8
17792	-336744000	19.4
17792	-334065600	24.9
17792	-331473600	27.3
17792	-328795200	27.6
17792	-326116800	24.2
17792	-323524800	19.4
17792	-320846400	12.1
17792	-318254400	7.8
17792	-315576000	6.1
17792	-312897600	9.7
17792	-310392000	14.2
17792	-307713600	16.8
17792	-305121600	19.3
17792	-302443200	26
17792	-299851200	26.4
17792	-297172800	26.5
17792	-294494400	25.3
17792	-291902400	17.9
17792	-289224000	12.7
17792	-286632000	7.4
17792	-283953600	6
17792	-281275200	7.5
17792	-278856000	11.3
17792	-276177600	18.1
17792	-273585600	22
17792	-270907200	26.1
17792	-268315200	28.3
17792	-265636800	27.1
17792	-262958400	23.6
17792	-260366400	18.8
17792	-257688000	14.2
17792	-255096000	8.5
17792	-252417600	5.4
17792	-249739200	10.6
17792	-247320000	12.7
17792	-244641600	16.4
17792	-242049600	21.1
17792	-239371200	24
17792	-236779200	27.9
17792	-234100800	27.4
17792	-231422400	24.4
17792	-228830400	18.8
17792	-226152000	11.9
17792	-223560000	9.3
17792	-220881600	6.1
17792	-218203200	7.3
17792	-215784000	13.2
17792	-213105600	17.9
17792	-210513600	24
17792	-207835200	25.2
17792	-205243200	27.9
17792	-202564800	27.5
17792	-199886400	27.1
17792	-197294400	18.1
17792	-194616000	14.1
17792	-192024000	8.9
17792	-189345600	5.6
17792	-186667200	2.2
17792	-184161600	12.2
17792	-181483200	19.9
17792	-178891200	21.7
17792	-176212800	24.7
17792	-173620800	27.6
17792	-170942400	27.4
17792	-168264000	24.3
17792	-165672000	19.1
17792	-162993600	13.1
17792	-160401600	7.2
17792	-157723200	8.3
17792	-155044800	8.3
17792	-152625600	11
17792	-149947200	17
17792	-147355200	21.9
17792	-144676800	24.1
17792	-142084800	27.3
17792	-139406400	25.7
17792	-136728000	22.8
17792	-134136000	18.9
17792	-131457600	14
17792	-128865600	7.9
17792	-126187200	8
17792	-123508800	11.5
17792	-121089600	15.3
17792	-118411200	17.1
17792	-115819200	21
17792	-113140800	24
17792	-110548800	26.6
17792	-107870400	27.4
17792	-105192000	22.7
17792	-102600000	19.5
17792	-99921600	13.4
17792	-97329600	5.6
17792	-94651200	6.3
17792	-91972800	6.4
17792	-89553600	12.9
17792	-86875200	15.7
17792	-84283200	24.2
17792	-81604800	25.7
17792	-79012800	27.2
17792	-76334400	27
17792	-73656000	22.3
17792	-71064000	16.9
17792	-68385600	11.2
17792	-65793600	5.6
17792	-63115200	6
17792	-60436800	3.8
17792	-57931200	12.4
17792	-55252800	16.6
17792	-52660800	21.3
17792	-49982400	23.8
17792	-47390400	26.4
17792	-44712000	26.7
17792	-42033600	23.8
17792	-39441600	17.5
17792	-36763200	14.7
17792	-34171200	11.6
17792	-31492800	5.7
17792	-28814400	4.1
17792	-26395200	12
17792	-23716800	17.1
17792	-21124800	23.3
17792	-18446400	24.6
17792	-15854400	26.9
17792	-13176000	26
17792	-10497600	24.3
17792	-7905600	19.5
17792	-5227200	11.6
17792	-2635200	8.8
17792	43200	4.7
17792	2721600	9.1
17792	5140800	8.5
17792	7819200	17
17792	10411200	22.1
17792	13089600	23.7
17792	15681600	26.1
17792	18360000	26.6
17792	21038400	23.6
17792	23630400	18.4
17792	26308800	12.2
17792	28900800	8.4
17792	31579200	6.1
17792	34257600	6.4
17792	36676800	11
17792	39355200	17.4
17792	41947200	21.1
17792	44625600	25.4
17792	47217600	27.2
17792	49896000	25.3
17792	52574400	23.2
17792	55166400	16.8
17792	57844800	13.5
17792	60436800	7.7
17792	63115200	6.9
17792	65793600	3.4
17792	68299200	14.7
17792	70977600	15.3
17792	73569600	22.2
17792	76248000	25.5
17792	78840000	26.5
17792	81518400	27.3
17792	84196800	22.4
17792	86788800	18.7
17792	89467200	13.7
17792	92059200	7.6
17792	94737600	5.7
17792	97416000	10.3
17792	99835200	12.6
17792	102513600	19.1
17792	105105600	21.5
17792	107784000	24.7
17792	110376000	26.9
17792	113054400	26.7
17792	115732800	23.8
17792	118324800	18.4
17792	121003200	13.3
17792	123595200	8.8
17792	126273600	4.1
17792	128952000	7.1
17792	131371200	11.7
17792	134049600	18.5
17792	136641600	22.5
17792	139320000	24.3
17792	141912000	25.8
17792	144590400	26
17792	147268800	24.6
17792	149860800	19.3
17792	152539200	14
17792	155131200	6.6
17792	157809600	7.2
17792	160488000	8.3
17792	162907200	12.2
17792	165585600	18
17792	168177600	19.5
17792	170856000	25.5
17792	173448000	27.1
17792	176126400	27
17792	178804800	25.2
17792	181396800	19
17792	184075200	11
17792	186667200	5.6
17792	189345600	5.8
17792	192024000	9.7
17792	194529600	9.3
17792	197208000	15.9
17792	199800000	22.2
17792	202478400	23.9
17792	205070400	25.6
17792	207748800	26.6
17792	210427200	23.2
17792	213019200	19
17792	215697600	10.7
17792	218289600	8
17792	220968000	2.2
17792	223646400	6.4
17792	226065600	14.8
17792	228744000	18.9
17792	231336000	21.5
17792	234014400	23.9
17792	236606400	27
17792	239284800	25.8
17792	241963200	22.7
17792	244555200	19.8
17792	247233600	12.6
17792	249825600	10.2
17792	252504000	7.4
17792	255182400	8.2
17792	257601600	12.4
17792	260280000	17.5
17792	262872000	21.7
17792	265550400	24.8
17792	268142400	27.9
17792	270820800	27.2
17792	273499200	22.8
17792	276091200	18.4
17792	278769600	11.7
17792	281361600	9.9
17792	284040000	7.3
17792	286718400	11.7
17792	289137600	11.4
17792	291816000	18.1
17792	294408000	20.1
17792	297086400	24.9
17792	299678400	27.7
17792	302356800	26.9
17792	305035200	22.6
17792	307627200	19
17792	310305600	12.2
17792	312897600	10.9
17792	315576000	5.5
17792	318254400	5.3
17792	320760000	9.6
17792	323438400	15.9
17792	326030400	21.8
17792	328708800	26
17792	331300800	26.7
17792	333979200	25.4
17792	336657600	22.8
17792	339249600	19.3
17792	341928000	15.9
17792	344520000	9
17792	347198400	5.5
17792	349876800	8.6
17792	352296000	13.9
17792	354974400	17.6
17792	357566400	20.3
17792	360244800	24.7
17792	362836800	27
17792	365515200	28.2
17792	368193600	23.6
17792	370785600	16.7
17792	373464000	11.3
17792	376056000	7.7
17792	378734400	7.7
17792	381412800	5.7
17792	383832000	11.9
17792	386510400	15.4
17792	389102400	22.5
17792	391780800	23.6
17792	394372800	27.3
17792	397051200	27.5
17792	399729600	22.7
17792	402321600	20.7
17792	4.05e+08	13.5
17792	407592000	6.7
17792	410270400	4.7
17792	412948800	6.6
17792	415368000	11.4
17792	418046400	18.3
17792	420638400	23.2
17792	423316800	25.3
17792	425908800	27.4
17792	428587200	26.8
17792	431265600	25.1
17792	433857600	19.5
17792	436536000	14.5
17792	439128000	7.6
17792	441806400	3.4
17792	444484800	4.3
17792	446990400	11.6
17792	449668800	16.5
17792	452260800	20.4
17792	454939200	26.4
17792	457531200	27.7
17792	460209600	26.6
17792	462888000	23.4
17792	465480000	17.3
17792	468158400	14.5
17792	470750400	5.2
17792	473428800	5.9
17792	476107200	7.6
17792	478526400	8.4
17792	481204800	17.6
17792	483796800	22.6
17792	486475200	25.1
17792	489067200	27.4
17792	491745600	27.9
17792	494424000	23.3
17792	497016000	18.7
17792	499694400	13.9
17792	502286400	6.8
17792	504964800	7
17792	507643200	6.6
17792	510062400	11.5
17792	512740800	17.8
17792	515332800	22.3
17792	518011200	25
17792	520603200	26.5
17792	523281600	26.4
17792	525960000	23.4
17792	528552000	17.5
17792	531230400	12.2
17792	533822400	9.7
17792	536500800	8.5
17792	539179200	11.3
17792	541598400	12.8
17792	544276800	17.3
17792	546868800	21.6
17792	549547200	24.1
17792	552139200	26.5
17792	554817600	27
17792	557496000	23.1
17792	560088000	19.1
17792	562766400	13.6
17792	565358400	8.3
17792	568036800	5.9
17792	570715200	5.4
17792	573220800	9.4
17792	575899200	17
17792	578491200	21.8
17792	581169600	25.3
17792	583761600	27.5
17792	586440000	25.7
17792	589118400	23.3
17792	591710400	18.8
17792	594388800	13.6
17792	596980800	10.5
17792	599659200	5.2
17792	602337600	5.6
17792	604756800	11.1
17792	607435200	17.5
17792	610027200	21.3
17792	612705600	24.9
17792	615297600	26.3
17792	617976000	26.5
17792	620654400	23.7
17792	623246400	19.3
17792	625924800	12.8
17792	628516800	9.2
17792	631195200	6.4
17792	633873600	6.8
17792	636292800	13.2
17792	638971200	16.9
17792	641563200	21.3
17792	644241600	25.4
17792	646833600	26.8
17792	649512000	26.8
17792	652190400	23.9
17792	654782400	18.2
17792	657460800	15.6
17792	660052800	8.2
17792	662731200	5.2
17792	665409600	9.4
17792	667828800	11.1
17792	670507200	17.4
17792	673099200	21.3
17792	675777600	25.5
17792	678369600	27.2
17792	681048000	26.6
17792	683726400	23.6
17792	686318400	17.5
17792	688996800	12.6
17792	691588800	9
17792	694267200	7
17792	696945600	7.3
17792	699451200	9.9
17792	702129600	18.9
17792	704721600	21.3
17792	707400000	24
17792	709992000	26.1
17792	712670400	27
17792	715348800	24.2
17792	717940800	17.5
17792	720619200	13.7
17792	723211200	10.6
17792	725889600	4.5
17792	728568000	9.5
17792	730987200	12.8
17792	733665600	17.7
17792	736257600	21.3
17792	738936000	25.4
17792	741528000	26.3
17792	744206400	26.3
17792	746884800	23.8
17792	749476800	17.1
17792	752155200	12.8
17792	754747200	8.1
17792	757425600	7
17792	760104000	7.3
17792	762523200	10.5
17792	765201600	18.6
17792	767793600	23.6
17792	770472000	24.5
17792	773064000	26.6
17792	775742400	26.4
17792	778420800	22.7
17792	781012800	16.2
17792	783691200	14.8
17792	786283200	9.9
17792	788961600	5.4
17792	791640000	8
17792	794059200	11.9
17792	796737600	17.5
17792	799329600	22
17792	802008000	25.3
17792	804600000	27.2
17792	807278400	26.5
17792	809956800	24.1
17792	812548800	18.7
17792	815227200	13.1
17792	817819200	7.9
17792	820497600	5.5
17792	823176000	7.8
17792	825681600	10
17792	828360000	15.2
17792	830952000	20.9
17792	833630400	25.6
17792	836222400	26.3
17792	838900800	26.7
17792	841579200	24.2
17792	844171200	19
17792	846849600	13.1
17792	849441600	9.8
17792	852120000	7.6
17792	854798400	8
17792	857217600	13.3
17792	859896000	17
17792	862488000	23.1
17792	865166400	24.4
17792	867758400	26.1
17792	870436800	27.2
17792	873115200	21.3
17792	875707200	18.8
17792	878385600	13
17792	880977600	7.9
17792	883656000	4.6
17792	886334400	9
17792	888753600	10.9
17792	891432000	21
17792	894024000	21.8
17792	896702400	24.8
17792	899294400	27.4
17792	901972800	27.9
17792	904651200	24.4
17792	907243200	19.8
17792	909921600	15.1
17792	912513600	10.1
17792	915192000	7.5
17792	917870400	11.3
17792	920289600	12.3
17792	922968000	18.4
17792	925560000	21.3
17792	928238400	25.6
17792	930830400	26.5
17792	933508800	25.8
17792	936187200	24.1
17792	938779200	19.3
17792	941457600	14.2
17792	944049600	8.8
17792	946728000	5.7
17792	949406400	5.9
17792	951912000	12.4
17792	954590400	16.9
17792	957182400	22.2
17792	959860800	24.8
17792	962452800	27.8
17792	965131200	26.8
17792	967809600	23.4
17792	970401600	18.3
17792	973080000	11.2
17792	975672000	9.1
17792	978350400	6.8
17792	981028800	9.1
17792	983448000	13.6
17792	986126400	17.1
17792	988718400	21.6
17792	991396800	24.9
17792	993988800	27.6
17792	996667200	26.3
17792	999345600	24.4
17792	1001937600	19.9
17792	1004616000	14
17792	1007208000	6
17792	1009886400	9.5
17792	1012564800	10.8
17792	1014984000	13.4
17792	1017662400	18.5
17792	1020254400	21.7
17792	1022932800	26.6
17792	1025524800	26.8
17792	1028203200	25.2
17792	1030881600	22.4
17792	1033473600	18.3
17792	1036152000	14.3
17792	1038744000	7.7
17792	1041422400	7.2
17792	1044100800	9.9
17792	1046520000	12.2
17792	1049198400	18.2
17792	1051790400	21.6
17792	1054468800	25
17792	1057060800	28.3
17792	1059739200	27.5
17792	1062417600	24.2
17792	1065009600	18.4
17792	1067688000	13.8
17792	1070280000	8.1
17792	1072958400	5.5
17792	1075636800	10.8
17792	1078142400	12.2
17792	1080820800	19.8
17792	1083412800	22.3
17792	1086091200	25.1
17792	1088683200	26.2
17792	1091361600	26.2
17792	1094040000	24.1
17792	1096632000	18.1
17792	1099310400	14.4
17792	1101902400	8.7
17792	1104580800	4.2
17792	1107259200	4.6
17792	1109678400	11.9
17792	1112356800	19.6
17792	1114948800	23.6
17792	1117627200	26.1
17792	1120219200	27.5
17792	1122897600	26.4
17792	1125576000	24.7
17792	1128168000	18.9
17792	1130846400	15.4
17792	1133438400	7.7
17792	1136116800	6
17792	1138795200	7.5
17792	1141214400	12.8
17792	1143892800	19.8
17792	1146484800	22.8
17792	1149163200	25.4
17792	1151755200	27.3
17792	1154433600	27.1
17792	1157112000	23.6
17792	1159704000	20.9
17792	1162382400	14.1
17792	1164974400	8.2
17792	1167652800	5.5
17792	1170331200	13.7
17792	1172750400	13.9
17792	1175428800	17
17792	1178020800	23.4
17792	1180699200	25.6
17792	1183291200	27.7
17792	1185969600	27.5
17792	1188648000	22.5
17792	1191240000	19.1
17792	1193918400	13.5
17792	1196510400	8.6
17792	1199188800	3.3
17792	1201867200	5.5
17792	1204372800	14.3
17792	1207051200	18.5
17792	1209643200	22.3
17792	1212321600	25.4
17792	1214913600	26.9
17792	1217592000	26.5
17792	1220270400	24.6
17792	1222862400	19.9
17792	1225540800	13.3
17792	1228132800	9.1
17792	1230811200	5.8
17792	1233489600	12.4
17792	1235908800	13.2
17792	1238587200	17.9
17792	1241179200	21.8
17792	1243857600	25.8
17792	1246449600	26.7
17792	1249128000	27.6
17792	1251806400	26
17792	1254398400	20.2
17792	1257076800	11.5
17792	1259668800	7.8
17792	1262347200	8
17792	1265025600	9.9
17792	1267444800	12.9
17792	1270123200	15.7
17792	1272715200	21.2
17792	1275393600	23.5
17792	1277985600	28.2
17792	1280664000	27.8
17792	1283342400	23.9
17792	1285934400	17.6
17792	1288612800	13.7
17792	1291204800	9.1
17792	1293883200	1.8
17792	1296561600	10.6
17792	1298980800	9.8
17792	1301659200	17.7
17792	1304251200	21
17792	1306929600	25.8
17792	1309521600	27.5
17792	1312200000	26.8
17792	1314878400	23.8
17792	1317470400	18.3
17792	1320148800	17.4
17792	1322740800	7.5
17792	1325419200	3.9
17792	1328097600	5
17792	1330603200	11.4
17792	1333281600	19.6
17792	1335873600	22.3
17792	1338552000	25.2
17792	1341144000	27.5
17792	1343822400	27.1
17792	1346500800	22.9
17792	1349092800	19.1
17792	1351771200	12.1
17792	1354363200	7.2
17793	-599572800	5.9
17793	-596894400	9.6
17793	-594475200	10.5
17793	-591796800	16.8
17793	-589204800	20.7
17793	-586526400	20.9
17793	-583934400	22.9
17793	-581256000	23.3
17793	-578577600	19.9
17793	-575985600	18.7
17793	-573307200	12.7
17793	-570715200	10.6
17793	-568036800	7.3
17793	-565358400	10.1
17793	-562852800	16
17793	-560174400	18.7
17793	-557582400	21.3
17793	-554904000	22
17793	-552312000	24.2
17793	-549633600	22.1
17793	-546955200	20.5
17793	-544363200	15.6
17793	-541684800	15.7
17793	-539092800	7.3
17793	-536414400	8.1
17793	-533736000	10.5
17793	-531316800	14.3
17793	-528638400	14.6
17793	-526046400	19.7
17793	-523368000	21.9
17793	-520776000	23.8
17793	-518097600	23.8
17793	-515419200	18.5
17793	-512827200	17.9
17793	-510148800	13.8
17793	-507556800	10.2
17793	-504878400	9.9
17793	-502200000	11.3
17793	-499780800	9.7
17793	-497102400	18.6
17793	-494510400	20.9
17793	-491832000	21.7
17793	-489240000	23
17793	-486561600	21.7
17793	-483883200	20
17793	-481291200	15.6
17793	-478612800	14.3
17793	-476020800	5.9
17793	-473342400	3.7
17793	-470664000	10.9
17793	-468244800	15.1
17793	-465566400	15.5
17793	-462974400	19.5
17793	-460296000	20.7
17793	-457704000	22.6
17793	-455025600	21.6
17793	-452347200	21.5
17793	-449755200	15.7
17793	-447076800	9.9
17793	-444484800	9.9
17793	-441806400	4.9
17793	-439128000	8.6
17793	-436622400	14.1
17793	-433944000	18.1
17793	-431352000	18.7
17793	-428673600	22.1
17793	-426081600	22.4
17793	-423403200	21.5
17793	-420724800	19.5
17793	-418132800	15.4
17793	-415454400	10.1
17793	-412862400	7.8
17793	-410184000	9.6
17793	-407505600	4.8
17793	-405086400	13.7
17793	-402408000	18.5
17793	-399816000	19.4
17793	-397137600	20.1
17793	-394545600	22.8
17793	-391867200	21.6
17793	-389188800	19.2
17793	-386596800	15.4
17793	-383918400	14.8
17793	-381326400	9.5
17793	-378648000	5.9
17793	-375969600	6.8
17793	-373550400	16.8
17793	-370872000	20.5
17793	-368280000	20.6
17793	-365601600	21.4
17793	-363009600	22.4
17793	-360331200	20.8
17793	-357652800	19.2
17793	-355060800	14.9
17793	-352382400	11.8
17793	-349790400	9.5
17793	-347112000	5.1
17793	-344433600	8.8
17793	-342014400	12.9
17793	-339336000	18.2
17793	-336744000	18.5
17793	-334065600	21.7
17793	-331473600	22.4
17793	-328795200	22.4
17793	-326116800	19.2
17793	-323524800	16.8
17793	-320846400	13.2
17793	-318254400	8.3
17793	-315576000	8.5
17793	-312897600	10.3
17793	-310392000	16.6
17793	-307713600	16.5
17793	-305121600	19.8
17793	-302443200	22
17793	-299851200	21.5
17793	-297172800	21.8
17793	-294494400	20
17793	-291902400	15.4
17793	-289224000	12.7
17793	-286632000	6.9
17793	-283953600	6.1
17793	-281275200	6.6
17793	-278856000	12.1
17793	-276177600	17.9
17793	-273585600	19.3
17793	-270907200	22
17793	-268315200	23.1
17793	-265636800	22.1
17793	-262958400	19.5
17793	-260366400	17.2
17793	-257688000	12.3
17793	-255096000	9.4
17793	-252417600	3.9
17793	-249739200	9.8
17793	-247320000	12.3
17793	-244641600	16.4
17793	-242049600	20.2
17793	-239371200	20.7
17793	-236779200	23.4
17793	-234100800	22.1
17793	-231422400	20.2
17793	-228830400	16.5
17793	-226152000	11.3
17793	-223560000	9.4
17793	-220881600	5.6
17793	-218203200	6.8
17793	-215784000	13.3
17793	-213105600	20
17793	-210513600	24.3
17793	-207835200	21
17793	-205243200	22.8
17793	-202564800	22.9
17793	-199886400	22.6
17793	-197294400	15.5
17793	-194616000	14.7
17793	-192024000	9.2
17793	-189345600	6.7
17793	-186667200	5.9
17793	-184161600	13.9
17793	-181483200	19.7
17793	-178891200	20.6
17793	-176212800	20.9
17793	-173620800	22.7
17793	-170942400	22.2
17793	-168264000	20.9
17793	-165672000	16.8
17793	-162993600	11.5
17793	-160401600	6
17793	-157723200	8.6
17793	-155044800	11.3
17793	-152625600	11.8
17793	-149947200	18.1
17793	-147355200	19.6
17793	-144676800	20.3
17793	-142084800	22.8
17793	-139406400	21.3
17793	-136728000	19.3
17793	-134136000	16.8
17793	-131457600	12.9
17793	-128865600	7.9
17793	-126187200	9.5
17793	-123508800	11.5
17793	-121089600	15.4
17793	-118411200	17.9
17793	-115819200	18.9
17793	-113140800	19.9
17793	-110548800	22.5
17793	-107870400	22.1
17793	-105192000	18.4
17793	-102600000	17
17793	-99921600	11.2
17793	-97329600	8.1
17793	-94651200	5
17793	-91972800	6.1
17793	-89553600	14.8
17793	-86875200	16.1
17793	-84283200	21.9
17793	-81604800	22
17793	-79012800	22.6
17793	-76334400	22.6
17793	-73656000	19.4
17793	-71064000	15
17793	-68385600	13
17793	-65793600	5.4
17793	-63115200	8.5
17793	-60436800	1.7
17793	-57931200	12.9
17793	-55252800	15.4
17793	-52660800	19.4
17793	-49982400	20
17793	-47390400	22.3
17793	-44712000	22.1
17793	-42033600	19.8
17793	-39441600	15.8
17793	-36763200	13.9
17793	-34171200	13
17793	-31492800	7.8
17793	-28814400	7.8
17793	-26395200	14.5
17793	-23716800	19.2
17793	-21124800	21.7
17793	-18446400	21.1
17793	-15854400	22.7
17793	-13176000	21.9
17793	-10497600	20.2
17793	-7905600	18.3
17793	-5227200	10.1
17793	-2635200	7.4
17793	43200	5.3
17793	2721600	11.2
17793	5140800	10.6
17793	7819200	16.3
17793	10411200	20.5
17793	13089600	19.9
17793	15681600	22
17793	18360000	22.5
17793	21038400	21
17793	23630400	15.4
17793	26308800	12.6
17793	28900800	8.9
17793	31579200	5.6
17793	34257600	9.3
17793	36676800	13.9
17793	39355200	18
17793	41947200	19.1
17793	44625600	21.7
17793	47217600	22.2
17793	49896000	21
17793	52574400	20.2
17793	55166400	15.2
17793	57844800	12.2
17793	60436800	9
17793	63115200	7.6
17793	65793600	7.9
17793	68299200	15.6
17793	70977600	15.2
17793	73569600	20.2
17793	76248000	22
17793	78840000	23.2
17793	81518400	22.4
17793	84196800	19.7
17793	86788800	17.3
17793	89467200	11.9
17793	92059200	8.3
17793	94737600	5.9
17793	97416000	14.1
17793	99835200	15.4
17793	102513600	19.2
17793	105105600	21.2
17793	107784000	22
17793	110376000	22.4
17793	113054400	22.2
17793	115732800	20.6
17793	118324800	16.2
17793	121003200	11.6
17793	123595200	8.3
17793	126273600	7.6
17793	128952000	6.7
17793	131371200	11.9
17793	134049600	17.8
17793	136641600	20.7
17793	139320000	21
17793	141912000	22.4
17793	144590400	20.7
17793	147268800	20.7
17793	149860800	16.8
17793	152539200	12.9
17793	155131200	8.5
17793	157809600	7.7
17793	160488000	10.1
17793	162907200	15.1
17793	165585600	19.1
17793	168177600	19.6
17793	170856000	22.2
17793	173448000	23.4
17793	176126400	22.5
17793	178804800	22
17793	181396800	17.4
17793	184075200	9.7
17793	186667200	6.3
17793	189345600	6.5
17793	192024000	10.6
17793	194529600	11.6
17793	197208000	16.3
17793	199800000	19.8
17793	202478400	21
17793	205070400	21.9
17793	207748800	22.4
17793	210427200	18.8
17793	213019200	17.1
17793	215697600	8.9
17793	218289600	7.6
17793	220968000	2.4
17793	223646400	5.2
17793	226065600	13.8
17793	228744000	18.1
17793	231336000	21
17793	234014400	22
17793	236606400	22.5
17793	239284800	22
17793	241963200	19.6
17793	244555200	17.3
17793	247233600	10.3
17793	249825600	11.3
17793	252504000	7.6
17793	255182400	8.7
17793	257601600	14.4
17793	260280000	17.7
17793	262872000	19.4
17793	265550400	21.4
17793	268142400	23.1
17793	270820800	22.3
17793	273499200	19.1
17793	276091200	16.3
17793	278769600	11.6
17793	281361600	9.9
17793	284040000	8
17793	286718400	12.6
17793	289137600	13.9
17793	291816000	18.1
17793	294408000	18.7
17793	297086400	21.4
17793	299678400	23.3
17793	302356800	22.4
17793	305035200	19.9
17793	307627200	15.6
17793	310305600	10.5
17793	312897600	10.9
17793	315576000	8.4
17793	318254400	5.9
17793	320760000	16.4
17793	323438400	17.8
17793	326030400	20.1
17793	328708800	22.4
17793	331300800	22.8
17793	333979200	22
17793	336657600	19.1
17793	339249600	17.7
17793	341928000	15.5
17793	344520000	8.4
17793	347198400	8.1
17793	349876800	9.1
17793	352296000	15.7
17793	354974400	18.6
17793	357566400	18.7
17793	360244800	21.4
17793	362836800	22.7
17793	365515200	23.3
17793	368193600	21
17793	370785600	15.8
17793	373464000	11.8
17793	376056000	6.5
17793	378734400	9.5
17793	381412800	8.5
17793	383832000	15
17793	386510400	14.3
17793	389102400	20.5
17793	391780800	21
17793	394372800	23.2
17793	397051200	23
17793	399729600	19.6
17793	402321600	18.7
17793	4.05e+08	13.3
17793	407592000	6.6
17793	410270400	5
17793	412948800	7.2
17793	415368000	10.3
17793	418046400	18.3
17793	420638400	21.2
17793	423316800	22.2
17793	425908800	23.8
17793	428587200	21.7
17793	431265600	21.5
17793	433857600	17.5
17793	436536000	13
17793	439128000	7.1
17793	441806400	3.5
17793	444484800	6.7
17793	446990400	12.6
17793	449668800	17.5
17793	452260800	19.1
17793	454939200	21.9
17793	457531200	23.2
17793	460209600	22.1
17793	462888000	20.1
17793	465480000	15.3
17793	468158400	14.5
17793	470750400	5.8
17793	473428800	5.4
17793	476107200	9.1
17793	478526400	9.1
17793	481204800	15.8
17793	483796800	21
17793	486475200	21.3
17793	489067200	22.5
17793	491745600	22.8
17793	494424000	19.6
17793	497016000	17.8
17793	499694400	12.9
17793	502286400	8.6
17793	504964800	8
17793	507643200	7.9
17793	510062400	13.9
17793	512740800	17.9
17793	515332800	20.4
17793	518011200	22.2
17793	520603200	22.3
17793	523281600	21.7
17793	525960000	19.3
17793	528552000	15.8
17793	531230400	11.2
17793	533822400	10.3
17793	536500800	9.7
17793	539179200	12.7
17793	541598400	16.9
17793	544276800	18.3
17793	546868800	21.2
17793	549547200	22.6
17793	552139200	22.7
17793	554817600	22.3
17793	557496000	18.9
17793	560088000	18.1
17793	562766400	13
17793	565358400	7.9
17793	568036800	8.9
17793	570715200	7.8
17793	573220800	10.3
17793	575899200	15.5
17793	578491200	21.1
17793	581169600	22.6
17793	583761600	23.2
17793	586440000	21.7
17793	589118400	19.1
17793	591710400	15.9
17793	594388800	12.6
17793	596980800	11
17793	599659200	6.5
17793	602337600	8.1
17793	604756800	11.9
17793	607435200	17.3
17793	610027200	19.3
17793	612705600	22
17793	615297600	22.4
17793	617976000	22.3
17793	620654400	21.3
17793	623246400	16.3
17793	625924800	12.3
17793	628516800	9
17793	631195200	8.5
17793	633873600	9.4
17793	636292800	13.3
17793	638971200	17.4
17793	641563200	18.8
17793	644241600	21.2
17793	646833600	22.3
17793	649512000	23.8
17793	652190400	21
17793	654782400	16.5
17793	657460800	14.6
17793	660052800	10.6
17793	662731200	7
17793	665409600	9.9
17793	667828800	15.5
17793	670507200	18
17793	673099200	21
17793	675777600	22.3
17793	678369600	22.4
17793	681048000	22.2
17793	683726400	20.3
17793	686318400	15.1
17793	688996800	12
17793	691588800	10.7
17793	694267200	6
17793	696945600	7
17793	699451200	10.4
17793	702129600	17.6
17793	704721600	20.1
17793	707400000	22.1
17793	709992000	21.7
17793	712670400	22.8
17793	715348800	21.6
17793	717940800	14.6
17793	720619200	11.7
17793	723211200	11
17793	725889600	5.5
17793	728568000	11.2
17793	730987200	14.6
17793	733665600	18.3
17793	736257600	20.2
17793	738936000	22.5
17793	741528000	22.9
17793	744206400	22.3
17793	746884800	19.6
17793	749476800	14
17793	752155200	13.9
17793	754747200	7.9
17793	757425600	7.8
17793	760104000	11.5
17793	762523200	10.7
17793	765201600	20.1
17793	767793600	20.8
17793	770472000	21.1
17793	773064000	22.7
17793	775742400	22.4
17793	778420800	19.3
17793	781012800	15.4
17793	783691200	14.9
17793	786283200	9.7
17793	788961600	6
17793	791640000	6.6
17793	794059200	12
17793	796737600	18.2
17793	799329600	19.8
17793	802008000	22.5
17793	804600000	22.4
17793	807278400	22
17793	809956800	20.5
17793	812548800	17.9
17793	815227200	11.2
17793	817819200	7.5
17793	820497600	6.3
17793	823176000	7.2
17793	825681600	12.5
17793	828360000	14
17793	830952000	19
17793	833630400	22.1
17793	836222400	22.8
17793	838900800	22.3
17793	841579200	20.7
17793	844171200	17.1
17793	846849600	12.5
17793	849441600	8.2
17793	852120000	8.5
17793	854798400	6.9
17793	857217600	13.1
17793	859896000	17
17793	862488000	20.6
17793	865166400	21.2
17793	867758400	21.9
17793	870436800	22.8
17793	873115200	17.9
17793	875707200	16.7
17793	878385600	14.2
17793	880977600	9.1
17793	883656000	6.9
17793	886334400	10.4
17793	888753600	14.5
17793	891432000	19.5
17793	894024000	21.5
17793	896702400	22.5
17793	899294400	23.3
17793	901972800	23.1
17793	904651200	20.6
17793	907243200	17.8
17793	909921600	14
17793	912513600	10.4
17793	915192000	8.6
17793	917870400	11
17793	920289600	14.3
17793	922968000	18.9
17793	925560000	18.8
17793	928238400	23
17793	930830400	22.7
17793	933508800	21.6
17793	936187200	20.9
17793	938779200	17.6
17793	941457600	13.6
17793	944049600	7.7
17793	946728000	8.6
17793	949406400	6.3
17793	951912000	12.3
17793	954590400	16.2
17793	957182400	19.8
17793	959860800	21.5
17793	962452800	22.8
17793	965131200	22.4
17793	967809600	20.2
17793	970401600	17.9
17793	973080000	12.4
17793	975672000	10.2
17793	978350400	9.8
17793	981028800	9.6
17793	983448000	15.1
17793	986126400	18.5
17793	988718400	19.5
17793	991396800	21.5
17793	993988800	23.1
17793	996667200	21.7
17793	999345600	20.5
17793	1001937600	17.7
17793	1004616000	12.6
17793	1007208000	8.6
17793	1009886400	8.3
17793	1012564800	12.1
17793	1014984000	15.4
17793	1017662400	20.1
17793	1020254400	20.1
17793	1022932800	23
17793	1025524800	22.6
17793	1028203200	21
17793	1030881600	19.7
17793	1033473600	16.7
17793	1036152000	13.4
17793	1038744000	9.3
17793	1041422400	7.7
17793	1044100800	13.5
17793	1046520000	14.1
17793	1049198400	20.4
17793	1051790400	20.8
17793	1054468800	21.2
17793	1057060800	23.8
17793	1059739200	23.4
17793	1062417600	20.6
17793	1065009600	16.7
17793	1067688000	14.1
17793	1070280000	8.3
17793	1072958400	6
17793	1075636800	9.9
17793	1078142400	13.7
17793	1080820800	18.1
17793	1083412800	20.4
17793	1086091200	21.6
17793	1088683200	22.2
17793	1091361600	23.2
17793	1094040000	20.9
17793	1096632000	15.9
17793	1099310400	13.9
17793	1101902400	9.2
17793	1104580800	5.7
17793	1107259200	9.8
17793	1109678400	12.6
17793	1112356800	18.1
17793	1114948800	23
17793	1117627200	22.6
17793	1120219200	23.4
17793	1122897600	22.4
17793	1125576000	21.4
17793	1128168000	17
17793	1130846400	14.3
17793	1133438400	7.1
17793	1136116800	8
17793	1138795200	9.2
17793	1141214400	13.5
17793	1143892800	19.5
17793	1146484800	20.1
17793	1149163200	22.1
17793	1151755200	23.7
17793	1154433600	22.5
17793	1157112000	20.3
17793	1159704000	18.8
17793	1162382400	13.9
17793	1164974400	8.7
17793	1167652800	5.2
17793	1170331200	14
17793	1172750400	15.8
17793	1175428800	16.4
17793	1178020800	21
17793	1180699200	22.8
17793	1183291200	23.3
17793	1185969600	23.2
17793	1188648000	19.5
17793	1191240000	17.2
17793	1193918400	12.9
17793	1196510400	10.2
17793	1199188800	5.2
17793	1201867200	4.6
17793	1204372800	14.7
17793	1207051200	19.1
17793	1209643200	20.6
17793	1212321600	21.5
17793	1214913600	22.9
17793	1217592000	23.1
17793	1220270400	22
17793	1222862400	18.6
17793	1225540800	12.4
17793	1228132800	8.7
17793	1230811200	6.9
17793	1233489600	16.2
17793	1235908800	14
17793	1238587200	17.3
17793	1241179200	20.1
17793	1243857600	22.4
17793	1246449600	23.3
17793	1249128000	23.4
17793	1251806400	22.2
17793	1254398400	17.6
17793	1257076800	12.4
17793	1259668800	9.6
17793	1262347200	10.6
17793	1265025600	13.7
17793	1267444800	16.7
17793	1270123200	17.2
17793	1272715200	22.4
17793	1275393600	20.7
17793	1277985600	23.6
17793	1280664000	22.9
17793	1283342400	21.3
17793	1285934400	16
17793	1288612800	12
17793	1291204800	9.2
17793	1293883200	1.1
17793	1296561600	9.6
17793	1298980800	9.5
17793	1301659200	16.7
17793	1304251200	20.2
17793	1306929600	22.8
17793	1309521600	23.4
17793	1312200000	23
17793	1314878400	21
17793	1317470400	16.7
17793	1320148800	15.3
17793	1322740800	6.6
17793	1325419200	4.4
17793	1328097600	7.5
17793	1330603200	13.6
17793	1333281600	20.3
17793	1335873600	21.4
17793	1338552000	21.5
17793	1341144000	23.3
17793	1343822400	23.1
17793	1346500800	19
17793	1349092800	18.3
17793	1351771200	14.3
17793	1354363200	9.1
17794	-596894400	14.1
17794	-594475200	15.1
17794	-591796800	20.8
17794	-589204800	25.4
17794	-586526400	26.3
17794	-583934400	28
17794	-581256000	29.2
17794	-578577600	25.5
17794	-575985600	22.2
17794	-573307200	16.2
17794	-570715200	14.1
17794	-568036800	11.3
17794	-565358400	12.3
17794	-562852800	17.6
17794	-560174400	22.1
17794	-557582400	25.6
17794	-554904000	27.7
17794	-552312000	29
17794	-549633600	27.3
17794	-546955200	25.9
17794	-544363200	20.3
17794	-541684800	18.5
17794	-539092800	11.1
17794	-536414400	10.1
17794	-533736000	13.4
17794	-531316800	16.8
17794	-528638400	18.8
17794	-526046400	24.3
17794	-523368000	27.1
17794	-520776000	28.9
17794	-518097600	29
17794	-515419200	24.3
17794	-512827200	22.2
17794	-510148800	17.1
17794	-507556800	12.8
17794	-504878400	12.3
17794	-502200000	14.2
17794	-499780800	14.5
17794	-497102400	22.8
17794	-494510400	25
17794	-491832000	26.5
17794	-489240000	27.6
17794	-486561600	26.8
17794	-483883200	25.2
17794	-481291200	20.8
17794	-478612800	18.6
17794	-476020800	9.3
17794	-473342400	8.3
17794	-470664000	14.4
17794	-468244800	18.2
17794	-465566400	20.3
17794	-462974400	24.1
17794	-460296000	26.6
17794	-457704000	27.9
17794	-455025600	27
17794	-452347200	26.7
17794	-449755200	21.3
17794	-447076800	14.7
17794	-444484800	14.1
17794	-441806400	9.8
17794	-439128000	13
17794	-436622400	16.2
17794	-433944000	22.3
17794	-431352000	23.4
17794	-428673600	27.1
17794	-426081600	27.8
17794	-423403200	27.2
17794	-420724800	24.9
17794	-418132800	21.3
17794	-415454400	15.5
17794	-412862400	11.7
17794	-410184000	13
17794	-407505600	9.7
17794	-405086400	17.6
17794	-402408000	22.5
17794	-399816000	24.5
17794	-397137600	25.1
17794	-394545600	28.2
17794	-391867200	27.7
17794	-389188800	24.3
17794	-386596800	20.2
17794	-383918400	19
17794	-381326400	13.9
17794	-378648000	9.8
17794	-375969600	11.5
17794	-373550400	20.3
17794	-370872000	24.5
17794	-368280000	24.9
17794	-365601600	27.6
17794	-363009600	28.3
17794	-360331200	26.7
17794	-357652800	24.8
17794	-355060800	19.6
17794	-352382400	16.6
17794	-349790400	14
17794	-347112000	10.2
17794	-344433600	12.3
17794	-342014400	17.4
17794	-339336000	22.6
17794	-336744000	22.6
17794	-334065600	26.3
17794	-331473600	28
17794	-328795200	27.5
17794	-326116800	25
17794	-323524800	21.7
17794	-320846400	17.3
17794	-318254400	12.8
17794	-315576000	12.2
17794	-312897600	14.5
17794	-310392000	19.7
17794	-307713600	21.4
17794	-305121600	24
17794	-302443200	27.6
17794	-299851200	26.9
17794	-297172800	28.3
17794	-294494400	25.9
17794	-291902400	20.2
17794	-289224000	17.4
17794	-286632000	11.5
17794	-283953600	10.3
17794	-281275200	12.1
17794	-278856000	16.3
17794	-276177600	21.7
17794	-273585600	24.1
17794	-270907200	27.1
17794	-268315200	28.2
17794	-265636800	27.5
17794	-262958400	25.6
17794	-260366400	21.5
17794	-257688000	17
17794	-255096000	14.1
17794	-252417600	9.2
17794	-249739200	14.7
17794	-247320000	17
17794	-244641600	20.5
17794	-242049600	24.3
17794	-239371200	25.3
17794	-236779200	28.2
17794	-234100800	27.3
17794	-231422400	26
17794	-228830400	21.1
17794	-226152000	15.3
17794	-223560000	12.9
17794	-220881600	10
17794	-218203200	12
17794	-215784000	18.2
17794	-213105600	23
17794	-210513600	28.1
17794	-207835200	27.3
17794	-205243200	28
17794	-202564800	28.2
17794	-199886400	28.1
17794	-197294400	20.8
17794	-194616000	18.2
17794	-192024000	12.8
17794	-189345600	11.3
17794	-186667200	9
17794	-184161600	17
17794	-181483200	24
17794	-178891200	25.2
17794	-176212800	26.3
17794	-173620800	28.2
17794	-170942400	27.7
17794	-168264000	26.8
17794	-165672000	21.6
17794	-162993600	16.2
17794	-160401600	10.9
17794	-157723200	12.4
17794	-155044800	15.1
17794	-152625600	16.5
17794	-149947200	21.8
17794	-147355200	24.1
17794	-144676800	25.5
17794	-142084800	28
17794	-139406400	26.3
17794	-136728000	24.6
17794	-134136000	21.3
17794	-131457600	17.4
17794	-128865600	11.5
17794	-126187200	12.6
17794	-123508800	15.7
17794	-121089600	19.4
17794	-118411200	20.7
17794	-115819200	23.2
17794	-113140800	25
17794	-110548800	27.4
17794	-107870400	27.5
17794	-105192000	24.5
17794	-102600000	21.7
17794	-99921600	16.7
17794	-97329600	11.1
17794	-94651200	10.1
17794	-91972800	10.8
17794	-89553600	18.3
17794	-86875200	20.5
17794	-84283200	26.4
17794	-81604800	26.9
17794	-79012800	27.8
17794	-76334400	27.4
17794	-73656000	23.9
17794	-71064000	20.1
17794	-68385600	16.6
17794	-65793600	9.6
17794	-63115200	11
17794	-60436800	7
17794	-57931200	16
17794	-55252800	19.6
17794	-52660800	24.3
17794	-49982400	24.9
17794	-47390400	27.1
17794	-44712000	27.2
17794	-42033600	25.1
17794	-39441600	19.8
17794	-36763200	17.8
17794	-34171200	16.7
17794	-31492800	10.6
17794	-28814400	11.3
17794	-26395200	18.5
17794	-23716800	22.3
17794	-21124800	25.7
17794	-18446400	25.5
17794	-15854400	27.1
17794	-13176000	26.3
17794	-10497600	25.4
17794	-7905600	22.4
17794	-5227200	14.5
17794	-2635200	12.4
17794	43200	9.8
17794	2721600	14.4
17794	5140800	13.8
17794	7819200	21
17794	10411200	24.3
17794	13089600	25.4
17794	15681600	26.8
17794	18360000	27.8
17794	21038400	26.4
17794	23630400	21.3
17794	26308800	17.3
17794	28900800	13.1
17794	31579200	10.7
17794	34257600	13.6
17794	36676800	17.5
17794	39355200	21.9
17794	41947200	23.8
17794	44625600	26.5
17794	47217600	27.2
17794	49896000	25.5
17794	52574400	25.3
17794	55166400	19.8
17794	57844800	16.3
17794	60436800	12.3
17794	63115200	12
17794	65793600	10.1
17794	68299200	19.6
17794	70977600	20
17794	73569600	25
17794	76248000	26.7
17794	78840000	28.9
17794	81518400	27.9
17794	84196800	24.6
17794	86788800	21.9
17794	89467200	16.7
17794	92059200	12
17794	94737600	10.3
17794	97416000	17
17794	99835200	18.9
17794	102513600	22.8
17794	105105600	24.5
17794	107784000	26.2
17794	110376000	27.2
17794	113054400	27.1
17794	115732800	25.3
17794	118324800	21
17794	121003200	16
17794	123595200	13.1
17794	126273600	10.2
17794	128952000	11.4
17794	131371200	16.3
17794	134049600	22.3
17794	136641600	25.6
17794	139320000	26.3
17794	141912000	27.3
17794	144590400	26.4
17794	147268800	25.8
17794	149860800	22.2
17794	152539200	17.4
17794	155131200	12
17794	157809600	12
17794	160488000	14.6
17794	162907200	19.1
17794	165585600	22.9
17794	168177600	23.6
17794	170856000	27
17794	173448000	28.3
17794	176126400	27.7
17794	178804800	26.8
17794	181396800	22.3
17794	184075200	14.5
17794	186667200	10.3
17794	189345600	10.7
17794	192024000	14.7
17794	194529600	15.3
17794	197208000	21
17794	199800000	24.7
17794	202478400	26
17794	205070400	26.8
17794	207748800	27.7
17794	210427200	24.2
17794	213019200	21.4
17794	215697600	13.9
17794	218289600	12.5
17794	220968000	6.8
17794	223646400	10.6
17794	226065600	18.6
17794	228744000	22.9
17794	231336000	26.4
17794	234014400	26.2
17794	236606400	27.6
17794	239284800	26.7
17794	241963200	24.1
17794	244555200	21.8
17794	247233600	15.3
17794	249825600	15.4
17794	252504000	12
17794	255182400	12.8
17794	257601600	18
17794	260280000	21.7
17794	262872000	24
17794	265550400	26.3
17794	268142400	28.8
17794	270820800	27.8
17794	273499200	24.4
17794	276091200	20.5
17794	278769600	15.3
17794	281361600	13.6
17794	284040000	11.8
17794	286718400	16.3
17794	289137600	17.3
17794	291816000	21.6
17794	294408000	22.9
17794	297086400	26.2
17794	299678400	28
17794	302356800	27.4
17794	305035200	24.6
17794	307627200	20.5
17794	310305600	15.3
17794	312897600	15
17794	315576000	12
17794	318254400	10.1
17794	320760000	17.3
17794	323438400	21
17794	326030400	24.3
17794	328708800	27
17794	331300800	27.2
17794	333979200	26.6
17794	336657600	24.4
17794	339249600	22.2
17794	341928000	19.8
17794	344520000	12.8
17794	347198400	11
17794	349876800	13.4
17794	352296000	20.2
17794	354974400	22.9
17794	357566400	23.4
17794	360244800	26.6
17794	362836800	28.2
17794	365515200	29.2
17794	368193600	26.3
17794	370785600	20.3
17794	373464000	15.4
17794	376056000	11.6
17794	378734400	13.2
17794	381412800	12.6
17794	383832000	17.7
17794	386510400	19.4
17794	389102400	25.4
17794	391780800	25.2
17794	394372800	28.5
17794	397051200	28
17794	399729600	24.6
17794	402321600	23.2
17794	4.05e+08	17.2
17794	407592000	10.8
17794	410270400	9.2
17794	412948800	11.3
17794	415368000	15.4
17794	418046400	22
17794	420638400	25.3
17794	423316800	26.5
17794	425908800	29.2
17794	428587200	27.9
17794	431265600	26.4
17794	433857600	22.2
17794	436536000	16.9
17794	439128000	11
17794	441806400	7.7
17794	444484800	9.5
17794	446990400	16.5
17794	449668800	21
17794	452260800	23.3
17794	454939200	26.9
17794	457531200	28
17794	460209600	27.4
17794	462888000	24.9
17794	465480000	19.3
17794	468158400	18.5
17794	470750400	10.4
17794	473428800	9.8
17794	476107200	13.4
17794	478526400	13.8
17794	481204800	20.8
17794	483796800	25.4
17794	486475200	26.8
17794	489067200	27.6
17794	491745600	28.4
17794	494424000	24.9
17794	497016000	22.7
17794	499694400	16.9
17794	502286400	12.7
17794	504964800	12.1
17794	507643200	12.1
17794	510062400	18.2
17794	512740800	22.2
17794	515332800	25
17794	518011200	27.4
17794	520603200	27.4
17794	523281600	26.9
17794	525960000	25
17794	528552000	19.5
17794	531230400	16.2
17794	533822400	14.1
17794	536500800	13.7
17794	539179200	16.2
17794	541598400	20.6
17794	544276800	22.6
17794	546868800	25.4
17794	549547200	26.6
17794	552139200	27.7
17794	554817600	27.6
17794	557496000	24.2
17794	560088000	22.2
17794	562766400	17
17794	565358400	12
17794	568036800	12.1
17794	570715200	10.5
17794	573220800	14.8
17794	575899200	20.7
17794	578491200	25.8
17794	581169600	27.2
17794	583761600	28.2
17794	586440000	26.7
17794	589118400	24.5
17794	591710400	21.4
17794	594388800	17.1
17794	596980800	15.2
17794	599659200	11.1
17794	602337600	11.4
17794	604756800	16.5
17794	607435200	22.1
17794	610027200	23.8
17794	612705600	26.7
17794	615297600	27.5
17794	617976000	27.3
17794	620654400	26.3
17794	623246400	20.9
17794	625924800	16.9
17794	628516800	13.2
17794	631195200	11.8
17794	633873600	13.5
17794	636292800	17.5
17794	638971200	21.1
17794	641563200	23.6
17794	644241600	26.4
17794	646833600	27.3
17794	649512000	28.9
17794	652190400	26.1
17794	654782400	21.2
17794	657460800	18.1
17794	660052800	13.8
17794	662731200	9.9
17794	665409600	14.4
17794	667828800	17.5
17794	670507200	21.7
17794	673099200	24.6
17794	675777600	27
17794	678369600	27.5
17794	681048000	27.4
17794	683726400	25.1
17794	686318400	19.7
17794	688996800	16.3
17794	691588800	14
17794	694267200	10
17794	696945600	11.3
17794	699451200	14.4
17794	702129600	22.3
17794	704721600	24.3
17794	707400000	26.3
17794	709992000	26.7
17794	712670400	28.5
17794	715348800	27.3
17794	717940800	20.5
17794	720619200	16.8
17794	723211200	15.5
17794	725889600	9.4
17794	728568000	14.5
17794	730987200	18.4
17794	733665600	22.2
17794	736257600	24.7
17794	738936000	27.2
17794	741528000	27.7
17794	744206400	27.5
17794	746884800	25.1
17794	749476800	19.6
17794	752155200	17.5
17794	754747200	11.5
17794	757425600	11.1
17794	760104000	13.4
17794	762523200	15.4
17794	765201600	24.3
17794	767793600	25.2
17794	770472000	26.5
17794	773064000	27.7
17794	775742400	27.7
17794	778420800	24.3
17794	781012800	19.7
17794	783691200	19
17794	786283200	14
17794	788961600	10.4
17794	791640000	12
17794	794059200	16.5
17794	796737600	22.3
17794	799329600	24.3
17794	802008000	26.9
17794	804600000	28
17794	807278400	27.3
17794	809956800	25.1
17794	812548800	22.1
17794	815227200	15.8
17794	817819200	12.1
17794	820497600	9.7
17794	823176000	11.9
17794	825681600	15.5
17794	828360000	18.6
17794	830952000	23.4
17794	833630400	26.6
17794	836222400	27.5
17794	838900800	27.6
17794	841579200	26.2
17794	844171200	21.9
17794	846849600	16.6
17794	849441600	13.1
17794	852120000	13.1
17794	854798400	11.8
17794	857217600	17.2
17794	859896000	21.1
17794	862488000	24.8
17794	865166400	26.3
17794	867758400	26.7
17794	870436800	28.2
17794	873115200	23.5
17794	875707200	21.2
17794	878385600	17.3
17794	880977600	12.4
17794	883656000	10.7
17794	886334400	13.7
17794	888753600	16.9
17794	891432000	23.5
17794	894024000	24.9
17794	896702400	26.9
17794	899294400	27.9
17794	901972800	28.4
17794	904651200	26
17794	907243200	22.5
17794	909921600	18.4
17794	912513600	14.3
17794	915192000	12.6
17794	917870400	15.9
17794	920289600	18.1
17794	922968000	23.7
17794	925560000	23.7
17794	928238400	27.5
17794	930830400	27.6
17794	933508800	27.4
17794	936187200	26
17794	938779200	22.2
17794	941457600	17.9
17794	944049600	12
17794	946728000	12.4
17794	949406400	10.5
17794	951912000	16.5
17794	954590400	20.5
17794	957182400	24.6
17794	959860800	25.8
17794	962452800	28.4
17794	965131200	27.5
17794	967809600	25.1
17794	970401600	21.9
17794	973080000	15.8
17794	975672000	13.3
17794	978350400	13.6
17794	981028800	13.6
17794	983448000	18.8
17794	986126400	21.8
17794	988718400	24.3
17794	991396800	26.2
17794	993988800	28.1
17794	996667200	27.2
17794	999345600	25.9
17794	1001937600	22.4
17794	1004616000	16.5
17794	1007208000	12
17794	1009886400	12.9
17794	1012564800	16.2
17794	1014984000	18.6
17794	1017662400	22.6
17794	1020254400	24.5
17794	1022932800	27.5
17794	1025524800	27.8
17794	1028203200	25.9
17794	1030881600	24.4
17794	1033473600	21.2
17794	1036152000	17.5
17794	1038744000	12.7
17794	1041422400	12.1
17794	1044100800	17.2
17794	1046520000	17.7
17794	1049198400	23.7
17794	1051790400	24.9
17794	1054468800	26.3
17794	1057060800	29
17794	1059739200	28.6
17794	1062417600	25.7
17794	1065009600	21.3
17794	1067688000	18.1
17794	1070280000	12.4
17794	1072958400	10.8
17794	1075636800	14.5
17794	1078142400	17.5
17794	1080820800	22.6
17794	1083412800	24.7
17794	1086091200	26.5
17794	1088683200	27.2
17794	1091361600	28.3
17794	1094040000	25.8
17794	1096632000	20.9
17794	1099310400	18.5
17794	1101902400	12.7
17794	1104580800	9.5
17794	1107259200	11.6
17794	1109678400	16.8
17794	1112356800	22.6
17794	1114948800	27.6
17794	1117627200	27.1
17794	1120219200	28.5
17794	1122897600	27.8
17794	1125576000	27.3
17794	1128168000	22.4
17794	1130846400	19.3
17794	1133438400	12
17794	1136116800	11.9
17794	1138795200	13
17794	1141214400	18.3
17794	1143892800	24.2
17794	1146484800	24.9
17794	1149163200	26.5
17794	1151755200	28.4
17794	1154433600	28.1
17794	1157112000	25.4
17794	1159704000	23.2
17794	1162382400	18
17794	1164974400	12.5
17794	1167652800	9.8
17794	1170331200	17.8
17794	1172750400	18.9
17794	1175428800	20.7
17794	1178020800	25
17794	1180699200	27.2
17794	1183291200	27.9
17794	1185969600	27.8
17794	1188648000	24.1
17794	1191240000	22.1
17794	1193918400	17.2
17794	1196510400	13.6
17794	1199188800	8
17794	1201867200	9.9
17794	1204372800	18.5
17794	1207051200	22.9
17794	1209643200	24.5
17794	1212321600	26.5
17794	1214913600	28
17794	1217592000	27.8
17794	1220270400	26.7
17794	1222862400	23.2
17794	1225540800	16.8
17794	1228132800	12.9
17794	1230811200	11.2
17794	1233489600	19.3
17794	1235908800	17.9
17794	1238587200	21.7
17794	1241179200	24.7
17794	1243857600	27.2
17794	1246449600	28.2
17794	1249128000	29.1
17794	1251806400	27.7
17794	1254398400	22.7
17794	1257076800	16.4
17794	1259668800	13.5
17794	1262347200	13.9
17794	1265025600	15.3
17794	1267444800	19.2
17794	1270123200	21.7
17794	1272715200	25.8
17794	1275393600	25.5
17794	1277985600	28.9
17794	1280664000	28.5
17794	1283342400	26.2
17794	1285934400	21.1
17794	1288612800	17.1
17794	1291204800	13.4
17794	1293883200	6.2
17794	1296561600	14.2
17794	1298980800	14
17794	1301659200	20.8
17794	1304251200	24.7
17794	1306929600	27.5
17794	1309521600	28.5
17794	1312200000	28.3
17794	1314878400	25.9
17794	1317470400	20.7
17794	1320148800	19.8
17794	1322740800	11.5
17794	1325419200	8.1
17794	1328097600	10.2
17794	1330603200	17.5
17794	1333281600	23.7
17794	1335873600	25.5
17794	1338552000	26
17794	1341144000	28.2
17794	1343822400	28.2
17794	1346500800	24.4
17794	1349092800	22.5
17794	1351771200	17.6
17794	1354363200	13
17795	-599572800	5.6
17795	-596894400	6.3
17795	-594475200	8.5
17795	-591796800	14.3
17795	-589204800	21
17795	-586526400	22.1
17795	-583934400	24.7
17795	-581256000	25.4
17795	-578577600	22.1
17795	-575985600	18.7
17795	-573307200	11.8
17795	-570715200	11.2
17795	-568036800	6.2
17795	-565358400	6.5
17795	-562852800	12.1
17795	-560174400	18.2
17795	-557582400	21.7
17795	-554904000	23.9
17795	-552312000	25.3
17795	-549633600	23.3
17795	-546955200	21
17795	-544363200	15
17795	-541684800	13.1
17795	-539092800	6.3
17795	-536414400	4.9
17795	-533736000	6.9
17795	-531316800	10.7
17795	-528638400	12.9
17795	-526046400	19.4
17795	-523368000	22.3
17795	-520776000	24.2
17795	-518097600	24.3
17795	-515419200	19.1
17795	-512827200	16.8
17795	-510148800	11.4
17795	-507556800	6.9
17795	-504878400	6
17795	-502200000	8.2
17795	-499780800	8.4
17795	-497102400	16
17795	-494510400	19.5
17795	-491832000	22
17795	-489240000	23.6
17795	-486561600	23
17795	-483883200	20.8
17795	-481291200	15.6
17795	-478612800	14.1
17795	-476020800	3.1
17795	-473342400	2.5
17795	-470664000	8.3
17796	-533736000	10.3
17796	-531316800	14.4
17796	-528638400	16.8
17796	-526046400	23.1
17796	-523368000	26.7
17796	-520776000	28.8
17796	-518097600	28.9
17796	-515419200	23.8
17796	-512827200	21
17796	-510148800	15.2
17796	-507556800	9.9
17796	-504878400	9.2
17796	-502200000	11.6
17796	-499780800	12.3
17796	-497102400	20.1
17796	-494510400	23.9
17796	-491832000	26.3
17796	-489240000	28.2
17796	-486561600	27.7
17796	-483883200	26
17796	-481291200	20.2
17796	-478612800	17.6
17796	-476020800	7.1
17796	-473342400	6.2
17796	-470664000	12.1
17796	-468244800	13.9
17796	-465566400	18.7
17796	-462974400	22.8
17796	-460296000	26.9
17796	-457704000	28.1
17796	-455025600	27.2
17796	-452347200	27
17796	-449755200	20.6
17796	-447076800	14.3
17796	-444484800	13.1
17796	-441806400	7
17796	-439128000	10.5
17796	-436622400	13.7
17796	-433944000	20.2
17796	-431352000	21.7
17796	-428673600	27.3
17796	-426081600	28.1
17796	-423403200	27.7
17796	-420724800	25
17796	-418132800	20.9
17796	-415454400	13.7
17796	-412862400	9.2
17796	-410184000	9.5
17796	-407505600	6.8
17796	-405086400	15
17796	-402408000	19.9
17796	-399816000	23.3
17796	-397137600	25.5
17796	-394545600	28.4
17796	-391867200	27.7
17796	-389188800	24.7
17796	-386596800	19.8
17796	-383918400	17.6
17796	-381326400	11.9
17796	-378648000	7.9
17796	-375969600	9.7
17796	-373550400	17.7
17796	-370872000	22.5
17796	-368280000	21.9
17796	-365601600	26.9
17796	-363009600	28.1
17796	-360331200	26.8
17796	-357652800	24.3
17796	-355060800	18.7
17796	-352382400	15.7
17796	-349790400	12.1
17796	-347112000	8.4
17796	-344433600	9.4
17796	-342014400	16.1
17796	-339336000	20.8
17796	-336744000	21.2
17796	-334065600	26.4
17796	-331473600	28.3
17796	-328795200	28.3
17796	-326116800	25
17796	-323524800	21.2
17796	-320846400	14.8
17796	-318254400	10.3
17796	-315576000	9
17796	-312897600	12.4
17796	-310392000	17.3
17796	-307713600	19.6
17796	-305121600	21.1
17796	-302443200	27.3
17796	-299851200	27
17796	-297172800	27.5
17796	-294494400	26.2
17796	-291902400	19.6
17796	-289224000	15.2
17796	-286632000	10
17796	-283953600	8.1
17796	-281275200	9.9
17796	-278856000	13.8
17796	-276177600	20
17796	-273585600	23.4
17796	-270907200	27
17796	-268315200	29
17796	-265636800	27.6
17796	-262958400	25.1
17796	-260366400	20
17796	-257688000	16.1
17796	-255096000	11.6
17796	-252417600	8.3
17796	-249739200	13
17796	-247320000	15.1
17796	-244641600	18.9
17796	-242049600	22.4
17796	-239371200	25.7
17796	-236779200	29.1
17796	-234100800	28.2
17796	-231422400	25.7
17796	-228830400	20.7
17796	-226152000	14.2
17796	-223560000	11.4
17796	-220881600	8.6
17796	-218203200	10
17796	-215784000	15.5
17796	-213105600	19.9
17796	-210513600	25.5
17796	-207835200	26.6
17796	-205243200	28.2
17796	-202564800	28.6
17796	-199886400	28.1
17796	-197294400	19.5
17796	-194616000	16.4
17796	-192024000	11.5
17796	-189345600	8.8
17796	-186667200	5.6
17796	-184161600	14.6
17796	-181483200	21.5
17796	-178891200	23.7
17796	-176212800	26
17796	-173620800	28.3
17796	-170942400	28.1
17796	-168264000	25.8
17796	-165672000	21
17796	-162993600	15.5
17796	-160401600	9.5
17796	-157723200	10.6
17796	-155044800	11.9
17796	-152625600	13.7
17796	-149947200	19.8
17796	-147355200	23.7
17796	-144676800	25.7
17796	-142084800	28.4
17796	-139406400	26.8
17796	-136728000	24.5
17796	-134136000	20.6
17796	-131457600	16.8
17796	-128865600	10.1
17796	-126187200	10.9
17796	-123508800	14.1
17796	-121089600	18
17796	-118411200	19.2
17796	-115819200	22.6
17796	-113140800	25.5
17796	-110548800	27.8
17796	-107870400	28.6
17796	-105192000	25
17796	-102600000	21.3
17796	-99921600	15.8
17796	-97329600	8.4
17796	-94651200	8.9
17796	-91972800	9.2
17796	-89553600	15.8
17796	-86875200	19
17796	-84283200	26.2
17796	-81604800	27.6
17796	-79012800	28.5
17796	-76334400	28.2
17796	-73656000	24
17796	-71064000	19.2
17796	-68385600	14.3
17796	-65793600	8.4
17796	-63115200	8.7
17796	-60436800	5.9
17796	-57931200	14.6
17796	-55252800	19
17796	-52660800	23.4
17796	-49982400	25
17796	-47390400	27.7
17796	-44712000	28
17796	-42033600	25.6
17796	-39441600	19.3
17796	-36763200	17.2
17796	-34171200	14.5
17796	-31492800	8.8
17796	-28814400	8.2
17796	-26395200	15.3
17796	-23716800	20.6
17796	-21124800	25.6
17796	-18446400	26.2
17796	-15854400	28.2
17796	-13176000	27.6
17796	-10497600	26.6
17796	-7905600	21.5
17796	-5227200	14
17796	-2635200	11.2
17796	43200	7.9
17796	2721600	11.8
17796	5140800	11
17796	7819200	19.4
17796	10411200	24.2
17796	13089600	25
17796	15681600	27.4
17796	18360000	28.6
17796	21038400	25.7
17796	23630400	20.7
17796	26308800	15.1
17796	28900800	11.3
17796	31579200	9.3
17796	34257600	10.2
17796	36676800	14.4
17796	39355200	20
17796	41947200	23.4
17796	44625600	27
17796	47217600	28.7
17796	49896000	26.2
17796	52574400	25.2
17796	55166400	19.1
17796	57844800	16.1
17796	60436800	10.7
17796	63115200	10
17796	65793600	6.4
17796	68299200	16.9
17796	70977600	17.6
17796	73569600	24.5
17796	76248000	27.4
17796	78840000	28.3
17796	81518400	28.8
17796	84196800	24.2
17796	86788800	21.3
17796	89467200	16.4
17796	92059200	10.3
17796	94737600	8.3
17796	97416000	14.3
17796	99835200	15.6
17796	102513600	21.4
17796	105105600	23.6
17796	107784000	26.5
17796	110376000	28.3
17796	113054400	28
17796	115732800	25.6
17796	118324800	20.2
17796	121003200	15.8
17796	123595200	11.6
17796	126273600	6.9
17796	128952000	9.5
17796	131371200	14.4
17796	134049600	20.6
17796	136641600	24.2
17796	139320000	25.5
17796	141912000	26.8
17796	144590400	26.6
17796	147268800	25.9
17796	149860800	21.7
17796	152539200	16.7
17796	155131200	9.2
17796	157809600	10.1
17796	160488000	10.8
17796	162907200	15.1
17796	165585600	20
17796	168177600	21.5
17796	170856000	26.6
17796	173448000	28.2
17796	176126400	28.4
17796	178804800	26.9
17796	181396800	21.1
17796	184075200	13.1
17796	186667200	8.3
17796	189345600	8.4
17796	192024000	12.6
17796	194529600	12
17796	197208000	18.3
17796	199800000	24.2
17796	202478400	25.4
17796	205070400	27.1
17796	207748800	28.7
17796	210427200	24.7
17796	213019200	21
17796	215697600	12.5
17796	218289600	10.7
17796	220968000	5.2
17796	223646400	8.6
17796	226065600	17
17796	228744000	21.3
17796	231336000	23.8
17796	234014400	25.5
17796	236606400	28.3
17796	239284800	27.6
17796	241963200	24.7
17796	244555200	21.4
17796	247233600	14.8
17796	249825600	13.3
17796	252504000	9.9
17796	255182400	11.4
17796	257601600	15.6
17796	260280000	20
17796	262872000	23.4
17796	265550400	26.3
17796	268142400	29.4
17796	270820800	28.6
17796	273499200	24.5
17796	276091200	20.4
17796	278769600	13.9
17796	281361600	12.2
17796	284040000	10.1
17796	286718400	14.5
17796	289137600	14.3
17796	291816000	20.6
17796	294408000	21.5
17796	297086400	26.3
17796	299678400	28.6
17796	302356800	27.7
17796	305035200	24.7
17796	307627200	21.2
17796	310305600	14.6
17796	312897600	12.8
17796	315576000	8.5
17796	318254400	7.9
17796	320760000	13.2
17796	323438400	18.6
17796	326030400	23.6
17796	328708800	27.5
17796	331300800	28.1
17796	333979200	26.7
17796	336657600	24.8
17796	339249600	21.7
17796	341928000	18.8
17796	344520000	11.5
17796	347198400	8.3
17796	349876800	11.1
17796	352296000	17.1
17796	354974400	20.5
17796	357566400	22.2
17796	360244800	26.8
17796	362836800	28.6
17796	365515200	30
17796	368193600	25.8
17796	370785600	19.1
17796	373464000	13.8
17796	376056000	10.5
17796	378734400	10.6
17796	381412800	8.9
17796	383832000	14.9
17796	386510400	17.7
17796	389102400	24.6
17796	391780800	25.2
17796	394372800	28.8
17796	397051200	28.7
17796	399729600	24.5
17796	402321600	22.9
17796	4.05e+08	16.1
17796	407592000	9.2
17796	410270400	7
17796	412948800	9
17796	415368000	13.7
17796	418046400	20.3
17796	420638400	24.7
17796	423316800	26.7
17796	425908800	28.9
17796	428587200	28.1
17796	431265600	26.7
17796	433857600	21.6
17796	436536000	16.5
17796	439128000	9.6
17796	441806400	5.7
17796	444484800	7.2
17796	446990400	13.8
17796	449668800	19.2
17796	452260800	22.7
17796	454939200	27.8
17796	457531200	28.7
17796	460209600	27.8
17796	462888000	25
17796	465480000	19
17796	468158400	17
17796	470750400	8.1
17796	473428800	8.3
17796	476107200	10.8
17796	478526400	11.5
17796	481204800	19.8
17796	483796800	24.1
17796	486475200	26.9
17796	489067200	28.7
17796	491745600	28.9
17796	494424000	25.1
17796	497016000	21
17796	499694400	16
17796	502286400	9.3
17796	504964800	9.6
17796	507643200	9.1
17796	510062400	14.5
17796	512740800	19.6
17796	515332800	24.3
17796	518011200	26.6
17796	520603200	27.8
17796	523281600	28.1
17796	525960000	25.2
17796	528552000	19.2
17796	531230400	14.7
17796	533822400	12.1
17796	536500800	11.7
17796	539179200	14
17796	541598400	16.8
17796	544276800	20
17796	546868800	23.8
17796	549547200	26.1
17796	552139200	28.1
17796	554817600	28.1
17796	557496000	24.2
17796	560088000	20.8
17796	562766400	15.4
17796	565358400	10.5
17796	568036800	8.8
17796	570715200	7.8
17796	573220800	11.9
17796	575899200	19.4
17796	578491200	23.9
17796	581169600	26.8
17796	583761600	28.6
17796	586440000	26.9
17796	589118400	24.5
17796	591710400	20.7
17796	594388800	15.9
17796	596980800	13.3
17796	599659200	7.7
17796	602337600	7.9
17796	604756800	13.7
17796	607435200	19.9
17796	610027200	23.1
17796	612705600	26.2
17796	615297600	27.8
17796	617976000	28.2
17796	620654400	25.5
17796	623246400	20.6
17796	625924800	15.3
17796	628516800	11.6
17796	631195200	9.1
17796	633873600	10.3
17796	636292800	15.4
17796	638971200	19.3
17796	641563200	23
17796	644241600	26.5
17796	646833600	28.1
17796	649512000	28.7
17796	652190400	26
17796	654782400	20.1
17796	657460800	17.4
17796	660052800	10.8
17796	662731200	7.5
17796	665409600	11.7
17796	667828800	14.1
17796	670507200	19.8
17796	673099200	23.1
17796	675777600	26.9
17796	678369600	28
17796	681048000	27.8
17796	683726400	25.4
17796	686318400	19.2
17796	688996800	14.7
17796	691588800	11.7
17796	694267200	8.9
17796	696945600	9.7
17796	699451200	12.4
17796	702129600	20.7
17796	704721600	22.9
17796	707400000	25.6
17796	709992000	26.8
17796	712670400	28.5
17796	715348800	26
17796	717940800	19
17796	720619200	15.9
17796	723211200	13.5
17796	725889600	6.9
17796	728568000	12
17796	730987200	14.8
17796	733665600	19.9
17796	736257600	23.2
17796	738936000	26.5
17796	741528000	27.1
17796	744206400	27.6
17796	746884800	25.1
17796	749476800	19.1
17796	752155200	15.8
17796	754747200	9.9
17796	757425600	9.1
17796	760104000	10.4
17796	762523200	12.9
17796	765201600	20.8
17796	767793600	24.7
17796	770472000	26.1
17796	773064000	27.5
17796	775742400	27.7
17796	778420800	24.2
17796	781012800	18.1
17796	783691200	17.3
17796	786283200	12.1
17796	788961600	8.2
17796	791640000	10.3
17796	794059200	14.5
17796	796737600	19.9
17796	799329600	23.3
17796	802008000	26.6
17796	804600000	28.3
17796	807278400	28
17796	809956800	25.5
17796	812548800	21
17796	815227200	15.2
17796	817819200	10.6
17796	820497600	7.6
17796	823176000	10.7
17796	825681600	12.9
17796	828360000	17.1
17796	830952000	22.5
17796	833630400	26.7
17796	836222400	27.6
17796	838900800	28.3
17796	841579200	26.3
17796	844171200	20.9
17796	846849600	15.5
17796	849441600	11.8
17796	852120000	10.4
17796	854798400	10.5
17796	857217600	15.1
17796	859896000	19.1
17796	862488000	24.1
17796	865166400	26
17796	867758400	27.1
17796	870436800	28.6
17796	873115200	23.4
17796	875707200	20.6
17796	878385600	15.8
17796	880977600	10.2
17796	883656000	7.5
17796	886334400	11.2
17796	888753600	13.9
17796	891432000	22.9
17796	894024000	24
17796	896702400	26.6
17796	899294400	28.2
17796	901972800	29.1
17796	904651200	26
17796	907243200	22.1
17796	909921600	17.7
17796	912513600	12.6
17796	915192000	10
17796	917870400	13.9
17796	920289600	14.8
17796	922968000	20.7
17796	925560000	23.2
17796	928238400	26.9
17796	930830400	27.7
17796	933508800	27.4
17796	936187200	26
17796	938779200	21.6
17796	941457600	16.4
17796	944049600	11.2
17796	946728000	8.7
17796	949406400	8.2
17796	951912000	14.7
17796	954590400	19.2
17796	957182400	24.2
17796	959860800	25.9
17796	962452800	29.5
17796	965131200	28.6
17796	967809600	25.1
17796	970401600	20.6
17796	973080000	14.2
17796	975672000	11.5
17796	978350400	9.7
17796	981028800	11.4
17796	983448000	16.6
17796	986126400	19.3
17796	988718400	23.3
17796	991396800	26.3
17796	993988800	28.8
17796	996667200	27.5
17796	999345600	25.9
17796	1001937600	21.8
17796	1004616000	15.9
17796	1007208000	8.6
17796	1009886400	11.2
17796	1012564800	12.8
17796	1014984000	16.1
17796	1017662400	20.5
17796	1020254400	23.8
17796	1022932800	27.6
17796	1025524800	28.4
17796	1028203200	26.4
17796	1030881600	24.5
17796	1033473600	20.5
17796	1036152000	16.4
17796	1038744000	10.3
17796	1041422400	9.9
17796	1044100800	13.7
17796	1046520000	14.9
17796	1049198400	20.4
17796	1051790400	23.7
17796	1054468800	26.5
17796	1057060800	29.2
17796	1059739200	29
17796	1062417600	25.9
17796	1065009600	20.4
17796	1067688000	16.1
17796	1070280000	10.7
17796	1072958400	8
17796	1075636800	13
17796	1078142400	14.6
17796	1080820800	21.7
17796	1083412800	24
17796	1086091200	27
17796	1088683200	27.6
17796	1091361600	28.1
17796	1094040000	25.9
17796	1096632000	20.2
17796	1099310400	16.9
17796	1101902400	11.2
17796	1104580800	6.5
17796	1107259200	8.1
17796	1109678400	14.2
17796	1112356800	21.4
17796	1114948800	25.9
17796	1117627200	27.4
17796	1120219200	29.3
17796	1122897600	28.2
17796	1125576000	26.9
17796	1128168000	21.6
17796	1130846400	17.8
17796	1133438400	10
17796	1136116800	9.2
17796	1138795200	10.3
17796	1141214400	15.4
17796	1143892800	22
17796	1146484800	24.5
17796	1149163200	26.5
17796	1151755200	29.1
17796	1154433600	28.6
17796	1157112000	25.8
17796	1159704000	22.7
17796	1162382400	16.6
17796	1164974400	10.7
17796	1167652800	7.9
17796	1170331200	15.9
17796	1172750400	16.4
17796	1175428800	19.4
17796	1178020800	25.1
17796	1180699200	27.4
17796	1183291200	28.7
17796	1185969600	28.9
17796	1188648000	24.1
17796	1191240000	21.4
17796	1193918400	16.2
17796	1196510400	11.3
17796	1199188800	6
17796	1201867200	8.3
17796	1204372800	16.7
17796	1207051200	20.8
17796	1209643200	24.2
17796	1212321600	26.8
17796	1214913600	28.3
17796	1217592000	28
17796	1220270400	26.4
17796	1222862400	22.7
17796	1225540800	15.8
17796	1228132800	11.5
17796	1230811200	8.7
17796	1233489600	15.7
17796	1235908800	15.8
17796	1238587200	20
17796	1241179200	23.8
17796	1243857600	27.5
17796	1246449600	28.2
17796	1249128000	29.3
17796	1251806400	27.8
17796	1254398400	21.8
17796	1257076800	14.1
17796	1259668800	10.6
17796	1262347200	11
17796	1265025600	12.3
17796	1267444800	15.5
17796	1270123200	18.3
17796	1272715200	23.6
17796	1275393600	24.9
17796	1277985600	29
17796	1280664000	29.1
17796	1283342400	25.5
17796	1285934400	19.4
17796	1288612800	15.9
17796	1291204800	11.4
17796	1293883200	4.2
17796	1296561600	12.5
17796	1298980800	12.1
17796	1301659200	19.1
17796	1304251200	23.6
17796	1306929600	27.3
17796	1309521600	29.4
17796	1312200000	28.7
17796	1314878400	26.1
17796	1317470400	20.1
17796	1320148800	19.2
17796	1322740800	9.8
17796	1325419200	6.1
17796	1328097600	7.4
17796	1330603200	14.5
17796	1333281600	22.3
17796	1335873600	24.2
17796	1338552000	26.3
17796	1341144000	28.7
17796	1343822400	28.3
17796	1346500800	24
17796	1349092800	21.3
17796	1351771200	15
17796	1354363200	9.9
17797	-852033600	8.3
17797	-849355200	9.3
17797	-846936000	15
17797	-844257600	17.7
17797	-841665600	22.6
17797	-838987200	24.5
17798	-315576000	8.4
17798	-312897600	12
17798	-310392000	16.3
17798	-307713600	17.2
17798	-305121600	22
17798	-302443200	24.8
17798	-299851200	27.7
17798	-297172800	27.5
17798	-294494400	24.6
17798	-291902400	16.7
17798	-289224000	13.2
17798	-286632000	9
17798	-283953600	7.4
17798	-281275200	8
17798	-278856000	12.7
17798	-276177600	19.1
17798	-273585600	22.3
17798	-270907200	26.8
17798	-268315200	27.6
17798	-265636800	27.7
17798	-262958400	24
17798	-260366400	17.9
17798	-257688000	13.8
17798	-255096000	9.9
17798	-252417600	6
17798	-249739200	11.1
17798	-247320000	14.9
17798	-244641600	18.1
17798	-242049600	20.9
17798	-239371200	24.5
17798	-236779200	28.1
17798	-234100800	26.4
17798	-231422400	24
17798	-228830400	17.7
17798	-226152000	12.5
17798	-223560000	9.3
17798	-220881600	7.7
17798	-218203200	9.5
17798	-215784000	16
17798	-213105600	20
17798	-210513600	23.8
17798	-207835200	24.8
17798	-205243200	27.1
17798	-202564800	27.7
17798	-199886400	24.7
17798	-197294400	18.2
17798	-194616000	14.6
17798	-192024000	9.8
17798	-189345600	7.2
17798	-186667200	6.1
17798	-184161600	14.8
17798	-181483200	21.6
17798	-178891200	21.9
17798	-176212800	22.8
17798	-173620800	27.6
17798	-170942400	26.9
17798	-168264000	22.2
17798	-165672000	17.9
17798	-162993600	13.1
17798	-160401600	8.4
17798	-157723200	9.1
17798	-155044800	10.4
17798	-152625600	13.6
17798	-149947200	19.4
17798	-147355200	21.9
17798	-144676800	22.1
17798	-142084800	26.8
17798	-139406400	25.6
17798	-136728000	21.7
17798	-134136000	19
17798	-131457600	14.7
17798	-128865600	8.2
17798	-126187200	9.2
17798	-123508800	11.2
17798	-121089600	16.1
17798	-118411200	19.4
17798	-115819200	21.9
17798	-113140800	24.7
17798	-110548800	27
17798	-107870400	27.2
17798	-105192000	22.5
17798	-102600000	17.9
17798	-99921600	12.6
17798	-97329600	8.3
17798	-94651200	6.7
17798	-91972800	7.4
17798	-89553600	13.4
17798	-86875200	18
17798	-84283200	23.1
17798	-81604800	24.3
17798	-79012800	27
17798	-76334400	29
17798	-73656000	22.9
17798	-71064000	17.6
17798	-68385600	11.8
17798	-65793600	8.2
17798	-63115200	7.8
17798	-60436800	6
17799	-455025600	25.6
17799	-452347200	24
17799	-449755200	16.7
17799	-447076800	11.2
17799	-444484800	8.7
17799	-441806400	3.1
17799	-439128000	5.7
17799	-436622400	8.8
17799	-433944000	17.2
17799	-431352000	18.6
17799	-428673600	25.3
17799	-426081600	26.8
17799	-423403200	25.1
17799	-420724800	21.7
17799	-418132800	16.7
17799	-415454400	10.4
17799	-412862400	4.6
17799	-410184000	3.5
17799	-407505600	2.3
17799	-405086400	10.4
17799	-402408000	15.7
17799	-399816000	18.6
17799	-397137600	23.2
17799	-394545600	26.1
17799	-391867200	24.7
17799	-389188800	21
17799	-386596800	16.5
17799	-383918400	13.3
17799	-381326400	7.4
17799	-378648000	3.8
17799	-375969600	6.4
17799	-373550400	11.8
17799	-370872000	17.7
17799	-368280000	18.2
17799	-365601600	23.8
17799	-363009600	26.5
17799	-360331200	24.6
17799	-357652800	21.3
17799	-355060800	14.9
17799	-352382400	10.9
17799	-349790400	8.1
17799	-347112000	4.2
17799	-344433600	4.6
17799	-342014400	11.7
17799	-339336000	16.9
17799	-336744000	18.1
17799	-334065600	23.6
17799	-331473600	27.1
17799	-328795200	27.3
17799	-326116800	22.7
17799	-323524800	17.7
17799	-320846400	10.6
17799	-318254400	6.4
17799	-315576000	5
17799	-312897600	8.2
17799	-310392000	11.4
17799	-307713600	14.3
17799	-305121600	18.3
17799	-302443200	24.3
17799	-299851200	25.5
17799	-297172800	26.3
17799	-294494400	23.4
17799	-291902400	15.8
17799	-289224000	10.7
17799	-286632000	6.5
17799	-283953600	4.7
17799	-281275200	5.9
17799	-278856000	9.6
17799	-276177600	16.3
17799	-273585600	19.8
17799	-270907200	25.2
17799	-268315200	27.5
17799	-265636800	26.3
17799	-262958400	22.3
17799	-260366400	16.2
17799	-257688000	11
17799	-255096000	6.8
17799	-252417600	3.5
17799	-249739200	8.1
17799	-247320000	10.9
17799	-244641600	14.5
17799	-242049600	19.3
17799	-239371200	23.5
17799	-236779200	27
17799	-234100800	26.1
17799	-231422400	22.3
17799	-228830400	16.7
17799	-226152000	10.2
17799	-223560000	6.9
17799	-220881600	5.4
17799	-218203200	5.9
17799	-215784000	10.2
17799	-213105600	15.8
17799	-210513600	21.2
17799	-207835200	23.8
17799	-205243200	25.8
17799	-202564800	26.4
17799	-199886400	24
17799	-197294400	16.2
17799	-194616000	12.2
17799	-192024000	7.6
17799	-189345600	4
17799	-186667200	0.7
17799	-184161600	10.4
17799	-181483200	17.5
17799	-178891200	19.7
17799	-176212800	21.7
17799	-173620800	26.6
17799	-170942400	26
17799	-168264000	22.4
17799	-165672000	17
17799	-162993600	11.6
17799	-160401600	6
17799	-157723200	6.6
17799	-155044800	6.4
17799	-152625600	10
17799	-149947200	14.8
17799	-147355200	20
17799	-144676800	22.2
17799	-142084800	26.4
17799	-139406400	25.1
17799	-136728000	20.5
17799	-134136000	17.3
17799	-131457600	13
17799	-128865600	5.8
17799	-126187200	6
17799	-123508800	9.4
17799	-121089600	12.9
17799	-118411200	15.2
17799	-115819200	19.2
17799	-113140800	23.5
17799	-110548800	26.2
17799	-107870400	26.5
17799	-105192000	21.5
17799	-102600000	16.5
17799	-99921600	11.5
17799	-97329600	4.7
17799	-94651200	4.9
17799	-91972800	5
17799	-89553600	10.4
17799	-86875200	14.1
17799	-84283200	20.7
17799	-81604800	24
17799	-79012800	26.2
17799	-76334400	26.6
17799	-73656000	21
17799	-71064000	15.2
17799	-68385600	9.3
17799	-65793600	4.6
17799	-63115200	4.6
17799	-60436800	2.8
17799	-57931200	10.8
17799	-55252800	15.6
17799	-52660800	19.5
17799	-49982400	22.6
17799	-47390400	25.3
17799	-44712000	25.3
17799	-42033600	22.6
17799	-39441600	15.8
17799	-36763200	13.7
17799	-34171200	9.3
17799	-31492800	3.7
17799	-28814400	3
17799	-26395200	10.8
17799	-23716800	16.5
17799	-21124800	22.2
17799	-18446400	22.5
17799	-15854400	25.8
17799	-13176000	25.8
17799	-10497600	23.5
17799	-7905600	18.3
17799	-5227200	10.3
17799	-2635200	6.7
17799	43200	3.7
17799	2721600	7.2
17799	5140800	7.2
17799	7819200	15
17799	10411200	20.4
17799	13089600	22.5
17799	15681600	25.7
17799	18360000	26.5
17799	21038400	21.6
17799	23630400	17.1
17799	26308800	11.2
17799	28900800	6.7
17799	31579200	5.1
17799	34257600	5.3
17799	36676800	10
17799	39355200	15.8
17799	41947200	19.9
17799	44625600	24.5
17799	47217600	27.1
17799	49896000	25.4
17799	52574400	20.5
17799	55166400	15.4
17799	57844800	12.3
17799	60436800	7.1
17799	63115200	5.1
17799	65793600	1.9
17799	68299200	11.8
17799	70977600	14.3
17799	73569600	20.5
17799	76248000	24.6
17799	78840000	26.5
17799	81518400	27.5
17799	84196800	20.3
17799	86788800	16.4
17799	89467200	12.1
17799	92059200	7
17799	94737600	4.6
17799	97416000	7.8
17799	99835200	11.2
17799	102513600	17.1
17799	105105600	19.2
17799	107784000	22.7
17799	110376000	26
17799	113054400	25.9
17799	115732800	20.7
17799	118324800	17.2
17799	121003200	12.2
17799	123595200	8.1
17799	126273600	3.2
17799	128952000	5
17799	131371200	10.3
17799	134049600	17.7
17799	136641600	20.5
17799	139320000	23.4
17799	141912000	25.5
17799	144590400	24.6
17799	147268800	22.1
17799	149860800	16.7
17799	152539200	12.2
17799	155131200	4.5
17799	157809600	5.8
17799	160488000	6.7
17799	162907200	10.6
17799	165585600	15.5
17799	168177600	17.5
17799	170856000	23.5
17799	173448000	26.8
17799	176126400	26.4
17799	178804800	24.4
17799	181396800	16.8
17799	184075200	9.7
17799	186667200	5.2
17799	189345600	4.5
17799	192024000	7.9
17799	194529600	8.3
17799	197208000	14.7
17799	199800000	20.1
17799	202478400	22.1
17799	205070400	24.7
17799	207748800	26.5
17799	210427200	20.8
17799	213019200	17.3
17799	215697600	9.1
17799	218289600	6.1
17799	220968000	1.1
17799	223646400	4.9
17799	226065600	11.5
17799	228744000	15.9
17799	231336000	18.6
17799	234014400	22.5
17799	236606400	26.3
17799	239284800	25.1
17799	241963200	21.9
17799	244555200	17.5
17799	247233600	11
17799	249825600	8.1
17799	252504000	5
17799	255182400	6.1
17799	257601600	10.1
17799	260280000	16.8
17799	262872000	20.1
17799	265550400	23.3
17799	268142400	27.3
17799	270820800	26.8
17799	273499200	22.8
17799	276091200	17
17799	278769600	9.8
17799	281361600	8.3
17799	284040000	6.2
17799	286718400	9.8
17799	289137600	10.2
17799	291816000	16.7
17799	294408000	18.2
17799	297086400	23.9
17799	299678400	26.8
17799	302356800	26.3
17799	305035200	21
17799	307627200	18.4
17799	310305600	11.1
17799	312897600	8.1
17799	315576000	4.6
17799	318254400	4.5
17799	320760000	8.6
17799	323438400	15.2
17799	326030400	20.5
17799	328708800	23.8
17799	331300800	25.5
17799	333979200	23.8
17799	336657600	21.3
17799	339249600	17.1
17799	341928000	14.2
17799	344520000	8
17799	347198400	3.6
17799	349876800	7.2
17799	352296000	11.6
17799	354974400	15.7
17799	357566400	18.7
17799	360244800	23.9
17799	362836800	26.9
17799	365515200	27.6
17799	368193600	21.5
17799	370785600	14.8
17799	373464000	9.5
17799	376056000	6.6
17799	378734400	6.1
17799	381412800	4.6
17799	383832000	9.5
17799	386510400	13.5
17799	389102400	21.1
17799	391780800	21.5
17799	394372800	26.7
17799	397051200	25.5
17799	399729600	20.4
17799	402321600	18.1
17799	4.05e+08	11.8
17799	407592000	5.8
17799	410270400	3.7
17799	412948800	5.5
17799	415368000	9
17799	418046400	16
17799	420638400	21.1
17799	423316800	23.5
17799	425908800	25.9
17799	428587200	25.7
17799	431265600	23.6
17799	433857600	17.5
17799	436536000	13.1
17799	439128000	6.6
17799	441806400	2.4
17799	444484800	3.7
17799	446990400	9.6
17799	449668800	15.5
17799	452260800	19.2
17799	454939200	24.7
17799	457531200	26.2
17799	460209600	25.5
17799	462888000	20.9
17799	465480000	16.1
17799	468158400	12.4
17799	470750400	4.1
17799	473428800	4.6
17799	476107200	5.5
17799	478526400	6.5
17799	481204800	15.9
17799	483796800	20.8
17799	486475200	23.2
17799	489067200	26
17799	491745600	26.5
17799	494424000	21.6
17799	497016000	16.4
17799	499694400	11.9
17799	502286400	5.2
17799	504964800	5.6
17799	507643200	5.2
17799	510062400	9.9
17799	512740800	15.7
17799	515332800	20.8
17799	518011200	23.2
17799	520603200	25.3
17799	523281600	25.1
17799	525960000	21.8
17799	528552000	15.9
17799	531230400	10.3
17799	533822400	6.8
17799	536500800	7.1
17799	539179200	8.4
17799	541598400	10.1
17799	544276800	14.9
17799	546868800	20
17799	549547200	22.1
17799	552139200	24.8
17799	554817600	26.1
17799	557496000	21.3
17799	560088000	16.7
17799	562766400	11.5
17799	565358400	7.1
17799	568036800	4.9
17799	570715200	4.4
17799	573220800	7.5
17799	575899200	16.3
17799	578491200	20.3
17799	581169600	24.1
17799	583761600	27
17799	586440000	25.6
17799	589118400	21
17799	591710400	16.4
17799	594388800	12.8
17799	596980800	8
17799	599659200	3.3
17799	602337600	3.8
17799	604756800	8.9
17799	607435200	14.6
17799	610027200	19.8
17799	612705600	22.3
17799	615297600	25.9
17799	617976000	25.3
17799	620654400	21.9
17799	623246400	16.7
17799	625924800	10.5
17799	628516800	7.6
17799	631195200	4.8
17799	633873600	4.6
17799	636292800	10.4
17799	638971200	15.4
17799	641563200	19.9
17799	644241600	23.7
17799	646833600	26.3
17799	649512000	27.5
17799	652190400	23.6
17799	654782400	15.8
17799	657460800	13.6
17799	660052800	7.2
17799	662731200	4.5
17799	665409600	6.9
17799	667828800	10.3
17799	670507200	14.1
17799	673099200	19.3
17799	675777600	23.9
17799	678369600	25.3
17799	681048000	25.3
17799	683726400	21.8
17799	686318400	15.9
17799	688996800	11.3
17799	691588800	6.7
17799	694267200	5.7
17799	696945600	6
17799	699451200	7.8
17799	702129600	17.1
17799	704721600	19.3
17799	707400000	22.7
17799	709992000	25
17799	712670400	26
17799	715348800	22.2
17799	717940800	15.2
17799	720619200	11.4
17799	723211200	7.7
17799	725889600	3.1
17799	728568000	7.8
17799	730987200	9.5
17799	733665600	15.6
17799	736257600	18.8
17799	738936000	23.9
17799	741528000	24.8
17799	744206400	24.3
17799	746884800	21.7
17799	749476800	16.1
17799	752155200	11.4
17799	754747200	6.1
17799	757425600	5.6
17799	760104000	6.1
17799	762523200	9.1
17799	765201600	16.4
17799	767793600	22.1
17799	770472000	23.4
17799	773064000	26.6
17799	775742400	27.3
17799	778420800	21
17799	781012800	15.6
17799	783691200	13.4
17799	786283200	7.7
17799	788961600	4.1
17799	791640000	5.9
17799	794059200	10.7
17799	796737600	15.2
17799	799329600	20.1
17799	802008000	23.6
17799	804600000	26.2
17799	807278400	26.3
17799	809956800	22.5
17799	812548800	17.2
17799	815227200	11.8
17799	817819200	6.4
17799	820497600	4
17799	823176000	5
17799	825681600	8.9
17799	828360000	14.3
17799	830952000	19.2
17799	833630400	23.2
17799	836222400	25.8
17799	838900800	26.3
17799	841579200	22.7
17799	844171200	17
17799	846849600	11
17799	849441600	8.3
17799	852120000	6.4
17799	854798400	6.5
17799	857217600	10.8
17799	859896000	15.3
17799	862488000	21.1
17799	865166400	22.6
17799	867758400	25.5
17799	870436800	27.2
17799	873115200	20.8
17799	875707200	16.8
17799	878385600	11.9
17799	880977600	6.2
17799	883656000	4
17799	886334400	7
17799	888753600	9.3
17799	891432000	19.2
17799	894024000	20.7
17799	896702400	23.7
17799	899294400	26.7
17799	901972800	26.7
17799	904651200	22.3
17799	907243200	18.1
17799	909921600	13.9
17799	912513600	8.7
17799	915192000	6.1
17799	917870400	9
17799	920289600	10.4
17799	922968000	16.8
17799	925560000	20
17799	928238400	22.8
17799	930830400	24.9
17799	933508800	25.1
17799	936187200	23.1
17799	938779200	17.1
17799	941457600	12
17799	944049600	7.7
17799	946728000	4.5
17799	949406400	5
17799	951912000	11.3
17799	954590400	15.6
17799	957182400	21.5
17799	959860800	23.2
17799	962452800	26.8
17799	965131200	25.4
17799	967809600	21.3
17799	970401600	17
17799	973080000	10.3
17799	975672000	8.2
17799	978350400	5.8
17799	981028800	7.5
17799	983448000	12.7
17799	986126400	15.5
17799	988718400	20.2
17799	991396800	23
17799	993988800	26.9
17799	996667200	25
17799	999345600	22.8
17799	1001937600	17.1
17799	1004616000	12.8
17799	1007208000	5.1
17799	1009886400	7.5
17799	1012564800	8.6
17799	1014984000	12.3
17799	1017662400	15.6
17799	1020254400	18.3
17799	1022932800	24.7
17799	1025524800	26.4
17799	1028203200	24.1
17799	1030881600	21.4
17799	1033473600	17
17799	1036152000	12.8
17799	1038744000	6.3
17799	1041422400	6
17799	1044100800	8.1
17799	1046520000	10.3
17799	1049198400	15.6
17799	1051790400	19.7
17799	1054468800	23.6
17799	1057060800	26.2
17799	1059739200	26.5
17799	1062417600	22.8
17799	1065009600	16.6
17799	1067688000	11.8
17799	1070280000	6.5
17799	1072958400	4.8
17799	1075636800	9.6
17799	1078142400	11
17799	1080820800	17.9
17799	1083412800	21
17799	1086091200	23
17799	1088683200	26.1
17799	1091361600	25.3
17799	1094040000	22.4
17799	1096632000	15.3
17799	1099310400	12
17799	1101902400	6.1
17799	1104580800	2.4
17799	1107259200	2.7
17799	1109678400	8.8
17799	1112356800	16.7
17799	1114948800	19.9
17799	1117627200	24.8
17799	1120219200	27
17799	1122897600	24.7
17799	1125576000	23.4
17799	1128168000	16.5
17799	1130846400	12.5
17799	1133438400	6.4
17799	1136116800	5.1
17799	1138795200	5.7
17799	1141214400	11.7
17799	1143892800	18.1
17799	1146484800	20.6
17799	1149163200	23.4
17799	1151755200	27.4
17799	1154433600	26.9
17799	1157112000	22.8
17799	1159704000	18.5
17799	1162382400	12.8
17799	1164974400	6.9
17799	1167652800	4.5
17799	1170331200	10.5
17799	1172750400	11.4
17799	1175428800	15.6
17799	1178020800	22.6
17799	1180699200	23.3
17799	1183291200	26.1
17799	1185969600	26.4
17799	1188648000	21.4
17799	1191240000	16.8
17799	1193918400	12.7
17799	1196510400	7.2
17799	1199188800	2.1
17799	1201867200	4.7
17799	1204372800	13.1
17799	1207051200	16.8
17799	1209643200	21.3
17799	1212321600	24
17799	1214913600	26.2
17799	1217592000	25.2
17799	1220270400	23.2
17799	1222862400	17.7
17799	1225540800	12.4
17799	1228132800	8
17799	1230811200	5.1
17799	1233489600	9.5
17799	1235908800	11.6
17799	1238587200	15.7
17799	1241179200	19.9
17799	1243857600	24.8
17799	1246449600	25.9
17799	1249128000	27
17799	1251806400	23.4
17799	1254398400	18
17799	1257076800	10.2
17799	1259668800	6.3
17799	1262347200	6.1
17799	1265025600	7.5
17799	1267444800	11.3
17799	1270123200	14.2
17799	1272715200	19.2
17799	1275393600	22.3
17799	1277985600	27.2
17799	1280664000	26.9
17799	1283342400	22.5
17799	1285934400	16.4
17799	1288612800	12.6
17799	1291204800	7.9
17799	1293883200	1
17799	1296561600	7.3
17799	1298980800	9.3
17799	1301659200	16.5
17799	1304251200	20.7
17799	1306929600	23.4
17799	1309521600	26.6
17799	1312200000	26.6
17799	1314878400	21.8
17799	1317470400	16.5
17799	1320148800	14.4
17799	1322740800	5.4
17799	1325419200	1.1
17799	1328097600	2.6
17799	1330603200	8.1
17799	1333281600	16.2
17799	1335873600	18.9
17799	1338552000	22.2
17799	1341144000	25.3
17799	1343822400	25.4
17799	1346500800	19.9
17799	1349092800	15.2
17799	1351771200	9.5
17799	1354363200	3.7
17800	-473342400	0.4
17800	-470664000	6.7
17800	-468244800	10.9
17800	-465566400	12.4
17800	-462974400	16.1
17800	-460296000	19
17800	-457704000	22.3
17800	-455025600	21.4
17800	-452347200	20.6
17800	-449755200	13.6
17800	-447076800	8.4
17800	-444484800	8
17800	-441806400	1.4
17800	-439128000	5.8
17800	-436622400	10.7
17800	-433944000	16.4
17800	-431352000	16.4
17800	-428673600	22
17800	-426081600	22.2
17800	-423403200	20.9
17800	-420724800	18
17800	-418132800	13.4
17800	-415454400	7.7
17800	-412862400	3.8
17800	-410184000	4.6
17800	-407505600	1.5
17800	-405086400	10.7
17800	-402408000	15.3
17800	-399816000	16.8
17800	-397137600	19.2
17800	-394545600	22.5
17800	-391867200	21.1
17800	-389188800	17.7
17800	-386596800	11.7
17800	-383918400	11.6
17800	-381326400	6.4
17800	-378648000	2.3
17800	-375969600	3.8
17800	-373550400	12.7
17800	-370872000	17.3
17800	-368280000	17.4
17800	-365601600	20.4
17800	-363009600	23.1
17800	-360331200	20.9
17800	-357652800	18.4
17800	-355060800	12
17800	-352382400	9.6
17800	-349790400	6.4
17800	-347112000	1.9
17800	-344433600	4.2
17800	-342014400	10.1
17800	-339336000	15.3
17800	-336744000	15.7
17800	-334065600	19.5
17800	-331473600	23.1
17800	-328795200	22.9
17800	-326116800	18.6
17800	-323524800	15
17800	-320846400	10.2
17800	-318254400	4.7
17800	-315576000	5.1
17800	-312897600	7.4
17800	-310392000	12.8
17800	-307713600	13.7
17800	-305121600	17.6
17800	-302443200	20.2
17800	-299851200	21.7
17800	-297172800	21.7
17800	-294494400	19.6
17800	-291902400	12.8
17800	-289224000	9.1
17800	-286632000	4.8
17800	-283953600	2.8
17800	-281275200	3.1
17800	-278856000	8.3
17800	-276177600	14.6
17800	-273585600	16.9
17800	-270907200	21.5
17800	-268315200	22.7
17800	-265636800	22
17800	-262958400	18.1
17800	-260366400	14.7
17800	-257688000	9.3
17800	-255096000	5.8
17800	-252417600	1.1
17800	-249739200	7.6
17800	-247320000	10
17800	-244641600	14.1
17800	-242049600	17.1
17800	-239371200	18.9
17800	-236779200	23.4
17800	-234100800	21.6
17800	-231422400	19.4
17800	-228830400	14.1
17800	-226152000	8.5
17800	-223560000	6.3
17800	-220881600	3.5
17800	-218203200	4.1
17800	-215784000	11.7
17800	-213105600	16.9
17800	-210513600	20.7
17800	-207835200	19.2
17800	-205243200	21.7
17800	-202564800	22.4
17800	-199886400	21.5
17800	-197294400	13
17800	-194616000	11.2
17800	-192024000	6.2
17800	-189345600	2.3
17800	-186667200	2.3
17800	-184161600	10.6
17800	-181483200	17.4
17800	-178891200	18.9
17800	-176212800	18.4
17800	-173620800	23.4
17800	-170942400	22
17800	-168264000	20
17800	-165672000	15.2
17800	-162993600	9.5
17800	-160401600	3.8
17800	-157723200	6.2
17800	-155044800	6.3
17800	-152625600	9.2
17800	-149947200	15.8
17800	-147355200	17.1
17800	-144676800	17.9
17800	-142084800	22.5
17800	-139406400	20.6
17800	-136728000	17.3
17800	-134136000	14.9
17800	-131457600	10.4
17800	-128865600	4.2
17800	-126187200	5.8
17800	-123508800	8.4
17800	-121089600	13.1
17800	-118411200	15.1
17800	-115819200	17.1
17800	-113140800	19.4
17800	-110548800	22.6
17800	-107870400	22.3
17800	-105192000	17.2
17800	-102600000	15.2
17800	-99921600	8.6
17800	-97329600	3.9
17800	-94651200	2.5
17800	-91972800	4.1
17800	-89553600	11.2
17800	-86875200	14.1
17800	-84283200	19.9
17800	-81604800	19.9
17800	-79012800	22.6
17800	-76334400	22.5
17800	-73656000	18.7
17800	-71064000	12.9
17800	-68385600	10
17800	-65793600	3.3
17800	-63115200	3.4
17800	-60436800	0.3
17800	-57931200	10.3
17800	-55252800	12.6
17800	-52660800	16.2
17800	-49982400	18.9
17800	-47390400	21.8
17800	-44712000	21.3
17800	-42033600	18.9
17800	-39441600	14
17800	-36763200	11.9
17800	-34171200	8.7
17800	-31492800	3.4
17800	-28814400	4.7
17800	-26395200	10.8
17800	-23716800	16.8
17800	-21124800	20.1
17800	-18446400	19
17800	-15854400	22.5
17800	-13176000	21.4
17800	-10497600	19
17800	-7905600	16.2
17800	-5227200	7.8
17800	-2635200	5.1
17800	43200	2.5
17800	2721600	7.5
17800	5140800	6.3
17800	7819200	14
17800	10411200	18.2
17800	13089600	18.7
17800	15681600	22
17800	18360000	22.6
17800	21038400	18.9
17800	23630400	12.8
17800	26308800	9
17800	28900800	5.8
17800	31579200	3.1
17800	34257600	5.2
17800	36676800	11
17800	39355200	15.2
17800	41947200	17.1
17800	44625600	20.2
17800	47217600	22.7
17800	49896000	21.1
17800	52574400	18.1
17800	55166400	13.1
17800	57844800	10.5
17800	60436800	6.9
17800	63115200	4.8
17800	65793600	2.7
17800	68299200	12.9
17800	70977600	12.4
17800	73569600	18.4
17800	76248000	20.8
17800	78840000	23
17800	81518400	22.6
17800	84196800	17.4
17800	86788800	14.6
17800	89467200	10.4
17800	92059200	5.2
17800	94737600	2.5
17800	97416000	9.6
17800	99835200	12.1
17800	102513600	16.2
17800	105105600	17.8
17800	107784000	19.8
17800	110376000	22.1
17800	113054400	22.2
17800	115732800	19.3
17800	118324800	14.9
17800	121003200	9.8
17800	123595200	5.4
17800	126273600	3.8
17800	128952000	3.8
17800	131371200	8.5
17800	134049600	15.3
17800	136641600	18.5
17800	139320000	19.2
17800	141912000	22.1
17800	144590400	19.9
17800	147268800	19.3
17800	149860800	14
17800	152539200	10.5
17800	155131200	2.9
17800	157809600	4
17800	160488000	5.5
17800	162907200	11.1
17800	165585600	14.7
17800	168177600	16.7
17800	170856000	20.9
17800	173448000	22.8
17800	176126400	22
17800	178804800	21.8
17800	181396800	14.9
17800	184075200	7.2
17800	186667200	3.8
17800	189345600	3.3
17800	192024000	7.7
17800	194529600	7.4
17800	197208000	13.5
17800	199800000	16.8
17800	202478400	19.4
17800	205070400	21
17800	207748800	22.7
17800	210427200	17.4
17800	213019200	15.5
17800	215697600	6.2
17800	218289600	3.6
17800	220968000	0
17800	223646400	2.8
17800	226065600	10.7
17800	228744000	14.8
17800	231336000	16.8
17800	234014400	19.7
17800	236606400	22.4
17800	239284800	21.1
17800	241963200	18.6
17800	244555200	15.1
17800	247233600	8.6
17800	249825600	7.6
17800	252504000	4
17800	255182400	5.4
17800	257601600	10.1
17800	260280000	14.5
17800	262872000	17.7
17800	265550400	19.7
17800	268142400	23.1
17800	270820800	21.8
17800	273499200	18.4
17800	276091200	14.5
17800	278769600	8.6
17800	281361600	7.4
17800	284040000	4.6
17800	286718400	8.8
17800	289137600	10
17800	291816000	15.9
17800	294408000	15.7
17800	297086400	19.9
17800	299678400	23.2
17800	302356800	22
17800	305035200	17.5
17800	307627200	14.3
17800	310305600	8.3
17800	312897600	6.5
17800	315576000	4.3
17800	318254400	2
17800	320760000	10.2
17800	323438400	15.2
17800	326030400	18
17800	328708800	20.5
17800	331300800	21.6
17800	333979200	20.6
17800	336657600	17.4
17800	339249600	15.5
17800	341928000	12.9
17800	344520000	5.8
17800	347198400	4
17800	349876800	6
17800	352296000	11.5
17800	354974400	15
17800	357566400	16.8
17800	360244800	20.4
17800	362836800	22.7
17800	365515200	23.4
17800	368193600	18.8
17800	370785600	11.7
17800	373464000	8.7
17800	376056000	4
17800	378734400	5.3
17800	381412800	4.1
17800	383832000	11
17800	386510400	11.4
17800	389102400	18.1
17800	391780800	18.6
17800	394372800	22.6
17800	397051200	22.5
17800	399729600	17.8
17800	402321600	16.1
17800	4.05e+08	9.7
17800	407592000	3.8
17800	410270400	1.5
17800	412948800	3.6
17800	415368000	6.8
17800	418046400	14.8
17800	420638400	18.6
17800	423316800	19.9
17800	425908800	22.3
17800	428587200	21.2
17800	431265600	19.9
17800	433857600	15.3
17800	436536000	11
17800	439128000	4.8
17800	441806400	0.4
17800	444484800	1.2
17800	446990400	9.1
17800	449668800	14.1
17800	452260800	17
17800	454939200	21.3
17800	457531200	22.4
17800	460209600	21.5
17800	462888000	18.8
17800	465480000	13.1
17800	468158400	11.7
17800	470750400	2.3
17800	473428800	2.6
17800	476107200	5.6
17800	478526400	6.3
17800	481204800	14
17800	483796800	19.3
17800	486475200	19
17800	489067200	21.9
17800	491745600	22.8
17800	494424000	18
17800	497016000	15
17800	499694400	9.1
17800	502286400	5.1
17800	504964800	4.2
17800	507643200	4
17800	510062400	10.2
17800	512740800	12.8
17800	515332800	17.8
17800	518011200	20.2
17800	520603200	21.4
17800	523281600	20.6
17800	525960000	17.4
17800	528552000	13.6
17800	531230400	8.1
17800	533822400	6.3
17800	536500800	6
17800	539179200	9
17800	541598400	12.6
17800	544276800	14
17800	546868800	18
17800	549547200	21
17800	552139200	21.8
17800	554817600	22.2
17800	557496000	17.9
17800	560088000	15.7
17800	562766400	10.3
17800	565358400	5.9
17800	568036800	4.4
17800	570715200	3.7
17800	573220800	7.1
17800	575899200	13.1
17800	578491200	19.1
17800	581169600	21.2
17800	583761600	23.6
17800	586440000	21.5
17800	589118400	17.2
17800	591710400	13.4
17800	594388800	10.3
17800	596980800	7.4
17800	599659200	3.3
17800	602337600	2.7
17800	604756800	7.8
17800	607435200	13.7
17800	610027200	17
17800	612705600	20.1
17800	615297600	22.6
17800	617976000	22.2
17800	620654400	19.5
17800	623246400	14.3
17800	625924800	9.4
17800	628516800	6.1
17800	631195200	5
17800	633873600	5.4
17800	636292800	10.9
17800	638971200	14.2
17800	641563200	16.9
17800	644241600	20
17800	646833600	22.4
17800	649512000	23.1
17800	652190400	19.8
17800	654782400	13.7
17800	657460800	12.6
17800	660052800	6.8
17800	662731200	3.1
17800	665409600	5.7
17800	667828800	12.5
17800	670507200	14.2
17800	673099200	17.9
17800	675777600	21.6
17800	678369600	21.7
17800	681048000	21.7
17800	683726400	18.2
17800	686318400	12.8
17800	688996800	9
17800	691588800	5.8
17800	694267200	3.1
17800	696945600	3.7
17800	699451200	7.1
17800	702129600	14.4
17800	704721600	16.9
17800	707400000	19.9
17800	709992000	21
17800	712670400	22.6
17800	715348800	20.1
17800	717940800	12.5
17800	720619200	9.9
17800	723211200	7.3
17800	725889600	1.6
17800	728568000	8.2
17800	730987200	11.3
17800	733665600	14.5
17800	736257600	17.1
17800	738936000	20.6
17800	741528000	21.9
17800	744206400	20.6
17800	746884800	17.9
17800	749476800	12.6
17800	752155200	11.3
17800	754747200	5.4
17800	757425600	4
17800	760104000	6.4
17800	762523200	7.7
17800	765201600	15.9
17800	767793600	18.6
17800	770472000	20.1
17800	773064000	22.8
17800	775742400	22.6
17800	778420800	17.5
17800	781012800	12.8
17800	783691200	12.8
17800	786283200	6.5
17800	788961600	2.8
17800	791640000	3.5
17800	794059200	8.3
17800	796737600	14
17800	799329600	17.5
17800	802008000	20.8
17800	804600000	21.9
17800	807278400	22.2
17800	809956800	18.9
17800	812548800	14.7
17800	815227200	8.4
17800	817819200	4.3
17800	820497600	2.4
17800	823176000	4.3
17800	825681600	8.5
17800	828360000	12
17800	830952000	16.4
17800	833630400	20.3
17800	836222400	21.9
17800	838900800	22.1
17800	841579200	19.3
17800	844171200	14.9
17800	846849600	9.2
17800	849441600	5.6
17800	852120000	5.4
17800	854798400	4.6
17800	857217600	10.7
17800	859896000	13.6
17800	862488000	18.6
17800	865166400	19.3
17800	867758400	21.7
17800	870436800	22.8
17800	873115200	16.8
17800	875707200	14.1
17800	878385600	10.1
17800	880977600	4.1
17800	883656000	2.4
17800	886334400	6.3
17800	888753600	9.8
17800	891432000	18.3
17800	894024000	19.6
17800	896702400	20.5
17800	899294400	22.8
17800	901972800	22.4
17800	904651200	18.7
17800	907243200	15.7
17800	909921600	11.7
17800	912513600	6.5
17800	915192000	3.7
17800	917870400	7.3
17800	920289600	10.2
17800	922968000	15.6
17800	925560000	16.6
17800	928238400	20.3
17800	930830400	21.7
17800	933508800	21.1
17800	936187200	20.3
17800	938779200	15.1
17800	941457600	10.4
17800	944049600	5.4
17800	946728000	3.7
17800	949406400	3
17800	951912000	9.1
17800	954590400	13.4
17800	957182400	18.4
17800	959860800	20.5
17800	962452800	22.4
17800	965131200	21.2
17800	967809600	18.9
17800	970401600	15.3
17800	973080000	9.3
17800	975672000	6.3
17800	978350400	5.5
17800	981028800	6.6
17800	983448000	12
17800	986126400	15
17800	988718400	16.8
17800	991396800	19.5
17800	993988800	23.1
17800	996667200	21.2
17800	999345600	19.9
17800	1001937600	15.6
17800	1004616000	10.6
17800	1007208000	4.9
17800	1009886400	5.2
17800	1012564800	7.7
17800	1014984000	11.9
17800	1017662400	16
17800	1020254400	17.3
17800	1022932800	21.6
17800	1025524800	21.7
17800	1028203200	20.5
17800	1030881600	19.1
17800	1033473600	15.2
17800	1036152000	11
17800	1038744000	5.5
17800	1041422400	4.9
17800	1044100800	9.6
17800	1046520000	10.6
17800	1049198400	16.8
17800	1051790400	18.4
17800	1054468800	19.7
17800	1057060800	23.2
17800	1059739200	23.1
17800	1062417600	19.3
17800	1065009600	13.2
17800	1067688000	10.9
17800	1070280000	4.3
17800	1072958400	2.8
17800	1075636800	7.4
17800	1078142400	10.8
17800	1080820800	16
17800	1083412800	18.2
17800	1086091200	19.6
17800	1088683200	21.6
17800	1091361600	22.4
17800	1094040000	19.1
17800	1096632000	13.4
17800	1099310400	10.6
17800	1101902400	7.1
17800	1104580800	2.9
17800	1107259200	5.4
17800	1109678400	9.1
17800	1112356800	15.6
17800	1114948800	19.1
17800	1117627200	21.5
17800	1120219200	23.6
17800	1122897600	21.8
17800	1125576000	20.4
17800	1128168000	14.2
17800	1130846400	11.1
17800	1133438400	3.5
17800	1136116800	4.4
17800	1138795200	6
17800	1141214400	9.5
17800	1143892800	16.3
17800	1146484800	18.4
17800	1149163200	20.1
17800	1151755200	23.8
17800	1154433600	23.3
17800	1157112000	19.6
17800	1159704000	16.5
17800	1162382400	11.3
17800	1164974400	5.2
17800	1167652800	2.4
17800	1170331200	10.7
17800	1172750400	11.7
17800	1175428800	14.2
17800	1178020800	19.6
17800	1180699200	20.9
17800	1183291200	22.7
17800	1185969600	22.8
17800	1188648000	18.3
17800	1191240000	14.6
17800	1193918400	10.6
17800	1196510400	5.4
17800	1199188800	1.2
17800	1201867200	1.5
17800	1204372800	12
17800	1207051200	15.3
17800	1209643200	18.5
17800	1212321600	20.2
17800	1214913600	22.5
17800	1217592000	21.6
17800	1220270400	20.9
17800	1222862400	16.2
17800	1225540800	10.1
17800	1228132800	6.4
17800	1230811200	3.9
17800	1233489600	11.1
17800	1235908800	11.2
17800	1238587200	14.4
17800	1241179200	18.2
17800	1243857600	21.1
17800	1246449600	22.7
17800	1249128000	22.6
17800	1251806400	21.4
17800	1254398400	15
17800	1257076800	9.6
17800	1259668800	5.9
17800	1262347200	6.7
17800	1265025600	7.8
17800	1267444800	11.6
17800	1270123200	12.8
17800	1272715200	18.2
17800	1275393600	18.8
17800	1277985600	23.8
17800	1280664000	23
17800	1283342400	20.2
17800	1285934400	14.1
17800	1288612800	10.3
17800	1291204800	6.1
17800	1293883200	-1
17800	1296561600	7.3
17800	1298980800	7.4
17800	1301659200	14.6
17800	1304251200	19.4
17800	1306929600	21.7
17800	1309521600	23.1
17800	1312200000	23.4
17800	1314878400	19.6
17800	1317470400	15
17800	1320148800	13.6
17800	1322740800	3.2
17800	1325419200	1.1
17800	1328097600	2.7
17800	1330603200	9.8
17800	1333281600	16.2
17800	1335873600	19.5
17800	1338552000	19.1
17800	1341144000	22.4
17800	1343822400	22.3
17800	1346500800	17.8
17800	1349092800	14.7
17800	1351771200	8.8
17800	1354363200	4.6
17801	-462974400	18.4
17801	-460296000	22.2
17801	-457704000	23.4
17801	-455025600	22.6
17801	-452347200	22.4
17801	-449755200	16
17801	-447076800	10.4
17801	-444484800	10.6
17801	-441806400	3.6
17801	-439128000	6.9
17801	-436622400	10.4
17801	-433944000	16.6
17801	-431352000	18.2
17801	-428673600	22.8
17801	-426081600	23.7
17801	-423403200	23.1
17801	-420724800	20.4
17801	-418132800	16.8
17801	-415454400	10.2
17801	-412862400	6.3
17801	-410184000	6.3
17801	-407505600	3.1
17801	-405086400	11.7
17801	-402408000	16.1
17801	-399816000	19.5
17801	-397137600	20.9
17801	-394545600	23.8
17801	-391867200	23.6
17801	-389188800	19.7
17801	-386596800	15.6
17801	-383918400	14
17801	-381326400	8.3
17801	-378648000	4.4
17801	-375969600	5.9
17801	-373550400	14.1
17801	-370872000	19.1
17801	-368280000	18.7
17801	-365601600	22.7
17801	-363009600	24
17801	-360331200	22.3
17801	-357652800	20.4
17801	-355060800	14.5
17801	-352382400	12.3
17801	-349790400	9.4
17801	-347112000	4.6
17801	-344433600	5.9
17801	-342014400	12.3
17801	-339336000	17.7
17801	-336744000	17.4
17801	-334065600	22.3
17801	-331473600	23.9
17801	-328795200	23.7
17801	-326116800	20.6
17801	-323524800	17.8
17801	-320846400	11.3
17801	-318254400	6.7
17801	-315576000	6.6
17801	-312897600	9
17801	-310392000	14.3
17801	-307713600	15.6
17801	-305121600	17.8
17801	-302443200	23.1
17801	-299851200	22.7
17801	-297172800	23.4
17801	-294494400	21.8
17801	-291902400	15.1
17801	-289224000	11.8
17801	-286632000	6.5
17801	-283953600	5.3
17801	-281275200	6.1
17801	-278856000	9.9
17801	-276177600	16.3
17801	-273585600	19.5
17801	-270907200	22.9
17801	-268315200	24.4
17801	-265636800	23.1
17801	-262958400	20.6
17801	-260366400	16.5
17801	-257688000	12.2
17801	-255096000	8.2
17801	-252417600	4.1
17801	-249739200	10
17801	-247320000	11
17801	-244641600	14.8
17801	-242049600	19
17801	-239371200	21.4
17801	-236779200	24.3
17801	-234100800	23.3
17801	-231422400	21.4
17801	-228830400	16.5
17801	-226152000	10.1
17801	-223560000	8.8
17801	-220881600	5.7
17801	-218203200	6.3
17801	-215784000	12.6
17801	-213105600	16.3
17801	-210513600	21.5
17801	-207835200	21.8
17801	-205243200	23.6
17801	-202564800	24.1
17801	-199886400	23.9
17801	-197294400	15.4
17801	-194616000	13.1
17801	-192024000	8.3
17801	-189345600	5
17801	-186667200	2.2
17801	-184161600	11.2
17801	-181483200	18
17801	-178891200	20.1
17801	-176212800	21.5
17801	-173620800	23.9
17801	-170942400	23.6
17801	-168264000	21.3
17801	-165672000	16.6
17801	-162993600	11.9
17801	-160401600	5.8
17801	-157723200	7.9
17801	-155044800	8.7
17801	-152625600	10.3
17801	-149947200	16
17801	-147355200	19.6
17801	-144676800	21.3
17801	-142084800	24.1
17801	-139406400	22.8
17801	-136728000	20.2
17801	-134136000	16.8
17801	-131457600	13.3
17801	-128865600	6.8
17801	-126187200	7.6
17801	-123508800	11
17801	-121089600	14.6
17801	-118411200	15.8
17801	-115819200	19
17801	-113140800	21.3
17801	-110548800	23.6
17801	-107870400	23.9
17801	-105192000	21.2
17801	-102600000	17.8
17801	-99921600	12.1
17801	-97329600	5.1
17801	-94651200	5.5
17801	-91972800	5.4
17801	-89553600	13
17801	-86875200	15.4
17801	-84283200	22.4
17801	-81604800	23.3
17801	-79012800	24.2
17801	-76334400	24.1
17801	-73656000	19.9
17801	-71064000	15.4
17801	-68385600	11.7
17801	-65793600	4.4
17801	-63115200	5.6
17801	-60436800	1.5
17801	-57931200	11
17801	-55252800	15.1
17801	-52660800	19.4
17801	-49982400	21.2
17801	-47390400	23.5
17801	-44712000	23.6
17801	-42033600	21
17801	-39441600	15.5
17801	-36763200	13.4
17801	-34171200	11.7
17801	-31492800	6.1
17801	-28814400	5.1
17801	-26395200	12.2
17801	-23716800	17.3
17801	-21124800	21.7
17801	-18446400	22
17801	-15854400	23.8
17801	-13176000	23.2
17801	-10497600	21.8
17801	-7905600	18.2
17801	-5227200	9.9
17801	-2635200	7.5
17801	43200	3.8
17801	2721600	8.9
17801	5140800	7.2
17801	7819200	15.5
17801	10411200	19.9
17801	13089600	20.5
17801	15681600	22.7
17801	18360000	23.7
17801	21038400	21.2
17801	23630400	16.4
17801	26308800	11.9
17801	28900800	7.4
17801	31579200	5.6
17801	34257600	6.9
17801	36676800	10.8
17801	39355200	16.2
17801	41947200	19.1
17801	44625600	22.6
17801	47217600	23.9
17801	49896000	22
17801	52574400	20.7
17801	55166400	15.3
17801	57844800	13.1
17801	60436800	7.5
17801	63115200	6.7
17801	65793600	3.1
17801	68299200	13.9
17801	70977600	14.2
17801	73569600	20.4
17801	76248000	23.1
17801	78840000	24.2
17801	81518400	24.8
17801	84196800	20
17801	86788800	17.6
17801	89467200	12.2
17801	92059200	6.8
17801	94737600	4.4
17801	97416000	11.6
17801	99835200	12.9
17801	102513600	17.5
17801	105105600	19.9
17801	107784000	22.4
17801	110376000	23.6
17801	113054400	23.5
17801	115732800	21
17801	118324800	16.2
17801	121003200	11.8
17801	123595200	8.5
17801	126273600	4.9
17801	128952000	5.9
17801	131371200	11
17801	134049600	16.9
17801	136641600	20.5
17801	139320000	21.8
17801	141912000	23.2
17801	144590400	22.2
17801	147268800	21.4
17801	149860800	17.5
17801	152539200	13
17801	155131200	5.3
17801	157809600	6
17801	160488000	7.3
17801	162907200	11.8
17801	165585600	16.7
17801	168177600	17.8
17801	170856000	22.7
17801	173448000	24
17801	176126400	23.6
17801	178804800	22.4
17801	181396800	16.7
17801	184075200	9.2
17801	186667200	6
17801	189345600	5.7
17801	192024000	9.6
17801	194529600	8.8
17801	197208000	14.7
17801	199800000	20.1
17801	202478400	21.7
17801	205070400	22.9
17801	207748800	24
17801	210427200	19.9
17801	213019200	16.9
17801	215697600	8.7
17801	218289600	6.8
17801	220968000	1.3
17801	223646400	5.2
17801	226065600	13.3
17801	228744000	17.6
17801	231336000	20.7
17801	234014400	21.8
17801	236606400	23.7
17801	239284800	23.1
17801	241963200	20.5
17801	244555200	17.7
17801	247233600	11.1
17801	249825600	10.8
17801	252504000	6.8
17801	255182400	7.9
17801	257601600	12.2
17801	260280000	16.5
17801	262872000	19.7
17801	265550400	22.5
17801	268142400	25
17801	270820800	24.1
17801	273499200	20.3
17801	276091200	16.6
17801	278769600	10.2
17801	281361600	9.2
17801	284040000	6.8
17801	286718400	11.1
17801	289137600	11
17801	291816000	16.4
17801	294408000	17.7
17801	297086400	22.2
17801	299678400	24.3
17801	302356800	23.6
17801	305035200	20.1
17801	307627200	17.3
17801	310305600	11.1
17801	312897600	9.8
17801	315576000	5.5
17801	318254400	3.9
17801	320760000	10.1
17801	323438400	15.5
17801	326030400	19.9
17801	328708800	22.9
17801	331300800	23.6
17801	333979200	22.4
17801	336657600	19.9
17801	339249600	17.6
17801	341928000	15.1
17801	344520000	7.4
17801	347198400	5.4
17801	349876800	7.6
17801	352296000	14
17801	354974400	17.1
17801	357566400	18.4
17801	360244800	22.5
17801	362836800	24
17801	365515200	25
17801	368193600	21.6
17801	370785600	15.2
17801	373464000	10.1
17801	376056000	7.1
17801	378734400	7.6
17801	381412800	5.7
17801	383832000	11.9
17801	386510400	13.9
17801	389102400	20.7
17801	391780800	21.2
17801	394372800	24.2
17801	397051200	24.3
17801	399729600	20.4
17801	402321600	19.1
17801	4.05e+08	12.4
17801	407592000	6.1
17801	410270400	3.9
17801	412948800	5.3
17801	415368000	9.6
17801	418046400	16.8
17801	420638400	20.9
17801	423316800	22.6
17801	425908800	24.6
17801	428587200	23.4
17801	431265600	22.4
17801	433857600	17.9
17801	436536000	13
17801	439128000	6.5
17801	441806400	2.1
17801	444484800	3.3
17801	446990400	10.7
17801	449668800	15.4
17801	452260800	18.8
17801	454939200	22.9
17801	457531200	23.9
17801	460209600	23.4
17801	462888000	20.5
17801	465480000	15.1
17801	468158400	13.7
17801	470750400	4.3
17801	473428800	4.5
17801	476107200	7.4
17801	478526400	7.5
17801	481204800	16
17801	483796800	20.5
17801	486475200	22.6
17801	489067200	24
17801	491745600	24.3
17801	494424000	20.3
17801	497016000	17.5
17801	499694400	12.1
17801	502286400	6.6
17801	504964800	6.3
17801	507643200	5.4
17801	510062400	11.5
17801	512740800	16.2
17801	515332800	20.2
17801	518011200	22.6
17801	520603200	23.3
17801	523281600	23.4
17801	525960000	21.3
17801	528552000	15.4
17801	531230400	10.9
17801	533822400	9.4
17801	536500800	8.7
17801	539179200	10.4
17801	541598400	14
17801	544276800	16.7
17801	546868800	20.1
17801	549547200	22.3
17801	552139200	23.8
17801	554817600	23.7
17801	557496000	19.9
17801	560088000	17.6
17801	562766400	12.3
17801	565358400	8.5
17801	568036800	5.8
17801	570715200	4.1
17801	573220800	8
17801	575899200	15.3
17801	578491200	20.4
17801	581169600	23
17801	583761600	24.4
17801	586440000	22.7
17801	589118400	20.2
17801	591710400	16.6
17801	594388800	13.1
17801	596980800	10.4
17801	599659200	4.7
17801	602337600	5
17801	604756800	10.2
17801	607435200	16.4
17801	610027200	19.3
17801	612705600	22.1
17801	615297600	23.3
17801	617976000	23.7
17801	620654400	21.6
17801	623246400	16.6
17801	625924800	11.9
17801	628516800	8.9
17801	631195200	5.9
17801	633873600	7.3
17801	636292800	12.1
17801	638971200	15.9
17801	641563200	19.4
17801	644241600	22.7
17801	646833600	23.5
17801	649512000	25
17801	652190400	22
17801	654782400	16.7
17801	657460800	14
17801	660052800	8.7
17801	662731200	3.9
17801	665409600	8.7
17801	667828800	11.5
17801	670507200	16.5
17801	673099200	19.6
17801	675777600	22.9
17801	678369600	23.7
17801	681048000	23.7
17801	683726400	21.1
17801	686318400	15.3
17801	688996800	11.6
17801	691588800	8.6
17801	694267200	4.9
17801	696945600	5.9
17801	699451200	8.7
17801	702129600	17.1
17801	704721600	19.2
17801	707400000	21.9
17801	709992000	22.7
17801	712670400	24.2
17801	715348800	22.2
17801	717940800	15.5
17801	720619200	13.2
17801	723211200	10.6
17801	725889600	3.9
17801	728568000	9.7
17801	730987200	11.7
17801	733665600	16.2
17801	736257600	19.3
17801	738936000	22.7
17801	741528000	23.6
17801	744206400	23.4
17801	746884800	20.9
17801	749476800	15.1
17801	752155200	13.2
17801	754747200	7.3
17801	757425600	6
17801	760104000	7.1
17801	762523200	9.3
17801	765201600	17.9
17801	767793600	21
17801	770472000	21.8
17801	773064000	23.7
17801	775742400	23.9
17801	778420800	20
17801	781012800	15
17801	783691200	14.5
17801	786283200	8.7
17801	788961600	4.6
17801	791640000	6.3
17801	794059200	10.9
17801	796737600	16.9
17801	799329600	19.6
17801	802008000	22.8
17801	804600000	24
17801	807278400	23.3
17801	809956800	20.9
17801	812548800	17.3
17801	815227200	11.5
17801	817819200	7.2
17801	820497600	4.4
17801	823176000	6.8
17801	825681600	10
17801	828360000	13.2
17801	830952000	18.8
17801	833630400	22.9
17801	836222400	23.6
17801	838900800	23.6
17801	841579200	21.8
17801	844171200	17.5
17801	846849600	11.5
17801	849441600	8.6
17801	852120000	7.4
17801	854798400	6.4
17801	857217600	11.7
17801	859896000	15.7
17801	862488000	20.5
17801	865166400	22
17801	867758400	22.8
17801	870436800	24.2
17801	873115200	19.1
17801	875707200	16.7
17801	878385600	12.4
17801	880977600	7
17801	883656000	4.2
17801	886334400	7.8
17801	888753600	10.9
17801	891432000	18.9
17801	894024000	20.1
17801	896702400	22.9
17801	899294400	23.9
17801	901972800	24.4
17801	904651200	21.6
17801	907243200	18.3
17801	909921600	14.1
17801	912513600	9.8
17801	915192000	6.5
17801	917870400	10.2
17801	920289600	11.5
17801	922968000	17.1
17801	925560000	19.1
17801	928238400	23
17801	930830400	23.6
17801	933508800	23
17801	936187200	21.8
17801	938779200	17.6
17801	941457600	13.1
17801	944049600	8.1
17801	946728000	5.6
17801	949406400	4.6
17801	951912000	11.4
17801	954590400	15.5
17801	957182400	20.5
17801	959860800	22
17801	962452800	24.5
17801	965131200	23.7
17801	967809600	20.8
17801	970401600	16.9
17801	973080000	11.1
17801	975672000	8.8
17801	978350400	7.1
17801	981028800	8.2
17801	983448000	13.5
17801	986126400	15.9
17801	988718400	19.4
17801	991396800	22.3
17801	993988800	24.3
17801	996667200	23.2
17801	999345600	21.8
17801	1001937600	18.2
17801	1004616000	12.8
17801	1007208000	6.3
17801	1009886400	8.3
17801	1012564800	10.1
17801	1014984000	12.8
17801	1017662400	17.3
17801	1020254400	20.1
17801	1022932800	23.6
17801	1025524800	24.1
17801	1028203200	22.1
17801	1030881600	20.5
17801	1033473600	17.1
17801	1036152000	13.1
17801	1038744000	7.1
17801	1041422400	7.1
17801	1044100800	11.3
17801	1046520000	11.7
17801	1049198400	17.4
17801	1051790400	20.2
17801	1054468800	22.3
17801	1057060800	24.9
17801	1059739200	24.4
17801	1062417600	21.7
17801	1065009600	16.6
17801	1067688000	13
17801	1070280000	7.5
17801	1072958400	4.3
17801	1075636800	9.5
17801	1078142400	11.4
17801	1080820800	17.8
17801	1083412800	20.2
17801	1086091200	22.6
17801	1088683200	23.3
17801	1091361600	24.1
17801	1094040000	21.6
17801	1096632000	16.6
17801	1099310400	13.8
17801	1101902400	8.5
17801	1104580800	3.6
17801	1107259200	5.4
17801	1109678400	10.7
17801	1112356800	17.7
17801	1114948800	22.4
17801	1117627200	23.2
17801	1120219200	24.5
17801	1122897600	23.4
17801	1125576000	22.3
17801	1128168000	17.5
17801	1130846400	14.1
17801	1133438400	6.6
17801	1136116800	6.2
17801	1138795200	7.2
17801	1141214400	12
17801	1143892800	18.6
17801	1146484800	20.7
17801	1149163200	22.7
17801	1151755200	24.7
17801	1154433600	24.1
17801	1157112000	21.2
17801	1159704000	18.8
17801	1162382400	12.9
17801	1164974400	7.7
17801	1167652800	4.3
17801	1170331200	13.2
17801	1172750400	13
17801	1175428800	15.7
17801	1178020800	21
17801	1180699200	23
17801	1183291200	24.3
17801	1185969600	24.1
17801	1188648000	19.7
17801	1191240000	17.4
17801	1193918400	13.3
17801	1196510400	7.9
17801	1199188800	2.4
17801	1201867200	4.3
17801	1204372800	13.3
17801	1207051200	17
17801	1209643200	20.1
17801	1212321600	22.3
17801	1214913600	23.6
17801	1217592000	23.6
17801	1220270400	22.2
17801	1222862400	18.2
17801	1225540800	12
17801	1228132800	7.9
17801	1230811200	5.7
17801	1233489600	13
17801	1235908800	12.5
17801	1238587200	16.2
17801	1241179200	19.7
17801	1243857600	22.9
17801	1246449600	23.8
17801	1249128000	24.8
17801	1251806400	23
17801	1254398400	17.8
17801	1257076800	11
17801	1259668800	7.2
17801	1262347200	8
17801	1265025600	9.3
17801	1267444800	12.5
17801	1270123200	14.8
17801	1272715200	19.8
17801	1275393600	21.3
17801	1277985600	24.9
17801	1280664000	24.3
17801	1283342400	21.7
17801	1285934400	15.6
17801	1288612800	12.8
17801	1291204800	8.8
17801	1293883200	0.1
17801	1296561600	9.4
17801	1298980800	8.4
17801	1301659200	15.8
17801	1304251200	20.1
17801	1306929600	23.2
17801	1309521600	24.8
17801	1312200000	24.7
17801	1314878400	22.1
17801	1317470400	16.4
17801	1320148800	16.1
17801	1322740800	6.3
17801	1325419200	2.3
17801	1328097600	4.3
17801	1330603200	11.7
17801	1333281600	18.8
17801	1335873600	21
17801	1338552000	22.3
17801	1341144000	24.4
17801	1343822400	24
17801	1346500800	19.9
17801	1349092800	17.8
17801	1351771200	11.8
17801	1354363200	7
17802	-775828800	27.2
17802	-773236800	28.2
17802	-770558400	28
17802	-767880000	24.7
17803	-55252800	17
17803	-52660800	21.2
17803	-49982400	23.4
17803	-47390400	26.8
17803	-44712000	25.6
17803	-42033600	21.8
17803	-39441600	17.4
17803	-36763200	15
17803	-34171200	12.1
17803	-31492800	6.6
17803	-28814400	8.2
17803	-26395200	15.7
17803	-23716800	20.5
17803	-21124800	24.8
17803	-18446400	23.8
17803	-15854400	27.5
17803	-13176000	27.3
17803	-10497600	23.4
17803	-7905600	19.7
17803	-5227200	11.7
17803	-2635200	8.7
17803	43200	7
17803	2721600	10.7
17803	5140800	10.4
17803	7819200	17.8
17803	10411200	23.1
17803	13089600	23.5
17803	15681600	26.5
17803	18360000	28.8
17803	21038400	22.1
17803	23630400	17.1
17803	26308800	12.8
17803	28900800	9.8
17803	31579200	7.2
17803	34257600	9.2
17803	36676800	15.2
17803	39355200	18.9
17803	41947200	22.2
17803	44625600	24.6
17803	47217600	28.6
17803	49896000	27.7
17803	52574400	21.9
17803	55166400	17
17803	57844800	13.9
17803	60436800	10
17803	63115200	7.8
17803	65793600	6.8
17803	68299200	15.9
17803	70977600	16.6
17803	73569600	22.8
17803	76248000	25.6
17803	78840000	27.2
17803	81518400	29.9
17803	84196800	20.9
17803	86788800	17.6
17803	89467200	14
17803	92059200	9.3
17803	94737600	7
17803	97416000	11.9
17803	99835200	15.9
17803	102513600	20.4
17803	105105600	21.7
17803	107784000	24.2
17803	110376000	26.7
17803	113054400	28.2
17803	115732800	22.8
17803	118324800	18.1
17803	121003200	14.6
17803	123595200	9.8
17803	126273600	7.6
17803	128952000	8.3
17803	131371200	12.7
17803	134049600	20.3
17803	136641600	22.8
17803	139320000	23.8
17803	141912000	27.2
17803	144590400	25.1
17803	147268800	22.7
17803	149860800	17.8
17803	152539200	14.9
17803	155131200	7.5
17803	157809600	8.4
17803	160488000	9.9
17803	162907200	15.5
17803	165585600	18.4
17803	168177600	20.8
17803	170856000	24.4
17803	173448000	27.3
17803	176126400	28.2
17803	178804800	24.9
17803	181396800	18.4
17803	184075200	11.4
17803	186667200	6.8
17803	189345600	7.8
17803	192024000	10.7
17803	194529600	11.5
17803	197208000	18
17803	199800000	21.1
17803	202478400	23.5
17803	205070400	25.7
17803	207748800	27.8
17803	210427200	21.8
17803	213019200	18.9
17803	215697600	10.6
17803	218289600	7.7
17803	220968000	4.6
17803	223646400	6.9
17803	226065600	14.1
17803	228744000	18.3
17803	231336000	21.2
17803	234014400	24.1
17803	236606400	27.5
17803	239284800	27.2
17803	241963200	24.3
17803	244555200	19.1
17803	247233600	13
17803	249825600	10.4
17803	252504000	7.5
17803	255182400	9.2
17803	257601600	14.2
17803	260280000	19.1
17803	262872000	22.3
17803	265550400	24.4
17803	268142400	28
17803	270820800	28.9
17803	273499200	23.8
17803	276091200	18.7
17803	278769600	12.8
17803	281361600	10
17803	284040000	7.8
17803	286718400	12
17803	289137600	13.6
17803	291816000	19.4
17803	294408000	19.4
17803	297086400	24.4
17803	299678400	27.3
17803	302356800	27.1
17803	305035200	21.3
17803	307627200	19.5
17803	310305600	13.1
17803	312897600	10.5
17803	315576000	8.2
17803	318254400	7.1
17803	320760000	13.7
17803	323438400	18.8
17803	326030400	22.6
17803	328708800	25.3
17803	331300800	26.9
17803	333979200	25.1
17803	336657600	21.7
17803	339249600	18.9
17803	341928000	15.9
17803	344520000	10.1
17803	347198400	8
17803	349876800	10.5
17803	352296000	15.8
17803	354974400	19.1
17803	357566400	21.2
17803	360244800	24.7
17803	362836800	27.3
17803	365515200	27.6
17803	368193600	22.2
17803	370785600	15.9
17803	373464000	12.6
17803	376056000	8
17803	378734400	9
17803	381412800	8.7
17803	383832000	14
17803	386510400	16.5
17803	389102400	23.6
17803	391780800	22.5
17803	394372800	25.7
17803	397051200	26.9
17803	399729600	21.2
17803	402321600	19.8
17803	4.05e+08	13.6
17803	407592000	7.7
17803	410270400	6.2
17803	412948800	9.4
17803	415368000	11.6
17803	418046400	18.6
17803	420638400	22.6
17803	423316800	23.8
17803	425908800	26.3
17803	428587200	26.3
17803	431265600	23.5
17803	433857600	18.5
17803	436536000	15.2
17803	439128000	9.4
17803	441806400	5.8
17803	444484800	7.1
17803	446990400	13.7
17803	449668800	18.7
17803	452260800	21.6
17803	454939200	25.8
17803	457531200	26.5
17803	460209600	26.7
17803	462888000	22.2
17803	465480000	17.7
17803	468158400	14.9
17803	470750400	6.8
17803	473428800	7.3
17803	476107200	9.4
17803	478526400	10.1
17803	481204800	18.7
17803	483796800	23.5
17803	486475200	22.9
17803	489067200	26.1
17803	491745600	28.4
17803	494424000	22.1
17803	497016000	18.7
17803	499694400	13.1
17803	502286400	8.4
17803	504964800	8.4
17803	507643200	8.6
17803	510062400	13.9
17803	512740800	17.7
17803	515332800	22.9
17803	518011200	24.9
17803	520603200	26.6
17803	523281600	26.5
17803	525960000	21.7
17803	528552000	17.5
17803	531230400	11.9
17803	533822400	10
17803	536500800	9.7
17803	539179200	12
17803	541598400	15
17803	544276800	18.1
17803	546868800	22.3
17803	549547200	23.6
17803	552139200	25.8
17803	554817600	26.4
17803	557496000	22.5
17803	560088000	19.4
17803	562766400	13.6
17803	565358400	8.7
17803	568036800	8.2
17803	570715200	8
17803	573220800	10.5
17803	575899200	18
17803	578491200	22.9
17803	581169600	25.7
17803	583761600	27.5
17803	586440000	25.9
17803	589118400	21.6
17803	591710400	16.9
17803	594388800	14.2
17803	596980800	9.8
17803	599659200	6.7
17803	602337600	7.3
17803	604756800	12.8
17803	607435200	17.2
17803	610027200	21.5
17803	612705600	24.2
17803	615297600	26.4
17803	617976000	26.7
17803	620654400	23.4
17803	623246400	18.6
17803	625924800	12.7
17803	628516800	9
17803	631195200	8.5
17803	633873600	8.8
17803	636292800	14.9
17803	638971200	17.8
17803	641563200	21.7
17803	644241600	24.4
17803	646833600	27.4
17803	649512000	28
17803	652190400	23.8
17803	654782400	17
17803	657460800	15.4
17803	660052800	9.2
17803	662731200	8
17803	665409600	9.8
17803	667828800	14.9
17803	670507200	18
17803	673099200	21.3
17803	675777600	25.4
17803	678369600	27
17803	681048000	25.8
17803	683726400	23.4
17803	686318400	17
17803	688996800	13.2
17803	691588800	8.8
17803	694267200	7.3
17803	696945600	8.7
17803	699451200	12.1
17803	702129600	19.3
17803	704721600	21.4
17803	707400000	24.2
17803	709992000	26.7
17803	712670400	27.6
17803	715348800	23.4
17803	717940800	16.9
17803	720619200	14
17803	723211200	9.6
17803	725889600	6.3
17803	728568000	11.2
17803	730987200	13.8
17803	733665600	19
17803	736257600	21.3
17803	738936000	25.4
17803	741528000	26.5
17803	744206400	24.6
17803	746884800	23
17803	749476800	17.2
17803	752155200	14.1
17803	754747200	8
17803	757425600	7.4
17803	760104000	10.7
17803	762523200	11.2
17803	765201600	19.6
17803	767793600	24.3
17803	770472000	24.3
17803	773064000	27.9
17803	775742400	29.5
17803	778420800	21
17803	781012800	16.7
17803	783691200	15.2
17803	786283200	10.3
17803	788961600	7.3
17803	791640000	8.6
17803	794059200	12.6
17803	796737600	17.9
17803	799329600	23
17803	802008000	25.3
17803	804600000	26.9
17803	807278400	27.5
17803	809956800	24.4
17803	812548800	18.3
17803	815227200	13.5
17803	817819200	8.2
17803	820497600	5.8
17803	823176000	8
17803	825681600	12.6
17803	828360000	16.5
17803	830952000	20.5
17803	833630400	25
17804	-599572800	4.5
17804	-596894400	5.5
17804	-594475200	9.6
17804	-591796800	14.2
17804	-589204800	23.8
17804	-586526400	25.4
17804	-583934400	28.1
17804	-581256000	30
17804	-578577600	24.1
17804	-575985600	19.7
17804	-573307200	12.7
17804	-570715200	10.3
17804	-568036800	6.5
17804	-565358400	4.7
17804	-562852800	9.9
17804	-560174400	19.3
17804	-557582400	22.2
17804	-554904000	26.1
17804	-552312000	28.6
17804	-549633600	27
17804	-546955200	24
17804	-544363200	17
17804	-541684800	13.1
17804	-539092800	6.2
17804	-536414400	4.5
17804	-533736000	7.4
17804	-531316800	12.1
17804	-528638400	15.4
17804	-526046400	21.9
17804	-523368000	26
17804	-520776000	29.3
17804	-518097600	29.4
17804	-515419200	22.5
17804	-512827200	18.2
17804	-510148800	12
17804	-507556800	6.4
17804	-504878400	4.5
17804	-502200000	7.3
17804	-499780800	10.4
17804	-497102400	16.7
17804	-494510400	21.5
17804	-491832000	24.7
17804	-489240000	27.5
17804	-486561600	27.2
17804	-483883200	24.6
17804	-481291200	17.3
17804	-478612800	14.2
17804	-476020800	3.1
17804	-473342400	2.9
17804	-470664000	9.2
17804	-468244800	10.3
17804	-465566400	15.2
17804	-462974400	20.3
17804	-460296000	26
17804	-457704000	27.7
17804	-455025600	27.3
17804	-452347200	26.4
17804	-449755200	18.9
17804	-447076800	12.8
17804	-444484800	10
17804	-441806400	4.2
17804	-439128000	6.5
17804	-436622400	10.2
17804	-433944000	19.1
17804	-431352000	20.1
17804	-428673600	27.3
17804	-426081600	28.9
17804	-423403200	27.9
17804	-420724800	24.3
17804	-418132800	18.8
17804	-415454400	11.7
17804	-412862400	6
17804	-410184000	3.9
17804	-407505600	3.6
17804	-405086400	11.3
17804	-402408000	17.3
17804	-399816000	20.8
17804	-397137600	25.3
17804	-394545600	28.5
17804	-391867200	27
17804	-389188800	23.3
17804	-386596800	18.4
17804	-383918400	14.5
17804	-381326400	7.9
17804	-378648000	4.8
17804	-375969600	7.5
17804	-373550400	12.6
17804	-370872000	20
17804	-368280000	19.4
17804	-365601600	26
17804	-363009600	28.1
17804	-360331200	26.5
17804	-357652800	23.5
17804	-355060800	16.8
17804	-352382400	12.6
17804	-349790400	9.5
17804	-347112000	5.1
17804	-344433600	5
17804	-342014400	14.1
17804	-339336000	18.7
17804	-336744000	19.5
17804	-334065600	25.8
17804	-331473600	28.9
17804	-328795200	29
17804	-326116800	25.1
17804	-323524800	19.5
17804	-320846400	11.5
17804	-318254400	7.1
17804	-315576000	5.5
17804	-312897600	9.3
17804	-310392000	12.5
17804	-307713600	16.3
17804	-305121600	19.7
17804	-302443200	26.5
17804	-299851200	27.4
17804	-297172800	27.3
17804	-294494400	26
17804	-291902400	18
17804	-289224000	12.3
17804	-286632000	7.3
17804	-283953600	5.6
17804	-281275200	7
17804	-278856000	11.3
17804	-276177600	17.8
17804	-273585600	22
17804	-270907200	27.3
17804	-268315200	29.5
17804	-265636800	28.3
17804	-262958400	24.5
17804	-260366400	18.9
17804	-257688000	13.5
17804	-255096000	8
17804	-252417600	4.8
17804	-249739200	10.1
17804	-247320000	12.8
17804	-244641600	15.9
17804	-242049600	21.1
17804	-239371200	24.8
17804	-236779200	29
17804	-234100800	27.9
17804	-231422400	24.3
17804	-228830400	18.3
17804	-226152000	11.8
17804	-223560000	8
17804	-220881600	5.6
17804	-218203200	6.9
17804	-215784000	11.8
17804	-213105600	17.5
17804	-210513600	23.1
17804	-207835200	25.8
17804	-205243200	28.4
17804	-202564800	29.2
17804	-199886400	26.7
17804	-197294400	17.8
17804	-194616000	13.2
17804	-192024000	8.6
17804	-189345600	4.9
17804	-186667200	1.3
17804	-184161600	11.7
17804	-181483200	19.3
17804	-178891200	21.8
17804	-176212800	24.2
17804	-173620800	28.5
17804	-170942400	28.3
17804	-168264000	24.7
17804	-165672000	18.8
17804	-162993600	13
17804	-160401600	6.7
17804	-157723200	7.3
17804	-155044800	7.3
17804	-152625600	11.2
17804	-149947200	15.9
17804	-147355200	22.1
17804	-144676800	24.3
17804	-142084800	28.8
17804	-139406400	26.9
17804	-136728000	23
17804	-134136000	18.5
17804	-131457600	14.2
17804	-128865600	6.7
17804	-126187200	7.1
17804	-123508800	10.5
17804	-121089600	14.6
17804	-118411200	16.6
17804	-115819200	21
17804	-113140800	25
17804	-110548800	27.5
17804	-107870400	28.4
17804	-105192000	24
17804	-102600000	18.5
17804	-99921600	13
17804	-97329600	4.9
17804	-94651200	5.7
17804	-91972800	6.2
17804	-89553600	11.4
17804	-86875200	15.8
17804	-84283200	23.6
17804	-81604800	26.1
17804	-79012800	28.5
17804	-76334400	28.4
17804	-73656000	22.5
17804	-71064000	16.7
17804	-68385600	9.7
17804	-65793600	5
17804	-63115200	5.4
17804	-60436800	3.8
17804	-57931200	11.7
17804	-55252800	17
17804	-52660800	21.4
17804	-49982400	24.5
17804	-47390400	27.2
17804	-44712000	27.9
17804	-42033600	24.9
17804	-39441600	16.9
17804	-36763200	15
17804	-34171200	9.9
17804	-31492800	3.7
17804	-28814400	3.7
17804	-26395200	11.6
17804	-23716800	17.6
17804	-21124800	23.4
17804	-18446400	24.3
17804	-15854400	27.7
17804	-13176000	26.7
17804	-10497600	25.1
17804	-7905600	19.7
17804	-5227200	11.4
17804	-2635200	7.3
17804	43200	4.2
17804	2721600	7.9
17804	5140800	8.1
17804	7819200	16.4
17804	10411200	21.9
17804	13089600	24.1
17804	15681600	26.9
17804	18360000	28.2
17804	21038400	23.2
17804	23630400	18.3
17804	26308800	12.3
17804	28900800	7.8
17804	31579200	5.6
17804	34257600	6
17804	36676800	10.6
17804	39355200	16.9
17804	41947200	21.1
17804	44625600	25.9
17804	47217600	29.2
17804	49896000	27.1
17804	52574400	23
17804	55166400	16.4
17804	57844800	12.8
17804	60436800	7.1
17804	63115200	6
17804	65793600	2.9
17804	68299200	13.4
17804	70977600	15.3
17804	73569600	22.3
17804	76248000	26.2
17804	78840000	27.9
17804	81518400	29.6
17804	84196800	22.6
17804	86788800	17.4
17804	89467200	13
17804	92059200	7.3
17804	94737600	5
17804	97416000	8.4
17804	99835200	11.9
17804	102513600	18.4
17804	105105600	20.5
17804	107784000	24.5
17804	110376000	27.5
17804	113054400	27.4
17804	115732800	22.4
17804	118324800	18.2
17804	121003200	13.3
17804	123595200	8.4
17804	126273600	3.3
17804	128952000	6.3
17804	131371200	11.7
17804	134049600	19
17804	136641600	22.5
17804	139320000	24.7
17804	141912000	26.9
17804	144590400	26.9
17804	147268800	24.9
17804	149860800	18.9
17804	152539200	14
17804	155131200	5.4
17804	157809600	6.8
17804	160488000	7.2
17804	162907200	12
17804	165585600	16.8
17804	168177600	19.4
17804	170856000	25.5
17804	173448000	28.5
17804	176126400	28.1
17804	178804800	26.3
17804	181396800	19
17804	184075200	11.1
17804	186667200	5.9
17804	189345600	5.1
17804	192024000	9.1
17804	194529600	8.7
17804	197208000	16
17804	199800000	22.2
17804	202478400	24.3
17804	205070400	26.7
17804	207748800	28
17804	210427200	23.4
17804	213019200	19.2
17804	215697600	10.6
17804	218289600	7.4
17804	220968000	2
17804	223646400	5.7
17804	226065600	13.7
17804	228744000	18.5
17804	231336000	20.1
17804	234014400	23.6
17804	236606400	28.2
17804	239284800	26.9
17804	241963200	23.5
17804	244555200	19.8
17804	247233600	12.6
17804	249825600	9.4
17804	252504000	6.3
17804	255182400	6.9
17804	257601600	11.6
17804	260280000	18.4
17804	262872000	21.9
17804	265550400	25
17804	268142400	29.3
17804	270820800	28.5
17804	273499200	23.7
17804	276091200	18.2
17804	278769600	11
17804	281361600	8.9
17804	284040000	6.6
17804	286718400	10.7
17804	289137600	11
17804	291816000	18
17804	294408000	19.8
17804	297086400	25.3
17804	299678400	28.3
17804	302356800	27.9
17804	305035200	22.9
17804	307627200	19.7
17804	310305600	12.6
17804	312897600	9.8
17804	315576000	4.9
17804	318254400	5.4
17804	320760000	8.8
17804	323438400	16.1
17804	326030400	22.3
17804	328708800	26.5
17804	331300800	27.2
17804	333979200	25.9
17804	336657600	23.3
17804	339249600	19
17804	341928000	15.8
17804	344520000	8.7
17804	347198400	4.1
17804	349876800	8
17804	352296000	12.7
17804	354974400	17.3
17804	357566400	20.4
17804	360244800	25.5
17804	362836800	28.6
17804	365515200	29.6
17804	368193600	23.8
17804	370785600	16.2
17804	373464000	10.9
17804	376056000	7.9
17804	378734400	6.5
17804	381412800	4.9
17804	383832000	11
17804	386510400	15
17804	389102400	23
17804	391780800	23.5
17804	394372800	28.2
17804	397051200	27.4
17804	399729600	22.2
17804	402321600	20
17804	4.05e+08	13
17804	407592000	6.3
17804	410270400	4.5
17804	412948800	6.5
17804	415368000	10.8
17804	418046400	17.2
17804	420638400	22.8
17804	423316800	25.6
17804	425908800	28.1
17804	428587200	28.2
17804	431265600	26.3
17804	433857600	19
17804	436536000	14.5
17804	439128000	7.3
17804	441806400	3
17804	444484800	4.4
17804	446990400	10.7
17804	449668800	16.5
17804	452260800	20.5
17804	454939200	26.6
17804	457531200	28.7
17804	460209600	27.5
17804	462888000	23.4
17804	465480000	17.6
17804	468158400	14
17804	470750400	4.8
17804	473428800	5.4
17804	476107200	6.6
17804	478526400	7.7
17804	481204800	17.6
17804	483796800	23
17804	486475200	25.3
17804	489067200	28.5
17804	491745600	29.2
17804	494424000	23.9
17804	497016000	18.7
17804	499694400	13.7
17804	502286400	5.6
17804	504964800	6.2
17804	507643200	6.1
17804	510062400	11.7
17804	512740800	17.2
17804	515332800	22.6
17804	518011200	25.5
17804	520603200	27.2
17804	523281600	27.6
17804	525960000	24.3
17804	528552000	17.7
17804	531230400	12
17804	533822400	8.6
17804	536500800	7.5
17804	539179200	9.8
17804	541598400	10.8
17804	544276800	17.2
17804	546868800	21.9
17804	549547200	24.2
17804	552139200	27
17804	554817600	27.9
17804	557496000	23.5
17804	560088000	18.4
17804	562766400	13.2
17804	565358400	8.4
17804	568036800	5.3
17804	570715200	5.5
17804	573220800	9.4
17804	575899200	17.9
17804	578491200	21.9
17804	581169600	25.4
17804	583761600	28.5
17804	586440000	27
17804	589118400	22.8
17804	591710400	18.7
17804	594388800	14.1
17804	596980800	9
17804	599659200	3.8
17804	602337600	4.4
17804	604756800	9.9
17804	607435200	16.8
17804	610027200	21.7
17804	612705600	24.6
17804	615297600	27.2
17804	617976000	27.5
17804	620654400	23.4
17804	623246400	18.8
17804	625924800	12.1
17804	628516800	8.1
17804	631195200	5.1
17804	633873600	5
17804	636292800	12
17804	638971200	16.4
17804	641563200	21.6
17804	644241600	25.5
17804	646833600	27.9
17804	649512000	28.3
17804	652190400	25.4
17804	654782400	17.8
17804	657460800	15
17804	660052800	7.8
17804	662731200	4.6
17804	665409600	8
17804	667828800	10.4
17804	670507200	15.5
17804	673099200	21.3
17804	675777600	25.6
17804	678369600	27.6
17804	681048000	27.3
17804	683726400	24.1
17804	686318400	17.9
17804	688996800	12.6
17804	691588800	7.4
17804	694267200	7
17804	696945600	7.3
17804	699451200	8.7
17804	702129600	18.8
17804	704721600	21.3
17804	707400000	24.4
17804	709992000	26.8
17804	712670400	28.2
17804	715348800	24.2
17804	717940800	17.8
17804	720619200	14
17804	723211200	9.1
17804	725889600	4.1
17804	728568000	9.1
17804	730987200	11.1
17804	733665600	17.6
17804	736257600	20.4
17804	738936000	25.7
17804	741528000	26.2
17804	744206400	26.2
17804	746884800	24.2
17804	749476800	17.6
17804	752155200	12.2
17804	754747200	7.1
17804	757425600	6.2
17804	760104000	6.8
17804	762523200	10.5
17804	765201600	18.3
17804	767793600	23.9
17804	770472000	24.8
17804	773064000	27.6
17804	775742400	27.9
17804	778420800	22.7
17804	781012800	16.7
17804	783691200	14
17804	786283200	8.6
17804	788961600	4.4
17804	791640000	7.8
17804	794059200	11.9
17804	796737600	16.9
17804	799329600	22.5
17804	802008000	25.1
17804	804600000	28.2
17804	807278400	28.2
17804	809956800	24.9
17804	812548800	18.8
17804	815227200	13.2
17804	817819200	7.4
17804	820497600	5
17804	823176000	7
17804	825681600	9.7
17804	828360000	15.9
17804	830952000	21.5
17804	833630400	25.3
17804	836222400	27.4
17804	838900800	27.5
17804	841579200	24.6
17804	844171200	19.1
17804	846849600	12.1
17804	849441600	9.4
17804	852120000	6.5
17804	854798400	7.1
17804	857217600	12.6
17804	859896000	16.6
17804	862488000	23.2
17804	865166400	24.7
17804	867758400	26.8
17804	870436800	28.6
17804	873115200	21.7
17804	875707200	18.3
17804	878385600	12.8
17804	880977600	7.1
17804	883656000	4.4
17804	886334400	8.4
17804	888753600	10.6
17804	891432000	21.4
17804	894024000	22.3
17804	896702400	25.2
17804	899294400	28.3
17804	901972800	28.6
17804	904651200	24.9
17804	907243200	20.2
17804	909921600	15.6
17804	912513600	9.4
17804	915192000	7.5
17804	917870400	11
17804	920289600	11.5
17804	922968000	18.4
17804	925560000	22.1
17804	928238400	25.4
17804	930830400	26.6
17804	933508800	26.8
17804	936187200	25
17804	938779200	19.4
17804	941457600	13.6
17804	944049600	9.2
17804	946728000	5
17804	949406400	5.9
17804	951912000	12.8
17804	954590400	17.4
17804	957182400	22.5
17804	959860800	24.9
17804	962452800	28.5
17804	965131200	27.2
17804	967809600	23.3
17804	970401600	18.3
17804	973080000	11.2
17804	975672000	8.5
17804	978350400	5.9
17804	981028800	8
17804	983448000	14
17804	986126400	16.7
17804	988718400	22.2
17804	991396800	25.2
17804	993988800	29
17804	996667200	27.1
17804	999345600	25.2
17804	1001937600	19.2
17804	1004616000	14
17804	1007208000	5.7
17804	1009886400	9.4
17804	1012564800	9.5
17804	1014984000	14
17804	1017662400	17.7
17804	1020254400	20.5
17804	1022932800	26.6
17804	1025524800	27.6
17804	1028203200	26
17804	1030881600	23.2
17804	1033473600	18.5
17804	1036152000	13.9
17804	1038744000	6.5
17804	1041422400	6.3
17804	1044100800	8.9
17804	1046520000	11.2
17804	1049198400	17.1
17804	1051790400	21.2
17804	1054468800	25.5
17804	1057060800	28.7
17804	1059739200	28.7
17804	1062417600	25
17804	1065009600	18.7
17804	1067688000	13
17804	1070280000	7.4
17804	1072958400	5.5
17804	1075636800	10.9
17804	1078142400	12.5
17804	1080820800	19.9
17804	1083412800	22.4
17804	1086091200	25.3
17804	1088683200	27.2
17804	1091361600	26.6
17804	1094040000	24.4
17804	1096632000	18.1
17804	1099310400	14.1
17804	1101902400	8.1
17804	1104580800	3.6
17804	1107259200	4.3
17804	1109678400	10.9
17804	1112356800	20.2
17804	1114948800	22.6
17804	1117627200	26.8
17804	1120219200	28.7
17804	1122897600	26.7
17804	1125576000	25.6
17804	1128168000	18.7
17804	1130846400	15
17804	1133438400	7.5
17804	1136116800	5.9
17804	1138795200	6.6
17804	1141214400	13
17804	1143892800	20.3
17804	1146484800	23.1
17804	1149163200	25.4
17804	1151755200	28.6
17804	1154433600	28.3
17804	1157112000	24.8
17804	1159704000	21.1
17804	1162382400	14.4
17804	1164974400	8
17804	1167652800	5.1
17804	1170331200	12.3
17804	1172750400	12.3
17804	1175428800	17
17804	1178020800	24.3
17804	1180699200	25.7
17804	1183291200	28.3
17804	1185969600	28.4
17804	1188648000	23
17804	1191240000	19
17804	1193918400	14.1
17804	1196510400	8.2
17804	1199188800	2.8
17804	1201867200	5.9
17804	1204372800	14.1
17804	1207051200	18.6
17804	1209643200	23.3
17804	1212321600	25.9
17804	1214913600	28
17804	1217592000	27
17804	1220270400	25
17804	1222862400	19.9
17804	1225540800	13.3
17804	1228132800	9.5
17804	1230811200	5.5
17804	1233489600	10.9
17804	1235908800	13.2
17804	1238587200	17.5
17804	1241179200	21.4
17804	1243857600	26.7
17804	1246449600	27.3
17804	1249128000	28.6
17804	1251806400	26
17804	1254398400	20.5
17804	1257076800	11
17804	1259668800	7.1
17804	1262347200	7.6
17804	1265025600	8.8
17804	1267444800	12
17804	1270123200	15.4
17804	1272715200	20.9
17804	1275393600	24.1
17804	1277985600	29.1
17804	1280664000	28.9
17804	1283342400	24.4
17804	1285934400	17.5
17804	1288612800	13.8
17804	1291204800	8.5
17804	1293883200	2.1
17804	1296561600	9.3
17804	1298980800	10.4
17804	1301659200	17.9
17804	1304251200	22.2
17804	1306929600	25.3
17804	1309521600	28.6
17804	1312200000	27.9
17804	1314878400	24.6
17804	1317470400	18.4
17804	1320148800	16.5
17804	1322740800	7.2
17804	1325419200	4
17804	1328097600	5
17804	1330603200	10.5
17804	1333281600	19
17804	1335873600	22.3
17804	1338552000	25.6
17804	1341144000	28.5
17804	1343822400	28.2
17804	1346500800	23.2
17804	1349092800	18.2
17804	1351771200	11.6
17804	1354363200	5.9
17804	1357041600	5.4
17804	1359720000	7.4
17804	1362139200	13.6
17804	1364817600	16.2
17804	1367409600	21.8
17804	1370088000	26
17804	1372680000	29.6
17804	1375358400	28.6
17804	1378036800	22.5
17804	1380628800	17.7
17804	1383307200	13.8
17804	1385899200	7.4
17804	1388577600	7.8
17804	1391256000	5.6
17804	1393675200	12.5
17804	1396353600	17.3
17804	1398945600	20.4
17804	1401624000	24
17804	1404216000	26.9
17804	1406894400	25.8
17804	1409572800	24
17804	1412164800	19.6
17804	1414843200	12.9
17804	1417435200	7.4
17804	1420113600	7.7
17804	1422792000	8.5
17804	1425211200	12.1
17804	1427889600	17.7
17804	1430481600	22
17805	-757339200	9.8
17805	-754660800	12.5
17805	-752241600	13.2
17805	-749563200	21.8
17805	-746971200	23.4
17805	-744292800	25.2
17805	-741700800	28.2
17805	-739022400	29.4
17805	-736344000	26
17805	-733752000	20.4
17805	-731073600	14.8
17806	838900800	28.6
17806	841579200	23.6
17806	844171200	18.2
17806	846849600	12.7
17806	849441600	8.5
17806	852120000	8.7
17806	854798400	9.1
17806	857217600	15.2
17806	859896000	18.3
17806	862488000	23.1
17806	865166400	23.4
17806	867758400	26.8
17806	870436800	29.5
17806	873115200	22.8
17806	875707200	18
17806	878385600	12.9
17806	880977600	7.6
17806	883656000	7.6
17806	886334400	10.1
17806	888753600	13.3
17806	891432000	23.3
17806	894024000	22.9
17806	896702400	24.3
17806	899294400	27.5
17806	901972800	26.3
17806	904651200	23.8
17806	907243200	19.7
17806	909921600	16.4
17806	912513600	9.8
17806	915192000	8.4
17806	917870400	11.9
17806	920289600	13.8
17806	922968000	19.3
17806	925560000	21.1
17806	928238400	24.5
17806	930830400	26.2
17806	933508800	26.5
17806	936187200	25
17806	938779200	18.1
17806	941457600	14.3
17806	944049600	8.6
17806	946728000	7.5
17806	949406400	8.6
17806	951912000	14
17806	954590400	18
17806	957182400	23.9
17806	959860800	24.8
17806	962452800	27.3
17806	965131200	25.8
17806	967809600	22.7
17806	970401600	19
17806	973080000	12.6
17806	975672000	9.6
17806	978350400	8.4
17806	981028800	11.3
17806	983448000	16.8
17806	986126400	18.2
17806	988718400	22.6
17806	991396800	23.5
17806	993988800	29.1
17806	996667200	26.2
17806	999345600	22.8
17806	1001937600	19.5
17806	1004616000	14.7
17806	1007208000	8.3
17806	1009886400	7.8
17806	1012564800	11.7
17806	1014984000	15.8
17806	1017662400	19.4
17806	1020254400	21.2
17806	1022932800	24.9
17806	1025524800	27.2
17806	1028203200	26.1
17806	1030881600	24.5
17806	1033473600	19.9
17806	1036152000	14.6
17806	1038744000	9.1
17806	1041422400	7.9
17806	1044100800	12.3
17806	1046520000	14.3
17806	1049198400	19.4
17806	1051790400	22.6
17806	1054468800	23.5
17806	1057060800	27.2
17806	1059739200	28
17806	1062417600	23.1
17806	1065009600	17.1
17806	1067688000	14
17806	1070280000	9.1
17806	1072958400	8.3
17806	1075636800	9.7
17806	1078142400	12.3
17806	1080820800	19.5
17806	1083412800	22
17806	1086091200	23.4
17806	1088683200	27.6
17806	1091361600	27.6
17806	1094040000	23
17806	1096632000	17
17806	1099310400	14
17806	1101902400	9.6
17806	1104580800	7.5
17806	1107259200	9.1
17806	1109678400	13.9
17806	1112356800	20.5
17806	1114948800	22.9
17806	1117627200	26.3
17806	1120219200	28.3
17806	1122897600	25.3
17806	1125576000	25.3
17806	1128168000	17.7
17806	1130846400	14.4
17806	1133438400	8.4
17806	1136116800	7.2
17806	1138795200	8.8
17806	1141214400	14.2
17806	1143892800	20.4
17806	1146484800	23.1
17806	1149163200	25.2
17806	1151755200	29.9
17806	1154433600	30.7
17806	1157112000	23.6
17806	1159704000	20.2
17806	1162382400	15.4
17806	1164974400	9.4
17806	1167652800	7.6
17806	1170331200	13.8
17806	1172750400	15.2
17806	1175428800	18.7
17806	1178020800	24.6
17806	1180699200	24.7
17806	1183291200	26.9
17806	1185969600	28.8
17806	1188648000	23.5
17806	1191240000	18.2
17806	1193918400	14.4
17806	1196510400	10
17806	1199188800	5.9
17806	1201867200	7.1
17806	1204372800	15.9
17806	1207051200	19.2
17806	1209643200	23.4
17806	1212321600	25.7
17806	1214913600	27.8
17806	1217592000	25.7
17806	1220270400	25
17806	1222862400	19.7
17806	1225540800	14
17806	1228132800	9.5
17806	1230811200	7.7
17806	1233489600	13.8
17806	1235908800	14.9
17806	1238587200	19.4
17806	1241179200	21.7
17806	1243857600	25
17806	1246449600	27.3
17806	1249128000	27.4
17806	1251806400	25.5
17806	1254398400	19.2
17806	1257076800	12.8
17806	1259668800	9.8
17806	1262347200	9.5
17806	1265025600	10.6
17806	1267444800	14.6
17806	1270123200	16.8
17806	1272715200	22
17806	1275393600	23.2
17806	1277985600	28.2
17806	1280664000	27.8
17806	1283342400	24.6
17806	1285934400	18.6
17806	1288612800	14.8
17806	1291204800	9.1
17806	1293883200	4.4
17806	1296561600	10.4
17806	1298980800	11.9
17806	1301659200	19.7
17806	1304251200	23.4
17806	1306929600	26.2
17806	1309521600	27.7
17806	1312200000	30.1
17806	1314878400	23.7
17806	1317470400	18.7
17806	1320148800	16.3
17806	1322740800	8.2
17806	1325419200	6.5
17806	1328097600	8.4
17806	1330603200	14.2
17806	1333281600	20.2
17806	1335873600	22.8
17806	1338552000	23.6
17806	1341144000	26.8
17806	1343822400	28.4
17806	1346500800	22.4
17806	1349092800	18.2
17806	1351771200	12.8
17806	1354363200	9
17807	-725803200	9.8
17807	-723124800	10.2
17807	-720705600	15.1
17807	-718027200	19.4
17807	-715435200	23.7
17807	-712756800	24.7
17807	-710164800	28.1
17808	-702216000	17.2
17808	-699537600	16.6
17809	-694267200	8.9
17809	-691588800	10.6
17809	-689083200	14.1
17809	-686404800	20
17809	-683812800	19.8
17809	-681134400	24.3
17809	-678542400	26.3
17809	-675864000	27.6
17809	-673185600	25.5
17809	-670593600	19.7
17809	-667915200	14.8
17809	-665323200	11.3
17809	-662644800	7.2
17809	-659966400	10.1
17809	-657547200	12.3
17809	-654868800	17.4
17809	-652276800	23.8
17809	-649598400	24.4
17809	-647006400	30.5
17809	-644328000	28.7
17809	-641649600	27.3
17809	-639057600	19.4
17809	-636379200	13.6
17809	-633787200	9.6
17809	-631108800	10
17809	-628430400	7.8
17809	-626011200	14.3
17809	-623332800	18.6
17809	-620740800	22.6
17809	-618062400	24.2
17809	-615470400	29.1
17809	-612792000	27.9
17809	-610113600	22.2
17809	-607521600	18.3
17809	-604843200	13.6
17809	-602251200	7.8
17809	-599572800	7.4
17809	-596894400	9.5
17809	-594475200	11.8
17809	-591796800	15.9
17809	-589204800	24
17809	-586526400	26.7
17809	-583934400	28.8
17809	-581256000	29.7
17809	-578577600	24.9
17809	-575985600	20.6
17809	-573307200	13.7
17809	-570715200	10.7
17809	-568036800	8.8
17809	-565358400	10
17809	-562852800	14.6
17809	-560174400	20.7
17809	-557582400	23.3
17809	-554904000	26.9
17809	-552312000	29.6
17809	-549633600	25.5
17809	-546955200	24
17809	-544363200	17.4
17809	-541684800	15.4
17809	-539092800	8
17809	-536414400	8
17809	-533736000	10.5
17809	-531316800	14.4
17809	-528638400	17.6
17809	-526046400	22.9
17809	-523368000	26.9
17809	-520776000	28.8
17809	-518097600	31.5
17809	-515419200	23.8
17809	-512827200	18.5
17809	-510148800	14.2
17809	-507556800	10.6
17809	-504878400	9.2
17809	-502200000	11.4
17809	-499780800	13.1
17809	-497102400	19
17809	-494510400	22.3
17809	-491832000	26.4
17809	-489240000	28.5
17809	-486561600	28.5
17809	-483883200	24.9
17809	-481291200	17.8
17809	-478612800	16.3
17809	-476020800	7
17809	-473342400	6.3
17809	-470664000	11.3
17809	-468244800	14.5
17809	-465566400	18.6
17809	-462974400	22.5
17809	-460296000	24.7
17809	-457704000	28.5
17809	-455025600	29.1
17809	-452347200	25.6
17809	-449755200	19.3
17809	-447076800	14.3
17809	-444484800	12
17809	-441806400	6.3
17809	-439128000	10.7
17809	-436622400	14.6
17809	-433944000	21.3
17809	-431352000	21.9
17809	-428673600	27.9
17809	-426081600	28.3
17809	-423403200	27.3
17809	-420724800	24.3
17809	-418132800	19.2
17809	-415454400	13.2
17809	-412862400	9.2
17809	-410184000	8.6
17809	-407505600	7.5
17809	-405086400	14.8
17809	-402408000	19.5
17809	-399816000	21
17809	-397137600	25.2
17809	-394545600	28.5
17809	-391867200	28
17809	-389188800	22.6
17809	-386596800	17.7
17809	-383918400	16.1
17809	-381326400	10.9
17809	-378648000	7.2
17809	-375969600	9.8
17809	-373550400	17.3
17809	-370872000	21.3
17809	-368280000	22.1
17809	-365601600	25.7
17809	-363009600	29.6
17809	-360331200	28.1
17809	-357652800	25.2
17809	-355060800	17.9
17809	-352382400	14.1
17809	-349790400	10.7
17809	-347112000	7.6
17809	-344433600	9.7
17809	-342014400	14.9
17809	-339336000	20.7
17809	-336744000	20.6
17809	-334065600	25
17809	-331473600	31.4
17809	-328795200	30.8
17809	-326116800	25
17809	-323524800	20.4
17809	-320846400	14.2
17809	-318254400	9.6
17809	-315576000	8.5
17809	-312897600	11.9
17809	-310392000	16.4
17809	-307713600	17.8
17809	-305121600	22
17809	-302443200	25.4
17809	-299851200	29
17809	-297172800	29.1
17809	-294494400	25.9
17809	-291902400	17.9
17809	-289224000	13.8
17809	-286632000	9.6
17809	-283953600	7.6
17809	-281275200	8.9
17809	-278856000	13.6
17809	-276177600	19.5
17809	-273585600	22.6
17809	-270907200	28.8
17809	-268315200	29.7
17809	-265636800	30.3
17809	-262958400	25.3
17809	-260366400	18.8
17809	-257688000	14.4
17809	-255096000	10
17809	-252417600	6.6
17809	-249739200	11.5
17809	-247320000	14.9
17809	-244641600	18.4
17809	-242049600	21.5
17809	-239371200	26
17809	-236779200	29.8
17809	-234100800	28.2
17809	-231422400	25.6
17809	-228830400	18.7
17809	-226152000	13.6
17809	-223560000	9.3
17809	-220881600	8.3
17809	-218203200	9.7
17809	-215784000	15.8
17809	-213105600	20.3
17809	-210513600	24.1
17809	-207835200	25.6
17809	-205243200	28.3
17809	-202564800	29.6
17809	-199886400	26.6
17809	-197294400	18.8
17809	-194616000	15.4
17809	-192024000	10.5
17809	-189345600	8
17809	-186667200	6.5
17809	-184161600	14.8
17809	-181483200	22.2
17809	-178891200	22.9
17809	-176212800	23.9
17809	-173620800	30.7
17809	-170942400	29.3
17809	-168264000	24.2
17809	-165672000	19
17809	-162993600	13.9
17809	-160401600	9.1
17809	-157723200	9.5
17809	-155044800	10.8
17809	-152625600	14
17809	-149947200	19.7
17809	-147355200	23
17809	-144676800	23.7
17809	-142084800	29
17809	-139406400	27.5
17809	-136728000	22.8
17809	-134136000	20.1
17809	-131457600	15.2
17809	-128865600	8.7
17809	-126187200	9.1
17809	-123508800	11.7
17809	-121089600	16.4
17809	-118411200	19.8
17809	-115819200	22.4
17809	-113140800	26
17809	-110548800	28.9
17809	-107870400	29.2
17809	-105192000	23.8
17809	-102600000	18.6
17809	-99921600	12.9
17809	-97329600	8.5
17809	-94651200	6.8
17809	-91972800	7.9
17809	-89553600	13.7
17809	-86875200	18.3
17809	-84283200	23.6
17809	-81604800	25.1
17809	-79012800	28.8
17809	-76334400	31.4
17809	-73656000	24.7
17809	-71064000	18.3
17809	-68385600	12.7
17809	-65793600	8.4
17809	-63115200	8.1
17809	-60436800	6.8
17809	-57931200	13.3
17809	-55252800	17
17809	-52660800	21.9
17809	-49982400	24.7
17809	-47390400	28.2
17809	-44712000	27.6
17809	-42033600	23.4
17809	-39441600	18.5
17809	-36763200	15.2
17809	-34171200	11.8
17809	-31492800	7.3
17809	-28814400	9.2
17809	-26395200	15.7
17809	-23716800	20.5
17809	-21124800	25.3
17809	-18446400	24.5
17809	-15854400	29.1
17809	-13176000	28.9
17809	-10497600	25
17809	-7905600	20.5
17809	-5227200	12.5
17809	-2635200	9
17809	43200	7.1
17809	2721600	10.9
17809	5140800	11
17809	7819200	17.8
17809	10411200	23.5
17809	13089600	24.3
17809	15681600	28.7
17809	18360000	30.7
17809	21038400	23.7
17809	23630400	18.3
17809	26308800	13.9
17809	28900800	10.6
17809	31579200	7.8
17809	34257600	9.9
17809	36676800	15.9
17809	39355200	19
17809	41947200	22.2
17809	44625600	25.5
17809	47217600	30.9
17809	49896000	30.3
17809	52574400	22.8
17809	55166400	18.1
17809	57844800	14.3
17809	60436800	10.4
17809	63115200	8.7
17809	65793600	7.7
17809	68299200	16.1
17809	70977600	17.2
17809	73569600	23.2
17809	76248000	26.3
17809	78840000	29.5
17809	81518400	30.9
17809	84196800	21.6
17809	86788800	18.1
17809	89467200	14.6
17809	92059200	9.7
17809	94737600	7.8
17809	97416000	12.3
17809	99835200	16.1
17809	102513600	20.4
17809	105105600	22.5
17809	107784000	25.2
17809	110376000	28.6
17809	113054400	30.2
17809	115732800	24
17809	118324800	19
17809	121003200	14.9
17809	123595200	10.5
17809	126273600	7.5
17809	128952000	8.5
17809	131371200	12.9
17809	134049600	20.5
17809	136641600	23
17809	139320000	25.3
17809	141912000	28.9
17809	144590400	26.2
17809	147268800	23.8
17809	149860800	18.4
17809	152539200	15.2
17809	155131200	8.2
17809	157809600	8.4
17809	160488000	10.5
17809	162907200	15.9
17809	165585600	18.8
17809	168177600	21.6
17809	170856000	25.3
17809	173448000	29.3
17809	176126400	30.3
17809	178804800	27.9
17809	181396800	20
17809	184075200	12.3
17809	186667200	6.9
17809	189345600	7.6
17809	192024000	11.1
17809	194529600	12.1
17809	197208000	18.5
17809	199800000	21.7
17809	202478400	25
17809	205070400	27.2
17809	207748800	31.1
17809	210427200	23.5
17809	213019200	20
17809	215697600	11.9
17809	218289600	8.7
17809	220968000	5.4
17809	223646400	8
17809	226065600	14.2
17809	228744000	18.8
17809	231336000	21.7
17809	234014400	25.1
17809	236606400	29.5
17809	239284800	28.5
17809	241963200	26.1
17809	244555200	20.1
17809	247233600	14
17809	249825600	11.1
17809	252504000	8
17809	255182400	10.2
17809	257601600	14.9
17809	260280000	19.5
17809	262872000	23
17809	265550400	26
17809	268142400	30
17809	270820800	30.7
17809	273499200	25.7
17809	276091200	20.2
17809	278769600	13.7
17809	281361600	10.4
17809	284040000	8.6
17809	286718400	12.5
17809	289137600	14.4
17809	291816000	19.8
17809	294408000	20.5
17809	297086400	25.6
17809	299678400	29.1
17809	302356800	28.9
17809	305035200	22.3
17809	307627200	20.6
17809	310305600	14.3
17809	312897600	11.2
17809	315576000	8.6
17809	318254400	8.2
17809	320760000	14.2
17809	323438400	19.1
17809	326030400	23.4
17809	328708800	26.4
17809	331300800	28.1
17809	333979200	26.2
17809	336657600	22.6
17809	339249600	19.3
17809	341928000	16.4
17809	344520000	10.9
17809	347198400	8.2
17809	349876800	11
17809	352296000	15.7
17809	354974400	19.1
17809	357566400	21.7
17809	360244800	26.3
17809	362836800	29.5
17809	365515200	29.6
17809	368193600	24
17809	370785600	16.2
17809	373464000	13.1
17809	376056000	8.3
17809	378734400	9.1
17809	381412800	9.2
17809	383832000	14.2
17809	386510400	16.9
17809	389102400	23.8
17809	391780800	23.8
17809	394372800	27
17809	397051200	28.9
17809	399729600	22.8
17809	402321600	20.1
17809	4.05e+08	14.2
17809	407592000	8
17809	410270400	7.4
17809	412948800	9.9
17809	415368000	12.5
17809	418046400	18.8
17809	420638400	23.6
17809	423316800	25.1
17809	425908800	27.6
17809	428587200	28
17809	431265600	24.4
17809	433857600	19.3
17809	436536000	15.6
17809	439128000	10.2
17809	441806400	5.9
17809	444484800	7.9
17809	446990400	14.3
17809	449668800	19.6
17809	452260800	22.2
17809	454939200	26.9
17809	457531200	28.4
17809	460209600	28.3
17809	462888000	23.6
17809	465480000	18.6
17809	468158400	15.6
17809	470750400	8.1
17809	473428800	7.8
17809	476107200	9.7
17809	478526400	10.9
17809	481204800	19
17809	483796800	24.8
17809	486475200	24.4
17809	489067200	28
17809	491745600	30.5
17809	494424000	23.7
17809	497016000	19.3
17809	499694400	13.9
17809	502286400	8.6
17809	504964800	9.1
17809	507643200	8.9
17809	510062400	13.9
17809	512740800	18.1
17809	515332800	23.2
17809	518011200	26
17809	520603200	28.1
17809	523281600	27.9
17809	525960000	23
17809	528552000	18.3
17809	531230400	12.7
17809	533822400	10.2
17809	536500800	10.5
17809	539179200	12.7
17809	541598400	15.9
17809	544276800	18.6
17809	546868800	23.5
17809	549547200	25.1
17809	552139200	27.1
17809	554817600	28.5
17809	557496000	24.1
17809	560088000	20
17809	562766400	14.5
17809	565358400	9.4
17809	568036800	8.7
17809	570715200	9
17809	573220800	11.2
17809	575899200	18.6
17809	578491200	23.6
17809	581169600	26.5
17809	583761600	29.4
17809	586440000	28.1
17809	589118400	22.4
17809	591710400	18
17809	594388800	14.5
17809	596980800	10.5
17809	599659200	7.6
17809	602337600	7.7
17809	604756800	13.3
17809	607435200	17.7
17809	610027200	22.6
17809	612705600	25.1
17809	615297600	28.6
17809	617976000	28.6
17809	620654400	25.1
17809	623246400	19.4
17809	625924800	13.6
17809	628516800	9.3
17809	631195200	9
17809	633873600	9.4
17809	636292800	15.6
17809	638971200	18.5
17809	641563200	22.9
17809	644241600	25.7
17809	646833600	29.3
17809	649512000	30.8
17809	652190400	25.6
17809	654782400	17.9
17809	657460800	15.9
17809	660052800	10
17809	662731200	8.9
17809	665409600	10.4
17809	667828800	15.5
17809	670507200	18.1
17809	673099200	22
17809	675777600	27
17809	678369600	28.3
17809	681048000	27.6
17809	683726400	24.2
17809	686318400	18.6
17809	688996800	13.8
17809	691588800	9.8
17809	694267200	7.5
17809	696945600	9.4
17809	699451200	12.6
17809	702129600	19.8
17809	704721600	22.3
17809	707400000	25.5
17809	709992000	28.4
17809	712670400	29.9
17809	715348800	25.1
17809	717940800	17.8
17809	720619200	14
17809	723211200	10
17809	725889600	7.1
17809	728568000	11.8
17809	730987200	14.4
17809	733665600	19.5
17809	736257600	22.4
17809	738936000	26.2
17809	741528000	27.7
17809	744206400	25.7
17809	746884800	23.9
17809	749476800	18.6
17809	752155200	15
17809	754747200	8.4
17809	757425600	7.7
17809	760104000	10.9
17809	762523200	12.3
17809	765201600	19.9
17809	767793600	24.7
17809	770472000	25.8
17809	773064000	29.3
17809	775742400	31.2
17809	778420800	22.4
17809	781012800	17.8
17809	783691200	16.2
17809	786283200	10.8
17809	788961600	7.9
17809	791640000	9.5
17809	794059200	13.4
17809	796737600	18.5
17809	799329600	23.8
17809	802008000	26.2
17809	804600000	28.7
17809	807278400	29.4
17809	809956800	25.5
17809	812548800	19
17809	815227200	14.2
17809	817819200	9.5
17809	820497600	6.8
17809	823176000	8.9
17809	825681600	12.9
17809	828360000	17
17809	830952000	21.1
17809	833630400	26.2
17809	836222400	28.4
17809	838900800	30.5
17809	841579200	24.9
17809	844171200	18.8
17809	846849600	13.6
17809	849441600	9.4
17809	852120000	9.2
17809	854798400	9.8
17809	857217600	15.3
17809	859896000	18.5
17809	862488000	23.9
17809	865166400	24.8
17809	867758400	28.6
17809	870436800	31.4
17809	873115200	24.4
17809	875707200	18.4
17809	878385600	13.8
17809	880977600	8.6
17809	883656000	8.1
17809	886334400	10.4
17809	888753600	13.7
17809	891432000	23.6
17809	894024000	23.9
17809	896702400	25.3
17809	899294400	28.8
17809	901972800	27.6
17809	904651200	24.9
17809	907243200	21
17809	909921600	16.6
17809	912513600	10.6
17809	915192000	9
17809	917870400	11.9
17809	920289600	14.3
17809	922968000	19.5
17809	925560000	22.3
17809	928238400	25.8
17809	930830400	27.8
17809	933508800	28.3
17809	936187200	26.6
17809	938779200	19.3
17809	941457600	14.9
17809	944049600	8.8
17809	946728000	8
17809	949406400	9.5
17809	951912000	14.6
17809	954590400	18.5
17809	957182400	24.3
17809	959860800	25.7
17809	962452800	28.9
17809	965131200	27.3
17809	967809600	23.7
17809	970401600	20.1
17809	973080000	13.4
17809	975672000	10
17809	978350400	8.5
17809	981028800	11.6
17809	983448000	16.7
17809	986126400	18.4
17809	988718400	23.2
17809	991396800	24.6
17809	993988800	31.1
17809	996667200	27.7
17809	999345600	25
17809	1001937600	19.9
17809	1004616000	15.5
17809	1007208000	9
17809	1009886400	8.3
17809	1012564800	12
17809	1014984000	16.7
17809	1017662400	19.8
17809	1020254400	21.5
17809	1022932800	26.2
17809	1025524800	29.2
17809	1028203200	27.3
17809	1030881600	25.7
17809	1033473600	20.5
17809	1036152000	15.4
17809	1038744000	9.8
17809	1041422400	8.8
17809	1044100800	13.2
17809	1046520000	15.1
17809	1049198400	20.4
17809	1051790400	23.5
17809	1054468800	25.4
17809	1057060800	28.9
17809	1059739200	30.2
17809	1062417600	25.1
17809	1065009600	18.3
17809	1067688000	15
17809	1070280000	9.7
17809	1072958400	8.9
17809	1075636800	11.2
17809	1078142400	14.8
17809	1080820800	21.8
17809	1083412800	22.7
17809	1086091200	24.8
17809	1088683200	29.1
17809	1091361600	29.1
17809	1094040000	24
17809	1096632000	17.1
17809	1099310400	14.1
17809	1101902400	9.9
17809	1104580800	7.9
17809	1107259200	9.9
17809	1109678400	14.2
17809	1112356800	20.9
17809	1114948800	23.3
17809	1117627200	27.4
17809	1120219200	30.1
17809	1122897600	26.5
17809	1125576000	27
17809	1128168000	18.2
17809	1130846400	14.9
17809	1133438400	9
17809	1136116800	8
17809	1138795200	9.3
17809	1141214400	14
17809	1143892800	20
17809	1146484800	23.7
17809	1149163200	26
17809	1151755200	31.5
17809	1154433600	32.8
17809	1157112000	25.5
17809	1159704000	21.2
17809	1162382400	15.1
17809	1164974400	9.7
17809	1167652800	8.3
17809	1170331200	13.4
17809	1172750400	15.7
17809	1175428800	18.9
17809	1178020800	25.5
17809	1180699200	25
17809	1183291200	27.8
17809	1185969600	30.5
17809	1188648000	24.8
17809	1191240000	19.7
17809	1193918400	14.8
17809	1196510400	10.6
17809	1199188800	6.4
17809	1201867200	7.8
17809	1204372800	16.3
17809	1207051200	19.7
17809	1209643200	24.4
17809	1212321600	26.6
17809	1214913600	29.9
17809	1217592000	27
17809	1220270400	26.5
17809	1222862400	20.2
17809	1225540800	14.8
17809	1228132800	9.8
17809	1230811200	8.1
17809	1233489600	13.5
17809	1235908800	15.3
17809	1238587200	19.5
17809	1241179200	22.5
17809	1243857600	26.2
17809	1246449600	29.4
17809	1249128000	29.2
17809	1251806400	27.7
17809	1254398400	20.1
17809	1257076800	13.5
17809	1259668800	10.3
17809	1262347200	9.7
17809	1265025600	11.4
17809	1267444800	15.4
17809	1270123200	17.4
17809	1272715200	22.6
17809	1275393600	24.8
17809	1277985600	30.1
17809	1280664000	29.5
17809	1283342400	25.7
17809	1285934400	19.3
17809	1288612800	15.3
17809	1291204800	9.4
17809	1293883200	5.5
17809	1296561600	11
17809	1298980800	12.9
17809	1301659200	19.9
17809	1304251200	24.5
17809	1306929600	27.3
17809	1309521600	29.8
17809	1312200000	31.5
17809	1314878400	25.2
17809	1317470400	19.2
17809	1320148800	16.9
17809	1322740800	9
17809	1325419200	7.4
17809	1328097600	9.1
17809	1330603200	14.5
17809	1333281600	20.7
17809	1335873600	23.1
17809	1338552000	25.3
17809	1341144000	29.3
17809	1343822400	30.4
17809	1346500800	24
17809	1349092800	18.8
17809	1351771200	13.9
17809	1354363200	9.7
17809	1357041600	8.3
17809	1359720000	11.9
17809	1362139200	17.9
17809	1364817600	20.3
17809	1367409600	22.5
17809	1370088000	27.9
17809	1372680000	31.5
17809	1375358400	30.5
17810	1380628800	19.7
17810	1383307200	14.7
17811	1388577600	8.5
17811	1391256000	9.2
17811	1393675200	14.5
17811	1396353600	19.7
17811	1398945600	21.2
17811	1401624000	24.1
17811	1404216000	29.7
17811	1406894400	27.5
17811	1409572800	24.7
17811	1412164800	20.4
17811	1414843200	14.1
17811	1417435200	9.1
17811	1420113600	9.9
17811	1422792000	11.8
17811	1425211200	16.5
17811	1427889600	20.8
17811	1430481600	23.1
